tree
version=v4
num_class=1
num_tree_per_iteration=1
label_index=0
max_feature_idx=74
objective=regression_l1
feature_names=language format_type alias_type alias_group row_index_in_wav row_ratio_in_wav is_head_row is_tail_row wav_duration_ms base_offset base_cons base_cutoff_abs base_pre base_ovl base_cons_gap base_cut_gap base_ovl_ratio curr_phone_start_ms curr_phone_end_ms curr_phone_len_ms curr_vowel_start_ms curr_vowel_end_ms curr_vowel_len_ms syllable_start_ms syllable_end_ms syllable_len_ms prev_phone_gap_ms next_phone_gap_ms expected_anchor_ms base_offset_to_expected_ms base_pre_to_expected_ms base_cutoff_to_next_anchor_ms energy_mean energy_min energy_max energy_slope_pre energy_slope_post valley_energy valley_dist_from_cutoff_ms db_mean db_min db_silence_ratio f0_voicing_mean f0_voicing_near_pre zcr_mean spectral_flux_mean onset_class voicing_class is_tense is_diphthong coda_type vowel_class mora_position bridge_type is_nasal_or_sonorant prev_alias_type next_alias_type prev_base_pre next_base_pre prev_base_offset next_base_offset prev_base_cutoff_abs next_base_cutoff_abs mapping_confidence used_alias_occurrence_mapping used_exact_vowel_fix used_nuclei_fallback used_alias_based_syllables words_vs_alias_score_margin jump_blocked_flag mapping_reason_code local_peak_db local_valley_db mel_window_energy_mean mel_window_silence_ratio
feature_infos=none none -1:0:1 -1:1:4:2:3:0 [0:15] [0:1] [0:1] [0:1] [4246.3492063492067:5999.4557823129253] [437.62:5055.7399999999998] [72.219999999999999:348.10000000000002] [659.04999999999995:5194.2600000000002] [44.810000000000002:259.43000000000001] [30.82:243.63999999999999] [5.8899999999999864:144.82999999999998] [0.0099999999999908998:87.190000000000026] [0.64979970482816785:0.99848366870210237] [510:5080] [540:5610] [26.670000000000076:3560] [510:5080] [540:5610] [26.670000000000076:3560] [510:5060] [540:5610] [26.670000000000076:3560] [0:1500] [0:2480] [510:5080] [-254.15999999999983:32.980000000000018] [-15.210000000000036:238.58999999999992] [-3956.1100000000006:3465.5999999999999] [0:1] [0:1] [0:1] [-0.95990983777865624:1] [-0.94436101442980125:0.94564252751621181] [0:1] [-32.843287981859248:269.56034013605449] [-57.01215422669997:0] [-84.736912362756186:0] none [0:1] [0:1] [0:0.52457757296466978] [0:0.17405711413325689] -1:1:3:2:0 -1:0:1:2 none none none -1:0:4:2:1:3:5:6 -1:1:2:0 -1:0:1 [0:1] -1:3:4:1:0:2 none [0:325.13] [0:325.13] [0:5020] [0:5047.9200000000001] [0:5209.0100000000002] [0:5382.9700000000003] [0.76018922866250027:1] none [0:1] none none [-25.415999999999983:2356.614] none none [-57.01215422669997:0] [-84.736912362756186:0] [0:1] none
tree_sizes=2609 2726 2714 2712 2724 2727 2694 2727 2703 2714 2720 2698 2710 2734 2721 2718 2745 2708 2730 2748 2749 2756 2726 2743 2740 2733 2759 2753 2760 2704 2718 2757 2725 2735 2744 2723 2743 2736 2747 2734 2774 2754 2744 2756 2747 2755 2729 2749 2762 2734 2757 2745 2745 2756

Tree=0
num_leaves=31
num_cat=0
split_feature=62 25 16 32 29 17 34 31 29 11 5 14 18 5 23 30 22 57 19 25 5 9 5 14 15 62 8 9 18 30
split_gain=336.345 159.517 182.534 68.2315 62.1857 47.4675 39.8324 37.6299 35.236 25.6019 33.3532 20.3669 22.1679 16.9181 18.1283 15.5779 15.0458 11.8803 9.52522 9.36771 7.23063 19.8753 6.28283 13.2475 19.631 5.83837 4.75579 4.71749 3.49143 0.669095
threshold=1804.1100000000004 864.99999999999989 0.85457202410498234 0.56075583563017728 -33.980000000000011 3105.0000000000005 0.94816321163152117 332.69 -35.020000000000202 2365.1600000000003 0.76388888888888895 9.0499999999999972 2645.0000000000005 0.095454545454545472 3595.0000000000005 70.260000000000005 314.99999999999994 94.890000000000015 705.00000000000011 1185.0000000000002 0.4494949494949495 1176.7550000000003 0.48333333333333339 7.4199999999999955 64.365000000000009 1536.6000000000001 5868.7981859410438 2558.1550000000002 2595.0000000000005 56.904999999999752
decision_type=2 2 2 2 2 2 2 2 2 2 2 2 2 2 2 2 2 2 2 2 2 2 2 2 2 2 2 2 2 2
left_child=3 2 4 -1 -2 20 7 8 26 -10 -11 12 -9 -5 25 -6 17 28 22 -7 21 -3 -18 -24 -25 29 -4 -28 -8 -15
right_child=1 5 6 13 15 19 16 11 9 10 -12 -13 -14 14 -16 -17 18 -19 -20 -21 -22 -23 23 24 -26 -27 27 -29 -30 -31
leaf_value=228.09130249023437 226.46580238342284 243.78980255126953 227.48055257797242 243.78980255126953 243.78980255126953 233.14865245819092 225.54557762145996 243.78980255126953 242.63780212402344 215.78980255126953 243.78980255126953 235.56405258178711 227.61820259094239 243.78980255126953 243.78980255126953 243.78980255126953 226.84370250701903 241.13430252075196 233.09540262222291 243.78980255126953 243.78980255126953 242.85282745361329 215.78980255126953 227.90260257720948 236.17380237579346 243.78980255126953 233.84797763824463 228.0265025138855 215.78980255126953 243.78980255126953
leaf_weight=65 49 49 92 42 112 42 40 52 66 72 40 44 43 105 56 49 200 53 44 40 88 40 98 61 50 43 40 46 43 248
leaf_count=65 49 49 92 42 112 42 40 52 66 72 40 44 43 105 56 49 200 53 44 40 88 40 98 61 50 43 40 46 43 248
internal_value=241.884 241.872 241.865 241.918 241.908 241.908 241.857 241.867 241.859 241.874 241.86 241.889 241.902 241.924 241.927 241.923 241.848 241.863 241.844 241.877 241.923 241.913 241.841 241.847 241.859 241.93 241.843 241.851 241.851 241.933
internal_weight=2112 1553 1294 559 210 259 1084 495 356 178 112 139 95 494 452 161 589 136 453 82 177 89 409 209 111 396 178 86 83 353
internal_count=2112 1553 1294 559 210 259 1084 495 356 178 112 139 95 494 452 161 589 136 453 82 177 89 409 209 111 396 178 86 83 353
is_linear=0
shrinkage=1


Tree=1
num_leaves=31
num_cat=0
split_feature=60 16 31 30 17 29 17 22 4 61 19 30 30 11 59 58 9 57 39 59 12 17 44 29 15 35 16 60 59 30
split_gain=326.202 122.895 162.862 61.654 56.6007 44.699 39.882 26.1584 27.339 88.9214 29.2221 23.4752 20.3689 43.6655 53.2175 21.9205 19.1073 18.3551 17.5896 16.1784 10.5131 4.13417 2.49657 2.44571 2.91956 2.22929 3.79597 3.25024 2.17143 1.3447
threshold=1252.9250000000002 0.85638305456878128 598.75000000000011 39.819999999999943 4115.0000000000009 -12.265000000000098 3105.0000000000005 45.000000000000007 8.5000000000000018 3321.3700000000003 645.00000000000011 70.260000000000005 35.159999999999975 2373.0450000000005 1416.4800000000002 85.095000000000013 1514.4100000000003 44.705000000000005 -15.259814330836106 806.50000000000011 93.700000000000017 1825.0000000000002 0.024112157574861601 -42.094999999999906 32.435000000000009 0.13376503506833889 0.88972194610930722 3051.4900000000002 2094.8250000000003 68.635000000000005
decision_type=2 2 2 2 2 2 2 2 2 2 2 2 2 2 2 2 2 2 2 2 2 2 2 2 2 2 2 2 2 2
left_child=4 3 5 -2 19 7 17 20 10 -10 12 28 25 14 16 -16 -14 -4 -11 -1 -3 -19 -15 24 -21 26 -9 -28 -5 -24
right_child=1 2 6 11 -6 -7 -8 8 9 18 -12 -13 13 22 15 -17 -18 21 -20 23 -22 -23 29 -25 -26 -27 27 -29 -30 -31
leaf_value=1.8105098724365236 -14.214015064239502 1.8105098724365236 1.7035747432708739 1.8105098724365236 -10.324415092468263 1.8105098724365236 -7.8730114316940307 -14.926897778511046 2.6048698711395262 -14.524132604598998 -0.13018975257873536 1.8105098724365236 -5.8271849727630611 -11.681747689247132 -0.72688980102539069 1.8105098724365236 -17.19426012992859 1.8105098724365236 -22.622565078735352 1.8105098724365236 -12.085873866081238 1.8105098724365236 -17.753502590656279 1.8105098724365236 1.8105098724365236 -13.916280145645141 -9.9945689249038701 -7.3633301758766185 1.8105098724365236 -24.789490127563479
leaf_weight=52 74 54 40 45 41 42 50 70 47 41 67 60 41 40 41 47 74 66 68 50 46 76 46 263 41 105 144 40 95 121
leaf_count=52 74 54 40 45 41 42 50 70 47 41 67 60 41 40 41 47 74 66 68 50 46 76 46 263 41 105 144 40 95 121
internal_value=-0.000167705 -0.0104878 -0.0166179 0.020073 0.0376957 -0.0244268 0.0215517 -0.0263736 -0.0288306 -0.00961538 -0.0324163 0.0345 -0.0351756 -0.027561 -0.0110837 0.0181818 -0.0334783 0.0324176 -0.0344037 0.0433498 -0.002 0.0408451 -0.0437198 0.0471751 0.0401099 -0.0438719 -0.0413386 -0.0451087 0.0457143 -0.0464072
internal_weight=2087 1640 1366 274 447 1134 232 1092 992 156 836 200 769 410 203 88 115 182 109 406 100 142 207 354 91 359 254 184 140 167
internal_count=2087 1640 1366 274 447 1134 232 1092 992 156 836 200 769 410 203 88 115 182 109 406 100 142 207 354 91 359 254 184 140 167
is_linear=0
shrinkage=0.05


Tree=2
num_leaves=31
num_cat=0
split_feature=62 25 16 9 17 24 29 32 4 58 10 61 30 29 27 57 60 57 16 68 62 9 40 15 27 29 15 68 29 16
split_gain=316.748 147.269 161.478 64.3219 59.982 53.5895 50.6794 36.4766 52.0017 34.5493 35.5384 31.4236 24.0536 20.9328 18.8319 17.5997 17.2768 12.4264 14.5167 6.82128 9.2777 6.05 4.05 3.57145 3.41518 2.8822 3.43256 1.92628 1.90584 1.2255
threshold=1602.8400000000004 745.00000000000011 0.85457202410498234 4087.9150000000004 3105.0000000000005 1735.0000000000002 -33.980000000000011 0.83306350306987198 8.5000000000000018 130.90500000000003 95.225000000000009 1061.1300000000003 72.345000000000041 -72.99499999999999 1.0000000180025095e-35 41.650000000000013 4083.9800000000005 90.075000000000017 0.95850663003227943 21.839000000000002 2816.7350000000006 2590.7050000000004 -30.555658509251366 60.419999999999995 1.0000000180025095e-35 -42.094999999999906 32.565000000000019 20.449999999999992 -59.115000000000002 0.87816451074633528
decision_type=2 2 2 2 2 2 2 2 2 2 2 2 2 2 2 2 2 2 2 2 2 2 2 2 2 2 2 2 2 2
left_child=3 2 6 11 15 -4 -2 8 9 10 -7 13 -8 -1 19 -3 -6 24 21 20 22 -19 -12 -20 27 26 -13 -9 -17 -21
right_child=1 4 5 -5 16 7 12 17 -10 -11 14 25 -14 -15 -16 28 -18 18 23 29 -22 -23 -24 -25 -26 -27 -28 -29 -30 -31
leaf_value=-12.230735708832741 -13.921389491081237 1.719984378814698 1.719984378814698 -10.883456864118578 2.2041604440212255 0.34008440017700253 1.719984378814698 -9.4748186539411545 1.6802663788795471 1.719984378814698 -5.3723573683500296 1.719984378814698 1.719984378814698 1.719984378814698 -3.0292513384819033 1.719984378814698 -16.938419440507889 1.2471066379547118 -5.8453258461952204 -12.806165200948715 -8.8544231470227235 -18.31458143079281 -4.3603929780721664 -6.0016485323905941 -16.576701359748842 1.719984378814698 1.719984378814698 -17.187242100000383 1.719984378814698 -17.478165798187259
leaf_weight=40 42 42 51 40 77 53 113 69 41 50 40 45 51 46 55 57 43 40 47 59 82 40 40 64 40 280 41 206 109 97
leaf_count=40 42 42 51 40 77 53 113 69 41 50 40 45 51 46 55 57 43 40 47 59 82 40 40 64 40 280 41 206 109 97
internal_value=0.000666667 -0.0100746 -0.0177344 0.0357724 0.0198171 -0.0255121 0.0228155 -0.0280059 -0.0186654 -0.0233193 -0.0279343 0.0411504 0.0353659 0.0139535 -0.033378 0.0360577 -0.00833333 -0.0375494 -0.0274869 -0.0380503 -0.0308642 -0.01125 -0.01875 -0.0391892 -0.0436508 0.047541 0.0395349 -0.0456364 0.0433735 -0.0455128
internal_weight=2100 1608 1280 492 328 1074 206 1023 517 476 426 452 164 86 373 208 120 506 191 318 162 80 80 111 315 366 86 275 166 156
internal_count=2100 1608 1280 492 328 1074 206 1023 517 476 426 452 164 86 373 208 120 506 191 318 162 80 80 111 315 366 86 275 166 156
is_linear=0
shrinkage=0.05


Tree=3
num_leaves=31
num_cat=0
split_feature=60 25 16 17 30 17 29 21 61 5 21 21 5 11 59 57 30 15 58 59 30 13 11 62 9 29 9 58 57 35
split_gain=309.117 146.022 172.081 69.3867 55.9735 54.2074 50.2227 35.2948 40.239 37.2457 69.8893 21.1157 76.0588 44.1629 19.942 18.9115 17.9072 16.4663 19.5122 11.961 10.3279 6.78712 6.6618 3.04446 6.75862 2.95117 3.91875 1.28932 1.24937 0.644971
threshold=1252.9250000000002 655.00000000000011 0.85457202410498234 4135.0000000000009 42.225000000000144 3105.0000000000005 -12.265000000000098 1735.0000000000002 952.61500000000012 0.80909090909090919 3625.0000000000005 2715.0000000000005 0.43650793650793651 2346.8800000000006 1972.2400000000002 40.820000000000007 70.260000000000005 54.045000000000023 106.79500000000002 806.50000000000011 65.089999999999819 98.565000000000012 3736.6200000000003 3383.0850000000005 3393.0800000000004 -42.094999999999906 2702.9750000000004 54.065000000000005 103.02000000000002 -0.014280971124970348
decision_type=2 2 2 2 2 2 2 2 2 2 2 2 2 2 2 2 2 2 2 2 2 2 2 2 2 2 2 2 2 2
left_child=3 2 4 19 -2 15 7 8 -4 11 -11 12 14 -14 20 -3 -6 -7 -19 -1 29 28 -12 27 -25 26 -21 -13 -17 -9
right_child=1 5 6 -5 16 17 -8 9 -10 10 22 23 13 -15 -16 21 -18 18 -20 25 -22 -23 -24 24 -26 -27 -28 -29 -30 -31
leaf_value=1.633985159873963 -13.210119973802566 1.633985159873963 -13.313214316529036 -12.057621572268012 1.633985159873963 -17.569311259353164 1.6915851812362677 -12.067935678067805 1.633985159873963 1.5962530599355702 -15.716799909007548 -15.900602725154162 1.8714469457387937 -4.3337837181359538 -0.98934980106353843 1.633985159873963 1.633985159873963 2.4110026034474377 -7.1153111678004271 1.633985159873963 -11.173626939928532 1.633985159873963 -18.758332959578933 -6.5980781902313232 -22.690653516185286 1.633985159873963 1.633985159873963 -17.434938529512287 1.633985159873963 -13.120569492471219
leaf_weight=47 51 43 41 40 116 44 48 40 40 71 49 40 53 42 52 97 55 41 41 54 73 51 40 58 58 273 40 166 45 192
leaf_count=47 51 43 41 40 116 44 48 40 40 71 49 40 53 42 52 97 55 41 41 54 73 51 40 58 58 273 40 166 45 192
internal_value=0.0013565 -0.00871281 -0.0166148 0.0378855 0.0234234 0.019337 -0.0249765 -0.0273399 0.00432099 -0.0300857 -0.008125 -0.0346253 -0.0276549 0.0121053 -0.0382353 0.0334746 0.0371345 -0.00714286 0.00609756 0.0439614 -0.0431148 0.0401554 -0.0376404 -0.0444099 -0.037931 0.0470027 0.0393617 -0.0480583 0.0457746 -0.0482759
internal_weight=2101 1647 1285 454 222 362 1063 1015 81 934 160 774 452 95 357 236 171 126 82 414 305 193 89 322 116 367 94 206 142 232
internal_count=2101 1647 1285 454 222 362 1063 1015 81 934 160 774 452 95 357 236 171 126 82 414 305 193 89 322 116 367 94 206 142 232
is_linear=0
shrinkage=0.05


Tree=4
num_leaves=31
num_cat=0
split_feature=62 25 16 30 9 17 5 29 5 62 8 10 5 63 30 57 59 62 24 58 8 19 19 10 54 61 39 62 62 63
split_gain=302.506 150.799 143.151 81.8656 67.8813 63.4393 59.027 41.7674 30.0317 68.1482 38.2509 35.5297 31.8803 62.6539 19.214 17.5298 16.7907 14.5421 9.86199 8.80132 5.07567 4.81444 4.43621 2.78573 2.62758 2.33187 1.52085 1.45778 1.19894 0.645405
threshold=1602.8400000000004 695.00000000000011 0.85638305456878128 47.210000000000043 4073.9800000000005 3105.0000000000005 0.095454545454545472 -12.265000000000098 0.31666666666666671 2794.9100000000003 4654.4444444444453 96.895000000000024 0.80909090909090919 0.89717636927577715 70.260000000000005 41.190000000000005 1941.5100000000004 4409.3500000000013 1965.0000000000002 72.770000000000024 5868.7981859410438 124.9999999999999 515.00000000000011 160.53500000000005 1.0000000180025095e-35 2206.8550000000005 -14.636697012320319 3115.5300000000007 3726.2550000000006 0.81169126316210127
decision_type=2 2 2 2 2 2 2 2 2 2 2 2 2 2 2 2 2 2 2 2 2 2 2 2 2 2 2 2 2 2
left_child=4 2 3 -2 6 15 -1 8 18 10 11 -10 21 -14 25 -3 -12 19 -4 -7 -17 -11 27 -20 29 -5 -22 -23 -29 -8
right_child=1 5 7 14 -6 17 24 -9 9 12 16 -13 13 -15 -16 20 -18 -19 23 -21 26 22 -24 -25 -26 -27 -28 28 -30 -31
leaf_value=-9.076404119721948 -12.810614036147593 1.5522859018802651 -7.7425223441833273 1.5522859018802651 -11.45474049365461 2.1196499582451582 1.5522859018802651 1.6070059221744544 0.47006055746078346 -13.051875186296627 2.028901685466765 -6.5038905099525302 1.5164404069387913 -15.870596745965555 1.5522859018802651 1.5522859018802651 1.8398715384960171 -12.463910701449516 -13.742876947980523 -7.7412079462367309 1.5522859018802651 -8.7030221297015249 -4.7966329092835638 -7.6028247533126176 1.5522859018802651 1.5522859018802651 1.5522859018802651 -17.671360221694858 -9.9996143175727141 1.5522859018802651
leaf_weight=55 53 46 71 41 40 42 41 43 47 40 43 52 76 70 54 55 43 42 195 50 89 40 42 46 52 81 44 155 42 311
leaf_count=55 53 46 71 41 40 42 41 43 47 40 43 52 76 70 54 55 43 42 195 50 89 40 42 46 52 81 44 155 42 311
internal_value=0.000975726 -0.00961298 -0.0179903 0.0176856 0.0349699 0.0184783 0.0404139 -0.0261194 -0.0282744 -0.0221538 0.00351351 -0.0176768 -0.0323656 -0.0130137 0.0340909 0.034188 0.027907 -0.00895522 -0.0410256 0.00217391 0.0409574 -0.0412226 -0.0435484 -0.0458506 0.0470297 0.045082 0.0462406 -0.0462025 -0.0479695 0.0485795
internal_weight=2101 1602 1234 229 499 368 459 1005 962 650 185 99 465 146 176 234 86 134 312 92 188 319 279 241 404 122 133 237 197 352
internal_count=2101 1602 1234 229 499 368 459 1005 962 650 185 99 465 146 176 234 86 134 312 92 188 319 279 241 404 122 133 237 197 352
is_linear=0
shrinkage=0.05


Tree=5
num_leaves=31
num_cat=0
split_feature=60 25 16 30 17 11 29 5 21 61 4 10 58 57 30 19 11 8 5 59 33 14 62 68 8 12 61 39 40 17
split_gain=317.652 137.388 161.523 61.2335 60.5472 50.6864 45.0818 33.0556 46.305 21.9608 102.69 33.2623 24.2347 19.8855 19.3563 18.3908 14.9235 36.8011 14.8412 14.6019 12.3857 7.1831 4.44953 3.6916 3.46573 2.72284 2.49231 2.18182 1.56474 2.83137
threshold=1252.9250000000002 695.00000000000011 0.85638305456878128 42.225000000000144 3105.0000000000005 4311.0800000000008 -12.265000000000098 0.15476190476190474 1765.0000000000002 3351.2300000000005 8.5000000000000018 95.225000000000009 135.02500000000001 42.040000000000013 70.260000000000005 35.000000000000007 2229.4250000000006 5868.7981859410438 0.84523809523809534 906.34500000000014 0.68782780771013075 7.4199999999999955 3383.0850000000005 -1.7024999999999977 5868.7981859410438 105.59000000000002 2184.1900000000005 -14.636697012320319 -20.486038643610566 2695.0000000000005
decision_type=2 2 2 2 2 2 2 2 2 2 2 2 2 2 2 2 2 2 2 2 2 2 2 2 2 2 2 2 2 2
left_child=5 2 3 -2 13 19 7 23 -9 10 11 -10 15 -3 26 -13 17 -17 20 -1 -6 -11 28 -4 -15 -21 -5 -26 29 -18
right_child=1 4 6 14 18 -7 -8 8 9 21 -12 12 -14 24 -16 16 22 -19 -20 25 -22 -23 -24 -25 27 -27 -28 -29 -30 -31
leaf_value=1.4746716067862522 -11.830833246602177 1.4746716067862522 -11.631900020164878 1.4746716067862522 -0.64376358561417391 -9.1211784208828508 1.5266556260657311 1.8446409544565683 0.36581285050270368 -21.012062682047201 2.2491983846082095 -4.7477560923502766 0.13155663416701557 1.4746716067862522 1.4746716067862522 -6.5025207073204516 -6.3614450128324247 1.7429865961580278 2.0136674603329001 1.4746716067862522 -22.866381007458777 -8.1396009563390965 -6.525703834220737 -12.904969284895836 1.4746716067862522 1.4746716067862522 1.4746716067862522 1.4746716067862522 -18.333752514393296 -10.342147542844458
leaf_weight=46 64 46 41 40 56 40 48 40 50 102 52 52 52 57 55 71 96 46 40 314 40 40 53 139 88 53 90 44 146 40
leaf_count=46 64 46 41 40 56 40 48 40 50 102 52 52 52 57 55 71 96 46 40 314 40 40 53 139 88 53 90 44 146 40
internal_value=0.00156469 -0.00841232 -0.0159833 0.0202811 0.0184636 0.0387417 -0.0244382 -0.0266667 -0.0225 -0.025125 -0.0212766 -0.0270627 -0.0305755 0.0338298 0.0348649 -0.0339286 -0.0371681 -0.0217949 -0.00808824 0.0439467 -0.01875 -0.0429577 -0.0425373 -0.0461111 0.0410053 0.0472752 0.0453846 0.0454545 -0.0450355 -0.0411765
internal_weight=2141 1688 1317 249 371 453 1068 1020 840 800 658 606 556 235 185 504 452 117 136 413 96 142 335 180 189 367 130 132 282 136
internal_count=2141 1688 1317 249 371 453 1068 1020 840 800 658 606 556 235 185 504 452 117 136 413 96 142 335 180 189 367 130 132 282 136
is_linear=0
shrinkage=0.05


Tree=6
num_leaves=31
num_cat=0
split_feature=60 25 16 30 9 20 24 59 59 62 4 63 30 11 30 61 57 34 62 71 59 35 40 35 8 24 29 15 59 25
split_gain=308.167 133.034 140.404 95.7129 60.5948 60.1137 45.4484 37.0335 29.0381 42.7323 23.735 93.5348 23.0395 17.8855 17.7589 17.4879 15.565 13.698 12.9679 9.45763 9.24572 6.7652 7.2755 4.99776 4.26415 3.436 2.59444 3.06818 2.13675 2.05878
threshold=1252.9250000000002 695.00000000000011 0.8599363786966906 42.225000000000144 4087.9150000000004 3105.0000000000005 1735.0000000000002 845.73500000000013 1416.4800000000002 2794.9100000000003 8.5000000000000018 0.89717636927577715 44.980000000000025 2327.8150000000001 70.260000000000005 3351.2300000000005 45.815000000000005 0.85745542695551225 4234.380000000001 -17.724747445562507 906.34500000000014 0.0097733698864126521 -28.456614786153562 -1.0000000180025095e-35 5868.7981859410438 2485.0000000000005 -42.094999999999906 32.435000000000009 2078.1300000000006 444.99999999999994
decision_type=2 2 2 2 2 2 2 2 2 2 2 2 2 2 2 2 2 2 2 2 2 2 2 2 2 2 2 2 2 2
left_child=4 2 3 25 20 16 7 -4 23 12 19 -12 17 -14 28 -7 -3 -10 -17 21 -1 22 -11 -8 -18 -2 27 -22 -5 -21
right_child=1 5 6 14 -6 15 8 -9 9 10 11 -13 13 -15 -16 18 24 -19 -20 29 26 -23 -24 -25 -26 -27 -28 -29 -30 -31
leaf_value=1.40093802644694 -8.9573166792450589 1.4036114046760808 -10.573224798397339 1.40093802644694 -8.7711819991234545 -7.9552533474858 -14.212885784691895 1.8471799713666031 -11.468786713419655 -0.21567425913749078 2.1367384653777992 -13.561748260687573 1.655837266350126 -0.69987571132796944 1.40093802644694 2.2241231999568747 1.40093802644694 -1.2511550748106899 -6.9456236397720481 -14.208694241016113 1.40093802644694 -4.9767967026926305 -3.0270544708581824 -11.472523748165509 1.40093802644694 -11.343328294373883 1.40093802644694 1.40093802644694 1.40093802644694 -19.621949695188917
leaf_weight=51 40 50 40 40 40 43 47 41 43 43 45 69 55 65 79 48 55 48 45 57 48 89 41 173 123 42 275 40 90 143
leaf_count=51 40 50 40 40 40 43 47 41 43 43 45 69 55 65 79 48 55 48 45 57 48 89 41 173 123 42 275 40 90 143
internal_value=0.00227704 -0.00773881 -0.0152713 0.0152921 0.0387665 0.018956 -0.0241742 0.0117284 -0.027342 -0.0223496 -0.0304928 -0.0105263 -0.0035545 0.0108333 0.0332536 -0.00735294 0.0346491 -0.0225275 0.00483871 -0.0365952 0.0444444 -0.0280347 -0.0178571 -0.0431818 0.041573 -0.0304878 0.0472452 0.0397727 0.0446154 -0.044
internal_weight=2108 1654 1290 291 454 364 999 81 918 698 487 114 211 120 209 136 228 91 93 373 414 173 84 220 178 82 363 88 130 200
internal_count=2108 1654 1290 291 454 364 999 81 918 698 487 114 211 120 209 136 228 91 93 373 414 173 84 220 178 82 363 88 130 200
is_linear=0
shrinkage=0.05


Tree=7
num_leaves=31
num_cat=0
split_feature=60 25 16 30 17 9 24 5 4 59 5 61 12 5 57 33 62 5 30 14 58 42 19 29 10 29 30 39 17 59
split_gain=293.563 147.676 158.489 69.2988 68.9912 48.991 40.1156 52.5139 70.1355 45.2269 35.4679 82.6178 31.7918 19.2077 19.0495 15.2218 14.2671 14.158 12.9466 7.6573 8.06875 5.16647 4.77977 4.01813 3.99882 3.03543 5.14286 1.53184 1.18974 1.10384
threshold=1252.9250000000002 729.99999999999989 0.85638305456878128 42.225000000000144 4135.0000000000009 3075.4100000000003 1735.0000000000002 0.31666666666666671 2.5000000000000004 806.50000000000011 0.80909090909090919 3340.9650000000006 87.765000000000015 0.84523809523809534 41.650000000000013 0.66590616420334658 2802.3200000000006 0.15476190476190474 72.345000000000041 8.8350000000000026 87.355000000000018 0.63379376730749459 495.00000000000006 -87.014999999999972 95.620000000000019 -27.275000000000087 29.594999999999803 -14.727266944426232 3105.0000000000005 1137.4100000000001
decision_type=2 2 2 2 2 2 2 2 2 2 2 2 2 2 2 2 2 2 2 2 2 2 2 2 2 2 2 2 2 2
left_child=4 2 3 -2 17 14 9 21 -9 -4 12 -12 16 15 -3 -7 -10 -1 -5 28 -21 -8 -22 -16 -13 26 -19 -25 -14 -23
right_child=1 5 6 18 -6 13 7 8 10 -11 11 24 19 -15 23 -17 -18 25 -20 20 22 29 -24 27 -26 -27 -28 -29 -30 -31
leaf_value=1.3308911251245932 -10.593875142850493 1.3307574562131366 -10.560409221071312 1.3308911251245932 -13.875560387127145 0.73072364960109015 -10.977516817594573 1.5601377079426244 0.33174815160049037 1.7548209727982724 1.2213215440925524 -14.405801102149864 -15.35209674267702 2.2483408919787125 1.3308911251245932 -13.176131148789256 -5.1051837985602262 1.3308911251245932 1.3308911251245932 -8.9383762090676981 -4.1655599899795437 -12.516458631169781 -3.5793064546430573 1.3308911251245932 -12.283489284981531 1.3308911251245932 1.3308911251245932 1.3308911251245932 -19.02300728323647 -11.261887443318425
leaf_weight=41 61 45 41 124 40 46 40 72 63 43 79 42 40 42 41 40 51 84 47 40 99 132 42 103 41 249 42 40 116 121
leaf_count=41 61 45 41 124 40 46 40 72 63 43 79 42 40 42 41 40 51 84 47 40 99 132 42 103 41 249 42 40 116 121
internal_value=0.00220693 -0.00760145 -0.015456 0.0219828 0.0377193 0.0208683 -0.0236347 -0.0264826 -0.0189051 0.00952381 -0.0243883 -0.00432099 -0.0315965 -0.00390625 0.0347162 -0.0174419 -0.00877193 0.04375 0.0383041 -0.0393175 -0.0323204 -0.044198 -0.0379433 0.0418478 -0.0391566 0.0468 0.0404762 0.0458042 -0.0474359 -0.0468379
internal_weight=2107 1651 1294 232 456 357 1062 978 685 84 613 162 451 128 229 86 114 416 171 337 181 293 141 184 83 375 126 143 156 253
internal_count=2107 1651 1294 232 456 357 1062 978 685 84 613 162 451 128 229 86 114 416 171 337 181 293 141 184 83 375 126 143 156 253
is_linear=0
shrinkage=0.05


Tree=8
num_leaves=31
num_cat=0
split_feature=60 25 16 9 24 30 17 5 4 5 5 61 18 30 57 33 59 14 42 59 14 58 13 30 14 30 5 19 30 9
split_gain=303.227 139.162 140.285 70.7698 55.2446 51.8624 48.6853 48.3336 88.8697 35.1683 34.6115 75.8592 37.0816 19.8577 19.2414 15.4474 14.4567 13.3786 11.9567 11.6882 6.80905 6.05613 5.89746 5.4023 2.61224 2.20389 3.2 1.63793 1.5189 2.72725
threshold=1252.9250000000002 695.00000000000011 0.85457202410498234 4098.8250000000007 1745.0000000000002 42.225000000000144 3105.0000000000005 0.31666666666666671 2.5000000000000004 0.19090909090909094 0.80909090909090919 3340.9650000000006 2585.0000000000005 70.260000000000005 41.650000000000013 0.68782780771013075 1761.3800000000003 8.6599999999999984 0.63011091172730127 906.34500000000014 8.8350000000000026 103.21000000000002 98.565000000000012 72.780000000000101 133.33000000000001 43.650000000000098 0.12771739130434781 324.99999999999994 63.750000000000007 2955.6450000000004
decision_type=2 2 2 2 2 2 2 2 2 2 2 2 2 2 2 2 2 2 2 2 2 2 2 2 2 2 2 2 2 2
left_child=3 2 5 19 9 -2 14 18 -9 -4 12 17 16 27 -3 -8 -10 -12 -6 -1 -14 -22 -16 -13 -23 -20 -27 -7 29 -21
right_child=1 6 4 -5 7 13 15 8 10 -11 11 23 20 -15 22 -17 -18 -19 25 28 21 24 -24 -25 -26 26 -28 -29 -30 -31
leaf_value=1.2643465688683635 -10.142431412410851 1.264219583402479 -9.116022389816635 -12.021582439487094 -9.1178968705923467 1.2643465688683635 1.6880296368202765 1.4821308225454928 -3.863655153038783 1.667079924158358 1.9688354649042823 -11.762168848575094 -18.071856919074648 1.2643465688683635 1.2643465688683635 -12.423582042797941 0.30466040832710634 0.3531844023385709 -10.273074629198746 1.2643465688683635 -5.2023201225663263 -5.0100431582512757 1.2643465688683635 -12.937072436964611 -2.6310686183671295 -15.779088231245314 -4.0426941103044127 1.2643465688683635 1.2643465688683635 1.2643465688683635
leaf_weight=50 50 46 44 40 40 40 69 77 60 43 43 40 162 57 139 58 73 40 177 75 60 49 49 47 49 40 40 76 247 40
leaf_count=50 50 46 44 40 40 40 69 77 60 43 43 40 162 57 139 58 73 40 177 75 60 49 49 47 49 40 40 76 247 40
internal_value=0.00216981 -0.00767386 -0.015264 0.0384956 -0.0226937 0.020852 0.0198061 -0.0260281 -0.0188571 0.0155172 -0.0251204 -0.00588235 -0.03234 0.033815 0.0333333 -0.00511811 -0.0101504 0.0283133 -0.0429293 0.0446602 -0.0415625 -0.0341772 0.0404255 -0.0385057 -0.0418367 -0.0468872 -0.04 0.0456897 0.0477901 0.0430435
internal_weight=2120 1668 1307 452 1084 223 361 997 700 87 623 170 453 173 234 127 133 83 297 412 320 158 188 87 98 257 80 116 362 115
internal_count=2120 1668 1307 452 1084 223 361 997 700 87 623 170 453 173 234 127 133 83 297 412 320 158 188 87 98 257 80 116 362 115
is_linear=0
shrinkage=0.05


Tree=9
num_leaves=31
num_cat=0
split_feature=62 25 16 30 9 9 5 24 5 62 5 63 8 17 68 10 5 57 30 32 14 31 68 29 59 45 31 39 29 30
split_gain=301.4 125.946 119.299 92.8691 52.5168 49.8033 48.6542 47.0335 38.2429 51.1603 35.2992 70.2515 23.6406 32.1996 22.9227 19.5627 17.9137 17.5322 16.0025 8.16667 7.87399 7.17583 5.98201 5.59178 5.29842 4.67302 5 4.23072 2.98009 5.04177
threshold=1602.8400000000004 695.00000000000011 0.8599363786966906 39.819999999999943 3032.5700000000002 4073.9800000000005 0.095454545454545472 1735.0000000000002 0.31666666666666671 2783.6850000000009 0.80909090909090919 0.89717636927577715 4654.4444444444453 2455.0000000000005 35.557500000000012 97.325000000000003 0.84523809523809534 40.820000000000007 70.260000000000005 0.87538357643008446 8.8350000000000026 311.0900000000002 19.236500000000007 -87.014999999999972 2106.8750000000005 0.0078048517736531509 206.93000000000009 -18.971533533591018 -23.059999999999942 35.210000000000043
decision_type=2 2 2 2 2 2 2 2 2 2 2 2 2 2 2 2 2 2 2 2 2 2 2 2 2 2 2 2 2 2
left_child=5 2 3 -2 17 6 -1 -4 22 12 20 14 15 -14 -12 -10 19 -3 24 -6 -11 25 27 -19 -5 -22 -27 -9 29 -8
right_child=1 4 7 18 16 -7 28 8 9 10 11 -13 13 -15 -16 -17 -18 23 -20 -21 21 -23 -24 -25 -26 26 -28 -29 -30 -31
leaf_value=-6.9209000862658927 -9.7287599112177983 1.2010086042323551 1.4770394687279151 1.2011292404249447 -0.10535386953471644 -8.6925283066408507 1.2011292404249447 -3.8855974008869341 0.29467755575743126 -17.168264073120916 -0.32984271334761606 -11.622632761555886 2.0154884925094239 -12.458536113631064 1.8703936916590678 -4.1037562040521571 2.3233252975802756 1.2011292404249447 1.2011292404249447 -20.144614089318416 -3.9417113424208128 -3.0761961574524879 -11.175028165294203 1.2011292404249447 1.2011292404249447 -4.1249408283784188 -3.6126438865803752 -12.843322117581776 1.2011292404249447 1.2011292404249447
leaf_weight=47 74 47 47 44 48 40 115 58 48 150 40 73 49 40 48 42 41 42 77 48 46 48 172 133 82 40 40 41 232 58
leaf_count=47 74 47 47 44 48 40 115 58 48 150 40 73 49 40 48 42 41 42 77 48 46 48 172 133 82 40 40 41 232 58
internal_value=0.00170616 -0.00871446 -0.0161636 0.0128159 0.0174095 0.0359756 0.040708 -0.0243381 -0.0267914 -0.0203313 -0.0287629 -0.00962733 0.00251397 0.0207865 0.0204545 -0.0155556 -0.00693431 0.0324324 0.0302956 -0.01875 -0.0382716 -0.0310345 -0.0426199 0.0397143 0.0412698 -0.0373016 -0.03 -0.0328283 0.0462963 0.0413295
internal_weight=2110 1618 1259 277 359 492 452 982 935 664 485 161 179 89 88 90 137 222 203 96 324 174 271 175 126 126 80 99 405 173
internal_count=2110 1618 1259 277 359 492 452 982 935 664 485 161 179 89 88 90 137 222 203 96 324 174 271 175 126 126 80 99 405 173
is_linear=0
shrinkage=0.05


Tree=10
num_leaves=31
num_cat=0
split_feature=60 25 16 9 30 9 21 59 5 4 18 5 61 30 57 38 62 59 68 14 58 31 10 59 13 22 44 29 15 31
split_gain=297.416 128.159 138.579 50.817 49.4981 48.9936 41.5655 43.0867 42.7385 69.7041 30.4783 55.7875 68.1378 22.7603 19.1298 17.943 15.4933 13.6607 12.0377 8.7968 8.21935 6.62348 6.19756 5.89589 5.61183 4.55331 2.29702 1.75401 3.33274 1.65966
threshold=1252.9250000000002 685.00000000000011 0.85457202410498234 4073.9800000000005 42.225000000000144 3032.5700000000002 1735.0000000000002 806.50000000000011 0.31666666666666671 1.5000000000000002 2585.0000000000005 0.80909090909090919 3340.9650000000006 70.260000000000005 38.95000000000001 77.626507936507792 4362.4350000000004 906.34500000000014 19.236500000000007 8.8350000000000026 86.680000000000021 195.50000000000014 95.620000000000019 2542.3950000000004 98.565000000000012 295.00000000000006 0.036799556804891505 -27.275000000000087 32.120000000000012 250.26999999999978
decision_type=2 2 2 2 2 2 2 2 2 2 2 2 2 2 2 2 2 2 2 2 2 2 2 2 2 2 2 2 2 2
left_child=3 2 4 17 -2 14 7 -4 18 -10 15 19 -13 29 -3 -11 20 -1 21 -12 -7 -8 -14 26 -16 -17 -21 28 -19 -6
right_child=1 5 6 -5 13 16 8 -9 9 10 11 12 22 -15 24 25 -18 27 -20 23 -22 -23 -24 -25 -26 -27 -28 -29 -30 -31
leaf_value=1.1410727784036965 -9.2575219583815169 1.1409581740207386 -9.2305426362136185 -6.5395643399534471 1.1410727784036965 2.2071590327012616 -11.08180025241653 1.4408137958859939 1.347967819396972 1.0569239460367754 -16.309850869464871 0.96829400905975838 -11.799364385203676 1.1410727784036965 1.1410727784036965 -0.72631971642766124 -11.592892826816652 1.1410727784036965 -10.308290478310486 -4.6769772502329152 -4.3111260937381646 -1.3531437305177905 -10.192455377603165 -2.7776333896232233 1.1410727784036965 -2.0579330715746855 -3.1901302186129037 1.1410727784036965 1.1410727784036965 1.1410727784036965
leaf_weight=55 51 41 43 40 40 41 56 49 48 56 153 79 42 56 145 40 47 44 188 73 45 47 40 51 51 42 52 247 59 79
leaf_count=55 51 41 43 40 40 41 56 49 48 56 153 79 42 56 145 40 47 44 188 73 45 47 40 51 51 42 52 247 59 79
internal_value=0.00247619 -0.00728097 -0.0147471 0.038764 0.0207965 0.0186486 -0.0223324 0.00978261 -0.0253878 -0.0184911 -0.0229299 -0.0287755 -0.00465839 0.0334286 0.0322785 -0.00217391 -0.0056391 0.0440741 -0.0414089 -0.0405775 0.00697674 -0.0276699 -0.0365854 -0.0329545 0.0387755 -0.0170732 -0.0388 0.0477143 0.042233 0.0457983
internal_weight=2100 1655 1285 445 226 370 1059 92 967 676 628 490 161 175 237 138 133 405 291 329 86 103 82 176 196 82 125 350 103 119
internal_count=2100 1655 1285 445 226 370 1059 92 967 676 628 490 161 175 237 138 133 405 291 329 86 103 82 176 196 82 125 350 103 119
is_linear=0
shrinkage=0.05


Tree=11
num_leaves=31
num_cat=0
split_feature=60 25 16 11 30 9 29 5 21 30 9 4 39 30 8 14 9 31 57 57 59 45 58 13 73 11 14 68 61 29
split_gain=282.12 119.199 134.495 54.6483 52.7807 52.0501 40.3072 29.9698 43.709 22.2236 22.1366 75.4336 23.68 24.8771 22.7491 20.8099 20.3752 19.6233 16.9707 15.9039 12.9175 11.8087 8.45 7.81014 7.70961 6.8 3.72737 3.5757 3.13542 2.53336
threshold=1252.9250000000002 665.00000000000011 0.85638305456878128 4340.5000000000009 42.225000000000144 3154.3100000000004 -12.265000000000098 0.12771739130434781 1745.0000000000002 72.345000000000041 3537.6350000000007 8.5000000000000018 -14.597407728177792 41.32 5868.7981859410438 71.390000000000015 2137.6550000000002 -8.5599999999999437 47.980000000000011 85.690000000000012 906.34500000000014 0.0081056240453940016 111.72000000000001 99.120000000000019 0.78308630159030479 3764.6300000000006 8.8350000000000026 20.935000000000002 2206.8550000000005 -27.275000000000087
decision_type=2 2 2 2 2 2 2 2 2 2 2 2 2 2 2 2 2 2 2 2 2 2 2 2 2 2 2 2 2 2
left_child=3 2 4 20 -2 18 7 27 -9 28 11 12 13 14 -10 16 -15 -7 -3 -16 -1 -18 -17 -20 -21 -12 -14 -4 -6 -22
right_child=1 5 6 -5 9 17 -8 8 10 -11 25 -13 26 15 19 22 21 -19 23 24 29 -23 -24 -25 -26 -27 -28 -29 -30 -31
leaf_value=1.084019139483513 -8.4263456132700583 1.0866352155211729 -8.4279300578067922 -11.819098613466716 1.084019139483513 1.3771039384651844 1.1716288110534492 1.3687731060916946 -8.7089665985161329 1.084019139483513 -15.495790548390733 1.0096839722649116 -15.494358325991627 1.2527591609128934 -6.7338334426505888 -2.8109212372887722 0.30380879067717359 -17.906546058145985 1.084019139483513 1.4579170543967024 1.084019139483513 -4.4495318806750497 -0.24368789103408234 1.084019139483513 -2.9076327986058574 -16.829991791628764 -5.3019390533494644 -9.6750463408938998 1.084019139483513 1.084019139483513
leaf_weight=50 63 54 43 40 42 73 42 43 117 52 85 40 86 41 59 40 51 45 141 40 109 52 40 45 41 40 59 116 86 243
leaf_count=50 63 54 43 40 42 73 42 43 117 52 85 40 86 41 59 40 51 45 141 40 109 52 40 45 41 40 59 116 86 243
internal_value=0.00279115 -0.00678484 -0.013928 0.0382353 0.0195473 0.0187151 -0.0217874 -0.0238167 -0.020024 0.0333333 -0.0226928 -0.0190691 -0.0233227 -0.0179834 -0.0285992 -0.00580357 0.00555556 -0.00847458 0.0320833 -0.015 0.0437811 -0.00631068 -0.02625 0.0392473 -0.000617284 -0.042 -0.0410345 -0.0437107 0.0445313 0.0471591
internal_weight=2078 1636 1278 442 243 358 1035 993 834 180 791 666 626 481 257 224 144 118 240 140 402 103 80 186 81 125 145 159 128 352
internal_count=2078 1636 1278 442 243 358 1035 993 834 180 791 666 626 481 257 224 144 118 240 140 402 103 80 186 81 125 145 159 128 352
is_linear=0
shrinkage=0.05


Tree=12
num_leaves=31
num_cat=0
split_feature=60 25 16 29 9 11 24 59 59 23 4 39 8 10 57 10 59 68 59 30 33 31 61 60 9 19 29 29 15 29
split_gain=275.059 118.641 139.081 74.326 58.6656 50.5113 42.8145 37.9537 30.8358 24.3486 74.3364 29.0129 25.6477 34.221 18.357 17.8842 16.2501 15.4189 18.654 12.5358 12.2044 10.8455 10.384 9.8 7.76665 7.73218 3.38658 3.38018 4.39451 1.90256
threshold=1252.9250000000002 735.00000000000011 0.8599363786966906 -36.369999999999997 4098.8250000000007 3778.1600000000003 1745.0000000000002 806.50000000000011 1128.5950000000003 3085.0000000000005 8.5000000000000018 -17.724747445562507 5868.7981859410438 95.750000000000014 47.980000000000011 141.53000000000003 906.34500000000014 20.187500000000004 1822.0050000000003 70.260000000000005 0.64672783649366061 219.7699999999999 2288.3850000000007 3089.4550000000004 3054.1600000000003 445.00000000000006 -86.759999999999977 -42.094999999999906 32.435000000000009 -40.605000000000011
decision_type=2 2 2 2 2 2 2 2 2 2 2 2 2 2 2 2 2 2 2 2 2 2 2 2 2 2 2 2 2 2
left_child=4 2 3 -2 16 14 7 -4 -8 10 11 12 13 -10 -3 -11 -1 18 -14 21 -7 -5 -13 -21 26 29 -16 28 -18 -15
right_child=1 5 6 19 -6 20 8 -9 9 15 -12 22 17 25 24 -17 27 -19 -20 23 -22 -23 -24 -25 -26 -27 -28 -29 -30 -31
leaf_value=1.0298181825093367 -7.8249481324369086 1.0295785045436419 -8.3476190015125979 1.0298181825093367 -7.3399687436378018 0.81738578670916129 -9.9901224986772128 1.3693946094151586 0.60806171327738745 -14.632846136070828 1.6779751080098806 -5.0399281153192916 2.0157476982240112 -8.9402590271223321 1.0298181825093367 -4.1749301838610595 1.0298181825093367 -11.680122005567622 -0.29591141467019638 1.0298181825093367 -9.7487458918941172 1.0298181825093367 -12.309428889233471 -17.617050333516357 1.3677522816144134 -0.53199857209214874 1.0298181825093367 1.0298181825093367 1.0298181825093367 -3.2452033374098885
leaf_weight=52 67 53 41 40 40 41 150 45 48 137 40 40 41 53 40 77 45 40 62 40 44 105 134 40 41 40 123 270 44 52
leaf_count=52 67 53 41 40 40 41 150 45 48 137 40 40 41 53 40 77 45 40 62 40 44 105 134 40 41 40 123 270 44 52
internal_value=0.00323741 -0.00630355 -0.0132353 0.0171233 0.0378049 0.019883 -0.0221 0.0116279 -0.0252735 -0.0212042 -0.0156364 -0.0207843 -0.0122024 -0.0240933 0.0309339 -0.035514 0.0434307 0.00384615 0.0140777 0.0308889 -0.0135294 0.0396552 -0.0373563 0.015 0.0377451 -0.0362069 0.042638 0.0472145 0.038764 -0.0433333
internal_weight=2085 1634 1292 292 451 342 1000 86 914 764 550 510 336 193 257 214 411 143 103 225 85 145 174 80 204 145 163 359 89 105
internal_count=2085 1634 1292 292 451 342 1000 86 914 764 550 510 336 193 257 214 411 143 103 225 85 145 174 80 204 145 163 359 89 105
is_linear=0
shrinkage=0.05


Tree=13
num_leaves=31
num_cat=0
split_feature=60 25 16 9 20 29 29 21 5 18 8 5 9 62 57 10 57 30 12 45 10 59 13 11 14 16 9 30 10 39
split_gain=297.361 129.136 130.695 56.9986 49.3622 47.7778 36.0749 33.5543 35.9869 43.5726 43.3854 31.8683 62.1482 25.0922 22.1636 21.1251 13.3287 12.9074 10.6283 8.05596 7.99773 7.80043 6.26868 5.34884 4.70361 3.02209 2.50837 1.57503 1.38301 0.589825
threshold=1252.9250000000002 724.99999999999989 0.85457202410498234 3483.0600000000004 4115.0000000000009 -12.265000000000098 -36.369999999999997 1735.0000000000002 0.31666666666666671 2595.0000000000005 4664.6031746031758 0.80909090909090919 3565.8200000000006 4284.8500000000013 41.650000000000013 98.875000000000014 100.70500000000003 70.260000000000005 105.59000000000002 0.015247170146872801 159.62000000000003 2115.1350000000007 98.565000000000012 3736.6200000000003 8.8350000000000026 0.86542414469723927 2543.4700000000007 56.904999999999752 141.53000000000003 -27.697797839309079
decision_type=2 2 2 2 2 2 2 2 2 2 2 2 2 2 2 2 2 2 2 2 2 2 2 2 2 2 2 2 2 2
left_child=4 2 6 14 18 7 -2 -4 20 10 15 16 -13 -5 -3 -10 24 21 27 -18 25 -8 26 -14 -11 -9 -16 28 -1 -27
right_child=1 3 5 13 -6 -7 17 8 9 11 -12 12 23 -15 22 -17 19 -19 -20 -21 -22 -23 -24 -25 -26 29 -28 -29 -30 -31
leaf_value=0.9783272733838686 -7.9820811731770931 0.97809957931646074 0.8499799780563706 1.267379452206467 -5.1485702558158053 1.0965376890450187 0.9783272733838686 -7.0772872017753166 0.44886204318905104 -13.991392591264509 2.1845611655401087 0.78549635459303035 -8.8425529179928226 -11.292471841803644 0.9783272733838686 -4.0447339755226652 -3.1717103752818572 0.9783272733838686 0.9783272733838686 -1.6395339936891347 -2.9111229023659799 0.9783272733838686 0.9783272733838686 -14.961844976859272 -4.5663026233837831 -9.155564899765734 1.0627318998236071 0.9783272733838686 0.9783272733838686 -9.3563109943573117
leaf_weight=40 45 47 78 70 41 46 46 41 58 151 49 76 46 40 111 57 76 50 66 43 65 76 55 40 54 40 44 258 45 150
leaf_count=40 45 47 78 70 41 46 46 41 58 151 49 76 46 40 111 57 76 50 66 43 65 76 55 40 54 40 44 258 45 150
internal_value=0.00285171 -0.00695284 -0.0144134 0.0192098 0.0388889 -0.0215888 0.0209677 -0.0238281 -0.0264271 -0.0198462 0.00243902 -0.0273663 -0.00925926 -0.0109091 0.0321012 -0.0143478 -0.0364198 0.0313953 0.044132 -0.0231092 -0.0408784 0.0401639 0.0390476 -0.0383721 -0.0441463 -0.0452381 0.0441935 0.0476676 0.0417647 -0.0478947
internal_weight=2104 1654 1287 367 450 1070 217 1024 946 650 164 486 162 110 257 115 324 172 409 119 296 122 210 86 205 231 155 343 85 190
internal_count=2104 1654 1287 367 450 1070 217 1024 946 650 164 486 162 110 257 115 324 172 409 119 296 122 210 86 205 231 155 343 85 190
is_linear=0
shrinkage=0.05


Tree=14
num_leaves=31
num_cat=0
split_feature=60 19 16 11 30 30 17 11 13 30 59 21 4 4 61 68 11 59 57 15 16 31 11 8 19 45 4 30 11 45
split_gain=302.828 128.416 128.747 54.1108 49.0678 46.5241 46.3898 36.5801 28.544 20.1203 20.1049 32.6851 19.1779 18.9346 100.668 23.5414 23.1925 14.9672 12.2327 12.0233 16.2332 7.84405 7.84224 7.63742 7.27665 8.64286 5.69783 1.8383 3.75 1.5
threshold=1252.9250000000002 675.00000000000011 0.85638305456878128 4340.5000000000009 74.249999999999901 42.225000000000144 3105.0000000000005 2294.5750000000003 77.795000000000016 70.260000000000005 806.50000000000011 1985.0000000000002 3.5000000000000004 8.5000000000000018 3340.9650000000006 21.839000000000002 2261.1050000000005 806.50000000000011 41.650000000000013 54.045000000000023 0.97936215489236578 231.41999999999999 2354.8250000000003 5868.7981859410438 515.00000000000011 0.015431679533822752 2.5000000000000004 63.750000000000007 3194.0150000000008 0.0090206108497793026
decision_type=2 2 2 2 2 2 2 2 2 2 2 2 2 2 2 2 2 2 2 2 2 2 2 2 2 2 2 2 2 2
left_child=3 2 5 17 8 -2 18 -6 12 21 -10 -12 26 15 -15 16 -13 -1 -3 -8 -21 -7 -14 -20 25 29 -4 28 -19 -18
right_child=1 6 4 -5 7 9 19 -9 10 -11 11 13 22 14 -16 -17 24 27 23 20 -22 -23 -24 -25 -26 -27 -28 -29 -30 -31
leaf_value=0.92941090971467588 -7.2404019459086193 0.93186511347020373 -3.8893578858011453 -10.559216763338279 1.1156701942967318 0.92941090971467588 -10.517439223366946 -4.1957742734623737 -8.8696898957389614 0.92941090971467588 1.0404670105848481 0.75665838993425327 1.0081794017262424 1.554801534879735 -9.3511138939858665 -10.469155160307011 -5.0158362880809904 0.92941090971467588 0.92941090971467588 3.1579535539277566 -3.8874007581764367 0.92941090971467588 -0.36960648589297307 0.92941090971467588 -1.4841167657280145 -6.4192402648464197 -2.8612264226280679 0.92941090971467588 0.92941090971467588 -6.8516807011599683
leaf_weight=46 62 40 41 41 55 40 43 50 131 56 58 61 41 47 71 232 60 80 44 44 48 94 48 128 48 40 40 256 40 40
leaf_count=46 62 40 41 41 55 40 43 50 131 56 58 61 41 47 71 232 60 80 44 44 48 94 48 128 48 40 40 256 40 40
internal_value=0.00322353 -0.00673887 -0.0138783 0.0389849 -0.0214958 0.018254 0.020317 0.0109524 -0.0250522 0.0305263 -0.0290609 -0.0254947 -0.00647059 -0.0289649 -0.0110169 -0.033368 -0.0226908 0.0443128 0.0349057 -0.00259259 0.0076087 0.0410448 0.00955056 0.0406977 -0.031383 -0.0371429 -0.0240741 0.0476064 0.0425 -0.045
internal_weight=2125 1662 1315 463 1063 252 347 105 958 190 788 657 170 599 118 481 249 422 212 135 92 134 89 172 188 140 81 376 120 100
internal_count=2125 1662 1315 463 1063 252 347 105 958 190 788 657 170 599 118 481 249 422 212 135 92 134 89 172 188 140 81 376 120 100
is_linear=0
shrinkage=0.05


Tree=15
num_leaves=31
num_cat=0
split_feature=60 25 16 30 9 9 68 8 18 12 5 61 30 29 5 60 5 5 20 5 12 68 63 14 44 68 59 5 30 29
split_gain=294.91 116.395 148.739 63.1093 55.062 38.8388 34.8631 45.8406 77.6095 34.8106 42.9474 99.9993 19.9063 32.5864 18.1847 17.147 14.7791 12.328 11.3496 11.1111 9.87465 8.5276 7.29827 4.93685 4.44444 4.27449 4.09074 3.93147 3.0026 1.49579
threshold=1252.9250000000002 735.00000000000011 0.8607384600294129 39.819999999999943 3054.1600000000003 4041.4800000000005 5.2235000000000023 5868.7981859410438 2575.0000000000005 88.155000000000015 0.80909090909090919 3340.9650000000006 70.260000000000005 -18.764999999999983 0.46060606060606063 3499.7800000000002 0.84523809523809534 0.19090909090909094 1605.0000000000002 0.15476190476190474 109.09500000000001 22.423500000000008 0.85113280839531935 85.155000000000015 0.03294573868077761 22.148499999999903 2115.1350000000007 0.31666666666666671 14.445000000000052 -27.275000000000087
decision_type=2 2 2 2 2 2 2 2 2 2 2 2 2 2 2 2 2 2 2 2 2 2 2 2 2 2 2 2 2 2
left_child=5 2 3 21 17 19 7 22 27 -8 18 -12 26 -14 24 -16 20 -3 -11 -1 -6 -2 23 -4 -10 -20 -5 -9 -19 -21
right_child=1 4 6 12 16 -7 9 8 14 10 11 -13 13 -15 15 -17 -18 28 25 29 -22 -23 -24 -25 -26 -27 -28 -29 -30 -31
leaf_value=0.88294036422894351 -4.5494568589128717 0.88294036422894351 -1.77048379350945 0.88294036422894351 -0.038842631634628338 -2.1468059663700951 0.26900310007746525 1.5864071921795202 -5.182111104626836 -6.9512381719274563 1.477061458135748 -8.883558199286572 -17.485466179452199 1.0598866845818946 1.5560035327132995 -5.2440289986434436 2.2200001608494317 0.88294036422894351 -8.4190275692504493 0.88294036422894351 -12.565531244151765 -7.2057569744981977 -5.5846133093892014 -2.3355257386233901 -1.5307465934914959 -9.9808755669680753 0.88294036422894351 1.3877833820482275 0.88294036422894351 0.88294036422894351
leaf_weight=40 41 67 40 54 41 41 70 46 45 40 49 61 44 43 49 42 43 44 41 116 42 42 72 49 45 303 90 52 110 244
leaf_count=40 41 67 40 54 41 41 70 46 45 40 49 61 44 43 49 42 43 44 41 116 42 42 72 49 45 303 90 52 110 244
internal_value=0.00389364 -0.00573574 -0.012519 0.0175159 0.0200288 0.0402494 -0.0219124 -0.0113636 0.000896057 -0.0301418 -0.0348178 -0.00727273 0.0309524 0.012069 -0.0185083 -0.00274725 -0.00634921 0.0350679 -0.0427083 0.045 -0.0186747 -0.0198795 -0.0326087 -0.0230337 -0.0344444 -0.0456395 0.0423611 0.0367347 0.0428571 0.0477778
internal_weight=2106 1665 1318 314 347 441 1004 440 279 564 494 110 231 87 181 91 126 221 384 400 83 83 161 89 90 344 144 98 154 360
internal_count=2106 1665 1318 314 347 441 1004 440 279 564 494 110 231 87 181 91 126 221 384 400 83 83 161 89 90 344 144 98 154 360
is_linear=0
shrinkage=0.05


Tree=16
num_leaves=31
num_cat=2
split_feature=62 25 16 9 24 59 9 29 59 23 62 62 29 63 15 37 47 40 59 10 57 44 63 10 14 58 29 15 40 47
split_gain=261.521 127.364 127.202 53.8733 51.2259 48.9614 46.0869 43.3306 38.732 30.6018 38.096 32.0144 39.237 27.0588 21.7802 15.141 14.4119 13.5953 13.4759 12.0679 10.4516 9.48313 8.56659 9.83777 7.73014 7.52074 3.43754 2.73379 2.62894 2.30479
threshold=1359.2350000000004 735.00000000000011 0.85457202410498234 4087.9150000000004 1735.0000000000002 806.50000000000011 3102.7750000000005 -36.369999999999997 1128.5950000000003 3085.0000000000005 3364.6150000000007 2816.7350000000006 -61.309999999999995 0.83328154656675613 24.93000000000001 0.6198729246904412 0 -18.026110023786966 3077.4150000000004 160.53500000000005 41.190000000000005 0.037629913331175553 0.84392987989907764 124.47000000000001 125.54000000000001 85.095000000000013 -87.014999999999972 1.3399999999999965 -15.815156733925852 1
decision_type=2 2 2 2 2 2 2 2 2 2 2 2 2 2 2 2 1 2 2 2 2 2 2 2 2 2 2 2 2 1
left_child=3 2 7 22 5 -4 20 -2 27 10 11 12 21 -14 -11 -8 -9 24 -16 25 -3 -10 23 -1 -13 -15 -22 -6 -28 -18
right_child=1 6 4 -5 8 -7 15 16 9 14 -12 17 13 19 18 -17 29 -19 -20 -21 26 -23 -24 -25 -26 -27 28 -29 -30 -31
leaf_value=0.83879334601749633 -6.8606691684978989 0.83879334601749633 -7.1362627475086828 -9.9239156268528603 -8.7897190825963758 1.0580220112753154 2.1547073405004484 0.83879334601749633 -7.0918706810386727 -12.179132663340308 0.59462838721260602 -3.3595104265940634 1.0068923503527998 -0.71138630477882081 -5.6658235310632339 -4.7297690692561023 0.83879334601749633 -9.4797142574116098 0.79676903688237111 -2.7004423368814674 0.83879334601749633 -2.287126762799804 0.83879334601749633 0.83879334601749633 -0.57837357912673182 0.70712671501879643 0.83879334601749633 -7.7463307201926783 0.83879334601749633 0.83879334601749633
leaf_weight=40 51 51 50 41 46 55 54 40 80 135 77 48 64 42 40 70 65 112 53 45 40 47 291 49 49 51 93 118 44 68
leaf_count=40 51 51 50 41 46 55 54 40 80 135 77 48 64 42 40 70 65 112 53 45 40 47 291 49 49 51 93 118 44 68
internal_value=0.00334282 -0.00545024 -0.0125 0.0385986 -0.0194245 0.0138095 0.0213068 0.021875 -0.0228898 -0.0185647 -0.0127642 -0.0174721 -0.00775076 0.00594059 -0.0342105 -0.00322581 0.033815 -0.0327751 -0.0155914 -0.00652174 0.0346491 -0.0295276 0.0444737 0.0308989 -0.0190722 0.00376344 0.0403955 -0.045122 0.0441606 0.0417293
internal_weight=2109 1688 1336 421 1112 105 352 224 1007 843 615 538 329 202 228 124 173 209 93 138 228 127 380 89 97 93 177 164 137 133
internal_count=2109 1688 1336 421 1112 105 352 224 1007 843 615 538 329 202 228 124 173 209 93 138 228 127 380 89 97 93 177 164 137 133
cat_boundaries=0 1 2
cat_threshold=1 2
is_linear=0
shrinkage=0.05


Tree=17
num_leaves=31
num_cat=0
split_feature=60 19 16 9 29 68 12 8 18 17 21 62 61 30 19 12 33 19 31 57 61 30 63 8 57 12 57 39 18 35
split_gain=270.092 132.163 120.923 64.3672 57.635 47.5425 52.6568 45.5903 67.8954 45.0668 18.182 16.2668 79.1124 14.4213 14.1858 13.2037 12.7042 10.4697 10.2775 10.0409 9.28103 9.14286 9.05494 5.52594 3.35238 2.99482 2.83205 8.07033 2.67955 1.47273
threshold=1252.9250000000002 675.00000000000011 0.85638305456878128 4087.9150000000004 -36.369999999999997 5.2235000000000023 88.155000000000015 5868.7981859410438 2595.0000000000005 2920.0000000000005 1965.0000000000002 3364.6150000000007 3340.9650000000006 70.260000000000005 285.00000000000006 105.59000000000002 0.70187437812547027 445.00000000000006 332.69 48.645000000000003 2398.0350000000003 39.819999999999943 0.81677354899838817 5868.7981859410438 102.22000000000001 95.570000000000007 89.780000000000015 -26.504979340154769 2145.0000000000005 0.028892765861576804
decision_type=2 2 2 2 2 2 2 2 2 2 2 2 2 2 2 2 2 2 2 2 2 2 2 2 2 2 2 2 2 2
left_child=3 2 4 15 -2 7 -7 17 21 19 -8 26 -13 14 -6 -1 22 28 20 -3 -10 -9 -11 -21 -23 -22 -12 -28 -4 -25
right_child=1 9 5 -5 13 6 10 8 18 16 11 12 -14 -15 -16 -17 -18 -19 -20 23 25 24 -24 29 -26 -27 27 -29 -30 -31
leaf_value=0.79685367871662161 -6.7027281951114155 0.79929527210847917 -3.059244161495636 -8.3565198561913689 0.79685367871662161 0.47008549333347321 -5.466503896432906 0.97194256190456163 -3.5480512931393147 -2.2359013140150288 -8.4000362379593536 0.56489696785197629 -11.614253472623476 0.78800636269897384 0.79685367871662161 0.79685367871662161 -8.9282096162829525 -0.92450009153868251 0.46862367737499966 0.79685367871662161 -0.99053446367475184 1.8290433444546315 2.3088397085498928 0.79685367871662161 0.99476624148866799 -3.2883961639264854 -7.6729945746902963 -6.7318168717473128 -3.887974169893603 0.79685367871662161
leaf_weight=331 52 44 47 40 41 76 51 42 43 41 245 49 100 52 105 70 54 41 40 51 48 40 43 81 44 43 51 40 69 44
leaf_count=331 52 44 47 40 41 76 51 42 43 41 245 49 100 52 105 70 54 41 40 51 48 40 43 81 44 43 51 40 69 44
internal_value=0.00316336 -0.00599284 -0.0133055 0.0379819 0.018 -0.0206268 -0.0297386 -0.00842451 0.003 0.0209497 -0.0352612 -0.0382474 -0.0244966 0.030303 0.0383562 0.044015 -0.00144928 -0.0302548 -0.0172414 0.035 -0.0238806 0.0309524 0.0107143 0.0403409 0.0404762 -0.0148352 -0.0443452 -0.0368132 -0.037931 0.046
internal_weight=2118 1677 1319 441 250 1069 612 457 300 358 536 485 149 198 146 401 138 157 174 220 134 126 84 176 84 91 336 91 116 125
internal_count=2118 1677 1319 441 250 1069 612 457 300 358 536 485 149 198 146 401 138 157 174 220 134 126 84 176 84 91 336 91 116 125
is_linear=0
shrinkage=0.05


Tree=18
num_leaves=31
num_cat=0
split_feature=60 25 16 68 11 9 8 21 30 13 5 61 20 5 62 30 31 62 61 13 5 60 61 44 44 11 68 12 58 13
split_gain=282.379 113.549 126.71 57.7266 47.1447 47.0816 43.8303 69.312 35.8016 34.065 41.2404 97.1164 15.6529 14.6405 12.939 12.8173 12.648 12.1603 11.0836 10.85 8.68718 18.6154 5.35424 5.29636 3.37727 3.29891 2.97721 2.03145 1.93862 1.67442
threshold=1252.9250000000002 724.99999999999989 0.85457202410498234 20.187500000000004 3778.1600000000003 4087.9150000000004 5868.7981859410438 2595.0000000000005 42.225000000000144 77.555000000000021 0.80909090909090919 3340.9650000000006 1625.0000000000002 0.31666666666666671 2216.9550000000004 70.260000000000005 243.47500000000005 4242.6950000000006 1043.7700000000002 103.65500000000002 0.46060606060606063 3499.7800000000002 2233.2100000000005 0.031927748287564763 0.027666548988551254 2822.1800000000007 23.141500000000011 105.59000000000002 48.900000000000013 98.270000000000024
decision_type=2 2 2 2 2 2 2 2 2 2 2 2 2 2 2 2 2 2 2 2 2 2 2 2 2 2 2 2 2 2
left_child=5 2 8 6 14 18 16 13 -2 -5 12 -12 -11 -8 -3 22 24 -6 -1 25 23 -22 -10 -9 -4 -16 -14 -20 -28 -26
right_child=1 4 3 9 17 -7 7 20 15 10 11 -13 26 -15 19 -17 -18 -19 27 -21 21 -23 -24 -25 29 -27 28 -29 -30 -31
leaf_value=0.75701099478079081 -5.9955991614624518 0.75701099478079081 -1.8410827336326958 0.039832042348196241 1.251842794957061 -3.4053938349384625 1.1187960612283463 -4.0815197418291849 0.75701099478079081 -5.1608948453851466 1.3452321174757316 -7.2497109825240544 -7.7403112565844001 0.92768748854920491 0.75701099478079081 0.74860604456402491 -2.0240868816661206 -7.8976690402889069 0.75701099478079081 0.75701099478079081 1.7755834092048772 -4.9481723125320132 0.75701099478079081 -1.1586154733047758 -9.1922010995756764 0.84982574470956251 -7.2283462370410092 0.75701099478079081 -8.5078414380173033 -2.7299816182759855
leaf_weight=51 49 40 46 76 41 40 69 41 40 40 50 61 51 73 130 54 49 47 305 40 52 52 78 50 43 44 53 51 251 43
leaf_count=51 49 40 46 76 41 40 69 41 40 40 50 61 51 73 130 54 49 47 305 40 52 52 78 50 43 44 53 51 251 43
internal_value=0.00398104 -0.0055021 -0.0121499 -0.0190909 0.0201754 0.0392617 -0.00694981 0.0037092 0.0223982 -0.0298969 -0.034585 -0.00765766 -0.0421519 0.0302817 0.0311024 0.0331395 -0.0267956 -0.0113636 0.0443489 0.0359813 -0.015641 -0.00576923 0.0423729 -0.0269231 -0.0348485 0.0413793 -0.045493 0.0474719 -0.0473684 -0.0406977
internal_weight=2110 1663 1321 1100 342 447 518 337 221 582 506 111 395 142 254 172 181 88 407 214 195 104 118 91 132 174 355 356 304 86
internal_count=2110 1663 1321 1100 342 447 518 337 221 582 506 111 395 142 254 172 181 88 407 214 195 104 118 91 132 174 355 356 304 86
is_linear=0
shrinkage=0.05


Tree=19
num_leaves=31
num_cat=0
split_feature=60 25 16 68 13 17 17 5 61 29 15 18 59 57 24 33 5 5 20 29 32 35 62 68 39 45 19 38 29 29
split_gain=251.172 109.309 128.762 68.6226 45.946 45.2082 43.5784 38.4239 101.258 32.5695 28.1586 17.3021 16.8289 16.4402 14.2782 13.7007 11.5714 11.1538 15.4933 11.1085 10.0017 8.41984 6.92004 6.88515 6.78496 6.26906 6.0236 4.7021 4.06587 3.04738
threshold=1252.9250000000002 735.00000000000011 0.85457202410498234 1.0000000180025095e-35 77.795000000000016 4135.0000000000009 3105.0000000000005 0.80909090909090919 3340.9650000000006 -36.369999999999997 1.1100000000000068 1745.0000000000002 906.34500000000014 48.645000000000003 1965.0000000000002 0.47017242151582422 0.84523809523809534 0.48333333333333339 3005.0000000000005 -20.009999999999987 0.85159722459464537 0.012726456606560651 2357.9900000000002 21.839000000000002 -27.697797839309079 0.0071167759196495003 314.99999999999994 93.395997732426636 -83.819999999999979 -42.094999999999906
decision_type=2 2 2 2 2 2 2 2 2 2 2 2 2 2 2 2 2 2 2 2 2 2 2 2 2 2 2 2 2 2
left_child=5 2 9 10 21 12 13 14 -9 -2 -4 -12 -1 -3 -6 24 20 22 25 26 -8 -5 -17 -16 -13 -19 -11 -24 -15 -14
right_child=1 6 3 4 7 -7 16 8 -10 19 11 15 29 28 23 17 -18 18 -20 -21 -22 -23 27 -25 -26 -27 -28 -29 -30 -31
leaf_value=0.71916044504175147 -5.605119149220628 0.71869934582034323 0.86042504633326478 0.71044611902479327 -5.6092315585133008 -3.3411866424762842 0.78308028666509844 1.2779705116019444 -12.015496596103068 0.71916044504175147 0.86044618654759408 -1.0370110258723741 0.71916044504175147 0.71916044504175147 -7.0335354902134206 -0.58237046404267123 2.61173343856102 -1.1324296632363464 -3.1525558837877785 0.7151680936887872 -15.366978554681053 -0.66528560733611641 -1.6904441145571418 -7.5826210997700123 0.77092590202341926 1.0566377927272037 0.71916044504175147 -3.7493727115452802 0.71916044504175147 0.71916044504175147
leaf_weight=45 42 45 42 48 45 40 40 51 65 44 46 47 91 41 46 47 42 40 47 58 44 42 49 335 46 46 87 55 129 264
leaf_count=45 42 45 42 48 45 40 40 51 65 44 46 47 91 41 46 47 42 40 47 58 44 42 49 335 46 46 87 55 129 264
internal_value=0.00457563 -0.004284 -0.0107681 -0.0179125 -0.0286392 0.0381818 0.0209677 -0.0341328 -0.00862069 0.0231602 -0.00333333 -0.0072104 0.04325 0.0346512 -0.0410798 -0.0107427 -0.00238095 -0.0161972 -0.0056391 0.0320106 -0.0130952 0.00444444 -0.0254967 -0.0442257 0.00591398 0.00697674 0.0400763 -0.0326923 0.0417647 0.0469014
internal_weight=2109 1669 1328 1097 632 440 341 542 116 231 465 423 400 215 426 377 126 284 133 189 84 90 151 381 93 86 131 104 170 355
internal_count=2109 1669 1328 1097 632 440 341 542 116 231 465 423 400 215 426 377 126 284 133 189 84 90 151 381 93 86 131 104 170 355
is_linear=0
shrinkage=0.05


Tree=20
num_leaves=31
num_cat=2
split_feature=60 25 16 68 11 20 13 29 5 61 15 30 21 59 11 4 8 21 47 20 27 29 31 47 68 44 23 40 43 44
split_gain=268.011 125.624 118.07 64.7174 46.6708 45.6913 43.9773 40.8856 37.1585 86.3371 35.9393 22.2817 20.067 15.6912 15.5926 34.4333 15.3129 22.4951 13.9345 12.5214 7.01037 7.95501 6.80733 5.54821 3.37108 2.97968 1.98434 1.4457 0.525709 0.545144
threshold=1252.9250000000002 635.00000000000011 0.85457202410498234 5.2235000000000023 4340.5000000000009 4050.0000000000005 77.555000000000021 -36.369999999999997 0.80909090909090919 3356.4700000000007 0.88500000000001233 74.799999999999969 1965.0000000000002 906.34500000000014 1628.3650000000002 3.5000000000000004 5868.7981859410438 2585.0000000000005 0 3075.0000000000005 1.0000000180025095e-35 -77.259999999999977 199.14999999999989 1 22.290999999999986 0.031262860082304507 3575.0000000000005 -21.07238348869711 0.73083515004650634 0.020141145807111453
decision_type=2 2 2 2 2 2 2 2 2 2 2 2 2 2 2 2 2 2 1 2 2 2 2 1 2 2 2 2 2 2
left_child=4 2 7 10 13 14 -5 -2 12 -10 -4 16 -8 -1 -3 -16 22 -18 -9 27 21 -19 25 -20 -14 -12 -15 -17 -26 -30
right_child=1 5 3 6 -6 -7 8 18 9 -11 11 -13 24 26 15 19 17 20 23 -21 -22 -23 -24 -25 28 -27 -28 -29 29 -31
leaf_value=0.68320242278966248 -5.8554382764458763 0.68320242278966248 0.81740379401660168 0.34840567903503938 -3.0680648110677247 -7.5963882048162503 -5.0612700568815807 0.68320242278966248 1.214071986021847 -6.2864506035926979 -2.580077783671495 0.67045441930616789 -6.6818587157027487 0.68320242278966248 -6.9435296096315113 0.68320242278966248 1.0275650317522371 -2.5147854413243902 0.68320242278966248 1.5930932330222234 0.091854427410233086 -3.7929215490098684 -1.1153551078457802 0.68320242278966248 -5.941878446725207 -3.3131756018122758 0.68320242278966248 0.68320242278966248 -6.9828378209948454 -7.7979327424569167
leaf_weight=50 42 69 40 76 40 54 51 40 49 59 41 56 40 305 58 49 72 49 69 77 42 59 41 70 40 49 40 67 48 241
leaf_count=50 42 69 40 76 40 54 51 40 49 59 41 56 40 305 58 49 72 49 69 77 42 59 41 70 40 49 40 67 48 241
internal_value=0.00405665 -0.00515777 -0.0126374 -0.0196106 0.0389655 0.0203209 -0.030298 0.0205882 -0.0354167 -0.00925926 -0.00523385 -0.0096577 -0.0421429 0.0441772 0.0275 0.0217131 -0.0143059 -0.00630631 0.0310056 0.0318653 -0.0173333 -0.0240741 -0.0278626 0.0384892 -0.046206 -0.0355556 0.047971 0.0422414 -0.0478723 -0.0486159
internal_weight=2083 1648 1274 1053 435 374 604 221 528 108 449 409 420 395 320 251 353 222 179 193 150 108 131 139 369 90 345 116 329 289
internal_count=2083 1648 1274 1053 435 374 604 221 528 108 449 409 420 395 320 251 353 222 179 193 150 108 131 139 369 90 345 116 329 289
cat_boundaries=0 1 2
cat_threshold=1 2
is_linear=0
shrinkage=0.05


Tree=21
num_leaves=31
num_cat=1
split_feature=60 19 13 68 3 9 17 15 68 4 61 30 45 19 31 59 21 68 68 8 63 13 9 9 45 19 29 15 37 4
split_gain=257.495 108.701 108.16 79.2999 70.5812 53.8062 51.1073 39.8928 24.0977 22.2082 70.0172 21.3685 21.5897 20.0908 16.3175 15.0295 11.4292 10.1078 7.49599 11.6512 9.76788 6.07414 5.81758 5.65044 5.32808 4.17701 3.24545 5.1584 2.73789 1.90301
threshold=1252.9250000000002 585.00000000000011 78.310000000000016 19.869999999999997 0 4098.8250000000007 4105.0000000000009 0.71499999999999642 -5.9230000000000009 8.5000000000000018 3356.4700000000007 61.110000000000134 0.0053568555737693513 420.00000000000017 209.74499999999992 1045.3150000000003 2015.0000000000002 22.800000000000015 68.109000000000023 5868.7981859410438 0.94051224076316242 93.345000000000013 2925.3800000000006 2895.5800000000004 0.012351615243362202 864.99999999999989 -42.094999999999906 32.435000000000009 0.78456981237763801 5.5000000000000009
decision_type=2 2 2 2 1 2 2 2 2 2 2 2 2 2 2 2 2 2 2 2 2 2 2 2 2 2 2 2 2 2
left_child=5 2 4 7 13 15 8 -4 -3 16 -11 21 -13 18 -6 -1 -5 22 19 -2 -21 -9 25 24 -23 -10 27 -17 -16 -18
right_child=1 6 3 9 14 -7 -8 11 17 10 -12 12 -14 -15 28 26 29 -19 -20 20 -22 23 -24 -25 -26 -27 -28 -29 -30 -31
leaf_value=0.64904230165017796 -4.9360088226664089 -0.098764115713953521 0.77653360431577034 -4.3370411661200299 0.64904230165017796 -7.4034616294752542 -12.751948729672057 -5.5418375237732809 1.0603298001242991 1.1533683867207543 -5.7288685637763095 -1.4249428453247379 0.87796369958432485 -4.9047343877165197 0.64904230165017796 0.64904230165017796 -6.2680856714207067 0.64904230165017796 0.59333191258078277 -10.24219797020559 1.6624088100718097 -1.7652306510133415 1.2067871805842942 -3.1164518266416579 0.42487940797174417 0.64904230165017796 0.64904230165017796 0.64904230165017796 0.64904230165017796 -9.4996111822241662
leaf_weight=49 49 76 40 47 42 40 40 51 47 41 58 60 67 60 98 41 216 42 53 48 41 42 59 42 45 113 267 46 45 123
leaf_count=49 49 76 40 47 42 40 40 51 47 41 58 60 67 60 98 41 216 42 53 48 41 42 59 42 45 113 267 46 45 123
internal_value=0.0039751 -0.00513678 -0.0121451 -0.0227163 0.00802752 0.0378104 0.018435 -0.00446686 0.0247774 -0.0357732 -0.0146465 -0.0105863 0.00511811 -0.00938697 0.0305128 0.0433002 -0.0411917 0.0319923 -0.00183246 -0.00797101 0.00280899 -0.0216667 0.0363014 -0.0158915 -0.00862069 0.04125 0.0468927 0.0385057 0.0402098 -0.0443953
internal_weight=2088 1645 1268 832 436 443 377 347 337 485 99 307 127 251 185 403 386 261 191 138 89 180 219 129 87 160 354 87 143 339
internal_count=2088 1645 1268 832 436 443 377 347 337 485 99 307 127 251 185 403 386 261 191 138 89 180 219 129 87 160 354 87 143 339
cat_boundaries=0 1
cat_threshold=18
is_linear=0
shrinkage=0.05


Tree=22
num_leaves=31
num_cat=0
split_feature=60 25 16 68 13 9 17 8 18 29 4 61 24 30 30 17 57 27 18 12 30 19 38 68 60 61 57 15 30 29
split_gain=264.355 125.406 122.204 60.0362 56.6286 51.6701 45.7319 43.7798 72.1757 31.9828 22.9415 79.3161 20.8814 15.1754 14.4322 12.3403 17.7561 11.9707 10.053 8.66197 8.20838 7.07032 5.56724 4.59096 4.57251 3.52 2.25067 2.04189 1.74826 2.44715
threshold=1252.9250000000002 735.00000000000011 0.85457202410498234 5.2235000000000023 77.555000000000021 4087.9150000000004 4065.0000000000009 5868.7981859410438 2595.0000000000005 -36.369999999999997 8.5000000000000018 3340.9650000000006 1965.0000000000002 60.550000000000189 70.260000000000005 2865.0000000000005 41.650000000000013 1.0000000180025095e-35 4805.0000000000009 105.59000000000002 39.819999999999943 314.99999999999994 75.223843537414965 21.839000000000002 2952.5800000000004 2878.0550000000007 102.14500000000002 71.450000000000017 56.904999999999752 -62.124999999999993
decision_type=2 2 2 2 2 2 2 2 2 2 2 2 2 2 2 2 2 2 2 2 2 2 2 2 2 2 2 2 2 2
left_child=5 2 9 7 22 19 15 13 20 -2 12 -12 -6 27 21 16 -3 24 -17 28 -9 -11 -5 -14 -10 -26 -22 -4 29 -1
right_child=1 6 3 4 10 -7 -8 8 17 14 11 -13 23 -15 -16 18 -18 -19 -20 -21 26 -23 -24 -25 25 -27 -28 -29 -30 -31
leaf_value=0.61659018656766884 -4.5790848423243515 0.62149316854646486 -14.364918086896234 0.80085887856900229 -4.5515141051749435 -4.3053135371296047 -6.524522755883301 0.89829314430674578 -1.7144730057316782 0.61659018656766884 1.0956999673847179 -4.6109253240331638 -5.864800107804478 -0.96047902884730485 0.60880510142939104 -0.51457498291467163 0.61659018656766884 0.25045572403575633 2.7846841839083369 0.61659018656766884 1.8824015063166606 0.61659018656766884 -0.030791850984246597 -6.8774274215323929 -2.9295642402295701 -2.9616652169827415 0.81916476034230223 -1.249445654918369 0.61659018656766884 0.61659018656766884
leaf_weight=43 46 41 57 43 45 40 47 43 48 42 43 62 41 63 55 42 156 50 44 70 40 86 41 332 41 43 54 40 251 41
leaf_count=43 46 41 57 43 45 40 47 43 48 42 43 62 41 63 55 42 156 50 44 70 40 86 41 332 41 43 54 40 251 41
internal_value=0.00502392 -0.00422492 -0.0111407 -0.01814 -0.0285832 0.0392135 0.0233333 -0.00490605 0.00579937 0.0220524 -0.0347036 -0.0138095 -0.0399522 -0.02625 0.0314208 0.0309187 0.0378173 -0.0148352 0.0151163 0.0445679 0.0332117 0.040625 0.00952381 -0.0438338 -0.0227273 -0.0297619 0.0414894 -0.0386598 0.0479104 0.0416667
internal_weight=2090 1645 1315 1086 607 445 330 479 319 229 523 105 418 160 183 283 197 182 86 405 137 128 84 373 132 84 94 97 335 84
internal_count=2090 1645 1315 1086 607 445 330 479 319 229 523 105 418 160 183 283 197 182 86 405 137 128 84 373 132 84 94 97 335 84
is_linear=0
shrinkage=0.05


Tree=23
num_leaves=31
num_cat=0
split_feature=62 19 5 23 4 11 32 17 68 16 59 8 8 9 5 16 10 23 57 59 18 33 59 62 9 68 9 25 31 61
split_gain=241.86 100.248 91.2355 102.853 67.8716 94.9538 49.0659 41.4704 32.8987 26.5168 26.2684 20.904 20.7134 21.6242 18.7738 17.7884 16.6464 14.1187 13.5162 12.2339 10.3956 10.1319 10.0497 9.17675 9.77266 8.96975 5.80798 3.90508 3.45762 1.20743
threshold=1574.2700000000002 625.00000000000011 0.38750000000000007 3085.0000000000005 8.5000000000000018 2346.8800000000006 0.58358020735920768 3105.0000000000005 20.187500000000004 0.85457202410498234 3039.0550000000007 4490.1587301587306 5868.7981859410438 1756.3800000000003 0.84523809523809534 0.88291466219925152 149.42500000000004 3595.0000000000005 47.980000000000011 906.34500000000014 2025.0000000000002 0.68782780771013075 1992.2050000000002 3358.5800000000004 2471.9800000000005 -5.6045000000000069 2594.6100000000001 275.00000000000006 344.67000000000002 1990.8700000000001
decision_type=2 2 2 2 2 2 2 2 2 2 2 2 2 2 2 2 2 2 2 2 2 2 2 2 2 2 2 2 2 2
left_child=6 2 8 4 5 11 -1 18 12 -5 23 15 -2 -14 21 -4 28 19 -3 -8 -10 -9 -15 24 -7 -20 -26 -22 -11 -27
right_child=1 7 3 9 -6 10 17 14 20 16 -12 -13 13 22 -16 -17 -18 -19 25 -21 27 -23 -24 -25 26 29 -28 -29 -30 -31
leaf_value=-4.343858595194475 -11.764843774960898 0.59041851011914159 0.58576067723928416 0.58206276179860339 0.58576067723928416 0.059373062715559401 1.2832966816216613 0.010600666933036252 -2.9195164924899522 -11.302137029790192 -9.4748385803348025 0.83560250722636631 1.1852260839891131 -5.9989566075125254 2.616903180237685 -0.30354727423255529 -0.63452176599312304 0.58576067723928416 0.58576067723928416 0.58576067723928416 -5.0034280303134153 -13.198550331026674 -0.081140679401584856 0.54005376123276605 -3.0596025703363083 0.58576067723928416 -2.0519010890041827 -5.6870756211545679 -8.6807592520363386 0.58576067723928416
leaf_weight=52 60 45 66 44 109 67 57 58 42 46 54 74 49 45 47 52 44 52 40 328 40 44 40 40 42 75 61 157 105 66
leaf_count=52 60 45 66 44 109 67 57 58 42 46 54 74 49 45 47 52 44 52 40 328 40 44 40 40 42 75 61 157 105 66
internal_value=0.00549738 -0.00384615 -0.0107114 -0.000746269 0.010885 0.00241228 0.0362986 0.0188 -0.0292148 -0.0282427 -0.0170455 0.0291667 -0.0139175 -0.00298507 -0.00167785 0.0161017 -0.0361538 0.041762 0.0323009 0.0450649 -0.0416318 -0.0137255 -0.0182353 -0.00904762 -0.0141176 0.0383978 -0.0237864 -0.0464467 -0.0440397 0.0443262
internal_weight=2101 1612 1237 804 565 456 489 375 433 239 264 192 194 134 149 118 195 437 226 385 239 102 85 210 170 181 103 197 151 141
internal_count=2101 1612 1237 804 565 456 489 375 433 239 264 192 194 134 149 118 195 437 226 385 239 102 85 210 170 181 103 197 151 141
is_linear=0
shrinkage=0.05


Tree=24
num_leaves=31
num_cat=0
split_feature=62 19 16 32 68 12 29 5 61 15 9 30 57 30 15 18 8 18 31 19 22 59 13 16 57 14 58 34 44 68
split_gain=256.706 109.517 91.0706 55.1745 53.7998 44.5074 42.7301 37.2973 88.2767 35.1404 30.612 18.6827 18.6751 17.9124 17.3341 13.6168 9.88517 22.5657 11.4792 8.51399 8.42069 8.21508 7.24311 5.97628 5.41891 5.7619 3.52655 2.54853 1.50134 0.590847
threshold=1574.2700000000002 565.00000000000011 0.85638305456878128 0.58358020735920768 20.187500000000004 88.155000000000015 -33.980000000000011 0.80909090909090919 3340.9650000000006 0.80000000000000437 3032.5700000000002 70.260000000000005 41.650000000000013 74.249999999999901 57.925000000000018 4170.0000000000009 5868.7981859410438 2575.0000000000005 187.77499999999989 324.99999999999994 275.00000000000006 906.34500000000014 98.565000000000012 0.98151179866479821 122.35500000000002 127.63500000000001 55.95000000000001 0.92377299171606986 0.031720539558620857 30.455500000000011
decision_type=2 2 2 2 2 2 2 2 2 2 2 2 2 2 2 2 2 2 2 2 2 2 2 2 2 2 2 2 2 2
left_child=3 2 6 -1 9 -6 -2 20 -9 -4 12 19 -3 16 -12 21 18 -18 28 -8 -7 -5 27 -16 25 -19 -22 -14 -11 -28
right_child=1 10 4 15 5 7 11 8 -10 13 14 -13 22 -15 23 -17 17 24 -20 -21 26 -23 -24 -25 -26 -27 29 -29 -30 -31
leaf_value=-4.3678617678783347 -4.6602475613203866 -1.6403553448589379 0.65496856072154808 1.2191318475405781 0.18008729016902053 -7.1545288639098592 0.55647264337731883 1.0116269351535181 -5.4320198673254758 -2.0098501833793265 -8.6980071981774554 0.5490768124959573 0.55647264337731883 0.51392323192072487 2.6909422712671756 0.55647264337731883 0.97594913119263826 -9.3646437261274684 -0.36842297528489998 0.55647264337731883 -5.3912019790704946 0.55647264337731883 0.55647264337731883 0.012782383656220021 -2.4633449020522988 0.1223668552196454 -5.7765279134403844 0.55647264337731883 -6.114281833286201 -5.7599467489743139
leaf_weight=57 52 42 42 55 76 60 43 48 58 40 49 55 65 54 46 56 62 42 43 75 69 325 57 42 53 42 43 68 52 197
leaf_count=57 52 42 42 55 76 60 43 48 58 40 49 55 65 54 46 56 62 42 43 75 69 325 57 42 53 42 43 68 52 197
internal_value=0.00512573 -0.00473016 -0.0120232 0.0366126 -0.0186035 -0.0289474 0.0166667 -0.0346316 -0.00849057 -0.00534884 0.0191057 0.0286127 0.0301724 -0.0100515 0.000364964 0.0426606 -0.0143713 -0.00728643 -0.0248148 0.0398305 -0.0421409 0.0460526 0.0368421 0.0136364 -0.0186131 -0.0107143 -0.0454693 0.0432331 -0.0347826 -0.0483333
internal_weight=2068 1575 1206 493 981 551 225 475 106 430 369 173 232 388 137 436 334 199 135 118 369 380 190 88 137 84 309 133 92 240
internal_count=2068 1575 1206 493 981 551 225 475 106 430 369 173 232 388 137 436 334 199 135 118 369 380 190 88 137 84 309 133 92 240
is_linear=0
shrinkage=0.05


Tree=25
num_leaves=31
num_cat=0
split_feature=62 25 16 68 34 13 15 9 30 5 61 9 30 57 30 8 45 62 68 5 58 5 19 59 9 14 20 11 58 25
split_gain=235.331 108.868 88.5461 69.1561 61.9763 51.5128 43.8723 40.1883 39.1323 33.6695 89.027 23.0965 20.2201 17.4968 16.7654 15.2261 14.8869 14.6925 14.3095 15.0417 12.2047 8.98173 8.41558 6.49123 6.01309 6.28874 5.93505 5.54173 2.90507 2.74074
threshold=1574.2700000000002 729.99999999999989 0.85457202410498234 1.0000000180025095e-35 0.63062621301165744 77.555000000000021 1.0249999999999988 3483.0600000000004 45.960000000000043 0.80909090909090919 3340.9650000000006 3978.7800000000002 58.975000000000144 40.820000000000007 70.260000000000005 5868.7981859410438 0.0053568555737693513 4274.0550000000012 27.185999999999989 0.26969696969696971 88.740000000000023 0.15476190476190474 404.99999999999983 2115.1350000000007 2522.7750000000005 132.17500000000001 2575.0000000000005 2338.2300000000005 55.95000000000001 645.00000000000011
decision_type=2 2 2 2 2 2 2 2 2 2 2 2 2 2 2 2 2 2 2 2 2 2 2 2 2 2 2 2 2 2
left_child=4 2 8 6 -1 27 -4 13 -2 18 -11 21 15 -3 23 22 -14 -9 19 -7 -17 -6 -8 -10 -22 -26 -15 -5 -20 -23
right_child=1 7 3 5 11 9 12 17 14 10 -12 -13 16 26 -16 20 -18 -19 28 -21 24 29 -24 -25 25 -27 -28 -29 -30 -31
leaf_value=-4.4863359940678027 -4.5457154926796681 0.63757432561700123 0.62222013268547016 0.69650248980069807 1.1581752551635505 -9.1172536845579035 -11.389059540548812 1.5744460965512603 0.5286490112084522 0.96104558839584231 -4.163218909278104 0.5286490112084522 -0.35000182652065492 0.5286490112084522 0.52180786764319298 1.4437961304319331 0.7537895257995203 -7.5076733704621548 -4.7798106842411237 -1.925141599073021 -0.12200506570216163 0.5286490112084522 -0.99034106191308635 0.5286490112084522 -14.738951363115323 -0.52683877444963156 0.616823023640788 -0.041225276079262588 -5.8129568824974331 0.5286490112084522
leaf_weight=46 48 43 41 40 46 48 56 61 40 50 61 40 67 153 54 41 74 41 58 48 61 321 44 74 41 40 49 41 233 53
leaf_count=46 48 43 41 40 46 48 56 61 40 50 61 40 67 153 54 41 74 41 58 48 61 321 44 74 41 40 49 41 233 53
internal_value=0.00603407 -0.00332918 -0.0101587 -0.0161877 0.0357708 -0.0277202 -0.00182796 0.0214697 0.0189815 -0.0337349 -0.00945946 0.0413043 -0.00660377 0.032449 0.0303571 -0.014311 0.00886525 -0.00490196 -0.0406977 -0.0239583 -0.0057377 0.0447619 -0.03 0.0412281 -0.0126761 -0.0216049 0.0386139 0.00925926 -0.0462199 0.0473262
internal_weight=2113 1607 1260 1044 506 579 465 347 216 498 111 460 424 245 168 283 141 102 387 96 183 420 100 114 142 81 202 81 291 374
internal_count=2113 1607 1260 1044 506 579 465 347 216 498 111 460 424 245 168 283 141 102 387 96 183 420 100 114 142 81 202 81 291 374
is_linear=0
shrinkage=0.05


Tree=26
num_leaves=31
num_cat=1
split_feature=60 25 16 29 5 21 29 9 9 14 5 15 23 5 11 5 61 57 61 9 60 47 29 23 29 30 14 16 29 15
split_gain=246.027 111.176 114.253 50.3981 42.2221 59.6192 40.7214 38.5469 37.6398 31.5629 48.2201 24.7234 18.4045 42.012 17.0598 25.9653 15.0251 14.5608 12.7777 11.3426 12.0341 10.9382 16.2429 10.3096 9.17516 8.69844 8.2439 7.97895 2.69669 3.38824
threshold=1252.9250000000002 724.99999999999989 0.85457202410498234 -12.265000000000098 0.19090909090909094 2065.0000000000005 -36.369999999999997 4087.9150000000004 3032.5700000000002 7.5050000000000034 0.38750000000000007 54.045000000000023 3115.0000000000005 0.78888888888888908 2346.8800000000006 0.80909090909090919 2426.4250000000006 47.980000000000011 1043.7700000000002 2882.7800000000002 2625.6400000000008 0 -24.249999999999883 2115.0000000000005 -72.874999999999986 47.794999999999966 71.180000000000021 0.97936215489236578 -42.094999999999906 32.435000000000009
decision_type=2 2 2 2 2 2 2 2 2 2 2 2 2 2 2 2 2 2 2 2 2 1 2 2 2 2 2 2 2 2
left_child=7 2 6 4 24 26 -2 18 17 12 16 -10 13 -7 23 19 -11 -3 -1 20 -16 -8 -23 -12 -4 -26 -6 -13 29 -20
right_child=1 8 3 -5 5 9 21 -9 11 10 14 27 -14 -15 15 -17 -18 -19 28 -21 -22 22 -24 -25 25 -27 -28 -29 -30 -31
leaf_value=0.43420680022074976 -4.3307134085886707 0.60569560933615207 -3.3465703515905383 0.5911091260511967 2.3093954838938915 -8.605996996772447 0.50221656064802855 -2.147105960835952 -7.5100064358422616 -4.5535987239224216 -0.0053944223509958533 3.1924782134244896 -8.0516634030670424 0.10441331095969703 -1.6798535452275134 1.5615461883080402 -0.38119880206841827 0.50221656064802855 0.50221656064802855 -3.5138126562925338 0.28251369261199244 0.50221656064802855 -0.53987353536583105 0.82222516852162786 -6.1897379796424676 -8.4085861315042649 0.53206521685119412 0.3815895324360753 0.50221656064802855 0.50221656064802855
leaf_weight=45 46 54 107 46 41 56 77 40 48 124 42 45 107 45 67 62 40 158 45 72 77 66 40 45 44 56 41 49 269 40
leaf_count=45 46 54 107 46 41 56 77 40 48 124 42 45 107 45 67 62 40 158 45 72 77 66 40 45 44 56 41 49 269 40
internal_value=0.00601719 -0.00280967 -0.00956956 -0.0164179 -0.0187135 -0.0136142 0.0224891 0.0392938 0.0220339 -0.018114 -0.0116257 0.00211268 -0.0346154 -0.0193069 -0.00150685 -0.00755396 -0.0341463 0.0353774 0.043985 -0.0157407 -0.00763889 0.0330601 0.0226415 0.0178161 -0.0388889 -0.028 0.0268293 0.0170213 0.0471751 0.0394118
internal_weight=2094 1655 1301 1072 1026 819 229 439 354 737 529 142 208 101 365 278 164 212 399 216 144 183 106 87 207 100 82 94 354 85
internal_count=2094 1655 1301 1072 1026 819 229 439 354 737 529 142 208 101 365 278 164 212 399 216 144 183 106 87 207 100 82 94 354 85
cat_boundaries=0 1
cat_threshold=2
is_linear=0
shrinkage=0.05


Tree=27
num_leaves=31
num_cat=1
split_feature=60 25 13 68 46 20 9 14 5 61 31 30 30 4 68 9 31 5 17 21 59 9 59 17 68 14 34 29 10 63
split_gain=264.171 118.503 104.22 82.8055 46.84 45.0208 43.8133 41.4529 36.0676 75.4694 22.0238 20.3235 17.8355 14.6837 14.6595 12.9028 12.7992 10.4231 22.5416 10.051 9.64932 9.33373 8.60486 7.30195 6.53552 5.91597 3.37696 1.90054 3.65953 1.79846
threshold=1252.9250000000002 685.00000000000011 78.135000000000005 1.0000000180025095e-35 0 4105.0000000000009 4087.9150000000004 9.079999999999993 0.80909090909090919 3340.9650000000006 209.74499999999992 70.260000000000005 60.550000000000189 3.5000000000000004 -5.9230000000000009 3032.5700000000002 195.50000000000014 0.38750000000000007 1535.0000000000002 1965.0000000000002 806.50000000000011 1833.9450000000004 1992.2050000000002 2995.0000000000005 22.99250000000001 7.6600000000000046 0.94225711823042857 -27.275000000000087 124.47000000000001 0.77918805338771691
decision_type=2 2 2 2 1 2 2 2 2 2 2 2 2 2 2 2 2 2 2 2 2 2 2 2 2 2 2 2 2 2
left_child=6 2 4 7 11 14 20 -4 19 -10 -6 13 22 21 -3 17 -14 18 -16 -5 -1 -2 -9 -24 -21 -15 -12 28 -22 -26
right_child=1 5 3 8 10 -7 -8 12 9 -11 26 -13 16 25 15 -17 -18 -19 -20 24 27 -23 23 -25 29 -27 -28 -29 -30 -31
leaf_value=0.9789075888538179 0.32726653083417362 0.51449605348383332 0.5615536697486363 -4.3974675938235128 -0.28968208048030847 -9.2523498964135484 -5.2264366071062716 -4.3108227358817466 0.90777264342806641 -3.6522362881637345 0.47710573261562672 -8.7655734629774127 -0.95587808621495185 0.015891220492083136 0.47710573261562672 1.1035284387105642 0.48066886596065217 0.47710573261562672 -3.8164129775966389 -4.5103301091772776 0.47710573261562672 -3.8977446335942134 0.21875872781109679 -2.1353864021733808 -1.9586047709466614 0.59448480201187415 0.4999158027202853 0.47710573261562672 0.47710573261562672 -5.4029721614000126
leaf_weight=44 40 70 67 47 40 41 40 76 49 49 96 49 67 44 61 58 43 103 41 64 40 49 49 44 44 68 40 247 76 259
leaf_count=44 40 70 67 47 40 41 40 76 49 49 96 49 67 44 61 58 43 103 41 64 40 49 49 44 44 68 40 247 76 259
internal_value=0.00581948 -0.00337756 -0.0105919 -0.0206294 0.00962441 0.0213904 0.0399329 -0.0017341 -0.0333984 -0.00612245 0.0284946 -0.00461538 -0.0102151 0.00223881 0.0274775 0.0328897 0.00545455 0.0387805 0.027451 -0.0398551 0.0448403 -0.0129213 -0.0204142 -0.0102151 -0.0426431 0.0142857 0.0397059 0.0475207 0.0422414 -0.0457096
internal_weight=2105 1658 1284 858 426 374 447 346 512 98 176 250 279 201 333 263 110 205 102 414 407 89 169 93 367 112 136 363 116 303
internal_count=2105 1658 1284 858 426 374 447 346 512 98 176 250 279 201 333 263 110 205 102 414 407 89 169 93 367 112 136 363 116 303
cat_boundaries=0 1
cat_threshold=2
is_linear=0
shrinkage=0.05


Tree=28
num_leaves=31
num_cat=0
split_feature=60 25 16 68 13 17 29 11 5 61 29 24 57 5 15 31 61 15 62 45 16 16 31 68 71 45 12 58 29 57
split_gain=261.669 103.952 94.338 80.96 46.7656 40.9035 40.0855 31.032 30.0834 92.9953 28.2924 20.4988 20.3848 17.2432 16.7942 13.0138 12.9222 11.2565 14.6267 12.3985 9.86144 8.84532 6.81727 6.74846 5.99644 3.15979 2.85925 2.07059 1.81189 0.872804
threshold=1252.9250000000002 735.00000000000011 0.85457202410498234 1.0000000180025095e-35 77.555000000000021 2865.0000000000005 -36.369999999999997 4340.5000000000009 0.80909090909090919 3340.9650000000006 -16.089999999999915 1965.0000000000002 47.980000000000011 0.15476190476190474 54.045000000000023 282.03999999999979 3174.5200000000004 32.340000000000011 2357.9900000000002 0.015006350441049103 0.96973204906325583 0.97936215489236578 241.74499999999992 23.141500000000011 -23.526464723687347 0.0073997092344446009 105.59000000000002 59.885000000000012 -79.180000000000049 39.280000000000008
decision_type=2 2 2 2 2 2 2 2 2 2 2 2 2 2 2 2 2 2 2 2 2 2 2 2 2 2 2 2 2 2
left_child=7 2 6 10 -5 12 -2 13 11 -10 15 -6 -3 -1 -7 17 22 -4 -19 24 -17 -16 -8 -13 -20 -26 -15 -25 -14 -24
right_child=1 5 3 4 8 14 16 -9 9 -11 -12 23 28 26 21 20 -18 18 19 -21 -22 -23 29 27 25 -27 -28 -29 -30 -31
leaf_value=0.4108127005242011 -3.7990628502128376 0.55155554223856029 -9.9774764271191572 0.40904236347871292 -3.0810913813862837 -6.2941718853262563 0.45325044598484399 -0.75246784988438342 0.86238401125666264 -3.9835613297894938 0.53347598626120318 -4.3430761607763371 0.45325044598484399 0.45325044598484399 2.4106289732058386 0.42232030685971722 0.44561085609261686 0.68146014701489444 -1.4606434181704744 1.3154469028408025 -0.30262771457450627 -0.43624307367756221 0.45325044598484399 -3.6587517207358093 -1.7239617405226235 -0.18721116971209142 0.45325044598484399 -5.3360732585331014 0.45325044598484399 0.45325044598484399
leaf_weight=45 46 56 64 79 52 45 42 40 51 65 40 73 40 313 42 78 41 56 48 50 44 45 52 73 47 41 51 231 114 41
leaf_count=45 46 56 64 79 52 45 42 40 51 65 40 73 40 313 42 78 41 56 48 50 44 45 52 73 47 41 51 231 114 41
internal_value=0.00567696 -0.00350242 -0.00989346 -0.0159341 -0.0277244 0.0210526 0.0198198 0.0395323 -0.0329358 -0.0103448 -0.000213675 -0.0390443 0.0347619 0.043643 -0.000757576 -0.00397196 0.0306818 -0.00947712 -0.00454545 -0.0112903 0.00983607 0.012069 0.0381481 -0.0431034 -0.0191176 -0.0113636 0.0472527 -0.0463816 0.0441558 0.0456989
internal_weight=2105 1656 1314 1092 624 342 222 449 545 116 468 429 210 409 132 428 176 306 242 186 122 87 135 377 136 88 364 304 154 93
internal_count=2105 1656 1314 1092 624 342 222 449 545 116 468 429 210 409 132 428 176 306 242 186 122 87 135 377 136 88 364 304 154 93
is_linear=0
shrinkage=0.05


Tree=29
num_leaves=31
num_cat=0
split_feature=60 29 14 19 9 11 19 5 5 11 5 17 21 5 62 15 32 59 33 58 20 9 19 45 31 30 8 29 29 14
split_gain=251.738 102.414 134.238 51.7144 46.0454 43.7456 32.8859 47.0086 30.0265 28.7686 43.2667 26.6203 21.5418 20.7101 18.2717 16.64 15.7786 14.2403 11.6855 9.69772 9.69018 9.64119 8.15083 8.08572 7.56149 7.52492 6.27692 4.47127 3.14421 3.91875
threshold=1252.9250000000002 -61.309999999999995 7.5050000000000034 595.00000000000011 4087.9150000000004 3240.0550000000007 864.99999999999989 0.31666666666666671 0.36931818181818182 2267.7850000000003 0.80909090909090919 1535.0000000000002 3145.0000000000005 0.55050505050505061 4242.6950000000006 1.1850000000000096 0.92297312880686466 906.34500000000014 0.66047234431299717 111.72000000000001 1605.0000000000002 2843.2600000000007 410.00000000000028 0.012660439677752952 213.80000000000001 65.594999999999814 4309.8866213151941 -90.029999999999959 -42.094999999999906 8.9200000000000106
decision_type=2 2 2 2 2 2 2 2 2 2 2 2 2 2 2 2 2 2 2 2 2 2 2 2 2 2 2 2 2 2
left_child=4 3 5 8 17 -3 7 11 20 26 13 -4 23 18 16 -12 -5 -1 24 -13 -2 -8 -7 -10 -11 -15 -9 -14 29 -19
right_child=1 2 6 14 -6 22 21 9 12 10 15 19 27 25 -16 -17 -18 28 -20 -21 -22 -23 -24 -25 -26 -27 -28 -29 -30 -31
leaf_value=0.35343360487373304 -3.418467533066714 0.010684812677476431 0.88128861434919736 0.4305879236856015 -6.4952664668449351 -5.1473136056295097 0.4305879236856015 0.46892731434039947 -0.75085887864566958 0.31921616271058328 0.4305879236856015 -5.804573952839764 -1.9539896841607858 -0.90751699503780792 -8.903249601986623 0.4305879236856015 -6.3648659926468971 0.4305879236856015 -0.25873030984420636 -1.0836606672724329 -3.4178546315168221 0.79501549719342679 -7.1121279619170341 1.479422176214638 0.4305879236856015 -7.5226091286976642 0.65607065746056747 -4.7090368933883733 0.4305879236856015 0.4305879236856015
leaf_weight=52 42 69 55 72 40 56 94 52 40 49 88 76 59 47 49 53 40 40 78 43 199 40 115 47 42 44 68 41 266 54
leaf_count=52 42 69 55 72 40 56 94 52 40 49 88 76 59 47 49 53 40 40 78 43 199 40 115 47 42 44 68 41 266 54
internal_value=0.00563981 -0.00337756 0.00584659 -0.0201188 0.0387168 -0.0270833 0.01538 0.0110072 -0.0292056 0.0185221 0.0120948 -0.0114943 -0.0141711 0 0.00403727 0.0343972 0.0151786 0.0436893 0.010355 -0.0247899 -0.0408714 0.0380597 -0.0406433 0.00402299 0.0225275 -0.0192308 0.04 -0.03 0.0472222 0.0393617
internal_weight=2110 1658 1069 589 452 240 829 695 428 521 401 174 187 260 161 141 112 412 169 119 241 134 171 87 91 91 120 100 360 94
internal_count=2110 1658 1069 589 452 240 829 695 428 521 401 174 187 260 161 141 112 412 169 119 241 134 171 87 91 91 120 100 360 94
is_linear=0
shrinkage=0.05


Tree=30
num_leaves=31
num_cat=0
split_feature=60 25 29 14 4 9 9 11 5 5 9 24 58 15 63 5 38 59 5 13 59 59 11 5 9 4 14 30 13 29
split_gain=247.533 103.146 89.5296 114.729 50.7955 40.1705 34.746 33.1497 31.5106 28.6458 25.3922 22.8093 22.104 20.4607 20.4412 38.9548 14.3166 13.7097 12.8962 10.957 9.72535 7.00593 10.1507 6.26462 5.63713 5.62603 5.50674 5.20714 5.13818 2.4581
threshold=1252.9250000000002 635.00000000000011 -45.805000000000057 7.4799999999999978 8.5000000000000018 2955.6450000000004 4087.9150000000004 2294.5750000000003 0.36931818181818182 0.31666666666666671 2471.9800000000005 1735.0000000000002 104.11500000000001 48.835000000000015 0.8963209594706778 0.78888888888888908 43.231995464852623 906.34500000000014 0.19090909090909094 103.65500000000002 2122.4800000000005 2331.9800000000005 3213.7250000000008 0.4494949494949495 2586.5950000000007 4.5000000000000009 9.2900000000000151 68.960000000000278 99.120000000000019 -42.094999999999906
decision_type=2 2 2 2 2 2 2 2 2 2 2 2 2 2 2 2 2 2 2 2 2 2 2 2 2 2 2 2 2 2
left_child=6 2 8 14 7 18 17 9 11 12 -10 -2 -5 -7 15 -4 24 -1 -3 -15 -18 -12 -23 -11 -9 -22 -13 -6 -20 -19
right_child=1 5 3 4 27 13 -8 16 10 23 21 26 -14 19 -16 -17 20 29 28 -21 25 22 -24 -25 -26 -27 -28 -29 -30 -31
leaf_value=0.32321687822409334 -3.0835420971196292 0.40905852750132116 -7.3620717729302569 -3.7104825215770258 0.40905852750132116 -8.6016151842625828 -1.4160421166023747 -0.32494110628774142 0.60763583255523779 0.40905852750132116 -2.5645945449288043 -3.2568502393069951 1.4147733719807132 2.1439948361202044 -6.7565215638211829 0.26805049295895172 -1.0763899792266514 0.40905852750132116 0.49282383931204099 -1.6429213426989948 0.073248868006864143 0.40351608287210894 -2.9243177559819902 0.4454809486233785 -9.3553547364519112 0.40905852750132116 -4.3321035166125954 1.3862488477056829 0.40905852750132116 0.40905852750132116
leaf_weight=48 45 67 54 59 72 48 40 41 51 59 61 181 50 62 91 47 61 91 126 44 53 42 51 65 58 41 41 40 45 267
leaf_count=48 45 67 54 59 72 48 40 41 51 59 61 181 50 62 91 47 61 91 126 44 53 42 51 65 58 41 41 40 45 267
internal_value=0.00640171 -0.00250755 -0.0094616 0.000821745 0.0116027 0.019898 0.0394619 0.00462012 -0.0266949 0.0182403 -0.0119512 -0.038015 -0.000458716 0 -0.0328125 -0.0173267 -0.00787402 0.0438424 0.0327731 0.0122642 0.0016129 -0.0220779 -0.0134409 0.0346774 -0.0227273 0.0117021 -0.0445946 0.0419643 0.0400585 0.0472067
internal_weight=2101 1655 1263 791 599 392 446 487 472 233 205 267 109 154 192 101 254 406 238 106 155 154 93 124 99 94 222 112 171 358
internal_count=2101 1655 1263 791 599 392 446 487 472 233 205 267 109 154 192 101 254 406 238 106 155 154 93 124 99 94 222 112 171 358
is_linear=0
shrinkage=0.05


Tree=31
num_leaves=31
num_cat=1
split_feature=60 19 16 68 13 29 9 11 8 31 5 9 27 5 61 59 47 29 21 57 59 5 25 63 62 16 18 11 5 29
split_gain=246.743 98.109 70.6316 94.6348 46.9459 37.6534 34.3482 31.0224 40.6096 27.2156 23.3971 21.4038 19.9052 18.8272 69.1669 16.3201 14.6644 21.1467 11.8983 11.6726 10.8724 7.52614 6.8 6.55175 5.98729 9.50012 4.2908 2.78487 9.39193 2.34937
threshold=1252.9250000000002 855.00000000000011 0.85457202410498234 1.0000000180025095e-35 77.555000000000021 -37.019999999999861 4087.9150000000004 2279.8700000000003 5868.7981859410438 641.25500000000045 0.84523809523809534 3054.1600000000003 1.0000000180025095e-35 0.80909090909090919 3285.1350000000007 906.34500000000014 0 -23.059999999999942 1965.0000000000002 59.870000000000012 1972.2400000000002 0.4494949494949495 375.00000000000006 0.77983601664765645 3328.9550000000004 0.97155736954234484 4865.0000000000009 3213.7250000000008 0.4494949494949495 -27.275000000000087
decision_type=2 2 2 2 2 2 2 2 2 2 2 2 2 2 2 2 1 2 2 2 2 2 2 2 2 2 2 2 2 2
left_child=6 2 5 7 22 -2 15 8 -4 13 12 21 20 18 -15 -1 -7 -18 -6 -10 -9 -3 -5 -20 25 -22 -13 28 -25 -17
right_child=1 11 3 4 9 16 -8 10 19 -11 -12 26 -14 14 -16 29 17 -19 23 -21 24 -23 -24 27 -26 -27 -28 -29 -30 -31
leaf_value=0.51897748305699598 -3.242696276690864 0.38860560112625536 -0.70519717154569506 -0.032867324486896624 -3.1907349923800545 0.38879049689829231 -4.4874259856019512 -6.4678484268922576 1.2362576719793212 0.36385296061201589 0.78110030533540997 -0.75010750819816252 0.28313697883017142 0.80532804541200853 -8.191804112957886 0.38860560112625536 0.38860560112625536 -8.2048977603086737 -1.4424242966599987 0.76386632239738794 -1.6851953005332931 0.38860560112625536 0.60647681890825289 -4.0237636520650915 -2.4183112446625188 0.52565138222406993 2.3170548351482667 -6.7314893621668332 -3.0439045713275634 0.38860560112625536
leaf_weight=52 48 78 76 45 47 69 40 56 41 40 50 40 71 46 67 116 64 44 55 79 42 80 40 174 81 40 46 103 47 248
leaf_count=52 48 78 76 45 47 69 40 56 41 40 50 40 71 46 67 116 64 44 55 79 42 80 40 174 81 40 46 103 47 248
internal_value=0.00665882 -0.00224685 -0.00726316 -0.0120833 -0.0246988 0.0184444 0.0392544 0.00354478 0.0193878 -0.0297927 -0.00558824 0.0270492 -0.0110345 -0.0327458 -0.0146018 0.0435096 0.029096 0.0175926 -0.0375587 0.0375 -0.0184932 0.0379747 0.01 -0.0405013 -0.0119632 -0.00243902 0.00697674 -0.0432099 -0.0400452 0.0472527
internal_weight=2125 1669 1425 1200 664 225 456 536 196 579 340 244 290 539 113 416 177 108 426 120 219 158 85 379 163 82 86 324 221 364
internal_count=2125 1669 1425 1200 664 225 456 536 196 579 340 244 290 539 113 416 177 108 426 120 219 158 85 379 163 82 86 324 221 364
cat_boundaries=0 1
cat_threshold=2
is_linear=0
shrinkage=0.05


Tree=32
num_leaves=31
num_cat=0
split_feature=60 19 29 14 4 17 5 17 5 11 5 20 11 11 58 68 5 5 11 38 31 13 14 11 33 31 31 17 5 5
split_gain=235.137 94.5272 75.346 102.887 40.509 38.3995 26.5467 33.8884 29.368 26.3901 49.9052 23.6397 21.5355 21.5282 19.8685 16.2397 14.1809 11.3086 16.5101 10.3759 16.3974 10.496 9.8 8.67417 7.89342 7.64278 7.56149 6.9989 6.00147 4.58657
threshold=1252.9250000000002 855.00000000000011 -57.560000000000052 7.4799999999999978 8.5000000000000018 4135.0000000000009 0.12771739130434781 1775.0000000000002 0.36931818181818182 2300.8800000000006 0.31666666666666671 2565.0000000000005 3225.9000000000001 3270.0550000000007 86.680000000000021 -7.2450000000000037 0.15476190476190474 0.80909090909090919 3702.4200000000005 47.689943310657448 180.49500000000015 76.850000000000009 84.605000000000004 3260.3800000000006 0.70568637307768478 209.74499999999992 202.99500000000015 3145.0000000000005 0.73030303030303034 0.4494949494949495
decision_type=2 2 2 2 2 2 2 2 2 2 2 2 2 2 2 2 2 2 2 2 2 2 2 2 2 2 2 2 2 2
left_child=5 2 6 12 9 16 -2 -8 -9 10 14 -10 -4 29 -5 28 -1 -14 -19 24 21 -21 -22 -6 -11 -12 -16 -17 -13 -3
right_child=1 13 3 4 23 -7 7 8 11 19 25 15 17 -15 26 27 -18 18 -20 20 22 -23 -24 -25 -26 -27 -28 -29 -30 -31
leaf_value=0.32885946288233187 -2.8335395488774267 0.36917532106994316 0.36169427497655066 -5.3906340127178893 0.36917532106994316 -3.1473547275205842 1.4128603752363831 -3.6231305108434189 0.96704537430454141 -0.32813357581827063 0.45770224699269307 -1.7855790849136413 -6.1434549418576152 0.57230324259508059 -0.545032205887793 -1.7018203586433636 0.36917532106994316 -0.04351835487494498 -5.3936926273768862 0.23923990067293205 0.54430825478209288 -1.5903910732003099 0.10733868616519758 0.79464687778723975 -5.7547004990870585 0.40436656103363905 0.84142844263548044 -9.6092385040507384 1.9906576705036416 0.36917532106994316
leaf_weight=41 112 76 40 42 77 40 45 115 50 49 75 65 84 79 49 43 377 43 42 42 40 48 40 40 63 74 42 46 40 79
leaf_count=41 112 76 40 42 77 40 45 115 50 49 75 65 84 79 49 43 377 43 42 42 40 48 40 40 63 74 42 46 40 79
internal_value=0.00762631 -0.00121951 -0.00611664 0.00269663 0.0121145 0.0393013 -0.0213178 -0.0153465 -0.0204735 0.00656028 0.0173759 -0.0106557 -0.0279904 0.0282051 -0.00488722 -0.0185567 0.0437799 -0.0357988 -0.0229412 -0.00425532 0.00352941 -0.0111111 0.02 0.0388889 -0.0160714 0.0372483 0.00824176 -0.0342697 -0.0052381 0.0390323
internal_weight=2098 1640 1406 890 681 458 516 404 359 564 282 244 209 234 133 194 418 169 85 282 170 90 80 117 112 149 91 89 105 155
internal_count=2098 1640 1406 890 681 458 516 404 359 564 282 244 209 234 133 194 418 169 85 282 170 90 80 117 112 149 91 89 105 155
is_linear=0
shrinkage=0.05


Tree=33
num_leaves=31
num_cat=2
split_feature=60 25 16 68 9 29 9 8 11 13 4 61 47 15 61 14 14 19 45 57 57 13 32 13 60 57 47 60 29 15
split_gain=243.62 105.576 81.0192 74.7809 42.7471 39.6448 34.4646 32.5953 44.1196 31.2942 24.6449 48.0659 20.8747 18.1688 15.5574 14.2333 12.973 12.637 12.2614 10.0921 9.47046 8.70077 8.5502 7.95649 7.92663 7.8615 5.48605 3.2804 2.60331 3.68182
threshold=1252.9250000000002 635.00000000000011 0.85483737381838643 1.0000000180025095e-35 2955.6450000000004 -36.369999999999997 4087.9150000000004 5868.7981859410438 2289.3800000000006 77.770000000000024 8.5000000000000018 3340.9650000000006 0 48.835000000000015 1061.1300000000003 8.5450000000000106 9.0499999999999972 335.00000000000006 0.046094162201667503 41.650000000000013 88.845000000000013 103.65500000000002 0.85954795774707959 98.565000000000012 3503.1300000000006 112.42500000000001 1 2150.2950000000005 -42.094999999999906 32.435000000000009
decision_type=2 2 2 2 2 2 2 2 2 2 2 2 1 2 2 2 2 2 2 2 2 2 2 2 2 2 1 2 2 2
left_child=6 2 5 7 19 -2 14 17 20 -5 15 -12 -7 -6 -1 27 -17 -4 24 -3 -9 -15 -19 -21 25 -10 -14 -11 29 -16
right_child=1 4 3 9 13 12 -8 8 18 10 11 -13 26 21 28 16 -18 22 -20 23 -22 -23 -24 -25 -26 -27 -28 -29 -30 -31
leaf_value=0.28773848691845105 -3.0758511732294376 0.44525915710607084 -11.340323937607527 0.22727790563928496 -8.2830800501498256 -12.339890209972662 -2.5757760271867469 1.0104248187720526 0.43144348221763273 -3.0870575401252109 0.74697692939257943 -1.7667847513580008 0.35089220599988097 1.9692781790181404 0.35071655501644727 -0.60263811001081058 -2.2201030012475083 0.19935747624929548 1.1961172059052771 0.35071655501644727 0.56168251771757693 -1.0037088648347066 -0.81286591972536937 0.35071655501644727 -3.8001052797931609 -1.8851887123734947 0.35071655501644727 -6.0877421469656117 0.35071655501644727 0.35071655501644727
leaf_weight=54 49 42 59 76 46 40 40 44 74 45 49 62 77 56 44 74 111 44 41 143 63 46 46 55 42 46 62 184 278 44
leaf_count=54 49 42 59 76 46 40 40 44 74 45 49 62 77 56 44 74 111 44 41 143 63 46 46 55 42 46 62 184 278 44
internal_value=0.0071161 -0.00173031 -0.00861801 -0.014434 0.021134 0.0184211 0.0393478 0.000762527 0.01 -0.0260399 -0.030381 -0.00945946 0.0293296 0 0.0435714 -0.0359903 -0.0256757 -0.0184564 -0.00369458 0.0341667 0.0359813 0.0117647 -0.00666667 0.0388889 -0.00987654 -0.00333333 0.0384892 -0.0443231 0.0472678 0.0397727
internal_weight=2136 1676 1288 1060 388 228 460 459 310 601 525 111 179 148 420 414 185 149 203 240 107 102 90 198 162 120 139 229 366 88
internal_count=2136 1676 1288 1060 388 228 460 459 310 601 525 111 179 148 420 414 185 149 203 240 107 102 90 198 162 120 139 229 366 88
cat_boundaries=0 1 2
cat_threshold=1 2
is_linear=0
shrinkage=0.05


Tree=34
num_leaves=31
num_cat=1
split_feature=60 3 29 31 39 5 17 17 31 5 17 5 5 5 5 21 17 59 61 38 8 9 15 5 15 38 18 32 32 29
split_gain=224.884 92.158 93.2226 38.789 36.3658 39.7919 37.4285 34.0086 32.442 29.8791 43.4567 24.4783 22.2033 17.2827 15.3006 16.9581 14.9502 17.4703 14.7844 14.7273 13.9471 13.3597 13.0816 9.84087 8.81057 7.22761 6.36443 6.05 4.82857 3.90395
threshold=1252.9250000000002 0 -59.115000000000002 206.93000000000009 -15.259814330836106 0.31666666666666671 1695.0000000000002 4125.0000000000009 660.71000000000015 0.38750000000000007 1405.0000000000002 0.36931818181818182 0.88194444444444453 0.15476190476190474 0.31666666666666671 2145.0000000000005 3015.0000000000005 3018.1550000000002 3210.8000000000006 77.626507936507792 4309.8866213151941 2565.9950000000003 2.235000000000007 0.58571428571428574 1.0649999999999979 36.216451247165658 2135.0000000000005 0.82282067066757036 0.91032443069069191 -42.094999999999906
decision_type=2 1 2 2 2 2 2 2 2 2 2 2 2 2 2 2 2 2 2 2 2 2 2 2 2 2 2 2 2 2
left_child=7 4 8 14 5 6 -2 13 11 10 -5 26 18 -1 -4 -16 28 -18 23 21 -17 -7 -12 -6 -11 -26 -3 -10 -13 -15
right_child=1 2 3 9 12 19 -8 -9 27 24 22 16 -14 29 15 20 17 -19 -20 -21 -22 -23 -24 -25 25 -27 -28 -29 -30 -31
leaf_value=0.29488066198739205 0.4481853506108564 -1.1939673011803753 -2.8840827042931458 0.33318072726562492 -6.5162869587109391 0.60699129382772987 -10.735562192190287 -2.8611981897852172 0.42299619925076687 0.3333475956998882 -5.3252513902548264 1.6138129796718343 -0.074820687493617297 0.33318072726562492 0.54943157498322825 -0.73660617996947941 -2.2424536221459315 0.80943747155119827 -6.1022585645611045 -0.65921184984701253 0.43562580722013422 0.16247535892121798 0.49135520815869999 -1.9977287845746774 0.33108659447035649 0.33108659447035649 -3.3403886208811802 0.32899246167508811 -0.096863276944276683 0.33318072726562492
leaf_weight=44 47 79 62 49 66 64 75 40 40 152 42 48 70 89 43 42 52 56 122 50 76 46 47 41 42 86 70 40 42 283
leaf_count=44 47 79 62 49 66 64 75 40 40 152 42 48 70 89 43 42 52 56 122 50 76 46 47 41 42 86 70 40 42 283
internal_value=0.00795724 -0.00063675 0.0080705 0.0202028 -0.0164975 -0.00390071 -0.0254098 0.0390351 -0.00995316 0.0291866 0.0101449 -0.0165706 -0.0289298 0.0432692 0.00336323 0.0114907 -0.00505051 -0.0175926 -0.0364629 0.0125 0.00169492 0.0227273 -0.0106742 -0.0228972 0.0385714 0.0289063 -0.0318792 0.01875 0.01 0.0467742
internal_weight=2105 1649 1068 641 581 282 122 456 427 418 138 347 299 416 223 161 198 108 229 160 118 110 89 107 280 128 149 80 90 372
internal_count=2105 1649 1068 641 581 282 122 456 427 418 138 347 299 416 223 161 198 108 229 160 118 110 89 107 280 128 149 80 90 372
cat_boundaries=0 1
cat_threshold=2
is_linear=0
shrinkage=0.05


Tree=35
num_leaves=31
num_cat=0
split_feature=60 31 14 29 5 5 17 11 5 9 58 57 59 5 62 10 33 11 9 32 58 58 59 33 33 31 45 39 9 32
split_gain=237.816 95.7182 68.4966 106.616 48.0654 35.582 33.8384 30.6196 31.1832 28.1606 24.4695 17.9979 16.8993 14.64 12.6248 15.6211 10.1607 9.95191 9.89967 8.97662 13.0377 8.80689 8.07414 7.48915 7.17481 6.4617 5.66874 5 4.47127 4.21896
threshold=1252.9250000000002 598.75000000000011 7.4799999999999978 -46.880000000000045 0.80909090909090919 0.36931818181818182 4115.0000000000009 2294.5750000000003 0.29285714285714287 3154.3100000000004 94.055000000000021 41.650000000000013 906.34500000000014 0.88194444444444453 2689.3000000000006 213.96000000000004 0.67104952389648465 3247.0850000000005 1534.8100000000002 0.99614905433742429 98.095000000000013 89.375000000000014 2486.8000000000006 0.56689261941731328 0.7531601675955738 209.74499999999992 0.017964155779412103 -13.04599469983116 2022.1000000000001 0.62032993706681883
decision_type=2 2 2 2 2 2 2 2 2 2 2 2 2 2 2 2 2 2 2 2 2 2 2 2 2 2 2 2 2 2
left_child=6 2 13 5 7 18 12 8 10 11 -5 -3 -1 24 -7 22 21 -6 -4 20 -18 -9 -16 -17 27 -10 -20 -2 -28 -13
right_child=1 9 3 4 17 14 -8 16 25 -11 -12 29 -14 -15 15 23 19 -19 26 -21 -22 -23 -24 -25 -26 -27 28 -29 -30 -31
leaf_value=0.25669252620924682 -2.168380604135157 0.40098779322664202 -1.8613647074907953 -4.9964505755998569 0.31651334748063109 2.3672877022837953 -0.27744130030972303 0.3909764831248026 0.35947021005607954 -2.280607074273068 1.0496819317792612 0.31447991142695603 0.31652169090234283 -0.09521088071872158 -2.4205532623187094 1.0055605412168818 -7.6462836681688033 0.93015208738883359 -3.9416924807980025 0.044851938768105185 -0.2067602818088517 -0.69367766484258631 -2.8738764591817443 -1.1229700754434973 -5.7041571234899644 0.31473575814467269 -0.99144662616050505 -5.5764828292036519 -3.3496705272324476 0.31652169090234283
leaf_weight=52 40 40 63 41 88 40 41 77 71 40 70 40 362 53 44 44 55 59 84 44 41 47 62 80 94 63 59 40 41 149
leaf_count=52 40 40 63 41 88 40 41 77 71 40 70 40 362 53 44 44 55 59 84 44 41 47 62 80 94 63 59 40 41 149
internal_value=0.00762712 -0.00110845 -0.00635714 -0.0014919 0.0118902 -0.018472 0.0396703 0.0046169 0.0173469 0.0262082 -0.00225225 0.0329694 0.0439614 -0.0314978 -0.00592593 -0.0104348 -0.00719697 0.0370748 -0.0321862 -0.0164286 -0.025 0.00322581 -0.0245283 0.0016129 -0.0385057 0.0335821 -0.0380435 -0.0275 -0.03 0.039418
internal_weight=2124 1669 1400 1173 656 517 455 509 245 269 111 229 414 227 270 230 264 147 247 140 96 124 106 124 174 134 184 80 100 189
internal_count=2124 1669 1400 1173 656 517 455 509 245 269 111 229 414 227 270 230 264 147 247 140 96 124 106 124 174 134 184 80 100 189
is_linear=0
shrinkage=0.05


Tree=36
num_leaves=31
num_cat=1
split_feature=60 3 30 25 39 9 5 23 5 36 13 5 9 58 12 59 23 38 16 25 12 9 18 14 22 13 11 62 10 12
split_gain=211.718 86.1325 61.8037 47.0607 44.7639 42.0392 30.6207 38.9184 26.6931 21.086 20.7363 18.3746 57.4358 16.3579 16.4396 13.8719 13.0404 19.2 11.3011 10.2404 9.0425 8.72525 7.78121 7.1476 12.796 5.84881 4.55372 4.04385 3.6395 3.24462
threshold=1252.9250000000002 0 49.645000000000103 615.00000000000011 -14.982958383142448 4098.8250000000007 0.31666666666666671 1765.0000000000002 0.4494949494949495 0.010747331877041152 97.63000000000001 0.80909090909090919 3565.8200000000006 127.83500000000001 86.395000000000024 906.34500000000014 3095.0000000000005 79.627006802720885 0.98202156187216205 375.00000000000006 95.570000000000007 3032.5700000000002 2055.0000000000005 9.0499999999999972 410.00000000000028 80.620000000000019 3247.0850000000005 2224.9200000000005 192.36000000000004 113.47500000000001
decision_type=2 1 2 2 2 2 2 2 2 2 2 2 2 2 2 2 2 2 2 2 2 2 2 2 2 2 2 2 2 2
left_child=5 4 3 13 6 15 7 -2 9 22 21 25 -13 14 -3 -1 17 -8 20 -10 -16 28 -4 -22 27 -6 -21 -25 -5 -12
right_child=1 2 8 10 11 -7 16 -9 19 -11 29 12 -14 -15 18 -17 -18 -19 -20 26 23 -23 -24 24 -26 -27 -28 -29 -30 -31
leaf_value=0.21876780708687704 0.30026201850716316 0.20913305589452805 0.57152711178800508 0.29671675404621567 -5.3017399228409827 -6.5924411544360488 0.55814226636208841 -10.081714940853695 0.29717784918133816 0.3904817690358357 -2.157347980168602 0.99673288852216901 -6.9005793161325943 0.58990597320609017 -2.3174270586117198 0.30069560635722614 -1.2082840475468857 -0.11309618564869056 0.065099246817111128 0.3008007301680749 -0.15713761116001132 1.0644350261157904 -1.6097881048789895 -1.2771421543458885 -0.19551909758795533 -2.8228255026338176 1.0220817607021702 -11.397232179594448 0.31896788943097365 0.29620483275797088
leaf_weight=53 61 74 40 44 128 40 90 64 45 67 41 41 66 48 53 359 49 45 55 161 54 42 69 51 45 42 48 41 43 50
leaf_count=53 61 74 40 44 128 40 90 64 45 67 41 41 66 48 53 359 49 45 55 161 54 42 69 51 45 42 48 41 43 50
internal_value=0.00860597 0.000331925 0.00874191 -0.00101404 -0.0149329 0.0389381 -0.00210356 -0.0212 0.0234884 0.00852273 0.0177273 -0.0297834 -0.0135514 -0.0108076 -0.0143432 0.0436893 0.0108696 0.0188889 -0.0195652 0.0338583 -0.0241803 0.0306202 -0.00504587 -0.0191099 -0.0251825 -0.04 0.0385167 -0.0358696 0.0396552 -0.000549451
internal_weight=2109 1657 1071 641 586 452 309 125 430 176 220 277 107 421 373 412 184 135 299 254 244 129 109 191 137 170 209 92 87 91
internal_count=2109 1657 1071 641 586 452 309 125 430 176 220 277 107 421 373 412 184 135 299 254 244 129 109 191 137 170 209 92 87 91
cat_boundaries=0 1
cat_threshold=2
is_linear=0
shrinkage=0.05


Tree=37
num_leaves=31
num_cat=1
split_feature=60 3 29 31 39 5 11 5 19 9 5 17 38 5 60 58 20 18 61 15 33 14 68 5 68 38 25 23 23 63
split_gain=231.579 75.5398 69.3965 42.6371 37.1952 30.5288 47.8964 26.5763 25.389 24.8833 23.6236 25.177 22.472 16.7661 15.9204 13.8836 13.7926 13.3121 16.8701 11.73 11.703 10.7302 10.3846 10.053 9.10707 8.20513 5.67134 4.70783 3.84041 3.38109
threshold=1252.9250000000002 0 -66.215000000000131 199.14999999999989 -15.259814330836106 0.38750000000000007 1628.3650000000002 0.88194444444444453 455.00000000000006 4073.9800000000005 0.26969696969696971 1805.0000000000002 77.626507936507792 0.15476190476190474 2432.3950000000004 64.40000000000002 3165.0000000000005 2185.0000000000005 2485.8350000000005 2.235000000000007 0.56689261941731328 84.605000000000004 23.141500000000011 0.34848484848484851 -9.9420000000000268 44.011587301587269 405.00000000000006 3045.0000000000005 3095.0000000000005 0.84392987989907764
decision_type=2 1 2 2 2 2 2 2 2 2 2 2 2 2 2 2 2 2 2 2 2 2 2 2 2 2 2 2 2 2
left_child=9 4 8 17 10 6 -5 15 22 13 11 -2 16 -1 -10 -6 26 23 -19 -8 -16 28 25 -4 -22 -3 -12 -17 -7 -15
right_child=1 2 3 5 7 21 19 -9 14 -11 12 -13 -14 29 20 27 -18 18 -20 -21 24 -23 -24 -25 -26 -27 -28 -29 -30 -31
leaf_value=0.24927576402504315 0.16765473722900293 0.15455418450796563 -0.55288568912873581 0.3295265602107833 -1.7220335223274394 0.28601159575503349 -4.6936504939950954 0.065514254911217054 0.28139459112007331 0.12962782497864442 0.36153440441006457 -9.7680525010755908 -1.1748622724272466 0.28566082603936421 0.68463017444811103 -5.525750975770686 -0.77735923533269047 -2.7587693989000037 0.35547926449701495 0.21395824674793965 -0.089338021668170953 0.26850654026410153 -1.6814425882021355 0.56410773782466073 -3.2701569831836084 -2.3584022850737951 0.42363523262079072 -5.6202454624825879 1.0738363492958911 0.28566082603936421
leaf_weight=41 54 52 42 55 49 175 43 64 67 40 46 48 65 86 44 77 40 54 70 41 46 64 78 44 44 78 49 105 49 291
leaf_count=41 54 52 42 55 49 175 43 64 67 40 46 48 65 86 44 77 40 54 70 41 46 64 78 44 44 78 49 105 49 291
internal_value=0.00873394 -3.04321e-05 0.00804924 0.0184458 -0.0140857 0.0275176 0.00827338 -0.0269492 -0.00794621 0.0401747 -0.00198675 -0.0215686 0.008 0.0437799 0.00472637 -0.0348485 0.0196296 0 -0.0104839 -0.0154762 -0.00522388 0.0368056 -0.0201923 0.0151163 -0.0155556 -0.0115385 0.03 -0.0412088 0.0419643 0.0470822
internal_weight=2101 1643 1046 637 597 427 139 295 409 458 302 102 200 418 201 231 135 210 124 84 134 288 208 86 90 130 95 182 224 377
internal_count=2101 1643 1046 637 597 427 139 295 409 458 302 102 200 418 201 231 135 210 124 84 134 288 208 86 90 130 95 182 224 377
cat_boundaries=0 1
cat_threshold=2
is_linear=0
shrinkage=0.05


Tree=38
num_leaves=31
num_cat=1
split_feature=60 25 16 68 31 13 30 5 9 11 17 58 59 47 30 27 59 61 5 63 57 39 5 33 20 59 4 57 5 5
split_gain=223.854 75.6532 69.949 52.695 37.0331 38.2379 31.7569 30.1232 23.6163 23.024 21.6465 21.535 16.3201 14.325 16.3457 13.8615 14.9325 13.847 20.2344 16.361 13.1274 13.0899 12.1934 10.1107 7.23811 8.67675 6.28001 5.42543 5.31493 4.05
threshold=1252.9250000000002 915.00000000000011 0.85457202410498234 1.0000000180025095e-35 660.71000000000015 77.555000000000021 42.225000000000144 0.84523809523809534 3032.5700000000002 2271.2900000000004 4115.0000000000009 111.72000000000001 906.34500000000014 0 65.594999999999814 1.0000000180025095e-35 1922.5150000000001 3271.1200000000003 0.72077922077922085 0.83328154656675613 86.845000000000013 -29.982121768599871 0.26969696969696971 0.64401456215238173 3005.0000000000005 3280.9800000000005 3.5000000000000004 95.810000000000016 0.4494949494949495 0.4494949494949495
decision_type=2 2 2 2 2 2 2 2 2 2 2 2 2 1 2 2 2 2 2 2 2 2 2 2 2 2 2 2 2 2
left_child=10 2 6 9 5 29 -2 17 28 11 12 20 -1 -8 -15 16 -11 18 19 21 -4 -7 23 -23 26 -26 -18 -13 -3 -5
right_child=1 8 3 4 -6 7 13 -9 -10 15 -12 27 -14 14 -16 -17 24 -19 -20 -21 -22 22 -24 -25 25 -27 -28 -29 -30 -31
leaf_value=0.21863646824247385 -2.1630922187620421 0.26827088387513814 -2.7625111835887135 0.39678993972651572 0.26781118678790111 -2.6107308573520083 0.27132903647267032 0.18716361889726302 0.75326214582426732 -6.0792378437335017 2.1037564736370813 1.003563307118694 0.27137778473739615 0.27134706381044399 -0.70285452301020834 0.39564884769232478 -0.68109168484731697 -5.9445480203682486 0.23041502462607755 -5.2556927927399668 0.30348405259813377 -0.17738003062397001 0.1946768012790967 -1.8593613865921637 -1.6383910010945677 0.46047005498656546 0.15317576858218304 1.0316011318940583 0.27233494947537906 0.01530827159841266
leaf_weight=52 60 76 41 40 41 56 75 69 74 51 40 42 364 56 43 80 51 75 43 136 59 42 63 57 54 51 65 49 79 40
leaf_count=52 60 76 41 40 41 56 75 69 74 51 40 42 364 56 43 80 51 75 43 136 59 42 63 57 54 51 65 49 79 40
internal_value=0.00908663 0.00059952 -0.00364837 -0.00850622 -0.0179758 -0.0210145 0.0213675 -0.0257856 0.0272926 0.00303867 0.0401316 0.0170157 0.0435096 0.0321839 0.019697 -0.00454545 -0.00992647 -0.0302966 -0.0265743 -0.0305085 0.001 -0.0220183 -0.0148148 -0.0257576 -0.00429864 -0.0138095 0.00431034 0.0346154 0.0383871 0.01125
internal_weight=2124 1668 1439 1205 662 621 234 541 229 543 456 191 416 174 99 352 272 472 397 354 100 218 162 99 221 105 116 91 155 80
internal_count=2124 1668 1439 1205 662 621 234 541 229 543 456 191 416 174 99 352 272 472 397 354 100 218 162 99 221 105 116 91 155 80
cat_boundaries=0 1
cat_threshold=2
is_linear=0
shrinkage=0.05


Tree=39
num_leaves=31
num_cat=0
split_feature=60 14 29 11 5 23 15 31 9 5 16 5 5 14 5 62 23 5 20 10 5 59 59 17 58 14 19 68 36 19
split_gain=209.459 71.1959 73.3484 38.9718 35.9699 47.8139 34.195 33.2131 31.79 29.3336 40.863 27.0095 19.9389 36.5264 15.4728 25.8149 14.6016 30.7197 12.5979 12.4123 12.1166 12.1153 10.6964 11.1076 9.67578 8.66038 7.65512 6.36676 4.6989 3.99861
threshold=1252.9250000000002 8.1150000000000038 -60.029999999999966 3213.7250000000008 0.31666666666666671 1765.0000000000002 0.57500000000000295 209.74499999999992 4052.3800000000006 0.26969696969696971 0.88894122017482224 0.88194444444444453 0.80909090909090919 8.8350000000000026 0.31666666666666671 2379.6000000000008 1395.0000000000002 0.38750000000000007 2205.0000000000005 151.87000000000003 0.27922077922077926 2232.9150000000004 1922.5150000000001 2995.0000000000005 79.65000000000002 84.605000000000004 605.00000000000011 22.693000000000001 -1.0000000180025095e-35 655.00000000000011
decision_type=2 2 2 2 2 2 2 2 2 2 2 2 2 2 2 2 2 2 2 2 2 2 2 2 2 2 2 2 2 2
left_child=8 3 6 4 5 -2 -3 14 20 19 29 24 13 -9 -4 -16 -15 -18 -6 27 -1 -17 -12 -24 -5 -19 -25 -8 -20 -11
right_child=1 2 7 11 18 -7 9 12 -10 10 22 -13 -14 16 15 21 17 25 28 -21 -22 -23 23 26 -26 -27 -28 -29 -30 -31
leaf_value=0.25232817886908093 0.56114427872767725 -2.2857810860599872 -2.5663518062052826 -1.2453840806899987 0.62498815538816077 -8.9093513584726534 -3.9306161067874541 -6.274889121334815 -0.45982735646102829 1.8171786192667818 -2.7707616472251875 -0.043684053715325181 0.25777971061992278 0.29751782897365903 0.445748003751055 -0.9026063404165342 -0.1842724455457713 0.27489640510467267 0.65565912321703479 0.048684248529045251 0.25780889550052566 0.32781171058060182 0.33029261714692065 -1.445225153597167 -4.7010943878291931 0.25362157844792821 1.2406364923363595 -0.65842673935236462 -0.1529208747993181 0.37242367728046305
leaf_weight=54 62 61 56 40 58 72 41 47 40 46 41 66 115 57 41 43 67 108 51 42 346 77 52 41 134 51 42 55 55 41
leaf_count=54 62 61 56 40 58 72 41 47 40 46 41 66 115 57 41 43 67 108 51 42 346 77 52 41 134 51 42 55 55 41
internal_value=0.00932445 0.00120337 0.00836299 -0.0137546 -0.00167785 -0.0208955 -0.00692641 0.0190332 0.04 -0.00162095 0.0081749 -0.02875 0.0268539 0.0206061 0.00299539 0.0108696 0.0273852 0.0216814 0.0140244 -0.0202899 0.04425 -0.000833333 -0.00568182 0.00111111 -0.0390805 0.0336478 -0.010241 -0.0302083 0.00377358 0.0362069
internal_weight=2102 1662 1124 538 298 134 462 662 440 401 263 240 445 330 217 161 283 226 164 138 400 120 176 135 174 159 83 96 106 87
internal_count=2102 1662 1124 538 298 134 462 662 440 401 263 240 445 330 217 161 283 226 164 138 400 120 176 135 174 159 83 96 106 87
is_linear=0
shrinkage=0.05


Tree=40
num_leaves=31
num_cat=1
split_feature=60 3 29 31 71 9 19 4 11 25 29 59 4 58 11 62 4 35 60 32 60 37 16 32 31 58 63 57 25 44
split_gain=218.581 69.5071 75.2476 37.3213 33.3342 31.7979 24.6587 21.0804 45.3429 18.3317 21.1592 17.3797 13.6522 28.7138 16.9092 12.3112 15.192 11.8738 9.83215 9.65714 8.80403 8.50161 7.96356 7.18918 5.65389 5.46882 4.81595 4.14153 1.79417 1.76924
threshold=1252.9250000000002 0 -60.794999999999838 209.74499999999992 -15.259814330836106 4087.9150000000004 455.00000000000006 8.5000000000000018 3670.0900000000006 695.00000000000011 -37.019999999999861 940.27500000000009 8.5000000000000018 72.770000000000024 2300.8800000000006 2357.9900000000002 3.5000000000000004 -1.0000000180025095e-35 2533.4300000000007 0.60268162791928115 2576.7300000000005 0.61113510361076451 0.96170384764858552 0.79787099555447794 315.80500000000012 72.770000000000024 0.79391772802612126 84.635000000000005 855.00000000000011 0.030640650828380453
decision_type=2 1 2 2 2 2 2 2 2 2 2 2 2 2 2 2 2 2 2 2 2 2 2 2 2 2 2 2 2 2
left_child=5 4 6 15 9 11 17 20 -9 10 19 -1 13 -5 27 -4 -17 -3 -8 -2 -6 -20 -16 -12 26 -18 -19 -15 -13 -22
right_child=1 2 3 12 7 -7 18 8 -10 -11 23 28 -14 14 22 16 25 24 21 -21 29 -23 -24 -25 -26 -27 -28 -29 -30 -31
leaf_value=0.16986112515919985 -3.7406535165472072 -0.015410972145434699 0.40511828992044913 -2.430243113203955 -1.6066852456988636 -0.43683598863797696 0.23557325545010885 0.92578130577804529 -5.6755458946300621 0.5015553753503923 0.29246482529157519 0.24491845072549837 0.24489072508892776 0.28473607032024545 0.40528293082803374 -2.5397508448577586 0.43677532678586961 -1.562070872744032 0.76194321641498708 -1.2722124814766662 -4.6635882963363455 -2.2972462025297262 0.15602911231111849 -0.33999516720308098 -1.0782472312287852 -0.20433199091955709 -1.9774708426962591 0.2475208472951721 0.24491845072549837 -4.1554793416344555
leaf_weight=46 42 63 77 46 42 40 75 45 63 50 76 325 90 46 55 45 44 44 40 63 48 79 68 71 70 52 47 106 42 81
leaf_count=46 42 63 77 46 42 40 75 45 63 50 76 325 90 46 55 45 44 44 40 63 48 79 68 71 70 52 47 106 42 81
internal_value=0.00934647 0.000798526 0.00846736 0.0194754 -0.0129442 0.0400662 -0.00789474 -0.0256272 -0.00833333 -0.00165563 -0.00714286 0.0441889 0.0283455 0.0235202 0.0296364 0.00275229 -0.00602837 -0.0191964 0.00515464 -0.0242857 -0.0365497 -0.00378151 0.0158537 0.00510204 -0.0263975 0.00520833 -0.0346154 0.0407895 0.0478202 -0.0430233
internal_weight=2081 1628 1047 629 581 453 418 279 108 302 252 413 411 321 275 218 141 224 194 105 171 119 123 147 161 96 91 152 367 129
internal_count=2081 1628 1047 629 581 453 418 279 108 302 252 413 411 321 275 218 141 224 194 105 171 119 123 147 161 96 91 152 367 129
cat_boundaries=0 1
cat_threshold=2
is_linear=0
shrinkage=0.05


Tree=41
num_leaves=31
num_cat=1
split_feature=60 3 30 31 9 5 39 5 5 9 5 11 17 58 31 62 59 9 15 22 58 58 22 16 30 9 45 11 5 9
split_gain=218.934 71.1076 61.082 38.6491 36.0453 28.2451 24.9444 37.7645 24.8548 31.5742 21.8693 18.2323 17.7281 17.7272 17.4375 20.0939 17.4225 15.6955 20.7531 12.3299 17.5672 12.0273 11.0626 10.113 9.98671 13.157 7.63203 5.06125 4.15289 3.6977
threshold=1252.9250000000002 0 49.645000000000103 660.71000000000015 4087.9150000000004 0.27922077922077926 -15.194835224650342 0.88194444444444453 0.38750000000000007 1720.9800000000002 0.38750000000000007 2327.8150000000001 1615.0000000000002 64.925000000000026 222.62999999999991 2379.6000000000008 906.34500000000014 2792.4100000000003 35.275000000000013 65.000000000000014 90.810000000000016 102.18500000000002 314.99999999999994 0.98125141797263227 70.260000000000005 2500.1300000000006 0.023630923049770155 3213.7250000000008 0.19090909090909094 2500.1300000000006
decision_type=2 1 2 2 2 2 2 2 2 2 2 2 2 2 2 2 2 2 2 2 2 2 2 2 2 2 2 2 2 2
left_child=4 6 3 10 16 -4 8 13 9 -2 19 -10 -5 -8 15 -7 -1 21 -19 -3 -21 -12 -13 -20 -16 -26 -22 -15 -11 -14
right_child=1 2 5 12 -6 14 7 -9 11 28 17 22 29 27 24 -17 -18 18 23 20 26 -23 -24 -25 25 -27 -28 -29 -30 -31
leaf_value=0.18659517962893518 0.1880137201453721 0.099204935509802805 -1.354555350806006 0.22760540586794209 -5.1694552161063916 0.83165614916501918 -1.1543067752607499 0.30880979408363562 0.56621785962398696 -8.7281615368009522 2.2215124891562303 -1.3437257926603801 0.22379459267760354 -6.0205472834139115 0.23264618883448238 -0.21739476217170761 0.23267252818922374 -2.5836443556947817 2.1881237018154231 -2.0534127244634806 -1.6605569793450976 0.021993442190445481 0.32658995956236653 -0.44572389513627758 0.23823566746365829 0.15827613900429754 0.040181789193106714 -4.3511758567582852 -2.1596986072148976 -0.0046256304335372533
leaf_weight=53 77 41 67 47 40 45 51 69 45 44 54 44 43 46 167 61 362 54 42 69 70 66 55 66 41 63 47 130 41 41
leaf_count=53 77 41 67 47 40 45 51 69 45 44 54 44 43 46 167 61 362 54 42 69 70 66 55 66 41 63 47 130 41 41
internal_value=0.00955161 0.00124555 0.00886654 -0.0009375 0.0403297 0.0231982 -0.0124183 -0.022973 -0.00261438 -0.0160494 -0.00717092 0.0125 0.0232824 -0.0328194 0.0285146 0.0113208 0.0446988 0.00212766 -0.00802469 -0.0187225 -0.0241935 0.0158333 0.000505051 0.00462963 0.0352399 0.0230769 -0.0123932 -0.0403409 -0.0370588 0.00952381
internal_weight=2141 1686 1084 640 455 444 602 296 306 162 509 144 131 227 377 106 415 282 162 227 186 120 99 108 271 104 117 176 85 84
internal_count=2141 1686 1084 640 455 444 602 296 306 162 509 144 131 227 377 106 415 282 162 227 186 120 99 108 271 104 117 176 85 84
cat_boundaries=0 1
cat_threshold=2
is_linear=0
shrinkage=0.05


Tree=42
num_leaves=31
num_cat=1
split_feature=60 31 16 68 5 13 9 9 30 31 55 30 8 18 30 57 5 19 5 39 14 57 4 57 25 5 61 38 61 30
split_gain=204.498 63.2166 80.3214 53.208 34.2672 36.1067 30.7782 30.4999 25.8052 25.6068 18.3787 19.437 15.2388 20.4464 14.9571 14.9016 13.9664 12.0647 10.6176 9.61319 8.38876 8.11277 5.92105 5.86054 5.4303 3.34766 6.05 3.32461 3.21034 2.96697
threshold=1252.9250000000002 660.71000000000015 0.85457202410498234 1.0000000180025095e-35 0.82575757575757591 77.555000000000021 4073.9800000000005 2843.2600000000007 42.225000000000144 261.62000000000018 0 15.499999999999888 5868.7981859410438 2535.0000000000005 70.260000000000005 43.460000000000008 0.15476190476190474 255.00000000000003 0.48333333333333339 -26.285490281100135 84.220000000000013 116.82000000000001 5.5000000000000009 89.780000000000015 365.00000000000006 0.4494949494949495 1302.3600000000004 21.36038548752845 2218.8000000000006 63.750000000000007
decision_type=2 2 2 2 2 2 2 2 2 2 1 2 2 2 2 2 2 2 2 2 2 2 2 2 2 2 2 2 2 2
left_child=6 2 8 9 5 24 16 15 -2 12 18 19 17 -14 28 -3 -1 -4 -7 -12 27 -22 -15 -13 -5 26 -17 -11 -10 -18
right_child=1 7 3 4 -6 10 -8 -9 14 20 11 23 13 22 -16 25 29 -19 -20 -21 21 -23 -24 -25 -26 -27 -28 -29 -30 -31
leaf_value=0.18674712869773202 -1.2366646772437817 0.30147410124777141 -10.502117386592989 -0.33424730949774784 0.38336216062629802 -3.9771783256601587 -3.2987074032304537 -1.0433628965572037 0.21651760899983119 0.24366493249666804 -1.7348785467857413 -3.9560294028995333 1.0261658290375522 -2.3314839326836267 0.6985381324232578 0.21622513557454398 0.22103890177976382 -0.21038779154924933 0.15632115006359337 -0.25912973477525975 -0.058475558184654379 0.44096727110763823 0.17478357747226028 -2.864384943450891 0.32039554257002578 0.2205628024842568 0.28267479162025638 1.0360901117793653 0.22101387939275696 0.22103890177976382
leaf_weight=41 56 42 49 40 73 68 40 52 40 44 40 196 75 76 56 40 126 80 68 65 58 41 76 57 44 72 40 41 76 233
leaf_count=41 56 42 49 40 73 68 40 52 40 44 40 196 75 76 56 40 126 80 68 65 58 41 76 57 44 72 40 41 76 233
internal_value=0.00900238 0.000990991 -0.00306554 -0.00827036 -0.0178955 -0.0219723 0.0393182 0.0243902 0.0241228 0.00333333 -0.0271255 -0.0328804 -0.00449438 0.00330396 0.0337209 0.0335052 0.0435 -0.0182171 -0.00890411 -0.0157143 0.0184783 0.00858586 -0.00723684 -0.0413043 0.00833333 0.0407895 0.03375 0.03 0.0439655 0.0466574
internal_weight=2105 1665 1419 1191 651 578 440 246 228 540 494 358 356 227 172 194 400 129 136 105 184 99 152 253 84 152 80 85 116 359
internal_count=2105 1665 1419 1191 651 578 440 246 228 540 494 358 356 227 172 194 400 129 136 105 184 99 152 253 84 152 80 85 116 359
cat_boundaries=0 1
cat_threshold=2
is_linear=0
shrinkage=0.05


Tree=43
num_leaves=31
num_cat=1
split_feature=60 25 13 3 68 63 10 9 30 30 59 61 4 9 45 45 63 19 4 58 72 25 18 13 37 36 9 19 58 10
split_gain=194.691 64.9837 54.0073 50.0057 50.0002 27.4546 31.1642 23.7916 20.8358 17.6795 17.1603 26.572 29.0661 27.4547 13.9871 12.4421 11.3495 11.1208 11.0896 15.9059 10.5397 9.50305 9.24593 8.96874 8.2465 9.00891 6.69697 6.68141 9.99299 5.77901
threshold=1252.9250000000002 915.00000000000011 78.135000000000005 0 19.869999999999997 0.81677354899838817 126.15000000000002 3061.4950000000003 70.260000000000005 51.109999999999907 806.50000000000011 3271.1200000000003 8.5000000000000018 2091.4500000000003 0.0021349053262004502 0.022747443060643004 0.85726909218677139 285.00000000000006 3.5000000000000004 94.705000000000013 -24.769952717479665 405.00000000000006 4255.0000000000009 80.620000000000019 0.81967220671197716 0.0078795352224959019 2522.7750000000005 195.00000000000003 115.38500000000001 160.53500000000005
decision_type=2 2 2 1 2 2 2 2 2 2 2 2 2 2 2 2 2 2 2 2 2 2 2 2 2 2 2 2 2 2
left_child=5 2 3 8 9 6 -1 29 18 16 15 12 13 20 -11 -6 27 -5 19 -2 -12 -15 -7 -23 25 -16 -20 -4 -29 -3
right_child=1 7 4 17 10 22 -8 -9 -10 14 11 -13 -14 21 24 -17 -18 -19 26 -21 -22 23 -24 -25 -26 -27 -28 28 -30 -31
leaf_value=-7.4972956435924125 -7.9787388089928104 0.28238055333027035 -9.3168677611761623 0.16632695665083475 -4.6318177887034357 0.20998695669077563 0.20998695669077563 0.52156761616926883 -4.491543325646818 -0.49489012891563888 -0.49165957127182641 -3.1942172113897516 0.54197850403178338 -2.8606045133835787 0.089115701009436069 -0.42745164865321716 -9.1430924645238587 0.2099631854231177 0.48174364436485106 0.18013783278995207 0.50730574512225146 -3.500555949120431 0.36147427322073045 -1.1316743345320348 1.373359143739731 0.9152709284948557 0.20401937772579404 0.97534051910452468 -0.4454157766477323 0.21018507263663935
leaf_weight=42 45 75 41 45 78 315 40 72 51 47 51 95 45 43 77 41 40 133 68 51 43 59 41 77 42 42 75 82 57 84
leaf_count=42 45 75 41 45 78 315 40 72 51 47 51 95 45 43 77 41 40 133 68 51 43 59 41 77 42 42 75 82 57 84
internal_value=0.0098474 0.00201929 -0.00196078 0.0119658 -0.00875 0.0394977 0.0134146 0.0266234 -0.00133333 0.00397196 -0.018985 -0.0141646 -0.0072327 -0.01337 0.0144231 -0.0357143 -0.00590909 0.0319149 0.00481172 -0.00833333 0.00851064 -0.0248603 0.0455056 -0.0183824 0.0214286 0.0147059 0.0136364 -0.000555556 0.00467626 0.0374214
internal_weight=2097 1659 1428 468 960 438 82 231 290 428 532 413 318 273 208 119 220 178 239 96 94 179 356 136 161 119 143 180 139 159
internal_count=2097 1659 1428 468 960 438 82 231 290 428 532 413 318 273 208 119 220 178 239 96 94 179 356 136 161 119 143 180 139 159
cat_boundaries=0 1
cat_threshold=18
is_linear=0
shrinkage=0.05


Tree=44
num_leaves=31
num_cat=1
split_feature=60 25 16 51 57 9 9 29 20 35 30 4 18 68 60 57 8 38 14 45 22 24 57 59 58 9 58 24 10 20
split_gain=208.34 64.9853 61.363 38.4949 36.2241 28.6744 22.7665 20.8205 18.6628 19.7271 18.4136 17.1222 25.2499 16.9571 16.5014 19.7336 13.9154 13.8254 12.0593 11.99 11.9639 11.8121 11.7391 11.6026 11.4565 9.01169 7.95711 6.8 6.44047 6.41405
threshold=1252.9250000000002 915.00000000000011 0.85638305456878128 0 89.040000000000006 4087.9150000000004 3032.5700000000002 -36.369999999999997 2175.0000000000005 0.041946782146292654 70.260000000000005 8.5000000000000018 4075.0000000000009 -4.2860000000000005 2330.4900000000002 36.890000000000008 5868.7981859410438 44.35343537414952 83.850000000000009 0.014694234364281552 385.00000000000006 2495.0000000000005 101.91500000000002 906.34500000000014 88.145000000000024 1557.6650000000002 104.11500000000001 2975.0000000000005 158.71000000000004 2095.0000000000005
decision_type=2 2 2 1 2 2 2 2 2 2 2 2 2 2 2 2 2 2 2 2 2 2 2 2 2 2 2 2 2 2
left_child=5 2 7 4 11 23 28 -2 17 27 21 14 -13 16 15 25 -5 -6 20 26 -15 -9 -18 -1 -16 -4 -20 -10 29 -3
right_child=1 6 3 13 8 -7 -8 10 9 -11 -12 12 -14 18 24 -17 22 -19 19 -21 -22 -23 -24 -25 -26 -27 -28 -29 -30 -31
leaf_value=0.15571412772396231 -0.84187456228371149 0.18902867437650031 -0.71535905840694236 -2.1983453340241907 0.32138942167676987 0.18680947602005624 0.55795672389807194 0.3287730459122486 0.52737067448737918 -2.0503335504924443 0.52626913776256001 0.45103888201283837 -2.4802850583817175 0.10887063144448916 -1.7652954139041797 0.12058506440960884 1.6070300737651644 0.037627262012700946 -2.3181090214681705 1.5275637071931982 0.89578756525997683 0.19945646316651847 -1.2524388530260531 0.19948760885623643 -3.8638660675809855 -2.5046060767564171 0.10004605673944128 -3.2765491669918805 0.20041192052005102 0.27084246933489453
leaf_weight=49 55 40 41 57 49 40 70 40 51 51 57 40 58 51 77 73 40 48 47 57 54 102 98 372 138 46 73 45 85 42
leaf_count=49 55 40 41 57 49 40 70 40 51 51 57 40 58 51 77 73 40 48 47 57 54 102 98 372 138 46 73 45 85 42
internal_value=0.010671 0.00252226 -0.00145028 -0.00619765 -0.0134113 0.0404555 0.0267932 0.0208661 0.00204918 -0.00918367 0.028392 -0.0216702 -0.00306122 0.00482546 -0.0265333 -0.014375 -0.00641026 0.0190722 0.012766 0.00480226 0.0261905 0.0380282 0.00217391 0.0442993 -0.0355814 -0.0304598 -0.00416667 0.00416667 0.0368263 0.0268293
internal_weight=2146 1685 1448 1194 717 461 237 254 244 147 199 473 98 477 375 160 195 97 282 177 105 142 138 421 215 87 120 96 167 82
internal_count=2146 1685 1448 1194 717 461 237 254 244 147 199 473 98 477 375 160 195 97 282 177 105 142 138 421 215 87 120 96 167 82
cat_boundaries=0 1
cat_threshold=1
is_linear=0
shrinkage=0.05


Tree=45
num_leaves=31
num_cat=1
split_feature=60 3 29 31 5 39 9 5 15 58 9 5 17 15 17 10 35 5 60 61 23 5 58 23 5 39 39 61 58 57
split_gain=208.128 63.6394 60.5512 36.3004 27.871 45.248 27.7089 26.9983 19.3798 17.3921 16.7653 15.5027 12.8978 12.3586 16.7913 20.5188 11.9624 11.0638 18.7335 10.1644 10.1576 16.7375 12.4521 9.97999 11.5813 9.02336 7.9863 7.82286 12.5003 6.85819
threshold=1252.9250000000002 0 -59.115000000000002 209.74499999999992 0.82575757575757591 -14.597407728177792 4087.9150000000004 0.19090909090909094 0.57500000000000295 38.590000000000011 1713.3150000000003 0.15476190476190474 2205.0000000000005 1.0399999999999994 1635.0000000000002 154.32000000000002 0.0436961537987142 0.31666666666666671 2195.3200000000002 3679.6850000000004 1405.0000000000002 0.38750000000000007 124.80500000000002 3085.0000000000005 0.68333333333333346 -21.693725990250936 -27.953644746595831 2259.0200000000009 107.12000000000002 89.040000000000006
decision_type=2 1 2 2 2 2 2 2 2 2 2 2 2 2 2 2 2 2 2 2 2 2 2 2 2 2 2 2 2 2
left_child=6 4 8 17 5 7 11 10 -3 -5 -2 -1 26 -10 -15 -16 29 -4 -19 -6 -11 -22 -23 24 -7 -20 -9 -17 -29 -14
right_child=1 2 3 9 19 23 -8 12 13 20 -12 -13 16 14 15 27 -18 18 25 -21 21 22 -24 -25 -26 -27 -28 28 -30 -31
leaf_value=0.16789747724838266 -0.66055859159358643 -1.6902239430906238 -2.3480325026000806 -0.61755240121850763 1.5305761702556198 -3.9804891167339385 0.24104400477013224 0.14423131597403938 0.1760225026137249 0.27366113028610073 -7.9011217560354909 0.18951322841342347 -0.70213767562831786 0.34094718308650906 -5.8422101704973679 -0.34307939398448772 -1.5795532980434821 0.89220873383060573 -0.39401526379636498 -0.15097547040731457 0.46377364561728884 0.18957608789420988 0.18881610600253396 -4.7116151974160614 -0.78462037441352528 0.19205529206610381 0.49012300488465999 2.3672923537999324 -0.68116896889751288 0.56629560936634249
leaf_weight=43 50 51 59 44 41 62 40 41 52 59 46 376 40 63 75 56 44 48 54 40 67 182 65 79 53 62 40 43 101 42
leaf_count=43 50 51 59 44 41 62 40 41 52 59 46 376 40 63 75 56 44 48 54 40 67 182 65 79 53 62 40 43 101 42
internal_value=0.00996223 0.0017179 0.0088451 0.01875 -0.0115646 -0.0161972 0.0397603 -0.00412541 -0.0053288 0.027458 -0.0260417 0.0435561 0.00603865 -0.00153846 -0.00502959 -0.0103636 -0.00396825 0.00246637 0.00914634 0.0154321 0.0309651 0.0273885 0.0334008 -0.0350515 -0.0256522 -0.00172414 0.0216049 -0.002 0.00416667 0.00731707
internal_weight=2118 1659 1081 640 578 497 459 303 441 417 96 419 207 390 338 275 126 223 164 81 373 314 247 194 115 116 81 200 144 82
internal_count=2118 1659 1081 640 578 497 459 303 441 417 96 419 207 390 338 275 126 223 164 81 373 314 247 194 115 116 81 200 144 82
cat_boundaries=0 1
cat_threshold=2
is_linear=0
shrinkage=0.05


Tree=46
num_leaves=31
num_cat=1
split_feature=60 19 16 51 9 30 9 57 5 32 20 58 5 30 23 8 57 14 59 34 62 62 31 5 57 61 11 59 16 31
split_gain=198.597 65.2378 53.708 36.6449 34.7174 31.8684 30.663 28.3981 30.6676 23.6095 20.8266 20.027 18.6954 18.6604 14.3023 11.6716 12.0753 11.0162 10.5354 10.0815 9.89327 12.7768 5.78983 5.36919 4.57619 4.54335 4.38873 4.14284 3.90028 3.8162
threshold=1252.9250000000002 855.00000000000011 0.85638305456878128 0 4073.9800000000005 42.225000000000144 3032.5700000000002 89.780000000000015 0.82575757575757591 0.94601781870943646 2175.0000000000005 88.740000000000023 0.38750000000000007 70.260000000000005 1755.0000000000002 4320.0453514739238 113.57000000000001 8.0649999999999995 906.34500000000014 0.90749867848239207 2611.2750000000001 3189.0550000000003 28.404999999999976 0.4494949494949495 99.575000000000017 2218.8000000000006 2327.8150000000001 2523.1800000000007 0.96170384764858552 289.81
decision_type=2 2 2 1 2 2 2 2 2 2 2 2 2 2 2 2 2 2 2 2 2 2 2 2 2 2 2 2 2 2
left_child=4 2 5 19 18 -2 23 8 9 11 15 12 -5 25 -11 16 -9 -13 -1 26 -12 24 -23 -3 -22 -7 -4 -24 -8 -21
right_child=1 6 3 7 -6 13 28 10 -10 14 20 17 -14 -15 -16 -17 -18 -19 -20 29 21 22 27 -25 -26 -27 -28 -29 -30 -31
leaf_value=0.1384527599170923 -1.0800590376279 0.17120097262368006 0.42387353014889162 -1.6289542246969644 -5.9012134316413638 0.17575050471108966 2.4090207533093206 0.39870494250991162 0.415798826216772 -0.6232847518805209 -1.8633056758132907 -3.2106154566239997 0.40912690416275199 0.49009489698511288 -5.3081076742346589 0.20808989682119547 -1.1559870541756589 -0.038967371891894233 0.18003756699275186 0.47650281035788 -0.087484339532196032 -11.175696409504628 -0.89359627537863706 0.18095051919392235 0.85235976970650962 0.18001339859892485 -0.39791444932404085 0.070022321756735548 -0.45968241840579371 0.9565561530578649
leaf_weight=47 67 76 41 79 41 48 41 46 62 59 41 97 77 55 133 58 43 51 361 41 40 42 71 81 56 78 42 50 43 40
leaf_count=47 67 76 41 79 41 48 41 46 62 59 41 97 77 55 133 58 43 51 361 41 40 42 71 81 56 78 42 50 43 40
internal_value=0.0107024 0.00271411 -0.00137615 -0.00585971 0.0402004 0.0197581 0.0267635 -0.00940887 -0.0170251 -0.0211694 -0.000111857 -0.0125 0 0.030663 -0.0348958 0.0153061 0.00393258 -0.0256757 0.0446078 0.0155172 -0.00766667 -0.00405405 -0.0125767 0.0398089 0.0104167 0.0412698 0.00421687 -0.00702479 0.00238095 0.0290123
internal_weight=2107 1658 1417 1169 449 248 241 1005 558 496 447 304 156 181 192 147 89 148 408 164 300 259 163 157 96 126 83 121 84 81
internal_count=2107 1658 1417 1169 449 248 241 1005 558 496 447 304 156 181 192 147 89 148 408 164 300 259 163 157 96 126 83 121 84 81
cat_boundaries=0 1
cat_threshold=24
is_linear=0
shrinkage=0.05


Tree=47
num_leaves=31
num_cat=1
split_feature=60 25 3 10 9 9 39 5 5 9 10 23 19 22 16 14 11 58 39 72 11 5 11 5 5 25 10 5 30 29
split_gain=203.242 62.004 46.7872 43.8022 31.3472 26.3655 26.1693 47.5286 26.0682 26.5661 20.9344 14.4002 13.675 11.8185 14.7159 14.8551 9.69805 9.30909 9.12564 8.98107 8.41802 9.98231 11.156 8.23409 7.12706 7.5819 6.76068 6.37717 6.35316 5.02924
threshold=1252.9250000000002 915.00000000000011 0 100.37500000000001 4073.9800000000005 3032.5700000000002 -14.597407728177792 0.88194444444444453 0.19090909090909094 1713.3150000000003 104.75500000000001 2155.0000000000005 285.00000000000006 385.00000000000006 0.96372363037573361 9.079999999999993 1259.0650000000003 86.995000000000019 -21.693725990250936 -31.668743859028776 1691.6550000000002 0.4494949494949495 2332.5600000000004 0.76388888888888895 0.80909090909090919 545.00000000000011 194.78500000000003 0.4494949494949495 13.790000000000306 -20.049999999999951
decision_type=2 2 1 2 2 2 2 2 2 2 2 2 2 2 2 2 2 2 2 2 2 2 2 2 2 2 2 2 2 2
left_child=4 2 6 12 16 27 8 23 9 -2 -5 19 -4 14 15 -12 -1 -13 -17 -10 -15 26 -23 -8 25 -24 -22 -3 -16 -14
right_child=1 5 3 10 -6 -7 7 -9 11 -11 13 17 29 20 28 18 -18 -19 -20 -21 21 22 24 -25 -26 -27 -28 -29 -30 -31
leaf_value=0.13153012192123867 0.21160775794371781 0.20011816933123044 0.088173994595592831 -1.6291668881498067 -0.15020273831552125 0.3376615571057251 -3.140394408566983 0.4368556201333238 0.32598372530016673 -7.1955676817551186 0.60819663220449349 0.10936725379999786 0.17099560269809333 0.33569874575886161 -0.072834324678748175 -3.0720771142858005 0.17103568864311569 -1.8908293575323354 -0.6760421645072654 0.53500969374068463 -0.59212051428649493 0.24342272904097656 0.23894311742984442 -4.2584071420064609 0.66976585177287229 -1.7129338848285309 0.15903262400763582 0.2368707511066333 1.0410258314935015 0.33107817520859162
leaf_weight=50 52 79 47 59 41 73 123 52 40 54 40 72 84 47 70 74 360 60 53 47 47 42 56 65 56 55 72 77 43 45
leaf_count=50 52 79 47 59 41 73 123 52 40 54 40 72 84 47 70 74 360 60 53 47 47 42 56 65 56 55 72 77 43 45
internal_value=0.0106557 0.00267221 -0.00113402 0.006 0.0404656 0.0268559 -0.0122609 -0.025 -0.00323077 -0.0235849 0.000560224 0.006621 0.0284091 0.00312977 -0.00464286 -0.0140719 0.0446341 -0.00378788 -0.0224409 0.0224138 0.00893333 0.00609756 0.0126794 -0.0367021 0.00688623 -0.00045045 -0.00546218 0.0384615 0.00929204 0.0368217
internal_weight=2135 1684 1455 890 451 229 565 240 325 106 714 219 176 655 280 167 410 132 127 87 375 328 209 188 167 111 119 156 113 129
internal_count=2135 1684 1455 890 451 229 565 240 325 106 714 219 176 655 280 167 410 132 127 87 375 328 209 188 167 111 119 156 113 129
cat_boundaries=0 1
cat_threshold=2
is_linear=0
shrinkage=0.05


Tree=48
num_leaves=31
num_cat=1
split_feature=60 14 10 31 17 23 58 34 11 15 39 40 55 15 17 13 59 10 25 30 29 17 15 15 45 10 39 45 10 59
split_gain=193.56 61.1158 41.4249 40.7894 39.2909 24.4548 20.2431 18.8113 16.8368 15.5744 23.4371 15.2419 14.8882 18.6102 14.0199 13.6251 12.7447 11.6496 10.7491 9.8815 12.2483 9.19033 11.4614 12.046 10.8222 8.37593 7.85207 9.93633 6.5744 5.60006
threshold=1252.9250000000002 8.1150000000000038 99.865000000000023 660.71000000000015 4155.0000000000009 1765.0000000000002 66.555000000000021 0.95130065795527552 3225.9000000000001 32.340000000000011 -30.441811698809929 -31.396990701881865 0 0.44999999999999574 2865.0000000000005 97.945000000000007 906.34500000000014 100.65000000000002 384.99999999999994 72.110000000000369 -58.999999999999993 2065.0000000000005 85.829999999999998 81.635000000000005 0.010823347687959502 156.80000000000004 -15.259814330836106 0.025917971526371906 197.25000000000003 1958.6900000000003
decision_type=2 2 2 2 2 2 2 2 2 2 2 2 1 2 2 2 2 2 2 2 2 2 2 2 2 2 2 2 2 2
left_child=4 5 18 9 16 17 -7 8 11 10 -4 -8 13 -12 25 -14 -1 -2 -3 20 -15 24 23 26 -11 -5 27 28 -23 -9
right_child=1 2 3 14 -6 6 7 29 -10 21 12 -13 15 19 -16 -17 -18 -19 -20 -21 -22 22 -24 -25 -26 -27 -28 -29 -30 -31
leaf_value=0.31164795384159166 1.3869016641591558 0.15814782219048312 -2.2724000707303547 0.21763740013879274 -5.6431425926259422 0.20192598726444544 -1.1144868877318845 -6.4518588818436786 -2.7606715578790189 0.15115268144552127 -1.2369139625976644 0.45197017607362255 -5.4856019691346312 0.14809596846648532 0.20147165345262172 -0.10844318201383576 0.16248390421096134 -0.40729451339088779 0.16246294853407336 -0.056148504825577567 0.64730212545277943 -2.6676364333758684 0.35332726685508009 -0.86650786814006653 1.0160750383477932 0.16005945567889626 0.68232699860321588 1.6701257877906046 0.019173915001157484 -2.9270368945877774
leaf_weight=52 41 49 43 59 40 81 45 44 74 64 46 52 50 75 42 78 372 40 99 42 58 48 52 46 42 78 47 45 64 136
leaf_count=52 41 49 43 59 40 81 45 44 74 64 46 52 50 75 42 78 372 40 99 42 58 48 52 46 42 78 47 45 64 136
internal_value=0.0113593 0.00329268 0.00980479 0.00607763 0.0398707 -0.0110136 -0.0157407 -0.0209402 -0.00906433 0.00125 -0.00586735 0.00463918 -0.00157593 0.00627706 0.0276536 -0.0144928 0.0443396 0.0141975 0.0344595 0.014 0.0206767 0.00808824 0.00364238 -0.0008 0.0207547 0.0354015 0.00441176 -0.000955414 -0.00892857 -0.0322222
internal_weight=2104 1640 1127 979 464 513 432 351 171 800 392 97 349 221 179 128 424 81 148 175 133 408 302 250 106 137 204 157 112 180
internal_count=2104 1640 1127 979 464 513 432 351 171 800 392 97 349 221 179 128 424 81 148 175 133 408 302 250 106 137 204 157 112 180
cat_boundaries=0 1
cat_threshold=10
is_linear=0
shrinkage=0.05


Tree=49
num_leaves=31
num_cat=2
split_feature=60 3 29 17 31 55 23 5 57 30 31 16 5 31 5 62 59 15 12 10 19 71 18 5 45 23 5 35 30 23
split_gain=192.121 61.4411 46.2318 27.6413 26.5238 25.4909 29.2064 36.2899 29.1604 17.1043 14.538 13.8938 13.3654 12.7655 10.7374 16.4457 12.3723 10.3128 9.73064 8.99839 12.9213 8.5607 6.774 9.5475 9.3913 6.63283 6.00405 5.57583 3.55691 2.47039
threshold=1252.9250000000002 0 -59.115000000000002 4125.0000000000009 209.74499999999992 1 1785.0000000000002 0.88194444444444453 89.780000000000015 70.944999999999951 660.71000000000015 0.88520324047920373 0.15476190476190474 346.69500000000022 0.31666666666666671 2379.6000000000008 2232.9150000000004 0.57500000000000295 90.745000000000019 100.37500000000001 595.00000000000011 -28.191020213815843 3585.0000000000005 0.4494949494949495 0.016616900823775354 3075.0000000000005 0.78888888888888908 -0.0043604742399387993 76.385000000000005 3575.0000000000005
decision_type=2 1 2 2 2 1 2 2 2 2 2 2 2 2 2 2 2 2 2 2 2 2 2 2 2 2 2 2 2 2
left_child=3 5 10 12 14 25 11 8 26 19 17 -7 -1 -11 -4 -16 -17 -3 -10 -6 -21 -19 23 24 -23 -2 -8 -22 -15 -14
right_child=1 2 4 -5 9 6 7 -9 18 13 -12 -13 29 28 15 16 -18 21 -20 20 27 22 -24 -25 -26 -27 -28 -29 -30 -31
leaf_value=0.13382474539362194 0.61493701918014099 -1.294072926003726 -1.6359187882094455 0.13946452823155192 0.15432267513648412 1.2769284260461 -3.5181590648764196 0.37234927721598726 0.071316165721206914 -0.13862556645994673 0.203294479409837 -0.43947858298361187 0.15435970900041412 0.15639305361474953 0.78157246581136663 -0.62963952326604378 0.54059513597590869 -1.1380164706638241 -2.4936893949308114 0.12078895985813745 0.15193652206254804 -1.5550356694894671 -2.2088564628161134 1.6188480349868213 0.21494090644727956 -0.12576827700065962 -3.8991349401767481 0.24065102814396938 0.42377746278271644 0.15435970900041412
leaf_weight=44 65 51 59 41 99 40 148 54 66 43 76 51 330 40 40 48 71 49 54 67 44 69 73 54 69 59 46 79 42 43
leaf_count=44 65 51 59 41 99 40 148 54 66 43 76 51 330 40 40 48 71 49 54 67 44 69 73 54 69 59 46 79 42 43
internal_value=0.0117313 0.00380435 0.0108495 0.040393 0.0196203 -0.00919056 -0.0146055 -0.0211957 -0.027707 0.0270531 -0.00147392 0.0104396 0.0442446 0.0116 0.00550459 0.0122642 0.00294118 -0.00561644 -0.00833333 0.033737 0.0273684 -0.0022293 0.00132075 0.00625 -0.000724638 0.0104478 -0.0396907 0.0369919 0.0231707 0.047319
internal_weight=2114 1656 1073 458 632 583 459 368 314 414 441 91 417 125 218 159 119 365 120 289 190 314 265 192 138 124 194 123 82 373
internal_count=2114 1656 1073 458 632 583 459 368 314 414 441 91 417 125 218 159 119 365 120 289 190 314 265 192 138 124 194 123 82 373
cat_boundaries=0 1 2
cat_threshold=2 18
is_linear=0
shrinkage=0.05


Tree=50
num_leaves=31
num_cat=1
split_feature=62 19 5 9 9 5 21 5 9 11 10 14 68 68 29 16 4 62 24 10 11 62 11 62 4 16 47 34 12 33
split_gain=194.19 64.5 42.2521 67.7041 57.1692 49.7448 44.1527 40.9315 40.8438 35.7247 22.0155 19.0773 15.7117 14.9128 25.5438 13.5155 12.8608 10.5455 13.8436 9.32659 8.65083 8.50174 8.11891 6.78613 6.09926 5.88512 4.77693 4.74241 4.12678 3.48755
threshold=1359.2350000000004 800.00000000000034 0.80909090909090919 2543.4700000000007 3537.6350000000007 0.38750000000000007 2205.0000000000005 0.84523809523809534 4098.8250000000007 3142.6500000000005 107.11500000000002 96.245000000000019 61.257500000000014 22.148499999999903 -46.880000000000045 0.88104841257353905 5.5000000000000009 2357.9900000000002 2505.0000000000005 181.51000000000002 2354.8250000000003 2243.4200000000005 1620.8050000000003 3211.1550000000002 2.5000000000000004 0.96170384764858552 0 0.99821603720794017 90.040000000000006 0.58629527137318005
decision_type=2 2 2 2 2 2 2 2 2 2 2 2 2 2 2 2 2 2 2 2 2 2 2 2 2 2 1 2 2 2
left_child=8 2 3 5 15 6 12 -6 24 21 23 -8 13 14 -2 -4 19 -7 -19 -12 29 -3 -16 28 -1 -11 -15 -22 -5 -20
right_child=1 9 4 10 7 17 11 -9 -10 25 16 -13 -14 26 22 -17 -18 18 20 -21 27 -23 -24 -25 -26 -27 -28 -29 -30 -31
leaf_value=0.14664172355039398 -2.3778755777896774 0.14691575938196308 0.15755718658525383 -1.2703301140870196 -4.4717453648887773 0.51944709566621161 -4.9437956545124777 0.54359244853241362 -5.5684394002871631 2.2495805037087395 -8.0580701692766858 -0.46701801646081087 -0.62996057782902537 0.36792555921464259 1.3722823685117191 0.31395061271864649 0.63961195407199944 -0.12503214734240872 0.14070705271234515 -0.22213398649595728 -0.033987651713765388 0.18227889130481856 0.066447863701666776 -2.5791976992047765 0.14664172355039398 -1.1741057398123615 0.3721135371003193 0.37128800979089577 -2.7201257191281485 0.35792281142017829
leaf_weight=76 77 40 89 41 56 60 104 73 40 52 42 42 44 50 44 64 45 61 48 75 41 141 48 110 309 55 41 49 42 49
leaf_count=76 77 40 89 41 56 60 104 73 40 52 42 42 44 50 44 64 45 61 48 75 41 141 48 110 309 55 41 49 42 49
internal_value=0.010389 0.00276292 -0.00168459 -0.00606469 0.0156028 0.00237467 -0.00822222 -0.00891473 0.0405882 0.0243056 -0.0240845 -0.0308219 0.00263158 0.00730769 -0.00147929 0.0362745 -0.0104938 0.0178571 0.0133065 -0.0192308 0.0200535 0.0378453 0.0163043 -0.0354922 0.0455844 0.00140187 0.0236264 0.00888889 -0.0246988 0.0304124
internal_weight=2108 1683 1395 1113 282 758 450 129 425 288 355 146 304 260 169 153 162 308 248 117 187 181 92 193 385 107 91 90 83 97
internal_count=2108 1683 1395 1113 282 758 450 129 425 288 355 146 304 260 169 153 162 308 248 117 187 181 92 193 385 107 91 90 83 97
cat_boundaries=0 1
cat_threshold=2
is_linear=0
shrinkage=0.05


Tree=51
num_leaves=31
num_cat=0
split_feature=60 19 5 59 4 13 68 11 5 17 63 14 28 4 9 68 29 5 8 61 63 30 31 57 5 13 59 63 33 18
split_gain=193.998 59.2776 55.2772 55.451 42.4958 30.2999 28.6068 23.0959 26.686 22.017 19.3651 17.5001 16.8734 15.2697 15.1191 15.0164 14.0988 14.0742 12.9551 12.8934 9.02513 8.64063 8.32035 7.99048 7.75282 7.54324 6.97969 6.47107 8.13603 6.17721
threshold=1252.9250000000002 855.00000000000011 0.86190476190476206 3085.9400000000005 8.5000000000000018 77.140000000000015 19.869999999999997 2116.8900000000008 0.17786561264822134 3095.0000000000005 0.81677354899838817 46.740000000000002 2665.0000000000005 3.5000000000000004 1756.3800000000003 19.236500000000007 -92.974999999999895 0.29285714285714287 5868.7981859410438 3711.9150000000004 0.86674611912895339 57.679999999999957 180.49500000000015 105.15000000000002 0.4494949494949495 86.475000000000009 3120.5250000000005 0.80906767613703046 0.7335054096722694 4170.0000000000009
decision_type=2 2 2 2 2 2 2 2 2 2 2 2 2 2 2 2 2 2 2 2 2 2 2 2 2 2 2 2 2 2
left_child=10 2 3 4 5 13 12 8 16 24 15 26 18 14 -2 -1 -8 -9 22 -4 -15 -22 -7 -14 -3 -20 -5 -19 -29 -12
right_child=1 9 19 11 -6 6 7 17 -10 -11 29 -13 23 20 -16 -17 -18 27 25 -21 21 -23 -24 -25 -26 -27 -28 28 -30 -31
leaf_value=0.13943980439287032 0.35255856960165277 0.12348554676954962 0.53442715915375205 -2.2903701101504197 0.27785765096499804 -2.0172525654683158 0.0041160058218313372 -5.6918757964084552 0.84971299951581958 0.72841242924691307 0.13930963737287527 0.0067668333457675091 -5.5722630878226411 0.17695078251864516 -3.7368943831388606 0.13930963737287527 -1.5292209136234636 -0.1591532665620993 0.080776147155879136 0.24949654949276623 1.1786944342693439 0.025859217894111455 0.17937542156574296 -0.033638000360744873 0.13595303509808901 0.78095827664388651 -3.4255326921372395 -1.697361173618279 -2.0388162335870037 0.1317352715463784
leaf_weight=42 40 73 86 45 66 50 54 60 58 83 309 40 43 47 49 53 43 52 66 40 44 59 55 50 84 123 98 68 66 40
leaf_count=42 40 73 86 45 66 50 54 60 58 83 309 40 43 47 49 53 43 52 66 40 44 59 55 50 84 123 98 68 66 40
internal_value=0.0112176 0.00328867 -0.00064194 -0.00376176 0.000503202 -0.00199611 -0.00672589 -0.0160848 -0.000967742 0.02625 0.0405405 -0.029235 0.00297158 0.0135983 -0.00280899 0.0205263 -0.0170103 -0.0256098 0.00884354 0.0309524 0.0233333 0.0150485 -0.0052381 -0.0155914 0.0372611 0.0166667 -0.0374126 -0.0188172 -0.0246269 0.0459885
internal_weight=2086 1642 1402 1276 1093 1027 788 401 155 240 444 183 387 239 89 95 97 246 294 126 150 103 105 93 157 189 143 186 134 349
internal_count=2086 1642 1402 1276 1093 1027 788 401 155 240 444 183 387 239 89 95 97 246 294 126 150 103 105 93 157 189 143 186 134 349
is_linear=0
shrinkage=0.05


Tree=52
num_leaves=31
num_cat=0
split_feature=60 25 16 9 68 9 5 61 5 30 5 23 5 20 68 33 27 22 8 59 20 9 5 43 12 5 58 59 20 32
split_gain=177.757 56.3523 63.8721 34.1137 30.4857 27.5694 25.6581 39.6916 30.0678 33.5761 24.8964 29.4962 20.6332 21.3809 18.7902 12.3715 10.4474 10.245 13.0371 9.63552 8.04455 7.64048 9.19943 6.58967 6.00119 5.46627 5.33651 4.90889 4.41086 3.93846
threshold=1252.9250000000002 915.00000000000011 0.85457202410498234 4098.8250000000007 -0.37850000000000811 3032.5700000000002 0.82575757575757591 3271.1200000000003 0.72077922077922085 70.260000000000005 0.80909090909090919 2595.0000000000005 0.19090909090909094 2175.0000000000005 24.387500000000006 0.51490999877955801 1.0000000180025095e-35 195.00000000000003 5868.7981859410438 906.34500000000014 2605.0000000000005 2041.3500000000001 0.80909090909090919 0.99994216732310393 107.41500000000001 0.4494949494949495 111.72000000000001 1958.6900000000003 2645.0000000000005 0.83306350306987198
decision_type=2 2 2 2 2 2 2 2 2 2 2 2 2 2 2 2 2 2 2 2 2 2 2 2 2 2 2 2 2 2
left_child=3 2 10 19 16 25 7 8 9 12 11 27 14 24 -6 -15 17 18 -4 -1 -17 26 23 -23 -14 -3 -19 -2 -25 -12
right_child=1 5 4 -5 6 -7 -8 -9 -10 -11 29 -13 13 15 -16 20 -18 21 -20 -21 -22 22 -24 28 -26 -27 -28 -29 -30 -31
leaf_value=0.087355664636913855 0.29505747317510755 0.1286293543034816 -9.5526876546689774 -5.0516235134867609 -4.6586590085607034 0.14977269852282618 0.33171887894659591 -3.30931429031661 0.64635156110827274 -3.1637288365165901 0.12483579950214506 -1.6368234192054627 0.77318069334544226 -1.1359726784435951 -0.10339823376508619 0.38423394432660418 0.36548021579850176 0.11326327645279939 0.029757884087138111 0.13234415550423081 -2.1564305165913931 -1.5973968753642482 0.51357147239447198 0.079522428778919629 0.079446818208491268 0.13266180461386626 0.89438180600293582 0.1264429553793292 -0.84395851549624989 0.44596267808195478
leaf_weight=49 40 76 40 41 53 69 72 76 44 94 64 41 56 51 75 60 113 42 62 350 47 43 44 74 40 82 48 50 40 40
leaf_count=49 40 76 40 41 53 69 72 76 44 94 64 41 56 51 75 60 113 42 62 350 47 43 44 74 40 82 48 50 40 40
internal_value=0.0115607 0.00397311 0.000248403 0.0397727 -0.00451448 0.0270925 -0.0115269 -0.0149329 -0.01 -0.0136555 0.0240426 0.00954198 -0.00706806 0.0011811 -0.0234375 -0.0101266 0.00474308 0.000890585 -0.0127451 0.0442356 -0.00046729 0.0056701 0.000248756 -0.00541401 0.0197917 0.0386076 0.0177778 0.0255556 0.000877193 0.0423077
internal_weight=2076 1636 1409 440 1174 227 668 596 520 476 235 131 382 254 128 158 506 393 102 399 107 291 201 157 96 158 90 90 114 104
internal_count=2076 1636 1409 440 1174 227 668 596 520 476 235 131 382 254 128 158 506 393 102 399 107 291 201 157 96 158 90 90 114 104
is_linear=0
shrinkage=0.05


Tree=53
num_leaves=31
num_cat=1
split_feature=60 25 16 51 61 11 5 9 5 36 9 9 27 22 44 5 23 43 5 11 35 38 33 58 63 63 68 5 14 16
split_gain=185.34 62.1469 50.7622 26.1681 29.7346 40.9249 41.8629 25.6127 23.3208 24.361 22.0216 20.7503 14.428 13.8254 13.3148 12.7094 26.4936 15.5581 11.8692 11.8568 10.2709 9.48156 7.40097 6.97925 5.32549 4.99391 4.89616 4.74194 4.60829 4.15536
threshold=1252.9250000000002 915.00000000000011 0.85457202410498234 0 858.7850000000002 3213.7250000000008 0.76388888888888895 4087.9150000000004 0.80909090909090919 -0.014285245431905248 3032.5700000000002 3565.8200000000006 1.0000000180025095e-35 195.00000000000003 0.021016347086385955 0.38750000000000007 1765.0000000000002 0.99994216732310393 0.19090909090909094 1747.7700000000002 -0.037470538198578242 170.13401360544211 0.77718995732868779 87.355000000000018 0.83328154656675613 0.87752976490658197 32.872500000000002 0.4494949494949495 9.079999999999993 0.8504041379199111
decision_type=2 2 2 1 2 2 2 2 2 2 2 2 2 2 2 2 2 2 2 2 2 2 2 2 2 2 2 2 2 2
left_child=7 2 8 12 19 15 26 18 9 -2 27 -8 13 -4 -15 16 28 -17 -1 -5 -19 -16 -10 -18 -22 -26 -7 -3 -6 -11
right_child=1 10 3 4 5 6 11 -9 22 29 -12 -13 -14 14 21 17 23 20 -20 -21 24 -23 -24 -25 25 -27 -28 -29 -30 -31
leaf_value=0.12598728176900806 -2.0100389032917074 0.11098549338233284 -8.1616388024904705 -0.80492918808576741 1.0350043483357738 -5.5070098972388406 0.47916405692696745 1.2673952824883257 0.11859400952703823 0.2916425834763885 0.23442010592170776 -3.1438485758007788 1.9967035291988822 -0.47451112094641773 0.62864004359231596 -0.4824791235587722 -2.8060400197187914 0.7276565307048628 0.12572694772901799 -5.2573752243847274 0.14758951551120134 -0.0011561585289550536 0.23106812200955176 -0.37373634999580152 -0.037414077448738682 0.38627009769213744 -2.0788893416390808 0.12602871438317323 0.21780516835772731 0.10842404174084663
leaf_weight=49 40 75 50 81 47 40 46 40 63 42 66 70 55 57 100 68 77 40 349 54 64 54 40 57 41 71 83 80 41 50
leaf_count=49 40 75 50 81 47 40 46 40 63 42 66 70 55 57 100 68 77 40 349 54 64 54 40 57 41 71 83 80 41 50
internal_value=0.0117225 0.00405569 0.000244584 -0.00392977 -0.00831461 -0.00449664 -0.0215481 0.0406393 0.0214894 0.00757576 0.028733 0 0.00828221 0.00363985 0.00924171 0.00355731 -0.00540541 0.0105634 0.0444724 -0.03 0.0171296 0.0168831 0.0393204 -0.019403 0.0119318 0.00535714 -0.0418699 0.0390323 0.0159091 0.0217391
internal_weight=2090 1652 1431 1196 880 745 239 438 235 132 221 116 316 261 211 506 222 284 398 135 216 154 103 134 176 112 123 155 88 92
internal_count=2090 1652 1431 1196 880 745 239 438 235 132 221 116 316 261 211 506 222 284 398 135 216 154 103 134 176 112 123 155 88 92
cat_boundaries=0 1
cat_threshold=60
is_linear=0
shrinkage=0.05


end of trees

feature_importances:
row_ratio_in_wav=153
base_offset=98
base_pre_to_expected_ms=83
base_offset_to_expected_ms=76
prev_base_offset=69
next_base_offset=59
base_cutoff_abs=57
base_ovl_ratio=56
prev_base_pre=53
words_vs_alias_score_margin=53
prev_base_cutoff_abs=47
curr_phone_start_ms=45
syllable_len_ms=45
base_cutoff_to_next_anchor_ms=45
next_base_cutoff_abs=45
next_base_pre=43
base_cons_gap=42
curr_phone_len_ms=40
base_cut_gap=39
row_index_in_wav=34
base_ovl=34
base_cons=33
wav_duration_ms=31
syllable_start_ms=24
db_mean=24
curr_phone_end_ms=23
mapping_confidence=22
spectral_flux_mean=21
curr_vowel_start_ms=20
base_pre=19
curr_vowel_end_ms=19
energy_min=18
syllable_end_ms=16
energy_mean=16
valley_dist_from_cutoff_ms=13
curr_vowel_len_ms=11
energy_slope_pre=11
zcr_mean=11
alias_group=10
voicing_class=10
next_phone_gap_ms=8
energy_max=8
db_min=7
energy_slope_post=4
valley_energy=4
local_peak_db=4
f0_voicing_near_pre=3
vowel_class=3
prev_alias_type=3
f0_voicing_mean=2
local_valley_db=2
expected_anchor_ms=1
onset_class=1
is_nasal_or_sonorant=1
mel_window_energy_mean=1

parameters:
[boosting: gbdt]
[objective: regression_l1]
[metric: l1]
[tree_learner: serial]
[device_type: cpu]
[data_sample_strategy: bagging]
[data: ]
[valid: ]
[num_iterations: 500]
[learning_rate: 0.05]
[num_leaves: 31]
[num_threads: 0]
[seed: 0]
[deterministic: 0]
[force_col_wise: 0]
[force_row_wise: 0]
[histogram_pool_size: -1]
[max_depth: -1]
[min_data_in_leaf: 40]
[min_sum_hessian_in_leaf: 0.001]
[bagging_fraction: 0.85]
[pos_bagging_fraction: 1]
[neg_bagging_fraction: 1]
[bagging_freq: 1]
[bagging_seed: 3]
[bagging_by_query: 0]
[feature_fraction: 0.85]
[feature_fraction_bynode: 1]
[feature_fraction_seed: 2]
[extra_trees: 0]
[extra_seed: 6]
[early_stopping_round: 0]
[early_stopping_min_delta: 0]
[first_metric_only: 0]
[max_delta_step: 0]
[lambda_l1: 0]
[lambda_l2: 0]
[linear_lambda: 0]
[min_gain_to_split: 0]
[drop_rate: 0.1]
[max_drop: 50]
[skip_drop: 0.5]
[xgboost_dart_mode: 0]
[uniform_drop: 0]
[drop_seed: 4]
[top_rate: 0.2]
[other_rate: 0.1]
[min_data_per_group: 100]
[max_cat_threshold: 32]
[cat_l2: 10]
[cat_smooth: 10]
[max_cat_to_onehot: 4]
[top_k: 20]
[monotone_constraints: ]
[monotone_constraints_method: basic]
[monotone_penalty: 0]
[feature_contri: ]
[forcedsplits_filename: ]
[refit_decay_rate: 0.9]
[cegb_tradeoff: 1]
[cegb_penalty_split: 0]
[cegb_penalty_feature_lazy: ]
[cegb_penalty_feature_coupled: ]
[path_smooth: 0]
[interaction_constraints: ]
[verbosity: -1]
[saved_feature_importance_type: 0]
[use_quantized_grad: 0]
[num_grad_quant_bins: 4]
[quant_train_renew_leaf: 0]
[stochastic_rounding: 1]
[linear_tree: 0]
[max_bin: 255]
[max_bin_by_feature: ]
[min_data_in_bin: 3]
[bin_construct_sample_cnt: 200000]
[data_random_seed: 1]
[is_enable_sparse: 1]
[enable_bundle: 1]
[use_missing: 1]
[zero_as_missing: 0]
[feature_pre_filter: 1]
[pre_partition: 0]
[two_round: 0]
[header: 0]
[label_column: ]
[weight_column: ]
[group_column: ]
[ignore_column: ]
[categorical_feature: 0,1,2,3,46,47,50,51,52,53,55,56,70]
[forcedbins_filename: ]
[precise_float_parser: 0]
[parser_config_file: ]
[objective_seed: 5]
[num_class: 1]
[is_unbalance: 0]
[scale_pos_weight: 1]
[sigmoid: 1]
[boost_from_average: 1]
[reg_sqrt: 0]
[alpha: 0.9]
[fair_c: 1]
[poisson_max_delta_step: 0.7]
[tweedie_variance_power: 1.5]
[lambdarank_truncation_level: 30]
[lambdarank_norm: 1]
[label_gain: ]
[lambdarank_position_bias_regularization: 0]
[eval_at: ]
[multi_error_top_k: 1]
[auc_mu_weights: ]
[num_machines: 1]
[local_listen_port: 12400]
[time_out: 120]
[machine_list_filename: ]
[machines: ]
[gpu_platform_id: -1]
[gpu_device_id: -1]
[gpu_use_dp: 0]
[num_gpu: 1]

end of parameters

pandas_categorical:[["japanese"], ["cvvc"], ["vc", "vv"], ["vc_fricative", "vc_other", "vc_plosive", "vc_sonorant", "vv"], ["fricative", "other", "plosive", "sonorant"], ["unknown", "voiced", "voiceless"], ["none"], ["", "a", "e", "i", "n", "o", "u"], ["head", "mid", "tail"], ["vc", "vv"], ["", "cv", "cv_head", "vc", "vv"], [""], ["unknown"]]
