tree
version=v4
num_class=1
num_tree_per_iteration=1
label_index=0
max_feature_idx=30
objective=regression_l1
feature_names=language format_type voicebank_id wav_norm alias_norm occurrence_index row_index_in_wav source_mode source_detail token_source source_confidence onset_ms voiced_onset_ms nucleus_start_ms nucleus_end_ms nucleus_span_ms tail_ms tail_margin_ms blank_confidence voiced_confidence unvoiced_confidence boundary_confidence mel_window_energy_mean mel_window_silence_ratio mel_window_voiced_ratio prev_gap_ms next_gap_ms neighbor_boundary_gap_ms file_row_count file_mean_energy file_voiced_ratio
feature_infos=none none none -1:56:70:91:126:157:195:50:61:68:82:89:96:98:110:112:113:115:124:127:129:153:176:186:191:193:200:203:205:210 -1:0:1 none [0:3] none none none none [0:4800] [0:4800] [0:4800] [765:5652.7200000000003] [7.5:2557.5] [780:5936.96] [2.5:852.5] [0.034013605442176797:1] [0.45000000000000001:0.89191232048374902] [0.080000000000000002:0.58958355136926555] none [0.00023735894097219999:0.1096736247667469] [0.034013605442176797:1] [0:0.89191232048374902] [0:3780] [0:3780] [0:3780] [1:4] [0.0014840723781092001:0.04053736605628] [0.00077201000524959997:0.3721551431306549]
tree_sizes=544 557 557 854 557 558 757 865 765 761 650 861 864 864 762 765 763 958 761 858 968 863 1160 1158 958 958 1055 1161 1156 963 966 1043 1063 1161 1167 1153 1057 1144 1264 1263 1264 1163 1265 1269 1362 1159 1160 1274 1263 1280 1363 1370 1256 1166 1062 1274 1270 1274 1371 1269 1257 1151 1273 1272 1356 1167 1262 1167 1261 1272 1274 1372 1369 1168 1380 1373 1374 1285 1178 1278 1276 1182 1276 1274 1265 1283 1280 1272 1282 1277 1186 1373 1378 1278 1269 1275 1278 1276 1266 1270 1373 1381 1390 1276 1164 1284 1286 1275 1275 1375 1292 1280 1178 1280 1386 1289 1184 1285 1190 1272 1175 1287 1272 1071 1181 1182 1281 1290 1073 1277 1386 1397 1275 1389 1184 1279 1279 1287 1276 1280 1287 1283 1289 1279 1284 1381 1173 1273 1271 1292 1187 1182 1173 1193 1304 1182 1389 1279 1286 1182 1288 1285 1291 1291 1288 1292 1286 1401 1290 1262 1404 1394 1177 1290 1180 1295 1286 1397 1289 1381 1278 1187 1285 1391 1391 1280 1302 1195 1284 1389 1171 1173 1274 1393 1175 1389 1172 1297 1185 1284 1375 1284 1182 1382 1386 1388 1279 1292 1398 1286 1288 1283 1294 1291 1299 1198 1384 1395 1292 1402 1406 1387 1292 1295 1188 1295 1179 1289 1182 1195 1288 1389 1389 1379 1389 1280 1493 1299 1189 1394 1284 1191 1183 1282 1289 1389 1279 1187 1395 1283 1399 1182 1377 1186 1297 1296 1387 1290 1196 1183 1394 1268 1386 1306 1187 1302 1303 1286 1300 1295 1494 1291 1295 1387 1298 1404 1287 1068 1387 1287 1187 1298 1180 1375 1401 1397 1294 1285 1294 1283 1298 1186 1181 1287 1300 1283 1394 1294 1392 1391 1390 1394 1291 1389 1402 1378 1179 1289 1288 1296 1185 1287 1293 1181 1298 1290 1293 1296 1182 1286 1381 1288 1179 1388 1397 1385 1286 1289 1293 1179 1402 1392 1289 1293 1272 1189 1283 1506 1400 1295 1191 1169 1294 1183 1399 1287 1407 1299 1397 1394 1397 1397 1188 1179 1395 1299 1297 1297 1399 1296 1290 1302 1296 1292 1270 1191 1291 1304 1194 1294 1400 1403 1195 1304 1300 1302 1186 1192 1291 1278 1286 1086 1400 1301 1391 1295 1404 1401 1386 1184 1296 1075 1294 1294 1289 1196 1192 1193 1394 1297 1292 1298 1394 1405 1503 1403 1284 1304 1412 1295 1191 1394 1295 1288 1396 1391 1305 1291 1302 1307 1379 1407 1294 1392 1183 1089 1300 1294 1282 1288 1402 1298 1294 1406 1407 1281 1193 1300 1171 1301 1283 1291 1404 1287 1188 1301 1193 1403 1308 1406 1189 1300 1399 1278 1304 1302 1420 1406 1291 1299 1402 1200 1186 1395 1298 1298 1290 1287 1397 1402 1281 1299 1408 1402 1304 1304 1194 1279 1294 1183 1277 1300 1295 1286 1187 1287 1294 1187 1170 1284 1293 1293 1288 1301 1280 1290 1397 1192 1511 1283 1298 1189 1189 1287 1296 1301 1289 1292 1295 1405 1191 1291 1285 1085 1494 1268 1302 1290 1288 1289 1402 1287 1291 1287 1289 1389 1287 1294 1295 1386 1293 1285 1386 1195 1398 1290 1298 1298 1409 1386 1188 1296 1183 1395 1189 1294 1302 1298 1292 1197 1190 1306 1303 1281 1289 1187 1294 1292 1410 1086 1393 1384 1279 1289 1185 1400 1292 1398 1293 1374 1083 1191 1182 1387 1289 1287 1195 1294 1178 1299 1289 1289 1385 1405 1181 1283 1302 1397 1291 1188 1189 1303 1396 1292 1292 1390 1396 1289 1418 1180 1397 1296 1406 1283 1294 1189 1298 1393 1193 1386 1086 1302 1300 1383 1197 1298 1294 1302 1296 1300 1304 1404 1194 1199 1294 1207 1182 1295 1306 1405 1299 1290 1288 1197 1197 1285 1298 1193 1301 1291 1200 1399 1193 1298 1197 1097 1408 1092 1385 1300 1186 1397 1295 1395 1288 1289 1294 1406 1305 1386 1184 1396 1303 1397 1406 1183 1184 1193 1192 1305 1194 1185 1293 1290 1299 1400 1388 1294 1298 1295 1283 1192 1294 1395 1407 1303 1269 1299 1189 1295 1303 1196 1289 1188 1387 1292 1391 1302

Tree=0
num_leaves=4
num_cat=0
split_feature=11 11 16
split_gain=261.891 20.349 13.3333
threshold=1645.0000000000002 2525.0000000000005 2545.0000000000005
decision_type=2 2 2
left_child=-1 2 -2
right_child=1 -3 -4
leaf_value=2414.3803588867186 2464.4297119140624 2536.7563110351562 2461.7322143554688
leaf_weight=144.89356064796448 28.200760126113892 132.25184059143066 31.118080139160156
leaf_count=149 29 136 32
internal_value=2461.83 2461.87 2461.84
internal_weight=336.464 191.571 59.3188
internal_count=346 197 61
is_linear=0
shrinkage=1


Tree=1
num_leaves=4
num_cat=0
split_feature=11 11 15
split_gain=252.803 22.3237 7.97758
threshold=1645.0000000000002 2620.0000000000005 217.49999999999991
decision_type=2 2 2
left_child=-1 2 -2
right_child=1 -3 -4
leaf_value=-44.365667114257803 2.4356188964843799 72.167885131835945 -0.089955444335942047
leaf_weight=140.0313606262207 35.980280160903931 129.3345205783844 33.062960147857666
leaf_count=144 37 133 34
internal_value=0.00143678 0.0377451 0.0147887
internal_weight=338.409 198.378 69.0432
internal_count=348 204 71
is_linear=0
shrinkage=0.05


Tree=2
num_leaves=4
num_cat=0
split_feature=11 11 17
split_gain=245.99 21.9657 7.49611
threshold=1735.0000000000002 2620.0000000000005 58.750000000000007
decision_type=2 2 2
left_child=-1 2 -2
right_child=1 -3 -4
leaf_value=-42.643837615966781 2.4603583374023401 67.840594390869143 -0.15851675415040065
leaf_weight=145.86600065231323 31.118080139160156 117.66524052619934 33.062960147857666
leaf_count=150 32 121 34
internal_value=-0.00163205 0.0371658 0.0136364
internal_weight=327.712 181.846 64.181
internal_count=337 187 66
is_linear=0
shrinkage=0.05


Tree=3
num_leaves=7
num_cat=0
split_feature=11 11 17 11 6 11
split_gain=233.88 25.798 9.07297 2.0905 1.42109e-14 1.42109e-14
threshold=2045.0000000000002 2620.0000000000005 58.750000000000007 1235.0000000000002 1.5000000000000002 1115.0000000000002
decision_type=2 2 2 2 2 2
left_child=3 2 -2 5 -3 -1
right_child=1 4 -4 -5 -6 -7
leaf_value=-41.970892561340321 2.8113644683837951 65.167461155700678 -0.16583749847413856 -15.81384300079344 45.762260960388176 -38.064795149230939
leaf_weight=104.05108046531677 23.338560104370117 98.216440439224243 34.035400152206421 24.311000108718872 23.338560104370117 23.338560104370117
leaf_count=107 24 101 35 25 24 24
internal_value=-0.00176471 0.0369565 0.00932203 -0.0474359 0.05 -0.05
internal_weight=330.63 178.929 57.374 151.701 121.555 127.39
internal_count=340 184 59 156 125 131
is_linear=0
shrinkage=0.05


Tree=4
num_leaves=4
num_cat=0
split_feature=11 11 15
split_gain=247.569 26.0325 19.0412
threshold=1645.0000000000002 2525.0000000000005 176.25000000000003
decision_type=2 2 2
left_child=-1 2 -2
right_child=1 -3 -4
leaf_value=-38.625198275070176 2.898553200454717 61.988238488540652 -0.19527453590394545
leaf_weight=141.97624063491821 30.145640134811401 128.36208057403564 35.007840156555176
leaf_count=146 31 132 36
internal_value=0.000144928 0.0369347 0.011194
internal_weight=335.492 193.516 65.1535
internal_count=345 199 67
is_linear=0
shrinkage=0.05


Tree=5
num_leaves=4
num_cat=0
split_feature=11 11 15
split_gain=254.022 26.6767 14.6467
threshold=1735.0000000000002 2620.0000000000005 176.25000000000003
decision_type=2 2 2
left_child=-1 2 -2
right_child=1 -3 -4
leaf_value=-35.989140998035417 2.5258685849418501 58.011629298488629 -0.14792838113023662
leaf_weight=145.86600065231323 33.062960147857666 131.27940058708191 35.007840156555176
leaf_count=150 34 135 36
internal_value=0.000140845 0.0368293 0.0114286
internal_weight=345.216 199.35 68.0708
internal_count=355 205 70
is_linear=0
shrinkage=0.05


Tree=6
num_leaves=6
num_cat=0
split_feature=11 11 14 14 15
split_gain=234.767 24.998 9.17126 0.133681 1.42109e-14
threshold=1645.0000000000002 2620.0000000000005 2451.2500000000005 1266.2500000000002 708.75000000000011
decision_type=2 2 2 2 2
left_child=3 2 -2 -1 -3
right_child=1 4 -4 -5 -6
leaf_value=-36.141630969618021 2.3995751556947655 54.771094220282954 -0.12513889566746458 -13.409584766004741 62.554492657782959
leaf_weight=109.8857204914093 28.200760126113892 104.05108046531677 35.007840156555176 23.338560104370117 23.338560104370117
leaf_count=113 29 107 36 24 24
internal_value=0.00165165 0.0372449 0.0115385 -0.0492701 0.05
internal_weight=323.823 190.598 63.2086 133.224 127.39
internal_count=333 196 65 137 131
is_linear=0
shrinkage=0.05


Tree=7
num_leaves=7
num_cat=0
split_feature=12 12 15 29 12 14
split_gain=225.889 33.7116 13.0845 0.128003 1.42109e-14 1.42109e-14
threshold=1645.0000000000002 2620.0000000000005 176.25000000000003 0.013156536231012402 1115.0000000000002 4557.5000000000009
decision_type=2 2 2 2 2 2
left_child=3 2 -2 -1 -5 -3
right_child=1 5 -4 4 -6 -7
leaf_value=-12.036151426142011 2.3831486440037679 36.579939411612557 -0.48877941182158796 -35.037650007074625 -26.526802533930095 61.209775837393799
leaf_weight=24.311000108718872 32.090520143508911 98.216440439224243 34.035400152206421 88.492040395736694 24.311000108718872 27.228320121765137
leaf_count=25 33 101 35 91 25 28
internal_value=-0.000295858 0.0347716 0.00588235 -0.0492908 -0.05 0.05
internal_weight=328.685 191.571 66.1259 137.114 112.803 125.445
internal_count=338 197 68 141 116 129
is_linear=0
shrinkage=0.05


Tree=8
num_leaves=6
num_cat=0
split_feature=11 11 15 29 26
split_gain=228.528 30.2848 12.5374 0.538723 0.13326
threshold=1645.0000000000002 2325.0000000000005 176.25000000000003 0.012264557928468102 525.00000000000011
decision_type=2 2 2 2 2
left_child=3 2 -2 -1 -3
right_child=1 4 -4 -5 -6
leaf_value=-10.854793851783143 2.3881959211999404 54.169692441031934 -0.10983604669925172 -32.227967213752144 32.029348202750683
leaf_weight=23.338560104370117 29.173200130462646 107.94084048271179 31.118080139160156 114.74792051315308 23.338560104370117
leaf_count=24 30 111 32 118 24
internal_value=0.000442478 0.0357868 0.00645161 -0.0485915 0.0492593
internal_weight=329.657 191.571 60.2913 138.086 131.279
internal_count=339 197 62 142 135
is_linear=0
shrinkage=0.05


Tree=9
num_leaves=6
num_cat=0
split_feature=11 11 14 29 15
split_gain=221.345 35.7194 8.56192 0.540244 1.42109e-14
threshold=1645.0000000000002 2620.0000000000005 2451.2500000000005 0.012448113744241101 93.750000000000014
decision_type=2 2 2 2 2
left_child=3 2 -2 -1 -3
right_child=1 4 -4 -5 -6
leaf_value=-11.32455704310512 2.2687861251399455 30.19811821937094 -0.14192667234278816 -30.616568853064543 49.953712701792824
leaf_weight=23.338560104370117 27.228320121765137 26.255880117416382 35.980280160903931 116.69280052185059 98.216440439224243
leaf_count=24 28 27 37 120 101
internal_value=-0.00103858 0.034456 0.00384615 -0.0486111 0.05
internal_weight=327.712 187.681 63.2086 140.031 124.472
internal_count=337 193 65 144 128
is_linear=0
shrinkage=0.05


Tree=10
num_leaves=5
num_cat=0
split_feature=11 11 14 29
split_gain=227.791 32.0905 9.15619 1.21888
threshold=1735.0000000000002 2620.0000000000005 2451.2500000000005 0.012371314796733701
decision_type=2 2 2 2
left_child=3 2 -2 -1
right_child=1 -3 -4 -5
leaf_value=-9.748631925324867 2.1783466993303366 48.080604581351601 -0.09724791074713722 -29.349339043223814
leaf_weight=23.338560104370117 29.173200130462646 128.36208057403564 33.062960147857666 118.6376805305481
leaf_count=24 30 132 34 122
internal_value=0 0.0357143 0.00625 -0.0479452
internal_weight=332.574 190.598 62.2362 141.976
internal_count=342 196 64 146
is_linear=0
shrinkage=0.05


Tree=11
num_leaves=7
num_cat=0
split_feature=11 11 15 27 29 11
split_gain=209.086 29.7868 10.5353 2.98158 0.130704 1.42109e-14
threshold=1960.0000000000002 2385.0000000000005 153.75000000000003 360.00000000000006 0.022109357657575452 4195.0000000000009
decision_type=2 2 2 2 2 2
left_child=3 2 -2 -1 5 -3
right_child=1 4 -4 -5 -6 -7
leaf_value=-9.258394710772496 1.8186725284263277 28.006742504139538 -0.22736224733557719 -28.061571798093873 42.312641368885608 50.441047130604353
leaf_weight=43.75980019569397 24.311000108718872 70.015680313110352 32.090520143508911 104.05108046531677 23.338560104370117 27.228320121765137
leaf_count=45 25 72 33 107 24 28
internal_value=-0.00149701 0.0351648 0.00517241 -0.0453947 0.0491935 0.05
internal_weight=324.795 176.984 56.4015 147.811 120.583 97.244
internal_count=334 182 58 152 124 100
is_linear=0
shrinkage=0.05


Tree=12
num_leaves=7
num_cat=0
split_feature=11 11 15 30 18 15
split_gain=213.332 33.7696 6.82382 3.14314 0.130955 1.42109e-14
threshold=1645.0000000000002 2620.0000000000005 153.75000000000003 0.12327178003613166 0.37820167522791437 461.25000000000006
decision_type=2 2 2 2 2 2
left_child=3 2 -2 -1 -5 -3
right_child=1 5 -4 4 -6 -7
leaf_value=-7.7685796657856372 1.8312911480987624 40.551660179347579 -0.081017402843008318 -19.624697569151103 -27.273544477720431 46.514470726222569
leaf_weight=23.338560104370117 30.145640134811401 98.216440439224243 38.897600173950195 23.338560104370117 98.216440439224243 25.283440113067627
leaf_count=24 31 101 40 24 101 26
internal_value=-0.000144092 0.0343434 0.00633803 -0.0459732 -0.0492 0.05
internal_weight=337.437 192.543 69.0432 144.894 121.555 123.5
internal_count=347 198 71 149 125 127
is_linear=0
shrinkage=0.05


Tree=13
num_leaves=7
num_cat=0
split_feature=11 11 15 30 6 11
split_gain=219.749 31.9659 8.00179 3.41625 1.42109e-14 1.42109e-14
threshold=1645.0000000000002 2620.0000000000005 217.49999999999991 0.11729420244865317 1.0000000180025095e-35 1115.0000000000002
decision_type=2 2 2 2 2 2
left_child=3 2 -2 -1 -3 -5
right_child=1 4 -4 5 -6 -7
leaf_value=-6.8922449665539718 1.6361743446000674 23.086024518402681 -0.21194326482664111 -26.17654374538105 43.755104611786443 -21.920967183643995
leaf_weight=23.338560104370117 34.035400152206421 25.283440113067627 34.035400152206421 98.216440439224243 95.299120426177979 27.228320121765137
leaf_count=24 35 26 35 101 98 28
internal_value=-0.00129683 0.0345361 0.00714286 -0.046732 0.05 -0.05
internal_weight=337.437 188.653 68.0708 148.783 120.583 125.445
internal_count=347 194 70 153 124 129
is_linear=0
shrinkage=0.05


Tree=14
num_leaves=6
num_cat=0
split_feature=11 11 15 27 19
split_gain=222.488 33.8014 6.0134 1.98845 1.42109e-14
threshold=1645.0000000000002 2620.0000000000005 153.75000000000003 130.00000000000003 0.55898031507787616
decision_type=2 2 2 2 2
left_child=3 2 -2 -1 -3
right_child=1 4 -4 -5 -6
leaf_value=-6.7209973558802636 1.7821225828601883 38.64104322885337 -0.19635767790935008 -24.074740017737238 37.400372232759629
leaf_weight=35.980280160903931 31.118080139160156 98.216440439224243 35.007840156555176 111.83060050010681 28.200760126113892
leaf_count=37 32 101 36 115 29
internal_value=-0.000571429 0.0348485 0.00588235 -0.0467105 0.05
internal_weight=340.354 192.543 66.1259 147.811 126.417
internal_count=350 198 68 152 130
is_linear=0
shrinkage=0.05


Tree=15
num_leaves=6
num_cat=0
split_feature=12 12 14 29 12
split_gain=211.611 30.7067 7.78935 3.1551 0.131445
threshold=1645.0000000000002 2620.0000000000005 2257.5000000000005 0.012448113744241101 1125.0000000000002
decision_type=2 2 2 2 2
left_child=3 2 -2 -1 -5
right_child=1 -3 -4 4 -6
leaf_value=-6.6994885663746579 1.7160163341645558 35.260699833890207 -0.18653979401387916 -23.663001307866001 -14.915127136074933
leaf_weight=23.338560104370117 29.173200130462646 116.69280052185059 36.952720165252686 100.16132044792175 23.338560104370117
leaf_count=24 30 120 38 103 24
internal_value=-0.00132743 0.0345745 0.00735294 -0.0460265 -0.0492126
internal_weight=329.657 182.819 66.1259 146.838 123.5
internal_count=339 188 68 151 127
is_linear=0
shrinkage=0.05


Tree=16
num_leaves=6
num_cat=0
split_feature=11 11 26 11 27
split_gain=208.823 30.429 6.90528 4.6551 3.14613
threshold=2270.0000000000005 1615.0000000000002 1.0000000180025095e-35 2740.0000000000005 105.00000000000001
decision_type=2 2 2 2 2
left_child=1 4 -3 -2 -1
right_child=3 2 -4 -5 -6
leaf_value=-7.9709594505559158 5.0152755041366168 -0.79326337546425529 1.3794586815188268 33.76731862942713 -21.954051681925833
leaf_weight=33.062960147857666 24.311000108718872 28.200760126113892 26.255880117416382 119.61012053489685 106.96840047836304
leaf_count=34 25 29 27 123 110
internal_value=0.000287356 -0.0335 -0.00178571 0.0459459 -0.0458333
internal_weight=338.409 194.488 54.4566 143.921 140.031
internal_count=348 200 56 148 144
is_linear=0
shrinkage=0.05


Tree=17
num_leaves=8
num_cat=0
split_feature=11 11 30 25 27 11 11
split_gain=199.013 41.8047 5.25788 4.44984 7.77952 1.42109e-14 1.42109e-14
threshold=1615.0000000000002 2620.0000000000005 0.14610162723370265 595.00000000000011 1015.0000000000001 4195.0000000000009 1115.0000000000002
decision_type=2 2 2 2 2 2 2
left_child=2 3 -1 -2 -5 -3 -4
right_child=1 5 6 4 -6 -7 -8
leaf_value=-6.9928614749763716 1.5612425833803856 18.041068059436498 -21.388398658376413 -1.0238056369107427 0.25842988384733873 38.150549865924518 -18.486872052596766
leaf_weight=28.200760126113892 28.200760126113892 98.216440439224243 88.492040395736694 24.311000108718872 24.311000108718872 27.228320121765137 24.311000108718872
leaf_count=29 29 101 91 25 25 28 25
internal_value=0.000424929 0.0322115 -0.0451724 0.00316456 -0.006 0.05 -0.05
internal_weight=343.271 202.268 141.004 76.8228 48.622 125.445 112.803
internal_count=353 208 145 79 50 129 116
is_linear=0
shrinkage=0.05


Tree=18
num_leaves=6
num_cat=0
split_feature=11 11 27 15 6
split_gain=190.707 33.7134 8.56475 7.98886 1.42109e-14
threshold=1645.0000000000002 2620.0000000000005 230.00000000000003 86.250000000000014 1.0000000180025095e-35
decision_type=2 2 2 2 2
left_child=2 3 -1 -2 -3
right_child=1 4 -4 -5 -6
leaf_value=-4.8861734183173899 1.483180454211356 15.628481026093596 -19.607082973504465 -0.19998388021956545 34.854965375916571
leaf_weight=38.897600173950195 27.228320121765137 27.228320121765137 104.05108046531677 35.007840156555176 93.354240417480469
leaf_count=40 28 28 107 36 96
internal_value=0.000746269 0.0345745 -0.042517 0.0046875 0.05
internal_weight=325.767 182.819 142.949 62.2362 120.583
internal_count=335 188 147 64 124
is_linear=0
shrinkage=0.05


Tree=19
num_leaves=7
num_cat=0
split_feature=11 11 27 18 18 11
split_gain=186.183 37.6702 8.27436 4.86945 3.44167 1.42109e-14
threshold=2620.0000000000005 1615.0000000000002 105.00000000000001 0.35088340891912323 0.18607442977190877 4195.0000000000009
decision_type=2 2 2 2 2 2
left_child=1 2 -1 4 -3 -2
right_child=5 3 -4 -5 -6 -7
leaf_value=-6.3989097303116758 18.310753263851417 0.25550758366593984 -18.449378971313617 1.3910692526716049 -1.1848062089838778 34.469826589184031
leaf_weight=34.035400152206421 98.216440439224243 26.255880117416382 99.188880443572998 23.338560104370117 23.338560104370117 29.173200130462646
leaf_count=35 101 27 102 24 24 30
internal_value=0.00247813 -0.0268868 -0.0427007 0.002 -0.00686275 0.05
internal_weight=333.547 206.157 133.224 72.933 49.5944 127.39
internal_count=343 212 137 75 51 131
is_linear=0
shrinkage=0.05


Tree=20
num_leaves=8
num_cat=0
split_feature=11 11 26 27 16 27 27
split_gain=200.065 31.434 8.43734 6.65511 0.40613 0.128249 0.127651
threshold=2385.0000000000005 1615.0000000000002 1.0000000180025095e-35 230.00000000000003 3155.0000000000005 475.00000000000006 995.00000000000011
decision_type=2 2 2 2 2 2 2
left_child=1 3 -3 -1 -2 -6 -5
right_child=4 2 -4 6 5 -7 -8
leaf_value=-5.052068934347858 9.6936641075169074 -0.52811335449499663 1.2747416273945646 -17.085857776654191 33.994802392651017 30.253928033162335 -18.337684196371072
leaf_weight=33.062960147857666 24.311000108718872 38.897600173950195 30.145640134811401 23.338560104370117 23.338560104370117 88.492040395736694 86.547160387039185
leaf_count=34 25 40 31 24 24 91 89
internal_value=0.000558659 -0.0298165 -0.00211268 -0.0431973 0.0478571 0.0491304 -0.049115
internal_weight=348.134 211.992 69.0432 142.949 136.142 111.831 109.886
internal_count=358 218 71 147 140 115 113
is_linear=0
shrinkage=0.05


Tree=21
num_leaves=7
num_cat=0
split_feature=11 11 28 15 14 14
split_gain=188.471 31.7675 6.18806 3.15331 1.11335 0.128828
threshold=2525.0000000000005 1615.0000000000002 1.5000000000000002 153.75000000000003 3501.2500000000005 1208.7500000000002
decision_type=2 2 2 2 2 2
left_child=1 2 -1 -3 -2 -4
right_child=4 3 5 -5 -6 -7
leaf_value=-5.826360797078701 10.88368840031003 0.40442961796622967 -17.420799986552517 -0.41726859115997289 31.224141787754206 -9.9609186130697722
leaf_weight=29.173200130462646 37.92516016960144 33.062960147857666 90.436920404434204 34.035400152206421 87.519600391387939 23.338560104370117
leaf_count=30 39 34 93 35 90 24
internal_value=-0.0015942 -0.0305556 -0.0438776 -0.00217391 0.0468992 -0.0491453
internal_weight=335.492 210.047 142.949 67.0984 125.445 113.775
internal_count=345 216 147 69 129 117
is_linear=0
shrinkage=0.05


Tree=22
num_leaves=10
num_cat=0
split_feature=11 11 27 18 19 11 26 14 15
split_gain=174.729 30.7132 8.81307 5.30479 11.3706 0.606196 1.29659 0.118545 0.115767
threshold=1615.0000000000002 2670.0000000000005 230.00000000000003 0.43840796391816805 0.5622864701436131 3360.0000000000005 545.00000000000011 1198.7500000000002 326.25000000000006
decision_type=2 2 2 2 2 2 2 2 2
left_child=2 3 -1 4 -2 6 -3 -4 -7
right_child=1 5 7 -5 -6 8 -8 -9 -10
leaf_value=-4.5081474477765147 -0.91881965161344403 6.0743082771010908 -16.690572495915728 2.6981101120892848 1.3122874900494481 33.540976636476081 12.016435364922723 -10.015668565594991 29.702879283327459
leaf_weight=35.980280160903931 23.338560104370117 23.338560104370117 77.795200347900391 23.338560104370117 25.283440113067627 23.338560104370117 23.338560104370117 24.311000108718872 58.346400260925293
leaf_count=37 24 24 80 24 26 24 24 25 60
internal_value=0.00172414 0.0315534 -0.0415493 0.00540541 -0.004 0.0462121 0.0416667 -0.0490476 0.0488095
internal_weight=338.409 200.323 138.086 71.9606 48.622 128.362 46.6771 102.106 81.685
internal_count=348 206 142 74 50 132 48 105 84
is_linear=0
shrinkage=0.05


Tree=23
num_leaves=10
num_cat=0
split_feature=11 26 16 11 29 11 25 27 25
split_gain=177.826 19.6937 11.8491 5.76482 1.29659 0.964951 1.89563 0.468312 0.113451
threshold=2175.0000000000005 545.00000000000011 2745.0000000000005 1645.0000000000002 0.015781292975569104 3360.0000000000005 995.00000000000011 1025.0000000000002 1015.0000000000001
decision_type=2 2 2 2 2 2 2 2 2
left_child=1 3 -2 4 -1 6 -4 -3 -7
right_child=2 7 5 -5 -6 8 -8 -9 -10
leaf_value=-3.3560343106171788 1.1251686906240366 -14.967097337916812 11.01085181689141 0.20564958220707014 -14.381497435917277 46.676984586739195 3.4039673075016026 -15.26165323372784 28.150348717598561
leaf_weight=23.338560104370117 29.173200130462646 24.311000108718872 36.952720165252686 29.173200130462646 23.338560104370117 23.338560104370117 23.338560104370117 73.905440330505371 54.456640243530273
leaf_count=24 30 25 38 30 24 24 24 76 56
internal_value=0.00213675 -0.0332402 0.0389535 -0.0141026 -0.025 0.0450704 0.0403226 -0.0480198 0.04875
internal_weight=341.326 174.067 167.26 75.8503 46.6771 138.086 60.2913 98.2164 77.7952
internal_count=351 179 172 78 48 142 62 101 80
is_linear=0
shrinkage=0.05


Tree=24
num_leaves=8
num_cat=0
split_feature=11 11 27 14 16 18 11
split_gain=167.017 23.5358 10.0431 7.78022 0.845395 1.35474 2.24148
threshold=1645.0000000000002 2670.0000000000005 500.00000000000006 2451.2500000000005 4635.0000000000009 0.25119202118303646 3125.0000000000005
decision_type=2 2 2 2 2 2 2
left_child=2 3 -1 -2 5 -3 -7
right_child=1 4 -4 -5 -6 6 -8
leaf_value=-4.8665603476660184 1.0923692430551684 21.414047983622165 -14.795929654079874 -0.15687889104181069 28.124570173320194 10.460309226046844 6.3037890251301638
leaf_weight=43.75980019569397 32.090520143508911 28.200760126113892 96.271560430526733 36.952720165252686 42.787360191345215 26.255880117416382 23.338560104370117
leaf_count=45 33 29 99 38 44 27 24
internal_value=0.000442478 0.0310256 -0.0409722 0.00774648 0.0443548 0.04125 0.0362745
internal_weight=329.657 189.626 140.031 69.0432 120.583 77.7952 49.5944
internal_count=339 195 144 71 124 80 51
is_linear=0
shrinkage=0.05


Tree=25
num_leaves=8
num_cat=0
split_feature=11 11 16 27 16 11 18
split_gain=173.437 27.9537 9.96592 5.61187 0.63799 0.950439 2.44063
threshold=1645.0000000000002 2620.0000000000005 2545.0000000000005 425.00000000000006 4635.0000000000009 3075.0000000000005 0.25119202118303646
decision_type=2 2 2 2 2 2 2
left_child=3 2 -2 -1 5 -3 -7
right_child=1 4 -4 -5 -6 6 -8
leaf_value=-5.478055654973514 1.0142917939400833 9.8508568140609221 -0.31383802569771435 -14.284573649884329 26.71834166465419 20.343345584441046 9.9372937647445045
leaf_weight=45.704680204391479 31.118080139160156 26.255880117416382 35.007840156555176 96.271560430526733 41.81492018699646 23.338560104370117 26.255880117416382
leaf_count=47 32 27 36 99 43 24 27
internal_value=-0.00164179 0.0304233 0.00441176 -0.0431507 0.0450413 0.0423077 0.0382353
internal_weight=325.767 183.791 66.1259 141.976 117.665 75.8503 49.5944
internal_count=335 189 68 146 121 78 51
is_linear=0
shrinkage=0.05


Tree=26
num_leaves=9
num_cat=0
split_feature=11 11 27 14 11 15 11 16
split_gain=164.911 20.6495 11.3519 7.13188 2.26145 0.112205 1.42109e-14 7.10543e-15
threshold=1615.0000000000002 2740.0000000000005 500.00000000000006 2451.2500000000005 3360.0000000000005 341.25000000000006 1085.0000000000002 4705.0000000000009
decision_type=2 2 2 2 2 2 2 2
left_child=2 3 -1 -2 -3 -6 -4 -7
right_child=1 4 6 -5 5 7 -8 -9
leaf_value=-5.637105753084211 0.96357720424307447 5.8972048780377015 -13.571323216749249 -0.20428597827888098 25.812044679120348 24.131474713635249 -11.795993080571328 24.835720479858992
leaf_weight=44.732240200042725 35.007840156555176 43.75980019569397 70.015680313110352 34.035400152206421 23.338560104370117 23.338560104370117 27.228320121765137 29.173200130462646
leaf_count=46 36 45 72 35 24 24 28 30
internal_value=0.000294118 0.0309278 -0.040411 0.00915493 0.0434959 0.0487179 -0.05 0.05
internal_weight=330.63 188.653 141.976 69.0432 119.61 75.8503 97.244 52.5118
internal_count=340 194 146 71 123 78 100 54
is_linear=0
shrinkage=0.05


Tree=27
num_leaves=10
num_cat=0
split_feature=11 11 27 26 18 11 25 25 11
split_gain=145.684 28.9253 10.7551 7.76719 4.44702 2.16052 3.11231 0.425412 7.10543e-15
threshold=1235.0000000000002 2620.0000000000005 230.00000000000003 1.0000000180025095e-35 0.25943574494787436 3360.0000000000005 85.000000000000014 1015.0000000000001 4155.0000000000009
decision_type=2 2 2 2 2 2 2 2 2
left_child=2 3 -1 4 -2 6 -3 -7 -9
right_child=1 5 -4 -5 -6 7 -8 8 -10
leaf_value=-3.0013111937822261 0.22911724784762555 9.4816294405155528 -12.752104834853094 1.0828787243747002 -0.62406491080741944 29.326554465049142 1.2284751086534926 20.533420596727911 22.826286267389492
leaf_weight=27.228320121765137 25.283440113067627 25.283440113067627 93.354240417480469 33.062960147857666 27.228320121765137 24.311000108718872 23.338560104370117 27.228320121765137 25.283440113067627
leaf_count=28 26 26 96 34 28 25 24 28 26
internal_value=0.00190616 0.0269585 -0.0419355 0.00454545 -0.00740741 0.0422481 0.034 0.0474684 0.05
internal_weight=331.602 211.019 120.583 85.5747 52.5118 125.445 48.622 76.8228 52.5118
internal_count=341 217 124 88 54 129 50 79 54
is_linear=0
shrinkage=0.05


Tree=28
num_leaves=10
num_cat=0
split_feature=11 11 27 14 11 6 14 25 11
split_gain=147.821 23.3251 12.113 7.71189 3.02804 3.9708 0.72933 0.448818 7.10543e-15
threshold=1615.0000000000002 2620.0000000000005 545.00000000000011 2451.2500000000005 3360.0000000000005 1.0000000180025095e-35 1152.5000000000002 1015.0000000000001 4165.0000000000009
decision_type=2 2 2 2 2 2 2 2 2
left_child=2 3 6 -2 5 -3 -1 -6 -9
right_child=1 4 -4 -5 7 -7 -8 8 -10
leaf_value=-12.370230062373356 0.39219815285123333 9.2604142012710788 -11.448545903242644 -0.28666049339203709 27.860226741796694 1.1385253864549441 -3.2846490265302695 21.633066742983011 21.684971954020014
leaf_weight=23.338560104370117 35.007840156555176 23.338560104370117 92.381800413131714 36.952720165252686 23.338560104370117 23.338560104370117 23.338560104370117 27.228320121765137 25.283440113067627
leaf_count=24 36 24 95 38 24 24 24 28 26
internal_value=-0.000145773 0.028 -0.0395105 0.00540541 0.0412698 0.03125 -0.01875 0.0474359 0.05
internal_weight=333.547 194.488 139.059 71.9606 122.527 46.6771 46.6771 75.8503 52.5118
internal_count=343 200 143 74 126 48 48 78 54
is_linear=0
shrinkage=0.05


Tree=29
num_leaves=8
num_cat=0
split_feature=11 11 26 27 14 6 25
split_gain=141.971 21.06 14.2917 10.3259 4.66926 2.66672 0.443569
threshold=1235.0000000000002 3645.0000000000005 1.0000000180025095e-35 230.00000000000003 2575.0000000000005 1.0000000180025095e-35 1055.0000000000002
decision_type=2 2 2 2 2 2 2
left_child=3 2 4 -1 -2 -4 -3
right_child=1 6 5 -5 -6 -7 -8
leaf_value=-2.0593694933204687 -1.0250797223072368 26.467215404706849 5.059393002926277 -11.751718559254687 2.3780473193651233 1.0161277713125856 20.570275841670561
leaf_weight=28.200760126113892 29.173200130462646 23.338560104370117 28.200760126113892 94.326680421829224 40.842480182647705 31.118080139160156 50.566880226135254
leaf_count=29 30 24 29 97 42 32 52
internal_value=0.000447761 0.0260766 0.0139098 -0.0420635 -0.00138889 0.0319672 0.0473684
internal_weight=325.767 203.24 129.335 122.527 70.0157 59.3188 73.9054
internal_count=335 209 133 126 72 61 76
is_linear=0
shrinkage=0.05


Tree=30
num_leaves=8
num_cat=0
split_feature=11 11 28 26 11 18 25
split_gain=135.736 28.8571 11.4597 6.49512 3.28713 1.67219 0.429152
threshold=1235.0000000000002 2525.0000000000005 1.5000000000000002 145.00000000000003 3270.0000000000005 0.25943574494787436 1065.0000000000002
decision_type=2 2 2 2 2 2 2
left_child=2 3 -1 5 -3 -2 -6
right_child=1 4 -4 -5 6 -7 -8
leaf_value=-2.5840447081005777 0.07742733097643395 6.5842905682216504 -10.917228606306526 0.32178185664304237 22.190808946293465 -0.36129792125716453 19.52289961375034
leaf_weight=26.255880117416382 25.283440113067627 42.787360191345215 102.10620045661926 24.311000108718872 23.338560104370117 27.228320121765137 45.704680204391479
leaf_count=27 26 44 105 25 24 28 47
internal_value=-0.00276074 0.0242268 -0.0424242 0.000632911 0.0404348 -0.00925926 0.0471831
internal_weight=317.015 188.653 128.362 76.8228 111.831 52.5118 69.0432
internal_count=326 194 132 79 115 54 71
is_linear=0
shrinkage=0.05


Tree=31
num_leaves=9
num_cat=0
split_feature=14 11 18 18 26 11 11 15
split_gain=133.117 29.6287 7.86327 7.9352 6.33993 6.22025 3.9525 0.311181
threshold=1291.2500000000002 2525.0000000000005 0.19658639136996517 0.39853910262073533 360.00000000000006 3645.0000000000005 3075.0000000000005 371.25000000000006
decision_type=2 2 2 2 2 2 2 2
left_child=4 2 -2 -4 -1 6 -3 -7
right_child=1 5 3 -5 -6 7 -8 -9
leaf_value=-3.3419998086400486 0.56493592518335167 8.064503245274091 -0.95576084012902818 0.79820800573418182 -10.549277160728947 20.293816021874662 0.636106854335867 18.788474393118261
leaf_weight=23.338560104370117 32.090520143508911 30.145640134811401 31.118080139160156 24.311000108718872 92.381800413131714 29.173200130462646 24.311000108718872 43.75980019569397
leaf_count=24 33 31 32 25 95 30 25 45
internal_value=-0.000882353 0.0223982 0 -0.0114035 -0.0441176 0.0377863 0.025 0.0473333
internal_weight=330.63 214.909 87.5196 55.4291 115.72 127.39 54.4566 72.933
internal_count=340 221 90 57 119 131 56 75
is_linear=0
shrinkage=0.05


Tree=32
num_leaves=9
num_cat=0
split_feature=11 11 27 18 11 15 25 11
split_gain=138.631 29.2767 10.1277 6.7948 2.89667 0.804942 0.446228 0.114646
threshold=1570.0000000000002 2740.0000000000005 500.00000000000006 0.22396532309068753 3645.0000000000005 116.25000000000001 1035.0000000000002 1095.0000000000002
decision_type=2 2 2 2 2 2 2 2
left_child=2 3 -1 -2 5 -3 -6 -4
right_child=1 4 7 -5 6 -7 -8 -9
leaf_value=-5.3127090650815951 0.25113023343221813 7.6612780830103935 -10.130579354932809 -0.32537689662137836 34.127539743962352 1.7994819468990273 17.589254262329543 -8.1600793212201435
leaf_weight=40.842480182647705 34.035400152206421 24.311000108718872 68.070800304412842 42.787360191345215 23.338560104370117 23.338560104370117 51.539320230484009 24.311000108718872
leaf_count=42 35 25 70 44 24 24 53 25
internal_value=-0.000292398 0.0260976 -0.039781 0.00189873 0.0412698 0.0316327 0.0474026 -0.0489474
internal_weight=332.574 199.35 133.224 76.8228 122.527 47.6496 74.8779 92.3818
internal_count=342 205 137 79 126 49 77 95
is_linear=0
shrinkage=0.05


Tree=33
num_leaves=10
num_cat=0
split_feature=14 11 27 18 18 11 11 25 11
split_gain=145.228 27.4196 8.4125 6.19204 18.8475 5.10656 3.60658 0.448818 7.10543e-15
threshold=1331.2500000000002 2740.0000000000005 230.00000000000003 0.21831695641219453 0.46035364500410098 3645.0000000000005 3125.0000000000005 1015.0000000000001 4195.0000000000009
decision_type=2 2 2 2 2 2 2 2 2
left_child=2 3 -1 -2 -5 6 -3 -7 -9
right_child=1 5 -4 4 -6 7 -8 8 -10
leaf_value=-2.9092643649539585 0.69926282960416308 7.2782141788598667 -9.4420846537411087 -2.1414189774350234 2.6536211340577895 32.42116275676424 0.57979876009371767 18.152143297789486 16.737233565814631
leaf_weight=23.338560104370117 37.92516016960144 27.228320121765137 100.16132044792175 30.145640134811401 26.255880117416382 23.338560104370117 23.338560104370117 29.173200130462646 23.338560104370117
leaf_count=24 39 28 103 31 27 24 24 30 24
internal_value=-0.000282486 0.0240088 -0.0437008 0.00360825 -0.00689655 0.0392308 0.0269231 0.0474359 0.05
internal_weight=344.244 220.744 123.5 94.3267 56.4015 126.417 50.5669 75.8503 52.5118
internal_count=354 227 127 97 58 130 52 78 54
is_linear=0
shrinkage=0.05


Tree=34
num_leaves=10
num_cat=0
split_feature=16 11 26 26 11 18 25 30 25
split_gain=142.063 29.2934 6.13157 5.61178 5.09817 4.21624 4.20185 0.497235 0.422887
threshold=1335.0000000000002 2385.0000000000005 90.000000000000128 310.00000000000006 3645.0000000000005 0.25535515676705994 390.00000000000006 0.18077093205053862 1015.0000000000001
decision_type=2 2 2 2 2 2 2 2 2
left_child=3 2 5 -1 6 -2 -3 -5 -6
right_child=1 4 -4 7 8 -7 -8 -9 -10
leaf_value=-2.76380114670626 0.073824353282248012 7.1782561307263677 0.53668973429720379 -3.1908749149200162 19.692188261026786 -1.5930767642142656 1.5112315939308247 -9.2357157555107854 15.744993953963149
leaf_weight=23.338560104370117 24.311000108718872 30.145640134811401 31.118080139160156 23.338560104370117 24.311000108718872 28.200760126113892 26.255880117416382 76.822760343551636 51.539320230484009
leaf_count=24 25 31 32 24 25 29 27 79 53
internal_value=-0.000143266 0.0243243 0.00116279 -0.0429134 0.0389706 -0.00925926 0.0275862 -0.0480583 0.0474359
internal_weight=339.382 215.882 83.6298 123.5 132.252 52.5118 56.4015 100.161 75.8503
internal_count=349 222 86 127 136 54 58 103 78
is_linear=0
shrinkage=0.05


Tree=35
num_leaves=10
num_cat=0
split_feature=16 11 26 18 18 11 16 25 11
split_gain=135.684 28.6665 7.00157 6.36565 13.7291 3.13744 0.492703 0.438036 7.10543e-15
threshold=1335.0000000000002 2740.0000000000005 310.00000000000006 0.19658639136996517 0.43840796391816805 3645.0000000000005 1215.0000000000002 1035.0000000000002 4165.0000000000009
decision_type=2 2 2 2 2 2 2 2 2
left_child=2 3 -1 -2 -5 -3 -4 -7 -9
right_child=1 5 6 4 -6 7 -8 8 -10
leaf_value=-4.8357907148935624 0.67214808264598114 3.7149009783219755 -9.01125651042247 -1.5134229260035454 1.8734405295994294 29.815495205874686 -2.0572945670154925 12.906694161611313 15.08568017322416
leaf_weight=24.311000108718872 32.090520143508911 44.732240200042725 73.905440330505371 39.87004017829895 28.200760126113892 23.338560104370117 23.338560104370117 25.283440113067627 23.338560104370117
leaf_count=25 33 46 76 41 29 24 24 26 24
internal_value=0.000287356 0.023991 -0.042 0.00436893 -0.00428571 0.0408333 -0.048 0.0472973 0.05
internal_weight=338.409 216.854 121.555 100.161 68.0708 116.693 97.244 71.9606 48.622
internal_count=348 223 125 103 70 120 100 74 50
is_linear=0
shrinkage=0.05


Tree=36
num_leaves=9
num_cat=0
split_feature=16 11 29 17 29 11 25 11
split_gain=134.047 32.0337 7.27428 9.95789 4.84059 4.05521 0.109509 7.10543e-15
threshold=1335.0000000000002 2740.0000000000005 0.015955159499210305 73.750000000000014 0.015641067965391553 3645.0000000000005 1085.0000000000002 4165.0000000000009
decision_type=2 2 2 2 2 2 2 2
left_child=4 2 -2 -4 -1 -3 -7 -8
right_child=1 5 3 -5 -6 6 7 -9
leaf_value=-4.594001179148882 -1.021849167478831 2.782351193559248 1.339467987111425 -0.58768628281654856 -8.2222543626498812 14.817434099680122 14.312409548184405 14.331396164562944
leaf_weight=35.007840156555176 28.200760126113892 41.81492018699646 36.952720165252686 33.062960147857666 81.68496036529541 23.338560104370117 25.283440113067627 23.338560104370117
leaf_count=36 29 43 38 34 84 24 26 24
internal_value=-0.000295858 0.0233945 0.00247525 0.0111111 -0.0433333 0.041453 0.0486486 0.05
internal_weight=328.685 211.992 98.2164 70.0157 116.693 113.775 71.9606 48.622
internal_count=338 218 101 72 120 117 74 50
is_linear=0
shrinkage=0.05


Tree=37
num_leaves=10
num_cat=0
split_feature=14 12 26 26 16 29 18 24 12
split_gain=135.175 23.6096 12.424 7.41494 4.01201 4.06538 1.33363 0.494243 7.10543e-15
threshold=1291.2500000000002 3205.0000000000005 595.00000000000011 440.00000000000006 3060.0000000000005 0.015984265375215453 0.3297263960529267 0.14166036785084404 4115.0000000000009
decision_type=2 2 2 2 2 2 2 2 2
left_child=3 2 4 -1 5 -2 8 -5 -3
right_child=1 6 -4 7 -6 -7 -8 -9 -10
leaf_value=-2.1541214946688227 -0.53342361299831964 9.4718765622120831 4.4023518238482895 -8.492506156812226 -0.41122741843500993 1.4151824152193742 13.02156524793636 -1.825666226367173 15.859753643711656
leaf_weight=23.338560104370117 25.283440113067627 27.228320121765137 32.090520143508911 74.877880334854126 27.228320121765137 44.732240200042725 29.173200130462646 23.338560104370117 25.283440113067627
leaf_count=24 26 28 33 77 28 46 30 24 26
internal_value=0 0.0241935 0.0109023 -0.042 0.002 0.00833333 0.0452381 -0.0480198 0.05
internal_weight=332.574 211.019 129.335 121.555 97.244 70.0157 81.685 98.2164 52.5118
internal_count=342 217 133 125 100 72 84 101 54
is_linear=0
shrinkage=0.05


Tree=38
num_leaves=11
num_cat=0
split_feature=16 11 18 22 24 29 16 25 14 11
split_gain=120.229 32.1556 10.406 6.37038 5.29137 4.07532 1.7365 0.432196 0.110881 7.10543e-15
threshold=1335.0000000000002 3645.0000000000005 0.41207482993197281 0.03482692559096736 0.1013794406651549 0.015641067965391553 2635.0000000000005 1055.0000000000002 1106.2500000000002 1085.0000000000002
decision_type=2 2 2 2 2 2 2 2 2 2
left_child=5 2 3 -2 -4 -1 -5 -3 -7 -10
right_child=1 7 4 6 -6 8 -8 -9 9 -11
leaf_value=-3.6919461096751096 -0.53774059775398653 26.790861058411338 0.64961750753261649 -0.13379341555141763 6.0104104635940763 -8.6303700964424035 2.0742029196289877 13.081635085282006 -7.2941152136299028 -7.5809591246043517
leaf_weight=36.952720165252686 32.090520143508911 23.338560104370117 33.062960147857666 27.228320121765137 26.255880117416382 24.311000108718872 27.228320121765137 46.677120208740234 36.952720165252686 23.338560104370117
leaf_count=38 33 24 34 28 27 25 28 48 38 24
internal_value=-0.00302594 0.0193694 0.006 -0.00505618 0.0221311 -0.0428 0.00535714 0.0472222 -0.0488506 -0.05
internal_weight=337.437 215.882 145.866 86.5472 59.3188 121.555 54.4566 70.0157 84.6023 60.2913
internal_count=347 222 150 89 61 125 56 72 87 62
is_linear=0
shrinkage=0.05


Tree=39
num_leaves=11
num_cat=0
split_feature=11 26 11 25 18 16 14 14 25 14
split_gain=113.3 17.365 17.153 8.40766 4.86799 2.54032 2.03682 3.03098 0.456206 0.097244
threshold=2175.0000000000005 595.00000000000011 3645.0000000000005 130.00000000000003 0.23091458805744522 1195.0000000000002 1152.5000000000002 2003.7500000000002 965.00000000000011 1108.7500000000002
decision_type=2 2 2 2 2 2 2 2 2 2
left_child=1 6 3 -2 -5 9 -1 -8 -4 -3
right_child=2 5 8 4 -6 -7 7 -9 -10 -11
leaf_value=-7.7031750882901182 6.2722394013615945 -7.9972134080265285 26.188133801389199 2.4402463953778808 -0.80243785562518044 -0.76147261413879053 0.42749967978691078 -0.69118657069295752 11.739501512759512 -7.7287624802921533
leaf_weight=24.311000108718872 25.283440113067627 23.338560104370117 23.338560104370117 23.338560104370117 31.118080139160156 36.952720165252686 27.228320121765137 26.255880117416382 55.429080247879028 35.007840156555176
leaf_count=25 26 24 24 24 32 38 28 27 57 36
internal_value=0.000439883 -0.0275281 0.0309816 0.0146341 0.00357143 -0.0418367 -0.01 -0.00454545 0.0475309 -0.0483333
internal_weight=331.602 173.094 158.508 79.7401 54.4566 95.2991 77.7952 53.4842 78.7676 58.3464
internal_count=341 178 163 82 56 98 80 55 81 60
is_linear=0
shrinkage=0.05


Tree=40
num_leaves=11
num_cat=0
split_feature=11 26 11 14 18 18 16 30 25 11
split_gain=101.4 18.4504 14.1973 7.79662 5.18258 7.03507 5.14751 1.5958 0.438036 7.10543e-15
threshold=2525.0000000000005 595.00000000000011 3645.0000000000005 3355.0000000000005 0.43840796391816805 0.21167620487348379 1215.0000000000002 0.21284189474047968 1025.0000000000002 4165.0000000000009
decision_type=2 2 2 2 2 2 2 2 2 2
left_child=1 4 3 -2 5 -1 7 -3 -4 -10
right_child=2 6 8 -5 -6 -7 -8 -9 9 -11
leaf_value=0.5073742764724557 5.519089348197781 -6.9280165287931599 13.17590437731085 -0.41833448419338315 0.35525092545569809 -4.7684658235357125 -0.26541376219583984 -6.9782476909752296 11.882138412762515 11.722691264035895
leaf_weight=23.338560104370117 33.062960147857666 25.283440113067627 23.338560104370117 23.338560104370117 39.87004017829895 35.980280160903931 38.897600173950195 50.566880226135254 23.338560104370117 25.283440113067627
leaf_count=24 34 26 24 24 41 37 40 52 24 26
internal_value=-0.00255682 -0.0236364 0.0325758 0.0137931 -0.00784314 -0.0172131 -0.0372881 -0.0448718 0.0472973 0.05
internal_weight=342.299 213.937 128.362 56.4015 99.1889 59.3188 114.748 75.8503 71.9606 48.622
internal_count=352 220 132 58 102 61 118 78 74 50
is_linear=0
shrinkage=0.05


Tree=41
num_leaves=10
num_cat=0
split_feature=11 11 27 25 27 16 11 26 25
split_gain=96.2097 27.194 12.1155 12.1052 4.29215 4.10956 2.15692 0.991889 0.435156
threshold=1645.0000000000002 3645.0000000000005 230.00000000000003 595.00000000000011 1035.0000000000002 1195.0000000000002 2385.0000000000005 2495.0000000000005 1065.0000000000002
decision_type=2 2 2 2 2 2 2 2 2
left_child=2 3 -1 6 -5 7 -2 -4 -3
right_child=1 8 5 4 -6 -7 -8 -9 -10
leaf_value=-1.4944219063099013 0.76700192870314376 9.9226835509949751 -7.4500785366701967 -0.39741775998370488 0.22753011748359314 -1.3183328355505866 5.2710295703124537 -6.9934119717287899 11.03773198585202
leaf_weight=40.842480182647705 23.338560104370117 23.338560104370117 49.594440221786499 28.200760126113892 28.200760126113892 40.842480182647705 33.062960147857666 23.338560104370117 47.649560213088989
leaf_count=42 24 24 51 29 29 42 34 24 49
internal_value=-0.00143678 0.0230159 -0.0305031 0.00775862 -0.00862069 -0.0388889 0.0241379 -0.046 0.0472603
internal_weight=338.409 183.791 154.618 112.803 56.4015 113.775 56.4015 72.933 70.9881
internal_count=348 189 159 116 58 117 58 75 73
is_linear=0
shrinkage=0.05


Tree=42
num_leaves=11
num_cat=0
split_feature=14 11 30 27 15 15 24 15 25 15
split_gain=89.6191 34.2064 9.82564 7.91743 5.22401 4.33064 3.93588 1.17029 0.451343 0.375328
threshold=1266.2500000000002 3645.0000000000005 0.17833928115472927 1025.0000000000002 228.75000000000003 258.75000000000006 0.1013794406651549 33.750000000000007 1025.0000000000002 71.250000000000014
decision_type=2 2 2 2 2 2 2 2 2 2
left_child=2 3 -1 5 -5 6 -2 -4 -3 -9
right_child=1 8 7 4 -6 -7 -8 9 -10 -11
leaf_value=-0.97838265435345884 -0.58525786774775956 9.6216049928939817 -6.2568313795929615 4.8567720244207981 0.49202426726797061 -1.0973110292787851 0.96465058207348875 -7.580057214817157 9.9914089931430681 -3.7609517015737768
leaf_weight=31.118080139160156 32.090520143508911 23.338560104370117 31.118080139160156 25.283440113067627 24.311000108718872 30.145640134811401 35.007840156555176 32.090520143508911 53.484200239181519 23.338560104370117
leaf_count=32 33 24 32 26 25 31 36 33 55 24
internal_value=0.00185185 0.0204348 -0.0334711 0.00629139 0.022549 -0.002 0.00507246 -0.0421348 0.0474684 -0.0464912
internal_weight=341.326 223.661 117.665 146.838 49.5944 97.244 67.0984 86.5472 76.8228 55.4291
internal_count=351 230 121 151 51 100 69 89 79 57
is_linear=0
shrinkage=0.05


Tree=43
num_leaves=11
num_cat=0
split_feature=11 11 27 27 25 25 16 30 25 16
split_gain=91.7212 28.4178 11.7372 5.55131 6.76531 5.32566 5.31824 2.30528 0.432196 0.1057
threshold=1570.0000000000002 3645.0000000000005 230.00000000000003 1005.0000000000001 595.00000000000011 1065.0000000000002 1205.0000000000002 0.21284189474047968 1025.0000000000002 1125.0000000000002
decision_type=2 2 2 2 2 2 2 2 2 2
left_child=2 3 -1 4 7 -5 9 -2 -3 -4
right_child=1 8 6 5 -6 -7 -8 -9 -10 -11
leaf_value=-1.4612579742529535 0.49234613822766282 11.539894731250866 -7.0249320154664137 4.4358499334137154 -0.51874984220930853 0.50961325906243926 -1.2129056891591405 2.1819954353570212 10.202986643228384 -6.4627221769514911
leaf_weight=30.145640134811401 23.338560104370117 23.338560104370117 23.338560104370117 27.228320121765137 31.118080139160156 25.283440113067627 34.035400152206421 24.311000108718872 46.677120208740234 43.75980019569397
leaf_count=31 24 24 24 28 32 26 35 25 48 45
internal_value=0.000292398 0.0214976 -0.0322222 0.00777778 -0.000617284 0.0203704 -0.0403846 0.0112245 0.0472222 -0.0485507
internal_weight=332.574 201.295 131.279 131.279 78.7676 52.5118 101.134 47.6496 70.0157 67.0984
internal_count=342 207 135 135 81 54 104 49 72 69
is_linear=0
shrinkage=0.05


Tree=44
num_leaves=12
num_cat=0
split_feature=11 11 26 15 15 25 11 29 20 25 22
split_gain=85.4583 14.1979 13.2671 6.60897 6.48342 3.92217 2.77548 2.30973 1.94488 0.958548 0.0913504
threshold=2525.0000000000005 3645.0000000000005 595.00000000000011 41.250000000000007 108.75000000000001 895 1105.0000000000002 0.019032712606033005 0.26193514157799863 1140.0000000000002 0.0043788745560072511
decision_type=2 2 2 2 2 2 2 2 2 2 2
left_child=2 5 3 8 6 -2 10 -5 -1 -3 -4
right_child=1 9 4 7 -6 -7 -8 -9 -10 -11 -12
leaf_value=0.45932620334607466 4.7374530660224767 9.6974701309451579 -6.2443728937665135 -0.88469834807269765 -0.39551878400789064 -0.096683481920194936 -3.732025882828498 -2.1194026000771831 -0.21246540104895076 9.6023923363244883 -6.3473251483225113
leaf_weight=24.311000108718872 29.173200130462646 23.338560104370117 23.338560104370117 28.200760126113892 26.255880117416382 23.338560104370117 27.228320121765137 23.338560104370117 24.311000108718872 44.732240200042725 30.145640134811401
leaf_count=25 30 24 24 29 27 24 28 24 25 46 31
internal_value=-0.00281899 0.0306452 -0.0223005 -0.0092233 -0.0345455 0.0111111 -0.0415663 -0.0216981 0.004 0.0457143 -0.0481818
internal_weight=327.712 120.583 207.13 100.161 106.968 52.5118 80.7125 51.5393 48.622 68.0708 53.4842
internal_count=337 124 213 103 110 54 83 53 50 70 55
is_linear=0
shrinkage=0.05


Tree=45
num_leaves=10
num_cat=0
split_feature=11 11 16 30 15 15 24 25 16
split_gain=80.9783 14.7958 13.2899 10.2618 3.87198 3.18507 12.265 0.991889 0.835671
threshold=2215.0000000000005 3655.0000000000005 1195.0000000000002 0.19924416135777032 123.75000000000001 191.25000000000003 0.09060362036552512 1035.0000000000002 1125.0000000000002
decision_type=2 2 2 2 2 2 2 2 2
left_child=2 4 3 -1 -2 6 -4 -3 -5
right_child=1 7 5 8 -6 -7 -8 -9 -10
leaf_value=-3.426273181330862 4.264359416921752 10.478026488141063 -2.5330963005426499 -6.0299588909063919 0.31737070131434852 -1.1230758373970275 0.22229373043057876 8.9912520981935824 -5.624236146137787
leaf_weight=28.200760126113892 34.035400152206421 23.338560104370117 31.118080139160156 24.311000108718872 42.787360191345215 27.228320121765137 40.842480182647705 49.594440221786499 35.980280160903931
leaf_count=29 35 24 32 25 44 28 42 51 37
internal_value=0.00244957 0.0298701 -0.0194301 -0.0335165 0.014557 -0.00686275 -0.00135135 0.046 -0.0451613
internal_weight=337.437 149.756 187.681 88.492 76.8228 99.1889 71.9606 72.933 60.2913
internal_count=347 154 193 91 79 102 74 75 62
is_linear=0
shrinkage=0.05


Tree=46
num_leaves=10
num_cat=0
split_feature=11 11 24 26 30 15 15 15 25
split_gain=80.2466 23.8022 8.12371 8.02613 5.20976 3.12583 3.63241 1.05625 0.4228
threshold=1615.0000000000002 3655.0000000000005 0.22518015793358717 615.00000000000011 0.19489392071939241 86.250000000000014 341.25000000000006 33.750000000000007 1065.0000000000002
decision_type=2 2 2 2 2 2 2 2 2
left_child=2 3 4 5 -1 -2 -7 -6 -3
right_child=1 8 -4 -5 7 6 -8 -9 -10
leaf_value=-5.3482470665211963 0.65531057978387253 9.4302710378580752 -0.29071879836685638 4.1825481456335414 -5.1559513030015296 -1.0153511732901053 0.37703718896855209 -5.7284609463610767 8.6452680979970182
leaf_weight=34.035400152206421 34.035400152206421 23.338560104370117 33.062960147857666 29.173200130462646 25.283440113067627 35.007840156555176 29.173200130462646 40.842480182647705 43.75980019569397
leaf_count=35 35 24 34 30 26 36 30 42 45
internal_value=0.00252226 0.023 -0.0273723 0.0103053 -0.034466 0.00346535 -0.0030303 -0.0426471 0.0471014
internal_weight=327.712 194.488 133.224 127.39 100.161 98.2164 64.181 66.1259 67.0984
internal_count=337 200 137 131 103 101 66 68 69
is_linear=0
shrinkage=0.05


Tree=47
num_leaves=11
num_cat=0
split_feature=11 11 26 25 30 18 18 29 15 25
split_gain=79.9199 12.7574 12.3202 8.53846 6.36196 4.33986 5.92659 2.91732 1.05611 0.97244
threshold=2315.0000000000005 3655.0000000000005 595.00000000000011 595.00000000000011 0.21411274921701925 0.43840796391816805 0.23091458805744522 0.015406770231739702 48.750000000000007 1055.0000000000002
decision_type=2 2 2 2 2 2 2 2 2 2
left_child=2 3 5 -2 7 6 -1 -4 -6 -3
right_child=1 9 4 -5 8 -7 -8 -9 -10 -11
leaf_value=0.034743982464237891 4.4329347416248313 8.2171817480979605 -4.2243665996304802 -0.12656970233833817 -4.4297514286297544 0.87508590557137045 -5.5472778085016108 -0.05458835400995668 -3.7536123852686845 8.2404467096987446
leaf_weight=30.145640134811401 35.007840156555176 23.338560104370117 23.338560104370117 35.980280160903931 34.035400152206421 36.952720165252686 29.173200130462646 23.338560104370117 23.338560104370117 46.677120208740234
leaf_count=31 36 24 24 37 35 38 30 24 24 48
internal_value=0.00185185 0.0306897 -0.0184466 0.0157534 -0.0303738 -0.00555556 -0.0139344 -0.0166667 -0.0415254 0.0458333
internal_weight=341.326 141.004 200.323 70.9881 104.051 96.2716 59.3188 46.6771 57.374 70.0157
internal_count=351 145 206 73 107 99 61 48 59 72
is_linear=0
shrinkage=0.05


Tree=48
num_leaves=11
num_cat=0
split_feature=11 11 25 27 26 16 30 30 25 22
split_gain=86.3173 22.1602 11.4626 10.5272 6.03311 3.87007 2.57242 2.23126 0.97244 0.0983068
threshold=1615.0000000000002 3645.0000000000005 130.00000000000003 230.00000000000003 2900.0000000000005 1195.0000000000002 0.24043999694446569 0.21603701970819641 1055.0000000000002 0.0066859757819143009
decision_type=2 2 2 2 2 2 2 2 2 2
left_child=3 2 -2 -1 5 9 7 -4 -3 -5
right_child=1 8 6 4 -6 -7 -8 -9 -10 -11
leaf_value=-0.92571337261734932 2.9909402815540944 6.6723825364346343 0.1431804489596516 -6.4604634839425792 -1.9616448647150606 -1.5467874322104536 0.33537177732700912 -0.285826032766272 7.9188693489562869 -5.2205503276115337
leaf_weight=33.062960147857666 42.787360191345215 23.338560104370117 31.118080139160156 35.980280160903931 23.338560104370117 28.200760126113892 26.255880117416382 26.255880117416382 46.677120208740234 23.338560104370117
leaf_count=34 44 24 32 37 24 29 27 27 48 24
internal_value=0.00171429 0.0232673 0.0107692 -0.0277027 -0.0350877 -0.0411111 0 -0.0059322 0.0458333 -0.0483607
internal_weight=340.354 196.433 126.417 143.921 110.858 87.5196 83.6298 57.374 70.0157 59.3188
internal_count=350 202 130 148 114 90 86 59 72 61
is_linear=0
shrinkage=0.05


Tree=49
num_leaves=11
num_cat=0
split_feature=11 16 26 30 29 30 30 24 30 25
split_gain=64.4926 21.5614 10.7304 10.62 4.74342 4.90468 2.90354 3.40354 2.80155 0.979101
threshold=3655.0000000000005 1335.0000000000002 615.00000000000011 0.17833928115472927 0.015955159499210305 0.22138660717042893 0.24447547468898012 0.026109594580932104 0.24881711814353533 1055.0000000000002
decision_type=2 2 2 2 2 2 2 2 2 2
left_child=1 3 4 -1 -3 -6 7 -5 -7 -2
right_child=9 2 -4 6 5 8 -8 -9 -10 -11
leaf_value=0.012374843143538783 8.7381333976144795 -0.76731874917179543 3.1907951229451328 -6.2066151951958437 0.83438789508136324 -0.25009694179841518 -4.6188848589328932 -1.1036356412805504 0.34774522577067729 7.4050388901644286
leaf_weight=33.062960147857666 23.338560104370117 33.062960147857666 28.200760126113892 27.228320121765137 25.283440113067627 23.338560104370117 28.200760126113892 27.228320121765137 31.118080139160156 47.649560213088989
leaf_count=34 24 34 29 28 26 24 29 28 32 49
internal_value=0.0037092 -0.00795455 0.00517241 -0.0239496 -0.00172414 0.00487805 -0.0335294 -0.0267857 -0.00357143 0.0458904
internal_weight=327.712 256.724 141.004 115.72 112.803 79.7401 82.6574 54.4566 54.4566 70.9881
internal_count=337 264 145 119 116 82 85 56 56 73
is_linear=0
shrinkage=0.05


Tree=50
num_leaves=12
num_cat=0
split_feature=11 11 30 25 25 11 18 24 14 15 25
split_gain=76.0277 27.9127 11.0782 6.96217 5.08262 3.9501 3.38532 2.37783 2.16232 1.85562 0.979101
threshold=1615.0000000000002 3655.0000000000005 0.21411274921701925 595.00000000000011 1005.0000000000001 2325.0000000000005 0.41207482993197281 0.077664399092970515 1141.2500000000002 48.750000000000007 1035.0000000000002
decision_type=2 2 2 2 2 2 2 2 2 2 2
left_child=2 3 6 7 -5 -6 -1 -2 -4 -8 -3
right_child=1 10 8 4 5 -7 9 -9 -10 -11 -12
leaf_value=-1.6289878167471898 0.35221129905955878 7.035796863990595 -5.1770301926951108 -0.72895281171320225 0.49835312039356272 -0.41995451855891591 0.87699853676649586 3.5475015272873862 -2.6203339736410616 -4.2716139776191886 7.0347869456561973
leaf_weight=23.338560104370117 26.255880117416382 23.338560104370117 45.704680204391479 24.311000108718872 23.338560104370117 25.283440113067627 23.338560104370117 29.173200130462646 23.338560104370117 25.283440113067627 47.649560213088989
leaf_count=24 27 24 47 25 24 26 24 30 24 26 49
internal_value=0.000857143 0.0207317 -0.0272414 0.00681818 -0.00333333 0.006 -0.0135135 0.0201754 -0.0415493 -0.006 0.0458904
internal_weight=340.354 199.35 141.004 128.362 72.933 48.622 71.9606 55.4291 69.0432 48.622 70.9881
internal_count=350 205 145 132 75 50 74 57 71 50 73
is_linear=0
shrinkage=0.05


Tree=51
num_leaves=12
num_cat=0
split_feature=11 11 16 30 11 18 18 16 24 25 11
split_gain=71.135 18.726 12.3387 11.5252 6.75151 6.74029 5.46798 3.40354 2.02592 0.965592 0.0900407
threshold=2215.0000000000005 3655.0000000000005 1195.0000000000002 0.21411274921701925 3155.0000000000005 0.40314472042046795 0.21040054859296839 3125.0000000000005 0.032029478458049855 1055.0000000000002 1065.0000000000002
decision_type=2 2 2 2 2 2 2 2 2 2 2
left_child=2 4 3 -1 7 6 -4 -2 -7 -3 -5
right_child=1 9 5 10 -6 8 -8 -9 -10 -11 -12
leaf_value=-4.7462247757831619 1.8320687867363405 18.915443822644693 -0.063088222591454732 -4.6192720539742709 -0.2631129222148047 -0.63338413429328289 -0.96700446837916165 3.7248261579542716 0.54415269505972219 6.0010902009124498 -4.228926545486309
leaf_weight=35.007840156555176 27.228320121765137 23.338560104370117 24.311000108718872 29.173200130462646 23.338560104370117 23.338560104370117 30.145640134811401 27.228320121765137 23.338560104370117 45.704680204391479 23.338560104370117
leaf_count=36 28 24 25 30 24 24 31 28 24 47 24
internal_value=0.000724638 0.0268212 -0.0195876 -0.0333333 0.01 -0.00769231 -0.0196429 0.0196429 0.00625 0.0457746 -0.0481481
internal_weight=335.492 146.838 188.653 87.5196 77.7952 101.134 54.4566 54.4566 46.6771 69.0432 52.5118
internal_count=345 151 194 90 80 104 56 56 48 71 54
is_linear=0
shrinkage=0.05


Tree=52
num_leaves=11
num_cat=0
split_feature=11 16 11 25 26 25 16 22 22 25
split_gain=64.714 14.1639 13.6234 6.92446 6.07367 3.12752 4.4745 5.07187 1.85973 0.9513
threshold=2525.0000000000005 1195.0000000000002 3655.0000000000005 595.00000000000011 440.00000000000006 1015.0000000000001 2135.0000000000005 0.010574353013517652 0.0036613654657826002 1315.0000000000002
decision_type=2 2 2 2 2 2 2 2 2 2
left_child=1 4 3 -2 -1 6 7 -3 -6 -4
right_child=2 5 9 -5 8 -7 -8 -9 -10 -11
leaf_value=-3.8981255036527731 3.3156057143081172 -2.496697271675453 5.7382348296588361 -0.22635184017608481 -3.5238728591361226 0.28719415647617552 -1.7905823982750009 0.20815872891723758 -4.7890325439306256 6.5008800796717878
leaf_weight=23.338560104370117 32.090520143508911 24.311000108718872 23.338560104370117 28.200760126113892 26.255880117416382 23.338560104370117 35.007840156555176 39.87004017829895 38.897600173950195 43.75980019569397
leaf_count=24 33 25 24 29 27 24 36 41 40 45
internal_value=0.00201149 -0.014977 0.0301527 0.0129032 -0.0302198 -0.00396825 -0.00784314 0 -0.0380597 0.0456522
internal_weight=338.409 211.019 127.39 60.2913 88.492 122.527 99.1889 64.181 65.1535 67.0984
internal_count=348 217 131 62 91 126 102 66 67 69
is_linear=0
shrinkage=0.05


Tree=53
num_leaves=10
num_cat=0
split_feature=11 11 30 25 25 18 11 16 25
split_gain=65.5167 25.9097 13.7316 7.12548 3.59579 3.44094 2.96187 1.55149 0.9513
threshold=3655.0000000000005 1615.0000000000002 0.21411274921701925 595.00000000000011 1015.0000000000001 0.48242630385487534 2325.0000000000005 1155.0000000000002 1315.0000000000002
decision_type=2 2 2 2 2 2 2 2 2
left_child=1 2 5 6 -5 -1 -3 -4 -2
right_child=8 3 7 4 -6 -7 -8 -9 -10
leaf_value=-1.5095961389367289 5.4141239493838844 0.10757667843472518 -3.9993118287542986 -0.23863968409525571 0.254513555577978 0.14738301992751987 3.1498254285927034 -3.0395561386607599 6.0853911009457313
leaf_weight=25.283440113067627 23.338560104370117 27.228320121765137 42.787360191345215 25.283440113067627 40.842480182647705 44.732240200042725 33.062960147857666 30.145640134811401 43.75980019569397
leaf_count=26 24 28 44 26 42 46 34 31 45
internal_value=0.00144509 -0.00956679 -0.0241497 0.00692308 -0.00441176 -0.00833333 0.0193548 -0.0393333 0.0456522
internal_weight=336.464 269.366 142.949 126.417 66.1259 70.0157 60.2913 72.933 67.0984
internal_count=346 277 147 130 68 72 62 75 69
is_linear=0
shrinkage=0.05


Tree=54
num_leaves=9
num_cat=0
split_feature=11 11 14 30 15 29 30 15
split_gain=55.8672 15.4672 12.7877 12.166 6.3545 2.83597 3.5703 0.593883
threshold=2175.0000000000005 3655.0000000000005 1152.5000000000002 0.21411274921701925 176.25000000000003 0.020893244827974101 0.17047837502157262 378.75000000000006
decision_type=2 2 2 2 2 2 2 2
left_child=2 4 3 -1 -2 6 -4 -3
right_child=1 7 5 -5 -6 -7 -8 -9
leaf_value=-4.3400890450335741 2.9923341571630773 5.905154320587144 -0.57825506444014541 -3.578062999577742 0.066647734984621829 -1.1051691116501843 0.14001386893114615 5.1806168907067107
leaf_weight=34.035400152206421 36.952720165252686 31.118080139160156 29.173200130462646 40.842480182647705 45.704680204391479 23.338560104370117 41.81492018699646 36.952720165252686
leaf_count=35 38 32 30 42 47 24 43 38
internal_value=0.00592705 0.0280645 -0.0137931 -0.0292208 0.0135294 -0.00154639 0.00342466 0.0457143
internal_weight=319.933 150.728 169.205 74.8779 82.6574 94.3267 70.9881 68.0708
internal_count=329 155 174 77 85 97 73 70
is_linear=0
shrinkage=0.05


Tree=55
num_leaves=11
num_cat=0
split_feature=11 11 29 26 29 30 14 24 15 15
split_gain=65.4978 23.2185 9.87061 9.06989 2.94468 3.85237 2.75133 5.24382 1.58059 0.344125
threshold=1615.0000000000002 3655.0000000000005 0.020893244827974101 965.00000000000011 0.018334733168927555 0.24881711814353533 1160.0000000000002 0.0024295432458697505 378.75000000000006 41.250000000000007
decision_type=2 2 2 2 2 2 2 2 2 2
left_child=2 3 6 4 -2 -6 7 -1 -3 -4
right_child=1 8 9 -5 5 -7 -8 -9 -10 -11
leaf_value=-0.2820435577548665 0.25650024021265383 6.1507890384204984 -2.9688104747627109 2.6858455521605493 -0.33861558046930895 0.35282156455118641 -0.58753363549501503 -4.4785088183868771 5.4627657001271475 -2.9387314151572697
leaf_weight=23.338560104370117 34.035400152206421 33.062960147857666 23.338560104370117 25.283440113067627 36.952720165252686 26.255880117416382 42.787360191345215 28.200760126113892 40.842480182647705 24.311000108718872
leaf_count=24 35 34 24 26 38 27 44 29 42 25
internal_value=0.00258621 0.0212871 -0.0232877 0.00793651 0.001 -0.00538462 -0.0139175 -0.0216981 0.0434211 -0.0418367
internal_weight=338.409 196.433 141.976 122.527 97.244 63.2086 94.3267 51.5393 73.9054 47.6496
internal_count=348 202 146 126 100 65 97 53 76 49
is_linear=0
shrinkage=0.05


Tree=56
num_leaves=11
num_cat=0
split_feature=11 14 30 16 20 14 15 26 24 14
split_gain=62.1989 14.0339 10.5381 10.4513 5.28064 3.5072 6.62375 9.04225 2.67467 0.865307
threshold=2620.0000000000005 1146.2500000000002 0.19924416135777032 4645.0000000000009 0.43591935640469343 2451.2500000000005 123.75000000000001 985.00000000000011 0.17168772270813087 1108.7500000000002
decision_type=2 2 2 2 2 2 2 2 2 2
left_child=1 2 -1 4 8 6 7 -3 -2 -4
right_child=3 5 9 -5 -6 -7 -8 -9 -10 -11
leaf_value=-3.8991591518625457 2.8250763710773756 0.11629381432071569 -3.6675968639184475 5.8711431706491339 0.16417649316865665 -0.99996664783755029 0.2649170207404154 -1.9874550888161366 2.8227526747975391 -4.7087174436606576
leaf_weight=27.228320121765137 24.311000108718872 36.952720165252686 23.338560104370117 36.952720165252686 27.228320121765137 37.92516016960144 28.200760126113892 24.311000108718872 34.035400152206421 34.035400152206421
leaf_count=28 25 38 24 38 28 39 29 25 35 35
internal_value=-0.000581395 -0.0169725 -0.0327586 0.0277778 0.0181818 -0.00648855 -0.00108696 -0.0103175 0.0266667 -0.0449153
internal_weight=334.519 211.992 84.6023 122.527 85.5747 127.39 89.4645 61.2637 58.3464 57.374
internal_count=344 218 87 126 88 131 92 63 60 59
is_linear=0
shrinkage=0.05


Tree=57
num_leaves=11
num_cat=0
split_feature=11 14 14 30 20 19 22 11 15 18
split_gain=61.8397 20.2247 10.073 8.03593 6.75177 4.43847 4.01479 2.72655 0.855077 0.0858035
threshold=1615.0000000000002 4085.0000000000005 1146.2500000000002 0.21411274921701925 0.39985085059664899 0.56376059195608075 0.0083901887577947521 1125.0000000000002 386.25000000000006 0.8743764172335603
decision_type=2 2 2 2 2 2 2 2 2 2
left_child=2 4 3 -1 6 -6 -2 -4 -3 -5
right_child=1 8 7 9 5 -7 -8 -9 -10 -11
leaf_value=-3.9332430599749273 1.4804896144158648 5.7019957679455961 0.11091618839662942 -3.4842170207225309 -0.22746848738081554 0.34038563202097977 2.4104156408126531 -3.1663165618329119 4.9648923281367843 -3.6095333986461244
leaf_weight=31.118080139160156 29.173200130462646 23.338560104370117 27.228320121765137 26.255880117416382 38.897600173950195 37.92516016960144 40.842480182647705 25.283440113067627 33.062960147857666 23.338560104370117
leaf_count=32 30 24 28 27 40 39 42 26 34 24
internal_value=0.00202312 0.019378 -0.0244526 -0.0355422 0.00960265 -0.000632911 0.0208333 -0.00740741 0.0448276 -0.0480392
internal_weight=336.464 203.24 133.224 80.7125 146.838 76.8228 70.0157 52.5118 56.4015 49.5944
internal_count=346 209 137 83 151 79 72 54 58 51
is_linear=0
shrinkage=0.05


Tree=58
num_leaves=12
num_cat=0
split_feature=11 14 30 14 25 14 30 30 30 30 24
split_gain=48.5431 22.7699 13.2034 7.1571 6.90073 5.87617 4.44807 3.64021 1.97929 0.855077 0.328795
threshold=3230.0000000000005 1152.5000000000002 0.21411274921701925 3355.0000000000005 965.00000000000011 2648.7500000000005 0.17047837502157262 0.22138660717042893 0.24043999694446569 0.19243819919093005 0.011985746679624201
decision_type=2 2 2 2 2 2 2 2 2 2 2
left_child=1 2 -1 5 -2 6 -3 -8 -9 -6 -4
right_child=4 3 10 -5 9 -7 7 8 -10 -11 -12
leaf_value=-3.5592875496019021 16.230599577680188 -0.56529166453428847 -3.3901552213477206 -1.0134984481524043 4.5285086942278667 2.5633017704828718 0.1871532363196593 -0.22910517952773263 0.10537037897679512 3.0751307201133842 -3.3100061696864032
leaf_weight=35.980280160903931 23.338560104370117 31.118080139160156 24.311000108718872 25.283440113067627 23.338560104370117 31.118080139160156 32.090520143508911 23.338560104370117 25.283440113067627 33.062960147857666 27.228320121765137
leaf_count=37 24 32 25 26 24 32 33 24 26 34 28
internal_value=0.00130435 -0.00931559 -0.03 0.00144509 0.0353659 0.00578231 0.000434783 0.00662651 -0.002 0.0448276 -0.0462264
internal_weight=335.492 255.752 87.5196 168.232 79.7401 142.949 111.831 80.7125 48.622 56.4015 51.5393
internal_count=345 263 90 173 82 147 115 83 50 58 53
is_linear=0
shrinkage=0.05


Tree=59
num_leaves=11
num_cat=0
split_feature=16 11 30 18 24 16 18 18 20 18
split_gain=52.7172 25.3438 8.90031 4.3566 15.8159 3.93307 3.81329 4.38246 2.67002 0.810367
threshold=1215.0000000000002 3645.0000000000005 0.21411274921701925 0.41207482993197281 0.077664399092970515 4645.0000000000009 0.22103318260377572 0.1555524704212751 0.40191936370507797 0.8743764172335603
decision_type=2 2 2 2 2 2 2 2 2 2
left_child=2 3 -1 6 -5 -3 7 -2 -8 -4
right_child=1 5 9 4 -6 -7 8 -9 -10 -11
leaf_value=-3.3295746637905723 -0.030760117987210834 2.4100705762404688 -2.9477230753413552 -0.58615937004285568 1.9987445541901026 5.2359172913578504 0.01822292479077987 1.1077383350784658 -0.74228817824011917 -2.7213625042481797
leaf_weight=35.980280160903931 23.338560104370117 37.92516016960144 29.173200130462646 39.87004017829895 33.062960147857666 35.980280160903931 25.283440113067627 24.311000108718872 31.118080139160156 23.338560104370117
leaf_count=37 24 39 30 41 34 37 26 25 32 24
internal_value=0.00186246 0.0135659 -0.0313187 0.0032967 0.0126667 0.0381579 -0.00327103 0.00714286 -0.012069 -0.0444444
internal_weight=339.382 250.89 88.492 176.984 72.933 73.9054 104.051 47.6496 56.4015 52.5118
internal_count=349 258 91 182 75 76 107 49 58 54
is_linear=0
shrinkage=0.05


Tree=60
num_leaves=11
num_cat=0
split_feature=11 16 30 27 27 30 27 16 18 18
split_gain=48.296 20.7084 11.1019 6.47534 7.2584 6.34344 2.74513 1.6518 1.33692 1.24472
threshold=3655.0000000000005 1215.0000000000002 0.21603701970819641 1005.0000000000001 535.00000000000011 0.23135885341074022 130.00000000000003 4645.0000000000009 0.8743764172335603 0.42578384737353592
decision_type=2 2 2 2 2 2 2 2 2 2
left_child=1 2 -1 4 6 9 -3 -2 -4 -5
right_child=7 3 8 5 -6 -7 -8 -9 -10 -11
leaf_value=-2.7207655921470519 2.6085864024700189 1.0683620324972025 -2.9971197074350133 -0.69047049054538556 -0.9707181100962089 1.7236102531094504 -0.55041931236437447 5.026522115575677 -2.5064775639073789 0.57215775916369016
leaf_weight=44.732240200042725 28.200760126113892 27.228320121765137 28.200760126113892 24.311000108718872 27.228320121765137 27.228320121765137 35.980280160903931 39.87004017829895 24.311000108718872 24.311000108718872
leaf_count=46 29 28 29 25 28 28 37 41 25 25
internal_value=0.00102639 -0.00867159 -0.027 0.00204678 -0.00698925 0.0128205 0.00230769 0.0385714 -0.0425926 0.002
internal_weight=331.602 263.531 97.244 166.287 90.4369 75.8503 63.2086 68.0708 52.5118 48.622
internal_count=341 271 100 171 93 78 65 70 54 50
is_linear=0
shrinkage=0.05


Tree=61
num_leaves=10
num_cat=0
split_feature=16 12 27 26 18 18 22 16 29
split_gain=50.5826 17.9342 12.4516 4.06196 3.48532 9.97317 4.49252 2.89015 0.826415
threshold=1215.0000000000002 3655.0000000000005 920.00000000000011 1065.0000000000002 0.43840796391816805 0.22396532309068753 0.0083901887577947521 4645.0000000000009 0.019190078373099852
decision_type=2 2 2 2 2 2 2 2 2
left_child=2 3 -1 4 5 -2 -6 -3 -4
right_child=1 7 8 -5 6 -7 -8 -9 -10
leaf_value=-2.6504809362025301 0.13740761285373537 2.2777185910625577 -3.4848772248624984 0.5212341729066452 -0.35267632510212937 -1.0995926652029766 2.5878387950431492 4.7751960097969004 -2.1189973247396781
leaf_weight=34.035400152206421 44.732240200042725 33.062960147857666 24.311000108718872 32.090520143508911 27.228320121765137 45.704680204391479 24.311000108718872 34.035400152206421 35.007840156555176
leaf_count=35 46 34 25 33 28 47 25 35 36
internal_value=0 0.0120968 -0.03125 0.00363128 0 -0.00591398 0.0103774 0.034058 -0.045082
internal_weight=334.519 241.165 93.3542 174.067 141.976 90.4369 51.5393 67.0984 59.3188
internal_count=344 248 96 179 146 93 53 69 61
is_linear=0
shrinkage=0.05


Tree=62
num_leaves=11
num_cat=0
split_feature=16 14 30 20 26 18 15 11 27 18
split_gain=45.7042 17.4639 10.8358 10.398 4.49099 4.30768 3.1127 1.87542 1.36754 0.955272
threshold=1245.0000000000002 4117.5000000000009 0.21603701970819641 0.39985085059664899 965.00000000000011 0.23091458805744522 48.750000000000007 2235.0000000000005 525.00000000000011 0.8743764172335603
decision_type=2 2 2 2 2 2 2 2 2 2
left_child=2 3 6 4 8 7 -1 -5 -2 -4
right_child=1 -3 9 5 -6 -7 -8 -9 -10 -11
leaf_value=0.90799822455645662 1.4715702222545362 3.7740703179737012 -2.7098963726990521 -0.046732188125270115 1.5835157163821805 -0.90970193488224149 -3.2846190200751497 0.34011511784133291 0.16420705376608569 -2.3540206346034211
leaf_weight=24.311000108718872 34.035400152206421 44.732240200042725 35.980280160903931 31.118080139160156 25.283440113067627 38.897600173950195 28.200760126113892 23.338560104370117 23.338560104370117 25.283440113067627
leaf_count=25 35 46 37 32 26 40 29 24 24 26
internal_value=-0.00203488 0.0112335 -0.0277778 0.00414365 0.0170588 -0.00729167 -0.0111111 0.00178571 0.00932203 -0.0420635
internal_weight=334.519 220.744 113.775 176.012 82.6574 93.3542 52.5118 54.4566 57.374 61.2637
internal_count=344 227 117 181 85 96 54 56 59 63
is_linear=0
shrinkage=0.05


Tree=63
num_leaves=11
num_cat=0
split_feature=16 11 30 20 22 26 19 19 25 18
split_gain=43.8088 21.3523 12.6544 5.482 10.2823 6.88224 5.65218 2.54676 1.67219 0.739788
threshold=1215.0000000000002 3695.0000000000005 0.21603701970819641 0.37736556527372855 0.0083901887577947521 415.00000000000006 0.56376059195608075 0.45225623582766444 1640.0000000000002 0.87107898715041587
decision_type=2 2 2 2 2 2 2 2 2 2
left_child=2 3 -1 4 -2 -6 7 -5 -3 -4
right_child=1 8 9 6 5 -7 -8 -9 -10 -11
leaf_value=-2.4976031769573979 -0.6146270682137811 3.6223058889890809 -2.4117286898527031 -0.054705200926196088 0.15599670107778821 1.7987378186492606 0.61339063580568343 -1.1392779389310363 5.6536531711082949 -2.1309286071717226
leaf_weight=43.75980019569397 29.173200130462646 27.228320121765137 27.228320121765137 32.090520143508911 25.283440113067627 29.173200130462646 41.81492018699646 24.311000108718872 25.283440113067627 24.311000108718872
leaf_count=45 30 28 28 33 26 30 43 25 26 25
internal_value=0.00103245 0.0126556 -0.027551 0.00454545 0.0139535 0.0267857 -0.00346535 -0.0137931 0.0407407 -0.0443396
internal_weight=329.657 234.358 95.2991 181.846 83.6298 54.4566 98.2164 56.4015 52.5118 51.5393
internal_count=339 241 98 187 86 56 101 58 54 53
is_linear=0
shrinkage=0.05


Tree=64
num_leaves=12
num_cat=0
split_feature=11 11 30 17 25 22 18 25 14 26 15
split_gain=40.0696 15.6495 11.7807 4.68005 8.07563 4.44472 3.94232 3.35317 2.38421 1.94488 1.72002
threshold=1615.0000000000002 3695.0000000000005 0.22138660717042893 73.750000000000014 1035.0000000000002 0.0083901887577947521 0.42578384737353592 310.00000000000006 1131.2500000000002 1055.0000000000002 378.75000000000006
decision_type=2 2 2 2 2 2 2 2 2 2 2
left_child=2 3 6 5 -5 -2 -1 -7 -4 -8 -3
right_child=1 10 8 4 -6 7 9 -9 -10 -11 -12
leaf_value=-1.2221578428904991 -0.31252150812463242 5.4467545853694901 -2.2618756362648242 -1.0624896305280345 0.21783940262284887 1.7321608611592865 2.1702287876143145 1.2600653958216981 -1.7569662053751132 -2.6154511882301792 4.6117541364154704
leaf_weight=23.338560104370117 25.283440113067627 24.311000108718872 39.87004017829895 30.145640134811401 35.007840156555176 25.283440113067627 24.311000108718872 23.338560104370117 23.338560104370117 24.311000108718872 31.118080139160156
leaf_count=24 26 25 41 31 36 26 25 24 24 25 32
internal_value=-0.00103245 0.0135 -0.0219424 0.00454545 -0.00522388 0.0131579 -0.00810811 0.022 -0.0376923 0 0.0359649
internal_weight=329.657 194.488 135.169 139.059 65.1535 73.9054 71.9606 48.622 63.2086 48.622 55.4291
internal_count=339 200 139 143 67 76 74 50 65 50 57
is_linear=0
shrinkage=0.05


Tree=65
num_leaves=10
num_cat=0
split_feature=16 27 30 28 15 11 20 25 11
split_gain=45.6593 17.2602 14.74 11.9223 7.46322 6.66544 6.19524 5.89339 0.890734
threshold=1265.0000000000002 1005.0000000000001 0.21603701970819641 3.5000000000000004 41.250000000000007 3695.0000000000005 0.39985085059664899 130.00000000000003 1055.0000000000002
decision_type=2 2 2 2 2 2 2 2 2
left_child=2 3 4 7 -1 6 -3 -2 -4
right_child=1 5 8 -5 -6 -7 -8 -9 -10
leaf_value=2.0617173482335942 0.16979291228333296 1.6732233208800835 -1.9112883949998947 2.3114221545584086 -2.8907496943562365 3.2106028877188466 0.15985327078728917 -2.4300076712678904 -2.5588733066827447
leaf_weight=24.311000108718872 33.062960147857666 31.118080139160156 26.255880117416382 33.062960147857666 32.090520143508911 40.842480182647705 40.842480182647705 39.87004017829895 35.980280160903931
leaf_count=25 34 32 27 34 33 42 42 41 37
internal_value=-0.000432277 0.0131111 -0.0254098 -0.00137615 -0.00689655 0.0267241 0.0175676 -0.0126667 -0.0421875
internal_weight=337.437 218.799 118.638 105.996 56.4015 112.803 71.9606 72.933 62.2362
internal_count=347 225 122 109 58 116 74 75 64
is_linear=0
shrinkage=0.05


Tree=66
num_leaves=11
num_cat=0
split_feature=11 11 14 29 15 18 14 27 14 14
split_gain=48.4777 9.81791 7.96553 5.82878 4.51923 3.45169 3.35752 4.58749 3.01241 0.849247
threshold=2215.0000000000005 3695.0000000000005 1146.2500000000002 0.016455211248768403 108.75000000000001 0.23091458805744522 2003.7500000000002 1015.0000000000001 1108.7500000000002 4557.5000000000009
decision_type=2 2 2 2 2 2 2 2 2 2
left_child=2 4 3 -1 -2 -6 7 -4 -5 -3
right_child=1 9 6 8 5 -7 -8 -9 -10 -11
leaf_value=-3.0252481463524763 3.0194723594327115 5.0138867117150774 1.3287780322307983 -1.8887357253672918 1.2821285628511987 -0.61699209810299183 -0.44978582213327628 -0.7608876411404254 -3.2495531825153536 3.0500727433329078
leaf_weight=28.200760126113892 28.200760126113892 24.311000108718872 28.200760126113892 25.283440113067627 23.338560104370117 36.952720165252686 37.92516016960144 35.980280160903931 32.090520143508911 27.228320121765137
leaf_count=29 29 25 29 26 24 38 39 37 33 28
internal_value=-0.00281899 0.0194444 -0.0194301 -0.0306818 0.00934066 0.0016129 -0.01 -0.0030303 -0.0398305 0.0367925
internal_weight=327.712 140.031 187.681 85.5747 88.492 60.2913 102.106 64.181 57.374 51.5393
internal_count=337 144 193 88 91 62 105 66 59 53
is_linear=0
shrinkage=0.05


Tree=67
num_leaves=10
num_cat=0
split_feature=11 11 20 30 24 16 15 15 29
split_gain=41.7688 12.9942 7.97444 7.31193 6.61111 4.70712 3.71569 7.79451 1.13451
threshold=2215.0000000000005 3695.0000000000005 0.39985085059664899 0.22138660717042893 0.56327326252138288 1175.0000000000002 41.250000000000007 101.25000000000001 0.017801593966907153
decision_type=2 2 2 2 2 2 2 2 2
left_child=3 2 -2 6 -4 -5 -1 -8 -3
right_child=1 8 4 5 -6 -7 7 -9 -10
leaf_value=0.56890044893422098 1.8224021384580285 3.6496898937470861 -1.1545136773401055 -2.7582407887006641 1.5151381505550034 -0.42078476661304198 -2.8817799395455723 -0.15957437503529948 4.7559174668788726
leaf_weight=37.92516016960144 39.87004017829895 31.118080139160156 26.255880117416382 45.704680204391479 23.338560104370117 39.87004017829895 24.311000108718872 35.980280160903931 23.338560104370117
leaf_count=39 41 32 27 47 24 41 25 37 24
internal_value=-0.00192878 0.0182432 0.00652174 -0.0177249 -0.00686275 -0.0284091 -0.00841584 -0.016129 0.0375
internal_weight=327.712 143.921 89.4645 183.791 49.5944 85.5747 98.2164 60.2913 54.4566
internal_count=337 148 92 189 51 88 101 62 56
is_linear=0
shrinkage=0.05


Tree=68
num_leaves=11
num_cat=0
split_feature=11 14 18 24 19 26 26 16 30 30
split_gain=33.5938 10.3727 5.40886 10.8813 7.51404 7.35271 6.946 3.34193 1.88086 0.922073
threshold=3695.0000000000005 1138.7500000000002 0.41207482993197281 0.16523053665910808 0.56376059195608075 85.000000000000014 525.00000000000011 1115.0000000000002 0.20786631002851833 0.17833928115472927
decision_type=2 2 2 2 2 2 2 2 2 2
left_child=1 7 4 6 5 9 -4 -1 -2 -3
right_child=8 2 3 -5 -6 -7 -8 -9 -10 -11
leaf_value=-1.8501352280934271 3.3389440517922595 -0.27752541331582281 1.7312820315351247 1.7460869793269467 0.20226388491735181 0.009618800745374757 -1.4820906093845452 -1.7528277361407731 4.3446121000098179 -3.3796244963922164
leaf_weight=25.283440113067627 31.118080139160156 23.338560104370117 27.228320121765137 30.145640134811401 45.704680204391479 31.118080139160156 27.228320121765137 44.732240200042725 26.255880117416382 25.283440113067627
leaf_count=26 32 24 28 31 47 32 28 46 27 26
internal_value=0.00158501 -0.00555556 0 0.00977011 -0.00658915 -0.0158537 -0.00357143 -0.0222222 0.0364407 -0.028
internal_weight=337.437 280.063 210.047 84.6023 125.445 79.7401 54.4566 70.0157 57.374 48.622
internal_count=347 288 216 87 129 82 56 72 59 50
is_linear=0
shrinkage=0.05


Tree=69
num_leaves=11
num_cat=0
split_feature=11 16 16 15 27 30 14 25 15 26
split_gain=34.9296 9.36342 6.93459 6.0271 4.96301 3.34862 2.52582 3.06901 2.47644 1.65722
threshold=2525.0000000000005 4675.0000000000009 1215.0000000000002 108.75000000000001 1015.0000000000001 0.23676646859869618 1523.7500000000002 310.00000000000006 33.750000000000007 1405.0000000000002
decision_type=2 2 2 2 2 2 2 2 2 2
left_child=2 3 8 -2 -5 6 -4 -8 -1 -10
right_child=1 -3 5 4 -6 -7 7 -9 9 -11
leaf_value=-2.809924000076899 2.6900742855718365 2.4978540064784287 0.0091378607081082919 -1.0439235622561682 1.0545543506537343 0.19215069067147397 -0.51124726834051448 -0.21848442240618626 -2.7659593308497392 -1.4079860789153145
leaf_weight=32.090520143508911 40.842480182647705 30.145640134811401 31.118080139160156 23.338560104370117 32.090520143508911 32.090520143508911 28.200760126113892 26.255880117416382 33.062960147857666 23.338560104370117
leaf_count=33 42 31 32 24 33 33 29 27 34 24
internal_value=-0.00146199 0.0192308 -0.0141509 0.0116162 0.000877193 -0.00619835 -0.0113636 -0.0178571 -0.0247253 -0.0310345
internal_weight=332.574 126.417 206.157 96.2716 55.4291 117.665 85.5747 54.4566 88.492 56.4015
internal_count=342 130 212 99 57 121 88 56 91 58
is_linear=0
shrinkage=0.05


Tree=70
num_leaves=11
num_cat=0
split_feature=11 16 30 30 20 20 24 18 25 14
split_gain=30.429 10.0789 5.83371 4.7874 3.5433 3.51294 5.88326 2.60686 1.52235 1.29659
threshold=3695.0000000000005 1165.0000000000002 0.21411274921701925 0.18804323262801417 0.39676714955554454 0.4337430153316853 0.14652845265090161 0.19658639136996517 1640.0000000000002 1113.7500000000002
decision_type=2 2 2 2 2 2 2 2 2 2
left_child=1 2 -1 4 -3 6 -5 -7 -2 -4
right_child=8 3 9 5 -6 7 -8 -9 -10 -11
leaf_value=-1.8867490490531509 2.3729613061545023 -0.057422238197989375 -1.9226688942875285 -0.1169484121056712 -0.66712007251185246 0.10140531497779648 0.92682080721682503 -0.59193065341780771 4.1759982882105078 -2.7321761259405664
leaf_weight=33.062960147857666 28.200760126113892 36.952720165252686 23.338560104370117 38.897600173950195 25.283440113067627 35.980280160903931 38.897600173950195 26.255880117416382 26.255880117416382 23.338560104370117
leaf_count=34 29 38 24 40 26 37 40 27 27 24
internal_value=-0.000289017 -0.00689655 -0.0219512 -0.000961538 -0.0125 0.00416667 0.01125 -0.0046875 0.0339286 -0.0333333
internal_weight=336.464 282.008 79.7401 202.268 62.2362 140.031 77.7952 62.2362 54.4566 46.6771
internal_count=346 290 82 208 64 144 80 64 56 48
is_linear=0
shrinkage=0.05


Tree=71
num_leaves=12
num_cat=0
split_feature=11 16 30 15 24 18 26 30 18 25 26
split_gain=26.8875 10.8321 6.69826 5.10136 14.6082 8.45251 8.10367 3.07004 2.34828 1.7365 1.60292
threshold=3695.0000000000005 1165.0000000000002 0.20730058424443779 161.25000000000003 0.09060362036552512 0.41207482993197281 525.00000000000011 0.24043999694446569 0.25266268123410979 1640.0000000000002 1140.0000000000002
decision_type=2 2 2 2 2 2 2 2 2 2 2
left_child=1 2 -1 4 6 -6 -3 8 -5 -2 -4
right_child=9 3 10 7 5 -7 -8 -9 -10 -11 -12
leaf_value=-1.7924115966004934 2.2543132408467956 0.62607919231766118 -2.2982559512017362 -0.078801018575131832 0.096335049228900974 1.5160616362850534 -2.5990249585370293 0.024509908678783179 -0.73304609468970061 3.1200675862395428 -1.835890445737971
leaf_weight=30.145640134811401 27.228320121765137 23.338560104370117 27.228320121765137 24.311000108718872 40.842480182647705 29.173200130462646 23.338560104370117 32.090520143508911 33.062960147857666 27.228320121765137 23.338560104370117
leaf_count=31 28 24 28 25 42 30 24 33 34 28 24
internal_value=-0.00185185 -0.0079661 -0.023494 -0.00188679 0.005 0.0194444 -0.0166667 -0.0108696 -0.0177966 0.0303571 -0.0346154
internal_weight=341.326 286.87 80.7125 206.157 116.693 70.0157 46.6771 89.4645 57.374 54.4566 50.5669
internal_count=351 295 83 212 120 72 48 92 59 56 52
is_linear=0
shrinkage=0.05


Tree=72
num_leaves=12
num_cat=0
split_feature=11 16 26 29 15 28 27 27 22 11 16
split_gain=20.4183 5.83549 11.013 5.70973 3.56083 3.52645 5.72853 2.61276 1.85562 1.32274 1.05406
threshold=3695.0000000000005 1265.0000000000002 1025.0000000000002 0.019032712606033005 41.250000000000007 3.5000000000000004 1005.0000000000001 155.00000000000003 0.03727877924953716 1065.0000000000002 4675.0000000000009
decision_type=2 2 2 2 2 2 2 2 2 2 2
left_child=1 3 5 4 -1 6 7 -3 -8 -5 -2
right_child=10 2 -4 9 -6 -7 8 -9 -10 -11 -12
leaf_value=2.1016376874734419 2.96406420692756 -0.074860967646372956 0.86870895192039377 -1.1393259458635157 -1.8800843741447579 1.0849571390807797 -0.01004523967935711 -1.270628677207742 0.80085380284724583 -1.3104182419098152 2.1415975788044763
leaf_weight=23.338560104370117 24.311000108718872 33.062960147857666 23.338560104370117 23.338560104370117 34.035400152206421 26.255880117416382 23.338560104370117 38.897600173950195 25.283440113067627 28.200760126113892 28.200760126113892
leaf_count=24 25 34 24 24 35 27 24 40 26 29 29
internal_value=0.00102639 -0.0043554 0.00142857 -0.0133929 -0.00254237 -0.00364238 -0.00725806 -0.0162162 0.006 -0.0254717 0.0296296
internal_weight=331.602 279.09 170.177 108.913 57.374 146.838 120.583 71.9606 48.622 51.5393 52.5118
internal_count=341 287 175 112 59 151 124 74 50 53 54
is_linear=0
shrinkage=0.05


Tree=73
num_leaves=10
num_cat=0
split_feature=11 11 20 15 15 18 26 15 30
split_gain=32.0135 7.91038 5.11811 4.47124 10.7253 7.48812 2.4347 1.97829 1.19228
threshold=2525.0000000000005 3695.0000000000005 0.39985085059664899 33.750000000000007 93.750000000000014 0.35408919123204841 130.00000000000003 378.75000000000006 0.22424336118477126
decision_type=2 2 2 2 2 2 2 2 2
left_child=3 2 -2 6 8 -6 -1 -3 -5
right_child=1 7 -4 4 5 -7 -8 -9 -10
leaf_value=0.76081111270489155 1.6710383063014662 2.8158609965811823 -0.016758276897508039 -2.1248497550484218 -1.2070972433473572 0.22412005026488943 -0.39397842102096092 2.3140137549465862 -1.3513179605786378
leaf_weight=26.255880117416382 36.952720165252686 24.311000108718872 36.952720165252686 31.118080139160156 35.980280160903931 41.81492018699646 43.75980019569397 32.090520143508911 26.255880117416382
leaf_count=27 38 25 38 32 37 43 45 33 27
internal_value=-0.000724638 0.0186567 0.00789474 -0.0130332 -0.0183453 -0.00625 -0.00277778 0.0327586 -0.0347458
internal_weight=335.492 130.307 73.9054 205.185 135.169 77.7952 70.0157 56.4015 57.374
internal_count=345 134 76 211 139 80 72 58 59
is_linear=0
shrinkage=0.05


Tree=74
num_leaves=12
num_cat=0
split_feature=11 14 18 22 22 26 30 25 15 30 18
split_gain=21.0302 8.99277 6.93969 9.61195 8.23431 6.56397 5.06479 2.95808 6.98584 2.91732 0.804942
threshold=3920.0000000000005 1152.5000000000002 0.43003210673940945 0.010574353013517652 0.033145205455080907 415.00000000000006 0.21411274921701925 1005.0000000000001 191.25000000000003 0.25231871001483713 0.30009967356906136
decision_type=2 2 2 2 2 2 2 2 2 2 2
left_child=1 6 4 5 -3 -4 -1 8 -6 -8 -2
right_child=10 2 3 -5 7 -7 9 -9 -10 -11 -12
leaf_value=-1.382897139382874 3.912139114802176 -0.59961881166050268 1.8056092370849683 1.2751662982216887 0.094090717493372722 -1.784211689117285 -4.1344390461643803 0.30013369098282966 -2.3197706992246823 -0.69792270283683144 1.5915596160678889
leaf_weight=31.118080139160156 24.311000108718872 34.035400152206421 23.338560104370117 34.035400152206421 25.283440113067627 23.338560104370117 23.338560104370117 44.732240200042725 24.311000108718872 23.338560104370117 23.338560104370117
leaf_count=32 25 35 24 35 26 24 24 46 25 24 24
internal_value=0.000872093 -0.00423729 0.00116279 0.0126506 -0.00606061 -0.00208333 -0.01875 0.00154639 -0.00686275 -0.0291667 0.0316327
internal_weight=334.519 286.87 209.075 80.7125 128.362 46.6771 77.7952 94.3267 49.5944 46.6771 47.6496
internal_count=344 295 215 83 132 48 80 97 51 48 49
is_linear=0
shrinkage=0.05


Tree=75
num_leaves=12
num_cat=0
split_feature=11 14 26 30 24 19 14 11 27 23 27
split_gain=15.9052 6.72965 9.78549 5.90001 3.14261 5.5335 3.44945 2.82416 2.85249 0.917695 0.700157
threshold=3695.0000000000005 1291.2500000000002 965.00000000000011 0.15844574882532583 0.0101742451366511 0.57825976661593115 2627.5000000000005 1055.0000000000002 1190.0000000000002 0.3297263960529267 655.00000000000011
decision_type=2 2 2 2 2 2 2 2 2 2 2
left_child=1 3 4 -1 -3 6 -6 -5 -9 -2 -8
right_child=9 2 -4 7 5 -7 10 8 -10 -11 -12
leaf_value=0.80820013768394583 3.6858627853651798 1.9039938106714318 1.029965987201922 -0.98458799288647469 -1.0307538462187495 0.28512700643368588 -0.33088703011305826 -1.9249734461569574 -1.2995373512417019 1.1143412920659104 -0.8132623379491406
leaf_weight=23.338560104370117 26.255880117416382 23.338560104370117 27.228320121765137 40.842480182647705 25.283440113067627 40.842480182647705 24.311000108718872 32.090520143508911 26.255880117416382 24.311000108718872 24.311000108718872
leaf_count=24 27 24 28 42 26 42 25 33 27 25 25
internal_value=-0.000862069 -0.00540541 0.00117647 -0.0142857 -0.00422535 -0.00762712 -0.0157895 -0.0196078 -0.0266667 0.025 -0.008
internal_weight=338.409 287.842 165.315 122.527 138.086 114.748 73.9054 99.1889 58.3464 50.5669 48.622
internal_count=348 296 170 126 142 118 76 102 60 52 50
is_linear=0
shrinkage=0.05


Tree=76
num_leaves=12
num_cat=0
split_feature=11 16 29 30 15 15 15 14 27 30 14
split_gain=16.1217 7.20512 5.32685 8.11809 4.45596 8.85848 4.23624 3.46117 2.87508 2.51806 0.99315
threshold=3695.0000000000005 1265.0000000000002 0.022084057524349752 0.19489392071939241 93.750000000000014 33.750000000000007 101.25000000000001 1126.2500000000002 745.00000000000011 0.20786631002851833 2683.7500000000005
decision_type=2 2 2 2 2 2 2 2 2 2 2
left_child=1 4 3 8 5 -1 -5 -7 -3 -2 -4
right_child=9 2 10 6 -6 7 -8 -9 -10 -11 -12
leaf_value=0.18517725083428332 2.3242252430620738 -0.36120959138161202 -0.024455343766726402 1.3678766436292336 0.15300049213437888 -1.0774584290814688 0.48652370459903982 -2.6550333577432639 0.24498357895754452 3.2770499100024608 -0.49940436044475978
leaf_weight=38.897600173950195 32.090520143508911 33.062960147857666 25.283440113067627 27.228320121765137 24.311000108718872 29.173200130462646 38.897600173950195 23.338560104370117 25.283440113067627 24.311000108718872 24.311000108718872
leaf_count=40 33 34 26 28 25 30 40 24 26 25 25
internal_value=0.00140449 -0.0033557 0.00307263 0.00859375 -0.0130252 -0.0180851 0.0205882 -0.0314815 -0.005 0.0258621 -0.0107843
internal_weight=346.189 289.787 174.067 124.472 115.72 91.4094 66.1259 52.5118 58.3464 56.4015 49.5944
internal_count=356 298 179 128 119 94 68 54 60 58 51
is_linear=0
shrinkage=0.05


Tree=77
num_leaves=11
num_cat=0
split_feature=16 16 15 14 24 26 23 19 29 16
split_gain=13.5855 5.97505 5.93161 7.34313 6.80369 3.16433 2.79805 4.68214 1.78069 1.78029
threshold=4645.0000000000009 1165.0000000000002 161.25000000000003 3146.2500000000005 0.14652845265090161 985.00000000000011 0.35408919123204841 0.53528499718975919 0.018130796180023102 1135.0000000000002
decision_type=2 2 2 2 2 2 2 2 2 2
left_child=1 5 3 4 8 -1 7 -4 -3 -7
right_child=-2 2 6 -5 -6 9 -8 -9 -10 -11
leaf_value=-0.88148567178808435 1.8587877270218542 -0.97943027701462604 -0.94304189981462516 2.3938881871062221 0.4243653518175961 -1.3412456715945043 0.045803990861077185 -0.020213179901224978 -0.21110603459469532 -1.5183511497129984
leaf_weight=26.255880117416382 44.732240200042725 23.338560104370117 31.118080139160156 23.338560104370117 45.704680204391479 23.338560104370117 26.255880117416382 40.842480182647705 26.255880117416382 24.311000108718872
leaf_count=27 46 24 32 24 47 24 27 42 27 25
internal_value=0.000434783 -0.00351171 0.000672646 0.00819672 0.00204082 -0.0157895 -0.00841584 -0.0135135 -0.0107843 -0.0234694
internal_weight=335.492 290.76 216.854 118.638 95.2991 73.9054 98.2164 71.9606 49.5944 47.6496
internal_count=345 299 223 122 98 76 101 74 51 49
is_linear=0
shrinkage=0.05


Tree=78
num_leaves=10
num_cat=0
split_feature=11 14 27 15 27 20 18 24 24
split_gain=16.9851 4.64498 4.69977 3.83476 3.36346 2.51313 2.25102 1.32838 0.965458
threshold=3695.0000000000005 1152.5000000000002 1025.0000000000002 33.750000000000007 525.00000000000011 0.38182517049912484 0.30009967356906136 0.40323444192491814 0.019223985890652506
decision_type=2 2 2 2 2 2 2 2 2
left_child=1 3 4 -1 7 -4 -2 -3 -5
right_child=6 2 5 8 -6 -7 -8 -9 -10
leaf_value=-0.18533127148220957 3.3230883712895776 0.46093997285477145 0.27395319733774387 -2.4064055174299028 -0.55592743648846865 -0.019202520906173959 1.1994726888100105 -0.72193548495843063 -1.83592786197014
leaf_weight=36.952720165252686 23.338560104370117 40.842480182647705 45.704680204391479 23.338560104370117 40.842480182647705 39.87004017829895 29.173200130462646 24.311000108718872 25.283440113067627
leaf_count=38 24 42 47 24 42 41 30 25 26
internal_value=-0.000147493 -0.00508772 -0.000761421 -0.0147727 -0.00779817 0.00795455 0.0259259 -0.000746269 -0.024
internal_weight=329.657 277.145 191.571 85.5747 105.996 85.5747 52.5118 65.1535 48.622
internal_count=339 285 197 88 109 88 54 67 50
is_linear=0
shrinkage=0.05


Tree=79
num_leaves=11
num_cat=0
split_feature=11 26 18 18 24 26 29 22 19 6
split_gain=11.7975 4.69855 4.77641 10.4234 9.86809 9.4268 2.77831 3.42313 2.76605 2.10253
threshold=3675.0000000000005 2525.0000000000005 0.42578384737353592 0.21167620487348379 0.16523053665910808 85.000000000000014 0.018130796180023102 0.0052464271078304014 0.45225623582766444 1.0000000180025095e-35
decision_type=2 2 2 2 2 2 2 2 2 2
left_child=1 2 3 -1 5 -4 -7 -8 -2 -5
right_child=8 -3 4 9 -6 6 7 -9 -10 -11
leaf_value=0.30090045411982375 1.1394990543695258 -1.3506371991288462 2.9830567914297035 -0.24814369710800294 1.2436099755349461 -1.8194289957209777 0.25224723544640709 -0.60173780468076077 2.1944131012121715 -0.75680772078203518
leaf_weight=44.732240200042725 35.007840156555176 32.090520143508911 30.145640134811401 28.200760126113892 26.255880117416382 24.311000108718872 25.283440113067627 27.228320121765137 23.338560104370117 38.897600173950195
leaf_count=46 36 33 31 29 27 25 26 28 24 40
internal_value=-0.000434783 -0.00473684 -0.00238095 -0.01 0.0040146 -0.00272727 -0.0120253 -0.00555556 0.02 -0.0224638
internal_weight=335.492 277.145 245.055 111.831 133.224 106.968 76.8228 52.5118 58.3464 67.0984
internal_count=345 285 252 115 137 110 79 54 60 69
is_linear=0
shrinkage=0.05


Tree=80
num_leaves=11
num_cat=0
split_feature=25 28 19 18 24 26 18 26 20 15
split_gain=12.8866 8.06252 6.36512 5.99962 13.5638 10.4028 6.28061 4.61935 2.20168 0.950276
threshold=2290.0000000000005 3.5000000000000004 0.56376059195608075 0.33418194302548049 0.17168772270813087 130.00000000000003 0.43840796391816805 1525.0000000000002 0.48146239122429596 41.250000000000007
decision_type=2 2 2 2 2 2 2 2 2 2
left_child=1 2 3 8 5 -5 -6 9 -1 -7
right_child=-2 -3 -4 4 6 7 -8 -9 -10 -11
leaf_value=-2.7330095443191569 1.9981260073989233 1.2575376831228937 0.42419883576865236 0.73252499179948249 0.0065876829798185103 -2.2580039191821131 1.8232342822350915 -0.54321472773362989 -0.17879400693818753 -1.7108097180672872
leaf_weight=24.311000108718872 37.92516016960144 40.842480182647705 27.228320121765137 39.87004017829895 26.255880117416382 27.228320121765137 23.338560104370117 29.173200130462646 23.338560104370117 25.283440113067627
leaf_count=25 39 42 28 41 27 28 24 30 24 26
internal_value=0.00209581 -0.00152542 -0.00494071 -0.00777778 -0.00340909 -0.0124 0.0186275 -0.022619 -0.0234694 -0.0314815
internal_weight=324.795 286.87 246.027 218.799 171.149 121.555 49.5944 81.685 47.6496 52.5118
internal_count=334 295 253 225 176 125 51 84 49 54
is_linear=0
shrinkage=0.05


Tree=81
num_leaves=10
num_cat=0
split_feature=11 14 14 14 11 14 22 18 18
split_gain=15.4815 3.73632 3.87387 4.23225 5.30527 3.45508 3.03459 2.4032 1.65332
threshold=3720.0000000000005 1152.5000000000002 3763.7500000000005 2575.0000000000005 1095.0000000000002 3355.0000000000005 0.0036613654657826002 0.21040054859296839 0.41207482993197281
decision_type=2 2 2 2 2 2 2 2 2
left_child=1 6 3 4 -3 -5 -1 -6 -9
right_child=-2 2 -4 5 7 -7 -8 8 -10
leaf_value=-0.075776873721315502 2.3012012107418287 0.27233333817725908 -0.29631133794225661 1.6187746484077026 0.013274484050543834 -0.28404549820866126 -1.7913344300910694 -0.85255995322492029 -0.14071266091511916
leaf_weight=35.007840156555176 45.704680204391479 23.338560104370117 30.145640134811401 44.732240200042725 28.200760126113892 23.338560104370117 45.704680204391479 24.311000108718872 33.062960147857666
leaf_count=36 47 24 31 46 29 24 47 25 34
internal_value=-0.000437318 -0.00472973 -0.00117371 0.00164835 -0.00446429 0.0114286 -0.0138554 -0.0102273 -0.0161017
internal_weight=333.547 287.842 207.13 176.984 108.913 68.0708 80.7125 85.5747 57.374
internal_count=343 296 213 182 112 70 83 88 59
is_linear=0
shrinkage=0.05


Tree=82
num_leaves=11
num_cat=0
split_feature=25 28 24 18 22 22 30 27 14 30
split_gain=16.0397 9.37504 5.14902 17.2237 8.25214 3.62719 3.59832 2.77106 2.43131 1.5432
threshold=2545.0000000000005 3.5000000000000004 0.16523053665910808 0.43840796391816805 0.033145205455080907 0.04494343915884691 0.15539210388166627 1035.0000000000002 1133.7500000000002 0.23453342965851146
decision_type=2 2 2 2 2 2 2 2 2 2
left_child=1 2 6 4 -4 -6 -1 -8 -9 -7
right_child=-2 -3 3 -5 5 9 7 8 -10 -11
leaf_value=0.25914951809634207 2.6233666389652628 0.97475488375746411 -1.6847216639157752 1.6319064546017217 0.22054599030464034 0.023338864461697997 -3.7303290317172015 -0.13147320406342261 -1.716854147409822 -0.56390933434008728
leaf_weight=26.255880117416382 28.200760126113892 40.842480182647705 33.062960147857666 24.311000108718872 37.92516016960144 23.338560104370117 37.92516016960144 28.200760126113892 25.283440113067627 24.311000108718872
leaf_count=27 29 42 34 25 39 24 39 29 26 25
internal_value=0.000147493 -0.00322581 -0.00671642 -0.000340136 -0.00819672 0 -0.0144628 -0.0191489 -0.0118182 -0.00918367
internal_weight=329.657 301.456 260.614 142.949 118.638 85.5747 117.665 91.4094 53.4842 47.6496
internal_count=339 310 268 147 122 88 121 94 55 49
is_linear=0
shrinkage=0.05


Tree=83
num_leaves=11
num_cat=0
split_feature=11 16 15 16 27 24 29 30 25 24
split_gain=14.81 4.24268 9.24936 3.93569 3.14828 7.14696 2.77554 7.03085 2.63605 2.39058
threshold=3695.0000000000005 1165.0000000000002 33.750000000000007 4115.0000000000009 295.00000000000006 0.074428382464096707 0.020893244827974101 0.18804323262801417 2495.0000000000005 0.20672713529856382
decision_type=2 2 2 2 2 2 2 2 2 2
left_child=1 2 -1 4 9 -6 7 -7 -2 -3
right_child=8 3 -4 -5 5 6 -8 -9 -10 -11
leaf_value=0.18684156050295542 1.343937894943565 0.070824414146579792 -1.4530946638591786 -0.41212662827178975 -1.5661260817079894 0.097530015072368317 0.022171921238623327 0.94785397657599335 2.4921983070169973 -2.7394020758994091
leaf_weight=36.952720165252686 33.062960147857666 27.228320121765137 41.81492018699646 31.118080139160156 25.283440113067627 29.173200130462646 33.062960147857666 31.118080139160156 27.228320121765137 24.311000108718872
leaf_count=38 34 28 43 32 26 30 34 32 28 25
internal_value=0.00171429 -0.003125 -0.012963 0.000724638 0.00371429 0.00819672 0.0145833 0.0209677 0.0241935 -0.00660377
internal_weight=340.354 280.063 78.7676 201.295 170.177 118.638 93.3542 60.2913 60.2913 51.5393
internal_count=350 288 81 207 175 122 96 62 62 53
is_linear=0
shrinkage=0.05


Tree=84
num_leaves=11
num_cat=0
split_feature=16 22 14 15 24 11 27 22 15 15
split_gain=9.09357 7.46172 4.86527 2.47761 7.19741 6.34336 4.35097 4.42365 4.05059 3.89513
threshold=4645.0000000000009 0.0012396728100419502 1118.7500000000002 153.75000000000003 0.14652845265090161 2195.0000000000005 1005.0000000000001 0.03727877924953716 33.750000000000007 71.250000000000014
decision_type=2 2 2 2 2 2 2 2 2 2
left_child=1 -1 -3 4 8 -6 -5 -8 -4 -10
right_child=-2 2 3 6 5 -7 7 -9 9 -11
leaf_value=1.7586401374280058 1.4333394894621507 -1.5278308475270252 0.122467010990988 -1.3631736686320666 0.00047486427083640595 1.502918433042828 -0.26445658259654009 0.24281287099954627 -1.0828625780641914 -0.076565617012454373
leaf_weight=30.145640134811401 36.952720165252686 30.145640134811401 25.283440113067627 40.842480182647705 37.92516016960144 24.311000108718872 23.338560104370117 33.062960147857666 28.200760126113892 24.311000108718872
leaf_count=31 38 31 26 42 39 25 24 34 29 25
internal_value=0.000290698 -0.00261438 -0.00527273 -0.00286885 0.00138889 0.0140625 -0.009 0 -0.00875 -0.0166667
internal_weight=334.519 297.567 267.421 237.275 140.031 62.2362 97.244 56.4015 77.7952 52.5118
internal_count=344 306 275 244 144 64 100 58 80 54
is_linear=0
shrinkage=0.05


Tree=85
num_leaves=11
num_cat=0
split_feature=16 16 18 16 18 18 24 26 29 14
split_gain=13.5361 5.15663 9.66653 4.41595 3.4708 3.83391 2.47079 2.37861 2.36903 2.23595
threshold=4645.0000000000009 1265.0000000000002 0.43840796391816805 4115.0000000000009 0.21040054859296839 0.29680781873472906 0.032029478458049855 1005.0000000000001 0.016345211916125403 1138.7500000000002
decision_type=2 2 2 2 2 2 2 2 2 2
left_child=1 6 3 4 -3 -6 7 -1 -4 -8
right_child=-2 2 8 -5 5 -7 9 -9 -10 -11
leaf_value=1.5265886171388503 1.8586959284325077 0.51935347450942115 0.6806933565662121 -0.49891787110934732 -0.82811604309035836 0.034085130460834993 -1.4514393051506773 -0.88879141780220161 1.4277725113906854 -0.072737336161833352
leaf_weight=23.338560104370117 40.842480182647705 40.842480182647705 25.283440113067627 37.92516016960144 24.311000108718872 26.255880117416382 24.311000108718872 35.980280160903931 35.007840156555176 23.338560104370117
leaf_count=24 42 42 26 39 25 27 25 37 36 24
internal_value=0.00158501 -0.00213115 0.00282051 -0.00488722 0.00106383 -0.00769231 -0.0109091 -0.00409836 0.0193548 -0.0193878
internal_weight=337.437 296.594 189.626 129.335 91.4094 50.5669 106.968 59.3188 60.2913 47.6496
internal_count=347 305 195 133 94 52 110 61 62 49
is_linear=0
shrinkage=0.05


Tree=86
num_leaves=11
num_cat=0
split_feature=16 22 24 18 26 14 24 25 24 14
split_gain=7.63302 3.3995 3.57449 8.87684 3.90583 3.89713 3.11274 2.5718 2.55012 1.89722
threshold=4645.0000000000009 0.00083032955478195018 0.14652845265090161 0.41207482993197281 85.000000000000014 1183.7500000000002 0.54416285032531542 1035.0000000000002 0.42263555907800016 1118.7500000000002
decision_type=2 2 2 2 2 2 2 2 2 2
left_child=1 -1 4 6 -3 9 8 -8 -4 -6
right_child=-2 2 3 -5 5 -7 7 -9 -10 -11
leaf_value=0.9186193350191616 1.36277962829804 0.26371569559187263 -0.11462261271792613 0.5683808770443648 -1.273865935629624 -1.5044372842132021 -0.61281774445665183 1.3118826910485268 -0.68327658157520554 -0.069100469353736579
leaf_weight=25.283440113067627 42.787360191345215 32.090520143508911 33.062960147857666 35.980280160903931 28.200760126113892 23.338560104370117 23.338560104370117 27.228320121765137 32.090520143508911 34.035400152206421
leaf_count=26 44 33 34 37 29 24 24 28 33 35
internal_value=0.000720461 -0.00214521 -0.00379061 0.00128205 -0.0103306 -0.0159091 -0.00546218 0.00384615 -0.0126866 -0.009375
internal_weight=337.437 294.649 269.366 151.701 117.665 85.5747 115.72 50.5669 65.1535 62.2362
internal_count=347 303 277 156 121 88 119 52 67 64
is_linear=0
shrinkage=0.05


Tree=87
num_leaves=11
num_cat=0
split_feature=11 15 30 26 18 16 30 27 20 11
split_gain=12.6601 5.60054 4.0957 4.62914 12.2557 3.50616 3.26912 1.96194 1.46471 0.72933
threshold=3270.0000000000005 33.750000000000007 0.17833928115472927 595.00000000000011 0.71122448979591846 2635.0000000000005 0.17687439450100823 165.00000000000014 0.43591935640469343 2525.0000000000005
decision_type=2 2 2 2 2 2 2 2 2 2
left_child=1 7 -3 5 -5 -4 -2 -1 -8 -7
right_child=6 2 3 4 -6 9 8 -9 -10 -11
leaf_value=0.53291744434123989 0.014872216234584812 0.26313180000528291 -0.59248935018459858 0.51005514691504461 -1.429215420002538 -0.6405249155128786 1.2946406468831357 0.0086472764105792518 1.4522152856911363 -0.53725035372417551
leaf_weight=29.173200130462646 24.311000108718872 35.007840156555176 24.311000108718872 35.007840156555176 37.92516016960144 23.338560104370117 28.200760126113892 44.732240200042725 31.118080139160156 23.338560104370117
leaf_count=30 25 36 25 36 39 24 29 46 32 24
internal_value=0.000578035 -0.005 -0.00978261 -0.0135135 -0.00466667 -0.0226027 0.0174419 0.00657895 0.0237705 -0.0145833
internal_weight=336.464 252.834 178.929 143.921 72.933 70.9881 83.6298 73.9054 59.3188 46.6771
internal_count=346 260 184 148 75 73 86 76 61 48
is_linear=0
shrinkage=0.05


Tree=88
num_leaves=11
num_cat=0
split_feature=16 15 15 18 30 27 30 30 29 18
split_gain=10.6623 4.71894 4.30372 6.33913 5.72813 4.04537 3.15724 3.12284 6.93819 1.7365
threshold=4645.0000000000009 33.750000000000007 71.250000000000014 0.60887503149407929 0.22826267681060722 655.00000000000011 0.19378030139270608 0.22300960541281947 0.014315771398646751 0.24912187097061048
decision_type=2 2 2 2 2 2 2 2 2 2
left_child=1 7 4 5 -3 -4 -7 8 -1 -8
right_child=-2 2 3 -5 -6 6 9 -9 -10 -11
leaf_value=-0.54192428418750749 1.2299086145389992 -1.8173777068053938 -1.2634792540168975 0.60508305488540381 0.01205995165554441 -0.21958175006836883 -0.017827291571666137 -0.5175715015858714 2.446230658397258 0.48455238956929636
leaf_weight=23.338560104370117 43.75980019569397 33.062960147857666 35.007840156555176 30.145640134811401 23.338560104370117 35.007840156555176 27.228320121765137 39.87004017829895 24.311000108718872 27.228320121765137
leaf_count=24 45 34 36 31 24 36 28 41 25 28
internal_value=0.000284091 -0.00309446 -0.00714286 -0.00283019 -0.0189655 -0.0078125 -0.00217391 0.00666667 0.0153061 0.00535714
internal_weight=342.299 298.539 211.019 154.618 56.4015 124.472 89.4645 87.5196 47.6496 54.4566
internal_count=352 307 217 159 58 128 92 90 49 56
is_linear=0
shrinkage=0.05


Tree=89
num_leaves=11
num_cat=0
split_feature=11 15 25 15 24 19 18 22 26 22
split_gain=8.1094 4.28429 5.30354 6.2055 4.95586 3.80667 2.08957 5.33521 4.5861 3.39107
threshold=1615.0000000000002 570.00000000000011 2495.0000000000005 153.75000000000003 0.14652845265090161 0.5622864701436131 0.58940926798069671 0.0071485134479409513 1005.0000000000001 0.029150141292213654
decision_type=2 2 2 2 2 2 2 2 2 2
left_child=6 2 3 4 -2 -5 9 8 -8 -1
right_child=1 -3 -4 5 -6 -7 7 -9 -10 -11
leaf_value=-2.5560860796653291 0.18975736031904944 -0.28513845167763069 2.2096217421371875 -0.55121398921542097 0.6496305075032297 0.33928914023974815 0.66000802000709202 0.95941118051999874 -1.1847264275893736 -0.074730596590688952
leaf_weight=24.311000108718872 36.952720165252686 33.062960147857666 26.255880117416382 28.200760126113892 39.87004017829895 23.338560104370117 24.311000108718872 23.338560104370117 40.842480182647705 25.283440113067627
leaf_count=25 38 34 27 29 41 24 25 24 42 26
internal_value=0.000746269 0.00751295 0.0110063 0.00681818 0.0158228 -0.00660377 -0.0084507 -0.00384615 -0.011194 -0.0166667
internal_weight=325.767 187.681 154.618 128.362 76.8228 51.5393 138.086 88.492 65.1535 49.5944
internal_count=335 193 159 132 79 53 142 91 67 51
is_linear=0
shrinkage=0.05


Tree=90
num_leaves=10
num_cat=0
split_feature=25 28 19 22 18 29 27 29 24
split_gain=13.1216 8.88398 6.77791 3.35861 8.11217 5.89358 3.33638 2.57144 2.51844
threshold=2290.0000000000005 3.5000000000000004 0.59225533132238684 0.0047351711226122509 0.49056485842200132 0.019032712606033005 655.00000000000011 0.016345211916125403 0.40019692087361264
decision_type=2 2 2 2 2 2 2 2 2
left_child=1 2 3 7 6 -6 -5 -1 -8
right_child=-2 -3 -4 4 5 -7 8 -9 -10
leaf_value=-3.4937316847551529 1.7933626294908209 0.55783811536712169 0.84887111492473655 -2.9863943856194854 0.91144062149400051 -0.46692841978642718 -0.61012239989327099 -0.73127312151627855 0.142551535226346
leaf_weight=24.311000108718872 36.952720165252686 44.732240200042725 23.338560104370117 44.732240200042725 29.173200130462646 24.311000108718872 28.200760126113892 42.787360191345215 32.090520143508911
leaf_count=25 38 46 24 46 30 25 29 44 33
internal_value=-0.00176471 -0.00529801 -0.00898438 -0.0116379 -0.00766871 0.00818182 -0.0157407 -0.0210145 -0.00806452
internal_weight=330.63 293.677 248.945 225.606 158.508 53.4842 105.024 67.0984 60.2913
internal_count=340 302 256 232 163 55 108 69 62
is_linear=0
shrinkage=0.05


Tree=91
num_leaves=12
num_cat=0
split_feature=11 15 18 30 15 27 15 22 20 15 14
split_gain=9.39863 4.98687 3.69748 2.88214 4.33597 5.59083 4.82283 2.80512 2.47288 5.03792 2.3328
threshold=2525.0000000000005 570.00000000000011 0.97074829931972795 0.17833928115472927 33.750000000000007 655.00000000000011 71.250000000000014 0.032161157450829758 0.39985085059664899 371.25000000000006 1250.0000000000002
decision_type=2 2 2 2 2 2 2 2 2 2 2
left_child=2 8 3 10 -5 -6 -7 -8 -2 -10 -1
right_child=1 -3 -4 4 5 6 7 -9 9 -11 -12
leaf_value=-0.56703186772000436 1.2762590597641976 -0.29522749792542985 0.80169420324449447 0.27606135315594432 -8.6064196601252885 -1.1494596572847855 0.47183561257157863 -0.081472744072743811 -0.043983449269649103 2.0152984743466962 0.13469746122839296
leaf_weight=25.283440113067627 44.732240200042725 23.338560104370117 28.200760126113892 34.035400152206421 27.228320121765137 25.283440113067627 23.338560104370117 25.283440113067627 31.118080139160156 25.283440113067627 24.311000108718872
leaf_count=26 46 24 29 35 28 26 24 26 32 26 25
internal_value=0.00158501 0.0125 -0.00479452 -0.00736842 -0.0111511 -0.0163462 -0.00921053 0 0.0173077 0.0103448 0.00294118
internal_weight=337.437 124.472 212.964 184.764 135.169 101.134 73.9054 48.622 101.134 56.4015 49.5944
internal_count=347 128 219 190 139 104 76 50 104 58 51
is_linear=0
shrinkage=0.05


Tree=92
num_leaves=12
num_cat=0
split_feature=11 14 14 17 24 24 18 17 22 16 29
split_gain=10.064 4.95399 6.76487 4.78647 3.23652 13.4157 6.56397 3.46506 2.69915 5.43152 0.72933
threshold=3230.0000000000005 1152.5000000000002 3355.0000000000005 11.250000000000002 0.32007502135053151 0.074428382464096707 0.88516815176774943 53.750000000000007 0.016878517677299653 4645.0000000000009 0.018947301119663803
decision_type=2 2 2 2 2 2 2 2 2 2 2
left_child=1 3 4 -1 5 6 -3 -6 -2 -10 -5
right_child=8 2 -4 10 7 -7 -8 -9 9 -11 -12
leaf_value=0.015113341758660682 0.983354738371645 -3.1970273723101856 -0.54111479605596746 -1.8570220103788415 0.39454223038701458 0.50776399806516115 0.43611517124302285 -0.47141878895781703 0.25787504663255734 2.6254885572875084 -0.87181295185538377
leaf_weight=35.980280160903931 23.338560104370117 23.338560104370117 24.311000108718872 23.338560104370117 38.897600173950195 26.255880117416382 23.338560104370117 39.87004017829895 29.173200130462646 24.311000108718872 23.338560104370117
leaf_count=37 24 24 25 24 40 27 24 41 30 25 24
internal_value=0.00246377 -0.00225564 0.00248619 -0.0123529 0.00641026 0.014 -0.00208333 -0.000617284 0.0183544 0.0245455 -0.0229167
internal_weight=335.492 258.669 176.012 82.6574 151.701 72.933 46.6771 78.7676 76.8228 53.4842 46.6771
internal_count=345 266 181 85 156 75 48 81 79 55 48
is_linear=0
shrinkage=0.05


Tree=93
num_leaves=11
num_cat=0
split_feature=28 16 15 27 30 27 30 30 16 11
split_gain=7.89677 5.13403 4.85445 6.95042 5.58862 4.10586 3.12883 3.41884 3.36508 1.95614
threshold=3.5000000000000004 1335.0000000000002 153.75000000000003 1005.0000000000001 0.17833928115472927 2150.0000000000005 0.24881711814353533 0.22138660717042893 1155.0000000000002 2385.0000000000005
decision_type=2 2 2 2 2 2 2 2 2 2
left_child=1 6 3 -3 -4 9 7 8 -1 -6
right_child=-2 2 4 -5 5 -7 -8 -9 -10 -11
leaf_value=2.3917089906326967 1.5117276643606374 0.068729402373605808 0.31499126099397473 1.1035689910254405 -0.45633367227992494 0.24498129430091922 0.014696764578309285 -2.2721346136248033 -0.64605682005843623 -0.81499376972465143
leaf_weight=26.255880117416382 44.732240200042725 35.980280160903931 37.92516016960144 26.255880117416382 30.145640134811401 23.338560104370117 26.255880117416382 24.311000108718872 31.118080139160156 25.283440113067627
leaf_count=27 46 37 39 27 31 24 27 25 32 26
internal_value=0.00219941 -0.000847458 0.00434783 0.015625 -0.00166667 -0.00925926 -0.00945946 -0.0142857 -0.00762712 -0.0166667
internal_weight=331.602 286.87 178.929 62.2362 116.693 78.7676 107.941 81.685 57.374 55.4291
internal_count=341 295 184 64 120 81 111 84 59 57
is_linear=0
shrinkage=0.05


Tree=94
num_leaves=11
num_cat=0
split_feature=28 22 26 18 25 14 18 16 14 26
split_gain=9.34437 8.26432 9.49619 7.89653 10.7352 8.24156 7.07489 4.16469 2.655 2.00796
threshold=3.5000000000000004 0.0076578949043810008 165.00000000000014 0.41207482993197281 2290.0000000000005 3355.0000000000005 0.18607442977190877 1155.0000000000002 1585.0000000000002 1015.0000000000001
decision_type=2 2 2 2 2 2 2 2 2 2
left_child=1 2 -1 4 5 6 -3 -4 -8 -5
right_child=-2 3 7 9 -6 -7 8 -9 -10 -11
leaf_value=0.30516935403511525 1.0160075170206937 0.73559563531152894 -0.60201249752174135 2.2721235411010641 1.8893907335826725 -0.77424408123843025 -1.1187210234332383 -2.2269972675406051 0.065292932254919833 0.40280436716282114
leaf_weight=32.090520143508911 42.787360191345215 25.283440113067627 37.92516016960144 25.283440113067627 29.173200130462646 32.090520143508911 26.255880117416382 29.173200130462646 28.200760126113892 30.145640134811401
leaf_count=33 44 26 39 26 30 33 27 30 29 31
internal_value=0.00316092 0 -0.0117647 0.00594059 -0.000344828 -0.0073913 0.00121951 -0.0224638 -0.00892857 0.0219298
internal_weight=338.409 295.622 99.1889 196.433 141.004 111.831 79.7401 67.0984 54.4566 55.4291
internal_count=348 304 102 202 145 115 82 69 56 57
is_linear=0
shrinkage=0.05


Tree=95
num_leaves=11
num_cat=0
split_feature=28 22 26 27 6 14 26 27 26 18
split_gain=13.0296 7.96658 7.53267 5.10584 6.6096 6.52972 4.7738 3.90168 3.37576 1.43101
threshold=3.5000000000000004 0.0076578949043810008 165.00000000000014 1015.0000000000001 1.0000000180025095e-35 4096.2500000000009 1085.0000000000002 1085.0000000000002 1525.0000000000002 0.63817082388510971
decision_type=2 2 2 2 2 2 2 2 2 2
left_child=1 2 -1 4 -3 7 -4 -5 -9 -2
right_child=9 3 6 5 -6 -7 -8 8 -10 -11
leaf_value=0.23443159595015006 1.3053659388626102 0.14329228101823901 -2.4382119803477282 1.3604803869151056 -2.408424897766281 1.7736786667608158 -0.59661868031180354 -0.38378838701862605 0.088764475379286986 0.96520714116966255
leaf_weight=27.228320121765137 23.338560104370117 35.007840156555176 32.090520143508911 23.338560104370117 37.92516016960144 26.255880117416382 32.090520143508911 38.897600173950195 29.173200130462646 24.311000108718872
leaf_count=28 24 36 33 24 39 27 33 40 30 25
internal_value=0.00132743 -0.00275862 -0.0148936 0.00306122 -0.00733333 0.00950413 -0.0242424 0.00319149 -0.00285714 0.0255102
internal_weight=329.657 282.008 91.4094 190.598 72.933 117.665 64.181 91.4094 68.0708 47.6496
internal_count=339 290 94 196 75 121 66 94 70 49
is_linear=0
shrinkage=0.05


Tree=96
num_leaves=11
num_cat=0
split_feature=6 25 30 17 18 29 15 29 27 11
split_gain=6.16231 4.32168 3.61771 5.22739 6.35613 5.41087 5.18891 3.554 3.40354 1.56949
threshold=1.5000000000000002 2495.0000000000005 0.12812833567550547 73.750000000000014 0.69912389198103486 0.020893244827974101 33.750000000000007 0.017330245091656305 1055.0000000000002 1075.0000000000002
decision_type=2 2 2 2 2 2 2 2 2 2
left_child=1 2 -1 4 5 7 -6 -4 -5 -8
right_child=-2 -3 3 8 6 -7 9 -9 -10 -11
leaf_value=0.61428832896343699 4.0434870949309021 1.2003335642155208 0.071316143744593316 -0.80599272341969486 0.16563406033528738 -0.052938942609659992 -0.39963715254185672 0.79696838145068805 -0.0014332306172491372 -1.7737888193573212
leaf_weight=31.118080139160156 34.035400152206421 34.035400152206421 30.145640134811401 27.228320121765137 39.87004017829895 25.283440113067627 23.338560104370117 28.200760126113892 27.228320121765137 28.200760126113892
leaf_count=32 35 35 31 28 41 26 24 29 28 29
internal_value=0.00414201 0.00181518 -0.000373134 -0.00254237 0.00166667 0.0116279 -0.00744681 0.02 -0.0160714 -0.0179245
internal_weight=328.685 294.649 260.614 229.496 175.039 83.6298 91.4094 58.3464 54.4566 51.5393
internal_count=338 303 268 236 180 86 94 60 56 53
is_linear=0
shrinkage=0.05


Tree=97
num_leaves=11
num_cat=0
split_feature=28 29 18 20 22 18 27 27 6 11
split_gain=7.53081 4.73642 5.62626 7.52276 5.17222 5.12344 3.11231 2.20597 6.7894 3.11418
threshold=3.5000000000000004 0.018834141677800904 0.22103318260377572 0.41836935412123383 0.0047351711226122509 0.68532261389404259 1065.0000000000002 2415.0000000000005 1.0000000180025095e-35 1615.0000000000002
decision_type=2 2 2 2 2 2 2 2 2 2
left_child=1 4 -3 5 -1 -4 -7 8 9 -6
right_child=-2 2 3 -5 7 6 -8 -9 -10 -11
leaf_value=-0.55794960847902075 1.0379232871729529 0.44288085060325105 0.53815851084425503 -1.2919608809878811 0.071152725216143159 -1.1073058145958043 -0.041682355670502602 1.1616176428094946 -0.20134462827031713 0.35292094651251776
leaf_weight=42.787360191345215 42.787360191345215 27.228320121765137 23.338560104370117 25.283440113067627 30.145640134811401 23.338560104370117 25.283440113067627 35.007840156555176 32.090520143508911 23.338560104370117
leaf_count=44 44 28 24 26 31 24 26 36 33 24
internal_value=0.000882353 -0.00202703 -0.009375 -0.015 0.00357143 -0.00675676 -0.016 0.00887097 0.00454545 0.0154545
internal_weight=330.63 287.842 124.472 97.244 163.37 71.9606 48.622 120.583 85.5747 53.4842
internal_count=340 296 128 100 168 74 50 124 88 55
is_linear=0
shrinkage=0.05


Tree=98
num_leaves=11
num_cat=0
split_feature=11 17 27 16 25 24 19 11 30 11
split_gain=6.09827 4.49058 5.0049 4.41496 4.37631 3.27559 2.9939 2.32117 2.23807 2.68618
threshold=1085.0000000000002 73.750000000000014 545.00000000000011 4695.0000000000009 1055.0000000000002 0.1013794406651549 0.45941413300013884 2105.0000000000005 0.24380327884838862 1055.0000000000002
decision_type=2 2 2 2 2 2 2 2 2 2
left_child=8 2 7 4 6 -4 -3 -2 9 -1
right_child=1 3 5 -5 -6 -7 -8 -9 -10 -11
leaf_value=-0.53005212805506974 0.11524623178404454 -0.044416249704750048 -0.79258611552780855 0.42073680807309305 0.35909760723113782 0.33527489918690212 -2.058416503200192 1.8303118737037267 0.041801165858532843 -0.6173976147968574
leaf_weight=34.035400152206421 35.007840156555176 23.338560104370117 36.952720165252686 30.145640134811401 38.897600173950195 36.952720165252686 27.228320121765137 24.311000108718872 24.311000108718872 23.338560104370117
leaf_count=35 36 24 38 31 40 38 28 25 25 24
internal_value=0.00116279 0.005 0.0113139 -0.00203252 -0.0076087 0.00263158 -0.0173077 0.0221311 -0.0107143 -0.0161017
internal_weight=334.519 252.834 133.224 119.61 89.4645 73.9054 50.5669 59.3188 81.685 57.374
internal_count=344 260 137 123 92 76 52 61 84 59
is_linear=0
shrinkage=0.05


Tree=99
num_leaves=11
num_cat=0
split_feature=14 25 27 24 15 27 14 29 27 20
split_gain=7.80752 5.33616 7.06985 4.37279 5.93461 5.48925 3.9708 3.81196 3.32197 2.72788
threshold=1100.0000000000002 2495.0000000000005 130.00000000000003 0.074428382464096707 161.25000000000003 655.00000000000011 1631.2500000000002 0.017635136160266001 1155.0000000000002 0.41080950537396527
decision_type=2 2 2 2 2 2 2 2 2 2
left_child=-1 2 6 7 9 -6 -2 -4 -7 -5
right_child=1 -3 3 4 5 8 -8 -9 -10 -11
leaf_value=-2.271307851910251 1.3869177900636487 1.0954540801009671 -1.4928910792560146 0.55087989107843216 -1.6616755879682843 0.19743744586469347 2.9314338192447851 -0.041688296179904688 -0.20382606381515417 0.02340021876930223
leaf_weight=24.311000108718872 23.338560104370117 32.090520143508911 29.173200130462646 40.842480182647705 27.228320121765137 23.338560104370117 23.338560104370117 43.75980019569397 26.255880117416382 23.338560104370117
leaf_count=25 24 33 30 42 28 24 24 45 27 24
internal_value=0.00122699 0.00348837 0.0011194 -0.00272727 0.00241379 -0.00696203 0.01875 -0.0126667 0.00294118 0.0136364
internal_weight=317.015 292.704 260.614 213.937 141.004 76.8228 46.6771 72.933 49.5944 64.181
internal_count=326 301 268 220 145 79 48 75 51 66
is_linear=0
shrinkage=0.05


Tree=100
num_leaves=12
num_cat=0
split_feature=11 18 18 15 26 30 18 11 18 11 11
split_gain=5.8102 3.60238 8.07281 3.82678 3.95376 7.1811 3.0214 2.89417 2.66222 4.97889 2.05174
threshold=3695.0000000000005 0.42578384737353592 0.21831695641219453 78.750000000000014 165.00000000000014 0.24380327884838862 0.1555524704212751 4195.0000000000009 0.26977700745567651 1615.0000000000002 1105.0000000000002
decision_type=2 2 2 2 2 2 2 2 2 2 2
left_child=1 2 6 4 -3 10 -1 -2 -4 -10 -6
right_child=7 3 8 -5 5 -7 -8 -9 9 -11 -12
leaf_value=-0.23018515626561112 2.1155662840657898 1.6625979703159375 -0.60280379167807041 0.647653365012684 -1.2583304568916107 0.37747945385320919 0.8354748412806885 0.078354545684987897 -0.59639960635024636 0.1875655735714645 -0.22195480534380752
leaf_weight=25.283440113067627 27.228320121765137 28.200760126113892 28.200760126113892 41.81492018699646 25.283440113067627 23.338560104370117 26.255880117416382 31.118080139160156 24.311000108718872 24.311000108718872 27.228320121765137
leaf_count=26 28 29 29 43 26 24 27 32 25 25 28
internal_value=0.00233918 -0.00070922 -0.00681818 0.00466667 -0.00046729 -0.00641026 0.00849057 0.0166667 -0.0170886 -0.01 -0.0166667
internal_weight=332.574 274.228 128.362 145.866 104.051 75.8503 51.5393 58.3464 76.8228 48.622 52.5118
internal_count=342 282 132 150 107 78 53 60 79 50 54
is_linear=0
shrinkage=0.05


Tree=101
num_leaves=12
num_cat=0
split_feature=30 15 18 27 24 11 30 15 15 27 25
split_gain=3.3797 4.19598 6.28402 6.05502 4.67446 4.05183 5.18635 3.84157 2.85954 1.36987 1.29659
threshold=0.17833928115472927 56.250000000000007 0.21831695641219453 995.00000000000011 0.40323444192491814 1135.0000000000002 0.24447547468898012 22.500000000000117 123.75000000000001 975.00000000000011 310.00000000000006
decision_type=2 2 2 2 2 2 2 2 2 2 2
left_child=7 5 -3 -4 8 6 -2 -1 -5 -9 -7
right_child=1 2 3 4 -6 10 -8 9 -10 -11 -12
leaf_value=-0.082869409048771561 -2.7553169712577756 0.53669765519066459 -4.3187961140944937 -0.067265805924000693 0.64944040319078344 0.85476447822561574 0.13440252746845546 1.6404058283855649 -0.63200996684913668 0.25858449142301654 1.3733121979318412
leaf_weight=23.338560104370117 23.338560104370117 44.732240200042725 32.090520143508911 27.228320121765137 27.228320121765137 23.338560104370117 23.338560104370117 23.338560104370117 25.283440113067627 43.75980019569397 23.338560104370117
leaf_count=24 24 46 33 28 28 24 24 24 26 45 24
internal_value=0.000857143 -0.00214008 -0.00714286 -0.0134783 -0.00609756 0.00625 -0.00416667 0.00913978 -0.0148148 0.0152174 0.0166667
internal_weight=340.354 249.917 156.563 111.831 79.7401 93.3542 46.6771 90.4369 52.5118 67.0984 46.6771
internal_count=350 257 161 115 82 96 48 93 54 69 48
is_linear=0
shrinkage=0.05


Tree=102
num_leaves=12
num_cat=0
split_feature=11 11 27 14 11 29 29 18 29 16 18
split_gain=7.83032 3.59789 3.57123 5.29648 4.11697 3.98512 4.86339 3.44167 3.33536 0.700157 0.324147
threshold=3645.0000000000005 4145.0000000000009 130.00000000000003 1106.2500000000002 1055.0000000000002 0.015781292975569104 0.022109357657575452 0.40314472042046795 0.019625800787450905 2600.0000000000005 0.29680781873472906
decision_type=2 2 2 2 2 2 2 2 2 2 2
left_child=2 -2 7 -4 -5 -6 8 -1 9 -7 -8
right_child=1 -3 3 4 5 6 10 -9 -10 -11 -12
leaf_value=-0.067946053283367294 1.5583855369663071 0.056798522277586021 -2.0142205179612573 0.44274219420531158 -0.77764169281988416 -0.30887723980330295 -0.78658261736300128 2.6330666198701693 0.40656636834993382 0.26358156599619637 -0.30394964483341486
leaf_weight=26.255880117416382 35.007840156555176 36.952720165252686 24.311000108718872 24.311000108718872 33.062960147857666 24.311000108718872 23.338560104370117 23.338560104370117 27.228320121765137 24.311000108718872 23.338560104370117
leaf_count=27 36 38 25 25 34 25 24 24 28 25 24
internal_value=-0.00104478 0.0135135 -0.00517241 -0.00809524 -0.00513514 -0.008125 -0.00396825 0.00686275 0.00384615 -0.004 -0.0166667
internal_weight=325.767 71.9606 253.807 204.212 179.901 155.59 122.527 49.5944 75.8503 48.622 46.6771
internal_count=335 74 261 210 185 160 126 51 78 50 48
is_linear=0
shrinkage=0.05


Tree=103
num_leaves=11
num_cat=0
split_feature=28 18 25 18 30 15 26 11 18 30
split_gain=8.34629 4.00792 2.28181 4.90634 4.32772 4.7849 3.46974 2.60868 2.23595 2.15372
threshold=3.5000000000000004 0.17565583180201119 2495.0000000000005 0.35408919123204841 0.24380327884838862 78.750000000000014 615.00000000000011 1105.0000000000002 0.58940926798069671 0.23046621684217028
decision_type=2 2 2 2 2 2 2 2 2 2
left_child=1 -1 3 9 5 6 -5 -7 -2 -3
right_child=8 2 -4 4 -6 7 -8 -9 -10 -11
leaf_value=0.61736448882456907 0.74791713620077194 -0.23342158239192942 0.80227201962079564 -0.093888056223272551 0.40391004299009414 -0.081854112008761609 -1.4699637881319179 0.2845373514928724 1.3198440702769176 -2.4853725945823957
leaf_weight=23.338560104370117 23.338560104370117 42.787360191345215 34.035400152206421 28.200760126113892 38.897600173950195 23.338560104370117 41.81492018699646 32.090520143508911 24.311000108718872 24.311000108718872
leaf_count=24 24 44 35 29 40 24 43 33 25 25
internal_value=0 -0.00319865 -0.00494505 -0.00672269 -0.00207101 -0.00658915 -0.0152778 0.00438596 0.0193878 -0.0181159
internal_weight=336.464 288.815 265.476 231.441 164.342 125.445 70.0157 55.4291 47.6496 67.0984
internal_count=346 297 273 238 169 129 72 57 49 69
is_linear=0
shrinkage=0.05


Tree=104
num_leaves=10
num_cat=0
split_feature=11 29 15 25 24 11 18 26 15
split_gain=4.687 5.70071 7.81866 4.28238 3.47795 3.05987 2.74363 6.63632 5.75062
threshold=1615.0000000000002 0.018334733168927555 86.250000000000014 2290.0000000000005 0.56726862753648477 3270.0000000000005 0.71122448979591846 360.00000000000006 33.750000000000007
decision_type=2 2 2 2 2 2 2 2 2
left_child=6 3 -3 5 -4 -2 7 -1 -8
right_child=1 2 4 -5 -6 -7 8 -9 -10
leaf_value=-2.7059483013384469 0.28820509880854389 1.6184200217935996 -1.0597611198336381 1.4101369728001147 0.017015130778008824 -0.15644725758143069 0.53481425123901549 0.20819792484360278 -0.86401074352812657
leaf_weight=23.338560104370117 45.704680204391479 36.952720165252686 34.035400152206421 25.283440113067627 32.090520143508911 23.338560104370117 31.118080139160156 35.980280160903931 44.732240200042725
leaf_count=24 47 38 35 26 33 24 32 37 46
internal_value=0.00321637 0.00812808 0 0.0170103 -0.0102941 0.0105634 -0.00395683 0.00409836 -0.0102564
internal_weight=332.574 197.405 103.079 94.3267 66.1259 69.0432 135.169 59.3188 75.8503
internal_count=342 203 106 97 68 71 139 61 78
is_linear=0
shrinkage=0.05


Tree=105
num_leaves=11
num_cat=0
split_feature=11 30 29 24 22 15 29 15 20 30
split_gain=4.35369 3.41603 4.67605 3.2105 6.89441 8.54122 5.2876 2.9289 2.25922 1.61239
threshold=3230.0000000000005 0.14824522125806747 0.014946512650088251 0.0024295432458697505 0.0071485134479409513 161.25000000000003 0.021673474553614153 348.75000000000006 0.42999433106575963 0.23135885341074022
decision_type=2 2 2 2 2 2 2 2 2 2
left_child=1 -1 -3 -4 -5 6 -6 -2 -9 -7
right_child=7 2 3 4 5 9 -8 8 -10 -11
leaf_value=0.51885332312982657 1.0398710960870632 -1.9153264704670847 0.33293386954835569 -0.74168925562827326 0.64844450729565328 -0.65442411357548735 -0.0087405739376208661 -0.61533099071311881 0.38561346273043001 -0.088171302650493999
leaf_weight=40.842480182647705 30.145640134811401 23.338560104370117 35.980280160903931 34.035400152206421 34.035400152206421 30.145640134811401 30.145640134811401 28.200760126113892 30.145640134811401 25.283440113067627
leaf_count=42 31 24 37 35 35 31 31 29 31 26
internal_value=0.00198864 -0.001341 -0.00388128 -0.00128205 -0.00443038 0.00121951 0.0136364 0.0115385 0.005 -0.0131579
internal_weight=342.299 253.807 212.964 189.626 153.646 119.61 64.181 88.492 58.3464 55.4291
internal_count=352 261 219 195 158 123 66 91 60 57
is_linear=0
shrinkage=0.05


Tree=106
num_leaves=11
num_cat=0
split_feature=16 15 11 24 15 14 18 11 30 24
split_gain=5.12301 3.39459 12.3562 5.15143 5.73757 6.47215 4.62256 3.79302 2.91732 2.25857
threshold=4645.0000000000009 161.25000000000003 3055.0000000000005 0.068783068783068765 56.250000000000007 1188.7500000000002 0.46712018140589578 3155.0000000000005 0.22300960541281947 0.46752271968218817
decision_type=2 2 2 2 2 2 2 2 2 2
left_child=1 2 3 4 5 8 -5 9 -1 -3
right_child=-2 7 -4 6 -6 -7 -8 -9 -10 -11
leaf_value=1.4708593325354742 0.98787754128270544 0.29231584385725001 1.6437499457991636 -0.093230592596523831 -0.78372574357031233 -1.4293231319761617 0.35166655250113765 -0.36589953140705805 -0.27990833296955769 -0.70477721962269024
leaf_weight=23.338560104370117 38.897600173950195 30.145640134811401 25.283440113067627 43.75980019569397 28.200760126113892 25.283440113067627 31.118080139160156 37.92516016960144 23.338560104370117 30.145640134811401
leaf_count=24 40 31 26 45 29 26 32 39 24 31
internal_value=0.000432277 -0.00179153 0.00194175 -0.00277778 -0.0101942 -0.0027027 0.00714286 -0.00940594 0.00833333 -0.0016129
internal_weight=337.437 298.539 200.323 175.039 100.161 71.9606 74.8779 98.2164 46.6771 60.2913
internal_count=347 307 206 180 103 74 77 101 48 62
is_linear=0
shrinkage=0.05


Tree=107
num_leaves=11
num_cat=0
split_feature=14 15 18 25 25 18 16 11 20 15
split_gain=3.02475 3.58975 5.46111 5.33002 5.17696 5.41694 3.6621 5.17078 2.94436 2.3189
threshold=1100.0000000000002 570.00000000000011 0.88843828129542424 1055.0000000000002 965.00000000000011 0.23091458805744522 3185.0000000000005 1135.0000000000002 0.45799792139077855 71.250000000000014
decision_type=2 2 2 2 2 2 2 2 2 2
left_child=-1 2 3 4 5 -2 7 9 -5 -7
right_child=1 -3 -4 8 -6 6 -8 -9 -10 -11
leaf_value=-1.0523212524908103 1.9258697087300563 -0.63395831824159365 0.32698787974962901 0.04784141169793657 -0.55013177627893128 -0.69109324839006381 0.84883355090394164 -0.30017097989580183 1.2578145475974454 0.096433633799301796
leaf_weight=24.311000108718872 23.338560104370117 37.92516016960144 45.704680204391479 26.255880117416382 27.228320121765137 25.283440113067627 23.338560104370117 42.787360191345215 24.311000108718872 35.007840156555176
leaf_count=25 24 39 47 27 28 26 24 44 25 36
internal_value=-0.00101449 0.0003125 0.00231317 -0.000854701 -0.00494505 -0.0012987 -0.00538462 -0.00943396 0.0134615 0
internal_weight=335.492 311.181 273.256 227.551 176.984 149.756 126.417 103.079 50.5669 60.2913
internal_count=345 320 281 234 182 154 130 106 52 62
is_linear=0
shrinkage=0.05


Tree=108
num_leaves=11
num_cat=0
split_feature=24 30 20 27 30 29 27 15 24 14
split_gain=3.13822 5.99048 4.48855 3.51286 4.0788 5.34483 6.09734 2.75525 1.58832 0.72933
threshold=0.54416285032531542 0.25433390545030943 0.4413818102998775 2565.0000000000005 0.14824522125806747 0.017111111359800455 1055.0000000000002 341.25000000000006 0.044642857142857109 2003.7500000000002
decision_type=2 2 2 2 2 2 2 2 2 2
left_child=2 -2 3 4 -1 9 8 -4 -7 -6
right_child=1 -3 7 -5 5 6 -8 -9 -10 -11
leaf_value=0.95468104894596317 0.2613821601596783 -0.67734980110085419 -1.1136538012346364 -0.56327176613100394 -0.58425213502639506 -0.11387521770559489 0.65038688741942685 -0.0059748045225660462 0.23325779229777482 -0.60226040232951172
leaf_weight=34.035400152206421 37.92516016960144 24.311000108718872 26.255880117416382 39.87004017829895 23.338560104370117 29.173200130462646 44.732240200042725 23.338560104370117 23.338560104370117 23.338560104370117
leaf_count=35 39 25 27 41 24 30 46 24 24 24
internal_value=-0.000737463 0.009375 -0.00309091 0 0.00300546 -0.000675676 0.006 -0.0166667 -0.00555556 -0.0145833
internal_weight=329.657 62.2362 267.421 217.827 177.957 143.921 97.244 49.5944 52.5118 46.6771
internal_count=339 64 275 224 183 148 100 51 54 48
is_linear=0
shrinkage=0.05


Tree=109
num_leaves=12
num_cat=0
split_feature=19 18 28 22 26 20 27 29 22 22 13
split_gain=6.00867 5.26593 7.25253 5.98176 6.25753 4.97889 3.64918 3.11231 2.77099 1.33577 1.87008
threshold=0.56376059195608075 0.27292011207156214 3.5000000000000004 0.0072552126435581005 165.00000000000014 0.48095148990038655 995.00000000000011 0.018574373807161055 0.0036613654657826002 0.016723693225946901 2975.0000000000005
decision_type=2 2 2 2 2 2 2 2 2 2 2
left_child=1 7 3 4 -3 -2 -5 -1 -6 -8 -11
right_child=5 2 -4 6 8 -7 9 -9 -10 10 -12
leaf_value=-0.017877823910180269 1.6583492802957154 0.73288574668990814 1.0121133648396836 -0.29016739819192028 -0.2076030928112573 0.0048001803028682845 0.12122010936444667 -0.956264193099014 -2.1296904641219498 0.13265172024509866 1.158380000483453
leaf_weight=25.283440113067627 24.311000108718872 28.200760126113892 28.200760126113892 35.980280160903931 31.118080139160156 24.311000108718872 27.228320121765137 23.338560104370117 30.145640134811401 25.283440113067627 25.283440113067627
leaf_count=26 25 29 29 37 32 25 28 24 31 26 26
internal_value=0.00177515 -0.00104167 0.00210084 -0.00119617 -0.0108696 0.018 0.00641026 -0.016 -0.0198413 0.0125 0.0173077
internal_weight=328.685 280.063 231.441 203.24 89.4645 48.622 113.775 48.622 61.2637 77.7952 50.5669
internal_count=338 288 238 209 92 50 117 50 63 80 52
is_linear=0
shrinkage=0.05


Tree=110
num_leaves=11
num_cat=0
split_feature=28 25 16 29 22 15 27 15 29 11
split_gain=4.70633 5.65816 4.37048 4.43209 2.53967 4.09583 2.34853 4.35081 4.18186 1.51476
threshold=3.5000000000000004 2495.0000000000005 4170.0000000000009 0.012448113744241101 0.016723693225946901 161.25000000000003 1065.0000000000002 33.750000000000007 0.019625800787450905 2235.0000000000005
decision_type=2 2 2 2 2 2 2 2 2 2
left_child=1 2 3 -1 6 -6 7 -5 -8 -2
right_child=9 -3 -4 4 5 -7 8 -9 -10 -11
leaf_value=0.53587211900421605 0.072593243406026894 0.74556674705452231 -0.60879166954755426 -0.095860043478103313 0.13756544588416092 -0.46604860620773253 -1.4931918359999488 -1.9363998127543369 0.44264847971267046 1.4519598460495446
leaf_weight=35.980280160903931 23.338560104370117 35.980280160903931 30.145640134811401 26.255880117416382 45.704680204391479 38.897600173950195 25.283440113067627 25.283440113067627 26.255880117416382 24.311000108718872
leaf_count=37 24 37 31 27 47 40 26 26 27 25
internal_value=-0.00129683 -0.00369128 -0.00632184 -0.00391304 -0.00699482 -0.000574713 -0.0122642 -0.0198113 -0.00471698 0.0132653
internal_weight=337.437 289.787 253.807 223.661 187.681 84.6023 103.079 51.5393 51.5393 47.6496
internal_count=347 298 261 230 193 87 106 53 53 49
is_linear=0
shrinkage=0.05


Tree=111
num_leaves=11
num_cat=0
split_feature=12 17 26 18 30 26 29 25 16 12
split_gain=5.40012 4.24647 4.27509 3.9948 3.73644 5.05962 7.32953 4.22869 3.81349 2.54028
threshold=3695.0000000000005 8.7500000000000018 130.00000000000003 0.29405984616068653 0.13709739678226227 965.00000000000011 0.017379973997757755 310.00000000000006 1175.0000000000002 2620.0000000000005
decision_type=2 2 2 2 2 2 2 2 2 2
left_child=1 2 -1 -2 -3 7 -7 -6 -8 -9
right_child=3 4 -4 -5 5 6 8 9 -10 -11
leaf_value=0.078183668452641089 1.8514759017426059 0.94393719372748142 -1.4553290326331763 0.0066859235473202723 -4.1349446617554353 -0.33246640989663095 0.062351646739114135 0.32181237322652123 0.74912965191579139 -0.10711674326689719
leaf_weight=25.283440113067627 23.338560104370117 24.311000108718872 34.035400152206421 30.145640134811401 36.952720165252686 33.062960147857666 26.255880117416382 32.090520143508911 23.338560104370117 37.92516016960144
leaf_count=26 24 25 35 31 38 34 27 33 24 39
internal_value=-0.000892857 -0.00373665 -0.0155738 0.0136364 -0.000454545 -0.00282051 0.00647059 -0.01 0.0186275 -0.00277778
internal_weight=326.74 273.256 59.3188 53.4842 213.937 189.626 82.6574 106.968 49.5944 70.0157
internal_count=336 281 61 55 220 195 85 110 51 72
is_linear=0
shrinkage=0.05


Tree=112
num_leaves=10
num_cat=0
split_feature=28 29 19 11 18 24 30 29 29
split_gain=5.57957 4.78941 6.28453 5.89276 3.31409 3.76161 7.10381 4.03981 2.24562
threshold=3.5000000000000004 0.022109357657575452 0.55898031507787616 1095.0000000000002 0.27292011207156214 0.14652845265090161 0.14610162723370265 0.018384441387896706 0.017379973997757755
decision_type=2 2 2 2 2 2 2 2 2
left_child=1 2 4 -3 -1 6 -6 -8 -7
right_child=-2 3 -4 -5 5 8 7 -9 -10
leaf_value=-0.62525940005930358 0.79458926064116897 0.089909097573627153 0.21728444315781417 -0.76137647605223724 1.1204483638544389 0.14962000240921045 -1.73341265108063 0.017090996371348411 0.58086212393783399
leaf_weight=32.090520143508911 43.75980019569397 24.311000108718872 26.255880117416382 45.704680204391479 24.311000108718872 45.704680204391479 45.704680204391479 28.200760126113892 24.311000108718872
leaf_count=33 45 25 27 47 25 47 47 29 25
internal_value=0 -0.00245902 0.00107296 -0.0138889 -0.00194175 0.000867052 -0.00544554 -0.0131579 0.00972222
internal_weight=340.354 296.594 226.579 70.0157 200.323 168.232 98.2164 73.9054 70.0157
internal_count=350 305 233 72 206 173 101 76 72
is_linear=0
shrinkage=0.05


Tree=113
num_leaves=11
num_cat=0
split_feature=25 28 14 18 20 22 30 30 26 25
split_gain=5.46267 3.48305 3.66947 1.98828 7.28404 2.68884 4.1489 4.16766 2.34 1.34845
threshold=2730.0000000000005 3.5000000000000004 4051.2500000000005 0.24912187097061048 0.39676714955554454 0.016723693225946901 0.24380327884838862 0.19378030139270608 415.00000000000006 985.00000000000011
decision_type=2 2 2 2 2 2 2 2 2 2
left_child=1 2 3 9 5 6 7 8 -5 -1
right_child=-2 -3 -4 4 -6 -7 -8 -9 -10 -11
leaf_value=0.19258940306369823 1.1037195209113635 0.32175499454185685 -0.20841155324533248 0.84071791584839284 -1.6011063685770979 0.2179360896523008 0.53517504143929961 -2.5460374674653963 -0.92878897436320362 0.029491369770539677
leaf_weight=23.338560104370117 25.283440113067627 45.704680204391479 34.035400152206421 23.338560104370117 26.255880117416382 42.787360191345215 31.118080139160156 39.87004017829895 26.255880117416382 25.283440113067627
leaf_count=24 26 47 35 24 27 44 32 41 27 26
internal_value=0.000708215 -0.00107034 -0.00321429 -0.00102041 -0.00333333 0.000595238 -0.00322581 -0.00869565 0.000980392 0.008
internal_weight=343.271 317.988 272.283 238.248 189.626 163.37 120.583 89.4645 49.5944 48.622
internal_count=353 327 280 245 195 168 124 92 51 50
is_linear=0
shrinkage=0.05


Tree=114
num_leaves=12
num_cat=0
split_feature=30 30 16 18 29 26 29 25 25 15 30
split_gain=3.5251 2.92061 4.69429 4.53333 4.41032 3.43715 3.28618 3.26848 3.9708 2.78733 3.55001
threshold=0.29102633854345289 0.24881711814353533 1135.0000000000002 0.27292011207156214 0.017379973997757755 965.00000000000011 0.024764111196646003 595.00000000000011 1065.0000000000002 63.750000000000007 0.17833928115472927
decision_type=2 2 2 2 2 2 2 2 2 2 2
left_child=1 2 -1 7 9 -6 -3 -4 -9 -5 -11
right_child=-2 6 3 4 5 -7 -8 8 -10 10 -12
leaf_value=-2.5189244177784986 -0.17599052339282936 0.67173325864050648 0.15820256870906635 -1.5258069457997636 0.34706153592915145 0.54092221325832957 0.076100044242855353 -0.27586675694021778 0.17522290461715784 0.40847320454001879 -0.11876268802682262
leaf_weight=32.090520143508911 23.338560104370117 28.200760126113892 23.338560104370117 32.090520143508911 36.952720165252686 30.145640134811401 28.200760126113892 23.338560104370117 23.338560104370117 42.787360191345215 23.338560104370117
leaf_count=33 24 29 24 33 38 31 29 24 24 44 24
internal_value=0.00210084 0.00345345 0.00127273 0.00371901 0.00823529 0.0181159 0.0137931 -0.00694444 -0.0145833 0.00148515 0.00735294
internal_weight=347.161 323.823 267.421 235.33 165.315 67.0984 56.4015 70.0157 46.6771 98.2164 66.1259
internal_count=357 333 275 242 170 69 58 72 48 101 68
is_linear=0
shrinkage=0.05


Tree=115
num_leaves=11
num_cat=0
split_feature=6 15 25 20 22 26 29 19 26 11
split_gain=4.58147 3.73883 5.02538 5.95484 9.45591 4.80217 5.59068 4.0713 3.75084 1.93954
threshold=1.5000000000000002 570.00000000000011 2495.0000000000005 0.28537981859410427 0.0099471446157673015 165.00000000000014 0.017379973997757755 0.50860999670523488 525.00000000000011 1075.0000000000002
decision_type=2 2 2 2 2 2 2 2 2 2
left_child=1 2 3 4 5 -1 -7 8 -5 -8
right_child=-2 -3 -4 7 -6 6 9 -9 -10 -11
leaf_value=1.1199072831160721 3.0838630217278706 -0.61043733523965793 1.0281098846387977 -1.0567889591565744 0.50512188802238145 -2.124995690106573 0.15863527729394492 0.045870664283484075 -0.12908763450251401 -0.048457254865957117
leaf_weight=26.255880117416382 35.007840156555176 35.980280160903931 26.255880117416382 35.007840156555176 23.338560104370117 28.200760126113892 23.338560104370117 44.732240200042725 26.255880117416382 27.228320121765137
leaf_count=27 36 37 27 36 24 29 24 46 27 28
internal_value=-0.000439883 -0.00245902 -0.000373134 -0.0026971 0.00454545 -0.00185185 -0.00802469 -0.0114679 -0.0198413 0.00192308
internal_weight=331.602 296.594 260.614 234.358 128.362 105.024 78.7676 105.996 61.2637 50.5669
internal_count=341 305 268 241 132 108 81 109 63 52
is_linear=0
shrinkage=0.05


Tree=116
num_leaves=10
num_cat=0
split_feature=30 28 24 22 24 27 14 22 24
split_gain=4.74909 4.54433 3.82996 6.40979 3.43391 4.41915 4.32905 2.59834 3.27878
threshold=0.27834771980750134 3.5000000000000004 0.14652845265090161 0.04494343915884691 0.026109594580932104 165.00000000000014 1133.7500000000002 0.023334787868018101 0.40019692087361264
decision_type=2 2 2 2 2 2 2 2 2
left_child=1 2 4 7 5 -1 -7 -4 -9
right_child=-2 -3 3 -5 -6 6 -8 8 -10
leaf_value=0.72523415402488356 -0.23085426018258204 1.1101236316870655 0.50612689154394275 -0.19123637666272089 -0.85867668715618495 0.15070351342924371 -0.69980939384972773 -0.17074332906954626 0.26271704771563692
leaf_weight=23.338560104370117 31.118080139160156 43.75980019569397 30.145640134811401 44.732240200042725 35.980280160903931 28.200760126113892 31.118080139160156 25.283440113067627 41.81492018699646
leaf_count=24 32 45 31 46 37 29 32 26 43
internal_value=-0.000144928 0.00175719 -0.000746269 0.00479452 -0.00737705 -0.00176471 -0.00901639 0.012 0.00652174
internal_weight=335.492 304.374 260.614 141.976 118.638 82.6574 59.3188 97.244 67.0984
internal_count=345 313 268 146 122 85 61 100 69
is_linear=0
shrinkage=0.05


Tree=117
num_leaves=11
num_cat=0
split_feature=30 15 15 15 16 18 25 18 22 18
split_gain=3.90413 3.89342 8.27973 3.92841 4.32196 3.68743 3.42708 2.98147 6.35848 4.31171
threshold=0.14610162723370265 776.25000000000011 371.25000000000006 161.25000000000003 3125.0000000000005 0.49056485842200132 1005.0000000000001 0.63817082388510971 0.0057962496229795003 0.91516844833171362
decision_type=2 2 2 2 2 2 2 2 2 2
left_child=5 2 3 4 7 -1 -5 -2 9 -9
right_child=1 -3 -4 6 -6 -7 -8 8 -10 -11
leaf_value=0.037485268641535188 0.15756072589258566 -0.59169689205696163 1.3014691565931571 -0.43068444079719942 0.61190103835015186 1.1068457533180662 -0.018267802463333285 0.14316833775777696 -0.52177475924684136 -1.0070023503371546
leaf_weight=26.255880117416382 44.732240200042725 25.283440113067627 34.035400152206421 28.200760126113892 26.255880117416382 23.338560104370117 30.145640134811401 24.311000108718872 26.255880117416382 37.92516016960144
leaf_count=27 46 26 35 29 27 24 31 25 27 39
internal_value=0.00178571 -0.000526316 0.00135135 -0.00223214 0.00182927 0.0147059 -0.0133333 -0.00182482 -0.00714286 0.0015625
internal_weight=326.74 277.145 251.862 217.827 159.48 49.5944 58.3464 133.224 88.492 62.2362
internal_count=336 285 259 224 164 51 60 137 91 64
is_linear=0
shrinkage=0.05


Tree=118
num_leaves=10
num_cat=0
split_feature=25 16 29 29 29 18 22 18 27
split_gain=5.82688 5.42496 4.42653 6.1321 3.10382 8.25889 4.92298 3.82432 3.53352
threshold=2495.0000000000005 4170.0000000000009 0.012448113744241101 0.015641067965391553 0.018834141677800904 0.86356764928193519 0.016723693225946901 0.21040054859296839 1055.0000000000002
decision_type=2 2 2 2 2 2 2 2 2
left_child=1 2 -1 -4 6 7 -5 -6 -9
right_child=-2 -3 3 4 5 -7 -8 8 -10
leaf_value=0.78714867556393531 0.72210437150604323 -0.19871363321281024 -0.51439883868358727 -0.0061859653421379342 0.59192989097398374 0.14031865036022281 0.16283532536290296 -1.8473017894627675 -0.084954746957373581
leaf_weight=33.062960147857666 35.007840156555176 40.842480182647705 38.897600173950195 31.118080139160156 29.173200130462646 37.92516016960144 31.118080139160156 30.145640134811401 26.255880117416382
leaf_count=34 36 42 40 32 30 39 32 31 27
internal_value=0.000145773 -0.00211726 0.000566038 -0.00194805 0.00183246 -0.00275591 0.0109375 -0.0113636 -0.0189655
internal_weight=333.547 298.539 257.697 224.634 185.736 123.5 62.2362 85.5747 56.4015
internal_count=343 307 265 231 191 127 64 88 58
is_linear=0
shrinkage=0.05


Tree=119
num_leaves=11
num_cat=0
split_feature=20 15 11 27 24 18 19 22 18 16
split_gain=2.88821 4.43775 5.18629 3.13762 3.57359 3.55661 2.68223 2.54214 4.0057 2.37146
threshold=0.48676587301587299 570.00000000000011 3695.0000000000005 2525.0000000000005 0.43712110694617984 0.48242630385487534 0.5487481469762755 0.0099471446157673015 0.8595049130763418 1145.0000000000002
decision_type=2 2 2 2 2 2 2 2 2 2
left_child=1 2 3 4 5 -1 -2 8 -7 -10
right_child=6 -3 -4 -5 -6 7 -8 -9 9 -11
leaf_value=-0.15149698502368666 -0.31326567627852459 -0.59454622437881433 1.6997680954137424 -0.3262605502815632 0.67195385981187883 -0.42758450823939714 0.14154092332983056 0.49286732197285804 0.0088425058853090384 0.44770803277726828
leaf_weight=37.92516016960144 32.090520143508911 31.118080139160156 27.228320121765137 41.81492018699646 27.228320121765137 36.952720165252686 26.255880117416382 23.338560104370117 29.173200130462646 32.090520143508911
leaf_count=39 33 32 28 43 28 38 27 24 30 33
internal_value=0.000140845 0.00220339 0.00437262 0.00191489 0.0046875 0.00182927 -0.01 0.006 0.00247525 0.0103175
internal_weight=345.216 286.87 255.752 228.523 186.708 159.48 58.3464 121.555 98.2164 61.2637
internal_count=355 295 263 235 192 164 60 125 101 63
is_linear=0
shrinkage=0.05


Tree=120
num_leaves=10
num_cat=0
split_feature=25 25 28 30 15 14 24 18 27
split_gain=6.70387 7.64782 6.17102 3.98732 6.47288 8.52823 3.03202 3.27033 2.6676
threshold=2290.0000000000005 920.00000000000011 3.5000000000000004 0.14824522125806747 217.49999999999991 1291.2500000000002 0.0061980347694633011 0.75982615268329567 1055.0000000000002
decision_type=2 2 2 2 2 2 2 2 2
left_child=1 2 3 -1 5 6 -5 -8 -3
right_child=-2 8 -4 4 -6 -7 7 -9 -10
leaf_value=0.17018213979351915 0.65240145994014265 -0.56481891315986565 1.6445450162111002 -1.8896201720577892 -6.7988373811942218 0.42504097296209697 -0.19681687743358225 0.11091731620334713 -0.051083268936304195
leaf_weight=35.980280160903931 41.81492018699646 32.090520143508911 33.062960147857666 29.173200130462646 24.311000108718872 36.952720165252686 33.062960147857666 30.145640134811401 40.842480182647705
leaf_count=37 43 33 34 30 25 38 34 31 42
internal_value=-0.00129683 -0.00394737 0.000655022 -0.00282051 -0.00632911 -0.0018797 -0.01 -0.00384615 -0.018
internal_weight=337.437 295.622 222.689 189.626 153.646 129.335 92.3818 63.2086 72.933
internal_count=347 304 229 195 158 133 95 65 75
is_linear=0
shrinkage=0.05


Tree=121
num_leaves=11
num_cat=0
split_feature=30 11 26 14 11 11 30 11 25 14
split_gain=4.94682 5.35197 6.18977 4.19967 6.14787 2.97558 2.70678 3.22432 2.43551 0.445073
threshold=0.17833928115472927 3645.0000000000005 310.00000000000006 1131.2500000000002 1495.0000000000002 4145.0000000000009 0.16108765875425848 1135.0000000000002 310.00000000000006 2627.5000000000005
decision_type=2 2 2 2 2 2 2 2 2 2
left_child=6 2 8 -4 -5 -3 7 -1 -2 -10
right_child=1 5 3 4 -6 -7 -8 -9 9 -11
leaf_value=0.47766528985710011 -6.2182629550293429 0.67176630163385198 0.11265522067649272 -0.2366432742754114 0.10879814434802029 -0.0036539824538976973 0.51831447852582646 -0.052620854739484461 -0.020103203421126637 -0.52558283544046847
leaf_weight=26.255880117416382 31.118080139160156 26.255880117416382 41.81492018699646 36.952720165252686 35.007840156555176 23.338560104370117 24.311000108718872 45.704680204391479 23.338560104370117 24.311000108718872
leaf_count=27 32 27 43 38 36 24 25 47 24 25
internal_value=-0.00201149 -0.00582329 -0.00959596 -0.00213675 -0.00945946 0.00882353 0.00757576 0.0027027 -0.0203704 -0.0132653
internal_weight=338.409 242.138 192.543 113.775 71.9606 49.5944 96.2716 71.9606 78.7676 47.6496
internal_count=348 249 198 117 74 51 99 74 81 49
is_linear=0
shrinkage=0.05


Tree=122
num_leaves=11
num_cat=0
split_feature=28 30 27 14 30 14 27 14 26 18
split_gain=5.17475 5.27274 4.86328 5.75535 4.94856 3.65109 3.70393 2.80063 2.65796 2.50615
threshold=3.5000000000000004 0.17833928115472927 1035.0000000000002 2505.0000000000005 0.24881711814353533 1160.0000000000002 1640.0000000000002 1160.0000000000002 360.00000000000006 0.63817082388510971
decision_type=2 2 2 2 2 2 2 2 2 2
left_child=1 8 3 7 5 -4 -7 -3 9 -1
right_child=-2 2 4 -5 -6 6 -8 -9 -10 -11
leaf_value=0.23714161050138502 0.92301349465853955 -3.2400738122609258 -1.2842371496512897 -2.051795878861185 0.45331969316745246 0.73244863066249766 -0.022249963717445101 0.10777192129783089 -0.049989812002513651 1.1194357702923754
leaf_weight=39.87004017829895 43.75980019569397 24.311000108718872 23.338560104370117 35.980280160903931 34.035400152206421 26.255880117416382 36.952720165252686 24.311000108718872 32.090520143508911 23.338560104370117
leaf_count=41 45 25 24 37 35 27 38 25 33 24
internal_value=0.00282486 0.000485437 -0.00402844 -0.0132184 0.00241935 -0.00393258 0.00230769 -0.002 0.0102041 0.0161538
internal_weight=344.244 300.484 205.185 84.6023 120.583 86.5472 63.2086 48.622 95.2991 63.2086
internal_count=354 309 211 87 124 89 65 50 98 65
is_linear=0
shrinkage=0.05


Tree=123
num_leaves=9
num_cat=0
split_feature=12 30 29 18 18 15 12 30
split_gain=4.75288 3.37224 6.68088 3.92035 5.85161 3.7269 3.22384 2.69865
threshold=3665.0000000000005 0.17833928115472927 0.016408817162170204 0.46035364500410098 0.21831695641219453 63.750000000000007 4145.0000000000009 0.23709026373148462
decision_type=2 2 2 2 2 2 2 2
left_child=1 5 -3 4 -4 -1 -2 -5
right_child=6 2 3 7 -6 -7 -8 -9
leaf_value=-0.4167916718052766 0.74076778049520731 -1.0977976040009707 0.10238332523294957 -0.16059925307907863 -0.92724067884803396 0.40891945765108634 0.062423509652307987 0.43065370850907814
leaf_weight=34.035400152206421 26.255880117416382 29.173200130462646 41.81492018699646 39.87004017829895 39.87004017829895 36.952720165252686 37.92516016960144 45.704680204391479
leaf_count=35 27 30 43 41 41 38 39 47
internal_value=-0.0016129 -0.00454545 -0.00792079 -0.00406977 -0.0119048 0.00479452 0.0106061 0.00340909
internal_weight=331.602 267.421 196.433 167.26 81.685 70.9881 64.181 85.5747
internal_count=341 275 202 172 84 73 66 88
is_linear=0
shrinkage=0.05


Tree=124
num_leaves=10
num_cat=0
split_feature=18 16 17 29 17 27 27 27 22
split_gain=4.31457 4.30668 4.84824 6.4741 4.58193 3.28266 5.34554 3.13467 2.6434
threshold=0.97074829931972795 4645.0000000000009 53.750000000000007 0.016044002109643307 21.250000000000004 595.00000000000011 1065.0000000000002 1225.0000000000002 0.050433255787053051
decision_type=2 2 2 2 2 2 2 2 2
left_child=1 2 4 -4 5 -1 -7 -6 -5
right_child=-2 -3 3 8 7 6 -8 -9 -10
leaf_value=0.28649776673108818 0.89770240351588204 0.65779969818086104 0.036571502079118544 -1.0377808344099777 0.3979677568837815 -0.18367473122344791 0.077758396339424968 0.063783633876130355 -0.43008995782618059
leaf_weight=42.787360191345215 43.75980019569397 36.952720165252686 26.255880117416382 36.952720165252686 35.980280160903931 29.173200130462646 31.118080139160156 25.283440113067627 28.200760126113892
leaf_count=44 45 38 27 38 37 30 32 26 29
internal_value=0.00202312 -0.000166113 -0.00247148 -0.0117021 0.00266272 -0.00377358 -0.0112903 0.0134921 -0.0201493
internal_weight=336.464 292.704 255.752 91.4094 164.342 103.079 60.2913 61.2637 65.1535
internal_count=346 301 263 94 169 106 62 63 67
is_linear=0
shrinkage=0.05


Tree=125
num_leaves=10
num_cat=0
split_feature=24 11 11 25 25 15 30 26 14
split_gain=2.70182 3.4814 9.54138 3.91613 4.11722 3.9464 4.88743 4.55762 2.82318
threshold=0.62528344671201819 4145.0000000000009 3645.0000000000005 130.00000000000003 1035.0000000000002 71.250000000000014 0.24479626451726014 745.00000000000011 1291.2500000000002
decision_type=2 2 2 2 2 2 2 2 2
left_child=1 2 3 5 -5 6 7 -1 -7
right_child=-2 -3 -4 4 -6 8 -8 -9 -10
leaf_value=0.036957008280569428 0.48559232584530038 -0.34732852814081527 0.68940450313389201 -1.1095599913381193 0.0025385264099895724 0.087335431007943498 0.38300187183871232 -1.2362394144293605 0.50204208395612115
leaf_weight=38.897600173950195 32.090520143508911 30.145640134811401 32.090520143508911 37.92516016960144 24.311000108718872 44.732240200042725 26.255880117416382 37.92516016960144 25.283440113067627
leaf_count=40 33 31 33 39 25 46 27 39 26
internal_value=-0.000147493 -0.00163399 0.000181818 -0.00330579 -0.0140625 0.000561798 -0.00566038 -0.0120253 0.00972222
internal_weight=329.657 297.567 267.421 235.33 62.2362 173.094 103.079 76.8228 70.0157
internal_count=339 306 275 242 64 178 106 79 72
is_linear=0
shrinkage=0.05


Tree=126
num_leaves=11
num_cat=0
split_feature=6 20 15 11 18 26 18 15 11 14
split_gain=3.65344 3.51476 3.30467 3.47118 3.9895 5.45314 6.82703 2.84882 2.78378 2.57858
threshold=1.5000000000000002 0.50560697006075161 570.00000000000011 3055.0000000000005 0.46712018140589578 165.00000000000014 0.71122448979591846 116.25000000000001 3685.0000000000005 1133.7500000000002
decision_type=2 2 2 2 2 2 2 2 2 2
left_child=1 2 3 4 7 -6 -7 -1 -5 -8
right_child=-2 -3 -4 8 5 6 9 -9 -10 -11
leaf_value=-0.33802803731052794 3.1940916375879853 0.23965361643583949 -0.4785125793989437 0.31046471711656526 0.84940551411262966 0.3189806546231353 -0.00037064105341642065 -0.012027870384895323 0.043778775667715313 -1.1231050407865042
leaf_weight=30.145640134811401 28.200760126113892 29.173200130462646 32.090520143508911 28.200760126113892 25.283440113067627 23.338560104370117 44.732240200042725 33.062960147857666 27.228320121765137 33.062960147857666
leaf_count=31 29 30 33 29 26 24 46 34 28 34
internal_value=0.00174419 0.00015873 -0.00157895 0.000396825 -0.00282051 0.00230769 -0.00288462 -0.0130769 0.0114035 -0.01
internal_weight=334.519 306.319 277.145 245.055 189.626 126.417 101.134 63.2086 55.4291 77.7952
internal_count=344 315 285 252 195 130 104 65 57 80
is_linear=0
shrinkage=0.05


Tree=127
num_leaves=11
num_cat=0
split_feature=26 15 11 29 16 18 24 22 18 22
split_gain=4.16137 3.04423 4.91054 3.84939 4.2383 3.62481 5.65339 5.47172 4.95886 2.46351
threshold=2525.0000000000005 161.25000000000003 3055.0000000000005 0.016044002109643307 4245.0000000000009 0.8595049130763418 0.068783068783068765 0.0023753948423486005 0.48582766439909303 0.050433255787053051
decision_type=2 2 2 2 2 2 2 2 2 2
left_child=1 2 5 -3 9 6 -1 -7 -8 -5
right_child=-2 3 -4 4 -6 7 8 -9 -10 -11
leaf_value=-1.516868524162851 -0.32112663544500042 0.15446999426376351 3.0485503326990284 -0.95665716261967193 0.25470463638907859 0.0053940364300387959 -0.027800283442161344 1.5661367564875377 0.64599666620886187 -0.07505877429891826
leaf_weight=31.118080139160156 31.118080139160156 43.75980019569397 23.338560104370117 29.173200130462646 35.007840156555176 32.090520143508911 45.704680204391479 23.338560104370117 26.255880117416382 26.255880117416382
leaf_count=32 32 45 24 30 36 33 47 24 27 27
internal_value=0.00182073 0.00353846 0.00775401 -0.00217391 -0.00806452 0.00460123 -0.000943396 0.0149123 0.00675676 -0.0166667
internal_weight=347.161 316.043 181.846 134.197 90.4369 158.508 103.079 55.4291 71.9606 55.4291
internal_count=357 325 187 138 93 163 106 57 74 57
is_linear=0
shrinkage=0.05


Tree=128
num_leaves=9
num_cat=0
split_feature=24 22 28 29 18 24 18 22
split_gain=4.02441 4.65906 2.90602 1.82634 6.85295 4.96394 2.5383 3.02897
threshold=0.45687998112800787 0.050734318589089257 3.5000000000000004 0.018834141677800904 0.86356764928193519 0.28164050613030206 0.5204837490551778 0.0047351711226122509
decision_type=2 2 2 2 2 2 2 2
left_child=2 -2 3 5 -5 6 -1 -8
right_child=1 -3 -4 4 -6 -7 7 -9
leaf_value=-0.13869901967300394 -0.34488627233658919 0.26150102778433393 0.74860536495336882 -0.35208704188346474 0.2038349716525204 0.51859029996901429 -0.055126654112791586 0.64940227030729147
leaf_weight=25.283440113067627 44.732240200042725 43.75980019569397 30.145640134811401 45.704680204391479 27.228320121765137 34.035400152206421 43.75980019569397 26.255880117416382
leaf_count=26 46 45 31 47 28 35 45 27
internal_value=0.0030303 -0.00604396 0.00648536 0.00432692 -0.002 0.00789474 0.00204082 0.00694444
internal_weight=320.905 88.492 232.413 202.268 72.933 129.335 95.2991 70.0157
internal_count=330 91 239 208 75 133 98 72
is_linear=0
shrinkage=0.05


Tree=129
num_leaves=11
num_cat=0
split_feature=30 29 29 27 27 22 27 29 27 24
split_gain=3.88148 5.38727 3.86511 4.16872 3.62539 4.04552 4.24337 3.9515 2.74784 3.98422
threshold=0.17833928115472927 0.016818869133432602 0.018230173753597752 330.00000000000006 595.00000000000011 0.0049160289115645515 1035.0000000000002 0.022800692318438152 105.00000000000001 0.12660619803476944
decision_type=2 2 2 2 2 2 2 2 2 2
left_child=8 -2 -3 -4 -5 -6 -7 -8 -1 -10
right_child=1 2 3 4 5 6 7 -9 9 -11
leaf_value=0.75971097201189652 -0.33595690110182663 1.4192485031818478 -1.1269320650031205 0.54121164083519491 0.29817062442313047 -1.0754162941428376 0.51245610522705654 -0.33448268978929718 -0.96311013861754879 0.153681445534221
leaf_weight=28.200760126113892 45.704680204391479 25.283440113067627 33.062960147857666 25.283440113067627 23.338560104370117 23.338560104370117 35.007840156555176 27.228320121765137 29.173200130462646 35.980280160903931
leaf_count=29 47 26 34 26 24 24 36 28 30 37
internal_value=0.000733138 -0.00265306 0.0010101 -0.00174419 0.00217391 -0.00178571 -0.00681818 0 0.009375 0.00373134
internal_weight=331.602 238.248 192.543 167.26 134.197 108.913 85.5747 62.2362 93.3542 65.1535
internal_count=341 245 198 172 138 112 88 64 96 67
is_linear=0
shrinkage=0.05


Tree=130
num_leaves=12
num_cat=0
split_feature=11 11 24 27 30 15 30 18 15 15 29
split_gain=3.11426 6.59409 5.09782 4.92928 4.7418 3.91291 3.11091 3.64045 6.5487 3.8774 0.476297
threshold=3230.0000000000005 4195.0000000000009 0.028231292517006755 155.00000000000003 0.21284189474047968 378.75000000000006 0.17833928115472927 0.61628401360544227 161.25000000000003 341.25000000000006 0.020384631514822203
decision_type=2 2 2 2 2 2 2 2 2 2 2
left_child=2 5 3 -1 -5 -2 -4 8 10 -10 -8
right_child=1 -3 6 4 -6 -7 7 -9 9 -11 -12
leaf_value=1.4173742565472027 0.31463344045496344 -0.04996992151900486 0.070322709564538857 -1.18980919895605 0.17873469184874013 0.57977792832552955 0.1835824839103225 -0.33277171111324155 -0.88990796948619399 -0.31775855529983804 0.014285494047862814
leaf_weight=26.255880117416382 31.118080139160156 30.145640134811401 35.980280160903931 29.173200130462646 38.897600173950195 23.338560104370117 24.311000108718872 24.311000108718872 25.283440113067627 30.145640134811401 23.338560104370117
leaf_count=27 32 31 37 30 40 24 25 25 26 31 24
internal_value=-0.000852273 0.00747126 -0.00358491 0.0056701 -0.00142857 0.0178571 -0.00892857 -0.0125954 -0.00849057 -0.0201754 0.00510204
internal_weight=342.299 84.6023 257.697 94.3267 68.0708 54.4566 163.37 127.39 103.079 55.4291 47.6496
internal_count=352 87 265 97 70 56 168 131 106 57 49
is_linear=0
shrinkage=0.05


Tree=131
num_leaves=12
num_cat=0
split_feature=16 14 29 19 30 25 15 22 24 18 26
split_gain=2.22352 3.85718 2.63686 3.14284 2.83744 2.24471 3.69714 3.81904 3.27958 2.34308 2.02592
threshold=1135.0000000000002 1133.7500000000002 0.022084057524349752 0.53528499718975919 0.12327178003613166 2050.0000000000005 191.25000000000003 0.0098106770648797009 0.45687998112800787 0.46712018140589578 1035.0000000000002
decision_type=2 2 2 2 2 2 2 2 2 2 2
left_child=10 -2 4 -4 -3 6 7 -6 -8 -9 -1
right_child=1 2 3 -5 5 -7 8 9 -10 -11 -12
leaf_value=0.0092720274212297234 0.39863834067151632 -0.17326575276817949 -0.301870627534845 0.013885326208287552 -0.038599082124005694 0.6675861597987478 0.0091037584341165708 0.15539097530120216 -1.2048356844815773 0.74201202695094259 -0.97717785292784365
leaf_weight=23.338560104370117 23.338560104370117 26.255880117416382 30.145640134811401 32.090520143508911 32.090520143508911 27.228320121765137 38.897600173950195 30.145640134811401 26.255880117416382 23.338560104370117 23.338560104370117
leaf_count=24 24 27 31 33 33 28 40 31 27 24 24
internal_value=-0.000289017 0.00134228 -0.000364964 -0.009375 0.00238095 0.00464481 0.00225806 0.00909091 -0.00671642 0.0172727 -0.0104167
internal_weight=336.464 289.787 266.449 62.2362 204.212 177.957 150.728 85.5747 65.1535 53.4842 46.6771
internal_count=346 298 274 64 210 183 155 88 67 55 48
is_linear=0
shrinkage=0.05


Tree=132
num_leaves=11
num_cat=0
split_feature=24 18 16 11 16 11 24 29 26 29
split_gain=5.587 4.61349 3.95487 5.79201 5.08178 3.33408 3.1717 3.78401 2.74265 1.24472
threshold=0.59041123596379663 0.27746994573345846 3185.0000000000005 1960.0000000000002 4295.0000000000009 3205.0000000000005 0.036281179138321955 0.015242845585726453 1620.0000000000002 0.020893244827974101
decision_type=2 2 2 2 2 2 2 2 2 2
left_child=1 5 3 6 -4 -1 7 -3 -8 -9
right_child=-2 2 4 -5 -6 -7 8 9 -10 -11
leaf_value=-1.0301293029031287 0.48155461379872122 -0.99909138765226546 1.5008818473332213 -0.23536798187840305 -0.02931650959721992 0.12981051331303206 -0.31659672692863983 1.2338911280560525 0.0086485705124118798 0.14986604022271877
leaf_weight=31.118080139160156 42.787360191345215 26.255880117416382 30.145640134811401 37.92516016960144 30.145640134811401 23.338560104370117 29.173200130462646 24.311000108718872 30.145640134811401 24.311000108718872
leaf_count=32 44 27 31 39 31 24 30 25 31 25
internal_value=0.00132743 -0.00118644 0.00188285 -0.0019774 0.0129032 -0.0142857 0.00289855 0.00974026 -0.0057377 0.018
internal_weight=329.657 286.87 232.413 172.122 60.2913 54.4566 134.197 74.8779 59.3188 48.622
internal_count=339 295 239 177 62 56 138 77 61 50
is_linear=0
shrinkage=0.05


Tree=133
num_leaves=12
num_cat=0
split_feature=27 27 22 29 12 20 29 25 12 29 30
split_gain=2.2047 3.0846 3.47471 4.35889 2.87797 1.95084 2.61396 5.45805 2.82648 3.13791 1.64944
threshold=130.00000000000003 295.00000000000006 0.038902335384385207 0.022800692318438152 1570.0000000000002 0.48146239122429596 0.017379973997757755 745.00000000000011 1095.0000000000002 0.020532980868485703 0.17964620000422574
decision_type=2 2 2 2 2 2 2 2 2 2 2
left_child=4 -2 5 -4 -1 6 7 10 -8 -10 -3
right_child=1 2 3 -5 -6 -7 8 -9 9 -11 -12
leaf_value=0.34403968641720439 -1.0658238431452673 -0.31780622884365362 0.54201313711193966 -0.01088667079206971 2.5078964771904566 -0.061068263576635223 0.17008638571766144 0.546123900024304 0.427462285744582 -0.36182118852477746 -0.38055130954973038
leaf_weight=30.145640134811401 23.338560104370117 24.311000108718872 29.173200130462646 24.311000108718872 23.338560104370117 24.311000108718872 40.842480182647705 28.200760126113892 27.228320121765137 24.311000108718872 26.255880117416382
leaf_count=31 24 25 30 25 24 25 42 29 28 25 27
internal_value=0.00253731 0.000714286 0.00234375 0.0136364 0.0118182 -0.000746269 0.00113636 -0.00555556 0.00684211 -0.000943396 -0.0153846
internal_weight=325.767 272.283 248.945 53.4842 53.4842 195.46 171.149 78.7676 92.3818 51.5393 50.5669
internal_count=335 280 256 55 55 201 176 81 95 53 52
is_linear=0
shrinkage=0.05


Tree=134
num_leaves=10
num_cat=0
split_feature=15 14 20 18 22 22 18 6 24
split_gain=5.40372 3.98081 4.67932 3.91203 3.34835 2.6337 2.53805 2.46516 1.68743
threshold=570.00000000000011 1331.2500000000002 0.48146239122429596 0.46712018140589578 0.0031256748319328505 0.050433255787053051 0.37820167522791437 1.0000000180025095e-35 0.036281179138321955
decision_type=2 2 2 2 2 2 2 2 2
left_child=1 3 5 -1 -5 6 -3 -8 -6
right_child=-2 2 -4 4 8 -7 7 -9 -10
leaf_value=-0.31937365296215603 -0.36073985864486535 -0.058891569083652943 -0.075213466674290436 -0.99851783597014221 0.18419456588726463 1.3929264555344845 0.13580678357409398 2.1884289400507213 -0.0058110948687726711
leaf_weight=25.283440113067627 39.87004017829895 38.897600173950195 45.704680204391479 28.200760126113892 34.035400152206421 27.228320121765137 32.090520143508911 27.228320121765137 35.007840156555176
leaf_count=26 41 40 47 29 35 28 33 28 36
internal_value=-0.00102041 0.0013245 0.00625 -0.00555556 -0.001 0.0112403 0.00742574 0.0139344 0.00492958
internal_weight=333.547 293.677 171.149 122.527 97.244 125.445 98.2164 59.3188 69.0432
internal_count=343 302 176 126 100 129 101 61 71
is_linear=0
shrinkage=0.05


Tree=135
num_leaves=11
num_cat=0
split_feature=18 15 14 26 16 24 18 20 29 15
split_gain=3.72994 2.64622 3.3422 3.09606 4.40987 3.01259 1.89157 1.4756 1.32044 3.53207
threshold=0.99886621315192758 570.00000000000011 4096.2500000000009 1025.0000000000002 1265.0000000000002 0.0101742451366511 0.75982615268329567 0.50428175692045529 0.023011748257082604 78.750000000000014
decision_type=2 2 2 2 2 2 2 2 2 2
left_child=1 2 3 5 6 -1 -5 8 9 -7
right_child=-2 -3 -4 4 -6 7 -8 -9 -10 -11
leaf_value=0.1290164443953927 0.8842911602053164 -0.32569313616629647 0.62791931846209081 -0.020653451826888158 0.09046359088592909 -0.35571529660599027 0.030894071578393325 0.020921929733992786 -0.079988660029198411 -0.15792494095528584
leaf_weight=25.283440113067627 33.062960147857666 27.228320121765137 32.090520143508911 24.311000108718872 24.311000108718872 30.145640134811401 35.980280160903931 23.338560104370117 33.062960147857666 34.035400152206421
leaf_count=26 34 28 33 25 25 31 37 24 34 35
internal_value=-0.00120482 -0.00302013 -0.00148148 -0.0035865 0.00402299 -0.008 -0.00322581 -0.0112903 -0.014 -0.0181818
internal_weight=322.85 289.787 262.559 230.468 84.6023 145.866 60.2913 120.583 97.244 64.181
internal_count=332 298 270 237 87 150 62 124 100 66
is_linear=0
shrinkage=0.05


Tree=136
num_leaves=11
num_cat=0
split_feature=20 15 11 30 15 29 26 14 30 11
split_gain=2.62417 4.10348 4.46087 3.26346 3.40657 4.79642 4.46744 3.30288 2.39184 2.27608
threshold=0.48146239122429596 776.25000000000011 3645.0000000000005 0.24994796080705359 63.750000000000007 0.018834141677800904 145.00000000000003 1331.2500000000002 0.22300960541281947 1105.0000000000002
decision_type=2 2 2 2 2 2 2 2 2 2
left_child=1 2 3 4 6 7 -1 -6 -2 -8
right_child=8 -3 -4 -5 5 -7 9 -9 -10 -11
leaf_value=0.58837725062644497 0.005782512483779101 -0.55943265105161122 1.2427152937612391 0.33166768914144318 0.031245025578789411 -0.1830093709300627 -1.4059110838741278 0.4320759917985697 -0.31875324867858129 -0.036825802475993895
leaf_weight=30.145640134811401 32.090520143508911 30.145640134811401 36.952720165252686 43.75980019569397 29.173200130462646 27.228320121765137 28.200760126113892 26.255880117416382 33.062960147857666 31.118080139160156
leaf_count=31 33 31 38 45 30 28 29 27 34 32
internal_value=0.000837989 0.00292096 0.005 0.00225225 -0.000847458 0.00647059 -0.0076087 0.0149123 -0.00820896 -0.0155738
internal_weight=348.134 282.98 252.834 215.882 172.122 82.6574 89.4645 55.4291 65.1535 59.3188
internal_count=358 291 260 222 177 85 92 57 67 61
is_linear=0
shrinkage=0.05


Tree=137
num_leaves=11
num_cat=0
split_feature=18 16 29 27 18 30 14 14 27 18
split_gain=3.25489 7.232 4.50022 3.90735 5.01552 3.4216 3.06614 7.2426 3.5444 2.3463
threshold=0.46712018140589578 4645.0000000000009 0.014809731492041503 145.00000000000003 0.63817082388510971 0.22278277737562743 1113.7500000000002 1133.7500000000002 1385.0000000000002 0.25535515676705994
decision_type=2 2 2 2 2 2 2 2 2 2
left_child=1 2 -1 -2 -5 -4 -6 -8 -9 -7
right_child=3 -3 5 4 6 9 7 8 -10 -11
leaf_value=-0.28691740914221103 1.8034491823798591 0.77339893214416411 0.029682774299851646 0.59809484722574102 -0.9290839973407401 -0.092572611484797562 0.33999405653530634 0.043399882009862271 -0.5314610184990215 -0.28143684680539993
leaf_weight=30.145640134811401 27.228320121765137 27.228320121765137 39.87004017829895 26.255880117416382 25.283440113067627 45.704680204391479 25.283440113067627 35.980280160903931 25.283440113067627 26.255880117416382
leaf_count=31 28 28 41 27 26 47 26 37 26 27
internal_value=-0.000872093 -0.00574713 -0.010274 0.00411765 0.000704225 -0.00565217 -0.00391304 0.000561798 -0.00873016 -0.0121622
internal_weight=334.519 169.205 141.976 165.315 138.086 111.831 111.831 86.5472 61.2637 71.9606
internal_count=344 174 146 170 142 115 115 89 63 74
is_linear=0
shrinkage=0.05


Tree=138
num_leaves=11
num_cat=0
split_feature=22 27 29 26 28 22 30 15 11 22
split_gain=3.7747 3.92841 5.63325 5.0504 4.89114 3.66261 3.28199 3.43792 2.67552 1.52212
threshold=0.062605503892896819 1035.0000000000002 0.017635136160266001 1055.0000000000002 3.5000000000000004 0.037972416461924001 0.15539210388166627 138.75000000000003 1095.0000000000002 0.0089312443116894517
decision_type=2 2 2 2 2 2 2 2 2 2
left_child=1 4 3 -3 6 8 -1 9 -4 -8
right_child=-2 2 5 -5 -6 -7 7 -9 -10 -11
leaf_value=0.4180951104542146 -0.66294288182291439 0.27912888696025678 0.32645771094260001 -0.31097453985227053 0.5678826521908491 0.85739742937882968 -1.3278078293783211 -3.1866751605645733 0.018607493708395852 0.13597356483180648
leaf_weight=31.118080139160156 24.311000108718872 37.92516016960144 25.283440113067627 28.200760126113892 38.897600173950195 23.338560104370117 35.980280160903931 32.090520143508911 40.842480182647705 25.283440113067627
leaf_count=32 25 39 26 29 40 24 37 33 42 26
internal_value=0.000991501 0.00243902 0.008125 -0.00294118 -0.00297619 0.0163043 -0.0078125 -0.0125 0.0102941 -0.00555556
internal_weight=343.271 318.96 155.59 66.1259 163.37 89.4645 124.472 93.3542 66.1259 61.2637
internal_count=353 328 160 68 168 92 128 96 68 63
is_linear=0
shrinkage=0.05


Tree=139
num_leaves=11
num_cat=0
split_feature=11 22 22 29 11 27 26 11 27 29
split_gain=4.94039 3.50996 3.47311 3.28746 3.92669 3.40156 3.54723 2.67802 2.42814 0.835252
threshold=3665.0000000000005 0.035759571303830506 0.029150141292213654 0.019625800787450905 1095.0000000000002 145.00000000000003 615.00000000000011 4165.0000000000009 1005.0000000000001 0.016260434923171904
decision_type=2 2 2 2 2 2 2 2 2 2
left_child=1 2 3 5 -5 -1 -7 -2 -3 -8
right_child=7 8 -4 4 -6 6 9 -9 -10 -11
leaf_value=0.62671353468481361 0.77992509052328396 -1.2991797175613329 0.14667191448158975 0.10389483428330096 -0.038084881138115638 -1.2025793954640449 -0.25986084383426944 0.46302164289372744 -0.012815841442056809 0.12917488659022638
leaf_weight=31.118080139160156 29.173200130462646 32.090520143508911 26.255880117416382 29.173200130462646 35.980280160903931 24.311000108718872 28.200760126113892 33.062960147857666 39.87004017829895 23.338560104370117
leaf_count=32 30 33 27 30 37 25 29 34 41 24
internal_value=0.00292398 0 0.00343137 0.000847458 0.00970149 -0.00454545 -0.0102564 0.015625 -0.00945946 -0.00283019
internal_weight=332.574 270.338 198.378 172.122 65.1535 106.968 75.8503 62.2362 71.9606 51.5393
internal_count=342 278 204 177 67 110 78 64 74 53
is_linear=0
shrinkage=0.05


Tree=140
num_leaves=11
num_cat=0
split_feature=14 30 11 25 11 25 26 26 22 23
split_gain=2.849 5.08178 3.31811 4.43012 2.24114 3.60052 2.16181 5.99433 1.95865 1.60357
threshold=1128.7500000000002 0.23227530039315628 3665.0000000000005 1560.0000000000002 2975.0000000000005 1005.0000000000001 2290.0000000000005 415.00000000000006 0.023334787868018101 0.25943574494787436
decision_type=2 2 2 2 2 2 2 2 2 2
left_child=1 -1 4 -4 5 6 7 9 -6 -2
right_child=2 -3 3 -5 8 -7 -8 -9 -10 -11
leaf_value=-0.19953527754964853 -0.0018917467610208407 0.27826372974149083 0.43987056074902287 -0.14830905637204525 -0.0091361472893595422 0.091961543342631569 -0.24686780164255426 0.19897228616268878 -0.31217128857445009 -1.3623485501134156
leaf_weight=30.145640134811401 24.311000108718872 30.145640134811401 28.200760126113892 35.980280160903931 23.338560104370117 29.173200130462646 25.283440113067627 36.952720165252686 26.255880117416382 39.87004017829895
leaf_count=31 25 31 29 37 24 30 26 38 27 41
internal_value=-0.000147493 0.00967742 -0.00234657 0.00757576 -0.00545024 -0.0025 -0.00615385 -0.00288462 -0.0147059 -0.0121212
internal_weight=329.657 60.2913 269.366 64.181 205.185 155.59 126.417 101.134 49.5944 64.181
internal_count=339 62 277 66 211 160 130 104 51 66
is_linear=0
shrinkage=0.05


Tree=141
num_leaves=11
num_cat=0
split_feature=28 27 24 27 29 24 24 29 15 25
split_gain=2.94586 3.84657 5.10844 5.4586 3.38137 3.31033 3.85289 5.72575 3.14295 1.29659
threshold=3.5000000000000004 995.00000000000011 0.40019692087361264 2525.0000000000005 0.012448113744241101 0.24635275119146083 0.09060362036552512 0.017635136160266001 41.250000000000007 1065.0000000000002
decision_type=2 2 2 2 2 2 2 2 2 2
left_child=1 4 5 9 -1 6 7 -3 -6 -4
right_child=-2 2 3 -5 8 -7 -8 -9 -10 -11
leaf_value=0.23531943643301931 0.54300653912928287 -0.56398902210426061 0.40881105694463715 -0.001687053729847321 -0.067659701916340964 -0.19871894618781882 0.31677500957816851 0.074819547858930954 -4.8096526057594025 0.17957882499463268
leaf_weight=29.173200130462646 45.704680204391479 29.173200130462646 23.338560104370117 25.283440113067627 35.007840156555176 29.173200130462646 25.283440113067627 32.090520143508911 36.952720165252686 23.338560104370117
leaf_count=30 47 30 24 26 36 30 26 33 38 24
internal_value=0.00203488 0.00016835 0.00440415 0.0148649 -0.00769231 -0.00210084 0.00280899 -0.00396825 -0.0135135 0.025
internal_weight=334.519 288.815 187.681 71.9606 101.134 115.72 86.5472 61.2637 71.9606 46.6771
internal_count=344 297 193 74 104 119 89 63 74 48
is_linear=0
shrinkage=0.05


Tree=142
num_leaves=11
num_cat=0
split_feature=18 18 27 29 30 18 27 29 30 14
split_gain=3.32156 3.61609 3.3563 3.76245 6.69353 2.98595 2.97186 2.82695 2.45878 1.60198
threshold=0.19004787100025192 0.35408919123204841 165.00000000000014 0.017379973997757755 0.17833928115472927 0.13663076341647773 295.00000000000006 0.019032712606033005 0.23676646859869618 4080.0000000000005
decision_type=2 2 2 2 2 2 2 2 2 2
left_child=5 6 -3 4 -4 -1 -2 -5 -9 -8
right_child=1 2 3 7 -6 -7 9 8 -10 -11
leaf_value=0.0054853203559332544 -5.0171137103655159 0.75271077656218499 0.051437311315282841 0.50190218117614904 -0.51535147271102921 0.65973205638458698 -0.017007037788448542 -0.92132098781397653 0.039319271386307267 0.30093625909926236
leaf_weight=25.283440113067627 26.255880117416382 36.952720165252686 41.81492018699646 23.338560104370117 30.145640134811401 26.255880117416382 36.952720165252686 23.338560104370117 45.704680204391479 24.311000108718872
leaf_count=26 27 38 43 24 31 27 38 24 47 25
internal_value=0.000571429 -0.00151515 0.00217391 -0.000887574 -0.00945946 0.0122642 -0.01 0.00578947 0.000704225 -0.00396825
internal_weight=340.354 288.815 201.295 164.342 71.9606 51.5393 87.5196 92.3818 69.0432 61.2637
internal_count=350 297 207 169 74 53 90 95 71 63
is_linear=0
shrinkage=0.05


Tree=143
num_leaves=11
num_cat=0
split_feature=27 11 14 29 26 18 18 26 22 29
split_gain=2.18737 5.29394 6.3522 3.78556 3.37807 2.48533 4.3236 2.68758 3.75576 6.4448
threshold=2525.0000000000005 3645.0000000000005 3453.7500000000005 0.016044002109643307 1525.0000000000002 0.24912187097061048 0.42578384737353592 145.00000000000003 0.0080532382495098528 0.020893244827974101
decision_type=2 2 2 2 2 2 2 2 2 2
left_child=1 2 4 -2 5 -1 -7 -8 9 -9
right_child=3 -3 -4 -5 -6 6 7 8 -10 -11
leaf_value=0.16272369678752058 0.28588944614430151 0.35861307711995782 -0.28577642494690281 -0.2275634721610004 0.11714461985668551 -2.6215884669419669 1.1518774762168504 -1.8439152677093718 0.26021167612375395 0.10079577607331203
leaf_weight=40.842480182647705 27.228320121765137 41.81492018699646 30.145640134811401 35.980280160903931 26.255880117416382 26.255880117416382 28.200760126113892 26.255880117416382 28.200760126113892 23.338560104370117
leaf_count=42 28 43 31 37 27 27 29 27 29 24
internal_value=0.00145349 0.00340502 0.000423729 -0.00692308 0.00365854 0.0011236 -0.00220588 0.00229358 -0.0025 -0.0107843
internal_weight=334.519 271.311 229.496 63.2086 199.35 173.094 132.252 105.996 77.7952 49.5944
internal_count=344 279 236 65 205 178 136 109 80 51
is_linear=0
shrinkage=0.05


Tree=144
num_leaves=11
num_cat=0
split_feature=15 16 24 27 27 24 25 27 29 18
split_gain=4.56052 4.12012 3.34556 4.44526 5.01753 3.21394 6.4311 2.69144 6.74381 2.09805
threshold=923.50125000000048 4645.0000000000009 0.036281179138321955 295.00000000000006 2525.0000000000005 0.53945115461150461 545.00000000000011 165.00000000000014 0.017635136160266001 0.63817082388510971
decision_type=2 2 2 2 2 2 2 2 2 2
left_child=1 2 7 -4 5 6 9 -1 -9 -5
right_child=-2 -3 3 4 -6 -7 -8 8 -10 -11
leaf_value=0.80727100111953409 -0.52795265121949342 1.1131873486805943 -1.6020480244064517 0.12009118897565259 -0.29580139843671988 0.15351958177832331 -0.33497863629977476 -1.2317575517444994 0.33227675256727029 -0.014388640364552431
leaf_weight=30.145640134811401 25.283440113067627 27.228320121765137 36.952720165252686 30.145640134811401 25.283440113067627 40.842480182647705 24.311000108718872 24.311000108718872 41.81492018699646 24.311000108718872
leaf_count=31 26 28 38 31 26 42 25 25 43 25
internal_value=0.00117647 0.00286624 0.00104895 -0.00294118 0.00100671 0.00528455 -0.000617284 0.00858586 0.00294118 0.00892857
internal_weight=330.63 305.346 278.118 181.846 144.894 119.61 78.7676 96.2716 66.1259 54.4566
internal_count=340 314 286 187 149 123 81 99 68 56
is_linear=0
shrinkage=0.05


Tree=145
num_leaves=12
num_cat=0
split_feature=26 26 12 14 15 26 25 12 18 12 18
split_gain=3.06021 3.46225 2.98258 3.64597 3.355 3.33157 2.78135 1.91076 2.91732 1.50547 1.48336
threshold=2525.0000000000005 1205.0000000000002 3645.0000000000005 3453.7500000000005 63.750000000000007 985.00000000000011 545.00000000000011 4195.0000000000009 0.26977700745567651 2045.0000000000002 0.8595049130763418
decision_type=2 2 2 2 2 2 2 2 2 2 2
left_child=1 2 3 4 5 10 9 8 -4 -6 -1
right_child=-2 -3 7 -5 6 -7 -8 -9 -10 -11 -12
leaf_value=-0.013669208346323104 -0.18919667383438538 0.12749471052095487 0.14584360268941055 -0.25051559838693721 0.31109638255978783 -0.30944851266148138 0.61093328963706883 0.016223397623616621 1.0669430965604079 -0.041672424339276405 0.39148939587557835
leaf_weight=40.842480182647705 29.173200130462646 29.173200130462646 23.338560104370117 32.090520143508911 25.283440113067627 28.200760126113892 25.283440113067627 27.228320121765137 23.338560104370117 26.255880117416382 29.173200130462646
leaf_count=42 30 30 24 33 26 29 26 28 24 27 30
internal_value=0.002149 0.00360502 0.00190311 -0.00117371 0.00166667 -0.00445545 0.00949367 0.0105263 0.0166667 0.00283019 0.00138889
internal_weight=339.382 310.208 281.035 207.13 175.039 98.2164 76.8228 73.9054 46.6771 51.5393 70.0157
internal_count=349 319 289 213 180 101 79 76 48 53 72
is_linear=0
shrinkage=0.05


Tree=146
num_leaves=10
num_cat=0
split_feature=14 29 29 29 15 19 11 30 27
split_gain=2.19596 2.77476 4.0499 5.97264 5.14911 5.43503 4.87944 2.82368 2.75122
threshold=1091.2500000000002 0.012617611391514601 0.017330245091656305 0.018834141677800904 86.250000000000014 0.56376059195608075 1105.0000000000002 0.23676646859869618 1495.0000000000002
decision_type=2 2 2 2 2 2 2 2 2
left_child=-1 -2 6 -4 7 -6 -3 -5 -8
right_child=1 2 3 4 5 -7 8 -9 -10
leaf_value=-0.87238046070553998 0.51681981135698152 -0.44718541358031416 0.2955415634318001 -0.0099176491728258046 -1.1152401246974024 0.13855142255492867 -0.079679686349277301 0.29812986556316901 0.23177241586049604
leaf_weight=23.338560104370117 35.007840156555176 24.311000108718872 39.87004017829895 26.255880117416382 41.81492018699646 34.035400152206421 41.81492018699646 43.75980019569397 28.200760126113892
leaf_count=24 36 25 41 27 43 35 43 45 29
internal_value=0.00229885 0.00339506 0.00173611 0.00602094 0.00133333 -0.00769231 -0.00670103 0.0111111 0
internal_weight=338.409 315.071 280.063 185.736 145.866 75.8503 94.3267 70.0157 70.0157
internal_count=348 324 288 191 150 78 97 72 72
is_linear=0
shrinkage=0.05


Tree=147
num_leaves=11
num_cat=0
split_feature=14 15 11 18 11 18 22 26 15 11
split_gain=2.2058 3.41979 4.6174 5.76787 2.61936 3.3529 2.66883 4.66852 3.22732 2.42948
threshold=1091.2500000000002 570.00000000000011 3720.0000000000005 0.14977166792642982 1055.0000000000002 0.97074829931972795 0.0080532382495098528 90.000000000000128 86.250000000000014 2270.0000000000005
decision_type=2 2 2 2 2 2 2 2 2 2
left_child=-1 2 3 -2 -5 6 -6 9 -9 -8
right_child=1 -3 -4 4 5 -7 7 8 -10 -11
leaf_value=-0.82876143767026633 -0.92316531652950296 -0.18645088573036903 0.99259220562553319 0.245540876129553 -0.077859985966279063 0.74034477089915074 -1.5471031533366615 0.15116245617496135 0.020098649896090139 0.080809179358971056
leaf_weight=23.338560104370117 23.338560104370117 33.062960147857666 35.007840156555176 31.118080139160156 43.75980019569397 23.338560104370117 28.200760126113892 29.173200130462646 24.311000108718872 39.87004017829895
leaf_count=24 24 34 36 32 45 24 29 30 25 41
internal_value=0.00232558 0.0034375 0.00524476 0.0028 0.00530973 0.00309278 0.000588235 0.0044 0.0154545 -0.00428571
internal_weight=334.519 311.181 278.118 243.11 219.771 188.653 165.315 121.555 53.4842 68.0708
internal_count=344 320 286 250 226 194 170 125 55 70
is_linear=0
shrinkage=0.05


Tree=148
num_leaves=11
num_cat=0
split_feature=22 20 18 26 29 26 29 30 27 15
split_gain=3.01313 5.6082 4.66286 4.62747 3.7701 4.48144 3.25062 2.59317 2.80063 2.48323
threshold=0.01184733038316235 0.41742793967941572 0.19004787100025192 145.00000000000003 0.018130796180023102 1085.0000000000002 0.017379973997757755 0.23453342965851146 1525.0000000000002 48.750000000000007
decision_type=2 2 2 2 2 2 2 2 2 2
left_child=3 6 -3 9 -5 -6 -2 8 -4 -1
right_child=1 2 7 4 5 -7 -8 -9 -10 -11
leaf_value=7.2637656190309485 0.10375957019316502 0.17055418478619233 -1.3698997986393238 -1.1311847857991779 -0.039757070074176684 0.28711637158332909 0.32005450609667607 -1.0604830509573504 0.11342024665170812 -0.012863344004790634
leaf_weight=23.338560104370117 42.787360191345215 45.704680204391479 24.311000108718872 33.062960147857666 33.062960147857666 26.255880117416382 37.92516016960144 24.311000108718872 24.311000108718872 24.311000108718872
leaf_count=24 44 47 25 34 34 27 39 25 25 25
internal_value=0.002149 0.00609756 -0.000819672 -0.00347222 -0.01 -0.00245902 0.0162651 -0.00866667 -0.002 0.00918367
internal_weight=339.382 199.35 118.638 140.031 92.3818 59.3188 80.7125 72.933 48.622 47.6496
internal_count=349 205 122 144 95 61 83 75 50 49
is_linear=0
shrinkage=0.05


Tree=149
num_leaves=11
num_cat=0
split_feature=26 19 29 15 29 14 29 27 15 30
split_gain=3.93548 2.50992 3.14173 2.97024 3.61967 2.62487 2.51912 3.06203 2.18231 3.74974
threshold=2290.0000000000005 0.56376059195608075 0.023944345237044754 116.25000000000001 0.019032712606033005 3111.2500000000005 0.017635136160266001 1880.0000000000002 48.750000000000007 0.21776469879746937
decision_type=2 2 2 2 2 2 2 2 2 2
left_child=1 3 -3 5 6 8 7 -5 9 -1
right_child=-2 2 -4 4 -6 -7 -8 -9 -10 -11
leaf_value=0.24058664383430825 -0.015319992665376959 0.38324122387684839 0.015986777033322141 -0.37969521982236076 -0.78075624536006671 0.63716153132113507 0.39188538839880493 0.098571591683503365 0.17313224793188056 -0.037769216570472969
leaf_weight=39.87004017829895 39.87004017829895 27.228320121765137 23.338560104370117 31.118080139160156 29.173200130462646 26.255880117416382 24.311000108718872 23.338560104370117 32.090520143508911 35.007840156555176
leaf_count=41 41 28 24 32 30 27 25 24 33 36
internal_value=0.00131965 0.00333333 0.0134615 0.00120968 -0.00495495 0.00620438 0.000617284 -0.00535714 0.00272727 -0.00194805
internal_weight=331.602 291.732 50.5669 241.165 107.941 133.224 78.7676 54.4566 106.968 74.8779
internal_count=341 300 52 248 111 137 81 56 110 77
is_linear=0
shrinkage=0.05


Tree=150
num_leaves=10
num_cat=0
split_feature=15 26 15 15 11 29 22 29 29
split_gain=5.33805 6.87294 3.6365 2.40998 4.44445 2.92492 2.90771 3.3228 7.02365
threshold=570.00000000000011 2290.0000000000005 378.75000000000006 161.25000000000003 3055.0000000000005 0.016949696914734105 0.0033513225575603008 0.022084057524349752 0.016818869133432602
decision_type=2 2 2 2 2 2 2 2 2
left_child=1 2 3 4 6 -5 -1 8 -8
right_child=-2 -3 -4 5 -6 -7 7 -9 -10
leaf_value=-0.011073002369732876 -0.14376154150845652 -0.030836824846846869 0.77551152265091339 0.15709789596269275 0.76485374799965489 -0.80982378963128676 -0.050454342205921425 -0.035880755741948177 0.39591942944683756
leaf_weight=38.897600173950195 33.062960147857666 39.87004017829895 26.255880117416382 24.311000108718872 25.283440113067627 40.842480182647705 35.980280160903931 35.980280160903931 37.92516016960144
leaf_count=40 34 41 27 25 26 42 37 37 39
internal_value=0.00143678 0.00350318 0.00641026 0.00447154 0.0075419 -0.00373134 0.00424837 0.00840708 0.0144737
internal_weight=338.409 305.346 265.476 239.22 174.067 65.1535 148.783 109.886 73.9054
internal_count=348 314 273 246 179 67 153 113 76
is_linear=0
shrinkage=0.05


Tree=151
num_leaves=10
num_cat=0
split_feature=27 22 18 29 27 16 11 15 30
split_gain=3.06953 5.52247 5.12665 5.62626 4.47407 1.90963 3.47464 2.15804 2.66482
threshold=2525.0000000000005 0.050734318589089257 0.32207105064247926 0.018834141677800904 2940.0000000000005 3185.0000000000005 1960.0000000000002 63.750000000000007 0.19924416135777032
decision_type=2 2 2 2 2 2 2 2 2
left_child=1 2 3 -1 -2 6 7 8 -4
right_child=4 -3 5 -5 -6 -7 -8 -9 -10
leaf_value=0.094239202918879536 -0.65498172884445016 0.62618110190821885 0.66454386627310669 -1.2440024209080549 0.063095792092553893 0.37947919605430802 -0.25633916920089633 0.16626967332239248 -0.010519352251242254
leaf_weight=27.228320121765137 26.255880117416382 42.787360191345215 27.228320121765137 27.228320121765137 40.842480182647705 34.035400152206421 35.007840156555176 33.062960147857666 41.81492018699646
leaf_count=28 27 44 28 28 42 35 36 34 43
internal_value=0.0015942 0.00398551 0.000862069 -0.0125 -0.00797101 0.00511364 0.00248227 0.00714286 0.00211268
internal_weight=335.492 268.393 225.606 54.4566 67.0984 171.149 137.114 102.106 69.0432
internal_count=345 276 232 56 69 176 141 105 71
is_linear=0
shrinkage=0.05


Tree=152
num_leaves=10
num_cat=0
split_feature=29 29 18 30 24 27 25 18 29
split_gain=2.34794 3.12406 5.60311 5.48361 3.89718 3.25293 3.55174 3.89613 3.71233
threshold=0.026535091062209054 0.019625800787450905 0.8595049130763418 0.22138660717042893 0.42263555907800016 75.000000000000014 1035.0000000000002 0.37277291869128604 0.015641067965391553
decision_type=2 2 2 2 2 2 2 2 2
left_child=1 3 4 5 -3 -1 7 -7 -9
right_child=-2 2 -4 -5 -6 6 -8 8 -10
leaf_value=0.46992271713261291 -0.020519544093804146 -0.070248872739375662 0.57549847351056094 -0.88567851395546315 0.29399453145506416 -0.20667232523398982 0.36050523625158348 -0.54911667592576807 0.032553232452846713
leaf_weight=32.090520143508911 39.87004017829895 37.92516016960144 24.311000108718872 39.87004017829895 39.87004017829895 25.283440113067627 35.980280160903931 36.952720165252686 29.173200130462646
leaf_count=33 41 39 25 41 41 26 37 38 30
internal_value=0.00042735 0.00193548 0.00904762 -0.00170732 0.0025 0.00243902 -0.00114504 -0.00638298 0
internal_weight=341.326 301.456 102.106 199.35 77.7952 159.48 127.39 91.4094 66.1259
internal_count=351 310 105 205 80 164 131 94 68
is_linear=0
shrinkage=0.05


Tree=153
num_leaves=10
num_cat=0
split_feature=28 27 18 16 22 18 29 30 29
split_gain=2.98101 3.21575 4.38308 4.09799 2.19926 2.4095 2.58255 4.57107 3.36198
threshold=3.5000000000000004 995.00000000000011 0.25535515676705994 1575.0000000000002 0.040056994309483805 0.28770219198790631 0.017379973997757755 0.25231871001483713 0.013908753294164551
decision_type=2 2 2 2 2 2 2 2 2
left_child=1 2 -1 -4 5 -3 8 -8 -7
right_child=-2 4 3 -5 -6 6 7 -9 -10
leaf_value=0.14131054275694624 0.24935930411163554 -0.066736429102411426 -0.70282211525881166 -1.5816758683523746 0.071501980960374564 0.25873265166630971 0.28997150579461961 -0.0071198756568719547 -0.33581627975800077
leaf_weight=32.090520143508911 42.787360191345215 24.311000108718872 35.007840156555176 34.035400152206421 44.732240200042725 26.255880117416382 35.007840156555176 24.311000108718872 33.062960147857666
leaf_count=33 44 25 36 35 46 27 36 25 34
internal_value=0.00131965 -0.000505051 -0.00769231 -0.0147887 0.00336788 0.000340136 0.00327869 0.0106557 -0.00409836
internal_weight=331.602 288.815 101.134 69.0432 187.681 142.949 118.638 59.3188 59.3188
internal_count=341 297 104 71 193 147 122 61 61
is_linear=0
shrinkage=0.05


Tree=154
num_leaves=11
num_cat=0
split_feature=28 29 29 17 24 19 29 22 18 24
split_gain=4.6718 4.30668 6.5542 4.77801 4.32127 5.33023 5.56546 2.23459 1.88837 2.74717
threshold=3.5000000000000004 0.016096101144398352 0.017330245091656305 96.250000000000014 0.036281179138321955 0.56376059195608075 0.020741743618426803 0.0031256748319328505 0.42578384737353592 0.0011536778454071001
decision_type=2 2 2 2 2 2 2 2 2 2
left_child=1 3 -3 8 7 6 -6 -4 -1 -10
right_child=-2 2 4 -5 5 -7 -8 -9 9 -11
leaf_value=-0.35960687605852404 0.52077183422593409 -0.42014287478596091 -0.0086114136511469038 0.50099700744981424 -0.031603237474814708 0.028445100765736697 -0.76750177334245118 0.22696008008022092 -0.66768100949586828 0.25110963983265722
leaf_weight=23.338560104370117 39.87004017829895 25.283440113067627 24.311000108718872 26.255880117416382 41.81492018699646 32.090520143508911 26.255880117416382 25.283440113067627 23.338560104370117 30.145640134811401
leaf_count=24 41 26 25 27 43 33 27 26 24 31
internal_value=-0.000152905 -0.00244755 -0.00722222 0.00566038 -0.00324675 -0.0092233 -0.0171429 0.00882353 -0.000632911 0.00454545
internal_weight=317.988 278.118 175.039 103.079 149.756 100.161 68.0708 49.5944 76.8228 53.4842
internal_count=327 286 180 106 154 103 70 51 79 55
is_linear=0
shrinkage=0.05


Tree=155
num_leaves=10
num_cat=0
split_feature=26 29 30 28 18 29 26 25 18
split_gain=3.12706 7.20338 3.81407 3.3218 2.92828 2.57908 5.84798 4.78014 3.12897
threshold=1315.0000000000002 0.017379973997757755 0.14610162723370265 3.5000000000000004 0.19004787100025192 0.016044002109643307 130.00000000000003 1055.0000000000002 0.80173847316704472
decision_type=2 2 2 2 2 2 2 2 2
left_child=2 -2 -1 4 -4 -6 7 -7 -8
right_child=1 -3 3 -5 5 6 8 -9 -10
leaf_value=0.3119166546303177 -0.13347000057874539 0.27705309237862824 0.10479275028867506 0.49473324251463285 0.042877031539865135 -7.715460926442268 0.12706002885174714 -0.28753011879771295 -0.39156557878166043
leaf_weight=37.92516016960144 29.173200130462646 31.118080139160156 34.035400152206421 45.704680204391479 38.897600173950195 27.228320121765137 25.283440113067627 39.87004017829895 26.255880117416382
leaf_count=39 30 32 35 47 40 28 26 41 27
internal_value=0.0042029 0.0145161 0.00194346 -0.000409836 -0.00329949 -0.00617284 -0.00983607 -0.0195652 0.00283019
internal_weight=335.492 60.2913 275.201 237.275 191.571 157.535 118.638 67.0984 51.5393
internal_count=345 62 283 244 197 162 122 69 53
is_linear=0
shrinkage=0.05


Tree=156
num_leaves=12
num_cat=0
split_feature=24 18 22 11 11 11 15 28 29 24 25
split_gain=2.30334 3.9708 3.58964 3.58488 8.38363 3.56971 5.0377 3.39584 2.85126 2.41788 2.34155
threshold=0.59041123596379663 0.14557823129251699 0.04494343915884691 4195.0000000000009 3665.0000000000005 2325.0000000000005 63.750000000000007 2.5000000000000004 0.017801593966907153 0.0089191232048374518 535.00000000000011
decision_type=2 2 2 2 2 2 2 2 2 2 2
left_child=2 -2 3 4 5 6 7 9 -8 -1 -7
right_child=1 -3 -4 -5 -6 10 8 -9 -10 -11 -12
leaf_value=-0.64989279175258619 0.021783208213014407 1.224814099016112 -0.3301534174273002 -0.38475922510679084 0.90780651309974025 0.12070702740916205 0.071226600435261397 -0.098504395118800409 0.35033472089253337 0.065967566438735054 -0.12255980539548546
leaf_weight=32.090520143508911 23.338560104370117 23.338560104370117 25.283440113067627 24.311000108718872 24.311000108718872 28.200760126113892 39.87004017829895 30.145640134811401 28.200760126113892 37.92516016960144 25.283440113067627
leaf_count=33 24 24 26 25 25 29 41 31 29 39 26
internal_value=0.00426136 0.0145833 0.00263158 0.00431655 0.00612648 0.00307018 0.0066474 -0.000485437 0.0171429 0.00555556 -0.00818182
internal_weight=342.299 46.6771 295.622 270.338 246.027 221.716 168.232 100.161 68.0708 70.0157 53.4842
internal_count=352 48 304 278 253 228 173 103 70 72 55
is_linear=0
shrinkage=0.05


Tree=157
num_leaves=11
num_cat=0
split_feature=11 14 26 11 30 11 26 26 27 30
split_gain=3.2034 3.41129 2.76646 2.64826 2.5894 3.02236 2.98841 3.34568 4.11419 2.18176
threshold=3695.0000000000005 3785.0000000000005 2565.0000000000005 4195.0000000000009 0.11729420244865317 2975.0000000000005 1205.0000000000002 745.00000000000011 295.00000000000006 0.22696027561569829
decision_type=2 2 2 2 2 2 2 2 2 2
left_child=1 2 4 -2 -1 6 7 8 -6 -10
right_child=3 -3 -4 -5 5 -7 -8 -9 9 -11
leaf_value=0.5243335557432488 0.86484840931548213 -0.1164318151257021 -0.16563177858274686 0.013918632137165333 -0.4417054850710429 -0.17687426988516108 0.051691576094037829 -0.14706723543109776 0.17816167475750719 0.98215208832273226
leaf_weight=24.311000108718872 23.338560104370117 27.228320121765137 27.228320121765137 26.255880117416382 41.81492018699646 34.035400152206421 30.145640134811401 44.732240200042725 23.338560104370117 27.228320121765137
leaf_count=25 24 28 28 27 43 35 31 46 24 28
internal_value=0.00103245 -0.00104167 0.000769231 0.0127451 0.00258621 0.000724638 0.00348837 0.00035461 0.00578947 0.0153846
internal_weight=329.657 280.063 252.834 49.5944 225.606 201.295 167.26 137.114 92.3818 50.5669
internal_count=339 288 260 51 232 207 172 141 95 52
is_linear=0
shrinkage=0.05


Tree=158
num_leaves=11
num_cat=0
split_feature=30 28 22 24 27 27 16 29 20 20
split_gain=4.57432 3.50623 3.08029 3.45442 2.93558 4.00149 2.85311 2.69865 1.65963 0.772232
threshold=0.29102633854345289 3.5000000000000004 0.046515037131027157 0.21774395376879849 165.00000000000014 995.00000000000011 4170.0000000000009 0.017379973997757755 0.45799792139077855 0.42999433106575963
decision_type=2 2 2 2 2 2 2 2 2 2
left_child=1 2 3 4 -1 -6 9 -7 -4 -5
right_child=-2 -3 8 6 5 7 -8 -9 -10 -11
leaf_value=0.49811687795609033 -0.12231928858761876 0.6278627232816234 -0.046520093465437645 0.33023340604320311 -1.4106591906722317 -0.15735018965360725 0.04947615563626187 0.049106997289334237 0.14902137862097789 0.21050499901762124
leaf_weight=31.118080139160156 23.338560104370117 34.035400152206421 23.338560104370117 26.255880117416382 25.283440113067627 39.87004017829895 35.980280160903931 45.704680204391479 24.311000108718872 23.338560104370117
leaf_count=32 24 35 24 27 26 41 37 47 25 24
internal_value=0.00467836 0.00628931 0.00441696 0.00683761 0.00205479 -0.00175439 0.0147727 0.00340909 -0.00714286 0.022549
internal_weight=332.574 309.236 275.201 227.551 141.976 110.858 85.5747 85.5747 47.6496 49.5944
internal_count=342 318 283 234 146 114 88 88 49 51
is_linear=0
shrinkage=0.05


Tree=159
num_leaves=10
num_cat=0
split_feature=29 25 30 30 29 22 27 30 27
split_gain=3.66008 3.33001 3.07665 5.15335 3.73291 3.30407 4.02518 2.88357 4.05735
threshold=0.023944345237044754 595.00000000000011 0.24197731265755099 0.22138660717042893 0.019525017892454505 0.033724508213992706 75.000000000000014 0.16770300206248567 1015.0000000000001
decision_type=2 2 2 2 2 2 2 2 2
left_child=2 -2 3 5 -5 6 -1 -8 -9
right_child=1 -3 -4 4 -6 -7 7 8 -10
leaf_value=0.64212197851170461 -0.00016278149746540294 -0.782132742567751 0.34484896136282261 -0.8242789455692332 0.013671255302256213 0.24755712243902508 -0.41616873963839685 -0.097497596857306246 0.13138289901564804
leaf_weight=28.200760126113892 39.87004017829895 23.338560104370117 33.062960147857666 27.228320121765137 33.062960147857666 39.87004017829895 43.75980019569397 33.062960147857666 38.897600173950195
leaf_count=29 41 24 34 28 34 41 45 34 40
internal_value=0.000857143 -0.01 0.00333333 0.00139442 -0.0112903 0.00555556 0.00202703 -0.00210084 0.00405405
internal_weight=340.354 63.2086 277.145 244.082 60.2913 183.791 143.921 115.72 71.9606
internal_count=350 65 285 251 62 189 148 119 74
is_linear=0
shrinkage=0.05


Tree=160
num_leaves=11
num_cat=0
split_feature=18 25 16 15 11 15 15 22 26 30
split_gain=3.5196 4.51606 2.89178 7.38808 2.57104 4.01511 3.11961 4.14908 2.89989 1.74804
threshold=0.27746994573345846 615.00000000000011 3185.0000000000005 461.25000000000006 2295.0000000000005 63.750000000000007 33.750000000000007 0.0026594270113644005 2290.0000000000005 0.21541194047559062
decision_type=2 2 2 2 2 2 2 2 2 2
left_child=1 -1 4 -4 5 6 7 -2 -7 -3
right_child=2 9 3 -5 -6 8 -8 -9 -10 -11
leaf_value=0.12761456635735158 -0.38135730634460291 -0.011982739419363498 0.71291822619282363 -0.07709668702984801 -0.092622717014432976 0.28938241888306493 -0.12867424318900475 0.61001587958611481 0.0016138097362386361 -0.74302610543936687
leaf_weight=34.035400152206421 29.173200130462646 23.338560104370117 35.007840156555176 25.283440113067627 29.173200130462646 35.007840156555176 34.035400152206421 29.173200130462646 25.283440113067627 43.75980019569397
leaf_count=35 30 24 36 26 30 36 35 30 26 45
internal_value=0.000141643 -0.00769231 0.00341365 0.0129032 0.00026738 0.00286624 -0.00368421 0.00333333 0.0129032 -0.0152174
internal_weight=343.271 101.134 242.138 60.2913 181.846 152.673 92.3818 58.3464 60.2913 67.0984
internal_count=353 104 249 62 187 157 95 60 62 69
is_linear=0
shrinkage=0.05


Tree=161
num_leaves=11
num_cat=0
split_feature=18 19 27 14 18 18 22 29 14 30
split_gain=2.30156 3.33132 3.03401 2.49836 3.00089 5.84951 3.11324 4.17555 2.86284 2.08959
threshold=0.21040054859296839 0.47061434981868983 955.00000000000011 3151.2500000000005 0.46712018140589578 0.69204459561602427 0.0057962496229795003 0.020468205329650803 3785.0000000000005 0.19924416135777032
decision_type=2 2 2 2 2 2 2 2 2 2
left_child=2 3 -1 4 -2 -6 7 9 -5 -7
right_child=1 -3 -4 8 5 6 -8 -9 -10 -11
leaf_value=1.8298644785529405 -0.10387973913331053 -0.18307252102781604 0.0052349977223002499 2.5958101176912352 0.54071704290120126 0.55467391458745396 -0.61977153645718774 0.36171093211949029 0.027096145160953711 -0.66118038226251208
leaf_weight=23.338560104370117 36.952720165252686 41.81492018699646 25.283440113067627 23.338560104370117 26.255880117416382 31.118080139160156 24.311000108718872 25.283440113067627 36.952720165252686 23.338560104370117
leaf_count=24 38 43 26 24 27 32 25 26 38 24
internal_value=0.00198777 0.000180505 0.012 0.0025641 -0.000581395 0.00298507 -0.00233645 0.00243902 0.0112903 -0.00535714
internal_weight=317.988 269.366 48.622 227.551 167.26 130.307 104.051 79.7401 60.2913 54.4566
internal_count=327 277 50 234 172 134 107 82 62 56
is_linear=0
shrinkage=0.05


Tree=162
num_leaves=11
num_cat=0
split_feature=26 26 18 19 18 16 15 18 11 14
split_gain=1.84828 3.88329 2.425 6.28827 3.04476 2.64544 2.87563 5.15844 8.6386 0.892175
threshold=2290.0000000000005 1205.0000000000002 0.14977166792642982 0.56376059195608075 0.97074829931972795 4645.0000000000009 33.750000000000007 0.76925589076210199 3155.0000000000005 2523.7500000000005
decision_type=2 2 2 2 2 2 2 2 2 2
left_child=1 2 -1 4 5 6 -4 8 9 -8
right_child=-2 -3 3 -5 -6 -7 7 -9 -10 -11
leaf_value=-0.19770487065829911 -0.040481487186650615 0.0854608159323334 0.058351859545177832 0.92521651911933989 0.54458045913149822 0.079146532568165645 0.12642782499615351 -1.1774024487731596 -0.79334391112327018 -0.019136023366763767
leaf_weight=23.338560104370117 39.87004017829895 25.283440113067627 37.92516016960144 28.200760126113892 38.897600173950195 28.200760126113892 27.228320121765137 26.255880117416382 25.283440113067627 34.035400152206421
leaf_count=24 41 26 39 29 40 29 28 27 26 35
internal_value=-0.000872093 0.00049505 -0.00126354 0.000197628 -0.00267857 -0.00543478 -0.00806452 -0.012069 -0.00617978 0.00396825
internal_weight=334.519 294.649 269.366 246.027 217.827 178.929 150.728 112.803 86.5472 61.2637
internal_count=344 303 277 253 224 184 155 116 89 63
is_linear=0
shrinkage=0.05


Tree=163
num_leaves=11
num_cat=0
split_feature=27 24 26 26 22 18 22 11 25 25
split_gain=2.9469 4.32444 1.97941 3.34518 2.61216 3.03075 2.28484 4.69919 3.45756 4.21624
threshold=130.00000000000003 0.11961451247165526 2290.0000000000005 1205.0000000000002 0.041715838267460913 0.18260138522529193 0.0039698651919308509 2325.0000000000005 2050.0000000000005 615.00000000000011
decision_type=2 2 2 2 2 2 2 2 2 2
left_child=1 -1 3 4 6 -6 -2 -8 9 -9
right_child=2 -3 -4 -5 5 -7 7 8 -10 -11
leaf_value=2.8835279646429628 -0.11302692273907269 -0.068112492729517277 -0.11502246971355135 0.074725433147182233 0.014858491369113836 -0.62576988036937564 0.22345904886808513 0.021555750538914255 0.065408533459071813 -0.2020755573945735
leaf_weight=30.145640134811401 39.87004017829895 25.283440113067627 35.980280160903931 24.311000108718872 28.200760126113892 33.062960147857666 40.842480182647705 24.311000108718872 26.255880117416382 28.200760126113892
leaf_count=31 41 26 37 25 29 34 42 25 27 29
internal_value=0.000867052 0.0114035 -0.00121107 0.000396825 -0.00154185 -0.0103175 0.00182927 0.00528455 -0.00185185 -0.00925926
internal_weight=336.464 55.4291 281.035 245.055 220.744 61.2637 159.48 119.61 78.7676 52.5118
internal_count=346 57 289 252 227 63 164 123 81 54
is_linear=0
shrinkage=0.05


Tree=164
num_leaves=11
num_cat=0
split_feature=27 26 11 30 22 22 11 20 18 14
split_gain=3.18095 6.48774 4.32876 3.16679 2.22048 2.05839 2.2405 2.81464 2.95379 1.01799
threshold=2525.0000000000005 1140.0000000000002 3645.0000000000005 0.21411274921701925 0.043253664639493102 0.031738530697005607 1095.0000000000002 0.38479809237610901 0.88843828129542424 1111.2500000000002
decision_type=2 2 2 2 2 2 2 2 2 2
left_child=1 2 4 -2 5 6 9 8 -8 -1
right_child=3 -3 -4 -5 -6 -7 7 -9 -10 -11
leaf_value=-0.026553400980037625 -0.0099893285034113443 0.15651751949752679 0.1513934811454874 -0.90182577478406079 -0.18856255169382621 0.12919352833844186 -0.32038125903129644 0.062138106786119356 0.11642458940495999 0.15200309623633076
leaf_weight=26.255880117416382 35.980280160903931 35.007840156555176 42.787360191345215 23.338560104370117 40.842480182647705 23.338560104370117 38.897600173950195 24.311000108718872 23.338560104370117 23.338560104370117
leaf_count=27 37 36 44 24 42 24 40 25 24 24
internal_value=-0.000144092 0.0020979 -0.0008 -0.0106557 -0.0038835 -0.00121951 -0.00357143 -0.00842697 -0.0140625 0.00490196
internal_weight=337.437 278.118 243.11 59.3188 200.323 159.48 136.142 86.5472 62.2362 49.5944
internal_count=347 286 250 61 206 164 140 89 64 51
is_linear=0
shrinkage=0.05


Tree=165
num_leaves=11
num_cat=0
split_feature=29 30 15 27 27 18 29 18 22 18
split_gain=3.80918 5.51412 7.19197 3.35453 3.28374 4.05654 3.24028 3.23337 2.64231 1.66687
threshold=0.019525017892454505 0.20389682208176158 356.25000000000006 1015.0000000000001 75.000000000000014 0.37277291869128604 0.021194751121882852 0.83684807256235838 0.0057962496229795003 0.22396532309068753
decision_type=2 2 2 2 2 2 2 2 2 2
left_child=1 2 4 -3 -1 -6 -2 -7 -8 -10
right_child=6 3 -4 -5 5 7 8 -9 9 -11
leaf_value=0.37224607283685601 0.44584040982499573 -1.1485437673344905 0.61536045279194695 -0.18248333374094727 -0.19756180172468021 0.14382380708821074 0.71099148339299068 -0.68377183618426907 0.045186525153076224 -0.025225730931038016
leaf_weight=27.228320121765137 37.92516016960144 25.283440113067627 24.311000108718872 31.118080139160156 27.228320121765137 25.283440113067627 23.338560104370117 24.311000108718872 29.173200130462646 44.732240200042725
leaf_count=28 39 26 25 32 28 26 24 25 30 46
internal_value=0.000455927 -0.00421053 0.00151515 -0.0172414 -0.00420561 -0.00949367 0.00683453 -0.000980392 0.002 -0.00263158
internal_weight=319.933 184.764 128.362 56.4015 104.051 76.8228 135.169 49.5944 97.244 73.9054
internal_count=329 190 132 58 107 79 139 51 100 76
is_linear=0
shrinkage=0.05


Tree=166
num_leaves=11
num_cat=0
split_feature=26 26 11 14 30 29 29 29 29 30
split_gain=3.37861 4.25325 3.01371 2.99246 1.91176 4.43012 2.70281 1.72837 2.66892 1.40081
threshold=2565.0000000000005 1405.0000000000002 3720.0000000000005 3785.0000000000005 0.23676646859869618 0.024764111196646003 0.012264557928468102 0.014946512650088251 0.019032712606033005 0.20224189292993236
decision_type=2 2 2 2 2 2 2 2 2 2
left_child=1 2 3 4 6 -6 -1 -8 -9 -4
right_child=-2 -3 9 -5 5 -7 7 8 -10 -11
leaf_value=0.5551690351183538 -0.18768371163844222 0.056632595950759423 0.35114196536669628 -0.1095809125820324 0.53451156444414216 -0.023964444384489525 -0.64869743430419935 0.049982604278466174 -0.52138937788965911 0.59875617363393308
leaf_weight=23.338560104370117 28.200760126113892 27.228320121765137 23.338560104370117 29.173200130462646 28.200760126113892 35.980280160903931 24.311000108718872 45.704680204391479 38.897600173950195 25.283440113067627
leaf_count=24 29 28 24 30 29 37 25 47 40 26
internal_value=0.00103245 0.00258065 0.00070922 -0.00172414 0.00049505 0.00757576 -0.00294118 -0.00625 -0.00287356 0.012
internal_weight=329.657 301.456 274.228 225.606 196.433 64.181 132.252 108.913 84.6023 48.622
internal_count=339 310 282 232 202 66 136 112 87 50
is_linear=0
shrinkage=0.05


Tree=167
num_leaves=12
num_cat=0
split_feature=20 20 22 11 28 11 22 18 22 17 18
split_gain=2.31419 3.38435 3.92392 2.07687 3.53032 3.39339 4.08488 4.11258 3.24846 3.11231 2.58433
threshold=0.51650295617305308 0.48146239122429596 0.050433255787053051 3665.0000000000005 2.5000000000000004 1095.0000000000002 0.010574353013517652 0.41207482993197281 0.0099471446157673015 16.250000000000004 0.90272775776977465
decision_type=2 2 2 2 2 2 2 2 2 2 2
left_child=1 2 3 4 5 8 -7 -8 10 -6 -1
right_child=-2 -3 -4 -5 9 6 7 -9 -10 -11 -12
leaf_value=0.35622004414148023 0.10960402436687673 -0.20329697573558861 0.63227539608387817 0.11907551846547904 -0.0012326297324989355 -1.2900151881770399 -0.086988405732881802 0.18822500847261381 -0.0051000753141465793 -0.25517418781032575 0.64357470038931985
leaf_weight=24.311000108718872 24.311000108718872 35.007840156555176 27.228320121765137 43.75980019569397 25.283440113067627 31.118080139160156 30.145640134811401 23.338560104370117 23.338560104370117 23.338560104370117 27.228320121765137
leaf_count=25 25 36 28 45 26 32 31 24 24 24 28
internal_value=-0.000862069 -0.00201238 -0.000174216 -0.00212355 -0.00420561 -0.000609756 -0.00747126 0.000909091 0.00714286 -0.016 0.0141509
internal_weight=338.409 314.098 279.09 251.862 208.102 159.48 84.6023 53.4842 74.8779 48.622 51.5393
internal_count=348 323 287 259 214 164 87 55 77 50 53
is_linear=0
shrinkage=0.05


Tree=168
num_leaves=11
num_cat=0
split_feature=25 18 18 25 11 27 29 29 20 14
split_gain=2.48278 4.84601 4.03111 3.6766 3.63404 3.26903 2.93574 2.87301 2.45806 1.24472
threshold=310.00000000000006 0.46712018140589578 0.68532261389404259 995.00000000000011 1615.0000000000002 1055.0000000000002 0.022603875444738405 0.018384441387896706 0.4558991625252079 1131.2500000000002
decision_type=2 2 2 2 2 2 2 2 2 2
left_child=1 4 -3 -2 -1 -5 7 9 -7 -4
right_child=3 2 6 5 -6 8 -8 -9 -10 -11
leaf_value=-0.20991329586072427 0.66141697523416954 0.23554282969748785 0.0084381465138562827 -0.12290438014817938 -0.0021868817696486078 -0.011303445558814929 -0.17718925231915819 0.22123813336397691 0.4686903462771625 -0.56384902552620131
leaf_weight=36.952720165252686 35.980280160903931 27.228320121765137 24.311000108718872 28.200760126113892 31.118080139160156 45.704680204391479 27.228320121765137 27.228320121765137 33.062960147857666 24.311000108718872
leaf_count=38 37 28 25 29 32 47 28 28 34 25
internal_value=-0.00128205 -0.00490196 0.000746269 0.0037415 -0.0157143 -0.000909091 -0.00377358 0.00128205 0.00432099 -0.006
internal_weight=341.326 198.378 130.307 142.949 68.0708 106.968 103.079 75.8503 78.7676 48.622
internal_count=351 204 134 147 70 110 106 78 81 50
is_linear=0
shrinkage=0.05


Tree=169
num_leaves=11
num_cat=0
split_feature=28 26 29 15 29 15 18 11 20 25
split_gain=4.78449 4.54336 3.70637 4.66771 2.36303 2.84733 6.05905 2.68426 3.44139 6.97579
threshold=3.5000000000000004 995.00000000000011 0.017379973997757755 48.750000000000007 0.016044002109643307 285.00000000000028 0.63817082388510971 2065.0000000000005 0.48146239122429596 1315.0000000000002
decision_type=2 2 2 2 2 2 2 2 2 2
left_child=1 4 -3 -4 5 6 -1 -6 9 -9
right_child=-2 2 3 -5 7 -7 -8 8 -10 -11
leaf_value=-1.495825934101731 0.53666276977804728 -0.12139403619202085 0.022004174658025025 0.32734713526620002 -2.2943069058224523 0.53943007171510549 0.6163049035800896 0.25649974570108042 -0.21656664426268435 -0.57369836296229548
leaf_weight=25.283440113067627 38.897600173950195 37.92516016960144 23.338560104370117 29.173200130462646 26.255880117416382 27.228320121765137 25.283440113067627 35.980280160903931 24.311000108718872 30.145640134811401
leaf_count=26 40 39 24 30 27 28 26 37 25 31
internal_value=0.00105105 -0.00119454 0.00806452 0.0166667 -0.0055 0.00125 -0.00576923 -0.01 -0.00591398 0
internal_weight=323.823 284.925 90.4369 52.5118 194.488 77.7952 50.5669 116.693 90.4369 66.1259
internal_count=333 293 93 54 200 80 52 120 93 68
is_linear=0
shrinkage=0.05


Tree=170
num_leaves=12
num_cat=0
split_feature=29 22 18 22 18 11 18 6 17 11 14
split_gain=2.07354 4.56685 3.15154 2.37063 6.34834 3.73634 4.09864 3.54787 2.83427 3.13078 4.53117
threshold=0.023735452771013753 0.050433255787053051 0.48582766439909303 0.010574353013517652 0.48242630385487534 1095.0000000000002 0.90272775776977465 1.0000000180025095e-35 126.25000000000001 3175.0000000000005 1585.0000000000002
decision_type=2 2 2 2 2 2 2 2 2 2 2
left_child=1 3 -2 5 8 6 -1 -7 9 10 -5
right_child=2 -3 -4 4 -6 7 -8 -9 -10 -11 -12
leaf_value=0.31097977850289454 -0.69106854385672711 0.4142050621465842 0.28791708730133225 -0.12656591195632247 0.61773449717934459 -0.72106726649024044 -0.37870963194286561 -0.037709776866631732 0.24367475841602301 -0.27952087637636397 0.077400028748115801
leaf_weight=26.255880117416382 39.87004017829895 26.255880117416382 29.173200130462646 28.200760126113892 24.311000108718872 33.062960147857666 25.283440113067627 26.255880117416382 32.090520143508911 24.311000108718872 33.062960147857666
leaf_count=27 41 27 30 29 25 34 26 27 33 25 34
internal_value=-0.00139665 0.000522648 -0.00915493 -0.00153846 0.00273973 -0.00701754 0.00283019 -0.0155738 -0.00206612 -0.00681818 -0.000793651
internal_weight=348.134 279.09 69.0432 252.834 141.976 110.858 51.5393 59.3188 117.665 85.5747 61.2637
internal_count=358 287 71 260 146 114 53 61 121 88 63
is_linear=0
shrinkage=0.05


Tree=171
num_leaves=12
num_cat=0
split_feature=26 11 14 25 20 30 30 26 26 18 30
split_gain=1.72908 2.37086 2.67576 2.78347 4.65768 3.55315 3.77132 1.98987 1.95284 2.9974 1.94915
threshold=1620.0000000000002 3695.0000000000005 3785.0000000000005 310.00000000000006 0.48095148990038655 0.14824522125806747 0.19243819919093005 2565.0000000000005 310.00000000000006 0.82702388314633224 0.18804323262801417
decision_type=2 2 2 2 2 2 2 2 2 2 2
left_child=1 2 3 5 -5 -1 -7 -2 -8 -10 -3
right_child=7 10 -4 4 -6 6 8 -9 9 -11 -12
leaf_value=0.26127817380217949 0.043667317125880345 -0.032407443989836797 -0.1565267769865841 0.7102332935846789 -0.12961625581085628 -0.77515952438683378 -3.820922906010094 -0.0024908429365268605 0.13698357432126615 -0.10381150452285511 0.70624006979815024
leaf_weight=35.980280160903931 24.311000108718872 23.338560104370117 28.200760126113892 42.787360191345215 29.173200130462646 23.338560104370117 24.311000108718872 26.255880117416382 27.228320121765137 26.255880117416382 33.062960147857666
leaf_count=37 25 24 29 44 30 24 25 27 28 27 34
internal_value=-0.000847458 -0.00231788 -0.0045082 -0.00255814 0.00540541 -0.00673759 -0.0115385 0.00769231 -0.00625 -0.000909091 0.00689655
internal_weight=344.244 293.677 237.275 209.075 71.9606 137.114 101.134 50.5669 77.7952 53.4842 56.4015
internal_count=354 302 244 215 74 141 104 52 80 55 58
is_linear=0
shrinkage=0.05


Tree=172
num_leaves=10
num_cat=0
split_feature=15 14 24 15 15 14 24 29 25
split_gain=2.24192 5.55024 5.42499 4.5739 3.9047 3.26616 5.69432 1.83268 4.13657
threshold=161.25000000000003 3146.2500000000005 0.074428382464096707 63.750000000000007 326.25000000000006 1141.2500000000002 0.0061980347694633011 0.016408817162170204 1560.0000000000002
decision_type=2 2 2 2 2 2 2 2 2
left_child=1 2 5 -4 -2 6 -1 -6 -9
right_child=4 -3 3 -5 7 -7 -8 8 -10
leaf_value=-0.44493113941956608 -0.12011307421167886 0.573783863630274 -0.012980481878048523 0.19907320731007305 0.49112260845824951 -1.1388003887197102 0.40263161261948427 0.31887713721080219 -0.27043230153976766
leaf_weight=36.952720165252686 42.787360191345215 26.255880117416382 43.75980019569397 33.062960147857666 25.283440113067627 40.842480182647705 24.311000108718872 41.81492018699646 28.200760126113892
leaf_count=38 44 27 45 34 26 42 25 43 29
internal_value=-0.000708215 0.00260664 -0.000543478 0.00949367 -0.0056338 -0.00809524 -0.000793651 0 -0.00416667
internal_weight=343.271 205.185 178.929 76.8228 138.086 102.106 61.2637 95.2991 70.0157
internal_count=353 211 184 79 142 105 63 98 72
is_linear=0
shrinkage=0.05


Tree=173
num_leaves=11
num_cat=0
split_feature=15 12 30 30 14 15 12 25 20 27
split_gain=1.79402 3.94459 3.08934 4.06871 2.59749 2.55372 4.28484 2.96808 3.54137 1.22994
threshold=108.75000000000001 2195.0000000000005 0.20633410888171777 0.25802222938475955 1188.7500000000002 202.50000000000003 2195.0000000000005 1055.0000000000002 0.4558991625252079 165.00000000000014
decision_type=2 2 2 2 2 2 2 2 2 2
left_child=1 2 9 4 -4 -2 -7 -8 -9 -1
right_child=5 -3 3 -5 -6 6 7 8 -10 -11
leaf_value=0.27046082208305505 -0.076896473934993992 0.39002196146429924 -0.64888620039718037 0.011699637452340995 -0.01233145778414837 0.49452618335712945 -0.87131715328050641 -0.12733031950422175 0.60358642549163055 0.021352370638612686
leaf_weight=28.200760126113892 36.952720165252686 40.842480182647705 33.062960147857666 24.311000108718872 24.311000108718872 24.311000108718872 33.062960147857666 39.87004017829895 25.283440113067627 23.338560104370117
leaf_count=29 38 42 34 25 25 25 34 41 26 24
internal_value=-0.000437318 0.00307263 -0.00109489 -0.00714286 -0.0144068 -0.00426829 -0.000793651 -0.00544554 0.000746269 0.00849057
internal_weight=333.547 174.067 133.224 81.685 57.374 159.48 122.527 98.2164 65.1535 51.5393
internal_count=343 179 137 84 59 164 126 101 67 53
is_linear=0
shrinkage=0.05


Tree=174
num_leaves=10
num_cat=0
split_feature=15 14 22 29 29 11 22 27 18
split_gain=1.81 4.10932 3.28475 3.50075 4.75867 5.79467 3.04962 3.06809 3.87257
threshold=138.75000000000003 3146.2500000000005 0.0031256748319328505 0.023735452771013753 0.017330245091656305 1145.0000000000002 0.050433255787053051 2595.0000000000005 0.33418194302548049
decision_type=2 2 2 2 2 2 2 2 2
left_child=1 2 -1 4 5 -4 7 8 -2
right_child=6 -3 3 -5 -6 -7 -8 -9 -10
leaf_value=-0.39024027242872994 -0.29175759571653542 2.4686233497532157 0.23820774825393301 -0.057457872742611472 0.29193406335485861 -1.1478018192583932 0.19617446112067682 0.37277469814248437 -0.0049631444898636801
leaf_weight=36.952720165252686 41.81492018699646 24.311000108718872 25.283440113067627 32.090520143508911 45.704680204391479 27.228320121765137 38.897600173950195 30.145640134811401 38.897600173950195
leaf_count=38 43 25 26 33 47 28 40 31 40
internal_value=-0.00042735 0.00279188 0 0.00373134 0.00841584 -0.00185185 -0.00454545 -0.00877193 -0.0138554
internal_weight=341.326 191.571 167.26 130.307 98.2164 52.5118 149.756 110.858 80.7125
internal_count=351 197 172 134 101 54 154 114 83
is_linear=0
shrinkage=0.05


Tree=175
num_leaves=11
num_cat=0
split_feature=29 20 29 18 18 15 26 16 24 14
split_gain=2.8939 6.01818 6.96314 3.3085 3.6467 3.18436 3.16903 3.70408 4.34197 0.72933
threshold=0.017635136160266001 0.48964011908618327 0.018834141677800904 0.95597127739984888 0.63817082388510971 217.49999999999991 1055.0000000000002 4145.0000000000009 0.14652845265090161 1133.7500000000002
decision_type=2 2 2 2 2 2 2 2 2 2
left_child=6 2 -2 4 5 -4 7 8 -1 -6
right_child=1 -3 3 -5 9 -7 -8 -9 -10 -11
leaf_value=-1.0447441032702274 0.49718724381127688 -0.39959981249135129 0.19237909929252056 0.47510471736027288 -0.066359656741553863 -0.011784514341388786 -0.1289013317114609 -0.18219120684593693 0.27733736018711852 -0.057223436311755908
leaf_weight=44.732240200042725 29.173200130462646 34.035400152206421 24.311000108718872 23.338560104370117 23.338560104370117 35.007840156555176 32.090520143508911 34.035400152206421 31.118080139160156 23.338560104370117
leaf_count=46 30 35 25 24 24 36 33 35 32 24
internal_value=-0.00348837 0.000505051 0.00460123 -0.00037594 -0.00412844 0.00409836 -0.00890411 -0.00486726 0.00128205 -0.0145833
internal_weight=334.519 192.543 158.508 129.335 105.996 59.3188 141.976 109.886 75.8503 46.6771
internal_count=344 198 163 133 109 61 146 113 78 48
is_linear=0
shrinkage=0.05


Tree=176
num_leaves=11
num_cat=0
split_feature=26 27 18 22 15 15 15 18 22 18
split_gain=2.08958 3.56349 3.01793 6.40283 4.02572 6.75438 4.26592 3.78802 6.21281 3.50677
threshold=1620.0000000000002 2535.0000000000005 0.8595049130763418 0.011518453884917602 416.25000000000006 93.750000000000014 22.500000000000117 0.19004787100025192 0.023000324407029003 0.98984564586068358
decision_type=2 2 2 2 2 2 2 2 2 2
left_child=2 -2 3 -1 5 6 -5 -7 -9 -4
right_child=1 -3 9 4 -6 7 -8 8 -10 -11
leaf_value=-0.46604204912745217 0.033424916303329159 -0.033280624568510574 0.43113909879505175 -0.035930543027302524 0.56028437943941756 0.3632455235776888 0.38613308326762308 0.020588344164343655 -0.8016050693988519 -0.041790971844102388
leaf_weight=42.787360191345215 23.338560104370117 26.255880117416382 28.200760126113892 26.255880117416382 30.145640134811401 28.200760126113892 25.283440113067627 23.338560104370117 43.75980019569397 34.035400152206421
leaf_count=44 24 27 29 27 31 29 26 24 45 35
internal_value=0.00131965 0.0107843 -0.000344828 -0.00309735 0.0010989 -0.00231788 0.0122642 -0.0102041 -0.0166667 0.009375
internal_weight=331.602 49.5944 282.008 219.771 176.984 146.838 51.5393 95.2991 67.0984 62.2362
internal_count=341 51 290 226 182 151 53 98 69 64
is_linear=0
shrinkage=0.05


Tree=177
num_leaves=12
num_cat=0
split_feature=27 22 22 24 20 12 30 15 30 27 29
split_gain=3.47257 3.88996 3.65748 3.27007 2.62175 2.7047 2.75605 2.42571 1.6055 1.30481 0.72933
threshold=165.00000000000014 0.0076578949043810008 0.0083901887577947521 0.021134949706378203 0.41742793967941572 2215.0000000000005 0.23896952104499278 33.750000000000007 0.23135885341074022 1880.0000000000002 0.016408817162170204
decision_type=2 2 2 2 2 2 2 2 2 2 2
left_child=2 3 -1 7 8 -6 -7 -2 9 -3 -4
right_child=1 4 10 -5 5 6 -8 -9 -10 -11 -12
leaf_value=0.87433305594327071 -0.39183703814426285 -0.013614107877913284 0.37140076307683789 -0.91654405170797881 -0.061657862251854573 0.11754816214454422 -0.16843597515701278 0.19529000278436115 0.15922517890026031 0.033038235110325331 -0.031060162039807437
leaf_weight=24.311000108718872 28.200760126113892 33.062960147857666 23.338560104370117 27.228320121765137 24.311000108718872 44.732240200042725 23.338560104370117 37.92516016960144 30.145640134811401 23.338560104370117 23.338560104370117
leaf_count=25 29 34 24 28 25 46 24 39 31 24 24
internal_value=0.000424929 -0.00214286 0.010274 -0.0104167 0.00217391 -0.00368421 0.00142857 -0.00441176 0.00842697 0.00344828 0.00208333
internal_weight=343.271 272.283 70.9881 93.3542 178.929 92.3818 68.0708 66.1259 86.5472 56.4015 46.6771
internal_count=353 280 73 96 184 95 70 68 89 58 48
is_linear=0
shrinkage=0.05


Tree=178
num_leaves=11
num_cat=0
split_feature=6 20 20 18 28 15 15 18 24 14
split_gain=4.54057 1.73981 3.67205 2.10077 1.58707 1.42363 3.37576 2.23162 3.387 2.31332
threshold=1.5000000000000002 0.48146239122429596 0.45799792139077855 0.32207105064247926 2.5000000000000004 116.25000000000001 251.25000000000003 0.77716782915697935 0.11961451247165526 1116.2500000000002
decision_type=2 2 2 2 2 2 2 2 2 2
left_child=1 2 3 -1 5 7 -7 8 -5 -9
right_child=-2 -3 -4 4 -6 6 -8 9 -10 -11
leaf_value=-0.20697327358284384 6.4061528983477052 -0.07282333995956379 0.5299863025730247 -1.1646580453393198 -0.029507153937811382 -0.033268505095600177 0.026093492337031423 0.0090133849869744164 0.034674142179505908 0.17380176666424632
leaf_weight=23.338560104370117 28.200760126113892 42.787360191345215 24.311000108718872 23.338560104370117 30.145640134811401 27.228320121765137 31.118080139160156 23.338560104370117 24.311000108718872 30.145640134811401
leaf_count=24 29 44 25 24 31 28 32 24 25 31
internal_value=-0.000157729 -0.00208333 -0.000409836 -0.00251142 -0.000769231 0.00121951 -0.005 0.00480769 -0.00306122 0.0118182
internal_weight=308.263 280.063 237.275 212.964 189.626 159.48 58.3464 101.134 47.6496 53.4842
internal_count=317 288 244 219 195 164 60 104 49 55
is_linear=0
shrinkage=0.05


Tree=179
num_leaves=12
num_cat=0
split_feature=18 14 11 11 11 30 15 14 30 24 24
split_gain=3.77557 2.54321 4.19948 6.68593 3.4515 4.38642 3.88996 2.89978 2.82271 2.48094 2.02592
threshold=0.13663076341647773 4021.2500000000005 1615.0000000000002 2175.0000000000005 1095.0000000000002 0.24994796080705359 48.750000000000007 3556.2500000000005 0.21603701970819641 0.52568027210884372 0.068783068783068765
decision_type=2 2 2 2 2 2 2 2 2 2 2
left_child=-1 2 4 -4 5 6 -2 8 -5 -3 -6
right_child=1 9 3 7 10 -7 -8 -9 -10 -11 -12
leaf_value=-0.31355135610224355 -0.94489046314479319 -0.21640728471465992 0.28242795240255419 -0.43554571188251434 -0.3954373863887895 0.37913346631903555 0.032940435070531751 0.41008254938842587 0.3911275553828546 0.11380173159689094 -0.031605079840824148
leaf_weight=23.338560104370117 23.338560104370117 42.787360191345215 32.090520143508911 28.200760126113892 23.338560104370117 23.338560104370117 44.732240200042725 23.338560104370117 29.173200130462646 25.283440113067627 23.338560104370117
leaf_count=24 24 44 33 29 24 24 46 24 30 26 24
internal_value=-0.00142045 0 0.00232558 0.00948276 -0.00352113 0.00212766 -0.00428571 0.00180723 -0.00423729 -0.00857143 -0.0145833
internal_weight=342.299 318.96 250.89 112.803 138.086 91.4094 68.0708 80.7125 57.374 68.0708 46.6771
internal_count=352 328 258 116 142 94 70 83 59 70 48
is_linear=0
shrinkage=0.05


Tree=180
num_leaves=11
num_cat=0
split_feature=20 30 11 30 17 27 28 30 27 27
split_gain=3.9089 3.39035 2.63305 2.52858 1.94488 1.71419 3.06481 4.30968 3.50677 2.35353
threshold=0.48146239122429596 0.27834771980750134 3665.0000000000005 0.22300960541281947 128.75000000000003 165.00000000000014 2.5000000000000004 0.20992882067751598 1190.0000000000002 1640.0000000000002
decision_type=2 2 2 2 2 2 2 2 2 2
left_child=1 2 5 -2 -4 -1 7 9 -9 -7
right_child=3 -3 4 -5 -6 6 -8 8 -10 -11
leaf_value=0.17987112165694727 -0.057351903094217963 -0.036275260612160312 0.66334856825910726 -0.50082594878595044 0.015344825248757844 -0.37143633163091183 -0.087017379350481872 0.25468686835270093 -0.026362210498518834 0.0011209701374582438
leaf_weight=43.75980019569397 29.173200130462646 24.311000108718872 24.311000108718872 33.062960147857666 24.311000108718872 35.980280160903931 30.145640134811401 28.200760126113892 34.035400152206421 28.200760126113892
leaf_count=45 30 25 25 34 25 37 31 29 35 29
internal_value=-0.00275362 -0.000177936 0.0015625 -0.0140625 0.012 -0.000970874 -0.00341615 0 0.009375 -0.00909091
internal_weight=335.492 273.256 248.945 62.2362 48.622 200.323 156.563 126.417 62.2362 64.181
internal_count=345 281 256 64 50 206 161 130 64 66
is_linear=0
shrinkage=0.05


Tree=181
num_leaves=10
num_cat=0
split_feature=22 27 15 27 16 12 29 29 16
split_gain=3.95782 2.9466 3.43083 6.58963 6.1767 5.25454 2.04537 4.1226 1.51593
threshold=0.050433255787053051 105.00000000000001 191.25000000000003 1025.0000000000002 1265.0000000000002 2975.0000000000005 0.015955159499210305 0.021984675784397105 4645.0000000000009
decision_type=2 2 2 2 2 2 2 2 2
left_child=1 -1 4 -4 6 -6 -3 -8 -5
right_child=-2 2 3 8 5 -7 7 -9 -10
leaf_value=0.28898113521479446 0.10992540804763849 -0.8374734908909659 -2.1462430523403557 -0.030080874355655852 0.16712269681986527 -0.003707810425680691 0.16245404914077427 -0.021158944859735129 0.0016831183508202231
leaf_weight=45.704680204391479 45.704680204391479 24.311000108718872 26.255880117416382 27.228320121765137 26.255880117416382 27.228320121765137 34.035400152206421 33.062960147857666 35.980280160903931
leaf_count=47 47 25 27 28 27 28 35 34 37
internal_value=-0.0019403 -0.00416667 -0.00643154 -0.0141304 -0.00167785 0.0118182 -0.00957447 -0.00507246 -0.00538462
internal_weight=325.767 280.063 234.358 89.4645 144.894 53.4842 91.4094 67.0984 63.2086
internal_count=335 288 241 92 149 55 94 69 65
is_linear=0
shrinkage=0.05


Tree=182
num_leaves=11
num_cat=0
split_feature=27 22 22 30 22 18 6 26 30 11
split_gain=3.89923 3.40267 5.46288 2.63461 5.33709 3.54541 2.68125 2.24435 1.88456 0.72933
threshold=2525.0000000000005 0.054039432516403058 0.041715838267460913 0.20389682208176158 0.01184733038316235 0.46035364500410098 1.0000000180025095e-35 1025.0000000000002 0.21411274921701925 2270.0000000000005
decision_type=2 2 2 2 2 2 2 2 2 2
left_child=1 2 3 4 -1 -5 7 -7 -2 -6
right_child=8 -3 -4 5 9 6 -8 -9 -10 -11
leaf_value=-0.35267912452809469 -0.025658460989916421 0.14666332174492711 -2.0389308997233457 -0.13164610640734509 0.37870117118435476 -0.041352413887375407 1.2077917810723648 0.15178826040286142 -0.7116805386956685 0.049577849768365927
leaf_weight=43.75980019569397 35.980280160903931 37.92516016960144 23.338560104370117 42.787360191345215 23.338560104370117 25.283440113067627 25.283440113067627 35.980280160903931 23.338560104370117 23.338560104370117
leaf_count=45 37 39 24 44 24 26 26 37 24 24
internal_value=-0.00228571 0.00017301 -0.002 0.000442478 0.00698925 -0.00413534 0.00168539 -0.00396825 -0.0139344 0.01875
internal_weight=340.354 281.035 243.11 219.771 90.4369 129.335 86.5472 61.2637 59.3188 46.6771
internal_count=350 289 250 226 93 133 89 63 61 48
is_linear=0
shrinkage=0.05


Tree=183
num_leaves=12
num_cat=0
split_feature=29 19 22 15 24 29 15 15 30 26 15
split_gain=4.60698 5.0979 3.20996 2.98804 5.24926 5.00651 2.73331 2.55071 2.50568 1.67283 1.15252
threshold=0.022109357657575452 0.5622864701436131 0.0066859757819143009 116.25000000000001 0.016974408811143451 0.016260434923171904 296.25000000000006 378.75000000000006 0.25433390545030943 165.00000000000014 56.250000000000007
decision_type=2 2 2 2 2 2 2 2 2 2 2
left_child=1 3 -2 4 9 6 -5 -7 -4 -1 -6
right_child=2 -3 8 5 10 7 -8 -9 -10 -11 -12
leaf_value=0.46901008562834934 0.66055477570756693 0.28113960594854465 -1.298720554706597 -0.02535420023398274 1.0901692812711985 -0.11969682389132004 0.43279206808972503 -0.058057261977114652 -0.027690410636887465 -0.20136330342213571 0.047098957279945355
leaf_weight=23.338560104370117 23.338560104370117 25.283440113067627 24.311000108718872 23.338560104370117 26.255880117416382 29.173200130462646 28.200760126113892 26.255880117416382 41.81492018699646 31.118080139160156 26.255880117416382
leaf_count=24 24 26 25 24 27 30 29 27 43 32 27
internal_value=0.00207101 0.00569106 -0.0076087 0.00318182 0.00909091 -0.00272727 0.00849057 -0.0131579 -0.0132353 -0.00178571 0.0203704
internal_weight=328.685 239.22 89.4645 213.937 106.968 106.968 51.5393 55.4291 66.1259 54.4566 52.5118
internal_count=338 246 92 220 110 110 53 57 68 56 54
is_linear=0
shrinkage=0.05


Tree=184
num_leaves=12
num_cat=0
split_feature=30 22 27 27 12 15 15 18 25 14 27
split_gain=4.97294 3.37245 6.03399 4.26863 3.36004 7.17854 3.19501 3.40287 5.49544 3.23337 2.62075
threshold=0.29102633854345289 0.0089312443116894517 165.00000000000014 1025.0000000000002 3155.0000000000005 371.25000000000006 41.250000000000007 0.48582766439909303 935.00000000000011 1722.5000000000002 2415.0000000000005
decision_type=2 2 2 2 2 2 2 2 2 2 2
left_child=1 2 -1 -4 6 -6 -3 8 9 -8 -5
right_child=-2 4 3 10 5 -7 7 -9 -10 -11 -12
leaf_value=0.79480412424402402 -0.10219113190573809 -0.013187809526220918 -0.43921791591626519 0.11117110859734113 -0.29757126673716811 0.4930992741451064 0.060325922929382617 0.3377151753028329 0.39793441172696475 -0.090458329687930938 -0.046015141344923904
leaf_weight=24.311000108718872 23.338560104370117 35.980280160903931 31.118080139160156 30.145640134811401 35.980280160903931 33.062960147857666 24.311000108718872 26.255880117416382 24.311000108718872 25.283440113067627 24.311000108718872
leaf_count=25 24 37 32 31 37 34 25 27 25 26 25
internal_value=0.00143678 0.00308642 -0.0039823 -0.0102273 0.00687204 -0.00211268 0.0114286 0.0160194 0.0105263 0.000980392 -0.00178571
internal_weight=338.409 315.071 109.886 85.5747 205.185 69.0432 136.142 100.161 73.9054 49.5944 54.4566
internal_count=348 324 113 88 211 71 140 103 76 51 56
is_linear=0
shrinkage=0.05


Tree=185
num_leaves=11
num_cat=0
split_feature=29 26 11 16 14 11 15 20 16 24
split_gain=3.4846 3.62689 4.49528 4.75638 3.412 4.49928 2.84964 2.77252 2.39823 1.58033
threshold=0.018230173753597752 1025.0000000000002 3270.0000000000005 2775.0000000000005 1585.0000000000002 2195.0000000000005 56.250000000000007 0.11432917611489037 1155.0000000000002 0.14652845265090161
decision_type=2 2 2 2 2 2 2 2 2 2
left_child=4 2 3 7 8 -6 -3 -2 -1 -7
right_child=1 6 -4 -5 5 9 -8 -9 -10 -11
leaf_value=0.20978547778988743 -0.10696933657879981 -0.0026652020880760575 0.24665978127145538 -0.68181706358872141 0.34264942570505358 -0.30324239341352954 0.22793145540547358 -0.097081575310448906 -0.3091432998059645 0.027858250650797348
leaf_weight=26.255880117416382 23.338560104370117 27.228320121765137 36.952720165252686 23.338560104370117 25.283440113067627 23.338560104370117 23.338560104370117 41.81492018699646 37.92516016960144 43.75980019569397
leaf_count=27 24 28 38 24 26 24 24 43 39 45
internal_value=-0.00263158 -0.00745856 -0.0120155 -0.0181319 0.00279503 0.00894737 0.00384615 -0.011194 -0.00606061 0.00217391
internal_weight=332.574 176.012 125.445 88.492 156.563 92.3818 50.5669 65.1535 64.181 67.0984
internal_count=342 181 129 91 161 95 52 67 66 69
is_linear=0
shrinkage=0.05


Tree=186
num_leaves=11
num_cat=0
split_feature=26 30 22 29 29 29 29 29 14 26
split_gain=3.9357 3.06207 5.25308 3.21272 4.66074 3.78983 2.8976 3.59472 2.54704 1.97104
threshold=2565.0000000000005 0.22138660717042893 0.033145205455080907 0.015114733143995701 0.017111111359800455 0.012264557928468102 0.019525017892454505 0.021194751121882852 2683.7500000000005 965.00000000000011
decision_type=2 2 2 2 2 2 2 2 2 2
left_child=1 2 3 5 -5 -1 -3 -8 9 -9
right_child=-2 6 -4 4 -6 -7 7 8 -10 -11
leaf_value=0.19929620390039418 -0.11747168612930636 -0.40286931444621815 0.11767093778233857 0.46705139790533395 -0.03796292784327307 -0.80082629605010425 0.37829950275004198 0.39027161098072161 -0.44349269238075523 -0.0067300688291538797
leaf_weight=25.283440113067627 23.338560104370117 33.062960147857666 30.145640134811401 29.173200130462646 28.200760126113892 35.980280160903931 23.338560104370117 27.228320121765137 32.090520143508911 32.090520143508911
leaf_count=26 24 34 31 30 29 37 24 28 33 33
internal_value=-0.00106383 0.000491803 0.00555556 0.000819672 0.00932203 -0.00714286 -0.00460526 -0.000847458 -0.00531915 0.000819672
internal_weight=319.933 296.594 148.783 118.638 57.374 61.2637 147.811 114.748 91.4094 59.3188
internal_count=329 305 153 122 59 63 152 118 94 61
is_linear=0
shrinkage=0.05


Tree=187
num_leaves=10
num_cat=0
split_feature=30 26 24 29 29 30 29 24 25
split_gain=4.40051 3.71545 2.23044 2.39096 5.98289 3.16598 2.78338 3.38814 2.09484
threshold=0.27834771980750134 2525.0000000000005 0.59041123596379663 0.016044002109643307 0.017818770943145806 0.24043999694446569 0.014809731492041503 0.016974408811143451 545.00000000000011
decision_type=2 2 2 2 2 2 2 2 2
left_child=1 2 3 6 -5 8 7 -1 -6
right_child=-2 -3 -4 4 5 -7 -8 -9 -10
leaf_value=-0.91490494269341982 -0.1052510235963382 -0.095397529546471571 0.36697762181181592 -0.28218746954066776 0.10851688246195863 -0.042721885324306187 0.6261302736027119 0.061758554275616009 -0.14804729944100928
leaf_weight=26.255880117416382 29.173200130462646 29.173200130462646 35.007840156555176 32.090520143508911 39.87004017829895 44.732240200042725 26.255880117416382 45.704680204391479 30.145640134811401
leaf_count=27 30 30 36 33 41 46 27 47 31
internal_value=-0.00143678 0.000314465 0.00208333 0.000396825 -0.00364238 0.00169492 0.00643564 0.00135135 0.00833333
internal_weight=338.409 309.236 280.063 245.055 146.838 114.748 98.2164 71.9606 70.0157
internal_count=348 318 288 252 151 118 101 74 72
is_linear=0
shrinkage=0.05


Tree=188
num_leaves=11
num_cat=0
split_feature=27 14 27 27 20 18 14 14 11 27
split_gain=3.87732 4.7874 3.8746 3.99177 4.8161 8.22498 5.9411 2.86096 2.27203 1.73284
threshold=105.00000000000001 1585.0000000000002 360.00000000000006 1640.0000000000002 0.48095148990038655 0.63817082388510971 3128.7500000000005 4106.2500000000009 1075.0000000000002 1025.0000000000002
decision_type=2 2 2 2 2 2 2 2 2 2
left_child=1 -1 -2 4 5 6 -4 8 -5 -7
right_child=2 -3 3 7 -6 9 -8 -9 -10 -11
leaf_value=-0.012589094504551214 -1.3418487768708929 1.0279225375210559 0.76323714333468617 -0.0093391686632230634 -0.16793072956738797 -0.050092510035278794 0.011208488493048209 0.32409785479326275 -0.63762696374844841 0.029869119614465946
leaf_weight=25.283440113067627 27.228320121765137 25.283440113067627 23.338560104370117 33.062960147857666 32.090520143508911 33.062960147857666 30.145640134811401 31.118080139160156 34.035400152206421 32.090520143508911
leaf_count=26 28 26 24 34 33 34 31 32 35 33
internal_value=-0.00119048 0.0115385 -0.00352113 -0.0015625 0.00354839 0.00819672 0.0227273 -0.00940594 -0.0152174 -0.00373134
internal_weight=326.74 50.5669 276.173 248.945 150.728 118.638 53.4842 98.2164 67.0984 65.1535
internal_count=336 52 284 256 155 122 55 101 69 67
is_linear=0
shrinkage=0.05


Tree=189
num_leaves=12
num_cat=0
split_feature=25 18 18 28 18 16 14 24 14 18 30
split_gain=3.51185 4.06877 4.33804 4.2991 4.05306 5.59364 2.68653 4.09359 2.97121 1.15358 1.11314
threshold=1560.0000000000002 0.14557823129251699 0.21040054859296839 3.5000000000000004 0.33418194302548049 3185.0000000000005 1188.7500000000002 0.074428382464096707 1121.2500000000002 0.27292011207156214 0.23453342965851146
decision_type=2 2 2 2 2 2 2 2 2 2 2
left_child=1 -1 -3 4 -4 6 8 -8 10 -2 -6
right_child=9 2 3 -5 5 -7 7 -9 -10 -11 -12
leaf_value=-0.15953419308902994 -0.084423098148909054 1.0713909947532785 -0.3033033323034488 0.44525283424727607 -0.9407246893229626 0.075815632946614642 -1.0082981795942032 0.015728685719295754 0.26105981461548711 -0.2700323272831156 0.035535687187700664
leaf_weight=24.311000108718872 26.255880117416382 25.283440113067627 41.81492018699646 31.118080139160156 27.228320121765137 23.338560104370117 35.980280160903931 28.200760126113892 40.842480182647705 23.338560104370117 23.338560104370117
leaf_count=25 27 26 43 32 28 24 37 29 42 24 24
internal_value=-0.000415512 0.0016129 0.00333333 0.00135135 -0.00110132 0.00217391 -0.00125 -0.00909091 0.00425532 -0.0127451 -0.00384615
internal_weight=351.051 301.456 277.145 251.862 220.744 178.929 155.59 64.181 91.4094 49.5944 50.5669
internal_count=361 310 285 259 227 184 160 66 94 51 52
is_linear=0
shrinkage=0.05


Tree=190
num_leaves=10
num_cat=0
split_feature=30 27 16 14 20 15 25 24 20
split_gain=4.48081 3.24469 4.123 4.45481 2.61741 5.37499 6.796 7.61259 2.30528
threshold=0.29058137635569026 75.000000000000014 1135.0000000000002 1181.2500000000002 0.48676587301587299 48.750000000000007 310.00000000000006 0.31454486556527378 0.51308921848224465
decision_type=2 2 2 2 2 2 2 2 2
left_child=1 -1 -3 -4 5 -5 -7 -8 -6
right_child=-2 2 3 4 8 6 7 -9 -10
leaf_value=0.28274233003143084 -0.13666367342643754 -0.95145682337920334 0.22798226389429602 0.42299019253491682 -0.41721442872108128 -0.12364181868734932 -0.024029360556096436 0.38139163477508192 0.006445436081753542
leaf_weight=36.952720165252686 23.338560104370117 25.283440113067627 38.897600173950195 35.007840156555176 24.311000108718872 45.704680204391479 36.952720165252686 42.787360191345215 23.338560104370117
leaf_count=38 24 26 40 36 25 47 38 44 24
internal_value=0.000292398 0.00188679 0 0.0019685 -0.000934579 0.00212121 -0.00271318 0.00609756 -0.0112245
internal_weight=332.574 309.236 272.283 247 208.102 160.453 125.445 79.7401 47.6496
internal_count=342 318 280 254 214 165 129 82 49
is_linear=0
shrinkage=0.05


Tree=191
num_leaves=10
num_cat=0
split_feature=29 30 27 29 29 29 29 15 15
split_gain=3.27756 3.43994 5.86683 3.27953 5.8839 6.40734 5.00251 5.2276 3.67886
threshold=0.022084057524349752 0.25231871001483713 995.00000000000011 0.014809731492041503 0.016044002109643307 0.017330245091656305 0.018834141677800904 108.75000000000001 63.750000000000007
decision_type=2 2 2 2 2 2 2 2 2
left_child=3 -2 -3 8 -5 -6 -7 -8 -1
right_child=1 2 -4 4 5 6 7 -9 -10
leaf_value=-0.86749641968417568 -0.63142889835510241 -1.0064387935808667 0.10079359856895281 0.55645155418571901 -0.303298538433387 0.16882058313929066 0.16660830347080946 -0.74655906908878933 0.047320457864498171
leaf_weight=33.062960147857666 33.062960147857666 24.311000108718872 28.200760126113892 30.145640134811401 23.338560104370117 43.75980019569397 30.145640134811401 35.007840156555176 44.732240200042725
leaf_count=34 34 25 29 31 24 45 31 36 46
internal_value=0.000447761 -0.00795455 0 0.0034413 0.00748503 0.00294118 0.00803571 -0.000746269 -0.005
internal_weight=325.767 85.5747 52.5118 240.193 162.397 132.252 108.913 65.1535 77.7952
internal_count=335 88 54 247 167 136 112 67 80
is_linear=0
shrinkage=0.05


Tree=192
num_leaves=11
num_cat=0
split_feature=25 28 11 27 27 30 29 16 14 14
split_gain=4.07777 9.32124 4.77002 4.15198 2.90147 3.439 8.82261 7.46834 2.91732 1.91046
threshold=595.00000000000011 3.5000000000000004 2385.0000000000005 1315.0000000000002 1995.0000000000002 0.14824522125806747 0.016818869133432602 1155.0000000000002 2177.5000000000005 4106.2500000000009
decision_type=2 2 2 2 2 2 2 2 2 2
left_child=1 4 -2 -4 5 -1 -7 -8 -9 -5
right_child=2 -3 3 9 -6 6 7 8 -10 -11
leaf_value=0.2597301168553145 0.16661749862262243 1.5099942542622899 -0.40139338721346579 -0.47117037362309022 0.040092321106408237 -0.93170655991953033 -0.9561168539018241 0.2359428985017189 0.32299871353477561 0.328572157640042
leaf_weight=32.090520143508911 40.842480182647705 29.173200130462646 26.255880117416382 24.311000108718872 45.704680204391479 33.062960147857666 26.255880117416382 23.338560104370117 23.338560104370117 30.145640134811401
leaf_count=33 42 30 27 25 47 34 27 24 24 31
internal_value=0.00290698 0.00707763 -0.0044 -0.0114458 0.00291005 -0.000704225 -0.00504587 0.00466667 0.0166667 -0.00357143
internal_weight=334.519 212.964 121.555 80.7125 183.791 138.086 105.996 72.933 46.6771 54.4566
internal_count=344 219 125 83 189 142 109 75 48 56
is_linear=0
shrinkage=0.05


Tree=193
num_leaves=12
num_cat=0
split_feature=20 15 20 18 16 30 15 30 26 26 11
split_gain=4.31374 4.59881 3.54396 4.02784 3.71959 2.77956 2.60344 2.95935 3.03412 1.95428 1.49784
threshold=0.48146239122429596 776.25000000000011 0.45799792139077855 0.33418194302548049 3185.0000000000005 0.22300960541281947 63.750000000000007 0.24380327884838862 165.00000000000014 995.00000000000011 1105.0000000000002
decision_type=2 2 2 2 2 2 2 2 2 2 2
left_child=1 2 3 -1 6 -2 7 8 -5 -8 -10
right_child=5 -3 -4 4 -6 -7 9 -9 10 -11 -12
leaf_value=-0.14728692151759334 0.0033222656563339117 -0.49702623147809394 0.89442686905672419 0.036035380877592615 2.3700966195948694 -0.40662174810680657 0.0089656239628311592 0.30684877785804476 -0.66002491325111812 0.096498345848510789 -0.13351591859595829
leaf_weight=37.92516016960144 27.228320121765137 26.255880117416382 25.283440113067627 23.338560104370117 23.338560104370117 31.118080139160156 25.283440113067627 26.255880117416382 27.228320121765137 44.732240200042725 23.338560104370117
leaf_count=39 28 27 26 24 24 32 26 27 28 46 24
internal_value=0.000712251 0.0032646 0.00530303 0.00336134 0.00628141 -0.0116667 0.00371429 -0.00145631 -0.00657895 0.0111111 -0.0134615
internal_weight=341.326 282.98 256.724 231.441 193.516 58.3464 170.177 100.161 73.9054 70.0157 50.5669
internal_count=351 291 264 238 199 60 175 103 76 72 52
is_linear=0
shrinkage=0.05


Tree=194
num_leaves=10
num_cat=0
split_feature=14 14 14 18 24 14 27 30 30
split_gain=4.57133 6.75599 4.41285 3.4753 8.11475 3.30305 3.44628 2.8954 2.4347
threshold=2150.0000000000005 3620.0000000000005 1266.2500000000002 0.48242630385487534 0.0061980347694633011 3123.7500000000005 655.00000000000011 0.20830611193887738 0.23957871820334578
decision_type=2 2 2 2 2 2 2 2 2
left_child=2 5 3 -1 -5 6 -2 -3 -9
right_child=1 7 -4 4 -6 -7 -8 8 -10
leaf_value=-0.076429644413656211 -1.7637258800350311 -0.033509800453884964 0.091673428556089231 -0.1268401226661581 0.14093083334904577 -0.36464134268942416 0.29150633896513228 0.47917785193230888 0.086689656834391837
leaf_weight=26.255880117416382 24.311000108718872 44.732240200042725 38.897600173950195 41.81492018699646 45.704680204391479 24.311000108718872 31.118080139160156 23.338560104370117 29.173200130462646
leaf_count=27 25 46 40 43 47 25 32 24 30
internal_value=0.00162242 -0.00384615 0.00796178 0.00299145 0.00777778 -0.0146341 -0.00789474 0.005 0.012963
internal_weight=329.657 176.984 152.673 113.775 87.5196 79.7401 55.4291 97.244 52.5118
internal_count=339 182 157 117 90 82 57 100 54
is_linear=0
shrinkage=0.05


Tree=195
num_leaves=12
num_cat=0
split_feature=20 22 22 29 30 30 18 15 29 30 18
split_gain=2.56192 3.54055 5.97369 2.76613 6.79455 4.43347 2.91914 2.41125 2.04583 2.77508 2.64459
threshold=0.41742793967941572 0.050433255787053051 0.035759571303830506 0.017379973997757755 0.19378030139270608 0.16770300206248567 0.61628401360544227 326.25000000000006 0.018834141677800904 0.23709026373148462 0.8595049130763418
decision_type=2 2 2 2 2 2 2 2 2 2 2
left_child=3 2 7 4 5 6 -1 -2 -5 -10 -11
right_child=1 -3 -4 8 -6 -7 -8 -9 9 10 -12
leaf_value=-0.68390392092906049 -0.059779832306992381 0.30306455788797848 -0.54530879976694002 0.33808513660925432 -0.40065381470603828 0.16497081003220729 0.30353376576073288 0.24346331370859389 -0.02686270107640212 0.018576792300905254 0.69427573551940902
leaf_weight=24.311000108718872 24.311000108718872 43.75980019569397 30.145640134811401 28.200760126113892 25.283440113067627 23.338560104370117 33.062960147857666 23.338560104370117 34.035400152206421 29.173200130462646 27.228320121765137
leaf_count=25 25 45 31 29 26 24 34 24 35 30 28
internal_value=0.00224719 -0.0036 -0.01 0.00541126 -0.000458716 0.00662651 -0.000847458 0.00102041 0.0106557 0.00698925 0.0137931
internal_weight=346.189 121.555 77.7952 224.634 105.996 80.7125 57.374 47.6496 118.638 90.4369 56.4015
internal_count=356 125 80 231 109 83 59 49 122 93 58
is_linear=0
shrinkage=0.05


Tree=196
num_leaves=10
num_cat=0
split_feature=27 24 15 20 18 22 30 15 12
split_gain=1.89023 6.81647 6.14118 2.71956 2.29813 4.71878 3.46283 3.90056 2.28259
threshold=1025.0000000000002 0.0061980347694633011 93.750000000000014 0.4558991625252079 0.86356764928193519 0.01184733038316235 0.20389682208176158 71.250000000000014 2385.0000000000005
decision_type=2 2 2 2 2 2 2 2 2
left_child=4 -2 -3 8 5 -1 -7 -8 -4
right_child=1 2 3 -5 -6 6 7 -9 -10
leaf_value=-0.58762950613877363 -0.43467915032483689 0.09917050490562361 0.0047148818753498748 0.16563527615026033 0.098892477847402918 0.09529176252951857 0.051895873822809337 -0.4492439627575664 -0.21953658106381227
leaf_weight=23.338560104370117 29.173200130462646 39.87004017829895 28.200760126113892 33.062960147857666 36.952720165252686 36.952720165252686 23.338560104370117 35.007840156555176 39.87004017829895
leaf_count=24 30 41 29 34 38 38 24 36 41
internal_value=-0.00164179 0.002 0.00655172 0 -0.005625 -0.00901639 -0.00408163 -0.0116667 -0.00571429
internal_weight=325.767 170.177 141.004 101.134 155.59 118.638 95.2991 58.3464 68.0708
internal_count=335 175 145 104 160 122 98 60 70
is_linear=0
shrinkage=0.05


Tree=197
num_leaves=11
num_cat=0
split_feature=26 18 29 30 18 29 15 11 15 24
split_gain=4.06595 3.13393 4.03199 3.14371 2.76016 2.03765 1.89118 3.35992 2.57561 1.22104
threshold=1205.0000000000002 0.97074829931972795 0.022084057524349752 0.22620005483313388 0.79191861929957186 0.017379973997757755 371.25000000000006 3175.0000000000005 86.250000000000014 0.484434726271461
decision_type=2 2 2 2 2 2 2 2 2 2
left_child=1 2 3 4 6 -2 7 8 -1 -4
right_child=5 -3 9 -5 -6 -7 -8 -9 -10 -11
leaf_value=-0.18564624480052316 0.0044791377815840859 0.32332240246457788 -0.11549119887743019 0.26229475376438816 -0.76183663094479925 0.049301080131658639 0.41333832380169044 -0.35795032437335977 0.05026729729777344 -0.19518873477229592
leaf_weight=32.090520143508911 25.283440113067627 40.842480182647705 35.007840156555176 27.228320121765137 25.283440113067627 36.952720165252686 29.173200130462646 23.338560104370117 24.311000108718872 33.062960147857666
leaf_count=33 26 42 36 28 26 38 30 24 25 34
internal_value=-0.000584795 -0.00323741 -0.00550847 -0.00120482 -0.00434783 0.0109375 -0.000892857 -0.00487805 0.00172414 -0.0157143
internal_weight=332.574 270.338 229.496 161.425 134.197 62.2362 108.913 79.7401 56.4015 68.0708
internal_count=342 278 236 166 138 64 112 82 58 70
is_linear=0
shrinkage=0.05


Tree=198
num_leaves=10
num_cat=0
split_feature=27 27 27 22 11 11 29 30 20
split_gain=1.52539 3.78071 3.34453 3.20152 2.6822 2.59361 4.86339 1.88461 0.856396
threshold=2525.0000000000005 1025.0000000000002 535.00000000000011 0.021668825172454553 1095.0000000000002 2325.0000000000005 0.016044002109643307 0.25231871001483713 0.26667233560090703
decision_type=2 2 2 2 2 2 2 2 2
left_child=1 2 5 -4 -2 6 -1 8 -3
right_child=4 7 3 -5 -6 -7 -8 -9 -10
leaf_value=0.28671851770914147 0.0078066656406235784 0.050813381422699422 -0.024689629971078375 -0.1763639325605027 -0.16011917574675183 0.72637031862900592 -0.55247347088795784 0.26847847083615761 0.0042551808925054505
leaf_weight=35.007840156555176 26.255880117416382 37.92516016960144 30.145640134811401 24.311000108718872 34.035400152206421 35.007840156555176 40.842480182647705 24.311000108718872 41.81492018699646
leaf_count=36 27 39 31 25 35 36 42 25 43
internal_value=0.000737463 0.00234657 -0.00235294 -0.0125 -0.00645161 0.00263158 -0.0025641 0.00981308 0.00609756
internal_weight=329.657 269.366 165.315 54.4566 60.2913 110.858 75.8503 104.051 79.7401
internal_count=339 277 170 56 62 114 78 107 82
is_linear=0
shrinkage=0.05


Tree=199
num_leaves=11
num_cat=0
split_feature=29 18 24 24 26 29 29 28 27 16
split_gain=4.14416 2.63475 3.61195 2.52297 3.83375 8.69554 2.91732 2.17827 2.11996 2.02592
threshold=0.023735452771013753 0.19004787100025192 0.40323444192491814 0.016974408811143451 995.00000000000011 0.016260434923171904 0.016632990931437355 2.5000000000000004 935.00000000000011 3745.0000000000005
decision_type=2 2 2 2 2 2 2 2 2 2
left_child=1 -1 3 8 5 -5 -6 -2 -3 -4
right_child=7 2 9 4 6 -7 -8 -9 -10 -11
leaf_value=0.13081485111272287 -0.24452518097277789 0.041463217900331986 -0.1285237438797367 0.27238259182367985 0.0074163323585935362 -1.1812016293940815 0.10852858447840391 0.30839076383990688 -0.061869861486684385 0.021359254847720877
leaf_weight=30.145640134811401 43.75980019569397 39.87004017829895 23.338560104370117 38.897600173950195 23.338560104370117 28.200760126113892 23.338560104370117 24.311000108718872 36.952720165252686 23.338560104370117
leaf_count=31 45 41 24 40 24 29 24 25 38 24
internal_value=0.00101449 0.00381818 0.00204918 0.00510204 0.00982906 0.00217391 0.0208333 -0.01 -0.00189873 -0.0104167
internal_weight=335.492 267.421 237.275 190.598 113.775 67.0984 46.6771 68.0708 76.8228 46.6771
internal_count=345 275 244 196 117 69 48 70 79 48
is_linear=0
shrinkage=0.05


Tree=200
num_leaves=12
num_cat=0
split_feature=20 25 11 27 27 24 11 14 15 29 22
split_gain=2.98803 3.12868 5.89816 4.61979 4.74395 3.5211 3.40789 3.028 2.63036 2.51388 1.75667
threshold=0.51920912247040063 2525.0000000000005 3645.0000000000005 995.00000000000011 165.00000000000014 0.0061980347694633011 1615.0000000000002 2523.7500000000005 101.25000000000001 0.020468205329650803 0.037972416461924001
decision_type=2 2 2 2 2 2 2 2 2 2 2
left_child=1 2 3 4 6 -5 -1 -6 9 -7 -10
right_child=-2 -3 -4 5 7 8 -8 -9 10 -11 -12
leaf_value=-2.3914449983082249 0.12427410855709696 -0.23483983900455316 0.40447453471524569 -0.26849680144453031 -0.05434377825821457 0.24996182117329227 0.079543618351635814 -2.7370406321715794 -0.026553544431976661 0.0051308342948686919 0.082305535817386047
leaf_weight=28.200760126113892 23.338560104370117 32.090520143508911 36.952720165252686 26.255880117416382 32.090520143508911 25.283440113067627 26.255880117416382 24.311000108718872 30.145640134811401 23.338560104370117 24.311000108718872
leaf_count=29 24 33 38 27 33 26 27 25 31 24 25
internal_value=-0.000584795 -0.00188679 -0.000175439 -0.00303644 -0.0105263 0.00338346 0 -0.0206897 0.00754717 0.016 0
internal_weight=332.574 309.236 277.145 240.193 110.858 129.335 54.4566 56.4015 103.079 48.622 54.4566
internal_count=342 318 285 247 114 133 56 58 106 50 56
is_linear=0
shrinkage=0.05


Tree=201
num_leaves=11
num_cat=0
split_feature=18 22 27 27 30 27 30 27 11 16
split_gain=3.30035 3.09072 3.82227 5.82067 4.65443 3.7999 12.3355 2.69297 1.47429 0.324147
threshold=0.97074829931972795 0.0039698651919308509 1035.0000000000002 545.00000000000011 0.16258680081917418 360.00000000000006 0.20633410888171777 2525.0000000000005 2385.0000000000005 2050.0000000000005
decision_type=2 2 2 2 2 2 2 2 2 2
left_child=1 -1 3 5 -4 6 -3 8 -6 -2
right_child=9 2 4 -5 7 -7 -8 -9 -10 -11
leaf_value=-0.53360811246560613 0.31910133308849709 0.37833571214790712 -0.26494136803727314 -0.18041464360906048 0.10284561353973914 0.73854646246354605 -2.5936088761483234 0.0035001859913336378 0.0096088982561241213 0.71105022154058595
leaf_weight=27.228320121765137 23.338560104370117 35.980280160903931 24.311000108718872 43.75980019569397 41.81492018699646 24.311000108718872 31.118080139160156 40.842480182647705 27.228320121765137 23.338560104370117
leaf_count=28 24 37 25 45 43 25 32 42 28 24
internal_value=0.000141643 -0.00180328 -0.000180505 -0.00611511 0.0057971 0.00106383 -0.00507246 0.010177 0.0161972 0.0125
internal_weight=343.271 296.594 269.366 135.169 134.197 91.4094 67.0984 109.886 69.0432 46.6771
internal_count=353 305 277 139 138 94 69 113 71 48
is_linear=0
shrinkage=0.05


Tree=202
num_leaves=10
num_cat=0
split_feature=18 18 18 24 27 20 6 11 14
split_gain=2.81419 3.47221 3.18843 4.83802 3.57421 2.91708 2.90048 3.89523 4.24625
threshold=0.19004787100025192 0.14557823129251699 0.37820167522791437 0.11961451247165526 295.00000000000006 0.4558991625252079 1.0000000180025095e-35 1145.0000000000002 1118.7500000000002
decision_type=2 2 2 2 2 2 2 2 2
left_child=1 -1 4 6 -2 -6 7 8 -4
right_child=2 -3 3 -5 5 -7 -8 -9 -10
leaf_value=-0.039113058734324115 -3.7650460393663709 0.86427218013714091 -0.042605857164846841 0.10267037897037881 -0.043536761713278339 0.11755456769005833 0.30314626643407794 -0.86341410746310887 0.097703332862749903
leaf_weight=24.311000108718872 24.311000108718872 23.338560104370117 39.87004017829895 45.704680204391479 38.897600173950195 28.200760126113892 35.980280160903931 23.338560104370117 40.842480182647705
leaf_count=25 25 24 41 47 40 29 37 24 42
internal_value=0 0.0112245 -0.00192982 0.00183246 -0.00957447 -0.00362319 -0.00277778 -0.00700935 -0.00180723
internal_weight=324.795 47.6496 277.145 185.736 91.4094 67.0984 140.031 104.051 80.7125
internal_count=334 49 285 191 94 69 144 107 83
is_linear=0
shrinkage=0.05


Tree=203
num_leaves=12
num_cat=0
split_feature=17 11 27 29 29 27 26 28 17 17 11
split_gain=2.57331 2.93023 2.32877 3.29312 3.28917 3.47116 2.85634 5.81949 3.58591 2.17628 1.43214
threshold=258.75000000000006 3665.0000000000005 130.00000000000003 0.016022851403207004 0.016345211916125403 1315.0000000000002 2050.0000000000005 2.5000000000000004 18.750000000000004 123.75000000000001 2155.0000000000005
decision_type=2 2 2 2 2 2 2 2 2 2 2
left_child=1 2 3 -1 5 -4 7 10 -9 -3 -6
right_child=-2 9 4 -5 6 -7 -8 8 -10 -11 -12
leaf_value=1.1588539765167867 -0.046823318463384569 0.064782566807457448 -0.17652743037713209 -0.05782597080702772 0.3103024334114366 0.0049168231733006003 -0.0087058470810916343 0.014858423654186482 -0.19594717473230505 0.41335322439285849 0.029938565134420971
leaf_weight=27.228320121765137 29.173200130462646 24.311000108718872 30.145640134811401 23.338560104370117 29.173200130462646 29.173200130462646 24.311000108718872 32.090520143508911 26.255880117416382 28.200760126113892 35.007840156555176
leaf_count=28 30 25 31 24 30 30 25 33 27 29 36
internal_value=0.000862069 0.00220126 0 0.00961538 -0.00235849 -0.0122951 0.00165563 0.0047619 -0.00666667 0.012963 0.0151515
internal_weight=338.409 309.236 256.724 50.5669 206.157 59.3188 146.838 122.527 58.3464 52.5118 64.181
internal_count=348 318 264 52 212 61 151 126 60 54 66
is_linear=0
shrinkage=0.05


Tree=204
num_leaves=12
num_cat=0
split_feature=20 16 11 28 18 24 27 27 27 11 30
split_gain=3.63963 4.29434 3.06957 2.16488 2.14509 2.39945 2.08576 4.45393 3.14743 2.64595 2.17201
threshold=0.41742793967941572 4645.0000000000009 2105.0000000000005 3.5000000000000004 0.1555524704212751 0.54416285032531542 995.00000000000011 1075.0000000000002 165.00000000000014 1055.0000000000002 0.19489392071939241
decision_type=2 2 2 2 2 2 2 2 2 2 2
left_child=3 2 -2 6 -4 -6 8 -8 -1 -9 -11
right_child=1 -3 4 -5 5 -7 7 9 -10 10 -12
leaf_value=0.085481229284505397 0.12099674329153914 0.42971006934194522 -0.85133420239446878 0.34763474152437085 -0.3502939007877558 0.028441636877710154 0.16220899148697754 0.15805522251270077 -0.6630209302349841 0.0059373071314894332 -0.0059599860777098009
leaf_weight=29.173200130462646 23.338560104370117 25.283440113067627 23.338560104370117 29.173200130462646 24.311000108718872 25.283440113067627 26.255880117416382 27.228320121765137 34.035400152206421 29.173200130462646 44.732240200042725
leaf_count=30 24 26 24 30 25 26 27 28 35 30 46
internal_value=0.00014245 -0.0068 -0.0116162 0.0039823 -0.0166667 -0.0107843 0.00204082 0.00572519 -0.00538462 0.000961538 -0.00394737
internal_weight=341.326 121.555 96.2716 219.771 72.933 49.5944 190.598 127.39 63.2086 101.134 73.9054
internal_count=351 125 99 226 75 51 196 131 65 104 76
is_linear=0
shrinkage=0.05


Tree=205
num_leaves=12
num_cat=0
split_feature=27 12 17 18 18 15 18 24 29 24 19
split_gain=4.56965 6.87915 5.63441 1.95273 4.66561 4.29389 4.94822 3.51521 3.28696 1.24672 0.0810367
threshold=535.00000000000011 1615.0000000000002 73.750000000000014 0.69204459561602427 0.48582766439909303 202.50000000000003 0.26722096245905774 0.42263555907800016 0.018834141677800904 0.0061980347694633011 0.59613961158811668
decision_type=2 2 2 2 2 2 2 2 2 2 2
left_child=1 -1 -3 4 5 7 10 -2 9 -5 -7
right_child=3 2 -4 8 -6 6 -8 -9 -10 -11 -12
leaf_value=-0.11217175302779198 -0.041221496630134885 0.6648927071964863 0.29978934495752585 -0.27517890301191983 0.21730277672697867 -0.038543758827131569 0.1501524613870629 -0.10513480906793121 -0.044184153236301427 0.013109563897864975 -0.0054277592623748205
leaf_weight=45.704680204391479 23.338560104370117 35.007840156555176 24.311000108718872 25.283440113067627 23.338560104370117 23.338560104370117 29.173200130462646 24.311000108718872 43.75980019569397 23.338560104370117 23.338560104370117
leaf_count=47 24 36 25 26 24 24 30 25 45 24 24
internal_value=0.000564972 0.00925926 0.0204918 -0.00325203 0.000331126 -0.00354331 0.00384615 -0.0153061 -0.00894737 0 -0.00625
internal_weight=344.244 105.024 59.3188 239.22 146.838 123.5 75.8503 47.6496 92.3818 48.622 46.6771
internal_count=354 108 61 246 151 127 78 49 95 50 48
is_linear=0
shrinkage=0.05


Tree=206
num_leaves=11
num_cat=0
split_feature=18 16 24 24 15 24 22 18 30 25
split_gain=2.93748 6.22819 3.54246 2.63246 9.5088 4.73137 2.44063 6.35243 2.41414 2.23861
threshold=0.43840796391816805 4645.0000000000009 0.11961451247165526 0.43316056581362705 217.49999999999991 0.36897743224273832 0.0066859757819143009 0.90720126434412152 0.21776469879746937 1035.0000000000002
decision_type=2 2 2 2 2 2 2 2 2 2
left_child=1 3 6 5 -5 -1 7 -2 -9 -6
right_child=2 -3 -4 4 9 -7 -8 8 -10 -11
leaf_value=-0.018760603137775434 0.28210175253880154 0.38488107474727262 0.29387405930118576 0.14264483831771033 -1.0954384355226239 -0.039160421798624161 -0.543885948929551 0.49730633463398138 -0.041974945574474988 -0.020054396557952714
leaf_weight=33.062960147857666 34.035400152206421 28.200760126113892 31.118080139160156 30.145640134811401 23.338560104370117 25.283440113067627 33.062960147857666 32.090520143508911 33.062960147857666 25.283440113067627
leaf_count=34 35 29 32 31 24 26 34 33 34 26
internal_value=-0.00118343 -0.00588235 0.00357143 -0.0102837 -0.00432099 -0.0183333 0 0.00392157 -0.00522388 -0.018
internal_weight=328.685 165.315 163.37 137.114 78.7676 58.3464 132.252 99.1889 65.1535 48.622
internal_count=338 170 168 141 81 60 136 102 67 50
is_linear=0
shrinkage=0.05


Tree=207
num_leaves=11
num_cat=0
split_feature=23 27 29 24 29 15 30 30 16 19
split_gain=4.47292 4.55837 2.93253 5.1684 3.63967 4.50984 3.50868 3.36304 2.18176 0.72933
threshold=0.19004787100025192 130.00000000000003 0.017111111359800455 0.31454486556527378 0.018574373807161055 108.75000000000001 0.23676646859869618 0.17833928115472927 1575.0000000000002 0.51537827252112978
decision_type=2 2 2 2 2 2 2 2 2 2
left_child=-1 8 3 7 -4 6 -6 -3 -2 -7
right_child=1 2 4 -5 5 9 -8 -9 -10 -11
leaf_value=0.28573790786654174 0.024273044109668265 -0.023669138954403479 0.17042340838927431 0.0041929920012762521 -0.060968151555687203 -0.44464648886462332 0.18996497832872594 -0.70377031639377496 1.0643306110237745 -0.42583855051059349
leaf_weight=44.732240200042725 27.228320121765137 34.035400152206421 31.118080139160156 27.228320121765137 28.200760126113892 23.338560104370117 39.87004017829895 23.338560104370117 23.338560104370117 23.338560104370117
leaf_count=46 28 35 32 28 29 24 41 24 24 24
internal_value=-0.00164179 -0.00397924 -0.00696203 -0.0143678 -0.00266667 -0.00677966 0.00142857 -0.0228814 0.00961538 -0.01875
internal_weight=325.767 281.035 230.468 84.6023 145.866 114.748 68.0708 57.374 50.5669 46.6771
internal_count=335 289 237 87 150 118 70 59 52 48
is_linear=0
shrinkage=0.05


Tree=208
num_leaves=12
num_cat=0
split_feature=6 29 11 19 18 24 30 30 22 29 15
split_gain=3.77056 3.36162 4.56507 4.00802 2.38343 3.37278 3.90147 3.22283 3.79981 2.60861 0.72933
threshold=1.5000000000000002 0.022084057524349752 1085.0000000000002 0.5622864701436131 0.27746994573345846 0.016974408811143451 0.21603701970819641 0.19001589482821918 0.018329943520460402 0.016345211916125403 93.750000000000014
decision_type=2 2 2 2 2 2 2 2 2 2 2
left_child=1 3 -3 4 -1 9 7 8 -7 -6 -4
right_child=-2 2 10 -5 5 6 -8 -9 -10 -11 -12
leaf_value=-0.19013599543895909 6.3770407454699694 0.060345122587352765 -0.47310568204941322 0.32642887366625928 0.033537513895714709 0.43828304317692074 0.25586425978034416 -0.23693485466624226 -0.0020097773678003253 -0.29480644501248893 -0.075697537821793059
leaf_weight=33.062960147857666 33.062960147857666 23.338560104370117 23.338560104370117 24.311000108718872 35.007840156555176 23.338560104370117 24.311000108718872 23.338560104370117 32.090520143508911 27.228320121765137 23.338560104370117
leaf_count=34 34 24 24 25 36 24 25 24 33 28 24
internal_value=0.00164179 -0.000166113 -0.00972222 0.00283843 0.000490196 0.00294118 0.00849057 0.00308642 0.00964912 -0.00625 -0.01875
internal_weight=325.767 292.704 70.0157 222.689 198.378 165.315 103.079 78.7676 55.4291 62.2362 46.6771
internal_count=335 301 72 229 204 170 106 81 57 64 48
is_linear=0
shrinkage=0.05


Tree=209
num_leaves=11
num_cat=0
split_feature=20 27 11 11 27 29 15 29 24 14
split_gain=2.6077 3.21507 3.80628 3.51989 3.85813 2.97839 3.51666 2.39945 1.6894 1.372
threshold=0.48146239122429596 2565.0000000000005 3645.0000000000005 3035.0000000000005 1065.0000000000002 0.019032712606033005 56.250000000000007 0.016818869133432602 0.044642857142857109 2475.0000000000005
decision_type=2 2 2 2 2 2 2 2 2 2
left_child=1 2 3 4 5 6 -1 -3 -7 -2
right_child=9 7 -4 -5 -6 8 -8 -9 -10 -11
leaf_value=-0.059396464259521053 -0.013838529759573249 0.11607802259507026 0.37216351824893085 -0.22508811193292788 0.13630718741445663 -0.012494709871680243 0.24307104679132863 -1.056657873535596 -0.071912660930706807 -0.41677306184928969
leaf_weight=35.007840156555176 24.311000108718872 25.283440113067627 38.897600173950195 26.255880117416382 42.787360191345215 24.311000108718872 30.145640134811401 24.311000108718872 23.338560104370117 33.062960147857666
leaf_count=36 25 26 40 27 44 25 31 25 24 34
internal_value=-0.00133531 0.000719424 0.00330396 0.00026738 0.003125 -0.00172414 0.00522388 -0.0107843 -0.0112245 -0.0110169
internal_weight=327.712 270.338 220.744 181.846 155.59 112.803 65.1535 49.5944 47.6496 57.374
internal_count=337 278 227 187 160 116 67 51 49 59
is_linear=0
shrinkage=0.05


Tree=210
num_leaves=11
num_cat=0
split_feature=29 27 29 25 25 14 22 24 24 25
split_gain=3.27797 2.1916 2.87335 5.5245 4.03786 3.39822 3.26926 2.4203 2.02592 1.0945
threshold=0.023735452771013753 105.00000000000001 0.016408817162170204 1055.0000000000002 995.00000000000011 1138.7500000000002 0.021032778429127954 0.40323444192491814 0.42597097200271805 310.00000000000006
decision_type=2 2 2 2 2 2 2 2 2 2
left_child=1 -1 3 6 5 -4 -3 -7 -6 -2
right_child=9 2 4 -5 8 7 -8 -9 -10 -11
leaf_value=0.58009685287076995 -0.067178948854757434 -0.037048956854323481 -0.0012796333745200173 0.25529509737255013 -0.60454116956475445 0.057952601951569704 -0.15247840851377534 0.27277230155506232 0.064607560894069146 -0.014548425860471071
leaf_weight=44.732240200042725 34.035400152206421 36.952720165252686 23.338560104370117 26.255880117416382 23.338560104370117 34.035400152206421 23.338560104370117 27.228320121765137 23.338560104370117 33.062960147857666
leaf_count=46 35 38 24 27 24 35 24 28 24 34
internal_value=0.000442478 0.00296296 0.000892857 -0.00617978 0.00555556 0.012069 -0.0145161 0.018254 -0.00625 -0.00942029
internal_weight=329.657 262.559 217.827 86.5472 131.279 84.6023 60.2913 61.2637 46.6771 67.0984
internal_count=339 270 224 89 135 87 62 63 48 69
is_linear=0
shrinkage=0.05


Tree=211
num_leaves=11
num_cat=0
split_feature=26 27 18 16 22 25 11 15 18 27
split_gain=1.74787 1.61664 3.15658 3.46698 5.33916 5.43653 5.62626 2.4195 2.18988 0.558721
threshold=1525.0000000000002 130.00000000000003 0.76925589076210199 4635.0000000000009 0.021668825172454553 1005.0000000000001 2385.0000000000005 33.750000000000007 0.43003210673940945 2535.0000000000005
decision_type=2 2 2 2 2 2 2 2 2 2
left_child=1 8 3 4 -3 -6 -7 -4 -1 -2
right_child=9 2 7 -5 5 6 -8 -9 -10 -11
leaf_value=-0.0084305030278528648 0.026897726672916636 0.19115730909270498 -0.033265551941258312 0.34843364134344484 -0.41645107098038353 0.45340764214556661 -0.035919746845002008 -0.27983405125810351 1.8161766382346742 0.024288267699580503
leaf_weight=27.228320121765137 24.311000108718872 35.007840156555176 32.090520143508911 31.118080139160156 44.732240200042725 27.228320121765137 27.228320121765137 41.81492018699646 26.255880117416382 27.228320121765137
leaf_count=28 25 36 33 32 46 28 28 43 27 28
internal_value=0 -0.00149502 -0.00325203 0.000588235 -0.00289855 -0.00882353 0.00178571 -0.0118421 0.00636364 0.00849057
internal_weight=344.244 292.704 239.22 165.315 134.197 99.1889 54.4566 73.9054 53.4842 51.5393
internal_count=354 301 246 170 138 102 56 76 55 53
is_linear=0
shrinkage=0.05


Tree=212
num_leaves=11
num_cat=0
split_feature=22 25 27 29 15 30 20 24 27 30
split_gain=4.49497 2.18557 2.51929 4.40884 4.05425 3.76263 2.28312 3.48773 1.71795 1.44065
threshold=0.062605503892896819 1205.0000000000002 995.00000000000011 0.016345211916125403 63.750000000000007 0.23046621684217028 0.42999433106575963 0.044642857142857109 1140.0000000000002 0.21603701970819641
decision_type=2 2 2 2 2 2 2 2 2 2
left_child=1 2 5 -4 -5 6 7 -1 -6 -3
right_child=-2 9 3 4 8 -7 -8 -9 -10 -11
leaf_value=0.13549345244723554 -0.25753213278562725 0.0043694693398720124 -0.029328424373488815 0.012012815637012864 0.30504532292341086 -0.39562851743137345 0.23683253384638192 -0.05602325145505347 0.037938980643161813 -0.20644442302182142
leaf_weight=41.81492018699646 28.200760126113892 29.173200130462646 40.842480182647705 36.952720165252686 24.311000108718872 35.980280160903931 26.255880117416382 25.283440113067627 25.283440113067627 23.338560104370117
leaf_count=43 29 30 42 38 25 37 27 26 26 24
internal_value=0.000144092 0.00188679 0.00378788 0.00877863 0.0151685 -0.00112782 0.00416667 -0.000724638 0.0245098 -0.00740741
internal_weight=337.437 309.236 256.724 127.39 86.5472 129.335 93.3542 67.0984 49.5944 52.5118
internal_count=347 318 264 131 89 133 96 69 51 54
is_linear=0
shrinkage=0.05


Tree=213
num_leaves=11
num_cat=0
split_feature=26 18 14 29 29 22 11 30 22 29
split_gain=4.42327 3.0322 5.47807 5.31376 4.55253 5.17735 7.71554 4.08161 3.48773 1.48528
threshold=1525.0000000000002 0.8595049130763418 4117.5000000000009 0.020468205329650803 0.026535091062209054 0.011518453884917602 3155.0000000000005 0.23135885341074022 0.023334787868018101 0.017379973997757755
decision_type=2 2 2 2 2 2 2 2 2 2
left_child=1 2 4 -3 5 -1 7 8 -7 -2
right_child=9 3 -4 -5 -6 6 -8 -9 -10 -11
leaf_value=-0.55047670245817248 0.013259425298679163 -0.059685588229103817 0.24410785637917343 1.0931510118971801 -0.74569230765514483 0.42138430022148443 -0.18137470580993523 0.35400078352950004 -0.053234718256067029 0.097378575373261361
leaf_weight=35.007840156555176 23.338560104370117 39.87004017829895 42.787360191345215 24.311000108718872 26.255880117416382 25.283440113067627 31.118080139160156 23.338560104370117 41.81492018699646 30.145640134811401
leaf_count=36 24 41 44 25 27 26 32 24 43 31
internal_value=0.000424929 -0.00201342 -0.00474138 0.00757576 -0.00851064 -0.0052795 -0.0004 0.00698925 0.000724638 0.0136364
internal_weight=343.271 289.787 225.606 64.181 182.819 156.563 121.555 90.4369 67.0984 53.4842
internal_count=353 298 232 66 188 161 125 93 69 55
is_linear=0
shrinkage=0.05


Tree=214
num_leaves=11
num_cat=0
split_feature=30 22 24 22 18 27 18 26 24 20
split_gain=4.59486 2.2406 3.00446 3.11826 2.73163 2.60022 2.42432 2.54384 1.75398 1.19685
threshold=0.26947395238242289 0.050433255787053051 0.50474930713025967 0.033724508213992706 0.96438746438746448 1140.0000000000002 0.80173847316704472 90.000000000000128 0.22518015793358717 0.38479809237610901
decision_type=2 2 2 2 2 2 2 2 2 2
left_child=1 2 3 4 5 6 7 9 -7 -1
right_child=-2 -3 -4 -5 -6 8 -8 -9 -10 -11
leaf_value=-1.3397531614806895 0.019118212027888149 0.35796638940594222 -0.18232577435430813 0.033625130637813076 0.096615401557460248 -0.03560747244284812 -0.56108377246115426 0.009094570512365863 0.038703767523816171 -0.01210587915375072
leaf_weight=25.283440113067627 34.035400152206421 36.952720165252686 24.311000108718872 28.200760126113892 43.75980019569397 42.787360191345215 28.200760126113892 27.228320121765137 24.311000108718872 25.283440113067627
leaf_count=26 35 38 25 29 45 44 29 28 25 26
internal_value=-0.00171429 -0.00365079 -0.00523466 -0.00357143 -0.00560538 -0.00842697 -0.0133028 -0.00875 -0.000724638 -0.0153846
internal_weight=340.354 306.319 269.366 245.055 216.854 173.094 105.996 77.7952 67.0984 50.5669
internal_count=350 315 277 252 223 178 109 80 69 52
is_linear=0
shrinkage=0.05


Tree=215
num_leaves=10
num_cat=0
split_feature=20 28 30 24 22 24 29 16 30
split_gain=2.20694 6.92601 4.21626 3.04052 4.1432 2.50382 3.27611 2.97974 2.72413
threshold=0.48676587301587299 3.5000000000000004 0.22300960541281947 0.30149802450366919 0.044644107948355057 0.032029478458049855 0.020384631514822203 1155.0000000000002 0.18537389714307537
decision_type=2 2 2 2 2 2 2 2 2
left_child=1 3 -2 5 -5 6 7 -1 -7
right_child=2 -3 -4 4 -6 8 -8 -9 -10
leaf_value=0.45091075252703378 0.0034845732518419938 0.39273272484031169 -0.41116095188392593 0.034625908707266721 -0.063335134724820816 -0.0088679265466680597 0.24072545087087749 -0.30840749652697924 -0.91304166403091358
leaf_weight=28.200760126113892 31.118080139160156 32.090520143508911 29.173200130462646 45.704680204391479 39.87004017829895 30.145640134811401 29.173200130462646 35.007840156555176 40.842480182647705
leaf_count=29 32 33 30 47 41 31 30 36 42
internal_value=-0.000997151 0.000865052 -0.00967742 -0.00195312 0.00568182 -0.00595238 -0.000526316 -0.00692308 -0.0130137
internal_weight=341.326 281.035 60.2913 248.945 85.5747 163.37 92.3818 63.2086 70.9881
internal_count=351 289 62 256 88 168 95 65 73
is_linear=0
shrinkage=0.05


Tree=216
num_leaves=12
num_cat=0
split_feature=14 16 29 24 26 15 18 18 12 24 16
split_gain=2.14607 3.7724 4.60722 4.7418 4.41721 6.24963 4.7874 3.77799 3.56008 4.13521 1.41734
threshold=3655.0000000000005 3155.0000000000005 0.015406770231739702 0.077664399092970515 90.000000000000128 78.750000000000014 0.24912187097061048 0.90720126434412152 4195.0000000000009 0.43712110694617984 1205.0000000000002
decision_type=2 2 2 2 2 2 2 2 2 2 2
left_child=1 2 3 -1 6 7 -4 10 9 -2 -6
right_child=8 -3 4 -5 5 -7 -8 -9 -10 -11 -12
leaf_value=-1.2573451285803232 0.31344717211518403 -0.39060290428972166 0.058324821087899187 0.13225800837797125 0.050386793570339705 0.25635733091639851 -5.6913931782091716 -0.05623755888464075 -0.18254831771077989 0.00067820547087649175 0.01570174846892769
leaf_weight=31.118080139160156 30.145640134811401 28.200760126113892 25.283440113067627 27.228320121765137 30.145640134811401 32.090520143508911 25.283440113067627 28.200760126113892 29.173200130462646 25.283440113067627 26.255880117416382
leaf_count=32 31 29 26 28 31 33 26 29 30 26 27
internal_value=0.000574713 -0.00172414 0.000431034 -0.0116667 0.00465116 0.01 -0.00769231 0.00287356 0.00747126 0.0149123 0.0103448
internal_weight=338.409 253.807 225.606 58.3464 167.26 116.693 50.5669 84.6023 84.6023 55.4291 56.4015
internal_count=348 261 232 60 172 120 52 87 87 57 58
is_linear=0
shrinkage=0.05


Tree=217
num_leaves=12
num_cat=0
split_feature=20 18 20 20 29 29 6 29 29 15 22
split_gain=5.30921 4.80747 5.1915 3.38299 3.3452 7.44099 3.06 3.85588 1.6251 1.35425 0.324147
threshold=0.48676587301587299 0.24257639563762012 0.41742793967941572 0.51920912247040063 0.019625800787450905 0.016096101144398352 1.0000000180025095e-35 0.023443842226493754 0.012966577542874402 93.750000000000014 0.0066859757819143009
decision_type=2 2 2 2 2 2 2 2 2 2 2
left_child=1 -1 4 -2 5 8 7 -6 -3 -7 -10
right_child=3 2 -4 -5 6 9 -8 -9 10 -11 -12
leaf_value=0.77339723375548608 -1.1710817734038756 0.037638916399237138 -0.18439154210564085 0.037935261597249338 0.080959528010271245 -0.17982975443642318 0.81565032900448386 -0.026539225703595549 0.63796633828767435 -0.0073810500563013196 0.12641370903712643
leaf_weight=24.311000108718872 32.090520143508911 36.952720165252686 35.980280160903931 24.311000108718872 24.311000108718872 24.311000108718872 23.338560104370117 28.200760126113892 23.338560104370117 31.118080139160156 23.338560104370117
leaf_count=25 33 38 37 25 25 25 24 29 24 32 24
internal_value=0.00190616 0.00477032 0.00271318 -0.012069 0.00565611 0.00104895 0.0141026 0.00740741 0.0104651 -0.0131579 0.0166667
internal_weight=331.602 275.201 250.89 56.4015 214.909 139.059 75.8503 52.5118 83.6298 55.4291 46.6771
internal_count=341 283 258 58 221 143 78 54 86 57 48
is_linear=0
shrinkage=0.05


Tree=218
num_leaves=11
num_cat=0
split_feature=29 15 22 27 29 29 11 14 14 27
split_gain=3.46615 3.23092 4.29194 3.6467 2.94345 3.26076 3.13033 2.77956 2.38238 1.62073
threshold=0.012448113744241101 93.750000000000014 0.007006953578957551 1035.0000000000002 0.014946512650088251 0.018334733168927555 2175.0000000000005 3655.0000000000005 1131.2500000000002 1640.0000000000002
decision_type=2 2 2 2 2 2 2 2 2 2
left_child=-1 2 8 -4 -3 9 -7 -8 -2 -6
right_child=1 4 3 -5 5 6 7 -9 -10 -11
leaf_value=0.28013688439999668 0.37956823664160311 -0.33165361414494332 0.036038498517382327 0.27538632234357013 0.4596601176046079 0.26644372027550389 -0.52288258375533592 -0.0096648148734402653 -0.082906256353419402 0.017763764627545697
leaf_weight=35.980280160903931 30.145640134811401 25.283440113067627 42.787360191345215 25.283440113067627 29.173200130462646 23.338560104370117 27.228320121765137 31.118080139160156 35.007840156555176 29.173200130462646
leaf_count=37 31 26 44 26 30 24 28 32 36 30
internal_value=0.00290698 0.00114007 0.00693431 0.0157143 -0.00352941 -0.000694444 -0.00714286 -0.0133333 -0.00223881 0.00833333
internal_weight=334.519 298.539 133.224 68.0708 165.315 140.031 81.685 58.3464 65.1535 58.3464
internal_count=344 307 137 70 170 144 84 60 67 60
is_linear=0
shrinkage=0.05


Tree=219
num_leaves=12
num_cat=0
split_feature=29 25 25 29 29 29 29 18 24 11 15
split_gain=2.24369 2.54685 5.87637 2.39366 3.7778 3.80058 3.12841 2.09359 2.76242 3.8848 1.60932
threshold=0.018834141677800904 1205.0000000000002 1005.0000000000001 0.014809731492041503 0.016044002109643307 0.017635136160266001 0.013291492569138601 0.92226001511715805 0.074428382464096707 2105.0000000000005 63.750000000000007
decision_type=2 2 2 2 2 2 2 2 2 2 2
left_child=3 2 7 6 -5 -6 10 8 -2 -10 -1
right_child=1 -3 -4 4 5 -7 -8 -9 9 -11 -12
leaf_value=-0.92207623058095578 -0.26236595491336628 -0.49088540543225467 0.48454063194585617 0.32896465005132997 -0.038292423001439604 0.36058982480951729 -0.57899050745340908 0.16272201961060093 0.014051717110737627 -0.3745055062889151 0.077776862638506833
leaf_weight=24.311000108718872 26.255880117416382 25.283440113067627 23.338560104370117 32.090520143508911 34.035400152206421 36.952720165252686 24.311000108718872 24.311000108718872 28.200760126113892 27.228320121765137 30.145640134811401
leaf_count=25 27 26 24 33 35 38 25 25 29 28 31
internal_value=-0.000289017 -0.00471698 -0.0018797 0.00347594 0.00849057 0.00205479 -0.00308642 -0.00688073 -0.0107143 -0.00438596 0.00357143
internal_weight=336.464 154.618 129.335 181.846 103.079 70.9881 78.7676 105.996 81.685 55.4291 54.4566
internal_count=346 159 133 187 106 73 81 109 84 57 56
is_linear=0
shrinkage=0.05


Tree=220
num_leaves=12
num_cat=0
split_feature=29 30 28 30 29 22 15 30 24 18 18
split_gain=2.80476 4.04227 4.5895 5.44617 3.95873 3.69234 2.62559 2.0413 1.85829 4.27242 1.41505
threshold=0.019625800787450905 0.22138660717042893 1.5000000000000002 0.16770300206248567 0.022084057524349752 0.0054574715339915014 191.25000000000003 0.25231871001483713 0.37630623344909059 0.61628401360544227 0.61628401360544227
decision_type=2 2 2 2 2 2 2 2 2 2 2
left_child=1 2 -1 10 6 -6 -2 -7 9 -5 -4
right_child=4 -3 3 8 5 7 -8 -9 -10 -11 -12
leaf_value=0.31223385170903839 0.42313832828155001 -0.39848255517667897 -0.13207272327042574 0.074881802076140508 0.63894594198598043 -0.35578023097446021 0.0050152713301713451 0.0014672492312001852 -0.041783620367516511 -0.005107144027442701 -0.027445684239432923
leaf_weight=32.090520143508911 29.173200130462646 32.090520143508911 24.311000108718872 23.338560104370117 23.338560104370117 24.311000108718872 23.338560104370117 44.732240200042725 25.283440113067627 33.062960147857666 26.255880117416382
leaf_count=33 30 33 25 24 24 25 24 46 26 34 27
internal_value=0.00042735 -0.00346535 -0.000295858 -0.00441176 0.0057047 -0.000526316 0.0166667 -0.00633803 0.00357143 0.00862069 -0.0173077
internal_weight=341.326 196.433 164.342 132.252 144.894 92.3818 52.5118 69.0432 81.685 56.4015 50.5669
internal_count=351 202 169 136 149 95 54 71 84 58 52
is_linear=0
shrinkage=0.05


Tree=221
num_leaves=12
num_cat=0
split_feature=27 22 14 23 30 14 27 27 11 11 22
split_gain=3.04954 4.57102 4.20041 3.99397 3.70877 3.07852 2.64353 2.90572 1.84823 1.45866 3.50078
threshold=130.00000000000003 0.0076578949043810008 2150.0000000000005 0.46712018140589578 0.25512675591644091 4080.0000000000005 975.00000000000011 1140.0000000000002 1615.0000000000002 1085.0000000000002 0.0018592021362581002
decision_type=2 2 2 2 2 2 2 2 2 2 2
left_child=8 9 3 -3 5 6 -4 -8 -1 -2 -11
right_child=1 2 4 -5 -6 -7 7 -9 -10 10 -12
leaf_value=0.2162827026264722 -0.0087035968255008821 0.00061807152872006554 -0.33799121942574861 0.27870343191957547 0.10527589250907568 0.18533644516569439 0.080491655670107326 -0.37540609337129355 0.97445293614844108 0.071392534561141474 -0.57329093729163105
leaf_weight=29.173200130462646 38.897600173950195 28.200760126113892 23.338560104370117 27.228320121765137 23.338560104370117 35.980280160903931 23.338560104370117 28.200760126113892 24.311000108718872 23.338560104370117 35.007840156555176
leaf_count=30 40 29 24 28 24 37 24 29 25 24 36
internal_value=0.000857143 -0.00118644 0.00333333 0.0149123 -0.00144928 -0.00526316 -0.011039 -0.00471698 0.0118182 -0.01 -0.015
internal_weight=340.354 286.87 189.626 55.4291 134.197 110.858 74.8779 51.5393 53.4842 97.244 58.3464
internal_count=350 295 195 57 138 114 77 53 55 100 60
is_linear=0
shrinkage=0.05


Tree=222
num_leaves=11
num_cat=0
split_feature=29 15 20 20 20 22 26 19 15 20
split_gain=3.61091 2.52095 3.56808 4.229 6.43954 6.50519 7.63159 3.8011 2.61889 2.44711
threshold=0.012371314796733701 776.25000000000011 0.48676587301587299 0.45799792139077855 0.41742793967941572 0.0076578949043810008 935.00000000000011 0.5487481469762755 86.250000000000014 0.36085762876579203
decision_type=2 2 2 2 2 2 2 2 2 2
left_child=-1 2 3 4 5 6 -2 -4 -7 -10
right_child=1 -3 7 -5 -6 8 -8 -9 9 -11
leaf_value=0.28580802399226285 0.26404912794273516 -0.19701464241852593 -0.31145132024810213 0.35322507870801023 -0.32109165845445209 0.098659870655933457 -0.54462639042704952 0.002813711197200064 -0.0084261479558790601 0.10001209788363213
leaf_weight=33.062960147857666 43.75980019569397 29.173200130462646 25.283440113067627 26.255880117416382 31.118080139160156 35.980280160903931 41.81492018699646 27.228320121765137 24.311000108718872 23.338560104370117
leaf_count=34 45 30 26 27 32 37 43 28 25 24
internal_value=-0.000997151 -0.00268139 -0.00121951 0.00150215 -0.000970874 0.00287356 -0.00681818 -0.012963 0.0127907 0.00510204
internal_weight=341.326 308.263 279.09 226.579 200.323 169.205 85.5747 52.5118 83.6298 47.6496
internal_count=351 317 287 233 206 174 88 54 86 49
is_linear=0
shrinkage=0.05


Tree=223
num_leaves=11
num_cat=0
split_feature=15 11 18 29 29 18 18 24 25 30
split_gain=2.87099 3.45223 4.55983 4.16312 5.68448 3.3448 2.72611 3.1612 4.14908 1.35788
threshold=161.25000000000003 3055.0000000000005 0.91516844833171362 0.023944345237044754 0.016632990931437355 0.61628401360544227 0.19004787100025192 0.36897743224273832 1035.0000000000002 0.22620005483313388
decision_type=2 2 2 2 2 2 2 2 2 2
left_child=1 2 3 4 5 -1 -2 -8 -9 -6
right_child=6 -3 -4 -5 9 -7 7 8 -10 -11
leaf_value=-0.068683163018454257 0.092039638899018436 0.43441676106920113 -0.23434754614831946 -0.052433228716483885 0.068409922539467524 0.3973246793126009 0.0096740023355323512 -0.30503707553173176 -0.033179570099832745 0.24056633045593118
leaf_weight=24.311000108718872 30.145640134811401 24.311000108718872 45.704680204391479 31.118080139160156 24.311000108718872 23.338560104370117 43.75980019569397 29.173200130462646 29.173200130462646 29.173200130462646
leaf_count=25 31 25 47 32 25 24 45 30 30 30
internal_value=0.000581395 0.00432692 0.00191257 0.00661765 0.0115385 -0.00102041 -0.00514706 -0.00904762 -0.0166667 0.0227273
internal_weight=334.519 202.268 177.957 132.252 101.134 47.6496 132.252 102.106 58.3464 53.4842
internal_count=344 208 183 136 104 49 136 105 60 55
is_linear=0
shrinkage=0.05


Tree=224
num_leaves=10
num_cat=0
split_feature=15 25 18 24 26 24 22 24 18
split_gain=2.57613 3.3795 2.5266 4.91341 4.08634 3.71099 4.011 3.07939 2.00741
threshold=371.25000000000006 1560.0000000000002 0.48242630385487534 0.068783068783068765 85.000000000000014 0.43316056581362705 0.046515037131027157 0.33371694542478647 0.90720126434412152
decision_type=2 2 2 2 2 2 2 2 2
left_child=2 -2 5 4 -4 7 -7 -1 -6
right_child=1 -3 3 -5 8 6 -8 -9 -10
leaf_value=-0.024043903253277678 0.46986117937502742 -0.010787195681359663 1.8724500145613321 0.26245692822661798 0.0039715989087540041 0.16006734747700194 -0.12509242955197805 -0.18003287503923959 -0.06395031904644384
leaf_weight=31.118080139160156 33.062960147857666 37.92516016960144 29.173200130462646 36.952720165252686 36.952720165252686 32.090520143508911 36.952720165252686 24.311000108718872 42.787360191345215
leaf_count=32 34 39 30 38 38 33 38 25 44
internal_value=0.00042735 0.00890411 -0.00179856 0.00266667 -0.00267857 -0.00703125 0.000704225 -0.0166667 -0.00853659
internal_weight=341.326 70.9881 270.338 145.866 108.913 124.472 69.0432 55.4291 79.7401
internal_count=351 73 278 150 112 128 71 57 82
is_linear=0
shrinkage=0.05


Tree=225
num_leaves=11
num_cat=0
split_feature=30 16 16 30 11 14 14 14 22 18
split_gain=2.5408 2.15799 2.92263 3.05129 4.8541 3.46797 1.9927 1.48048 1.38699 1.33336
threshold=0.24881711814353533 4170.0000000000009 1135.0000000000002 0.22620005483313388 2105.0000000000005 3128.7500000000005 1291.2500000000002 1166.2500000000002 0.043253664639493102 0.30009967356906136
decision_type=2 2 2 2 2 2 2 2 2 2
left_child=1 2 -1 4 6 -6 7 -4 -2 -3
right_child=8 9 3 -5 5 -7 -8 -9 -10 -11
leaf_value=-1.2464934406601174 0.045975614939561642 -0.1633503926841513 0.042580858583153261 0.22053464655930385 -0.34555385904798186 -0.00056400559483336108 0.44636812040627094 -0.017693528818494998 -0.012457454614968812 -0.2726743515697308
leaf_weight=32.090520143508911 44.732240200042725 26.255880117416382 25.283440113067627 42.787360191345215 32.090520143508911 28.200760126113892 23.338560104370117 26.255880117416382 23.338560104370117 30.145640134811401
leaf_count=33 46 27 26 44 33 29 24 27 24 31
internal_value=-0.00290698 -0.00510949 -0.00277778 -0.000273224 -0.00395683 -0.0145161 0.00454545 -0.000943396 0.00571429 -0.0137931
internal_weight=334.519 266.449 210.047 177.957 135.169 60.2913 74.8779 51.5393 68.0708 56.4015
internal_count=344 274 216 183 139 62 77 53 70 58
is_linear=0
shrinkage=0.05


Tree=226
num_leaves=10
num_cat=0
split_feature=18 20 29 18 28 20 26 15 14
split_gain=3.52703 4.18664 4.22206 1.74446 2.40329 1.70239 1.55442 1.93807 2.41125
threshold=0.19004787100025192 0.41742793967941572 0.012966577542874402 0.39853910262073533 2.5000000000000004 0.45799792139077855 2495.0000000000005 101.25000000000001 1133.7500000000002
decision_type=2 2 2 2 2 2 2 2 2
left_child=-1 2 -2 -4 6 -3 7 8 -5
right_child=1 5 3 4 -6 -7 -8 -9 -10
leaf_value=0.32580595260285466 -0.59871748987435469 -0.29455733260551825 0.020724737027580889 -0.04264855066844575 0.10975469933734985 -0.022813507810883496 0.040451815654000717 -0.050908152864985824 0.11316331492413384
leaf_weight=44.732240200042725 33.062960147857666 33.062960147857666 26.255880117416382 24.311000108718872 41.81492018699646 43.75980019569397 28.200760126113892 28.200760126113892 23.338560104370117
leaf_count=46 34 34 27 25 43 45 29 29 24
internal_value=0 -0.00206897 0.00165877 0.00480226 0.00266667 -0.0120253 -0.00140187 -0.00512821 0.00102041
internal_weight=326.74 282.008 205.185 172.122 145.866 76.8228 104.051 75.8503 47.6496
internal_count=336 290 211 177 150 79 107 78 49
is_linear=0
shrinkage=0.05


Tree=227
num_leaves=11
num_cat=0
split_feature=16 11 18 11 30 30 30 14 18 14
split_gain=3.53787 2.95402 3.8525 3.76419 3.32197 2.83058 2.68314 2.55328 3.28279 2.5372
threshold=4635.0000000000009 2975.0000000000005 0.24582112628759858 2215.0000000000005 0.20633410888171777 0.22138660717042893 0.23676646859869618 1166.2500000000002 0.37630385487528351 1126.2500000000002
decision_type=2 2 2 2 2 2 2 2 2 2
left_child=1 3 -3 5 -4 7 -7 -1 -9 -8
right_child=-2 2 4 -5 -6 6 9 8 -10 -11
leaf_value=0.47279555611740992 0.24180910537029376 -0.33487328467967931 -0.02982461538254029 0.67275465910579446 0.034419548400819622 -0.28362207359889452 0.026720445640387426 0.041079118055517942 -0.091348860282960243 -0.048362745221731986
leaf_weight=37.92516016960144 39.87004017829895 25.283440113067627 23.338560104370117 27.228320121765137 26.255880117416382 27.228320121765137 28.200760126113892 29.173200130462646 34.035400152206421 39.87004017829895
leaf_count=39 41 26 24 28 27 28 29 30 35 41
internal_value=-0.000574713 -0.002443 -0.011039 0.000434783 -0.00294118 -0.0019802 -0.00816327 0.00384615 -0.00230769 -0.00285714
internal_weight=338.409 298.539 74.8779 223.661 49.5944 196.433 95.2991 101.134 63.2086 68.0708
internal_count=348 307 77 230 51 202 98 104 65 70
is_linear=0
shrinkage=0.05


Tree=228
num_leaves=10
num_cat=0
split_feature=25 28 11 15 18 18 24 18 30
split_gain=2.53173 7.06296 4.18765 4.39314 2.47363 3.67198 1.94814 3.4105 1.52493
threshold=615.00000000000011 3.5000000000000004 2385.0000000000005 371.25000000000006 0.26378652332664076 0.42578384737353592 0.1013794406651549 0.88843828129542424 0.22138660717042893
decision_type=2 2 2 2 2 2 2 2 2
left_child=1 4 -2 -4 -1 -6 7 -7 -5
right_child=2 -3 3 8 5 6 -8 -9 -10
leaf_value=0.39109921031192701 0.21053403125301884 0.64902045529113372 -0.30800253667091515 0.11723915445754757 -0.3170144435365046 -0.19654088098503736 0.030891299947734298 0.2818580001489977 -0.14167585363147736
leaf_weight=24.311000108718872 36.952720165252686 31.118080139160156 33.062960147857666 24.311000108718872 37.92516016960144 39.87004017829895 35.007840156555176 40.842480182647705 25.283440113067627
leaf_count=25 38 32 34 25 39 41 36 42 26
internal_value=-0.000295858 0.00302326 -0.00609756 -0.0123529 -0.000819672 -0.00316456 0.0012605 -0.00301205 -0.00294118
internal_weight=328.685 209.075 119.61 82.6574 177.957 153.646 115.72 80.7125 49.5944
internal_count=338 215 123 85 183 158 119 83 51
is_linear=0
shrinkage=0.05


Tree=229
num_leaves=10
num_cat=0
split_feature=29 20 18 18 18 29 29 14 11
split_gain=6.26354 3.18669 4.43944 4.37741 4.13963 4.08457 3.49704 3.32142 2.74914
threshold=0.012264557928468102 0.41742793967941572 0.21040054859296839 0.13663076341647773 0.68532261389404259 0.020468205329650803 0.016096101144398352 3123.7500000000005 3175.0000000000005
decision_type=2 2 2 2 2 2 2 2 2
left_child=-1 4 3 -3 7 6 -6 -2 -4
right_child=1 2 8 -5 5 -7 -8 -9 -10
leaf_value=0.40358147335813332 0.05137919254327699 -0.079615904486081496 -0.19360978997513031 0.29679483099926074 -0.0094150444215188155 0.0082316845598143125 -0.35214924357005661 -0.01311828819971197 -0.10578353120781686
leaf_weight=28.200760126113892 44.732240200042725 24.311000108718872 28.200760126113892 30.145640134811401 37.92516016960144 43.75980019569397 33.062960147857666 32.090520143508911 35.007840156555176
leaf_count=29 46 25 29 31 39 45 34 33 36
internal_value=-0.000144092 -0.00220126 -0.00867769 0.00178571 0.00177665 -0.00423729 -0.0116438 0.0107595 -0.0176923
internal_weight=337.437 309.236 117.665 54.4566 191.571 114.748 70.9881 76.8228 63.2086
internal_count=347 318 121 56 197 118 73 79 65
is_linear=0
shrinkage=0.05


Tree=230
num_leaves=11
num_cat=0
split_feature=30 30 18 29 25 27 11 22 24 29
split_gain=3.09339 4.35118 2.77037 2.74554 3.53385 6.27126 3.68368 3.21911 2.83195 1.37286
threshold=0.16258680081917418 0.18077093205053862 0.61628401360544227 0.017379973997757755 535.00000000000011 1035.0000000000002 2325.0000000000005 0.013672348579416202 0.016974408811143451 0.016096101144398352
decision_type=2 2 2 2 2 2 2 2 2 2
left_child=2 -2 -1 9 6 -6 7 8 -5 -3
right_child=1 3 -4 4 5 -7 -8 -9 -10 -11
leaf_value=-0.15416912116252207 0.04002519646739984 0.0055627435218980285 0.35930821365088833 0.0038612703545709338 -0.26236020930309678 0.11601607168277042 4.390448839100805 -0.016602026088003187 0.11933874626028002 -0.11018974680755492
leaf_weight=35.980280160903931 28.200760126113892 23.338560104370117 27.228320121765137 30.145640134811401 35.007840156555176 42.787360191345215 25.283440113067627 28.200760126113892 26.255880117416382 26.255880117416382
leaf_count=37 29 24 28 31 36 44 26 29 27 27
internal_value=0.00147929 0.00384615 -0.00846154 0.00163934 0.00440415 -0.00375 0.010177 0.00517241 0.012069 -0.00882353
internal_weight=328.685 265.476 63.2086 237.275 187.681 77.7952 109.886 84.6023 56.4015 49.5944
internal_count=338 273 65 244 193 80 113 87 58 51
is_linear=0
shrinkage=0.05


Tree=231
num_leaves=12
num_cat=0
split_feature=18 27 27 25 28 15 26 15 22 11 15
split_gain=2.16006 2.56478 5.35801 3.55075 4.34379 3.09544 5.64207 2.60464 2.42903 0.72933 0.72933
threshold=0.97074829931972795 1005.0000000000001 2525.0000000000005 545.00000000000011 2.5000000000000004 296.25000000000006 1170.0000000000002 101.25000000000001 0.018329943520460402 1960.0000000000002 86.250000000000014
decision_type=2 2 2 2 2 2 2 2 2 2 2
left_child=1 3 5 4 7 6 10 -1 -4 -2 -3
right_child=9 2 8 -5 -6 -7 -8 -9 -10 -11 -12
leaf_value=-0.71012646680869695 0.55859048453362448 0.0036682068368463663 -0.51604594482985255 -0.29432414092218551 0.39447803094437861 0.11436653548203141 0.19246194497734451 0.0028464736402725069 0.0085360667458985514 0.19176506256371795 -0.015541546440454114
leaf_weight=32.090520143508911 23.338560104370117 23.338560104370117 26.255880117416382 33.062960147857666 37.92516016960144 32.090520143508911 25.283440113067627 24.311000108718872 33.062960147857666 23.338560104370117 23.338560104370117
leaf_count=33 24 24 27 34 39 33 26 25 34 24 24
internal_value=0.000432277 -0.00117057 0.00297619 -0.00648855 -0.00154639 0.00981308 0.00405405 -0.0103448 -0.00901639 0.0104167 -0.00625
internal_weight=337.437 290.76 163.37 127.39 94.3267 104.051 71.9606 56.4015 59.3188 46.6771 46.6771
internal_count=347 299 168 131 97 107 74 58 61 48 48
is_linear=0
shrinkage=0.05


Tree=232
num_leaves=12
num_cat=0
split_feature=15 14 27 14 27 15 22 14 11 30 22
split_gain=3.01168 3.75354 3.06979 3.33408 2.20936 2.90882 5.43171 3.71706 2.72398 2.66244 1.84921
threshold=776.25000000000011 4508.7500000000009 130.00000000000003 1585.0000000000002 2860.0000000000005 116.25000000000001 0.036409504878805406 1123.7500000000002 1960.0000000000002 0.22696027561569829 0.012869502591618202
decision_type=2 2 2 2 2 2 2 2 2 2 2
left_child=1 2 3 -1 5 7 -7 -4 -9 -8 -10
right_child=-2 -3 4 -5 -6 6 9 8 10 -11 -12
leaf_value=0.0063667351090430204 -0.12106336455917699 0.33948980565842252 -0.028946330923758978 0.94681187641406273 0.028488243662422974 -0.45603842618138518 0.032305609869922591 0.10374871169839253 -0.065159215418998426 -0.21456228083607132 0.02464734577820309
leaf_weight=31.118080139160156 28.200760126113892 23.338560104370117 36.952720165252686 23.338560104370117 25.283440113067627 28.200760126113892 24.311000108718872 41.81492018699646 23.338560104370117 26.255880117416382 33.062960147857666
leaf_count=32 29 24 38 24 26 29 25 43 24 27 34
internal_value=0.000140845 0.00153374 0 0.0107143 -0.00243902 -0.00409091 -0.0117284 0.000359712 0.00544554 -0.00192308 -0.00172414
internal_weight=345.216 317.015 293.677 54.4566 239.22 213.937 78.7676 135.169 98.2164 50.5669 56.4015
internal_count=355 326 302 56 246 220 81 139 101 52 58
is_linear=0
shrinkage=0.05


Tree=233
num_leaves=12
num_cat=0
split_feature=25 22 27 18 25 11 18 22 18 22 18
split_gain=2.7114 4.35102 3.35217 3.3138 2.70822 6.13948 2.66145 2.7027 4.2874 2.80063 1.24472
threshold=2525.0000000000005 0.033724508213992706 145.00000000000003 0.43840796391816805 1055.0000000000002 2165.0000000000005 0.68532261389404259 0.0066859757819143009 0.90272775776977465 0.0014318314506135002 0.49056485842200132
decision_type=2 2 2 2 2 2 2 2 2 2 2
left_child=1 2 10 -4 5 -3 -5 8 -8 -10 -1
right_child=-2 4 3 6 -6 -7 7 -9 9 -11 -12
leaf_value=0.015367393777125926 -0.19240574280236161 0.18122356723497435 -0.1228816664733131 0.042302880000966075 0.21728107070412081 -0.091163886704907784 0.098561276113468932 -0.027499014377576715 0.0047132563312743516 -0.4617310145972397 0.53984309057639168
leaf_weight=24.311000108718872 29.173200130462646 34.035400152206421 24.311000108718872 32.090520143508911 24.311000108718872 33.062960147857666 25.283440113067627 23.338560104370117 24.311000108718872 24.311000108718872 24.311000108718872
leaf_count=25 30 35 25 33 25 34 26 24 25 25 25
internal_value=0.00120482 0.00264901 -0.00144231 -0.00506329 0.0117021 0.00652174 -0.0018797 -0.006 -0.00131579 -0.01 0.01
internal_weight=322.85 293.677 202.268 153.646 91.4094 67.0984 129.335 97.244 73.9054 48.622 48.622
internal_count=332 302 208 158 94 69 133 100 76 50 50
is_linear=0
shrinkage=0.05


Tree=234
num_leaves=12
num_cat=0
split_feature=29 18 29 15 14 14 20 15 14 24 26
split_gain=3.04835 3.19942 6.383 3.28467 5.06423 3.40011 4.56806 1.61897 1.29837 1.29659 1.19735
threshold=0.012448113744241101 0.8595049130763418 0.020212162352347653 371.25000000000006 2683.7500000000005 1198.7500000000002 0.48095148990038655 708.75000000000011 3698.7500000000005 0.11961451247165526 475.00000000000006
decision_type=2 2 2 2 2 2 2 2 2 2 2
left_child=-1 3 10 4 5 9 -7 -5 -6 -2 -3
right_child=1 2 -4 7 8 6 -8 -9 -10 -11 -12
leaf_value=0.29278473910696906 -0.0037299006488183298 -0.25580815401174278 0.7450172559916155 0.24965651532079391 -0.3071771847356331 0.062729885378030301 -0.033628278361345569 -0.00030386017554064895 -0.26509741344627857 -0.026794725766580998 0.01701843706634918
leaf_weight=33.062960147857666 23.338560104370117 25.283440113067627 31.118080139160156 34.035400152206421 27.228320121765137 39.87004017829895 27.228320121765137 25.283440113067627 23.338560104370117 23.338560104370117 23.338560104370117
leaf_count=34 24 26 32 35 28 41 28 26 24 24 24
internal_value=0.000289017 -0.00128205 0.00731707 -0.00434783 -0.00798817 -0.00213675 0.00507246 0.0057377 -0.0211538 -0.0125 -0.004
internal_weight=336.464 303.401 79.7401 223.661 164.342 113.775 67.0984 59.3188 50.5669 46.6771 48.622
internal_count=346 312 82 230 169 117 69 61 52 48 50
is_linear=0
shrinkage=0.05


Tree=235
num_leaves=11
num_cat=0
split_feature=20 20 24 18 22 27 28 11 24 27
split_gain=4.78455 4.44544 3.94799 3.05593 3.67311 4.43068 7.66683 5.76455 3.65327 2.58433
threshold=0.48676587301587299 0.51308921848224465 0.59041123596379663 0.33418194302548049 0.016723693225946901 145.00000000000003 2.5000000000000004 2975.0000000000005 0.0061980347694633011 1085.0000000000002
decision_type=2 2 2 2 2 2 2 2 2 2
left_child=2 -2 3 -1 5 -5 7 8 -7 -6
right_child=1 -3 -4 4 9 6 -8 -9 -10 -11
leaf_value=-0.086820630256670486 -0.55455953918933576 0.016280438006344867 0.65076667839316549 0.89556641863559894 0.10147515194294102 -0.069450099035589116 -0.1056488363492349 -0.10245545144721291 0.13574159982485981 0.014866158848644773
leaf_weight=45.704680204391479 27.228320121765137 27.228320121765137 26.255880117416382 31.118080139160156 24.311000108718872 31.118080139160156 30.145640134811401 27.228320121765137 35.980280160903931 27.228320121765137
leaf_count=47 28 28 27 32 25 32 31 28 37 28
internal_value=-0.000728863 -0.0142857 0.00191638 0 0.00258216 -0.00125 -0.00546875 0.00154639 0.00942029 0.0141509
internal_weight=333.547 54.4566 279.09 252.834 207.13 155.59 124.472 94.3267 67.0984 51.5393
internal_count=343 56 287 260 213 160 128 97 69 53
is_linear=0
shrinkage=0.05


Tree=236
num_leaves=13
num_cat=0
split_feature=24 26 11 14 14 24 15 14 30 22 27 29
split_gain=4.61177 6.61569 3.88398 2.87667 7.27952 3.6789 8.82579 2.44346 3.26118 2.29945 2.02592 1.24472
threshold=0.54416285032531542 1525.0000000000002 3230.0000000000005 3620.0000000000005 4021.2500000000005 0.32007502135053151 63.750000000000007 1166.2500000000002 0.22531718346018242 0.0072552126435581005 995.00000000000011 0.016260434923171904
decision_type=2 2 2 2 2 2 2 2 2 2 2 2
left_child=1 3 -2 5 -5 6 7 8 -1 -3 -8 -6
right_child=2 9 -4 4 11 -7 10 -9 -10 -11 -12 -13
leaf_value=0.12895451983362136 0.023506502565282972 0.0070991766131669465 0.22389197938457528 0.84837960066613505 -0.021975444464851536 -0.34350298490085152 0.014815070177360213 -0.090311147028342031 -0.74272636117677848 0.033587151042115695 0.10680038092025371 -0.20105814503342573
leaf_weight=23.338560104370117 35.980280160903931 26.255880117416382 25.283440113067627 25.283440113067627 24.311000108718872 29.173200130462646 23.338560104370117 36.952720165252686 24.311000108718872 28.200760126113892 23.338560104370117 24.311000108718872
leaf_count=24 37 27 26 26 25 30 24 38 25 29 24 25
internal_value=-0.000555556 -0.00319865 0.0119048 -0.00684647 0.00131579 -0.0106061 -0.00703704 -0.0166667 -0.00918367 0.0125 0.0104167 -0.01
internal_weight=350.078 288.815 61.2637 234.358 73.9054 160.453 131.279 84.6023 47.6496 54.4566 46.6771 48.622
internal_count=360 297 63 241 76 165 135 87 49 56 48 50
is_linear=0
shrinkage=0.05


Tree=237
num_leaves=11
num_cat=0
split_feature=14 30 24 16 14 28 24 15 14 18
split_gain=3.72833 3.79704 3.35175 3.25733 2.45373 4.07564 2.43296 4.49252 3.97833 2.12408
threshold=1106.2500000000002 0.27834771980750134 0.59041123596379663 4275.0000000000009 3620.0000000000005 3.5000000000000004 0.21774395376879849 153.75000000000003 1133.7500000000002 0.87107898715041587
decision_type=2 2 2 2 2 2 2 2 2 2
left_child=-1 2 3 4 5 6 8 -8 -2 -10
right_child=1 -3 -4 -5 -6 -7 7 -9 9 -11
leaf_value=0.66403536290661125 0.27390236099247434 -0.038366615687232299 0.29944402341761817 -0.087279771623207131 0.14077518133899503 -0.016290186023616118 0.20329367703866411 -0.0028511474444485431 -0.38915378778308424 0.00027515749434314785
leaf_weight=27.228320121765137 24.311000108718872 23.338560104370117 31.118080139160156 45.704680204391479 32.090520143508911 23.338560104370117 24.311000108718872 27.228320121765137 40.842480182647705 24.311000108718872
leaf_count=28 25 24 32 47 33 24 25 28 42 25
internal_value=0.00015015 -0.00147541 0.000177936 -0.00180723 0.000990099 -0.00147929 0.00172414 0.0103774 -0.00326087 -0.00970149
internal_weight=323.823 296.594 273.256 242.138 196.433 164.342 141.004 51.5393 89.4645 65.1535
internal_count=333 305 281 249 202 169 145 53 92 67
is_linear=0
shrinkage=0.05


Tree=238
num_leaves=10
num_cat=0
split_feature=18 30 16 30 14 14 14 24 11
split_gain=4.64507 3.94908 5.8427 4.17136 3.15138 1.78003 3.72158 5.08241 1.57971
threshold=0.18607442977190877 0.18077093205053862 4275.0000000000009 0.16258680081917418 3620.0000000000005 2656.2500000000005 1160.0000000000002 0.036281179138321955 1135.0000000000002
decision_type=2 2 2 2 2 2 2 2 2
left_child=-1 3 4 8 5 6 7 -3 -2
right_child=1 2 -4 -5 -6 -7 -8 -9 -10
leaf_value=0.27950618417698936 0.2262722617062991 -0.0046696416584836699 -0.18664124920057931 0.10420507354274378 0.22486982196833197 -0.19062812330639645 0.011002253185233714 -0.87107063918322192 -0.077016837939436311
leaf_weight=44.732240200042725 25.283440113067627 37.92516016960144 25.283440113067627 24.311000108718872 31.118080139160156 23.338560104370117 45.704680204391479 28.200760126113892 41.81492018699646
leaf_count=46 26 39 26 25 32 24 47 29 43
internal_value=-0.00192878 -0.00429553 -0.00837563 0.00425532 -0.00497076 -0.00827338 -0.00565217 -0.0132353 -0.00217391
internal_weight=327.712 282.98 191.571 91.4094 166.287 135.169 111.831 66.1259 67.0984
internal_count=337 291 197 94 171 139 115 68 69
is_linear=0
shrinkage=0.05


Tree=239
num_leaves=12
num_cat=0
split_feature=18 24 18 20 24 14 18 15 22 22 29
split_gain=3.18025 3.86714 2.36015 4.93063 3.80006 2.75662 2.04074 3.76529 5.33136 3.44615 3.23337
threshold=0.13663076341647773 0.59041123596379663 0.27292011207156214 0.50428175692045529 0.30149802450366919 1113.7500000000002 0.48582766439909303 123.75000000000001 0.0098106770648797009 0.0052464271078304014 0.019032712606033005
decision_type=2 2 2 2 2 2 2 2 2 2 2
left_child=-1 2 3 -2 5 -4 -7 8 9 10 -8
right_child=1 -3 4 -5 -6 6 7 -9 -10 -11 -12
leaf_value=-0.09489216651343213 -1.1122741885968253 0.6116122243396831 0.091734089504336688 0.01045214052596748 0.0074017052300746405 -0.25587674576586322 -0.24937965046412958 -0.32407327810774406 0.22639976400250816 -0.55776898603216984 0.15351109856176209
leaf_weight=23.338560104370117 29.173200130462646 26.255880117416382 36.952720165252686 23.338560104370117 45.704680204391479 31.118080139160156 25.283440113067627 24.311000108718872 23.338560104370117 24.311000108718872 24.311000108718872
leaf_count=24 30 27 38 24 47 32 26 25 24 25 25
internal_value=-0.00302594 -0.00170279 -0.00337838 -0.012963 -0.00123967 -0.00435897 -0.00732484 -0.0044 0 -0.00657895 0.000980392
internal_weight=337.437 314.098 287.842 52.5118 235.33 189.626 152.673 121.555 97.244 73.9054 49.5944
internal_count=347 323 296 54 242 195 157 125 100 76 51
is_linear=0
shrinkage=0.05


Tree=240
num_leaves=11
num_cat=0
split_feature=14 11 18 24 27 27 25 27 27 30
split_gain=1.75664 3.4268 2.69579 7.3908 3.03935 1.46456 1.44444 3.20814 3.19492 1.9413
threshold=1091.2500000000002 1055.0000000000002 0.97074829931972795 0.016974408811143451 105.00000000000001 425.00000000000006 595.00000000000011 1075.0000000000002 1055.0000000000002 0.19489392071939241
decision_type=2 2 2 2 2 2 2 2 2 2
left_child=-1 -2 3 -3 -5 -6 7 -7 -8 -10
right_child=1 2 -4 4 5 6 8 -9 9 -11
leaf_value=-0.74314503365557139 0.15506208813518471 -0.52988053673057045 0.18275088142304413 0.097770396923715461 -2.3512118486359443 0.050526351013968455 -0.11333188980834166 -0.008288929010859647 -0.060372158754171325 0.070830898668236844
leaf_weight=23.338560104370117 30.145640134811401 28.200760126113892 32.090520143508911 24.311000108718872 23.338560104370117 33.062960147857666 35.980280160903931 32.090520143508911 25.283440113067627 45.704680204391479
leaf_count=24 31 29 33 25 24 34 37 33 26 47
internal_value=0.000728863 0.00172414 0 -0.00176471 0.00132743 -0.000746269 0.000847458 0.00671642 -0.00272727 0.00342466
internal_weight=333.547 310.208 280.063 247.972 219.771 195.46 172.122 65.1535 106.968 70.9881
internal_count=343 319 288 255 226 201 177 67 110 73
is_linear=0
shrinkage=0.05


Tree=241
num_leaves=10
num_cat=0
split_feature=18 29 14 30 29 19 30 30 24
split_gain=3.85889 5.24571 3.1557 3.55096 3.12148 3.59027 3.10512 1.98663 1.47339
threshold=0.90720126434412152 0.019816422259881655 2475.0000000000005 0.15327415538042213 0.018384441387896706 0.56376059195608075 0.22138660717042893 0.16258680081917418 0.12660619803476944
decision_type=2 2 2 2 2 2 2 2 2
left_child=2 -2 3 -1 7 -6 -5 -4 -8
right_child=1 -3 4 6 5 -7 8 -9 -10
leaf_value=-0.045721874417699843 -0.32209255310388019 0.1366979995625229 -0.044879883991416139 0.094004205412454675 -0.41174677647798036 0.067289353734827279 0.048000033463267755 0.031202461732641497 -0.0018697947359214595
leaf_weight=27.228320121765137 37.92516016960144 23.338560104370117 26.255880117416382 43.75980019569397 35.980280160903931 29.173200130462646 32.090520143508911 45.704680204391479 32.090520143508911
leaf_count=28 39 24 27 45 37 30 33 47 33
internal_value=0.00102041 -0.0103175 0.00357143 0.00899281 -0.00177305 -0.00970149 0.0130631 0.00540541 0.00606061
internal_weight=333.547 61.2637 272.283 135.169 137.114 65.1535 107.941 71.9606 64.181
internal_count=343 63 280 139 141 67 111 74 66
is_linear=0
shrinkage=0.05


Tree=242
num_leaves=10
num_cat=0
split_feature=27 11 24 29 18 11 11 30 20
split_gain=2.87175 3.20829 3.15895 4.23471 4.2396 3.54315 3.08914 2.62177 1.39782
threshold=2525.0000000000005 3645.0000000000005 0.016974408811143451 0.013473710325127952 0.48582766439909303 2385.0000000000005 1095.0000000000002 0.22138660717042893 0.48095148990038655
decision_type=2 2 2 2 2 2 2 2 2
left_child=1 2 6 -4 5 8 -1 -2 -5
right_child=7 -3 3 4 -6 -7 -8 -9 -10
leaf_value=0.12986309958439507 0.0027199479676141892 0.26443758627588071 0.26612637016008878 0.11832612711219781 0.043369158192626857 -0.27424256866706859 -0.066095126927757528 -0.40967431774415675 -0.015232607231587281
leaf_weight=36.952720165252686 42.787360191345215 43.75980019569397 26.255880117416382 34.035400152206421 39.87004017829895 30.145640134811401 31.118080139160156 23.338560104370117 32.090520143508911
leaf_count=38 44 45 27 35 41 31 32 24 33
internal_value=0.002 0.00425532 0.00189873 0.00568862 0.00214286 -0.00353535 -0.00714286 -0.00735294 0.00294118
internal_weight=340.354 274.228 230.468 162.397 136.142 96.2716 68.0708 66.1259 66.1259
internal_count=350 282 237 167 140 99 70 68 68
is_linear=0
shrinkage=0.05


Tree=243
num_leaves=11
num_cat=0
split_feature=19 18 27 15 15 11 14 24 11 16
split_gain=2.70875 3.11756 2.18103 2.85464 4.63135 5.35187 2.82284 3.05928 7.48295 2.61454
threshold=0.56376059195608075 0.14977166792642982 2985.0000000000005 116.25000000000001 378.75000000000006 3055.0000000000005 3118.7500000000005 0.016974408811143451 1095.0000000000002 1215.0000000000002
decision_type=2 2 2 2 2 2 2 2 2 2
left_child=2 -2 3 6 5 -5 7 8 -1 -9
right_child=1 -3 -4 4 -6 -7 -8 9 -10 -11
leaf_value=0.10943435060731872 -0.0034079157402402416 0.56820929414693644 0.2019992512837348 -0.0065932381294487646 0.013755248632401164 -0.28204329443174175 0.31249497958083339 -0.0075672460513942497 -0.51285883388959519 0.087135537232200022
leaf_weight=31.118080139160156 24.311000108718872 25.283440113067627 34.035400152206421 35.980280160903931 34.035400152206421 23.338560104370117 23.338560104370117 43.75980019569397 28.200760126113892 31.118080139160156
leaf_count=32 25 26 35 37 35 24 24 45 29 32
internal_value=0 0.0107843 -0.00187713 -0.00348837 -0.0104167 -0.0188525 0.000617284 -0.00217391 -0.0106557 0.00454545
internal_weight=334.519 49.5944 284.925 250.89 93.3542 59.3188 157.535 134.197 59.3188 74.8779
internal_count=344 51 293 258 96 61 162 138 61 77
is_linear=0
shrinkage=0.05


Tree=244
num_leaves=11
num_cat=0
split_feature=30 11 18 18 24 24 11 24 26 29
split_gain=3.20702 4.02274 3.40792 2.64011 5.22428 2.91742 2.69421 2.52171 1.42949 2.02592
threshold=0.24881711814353533 2105.0000000000005 0.84415289925494019 0.19004787100025192 0.45687998112800787 0.14652845265090161 2525.0000000000005 0.051123479694908207 165.00000000000014 0.018130796180023102
decision_type=2 2 2 2 2 2 2 2 2 2
left_child=2 -2 3 -1 5 7 -7 -5 -4 -10
right_child=1 -3 8 4 -6 6 -8 -9 9 -11
leaf_value=0.041837702098882802 0.1178982270748179 -0.036738429883871507 0.47157150827038097 -0.14614169794504051 -0.19977907039278764 -0.0073671528619797758 0.026513706607647694 -0.54131291053140562 -0.39132643833900149 0.15445844474111256
leaf_weight=24.311000108718872 35.007840156555176 37.92516016960144 26.255880117416382 30.145640134811401 32.090520143508911 34.035400152206421 40.842480182647705 28.200760126113892 23.338560104370117 23.338560104370117
leaf_count=25 36 39 27 31 33 35 42 29 24 24
internal_value=0.000724638 0.01 -0.00185185 -0.00538462 -0.00764706 -0.00328467 0.00324675 -0.0116667 0.00733333 0.00208333
internal_weight=335.492 72.933 262.559 189.626 165.315 133.224 74.8779 58.3464 72.933 46.6771
internal_count=345 75 270 195 170 137 77 60 75 48
is_linear=0
shrinkage=0.05


Tree=245
num_leaves=12
num_cat=0
split_feature=27 15 16 11 18 18 27 11 18 30 15
split_gain=2.84919 2.10087 3.44251 6.10998 5.24573 3.41087 2.49584 2.03555 1.946 1.48658 1.41484
threshold=130.00000000000003 116.25000000000001 4245.0000000000009 2670.0000000000005 0.30009967356906136 0.80173847316704472 1075.0000000000002 1615.0000000000002 0.96438746438746448 0.22650576488313393 285.00000000000028
decision_type=2 2 2 2 2 2 2 2 2 2 2
left_child=7 5 3 10 -4 6 9 -1 -7 -2 -3
right_child=1 2 4 -5 -6 8 -8 -9 -10 -11 -12
leaf_value=0.01425838904696093 0.11536012879223563 -0.0071476543518542712 0.27665846642339603 -0.22717067923570086 -0.087901190251477607 -0.04441687255807665 -0.0008931581380920762 1.4115141412549974 0.023976192313693901 0.018761624538376511 0.54163575093377858
leaf_weight=33.062960147857666 24.311000108718872 30.145640134811401 26.255880117416382 35.007840156555176 25.283440113067627 40.842480182647705 26.255880117416382 24.311000108718872 28.200760126113892 23.338560104370117 23.338560104370117
leaf_count=34 25 31 27 36 26 42 27 25 29 24 24
internal_value=0.000857143 -0.00120275 -0.00555556 -0.0115385 0.00471698 0.00306122 0.0105263 0.0110169 -0.00492958 0.0173469 -0.000909091
internal_weight=340.354 282.98 140.031 88.492 51.5393 142.949 73.9054 57.374 69.0432 47.6496 53.4842
internal_count=350 291 144 91 53 147 76 59 71 49 55
is_linear=0
shrinkage=0.05


Tree=246
num_leaves=11
num_cat=0
split_feature=27 30 14 14 20 14 20 16 18 25
split_gain=2.70417 3.3802 2.58844 5.75973 3.11338 2.60897 3.12286 2.5826 3.91763 2.5718
threshold=190.00000000000003 0.20633410888171777 3052.5000000000005 3655.0000000000005 0.45114007066671463 1266.2500000000002 0.48095148990038655 1205.0000000000002 0.90272775776977465 1640.0000000000002
decision_type=2 2 2 2 2 2 2 2 2 2
left_child=1 -1 5 -4 9 7 -7 8 -2 -5
right_child=2 -3 3 4 -6 6 -8 -9 -10 -11
leaf_value=0.079671138211085693 0.053900750329876249 -1.3463679797156374 -0.24700532287126864 0.2614739018821638 0.14031351478055284 0.39450522431029644 0.0052614786461617769 -0.0067902716342587155 -0.030344831462787172 -0.0835061307388969
leaf_weight=39.87004017829895 38.897600173950195 30.145640134811401 33.062960147857666 23.338560104370117 34.035400152206421 32.090520143508911 24.311000108718872 23.338560104370117 35.007840156555176 27.228320121765137
leaf_count=41 40 31 34 24 35 33 25 24 36 28
internal_value=0.00042735 -0.00833333 0.00268817 -0.00289256 0.00402299 0.00696203 0.0155172 0.002 0.00657895 -0.00384615
internal_weight=341.326 70.0157 271.311 117.665 84.6023 153.646 56.4015 97.244 73.9054 50.5669
internal_count=351 72 279 121 87 158 58 100 76 52
is_linear=0
shrinkage=0.05


Tree=247
num_leaves=10
num_cat=0
split_feature=17 18 17 11 27 24 18 22 29
split_gain=3.24812 5.62541 4.639 3.4542 3.13033 3.42484 2.84949 4.49935 4.24061
threshold=38.750000000000007 0.19004787100025192 138.75000000000003 2670.0000000000005 1005.0000000000001 0.42263555907800016 0.48242630385487534 0.0031256748319328505 0.021984675784397105
decision_type=2 2 2 2 2 2 2 2 2
left_child=3 -2 4 6 -3 -6 -1 -8 -9
right_child=1 2 -4 -5 5 -7 7 8 -10
leaf_value=-0.056756145352278513 0.18693679229495502 -2.9713355630499336 0.034204475892738631 0.19587254970351753 -0.048688635727739897 -0.001695178503882744 -0.4893727183478177 0.41365388332498015 -0.0061142093558828499
leaf_weight=39.87004017829895 27.228320121765137 23.338560104370117 44.732240200042725 31.118080139160156 24.311000108718872 34.035400152206421 34.035400152206421 41.81492018699646 25.283440113067627
leaf_count=41 28 24 46 32 25 35 35 43 26
internal_value=-0.00104478 -0.00632911 -0.0107692 0.00367232 -0.0178571 -0.0116667 0.000344828 0.00480769 0.0123188
internal_weight=325.767 153.646 126.417 172.122 81.685 58.3464 141.004 101.134 67.0984
internal_count=335 158 130 177 84 60 145 104 69
is_linear=0
shrinkage=0.05


Tree=248
num_leaves=12
num_cat=0
split_feature=16 25 18 26 18 20 29 20 19 15 29
split_gain=3.64167 4.7777 4.09459 3.9708 3.79354 3.09597 3.53355 2.98801 2.44063 1.4845 1.5432
threshold=2725.0000000000005 545.00000000000011 0.58940926798069671 230.00000000000003 0.81283273394283417 0.48964011908618327 0.018384441387896706 0.41990432105402747 0.57825976661593115 48.750000000000007 0.019816422259881655
decision_type=2 2 2 2 2 2 2 2 2 2 2
left_child=2 3 7 -2 -4 6 -3 -1 -9 10 -6
right_child=1 5 4 -5 9 -7 -8 8 -10 -11 -12
leaf_value=-0.025660524432828426 8.1369937077618939 0.14367367903651029 0.23602510135747254 0.0017081384272159994 -1.1980931158027375 -0.13682833949037559 -0.072529283238554856 0.016145059244502137 -0.091055396766637389 0.040262685752179554 0.027520757399906871
leaf_weight=36.952720165252686 23.338560104370117 35.980280160903931 27.228320121765137 23.338560104370117 24.311000108718872 23.338560104370117 26.255880117416382 26.255880117416382 23.338560104370117 24.311000108718872 23.338560104370117
leaf_count=38 24 37 28 24 25 24 27 27 24 25 24
internal_value=-0.000458716 0.00588235 -0.00497382 0.01875 0.00196078 -0.00113636 0.0046875 -0.0129213 -0.00490196 -0.00405405 -0.00918367
internal_weight=317.988 132.252 185.736 46.6771 99.1889 85.5747 62.2362 86.5472 49.5944 71.9606 47.6496
internal_count=327 136 191 48 102 88 64 89 51 74 49
is_linear=0
shrinkage=0.05


Tree=249
num_leaves=11
num_cat=0
split_feature=15 29 29 11 15 20 20 20 15 24
split_gain=3.748 3.36938 5.2993 3.38899 3.15935 3.08853 7.41614 2.88553 1.62023 1.02457
threshold=116.25000000000001 0.015406770231739702 0.023735452771013753 1135.0000000000002 202.50000000000003 0.41742793967941572 0.4558991625252079 0.48676587301587299 41.250000000000007 0.015532879818594051
decision_type=2 2 2 2 2 2 2 2 2 2
left_child=1 9 3 -3 -2 -6 -7 -8 -5 -1
right_child=4 2 -4 8 5 6 7 -9 -10 -11
leaf_value=-0.46237184311239621 -0.02253673036145756 0.0036329611948872301 -0.041863349778486741 0.14800794462541944 0.060081702429170041 -0.29489406273348778 0.29380770886550639 -0.16907739527475771 0.025783416483704968 -0.010617674401714794
leaf_weight=23.338560104370117 32.090520143508911 34.035400152206421 35.980280160903931 25.283440113067627 43.75980019569397 24.311000108718872 23.338560104370117 32.090520143508911 23.338560104370117 24.311000108718872
leaf_count=24 33 35 37 26 45 25 24 33 24 25
internal_value=-0.00317221 0.00204678 0.00655738 0.0135294 -0.00875 -0.00511811 -0.0109756 -0.000877193 0.022 -0.00918367
internal_weight=321.878 166.287 118.638 82.6574 155.59 123.5 79.7401 55.4291 48.622 47.6496
internal_count=331 171 122 85 160 127 82 57 50 49
is_linear=0
shrinkage=0.05


Tree=250
num_leaves=12
num_cat=0
split_feature=22 16 16 18 11 24 22 18 11 11 18
split_gain=3.17954 3.44679 7.98702 2.33574 2.46304 2.46886 7.16916 6.82353 4.86894 4.14015 1.29659
threshold=0.0006655678811349501 4645.0000000000009 4170.0000000000009 0.90720126434412152 1065.0000000000002 0.36897743224273832 0.016878517677299653 0.24912187097061048 1960.0000000000002 2195.0000000000005 0.77716782915697935
decision_type=2 2 2 2 2 2 2 2 2 2 2
left_child=-1 2 3 4 -2 6 8 9 10 -7 -6
right_child=1 -3 -4 -5 5 7 -8 -9 -10 -11 -12
leaf_value=0.12804468918960765 0.14343738696795755 0.2326786029176674 -0.2801493595968168 -0.19974984942201673 -0.0056387298079698667 -0.01008679068163474 0.12764834870297365 -0.28980065560722323 -0.37409988161400637 0.4174921854138347 0.03806790340482849
leaf_weight=27.228320121765137 39.87004017829895 33.062960147857666 32.090520143508911 39.87004017829895 23.338560104370117 26.255880117416382 24.311000108718872 25.283440113067627 25.283440113067627 25.283440113067627 23.338560104370117
leaf_count=28 41 34 33 41 24 27 25 26 26 26 24
internal_value=-0.00211268 -0.00351682 -0.0052901 -0.00230769 -0.000228311 -0.00280899 0.00252525 -0.00949367 -0.00540541 0.000943396 0.00416667
internal_weight=345.216 317.988 284.925 252.834 212.964 173.094 96.2716 76.8228 71.9606 51.5393 46.6771
internal_count=355 327 293 260 219 178 99 79 74 53 48
is_linear=0
shrinkage=0.05


Tree=251
num_leaves=10
num_cat=0
split_feature=22 16 16 18 18 14 11 24 22
split_gain=3.13816 3.56631 5.36209 2.83181 5.39704 3.27875 4.58636 4.42018 3.87198
threshold=0.0006655678811349501 4645.0000000000009 4170.0000000000009 0.14977166792642982 0.25119202118303646 3197.5000000000005 1095.0000000000002 0.032029478458049855 0.010574353013517652
decision_type=2 2 2 2 2 2 2 2 2
left_child=-1 2 3 -2 -5 6 7 -6 -8
right_child=1 -3 -4 4 5 -7 8 -9 -10
leaf_value=0.12164245473012443 -0.58401599319670372 0.222455268924341 -0.24650989902468157 0.19110093181634513 0.14863345289578547 0.121265931267817 -0.50545455929134275 -0.013844496175909172 -0.0060488567534775946
leaf_weight=30.145640134811401 24.311000108718872 34.035400152206421 30.145640134811401 29.173200130462646 42.787360191345215 24.311000108718872 34.035400152206421 42.787360191345215 42.787360191345215
leaf_count=31 25 35 31 30 44 25 35 44 44
internal_value=-0.000872093 -0.00239617 -0.00431655 -0.00182186 0 -0.003125 -0.00568862 0.00227273 -0.014557
internal_weight=334.519 304.374 270.338 240.193 215.882 186.708 162.397 85.5747 76.8228
internal_count=344 313 278 247 222 192 167 88 79
is_linear=0
shrinkage=0.05


Tree=252
num_leaves=12
num_cat=0
split_feature=16 14 22 16 14 15 16 22 18 15 14
split_gain=2.45187 3.38957 4.81589 2.61083 2.41639 4.61741 2.8326 2.73906 3.06543 1.31665 1.31221
threshold=4000.0000000000009 4106.2500000000009 0.027989918772956205 3185.0000000000005 2475.0000000000005 71.250000000000014 1265.0000000000002 0.0033513225575603008 0.78407029478458068 176.25000000000003 1208.7500000000002
decision_type=2 2 2 2 2 2 2 2 2 2 2
left_child=3 -2 -3 4 5 7 -7 -1 10 -6 -9
right_child=1 2 -4 -5 9 6 -8 8 -10 -11 -12
leaf_value=-0.23860982476377332 -0.22748935945323867 -0.10371317426584029 0.25636062983012381 0.069356173392634446 -0.0057464139158128098 0.028502862228629057 0.49545813056770388 -0.022107566562795 0.051017382538645961 -0.55481519353686515 0.019618348512290142
leaf_weight=31.118080139160156 33.062960147857666 27.228320121765137 23.338560104370117 26.255880117416382 26.255880117416382 32.090520143508911 25.283440113067627 24.311000108718872 30.145640134811401 24.311000108718872 30.145640134811401
leaf_count=32 34 28 24 27 27 33 26 25 31 25 31
internal_value=-0.000728863 -0.00813953 0 0.00175097 0 0.00280899 0.0144068 -0.00294118 0.00172414 -0.00961538 -0.00535714
internal_weight=333.547 83.6298 50.5669 249.917 223.661 173.094 57.374 115.72 84.6023 50.5669 54.4566
internal_count=343 86 52 257 230 178 59 119 87 52 56
is_linear=0
shrinkage=0.05


Tree=253
num_leaves=10
num_cat=0
split_feature=15 18 11 11 24 11 29 26 29
split_gain=4.21207 4.74635 4.93896 4.56151 4.54806 6.69682 4.17825 2.75672 3.61784
threshold=41.250000000000007 0.19004787100025192 1055.0000000000002 1125.0000000000002 0.45687998112800787 2620.0000000000005 0.016260434923171904 1015.0000000000001 0.016408817162170204
decision_type=2 2 2 2 2 2 2 2 2
left_child=7 -2 -3 -4 5 -5 -7 8 -1
right_child=1 2 3 4 -6 6 -8 -9 -10
leaf_value=0.0077196830152161059 0.20928664490236315 0.16982392409573777 -0.030453107906953394 0.27508762306595147 -0.22280993610078215 0.049093769715864259 -0.21985452839621758 -0.02368526765119441 0.32777510155335676
leaf_weight=29.173200130462646 34.035400152206421 32.090520143508911 34.035400152206421 24.311000108718872 39.87004017829895 32.090520143508911 35.980280160903931 28.200760126113892 39.87004017829895
leaf_count=30 35 33 35 25 41 33 37 29 41
internal_value=-0.000737463 -0.00439331 -0.00735294 -0.0108187 -0.00661765 -0.000526316 -0.00857143 0.008 0.0133803
internal_weight=329.657 232.413 198.378 166.287 132.252 92.3818 68.0708 97.244 69.0432
internal_count=339 239 204 171 136 95 70 100 71
is_linear=0
shrinkage=0.05


Tree=254
num_leaves=11
num_cat=0
split_feature=20 20 18 25 30 30 14 29 20 18
split_gain=3.43722 5.22894 4.49095 3.50078 3.03541 4.22188 2.80155 2.77465 1.49784 1.47454
threshold=0.48964011908618327 0.4558991625252079 0.42578384737353592 455.00000000000006 0.22138660717042893 0.23676646859869618 1126.2500000000002 0.013618182455694903 0.51920912247040063 0.81283273394283417
decision_type=2 2 2 2 2 2 2 2 2 2
left_child=1 2 3 -1 7 -6 -7 -4 -2 -9
right_child=8 -3 4 -5 5 6 -8 9 -10 -11
leaf_value=-0.20886180197639989 -0.97304985623454743 0.24108790985283124 -0.0033343164860525579 0.0023669972214520386 -0.20344603396627009 0.57094389528260769 -0.0094826982556014631 0.028600374512541295 -0.0092187993118386657 0.15976633344791935
leaf_weight=38.897600173950195 27.228320121765137 32.090520143508911 36.952720165252686 31.118080139160156 29.173200130462646 23.338560104370117 31.118080139160156 26.255880117416382 23.338560104370117 36.952720165252686
leaf_count=40 28 33 38 32 30 24 32 27 24 38
internal_value=-0.00144509 0.000680272 -0.00172414 -0.0125 0.00238095 -0.00465116 0.00357143 0.00825243 -0.0134615 0.0146154
internal_weight=336.464 285.897 253.807 70.0157 183.791 83.6298 54.4566 100.161 50.5669 63.2086
internal_count=346 294 261 72 189 86 56 103 52 65
is_linear=0
shrinkage=0.05


Tree=255
num_leaves=11
num_cat=0
split_feature=22 25 27 18 30 26 18 22 15 18
split_gain=3.06261 3.56349 3.16888 5.70342 2.97629 2.68944 2.1753 2.47771 2.5483 3.46074
threshold=0.050734318589089257 995.00000000000011 1015.0000000000001 0.8595049130763418 0.15691198842147516 90.000000000000128 0.27746994573345846 0.022365207917205452 93.750000000000014 0.84783953070571527
decision_type=2 2 2 2 2 2 2 2 2 2
left_child=2 -2 3 4 -1 -6 -4 8 9 -8
right_child=1 -3 6 -5 5 -7 7 -9 -10 -11
leaf_value=-0.0031676006617544772 2.0492598408393405 -0.0030313286454429545 -0.018984539326356756 0.12592292981159972 -2.3897878619088715 -0.040461586208493827 0.06870131764965208 0.040417789886805625 -0.038206179665303354 -0.013185349296850292
leaf_weight=28.200760126113892 23.338560104370117 26.255880117416382 27.228320121765137 42.787360191345215 35.007840156555176 29.173200130462646 35.007840156555176 36.952720165252686 28.200760126113892 31.118080139160156
leaf_count=29 24 27 28 44 36 30 36 38 29 32
internal_value=-0.000708215 0.0107843 -0.00264901 -0.00827338 -0.0152632 -0.0212121 0.00214724 0.00481481 0.000515464 0.00588235
internal_weight=343.271 49.5944 293.677 135.169 92.3818 64.181 158.508 131.279 94.3267 66.1259
internal_count=353 51 302 139 95 66 163 135 97 68
is_linear=0
shrinkage=0.05


Tree=256
num_leaves=12
num_cat=0
split_feature=18 16 22 18 14 29 27 29 18 15 20
split_gain=2.90052 4.54958 4.30416 5.25168 5.29057 4.11534 3.75302 3.39363 3.04152 2.62559 1.97915
threshold=0.42578384737353592 4645.0000000000009 0.011518453884917602 0.84415289925494019 1230.0000000000002 0.019816422259881655 440.00000000000006 0.017801593966907153 0.25535515676705994 48.750000000000007 0.47776576503617313
decision_type=2 2 2 2 2 2 2 2 2 2 2
left_child=1 6 3 4 -2 9 8 -8 -1 -5 -9
right_child=2 -3 -4 5 -6 -7 7 10 -10 -11 -12
leaf_value=-0.041245244889728389 0.017668516147659831 0.22701262486584711 0.062616267675787193 -0.03549671756618409 -0.53712032493012885 0.41797806871273907 -0.01803531236002982 0.082078576562025773 -3.6298351031554379 0.31706610368579508 -0.0028797622131605752
leaf_weight=24.311000108718872 25.283440113067627 25.283440113067627 38.897600173950195 29.173200130462646 23.338560104370117 32.090520143508911 30.145640134811401 28.200760126113892 25.283440113067627 23.338560104370117 23.338560104370117
leaf_count=25 26 26 40 30 24 33 31 29 26 24 24
internal_value=0.000887574 -0.00403727 0.00536723 0.00109489 -0.012 0.00862069 -0.00777778 -0.00119048 -0.0186275 0 0.00660377
internal_weight=328.685 156.563 172.122 133.224 48.622 84.6023 131.279 81.685 49.5944 52.5118 51.5393
internal_count=338 161 177 137 50 87 135 84 51 54 53
is_linear=0
shrinkage=0.05


Tree=257
num_leaves=11
num_cat=0
split_feature=26 18 22 15 29 11 18 18 18 30
split_gain=2.033 4.32992 3.47621 4.46918 2.17206 1.97929 1.41735 3.13467 2.32609 1.29659
threshold=130.00000000000003 0.6723356009070296 0.049539694735579905 326.25000000000006 0.015406770231739702 3655.0000000000005 0.83684807256235838 0.96438746438746448 0.46712018140589578 0.22138660717042893
decision_type=2 2 2 2 2 2 2 2 2 2
left_child=1 2 3 4 -1 -5 8 -8 -2 -10
right_child=6 -3 -4 5 -6 -7 7 -9 9 -11
leaf_value=-0.26156694480255283 -0.024612180735232414 0.65565142967006984 0.10668063715074823 0.092143867724212222 -1.2537288472178945 -0.016194497851529377 -0.39091414166609867 0.011118213162490065 0.19763094611636234 -0.0029090115567100838
leaf_weight=26.255880117416382 45.704680204391479 38.897600173950195 37.92516016960144 23.338560104370117 24.311000108718872 25.283440113067627 35.980280160903931 25.283440113067627 23.338560104370117 23.338560104370117
leaf_count=27 47 40 39 24 25 26 37 26 24 24
internal_value=-0.00339233 0.000276243 -0.00390071 -0.00882353 -0.0192308 0.002 -0.00759494 -0.0134921 -0.00368421 0.00416667
internal_weight=329.657 176.012 137.114 99.1889 50.5669 48.622 153.646 61.2637 92.3818 46.6771
internal_count=339 181 141 102 52 50 158 63 95 48
is_linear=0
shrinkage=0.05


Tree=258
num_leaves=10
num_cat=0
split_feature=27 14 27 27 27 22 22 24 18
split_gain=3.96194 2.67482 2.10117 1.36633 3.47736 1.85298 5.22789 2.12722 0.962864
threshold=130.00000000000003 1331.2500000000002 440.00000000000006 2985.0000000000005 2525.0000000000005 0.038902335384385207 0.022863488288885705 1.0000000180025095e-35 0.80173847316704472
decision_type=2 2 2 2 2 2 2 2 2
left_child=1 -1 -2 4 5 6 7 -4 -9
right_child=2 -3 3 -5 -6 -7 -8 8 -10
leaf_value=-0.0089357758656433365 -0.72912104370266206 0.35065197161571859 -0.12408805511890933 0.17371206790405724 -0.067467855349605088 0.24319410566170063 -0.038846556978774066 0.14617282710568133 -0.0081934723977042274
leaf_weight=23.338560104370117 35.007840156555176 35.980280160903931 25.283440113067627 33.062960147857666 35.007840156555176 40.842480182647705 36.952720165252686 43.75980019569397 30.145640134811401
leaf_count=24 36 37 26 34 36 42 38 45 31
internal_value=-0.00272206 0.00901639 -0.00520833 -0.00357143 -0.00504587 -0.0021978 -0.005 0.000980392 0.00526316
internal_weight=339.382 59.3188 280.063 245.055 211.992 176.984 136.142 99.1889 73.9054
internal_count=349 61 288 252 218 182 140 102 76
is_linear=0
shrinkage=0.05


Tree=259
num_leaves=10
num_cat=0
split_feature=27 29 30 20 16 17 16 14 11
split_gain=3.31886 3.35338 5.98781 3.92478 4.01479 4.03415 3.77189 3.13576 1.17436
threshold=2415.0000000000005 0.016632990931437355 0.12812833567550547 0.48676587301587299 1165.0000000000002 16.250000000000004 3155.0000000000005 1181.2500000000002 2065.0000000000005
decision_type=2 2 2 2 2 2 2 2 2
left_child=1 2 -1 4 -3 -6 -7 -2 -4
right_child=7 3 8 -5 5 6 -8 -9 -10
leaf_value=0.11304913117303386 0.014096321982310657 -0.050443026512539291 -0.69266499151754035 -0.02022951124313295 1.363130614400734 0.093938371330091294 -0.022228127868493177 -0.064094462582124839 -0.095544718372502765
leaf_weight=32.090520143508911 28.200760126113892 29.173200130462646 26.255880117416382 39.87004017829895 29.173200130462646 32.090520143508911 32.090520143508911 44.732240200042725 34.035400152206421
leaf_count=33 29 30 27 41 30 33 33 46 35
internal_value=-0.00192878 0.000763359 -0.00684211 0.00508982 0.00952381 0.0145833 0.00757576 -0.0113333 -0.016129
internal_weight=327.712 254.779 92.3818 162.397 122.527 93.3542 64.181 72.933 60.2913
internal_count=337 262 95 167 126 96 66 75 62
is_linear=0
shrinkage=0.05


Tree=260
num_leaves=12
num_cat=0
split_feature=27 27 11 16 30 27 11 27 26 20 29
split_gain=2.69102 4.69663 4.65025 2.81881 3.61049 3.61916 4.41111 8.30004 3.785 3.12286 2.37566
threshold=105.00000000000001 295.00000000000006 1570.0000000000002 1135.0000000000002 0.16258680081917418 595.00000000000011 2385.0000000000005 1495.0000000000002 1315.0000000000002 0.4314087301587301 0.018834141677800904
decision_type=2 2 2 2 2 2 2 2 2 2 2
left_child=2 -2 -1 -3 -5 -6 8 -8 9 -7 -9
right_child=1 3 -4 4 5 6 7 10 -10 -11 -12
leaf_value=-0.016412853179986087 -1.0797325172455203 -0.049073551251888149 1.2949740836806996 -0.09076748245388444 0.13271506424863447 0.21168422124059136 -0.21644181369772469 0.031571122249624751 -0.0024063794773155679 0.094256238105549534 -0.023669914499600965
leaf_weight=28.200760126113892 26.255880117416382 35.980280160903931 23.338560104370117 39.87004017829895 26.255880117416382 32.090520143508911 23.338560104370117 24.311000108718872 29.173200130462646 24.311000108718872 23.338560104370117
leaf_count=29 27 37 24 41 27 33 24 25 30 25 24
internal_value=-0.00202312 -0.00392491 0.00849057 -0.0018797 0.000218341 0.00319149 0.000310559 -0.00890411 0.00795455 0.0155172 0.00306122
internal_weight=336.464 284.925 51.5393 258.669 222.689 182.819 156.563 70.9881 85.5747 56.4015 47.6496
internal_count=346 293 53 266 229 188 161 73 88 58 49
is_linear=0
shrinkage=0.05


Tree=261
num_leaves=11
num_cat=0
split_feature=14 20 20 25 25 25 18 18 26 14
split_gain=4.39142 5.65469 5.2425 3.45283 3.30213 3.12897 2.36759 6.0392 2.46973 1.29765
threshold=1331.2500000000002 0.48676587301587299 0.45799792139077855 95.000000000000014 895 1940.0000000000002 0.79191861929957186 0.90272775776977465 1640.0000000000002 2505.0000000000005
decision_type=2 2 2 2 2 2 2 2 2 2
left_child=6 2 3 -2 -5 -6 8 -8 -1 -3
right_child=1 9 -4 4 5 -7 7 -9 -10 -11
leaf_value=-0.045467197624316218 0.033229700757419781 -0.0022860605034566105 0.38299572324392561 -0.086229108331190227 0.22586879569630583 -0.33636456585149976 0.13080212601399807 -0.3193457188047546 -0.0095190763031951075 -0.1967627801452636
leaf_weight=30.145640134811401 44.732240200042725 23.338560104370117 31.118080139160156 25.283440113067627 25.283440113067627 26.255880117416382 25.283440113067627 39.87004017829895 24.311000108718872 26.255880117416382
leaf_count=31 46 24 32 26 26 27 26 41 25 27
internal_value=-0.00256798 0.00192308 0.0066879 0.002 -0.00443038 0.00283019 -0.0101626 -0.00373134 -0.0178571 -0.0127451
internal_weight=321.878 202.268 152.673 121.555 76.8228 51.5393 119.61 65.1535 54.4566 49.5944
internal_count=331 208 157 125 79 53 123 67 56 51
is_linear=0
shrinkage=0.05


Tree=262
num_leaves=12
num_cat=0
split_feature=13 25 20 13 13 13 29 24 22 16 14
split_gain=3.63899 3.35382 2.26868 2.77607 5.1418 3.73417 3.77456 2.49657 4.15035 2.34155 1.29659
threshold=3230.0000000000005 2525.0000000000005 0.48354269617830087 2045.0000000000002 1115.0000000000002 2325.0000000000005 0.017801593966907153 0.032029478458049855 0.0031256748319328505 1175.0000000000002 4131.2500000000009
decision_type=2 2 2 2 2 2 2 2 2 2 2
left_child=2 10 3 4 7 -5 -7 8 -1 -9 -2
right_child=1 -3 -4 5 -6 6 -8 9 -10 -11 -12
leaf_value=-0.22501655463772752 0.70868545887528855 -0.039533137037733472 -0.1869246411380118 0.36384593708173729 -0.20439516535969915 0.02677055747903978 -0.13096747795482316 -0.043193837743103813 0.43564430222003242 0.00043620503342935992 0.21457535591148372
leaf_weight=27.228320121765137 23.338560104370117 28.200760126113892 43.75980019569397 24.311000108718872 37.92516016960144 23.338560104370117 25.283440113067627 25.283440113067627 29.173200130462646 28.200760126113892 23.338560104370117
leaf_count=28 24 29 45 25 39 24 26 26 30 29 24
internal_value=-0.0012894 0.00844156 -0.00404412 -0.00198238 -0.00592105 0.006 -0.002 -0.000442478 0.00689655 -0.00818182 0.0166667
internal_weight=339.382 74.8779 264.504 220.744 147.811 72.933 48.622 109.886 56.4015 53.4842 46.6771
internal_count=349 77 272 227 152 75 50 113 58 55 48
is_linear=0
shrinkage=0.05


Tree=263
num_leaves=11
num_cat=0
split_feature=15 18 24 29 29 29 24 18 20 16
split_gain=2.47013 3.95214 4.26583 3.12071 3.91305 3.3273 2.78531 1.82699 5.90389 2.13678
threshold=923.50125000000048 0.99886621315192758 1.0000000180025095e-35 0.013291492569138601 0.017801593966907153 0.018834141677800904 0.19343663391282437 0.22396532309068753 0.41742793967941572 1235.0000000000002
decision_type=2 2 2 2 2 2 2 2 2 2
left_child=1 2 -1 -4 6 -6 -5 -7 9 -9
right_child=-2 -3 3 4 5 7 -8 8 -10 -11
leaf_value=-0.51302773308045746 -0.17904579312439639 0.99556020912493759 0.099812557907443991 -0.59934574708839816 0.16931416609592134 0.023106791879899904 -0.0090649327397045454 -0.029255197451493589 -1.1471217640039413 0.044420033742676425
leaf_weight=26.255880117416382 25.283440113067627 32.090520143508911 36.952720165252686 23.338560104370117 23.338560104370117 40.842480182647705 43.75980019569397 34.035400152206421 26.255880117416382 23.338560104370117
leaf_count=27 26 33 38 24 24 42 45 35 27 24
internal_value=-0.0042029 -0.00297806 -0.0048951 -0.00289575 -0.00520362 -0.000657895 -0.0152174 -0.00390625 -0.00813953 0.000847458
internal_weight=335.492 310.208 278.118 251.862 214.909 147.811 67.0984 124.472 83.6298 57.374
internal_count=345 319 286 259 221 152 69 128 86 59
is_linear=0
shrinkage=0.05


Tree=264
num_leaves=10
num_cat=0
split_feature=29 27 27 24 15 26 25 24 18
split_gain=2.48608 3.82223 4.55665 2.80695 6.67552 3.90221 2.02592 1.84152 2.53167
threshold=0.016022851403207004 2535.0000000000005 360.00000000000006 0.59041123596379663 176.25000000000003 1035.0000000000002 130.00000000000003 0.074428382464096707 0.33418194302548049
decision_type=2 2 2 2 2 2 2 2 2
left_child=7 2 6 4 5 -4 -2 -1 -9
right_child=1 -3 3 -5 -6 -7 -8 8 -10
leaf_value=-0.00088763261469466676 -0.037877225227384771 -0.095946284647016003 0.073675191452491615 0.41089349232461247 -0.034915312544978865 -0.0094934977765092302 -1.0174406958951523 0.012544450199402491 0.12750012202579911
leaf_weight=42.787360191345215 23.338560104370117 32.090520143508911 42.787360191345215 27.228320121765137 34.035400152206421 37.92516016960144 23.338560104370117 27.228320121765137 33.062960147857666
leaf_count=44 24 33 44 28 35 39 24 28 34
internal_value=-0.000750751 -0.00374449 -0.00103093 0.00342466 0 0.00783133 -0.0145833 0.00566038 0.0112903
internal_weight=323.823 220.744 188.653 141.976 114.748 80.7125 46.6771 103.079 60.2913
internal_count=333 227 194 146 118 83 48 106 62
is_linear=0
shrinkage=0.05


Tree=265
num_leaves=11
num_cat=0
split_feature=29 27 28 11 30 18 18 22 18 11
split_gain=3.06893 2.83578 3.31979 3.32404 2.96671 2.81668 3.46028 4.30573 1.55607 0.324147
threshold=0.011577402047409402 2985.0000000000005 2.5000000000000004 3655.0000000000005 0.23676646859869618 0.24257639563762012 0.43840796391816805 0.0072552126435581005 0.92226001511715805 2065.0000000000005
decision_type=2 2 2 2 2 2 2 2 2 2
left_child=-1 2 3 5 9 -2 -7 8 -8 -4
right_child=1 -3 4 -5 -6 6 7 -9 -10 -11
leaf_value=0.44133304119548034 0.093386110876986103 0.19435881212525602 0.020604356929538881 -0.092529606724474439 0.092890601496537786 -0.096751743332447404 -0.3351013511635188 0.01914637168090394 -0.042945468018388055 -0.17698798304786578
leaf_weight=23.338560104370117 27.228320121765137 33.062960147857666 23.338560104370117 41.81492018699646 40.842480182647705 45.704680204391479 25.283440113067627 35.980280160903931 26.255880117416382 23.338560104370117
leaf_count=24 28 34 24 43 42 47 26 37 27 24
internal_value=-0.000842697 -0.00210843 -0.00369128 -0.00721154 0.00444444 -0.00393939 -0.00693431 -0.00111111 -0.0103774 -0.00416667
internal_weight=346.189 322.85 289.787 202.268 87.5196 160.453 133.224 87.5196 51.5393 46.6771
internal_count=356 332 298 208 90 165 137 90 53 48
is_linear=0
shrinkage=0.05


Tree=266
num_leaves=11
num_cat=0
split_feature=30 15 18 11 30 30 22 29 25 30
split_gain=2.06176 1.69186 2.89294 2.54072 5.33106 6.01992 3.3657 2.6169 2.46932 2.39058
threshold=0.27834771980750134 326.25000000000006 0.97074829931972795 3175.0000000000005 0.24233497676656207 0.22826267681060722 0.0047351711226122509 0.013908753294164551 1560.0000000000002 0.20224189292993236
decision_type=2 2 2 2 2 2 2 2 2 2
left_child=1 2 3 4 5 6 -1 -8 -3 -9
right_child=-2 8 -4 -5 -6 -7 7 9 -10 -11
leaf_value=-0.61721830523833887 -0.043941772601192503 0.21579862595094712 0.083394764935621882 -0.087903126388255259 -0.20010430042284499 0.088246071421713174 0.093284511077399657 -0.091914156165830721 -0.10086691102092118 0.12117230692186923
leaf_weight=23.338560104370117 30.145640134811401 42.787360191345215 30.145640134811401 23.338560104370117 31.118080139160156 25.283440113067627 35.007840156555176 24.311000108718872 39.87004017829895 27.228320121765137
leaf_count=24 31 44 31 24 32 26 36 25 41 28
internal_value=-0.00204678 -0.000803859 -0.00309735 -0.00538462 -0.00321637 0.00107914 -0.0039823 0.000561798 0.00529412 -0.00660377
internal_weight=332.574 302.429 219.771 189.626 166.287 135.169 109.886 86.5472 82.6574 51.5393
internal_count=342 311 226 195 171 139 113 89 85 53
is_linear=0
shrinkage=0.05


Tree=267
num_leaves=11
num_cat=0
split_feature=15 15 11 22 22 22 15 24 29 22
split_gain=2.40911 3.69045 2.91753 3.72268 2.80836 3.93147 3.54787 2.42807 4.48575 3.9484
threshold=776.25000000000011 401.25000000000006 3035.0000000000005 0.022863488288885705 0.011518453884917602 0.04494343915884691 93.750000000000014 0.032029478458049855 0.021984675784397105 0.0031256748319328505
decision_type=2 2 2 2 2 2 2 2 2 2
left_child=1 2 4 -4 7 6 -6 8 9 -1
right_child=-2 -3 3 -5 5 -7 -8 -9 -10 -11
leaf_value=-0.65042042776806286 -0.16797369783373597 0.21092215114622379 0.25386382470881019 -0.097438958594284489 0.2183136048360666 -0.046898247604349311 0.031284198498497062 -0.53777021751304799 0.060934598233950511 0.076592493843531895
leaf_weight=27.228320121765137 30.145640134811401 27.228320121765137 25.283440113067627 36.952720165252686 33.062960147857666 35.007840156555176 26.255880117416382 24.311000108718872 24.311000108718872 30.145640134811401
leaf_count=28 31 28 26 38 34 36 27 25 25 31
internal_value=-0.00106383 0.00033557 -0.00148148 -0.0109375 0.00145631 0.00773196 0.0155738 -0.00412844 0 -0.00762712
internal_weight=319.933 289.787 262.559 62.2362 200.323 94.3267 59.3188 105.996 81.685 57.374
internal_count=329 298 270 64 206 97 61 109 84 59
is_linear=0
shrinkage=0.05


Tree=268
num_leaves=11
num_cat=0
split_feature=29 29 30 30 14 15 14 18 29 18
split_gain=2.42882 4.52578 3.50241 5.07222 2.61392 4.86547 2.68452 2.23386 2.46557 4.91439
threshold=0.017379973997757755 0.016044002109643307 0.22138660717042893 0.22826267681060722 1166.2500000000002 63.750000000000007 3453.7500000000005 0.21040054859296839 0.020532980868485703 0.78407029478458068
decision_type=2 2 2 2 2 2 2 2 2 2
left_child=1 4 -2 -4 -1 -6 -7 -5 -9 -10
right_child=2 -3 3 7 5 6 -8 8 9 -11
leaf_value=0.077704605281724071 0.15047749902586249 -0.051904921161349198 -0.081682374604088184 0.42036486999309092 -0.6178994063796609 0.10860528630182671 -0.012363229860466163 -0.085674670532216626 -0.014856173095483883 0.65681463002130158
leaf_weight=29.173200130462646 43.75980019569397 33.062960147857666 23.338560104370117 29.173200130462646 27.228320121765137 30.145640134811401 27.228320121765137 34.035400152206421 38.897600173950195 28.200760126113892
leaf_count=30 45 34 24 30 28 31 28 35 40 29
internal_value=0.000564972 -0.00430464 0.00418719 0.000632911 0.00042735 -0.00402299 0.00423729 0.00447761 0.000961538 0.00652174
internal_weight=344.244 146.838 197.405 153.646 113.775 84.6023 57.374 130.307 101.134 67.0984
internal_count=354 151 203 158 117 87 59 134 104 69
is_linear=0
shrinkage=0.05


Tree=269
num_leaves=11
num_cat=0
split_feature=18 24 20 18 25 22 14 26 26 20
split_gain=2.57185 3.92444 2.58805 3.66878 4.1426 2.38442 3.32634 4.19807 1.56485 1.07167
threshold=0.46712018140589578 0.59041123596379663 0.50428175692045529 0.26722096245905774 615.00000000000011 0.0098106770648797009 1133.7500000000002 745.00000000000011 1035.0000000000002 0.37736556527372855
decision_type=2 2 2 2 2 2 2 2 2 2
left_child=1 2 3 -1 9 6 8 -8 -2 -5
right_child=5 -3 -4 4 -6 -7 7 -9 -10 -11
leaf_value=-0.80874149447004129 0.047161736912607923 0.26214143231979964 0.014554550787886457 -0.049309675103290831 0.021986613743024463 0.040156322120174087 0.002010144439418582 -0.28644797952491674 0.43745421088980269 -0.018796093504533928
leaf_weight=25.283440113067627 27.228320121765137 44.732240200042725 23.338560104370117 23.338560104370117 25.283440113067627 33.062960147857666 45.704680204391479 23.338560104370117 29.173200130462646 24.311000108718872
leaf_count=26 28 46 24 24 26 34 47 24 30 25
internal_value=-0.00179641 -0.00614035 -0.0108 -0.0143564 -0.00866667 0.00276074 -0.000387597 -0.00774648 0.00862069 -0.0173469
internal_weight=324.795 166.287 121.555 98.2164 72.933 158.508 125.445 69.0432 56.4015 47.6496
internal_count=334 171 125 101 75 163 129 71 58 49
is_linear=0
shrinkage=0.05


Tree=270
num_leaves=13
num_cat=0
split_feature=26 26 26 26 29 29 20 29 15 30 15 14
split_gain=3.89802 3.52768 2.81594 2.53021 2.45836 5.56496 2.81606 2.72455 1.41378 1.29659 0.72933 0.324147
threshold=935.00000000000011 1205.0000000000002 2565.0000000000005 475.00000000000006 0.019525017892454505 0.016022851403207004 0.47544899602353019 0.013473710325127952 326.25000000000006 0.11729420244865317 356.25000000000006 1138.7500000000002
decision_type=2 2 2 2 2 2 2 2 2 2 2 2
left_child=3 11 -3 4 5 7 8 9 -6 -1 -7 -2
right_child=1 2 -4 -5 6 10 -8 -9 -10 -11 -12 -13
leaf_value=0.044803650066978666 -0.44692809642372144 0.0267552080136511 -0.014703250257923628 0.05343859472163786 0.91377487370265276 -1.2016279839897834 -0.053576288109911732 0.193798409721785 0.025369851308551006 -0.012472795906842294 -0.012390277009080819 -0.087504891623939332
leaf_weight=23.338560104370117 23.338560104370117 32.090520143508911 27.228320121765137 23.338560104370117 29.173200130462646 23.338560104370117 25.283440113067627 28.200760126113892 25.283440113067627 23.338560104370117 23.338560104370117 23.338560104370117
leaf_count=24 24 33 28 24 30 24 26 29 26 24 24 24
internal_value=-0.00264706 -0.0105505 -0.00245902 0.00108225 -0.000724638 -0.0052 0.00609756 0.00324675 0.0125 -0.00416667 -0.01875 -0.0208333
internal_weight=330.63 105.996 59.3188 224.634 201.295 121.555 79.7401 74.8779 54.4566 46.6771 46.6771 46.6771
internal_count=340 109 61 231 207 125 82 77 56 48 48 48
is_linear=0
shrinkage=0.05


Tree=271
num_leaves=11
num_cat=0
split_feature=15 29 14 24 14 26 11 29 29 11
split_gain=3.88017 3.85903 2.94288 5.64502 3.37127 1.84741 3.87127 3.61483 1.70005 1.49784
threshold=116.25000000000001 0.023735452771013753 4106.2500000000009 0.42263555907800016 2475.0000000000005 1065.0000000000002 2740.0000000000005 0.015242845585726453 0.018384441387896706 1135.0000000000002
decision_type=2 2 2 2 2 2 2 2 2 2
left_child=1 5 4 -4 -2 6 7 -1 -6 -9
right_child=2 -3 3 -5 8 -7 -8 9 -10 -11
leaf_value=-1.1580323675673185 0.070828312051526163 -0.17247333992479527 -0.23420116628062715 0.25643843416526124 -0.011849156111497906 -0.0071827301436997006 0.37636239201651733 0.020301987357447617 -0.25632921870628705 0.11707599836245208
leaf_weight=24.311000108718872 32.090520143508911 36.952720165252686 26.255880117416382 23.338560104370117 25.283440113067627 41.81492018699646 23.338560104370117 23.338560104370117 44.732240200042725 27.228320121765137
leaf_count=25 33 38 27 24 26 43 24 24 46 28
internal_value=-0.00118343 0.00384615 -0.00705128 0.00294118 -0.0119048 0.00763889 0.0113861 0.00584416 -0.0180556 0.0134615
internal_weight=328.685 176.984 151.701 49.5944 102.106 140.031 98.2164 74.8779 70.0157 50.5669
internal_count=338 182 156 51 105 144 101 77 72 52
is_linear=0
shrinkage=0.05


Tree=272
num_leaves=11
num_cat=0
split_feature=28 11 25 23 23 23 17 22 20 29
split_gain=6.56831 3.99067 4.3164 2.60425 2.28113 2.9141 4.81702 5.19814 3.7519 1.89401
threshold=3.5000000000000004 2975.0000000000005 1085.0000000000002 0.97074829931972795 0.21167620487348379 0.33418194302548049 11.250000000000002 0.0089312443116894517 0.31409203608183206 0.016632990931437355
decision_type=2 2 2 2 2 2 2 2 2 2
left_child=1 3 -3 4 -1 -6 -7 -8 -9 -4
right_child=-2 2 9 -5 5 6 7 8 -10 -11
leaf_value=0.3032619599851728 0.082998575715350853 -0.10487485862386166 0.013308147917541646 0.95659587097148924 -0.15037061829084453 0.40994166043985847 -0.16753111453836028 0.3093683890745979 -0.0093484269448708811 -0.1555124327118847
leaf_weight=30.145640134811401 44.732240200042725 40.842480182647705 25.283440113067627 23.338560104370117 25.283440113067627 27.228320121765137 34.035400152206421 24.311000108718872 26.255880117416382 32.090520143508911
leaf_count=31 46 42 26 24 26 28 35 25 27 33
internal_value=-0.000437318 -0.00319865 -0.0113861 0.00102041 -0.00116279 -0.00390071 -0.000434783 -0.00632184 0.00384615 -0.00254237
internal_weight=333.547 288.815 98.2164 190.598 167.26 137.114 111.831 84.6023 50.5669 57.374
internal_count=343 297 101 196 172 141 115 87 52 59
is_linear=0
shrinkage=0.05


Tree=273
num_leaves=12
num_cat=0
split_feature=6 30 11 30 22 30 29 27 27 20 15
split_gain=2.96972 3.89831 3.10827 6.25553 4.60465 2.55953 2.24052 2.95026 5.24157 2.38867 0.797899
threshold=1.5000000000000002 0.22138660717042893 1095.0000000000002 0.24881711814353533 0.024512260621617103 0.24233497676656207 0.018130796180023102 105.00000000000001 995.00000000000011 0.37411408440927391 86.250000000000014
decision_type=2 2 2 2 2 2 2 2 2 2 2
left_child=1 6 3 -3 -4 -6 7 -1 -9 10 -10
right_child=-2 2 4 -5 5 -7 -8 8 9 -11 -12
leaf_value=0.079968002919997616 5.5965866263037016 -0.26807030979891805 -0.14773681107631093 0.29389996962087256 0.061219188305153695 -0.54622187768798092 0.15547122866714747 -0.53272961389470763 0.039252612740176579 -0.011922105701796682 0.022343453357632371
leaf_weight=30.145640134811401 30.145640134811401 23.338560104370117 29.173200130462646 25.283440113067627 28.200760126113892 31.118080139160156 26.255880117416382 25.283440113067627 25.283440113067627 32.090520143508911 23.338560104370117
leaf_count=31 31 24 30 26 29 32 27 26 26 33 24
internal_value=-0.000442478 -0.00194805 -0.00815603 0.002 -0.0137363 -0.0057377 0.00329341 0.000714286 -0.00321101 0.00301205 0.01
internal_weight=329.657 299.512 137.114 48.622 88.492 59.3188 162.397 136.142 105.996 80.7125 48.622
internal_count=339 308 141 50 91 61 167 140 109 83 50
is_linear=0
shrinkage=0.05


Tree=274
num_leaves=11
num_cat=0
split_feature=29 14 24 14 18 22 29 29 14 22
split_gain=5.54957 5.30638 4.96662 2.77409 2.9781 2.71328 1.94161 1.62921 1.49767 0.919931
threshold=0.018834141677800904 3655.0000000000005 0.0024295432458697505 2475.0000000000005 0.6723356009070296 0.027390058112866954 0.014809731492041503 0.012264557928468102 2613.7500000000005 0.038902335384385207
decision_type=2 2 2 2 2 2 2 2 2 2
left_child=5 2 -2 4 -4 6 7 -1 -8 -7
right_child=1 -3 3 -5 -6 9 8 -9 -10 -11
leaf_value=0.075969602774000583 0.061058349458687648 0.083340380433969588 0.040545404714987403 -1.3839429112939117 -0.052645525138154882 -0.0046408101205770436 0.3309463269445132 -0.01655163626163585 0.013238845806745303 0.13989018050583582
leaf_weight=24.311000108718872 23.338560104370117 35.980280160903931 31.118080139160156 35.980280160903931 31.118080139160156 33.062960147857666 30.145640134811401 38.897600173950195 25.283440113067627 25.283440113067627
leaf_count=25 24 37 32 37 32 34 31 40 26 26
internal_value=-0.000581395 -0.00740741 -0.0124 -0.0173267 -0.0109375 0.00549451 0.00983607 0.00384615 0.0166667 -0.00333333
internal_weight=334.519 157.535 121.555 98.2164 62.2362 176.984 118.638 63.2086 55.4291 58.3464
internal_count=344 162 125 101 64 182 122 65 57 60
is_linear=0
shrinkage=0.05


Tree=275
num_leaves=12
num_cat=0
split_feature=30 28 16 17 30 30 16 24 27 15 27
split_gain=3.97356 4.23345 3.36353 3.45094 3.31342 3.26848 2.95783 3.96542 2.3163 1.35276 0.72933
threshold=0.21603701970819641 2.5000000000000004 1155.0000000000002 78.750000000000014 0.23046621684217028 0.17833928115472927 3775.0000000000005 0.028231292517006755 995.00000000000011 386.25000000000006 655.00000000000011
decision_type=2 2 2 2 2 2 2 2 2 2 2
left_child=1 2 -1 5 -2 10 7 -6 -9 -5 -4
right_child=4 -3 3 9 6 -7 -8 8 -10 -11 -12
leaf_value=0.44182277278669063 -0.086033998516381882 1.0928172401875145 -0.016425111044645748 0.099374190678327076 0.030264718216517397 -0.18177286436555279 0.042199133533154055 -0.67609291587864395 -0.010625147457574258 -0.00036356788398279606 0.021458321195768806
leaf_weight=24.311000108718872 45.704680204391479 25.283440113067627 23.338560104370117 32.090520143508911 32.090520143508911 23.338560104370117 30.145640134811401 27.228320121765137 35.007840156555176 24.311000108718872 23.338560104370117
leaf_count=25 47 26 24 33 33 24 31 28 36 25 24
internal_value=-0.0011236 0.00414365 0.000967742 -0.00230769 -0.00657143 -0.00972222 -0.00234375 -0.00670103 -0.0140625 0.00689655 -0.00208333
internal_weight=346.189 176.012 150.728 126.417 170.177 70.0157 124.472 94.3267 62.2362 56.4015 46.6771
internal_count=356 181 155 130 175 72 128 97 64 58 48
is_linear=0
shrinkage=0.05


Tree=276
num_leaves=11
num_cat=0
split_feature=14 27 27 16 25 15 14 25 30 17
split_gain=3.11895 6.18856 3.71798 5.19236 2.68752 2.47634 3.56006 3.13774 0.700157 0.665312
threshold=3655.0000000000005 745.00000000000011 545.00000000000011 2135.0000000000005 2030.0000000000002 41.250000000000007 1141.2500000000002 920.00000000000011 0.20992882067751598 8.7500000000000018
decision_type=2 2 2 2 2 2 2 2 2 2
left_child=2 -2 3 9 -3 -4 -7 8 -8 -1
right_child=1 4 5 -5 -6 6 7 -9 -10 -11
leaf_value=-0.013922827182159382 7.1823167702958477 -0.099875885961319008 -0.25040683197870522 -0.93776052604446258 0.040089176856486122 0.17610271852722692 -0.027615694452936171 0.12788663182748225 -0.004442183634000685 0.44834925618995386
leaf_weight=25.283440113067627 23.338560104370117 24.311000108718872 42.787360191345215 36.952720165252686 42.787360191345215 29.173200130462646 24.311000108718872 24.311000108718872 24.311000108718872 27.228320121765137
leaf_count=26 24 25 44 38 44 30 25 25 25 28
internal_value=-0.000898204 0.00698925 -0.00394191 -0.0119565 -0.000724638 0.00100671 0.0052381 -0.000666667 -0.008 -0.00185185
internal_weight=324.795 90.4369 234.358 89.4645 67.0984 144.894 102.106 72.933 48.622 52.5118
internal_count=334 93 241 92 69 149 105 75 50 54
is_linear=0
shrinkage=0.05


Tree=277
num_leaves=9
num_cat=0
split_feature=11 16 27 15 15 15 27 26
split_gain=2.97923 3.40022 5.54109 3.38841 3.38841 2.38105 1.66506 5.40244
threshold=3035.0000000000005 4645.0000000000009 1495.0000000000002 202.50000000000003 108.75000000000001 63.750000000000007 1025.0000000000002 360.00000000000006
decision_type=2 2 2 2 2 2 2 2
left_child=3 2 -2 4 5 6 7 -1
right_child=1 -3 -4 -5 -6 -7 -8 -9
leaf_value=-0.073448389682721424 -0.30981177307937746 0.007986749486917688 0.02470553104028568 0.088383147011336413 -0.021039024175183843 0.039382072823013918 -0.018899026011058598 0.067730061649012893
leaf_weight=43.75980019569397 43.75980019569397 37.92516016960144 25.283440113067627 43.75980019569397 29.173200130462646 30.145640134811401 42.787360191345215 29.173200130462646
leaf_count=45 45 39 26 45 30 31 44 30
internal_value=-0.00134328 -0.00818182 -0.0147887 0.002 -0.00111111 0.002 -0.0012605 0.00333333
internal_weight=325.767 106.968 69.0432 218.799 175.039 145.866 115.72 72.933
internal_count=335 110 71 225 180 150 119 75
is_linear=0
shrinkage=0.05


Tree=278
num_leaves=12
num_cat=0
split_feature=29 15 16 29 16 14 11 18 18 30 11
split_gain=2.45775 3.22156 5.20086 3.57926 4.35491 4.79902 3.07987 2.57242 2.45749 2.35353 1.29659
threshold=0.023944345237044754 108.75000000000001 2050.0000000000005 0.018334733168927555 4645.0000000000009 3453.7500000000005 2975.0000000000005 0.90720126434412152 0.77716782915697935 0.28543464975937677 2975.0000000000005
decision_type=2 2 2 2 2 2 2 2 2 2 2
left_child=1 2 7 4 5 -3 -5 8 -1 -2 -4
right_child=9 3 10 6 -6 -7 -8 -9 -10 -11 -12
leaf_value=-0.010157390110146026 -0.44213174199917377 0.04212347946187265 0.38645469477273764 0.0073708916167333884 0.16407680007159797 -0.29840883525071149 -0.65129452811395372 -0.029686652958298511 0.079796957627320364 0.0076572255961536943 0.038030877688584042
leaf_weight=33.062960147857666 35.980280160903931 35.980280160903931 23.338560104370117 23.338560104370117 28.200760126113892 24.311000108718872 30.145640134811401 26.255880117416382 24.311000108718872 28.200760126113892 23.338560104370117
leaf_count=34 37 37 24 24 29 25 31 27 25 29 24
internal_value=-0.000289017 0.00178571 0.00746269 -0.00342466 0.00274725 -0.00483871 -0.0136364 0 0.0059322 -0.00909091 0.0208333
internal_weight=336.464 272.283 130.307 141.976 88.492 60.2913 53.4842 83.6298 57.374 64.181 46.6771
internal_count=346 280 134 146 91 62 55 86 59 66 48
is_linear=0
shrinkage=0.05


Tree=279
num_leaves=11
num_cat=0
split_feature=25 25 18 18 25 30 24 29 29 30
split_gain=2.7843 4.49035 3.87783 5.32362 2.86854 2.52586 3.08082 2.69106 3.43888 1.87285
threshold=1055.0000000000002 495.00000000000006 0.25266268123410979 0.37820167522791437 1560.0000000000002 0.19378030139270608 0.0024295432458697505 0.018130796180023102 0.021194751121882852 0.21603701970819641
decision_type=2 2 2 2 2 2 2 2 2 2
left_child=1 2 -1 -4 -2 6 -5 -7 -9 -6
right_child=4 -3 3 5 9 7 -8 8 -10 -11
leaf_value=0.29351063262051869 0.37020513924394438 -0.091481059468401335 -0.87165335626873464 -0.039075541066245029 0.10608618751211907 -0.18197412806687227 0.13995680410702108 0.10942797139930463 -0.0090379353238517982 -0.14031959606686542
leaf_weight=24.311000108718872 26.255880117416382 45.704680204391479 26.255880117416382 25.283440113067627 26.255880117416382 27.228320121765137 29.173200130462646 25.283440113067627 43.75980019569397 24.311000108718872
leaf_count=25 27 47 27 26 27 28 30 26 45 25
internal_value=-0.00135135 -0.00393701 -0.000724638 -0.0032967 0.00696203 0.000322581 0.00892857 -0.00454545 0.000704225 0
internal_weight=323.823 247 201.295 176.984 76.8228 150.728 54.4566 96.2716 69.0432 50.5669
internal_count=333 254 207 182 79 155 56 99 71 52
is_linear=0
shrinkage=0.05


Tree=280
num_leaves=10
num_cat=0
split_feature=20 18 25 22 25 27 29 27 29
split_gain=2.16314 5.12692 5.78813 3.57306 5.74569 4.54826 2.26819 3.51521 2.50787
threshold=0.4337430153316853 0.24912187097061048 920.00000000000011 0.016878517677299653 935.00000000000011 295.00000000000006 0.017379973997757755 1495.0000000000002 0.021673474553614153
decision_type=2 2 2 2 2 2 2 2 2
left_child=3 2 -2 5 -5 -1 7 -7 -8
right_child=1 -3 -4 4 -6 6 8 -9 -10
leaf_value=0.03277508880946698 0.66651108031505835 -0.35637967253887837 -0.098009750769415413 0.0010792037787268783 0.52089325972415279 -0.56495021133108592 0.05852112233978915 -0.016647360809986366 -0.016994308438802366
leaf_weight=45.704680204391479 23.338560104370117 27.228320121765137 43.75980019569397 45.704680204391479 25.283440113067627 23.338560104370117 36.952720165252686 24.311000108718872 36.952720165252686
leaf_count=47 24 28 45 47 26 24 38 25 38
internal_value=-0.000292398 -0.00670103 0.000724638 0.0022449 0.0116438 -0.00174419 -0.0068 -0.0153061 -0.00131579
internal_weight=332.574 94.3267 67.0984 238.248 70.9881 167.26 121.555 47.6496 73.9054
internal_count=342 97 69 245 73 172 125 49 76
is_linear=0
shrinkage=0.05


Tree=281
num_leaves=11
num_cat=0
split_feature=20 19 20 30 25 29 29 22 29 26
split_gain=3.44604 3.52347 3.20147 3.14905 3.24896 3.15569 2.93978 3.39205 1.90744 1.2949
threshold=0.48146239122429596 0.57825976661593115 0.51920912247040063 0.22930365759550828 170.00000000000003 0.014809731492041503 0.018834141677800904 0.016723693225946901 0.012264557928468102 1170.0000000000002
decision_type=2 2 2 2 2 2 2 2 2 2
left_child=1 3 -2 5 9 8 7 -7 -1 -5
right_child=2 -3 -4 4 -6 6 -8 -9 -10 -11
leaf_value=0.050773719570668167 -0.19343879341956838 0.61914827289986085 0.070578487713419236 0.020817727214625849 -0.15830135762028022 0.0058812073418266671 -0.022504013593686523 0.10568236567498844 -0.25705529561028018 -0.010947479606045363
leaf_weight=27.228320121765137 40.842480182647705 23.338560104370117 23.338560104370117 36.952720165252686 27.228320121765137 39.87004017829895 27.228320121765137 31.118080139160156 45.704680204391479 26.255880117416382
leaf_count=28 42 24 24 38 28 41 28 32 47 27
internal_value=-0.000139276 0.00221843 -0.0106061 0.000557621 -0.00698925 0.00454545 0.010396 0.0157534 -0.00333333 -0.000769231
internal_weight=349.106 284.925 64.181 261.586 90.4369 171.149 98.2164 70.9881 72.933 63.2086
internal_count=359 293 66 269 93 176 101 73 75 65
is_linear=0
shrinkage=0.05


Tree=282
num_leaves=10
num_cat=0
split_feature=11 16 18 11 27 24 22 30 15
split_gain=2.62133 4.00083 4.10228 3.35896 4.645 3.73451 5.08014 2.20696 3.05262
threshold=1095.0000000000002 4675.0000000000009 0.88843828129542424 3035.0000000000005 1015.0000000000001 0.25174399770982597 0.044644107948355057 0.18077093205053862 48.750000000000007
decision_type=2 2 2 2 2 2 2 2 2
left_child=7 2 3 5 -5 -2 -7 -1 -9
right_child=1 -3 -4 4 -6 6 -8 8 -10
leaf_value=0.12762088542898484 -0.07763055573498151 0.021973590393872658 0.066036561056944262 -0.30704015301016629 -0.025567553901782961 0.067049563327736914 -0.064872509409315174 -0.29652539231801711 0.12614294906938994
leaf_weight=29.173200130462646 31.118080139160156 36.952720165252686 31.118080139160156 33.062960147857666 40.842480182647705 32.090520143508911 36.952720165252686 26.255880117416382 35.980280160903931
leaf_count=30 32 38 32 34 42 33 38 27 37
internal_value=-0.00189504 -0.00461847 -0.00734597 -0.0103352 -0.0184211 -0.00436893 0.00211268 0.00531915 0
internal_weight=333.547 242.138 205.185 174.067 73.9054 100.161 69.0432 91.4094 62.2362
internal_count=343 249 211 179 76 103 71 94 64
is_linear=0
shrinkage=0.05


Tree=283
num_leaves=12
num_cat=0
split_feature=20 20 19 20 16 17 17 24 14 30 18
split_gain=2.72228 5.93713 4.44982 4.04453 2.94483 10.2474 2.73249 1.52824 2.94491 1.16394 0.879684
threshold=0.48146239122429596 0.45799792139077855 0.49515960230245953 0.50428175692045529 4205.0000000000009 58.750000000000007 11.250000000000002 0.19343663391282437 1133.7500000000002 0.21776469879746937 0.78407029478458068
decision_type=2 2 2 2 2 2 2 2 2 2 2
left_child=1 2 4 -2 5 6 9 8 -8 -1 -10
right_child=3 -3 -4 -5 -6 -7 7 -9 10 -11 -12
leaf_value=0.062734733004094781 -0.58865773881491357 0.40720840793912888 -0.13503428208875903 0.01454383282643903 -0.12565485986174282 0.48621200028781009 0.023949620100688664 0.0093458049980199576 -0.073749027948235832 -0.039867696272676771 -0.0033074213686631994
leaf_weight=35.980280160903931 25.283440113067627 25.283440113067627 27.228320121765137 31.118080139160156 30.145640134811401 23.338560104370117 32.090520143508911 25.283440113067627 23.338560104370117 24.311000108718872 25.283440113067627
leaf_count=37 26 26 28 32 31 24 33 26 24 25 26
internal_value=-0.00207101 0 -0.0023622 -0.012069 0 0.00230769 -0.00204678 -0.00688073 -0.010241 0.00645161 -0.018
internal_weight=328.685 272.283 247 56.4015 219.771 189.626 166.287 105.996 80.7125 60.2913 48.622
internal_count=338 280 254 58 226 195 171 109 83 62 50
is_linear=0
shrinkage=0.05


Tree=284
num_leaves=12
num_cat=0
split_feature=15 16 14 25 15 27 15 18 11 18 25
split_gain=2.6639 2.99471 3.62473 2.70101 4.28998 3.11386 2.27786 1.35189 4.91622 1.7488 1.04799
threshold=423.75000000000006 4635.0000000000009 3976.2500000000005 1005.0000000000001 161.25000000000003 2535.0000000000005 86.250000000000014 0.78407029478458068 1075.0000000000002 0.5086064728921873 1315.0000000000002
decision_type=2 2 2 2 2 2 2 2 2 2 2
left_child=1 2 3 4 5 6 7 9 -9 -1 -2
right_child=10 -3 -4 -5 -6 -7 -8 8 -10 -11 -12
leaf_value=0.013816641185121626 -0.0023915102947398739 0.15733842267463843 -0.052726058924099567 0.26988875688646202 -0.12828256798431995 -0.030250219397692037 0.13929706688442139 -0.27970573788848013 0.059597996353886629 -0.13641129314778483 -0.23901846735634535
leaf_weight=29.173200130462646 24.311000108718872 23.338560104370117 23.338560104370117 34.035400152206421 34.035400152206421 25.283440113067627 31.118080139160156 23.338560104370117 37.92516016960144 27.228320121765137 23.338560104370117
leaf_count=30 25 24 24 35 35 26 32 24 39 28 24
internal_value=-0.00231214 -0.000505051 -0.00201465 -0.000200803 -0.00233645 0.000837989 0.00359477 0.000413223 0.00555556 -0.00517241 -0.0132653
internal_weight=336.464 288.815 265.476 242.138 208.102 174.067 148.783 117.665 61.2637 56.4015 47.6496
internal_count=346 297 273 249 214 179 153 121 63 58 49
is_linear=0
shrinkage=0.05


Tree=285
num_leaves=12
num_cat=0
split_feature=11 30 30 22 18 22 11 24 16 15 14
split_gain=2.77826 3.90327 5.2944 2.44698 3.40449 2.99577 4.60868 2.64835 2.12989 1.63013 0.324147
threshold=1095.0000000000002 0.17047837502157262 0.24994796080705359 0.00091086781934990009 0.19004787100025192 0.035759571303830506 3035.0000000000005 0.021134949706378203 4185.0000000000009 296.25000000000006 1116.2500000000002
decision_type=2 2 2 2 2 2 2 2 2 2 2
left_child=1 -1 10 -2 9 6 7 -6 -8 -5 -3
right_child=3 2 -4 4 5 -7 8 -9 -10 -11 -12
leaf_value=0.12631942535990676 0.5014037154169273 -0.75701144065998283 0.24567940612811301 -0.041264326165128297 -0.41767313262275824 -0.31167192244940911 0.049062721105974566 -0.012872901365312828 -0.025873354347322675 0.14462447876521764 -0.0039194471898213127
leaf_weight=23.338560104370117 25.283440113067627 23.338560104370117 23.338560104370117 24.311000108718872 24.311000108718872 43.75980019569397 26.255880117416382 45.704680204391479 29.173200130462646 23.338560104370117 23.338560104370117
leaf_count=24 26 24 24 25 25 45 27 47 30 24 24
internal_value=-0.0042029 0.003125 -0.00277778 -0.00702811 -0.00874439 -0.012069 -0.00813953 -0.0166667 0.00263158 0.00306122 -0.0125
internal_weight=335.492 93.3542 70.0157 242.138 216.854 169.205 125.445 70.0157 55.4291 47.6496 46.6771
internal_count=345 96 72 249 223 174 129 72 57 49 48
is_linear=0
shrinkage=0.05


Tree=286
num_leaves=11
num_cat=0
split_feature=16 25 27 11 28 18 24 24 14 30
split_gain=3.01407 3.9074 5.86271 7.5005 1.93254 2.37633 2.91333 3.8668 5.19814 1.93092
threshold=4635.0000000000009 130.00000000000003 1055.0000000000002 2165.0000000000005 2.5000000000000004 0.9610119047619049 0.0061980347694633011 0.036281179138321955 1183.7500000000002 0.17964620000422574
decision_type=2 2 2 2 2 2 2 2 2 2
left_child=1 4 3 -3 5 6 -1 -8 -9 -10
right_child=-2 2 -4 -5 -6 -7 7 8 9 -11
leaf_value=-0.47153211359334368 0.024015801533278137 0.015189025434119686 0.0081557608265939059 -0.57065607341021407 0.041574164989913245 1.0796283757400034 0.39927285373953514 -0.24052568032199134 0.020993524656569208 -0.0043044645301051785
leaf_weight=23.338560104370117 43.75980019569397 27.228320121765137 39.87004017829895 41.81492018699646 36.952720165252686 23.338560104370117 23.338560104370117 34.035400152206421 24.311000108718872 26.255880117416382
leaf_count=24 45 28 41 43 38 24 24 35 25 27
internal_value=-0.00225989 -0.00404531 -0.0116071 -0.0204225 0.000253807 -0.00220126 -0.00481481 -0.00135135 -0.00632184 0.00384615
internal_weight=344.244 300.484 108.913 69.0432 191.571 154.618 131.279 107.941 84.6023 50.5669
internal_count=354 309 112 71 197 159 135 111 87 52
is_linear=0
shrinkage=0.05


Tree=287
num_leaves=11
num_cat=0
split_feature=16 14 18 26 30 16 27 30 25 18
split_gain=4.83116 3.55461 5.22957 3.31071 3.34009 4.48457 8.45717 3.83349 2.11776 1.29659
threshold=4635.0000000000009 1131.2500000000002 0.85458668315811182 2050.0000000000005 0.20830611193887738 2165.0000000000005 1015.0000000000001 0.13709739678226227 545.00000000000011 0.25119202118303646
decision_type=2 2 2 2 2 2 2 2 2 2
left_child=1 2 -1 4 7 -6 -7 -3 -9 -8
right_child=-2 3 -4 -5 5 6 9 8 -10 -11
leaf_value=0.24542171983780464 0.12773324200384195 0.01714416546224129 -0.023687117517306434 -0.051509465460173945 0.2394885602558702 -0.54212326973970448 0.013053212915701808 -0.21767315560914541 -0.0349139478967345 0.02163730660249712
leaf_weight=23.338560104370117 42.787360191345215 32.090520143508911 35.007840156555176 23.338560104370117 34.035400152206421 36.952720165252686 23.338560104370117 35.007840156555176 23.338560104370117 23.338560104370117
leaf_count=24 44 33 36 24 35 38 24 36 24 24
internal_value=-0.00204678 -0.00436242 0.00666667 -0.00714286 -0.00514019 0.000413223 -0.00581395 -0.0123656 -0.02 0.00833333
internal_weight=332.574 289.787 58.3464 231.441 208.102 117.665 83.6298 90.4369 58.3464 46.6771
internal_count=342 298 60 238 214 121 86 93 60 48
is_linear=0
shrinkage=0.05


Tree=288
num_leaves=11
num_cat=0
split_feature=28 30 20 18 24 30 29 24 27 29
split_gain=2.48791 3.04797 2.195 3.90929 3.35082 2.52057 2.4991 2.34427 2.20168 2.05085
threshold=3.5000000000000004 0.11175316158413201 0.50428175692045529 0.34849403150917307 0.59041123596379663 0.19924416135777032 0.019625800787450905 0.032029478458049855 1155.0000000000002 0.014809731492041503
decision_type=2 2 2 2 2 2 2 2 2 2
left_child=1 -1 3 4 8 9 -7 -8 -3 -5
right_child=-2 2 -4 5 -6 6 7 -9 -10 -11
leaf_value=0.069965593746985633 0.020433327967157314 -3.5801281263161857 0.11898637549886644 -0.0069256594448233958 -0.00025040881287168303 -0.17730117311475624 0.024767963613635403 -0.022719243577193994 -0.22592392303288308 0.043033703956791673
leaf_weight=24.311000108718872 45.704680204391479 24.311000108718872 26.255880117416382 41.81492018699646 28.200760126113892 42.787360191345215 31.118080139160156 27.228320121765137 23.338560104370117 26.255880117416382
leaf_count=25 47 25 27 43 29 44 32 28 24 27
internal_value=-0.00128205 -0.00296053 -0.00448029 -0.00595238 -0.0153846 -0.00172414 -0.00673077 0 -0.0234694 0.00571429
internal_weight=341.326 295.622 271.311 245.055 75.8503 169.205 101.134 58.3464 47.6496 68.0708
internal_count=351 304 279 252 78 174 104 60 49 70
is_linear=0
shrinkage=0.05


Tree=289
num_leaves=11
num_cat=0
split_feature=20 27 6 18 30 29 30 29 11 30
split_gain=4.02892 4.80939 3.54052 2.88835 2.41817 2.10167 5.67257 4.40458 1.83732 1.35467
threshold=0.48676587301587299 2535.0000000000005 1.5000000000000002 0.99886621315192758 0.22300960541281947 0.016408817162170204 0.14824522125806747 0.018834141677800904 1075.0000000000002 0.24994796080705359
decision_type=2 2 2 2 2 2 2 2 2 2
left_child=1 2 3 5 -2 6 -1 -7 -3 -9
right_child=4 8 -4 -5 -6 7 -8 9 -10 -11
leaf_value=0.066467314059639196 0.057189725329158142 0.0028410433155613649 6.7333925013211688 -0.031490778930879058 -0.20172208076628523 0.18367779088016506 -0.11207992488300533 -0.00015194997515664 -0.22206513229639313 0.023529565432954772
leaf_weight=29.173200130462646 25.283440113067627 23.338560104370117 23.338560104370117 27.228320121765137 30.145640134811401 27.228320121765137 38.897600173950195 39.87004017829895 28.200760126113892 35.980280160903931
leaf_count=30 26 24 24 28 31 28 40 41 29 37
internal_value=0.000887574 0.00338078 0.00657895 0.00441176 -0.0114035 0.00681818 0 0.0113208 -0.0103774 0.00512821
internal_weight=328.685 273.256 221.716 198.378 55.4291 171.149 68.0708 103.079 51.5393 75.8503
internal_count=338 281 228 204 57 176 70 106 53 78
is_linear=0
shrinkage=0.05


Tree=290
num_leaves=11
num_cat=0
split_feature=20 27 22 20 18 29 18 27 29 11
split_gain=3.08281 3.73277 6.57652 4.54098 2.3484 2.86788 5.60311 2.25338 1.74473 1.57191
threshold=0.48354269617830087 2525.0000000000005 0.050433255787053051 0.40191936370507797 0.91516844833171362 0.021194751121882852 0.60887503149407929 2985.0000000000005 0.020212162352347653 1645.0000000000002
decision_type=2 2 2 2 2 2 2 2 2 2
left_child=1 2 3 4 5 6 -1 -3 -2 -6
right_child=8 7 -4 -5 9 -7 -8 -9 -10 -11
leaf_value=0.0010570362969019697 -0.012343979259094341 -0.026534539420697459 1.6440611425133285 -0.53985623000507987 -0.37542543402337292 -0.00043347199803065454 0.24452446869208871 0.0026989911497821597 -0.27619567950841883 0.47674262951788937
leaf_weight=40.842480182647705 27.228320121765137 29.173200130462646 23.338560104370117 27.228320121765137 24.311000108718872 32.090520143508911 40.842480182647705 27.228320121765137 24.311000108718872 23.338560104370117
leaf_count=42 28 30 24 28 25 33 42 28 25 24
internal_value=-0.00106383 0.00108696 0.00412844 0.00103093 0.00421687 0.00811966 0.0130952 -0.0103448 -0.0122642 -0.00510204
internal_weight=319.933 268.393 211.992 188.653 161.425 113.775 81.685 56.4015 51.5393 47.6496
internal_count=329 276 218 194 166 117 84 58 53 49
is_linear=0
shrinkage=0.05


Tree=291
num_leaves=10
num_cat=0
split_feature=30 29 30 14 18 18 15 16 14
split_gain=3.04557 5.35372 4.40938 3.90056 5.40633 2.58905 2.33886 2.87189 4.72702
threshold=0.22138660717042893 0.018130796180023102 0.23135885341074022 1126.2500000000002 0.22396532309068753 0.36256301873500213 48.750000000000007 4145.0000000000009 1183.7500000000002
decision_type=2 2 2 2 2 2 2 2 2
left_child=1 6 -2 -4 -5 -6 -1 8 -8
right_child=2 -3 3 4 5 -7 7 -9 -10
leaf_value=-0.28724165182059097 -0.17642701858901547 0.53359582029033847 0.10501117469942756 0.44872899004597006 -0.51286341850482131 -0.013081018323612172 -0.15746780740169017 -0.014941331135082692 0.10270898188653065
leaf_weight=45.704680204391479 43.75980019569397 35.007840156555176 29.173200130462646 27.228320121765137 23.338560104370117 36.952720165252686 24.311000108718872 34.035400152206421 44.732240200042725
leaf_count=47 45 36 30 28 24 38 25 35 46
internal_value=-0.00254237 0.00185185 -0.00757576 -0.0025 -0.00777778 -0.016129 -0.00228758 0.00188679 0.00774648
internal_weight=344.244 183.791 160.453 116.693 87.5196 60.2913 148.783 103.079 69.0432
internal_count=354 189 165 120 90 62 153 106 71
is_linear=0
shrinkage=0.05


Tree=292
num_leaves=10
num_cat=0
split_feature=18 20 27 30 27 27 22 15 18
split_gain=3.01612 5.22123 3.2673 3.85956 3.94634 3.159 2.75197 6.12545 1.45019
threshold=0.17565583180201119 0.48354269617830087 130.00000000000003 0.21128828966465507 2535.0000000000005 1140.0000000000002 0.033145205455080907 71.250000000000014 0.48242630385487534
decision_type=2 2 2 2 2 2 2 2 2
left_child=-1 2 -2 5 6 -4 7 -5 -7
right_child=1 -3 3 4 -6 8 -8 -9 -10
leaf_value=0.12236126312836859 0.36366043405806753 -0.16827255024156784 -0.27287956922955348 -0.0025696670849583826 -0.16760566765956356 -0.0076938925125432439 -0.25383956011662578 0.18888908690905737 0.025992037772675759
leaf_weight=35.980280160903931 40.842480182647705 34.035400152206421 43.75980019569397 45.704680204391479 24.311000108718872 26.255880117416382 26.255880117416382 24.311000108718872 23.338560104370117
leaf_count=37 42 35 45 47 25 27 27 25 24
internal_value=-0.00419162 -0.00589226 -0.00343511 -0.00590909 0 -0.0135417 0.00454545 0.00972222 -0.00490196
internal_weight=324.795 288.815 254.779 213.937 120.583 93.3542 96.2716 70.0157 49.5944
internal_count=334 297 262 220 124 96 99 72 51
is_linear=0
shrinkage=0.05


Tree=293
num_leaves=11
num_cat=0
split_feature=22 18 22 29 19 24 11 11 18 16
split_gain=2.10121 4.34766 4.15528 3.52873 2.7529 2.04911 1.80168 4.08631 3.21762 0.720104
threshold=0.038902335384385207 0.48242630385487534 0.011518453884917602 0.016408817162170204 0.5622864701436131 0.40019692087361264 1145.0000000000002 2740.0000000000005 0.90272775776977465 2655.0000000000005
decision_type=2 2 2 2 2 2 2 2 2 2
left_child=1 3 6 -1 -2 -5 8 -8 -3 -6
right_child=4 2 -4 5 9 -7 7 -9 -10 -11
leaf_value=-0.0037465699866402248 0.11434980974228211 0.04709678581017443 0.24080677462463884 -0.24114758211078424 -0.044098199068048419 -0.0098237485555046078 -0.089629983202644328 0.020171183775346435 -0.12587445874632977 0.091289869686715985
leaf_weight=42.787360191345215 27.228320121765137 42.787360191345215 25.283440113067627 26.255880117416382 23.338560104370117 25.283440113067627 26.255880117416382 27.228320121765137 41.81492018699646 25.283440113067627
leaf_count=44 28 44 26 27 24 26 27 28 43 26
internal_value=-0.00218659 -0.00433962 0.000595238 -0.0128866 0.00512821 -0.0216981 -0.0028169 -0.01 0.00172414 -0.002
internal_weight=333.547 257.697 163.37 94.3267 75.8503 51.5393 138.086 53.4842 84.6023 48.622
internal_count=343 265 168 97 78 53 142 55 87 50
is_linear=0
shrinkage=0.05


Tree=294
num_leaves=11
num_cat=0
split_feature=18 30 20 14 24 11 16 18 29 17
split_gain=2.71954 3.26861 8.02618 2.70754 2.68498 1.62809 2.02514 2.51049 3.72393 2.12719
threshold=0.33418194302548049 0.22620005483313388 0.45799792139077855 4106.2500000000009 0.30149802450366919 3645.0000000000005 1205.0000000000002 0.90272775776977465 0.019032712606033005 18.750000000000004
decision_type=2 2 2 2 2 2 2 2 2 2
left_child=1 3 -3 -1 5 6 7 8 -2 -8
right_child=4 2 -4 -5 -6 -7 9 -9 -10 -11
leaf_value=-0.12246251562758062 0.17708979327309182 -0.97491985275573834 0.23867535683345978 -0.0013565345333063307 0.01492630730615474 0.32236172762914067 -0.048489338029685317 -0.15293166133927799 -0.00025229016835055519 -0.00055947666421616302
leaf_weight=39.87004017829895 25.283440113067627 24.311000108718872 40.842480182647705 24.311000108718872 37.92516016960144 27.228320121765137 26.255880117416382 38.897600173950195 27.228320121765137 34.035400152206421
leaf_count=41 26 25 42 25 39 28 27 40 28 35
internal_value=-0.00140449 -0.00714286 0.000746269 -0.0151515 0.00201794 -0.000543478 -0.0025641 0.00212766 0.00925926 -0.00967742
internal_weight=346.189 129.335 65.1535 64.181 216.854 178.929 151.701 91.4094 52.5118 60.2913
internal_count=356 133 67 66 223 184 156 94 54 62
is_linear=0
shrinkage=0.05


Tree=295
num_leaves=11
num_cat=0
split_feature=12 26 12 26 16 18 15 16 26 18
split_gain=4.23353 3.33173 4.60505 5.18943 3.1807 4.00306 4.31682 3.37576 2.00952 0.700157
threshold=1055.0000000000002 1.0000000180025095e-35 1960.0000000000002 615.00000000000011 4145.0000000000009 0.6723356009070296 217.49999999999991 4635.0000000000009 2030.0000000000002 0.76925589076210199
decision_type=2 2 2 2 2 2 2 2 2 2
left_child=9 4 8 -4 5 6 -2 -6 -3 -1
right_child=1 2 3 -5 7 -7 -8 -9 -10 -11
leaf_value=0.083793155271348507 -1.2162164054210849 0.0039516583414524577 -0.15397690110189616 -0.0050636870157177334 -0.11548246656398078 4.9991517312675118 0.074791608360715148 0.11649835519797308 -0.013063584999042633 0.36247186583690338
leaf_weight=24.311000108718872 31.118080139160156 41.81492018699646 34.035400152206421 27.228320121765137 29.173200130462646 23.338560104370117 32.090520143508911 38.897600173950195 23.338560104370117 24.311000108718872
leaf_count=25 32 43 35 28 30 24 33 40 24 25
internal_value=-0.00162242 -0.00397924 -0.01 -0.0198413 0.000943396 0.00730337 0.000769231 -0.00714286 -0.000746269 0.012
internal_weight=329.657 281.035 126.417 61.2637 154.618 86.5472 63.2086 68.0708 65.1535 48.622
internal_count=339 289 130 63 159 89 65 70 67 50
is_linear=0
shrinkage=0.05


Tree=296
num_leaves=12
num_cat=0
split_feature=24 20 11 11 16 30 15 28 20 23 24
split_gain=3.83521 7.01397 3.57461 4.06064 4.32555 3.1916 2.8042 2.48651 2.31834 3.15144 1.93954
threshold=0.28164050613030206 0.48676587301587299 1095.0000000000002 2670.0000000000005 4000.0000000000009 0.24833365703577412 48.750000000000007 2.5000000000000004 0.45114007066671463 0.33418194302548049 0.021134949706378203
decision_type=2 2 2 2 2 2 2 2 2 2 2
left_child=2 8 5 10 -5 6 -1 -3 9 -2 -4
right_child=1 7 3 4 -6 -7 -8 -9 -10 -11 -12
leaf_value=-0.52748486053540089 -0.028899752374127275 0.010911544169516674 -0.21407012970737471 0.22904759407740585 -0.21553482659055589 0.42246715699479864 0.043830380751364834 -0.5156413801650388 0.50857747147847476 0.014833171190798567 -0.017025989211856541
leaf_weight=24.311000108718872 26.255880117416382 27.228320121765137 27.228320121765137 25.283440113067627 24.311000108718872 23.338560104370117 28.200760126113892 24.311000108718872 27.228320121765137 33.062960147857666 23.338560104370117
leaf_count=25 27 28 28 26 25 24 29 25 28 34 24
internal_value=-0.00201238 0.00422535 -0.00690608 -0.0131068 -0.00294118 0.00128205 -0.00555556 -0.0103774 0.0129213 0.00737705 -0.0230769
internal_weight=314.098 138.086 176.012 100.161 49.5944 75.8503 52.5118 51.5393 86.5472 59.3188 50.5669
internal_count=323 142 181 103 51 78 54 53 89 61 52
is_linear=0
shrinkage=0.05


Tree=297
num_leaves=11
num_cat=0
split_feature=16 11 25 25 17 16 18 27 16 30
split_gain=3.21018 2.53774 7.6154 6.30896 4.85118 3.42947 1.89827 2.93369 3.61267 1.61678
threshold=4645.0000000000009 2165.0000000000005 1055.0000000000002 495.00000000000006 58.750000000000007 3155.0000000000005 0.36256301873500213 155.00000000000003 1195.0000000000002 0.22138660717042893
decision_type=2 2 2 2 2 2 2 2 2 2
left_child=1 4 3 5 6 -3 -1 -8 9 -9
right_child=-2 2 -4 -5 -6 -7 7 8 -10 -11
leaf_value=0.022093956733897357 0.14357093412227187 -0.14852745232947201 0.02931392959499135 -0.23716395808846757 0.26899512757580624 0.019673211237864054 -0.20347913728727463 0.0095734047077030496 0.011613667921130855 -0.044924122340478337
leaf_weight=26.255880117416382 42.787360191345215 23.338560104370117 43.75980019569397 29.173200130462646 26.255880117416382 24.311000108718872 26.255880117416382 24.311000108718872 31.118080139160156 40.842480182647705
leaf_count=27 44 24 45 30 27 25 27 25 32 42
internal_value=-0.00143678 -0.00328947 -0.00887097 -0.0183544 0.000555556 -0.00714286 -0.00294118 -0.00555556 -0.00151515 -0.00820896
internal_weight=338.409 295.622 120.583 76.8228 175.039 47.6496 148.783 122.527 96.2716 65.1535
internal_count=348 304 124 79 180 49 153 126 99 67
is_linear=0
shrinkage=0.05


Tree=298
num_leaves=12
num_cat=0
split_feature=24 17 25 22 23 27 17 29 23 22 11
split_gain=2.4921 6.25166 5.73213 2.69941 2.4662 2.39495 2.2798 2.45749 1.60292 1.5099 0.72933
threshold=0.28164050613030206 53.750000000000007 1025.0000000000002 0.036409504878805406 0.81283273394283417 1075.0000000000002 16.250000000000004 0.018130796180023102 0.25266268123410979 0.012869502591618202 2135.0000000000005
decision_type=2 2 2 2 2 2 2 2 2 2 2
left_child=4 10 8 -4 5 9 7 -6 -3 -1 -2
right_child=1 2 3 -5 6 -7 -8 -9 -10 -11 -12
leaf_value=-0.039814850543507418 0.11551208030969065 -0.10863778913412717 0.1184525295824642 -0.028619562397466325 -0.5371199969415329 -0.075663237088497232 0.0079691105872370833 0.03086785483624226 -0.75838019190173334 0.19583888883653344 0.054521593142521856
leaf_weight=31.118080139160156 23.338560104370117 27.228320121765137 23.338560104370117 32.090520143508911 24.311000108718872 34.035400152206421 40.842480182647705 33.062960147857666 23.338560104370117 29.173200130462646 23.338560104370117
leaf_count=32 24 28 24 33 25 35 42 34 24 30 24
internal_value=-0.00126761 0.00350318 -0.00321101 0.00789474 -0.00505051 -0.0108247 0.00049505 -0.0059322 -0.0153846 -0.00483871 0.01875
internal_weight=345.216 152.673 105.996 55.4291 192.543 94.3267 98.2164 57.374 50.5669 60.2913 46.6771
internal_count=355 157 109 57 198 97 101 59 52 62 48
is_linear=0
shrinkage=0.05


Tree=299
num_leaves=12
num_cat=0
split_feature=14 22 11 24 27 24 18 22 22 22 22
split_gain=3.56066 4.67048 5.75303 7.65031 4.45172 3.85505 1.96312 3.41881 2.43723 1.57191 1.51944
threshold=4106.2500000000009 0.0014318314506135002 3155.0000000000005 0.28164050613030206 425.00000000000006 0.42263555907800016 0.91516844833171362 0.0054574715339915014 0.0091870218023034512 0.014455782312925151 0.044116309249545162
decision_type=2 2 2 2 2 2 2 2 2 2 2
left_child=1 -1 3 6 -5 -2 7 -3 -9 -10 -6
right_child=5 2 -4 4 10 -7 -8 8 9 -11 -12
leaf_value=0.7664822205594306 -0.0054976039429675445 0.040761735949047306 -0.27782543769644691 -0.81240634548096302 0.014091264491139555 0.37340622196952611 -0.33072258510399027 -0.1985767145139562 0.18753719144284561 -0.03254262366453986 0.084095655001556233
leaf_weight=29.173200130462646 26.255880117416382 28.200760126113892 35.980280160903931 25.283440113067627 31.118080139160156 27.228320121765137 24.311000108718872 26.255880117416382 23.338560104370117 24.311000108718872 31.118080139160156
leaf_count=30 27 29 37 26 32 28 25 27 24 25 32
internal_value=0 -0.00226481 -0.00447471 -0.00136364 0.01 0.0118182 -0.00923077 -0.00619048 -0.0118421 -0.00510204 0.0171875
internal_weight=332.574 279.09 249.917 213.937 87.5196 53.4842 126.417 102.106 73.9054 47.6496 62.2362
internal_count=342 287 257 220 90 55 130 105 76 49 64
is_linear=0
shrinkage=0.05


Tree=300
num_leaves=12
num_cat=0
split_feature=24 24 29 20 20 29 24 29 29 24 11
split_gain=3.33255 4.63089 7.31191 4.17894 5.2095 3.73505 3.13086 2.08759 2.23595 1.83661 0.576482
threshold=0.26726969175948773 0.028231292517006755 0.020741743618426803 0.48146239122429596 0.51650295617305308 0.022109357657575452 0.0011536778454071001 0.018834141677800904 0.016096101144398352 0.11483641075477806 1165.0000000000002
decision_type=2 2 2 2 2 2 2 2 2 2 2
left_child=1 2 6 7 -5 9 10 8 -2 -3 -1
right_child=3 5 -4 4 -6 -7 -8 -9 -10 -11 -12
leaf_value=-0.18127308810476281 0.018519891662515421 0.17816033187070845 0.14271909650406087 -0.48493197565956053 0.033056024197685475 -0.070252944050844243 0.14772985507023578 0.040138303682715565 0.07261135388498588 -0.030915492481312867 -0.060912988653581128
leaf_weight=23.338560104370117 23.338560104370117 23.338560104370117 34.035400152206421 31.118080139160156 23.338560104370117 24.311000108718872 25.283440113067627 44.732240200042725 24.311000108718872 30.145640134811401 25.283440113067627
leaf_count=24 24 24 35 32 24 25 26 46 25 31 26
internal_value=0 -0.00445026 0.00225225 0.00562914 -0.00535714 -0.01375 -0.00657895 0.0121053 0.0193878 -0.00636364 -0.014
internal_weight=332.574 185.736 107.941 146.838 54.4566 77.7952 73.9054 92.3818 47.6496 53.4842 48.622
internal_count=342 191 111 151 56 80 76 95 49 55 50
is_linear=0
shrinkage=0.05


Tree=301
num_leaves=12
num_cat=0
split_feature=24 14 14 27 24 30 30 18 27 14 26
split_gain=5.46524 4.5419 5.09145 7.4546 2.51768 5.46269 4.00463 3.22207 3.17991 3.16525 0.801462
threshold=0.28164050613030206 2475.0000000000005 4106.2500000000009 1005.0000000000001 0.026109594580932104 0.24380327884838862 0.21603701970819641 0.97074829931972795 1075.0000000000002 2613.7500000000005 985.00000000000011
decision_type=2 2 2 2 2 2 2 2 2 2 2
left_child=4 10 3 -3 5 6 7 -1 9 -6 -2
right_child=1 2 -4 -5 8 -7 -8 -9 -10 -11 -12
leaf_value=-0.18560222935559523 0.32653331608295277 -1.1880220854108074 0.21359841632829557 0.0050218588191683015 0.012106296131662475 0.39819912549385211 -0.10307532967904082 1.0201001234031766 -0.065657199226461668 -0.230683608101549 0.017593897079393628
leaf_weight=33.062960147857666 25.283440113067627 25.283440113067627 33.062960147857666 43.75980019569397 26.255880117416382 24.311000108718872 24.311000108718872 23.338560104370117 33.062960147857666 25.283440113067627 27.228320121765137
leaf_count=34 26 26 34 45 27 25 25 24 34 26 28
internal_value=-0.00225989 0.00471698 -0.00142857 -0.00915493 -0.00794872 -0.00277778 -0.00903614 -0.00172414 -0.0143678 -0.00660377 0.0166667
internal_weight=344.244 154.618 102.106 69.0432 189.626 105.024 80.7125 56.4015 84.6023 51.5393 52.5118
internal_count=354 159 105 71 195 108 83 58 87 53 54
is_linear=0
shrinkage=0.05


Tree=302
num_leaves=11
num_cat=0
split_feature=24 16 29 20 18 22 27 27 15 26
split_gain=2.7052 5.8473 3.01625 4.45256 4.10856 1.8956 2.47411 4.06646 1.71448 4.31073
threshold=0.28164050613030206 2075.0000000000005 0.018384441387896706 0.48676587301587299 0.22396532309068753 0.013672348579416202 130.00000000000003 605.00000000000011 33.750000000000007 1025.0000000000002
decision_type=2 2 2 2 2 2 2 2 2 2
left_child=5 -2 3 -3 -4 6 -1 -8 -9 -10
right_child=1 2 4 -5 -6 -7 7 8 9 -11
leaf_value=1.2364836035908866 0.081151331708349525 0.068729693249792945 0.055510663714153453 -0.010993818990118599 -0.1194837866403077 -0.02667532664385135 -0.07798932306698135 0.14073690816280759 -0.16537699686045926 0.040617267865854956
leaf_weight=29.173200130462646 29.173200130462646 27.228320121765137 38.897600173950195 23.338560104370117 31.118080139160156 41.81492018699646 23.338560104370117 28.200760126113892 32.090520143508911 42.787360191345215
leaf_count=30 30 28 40 24 32 43 24 29 33 44
internal_value=-0.00182073 0.00324675 -0.0016129 0.00769231 -0.00833333 -0.00566502 -0.003125 -0.00615385 -0.00188679 -0.00584416
internal_weight=347.161 149.756 120.583 50.5669 70.0157 197.405 155.59 126.417 103.079 74.8779
internal_count=357 154 124 52 72 203 160 130 106 77
is_linear=0
shrinkage=0.05


Tree=303
num_leaves=12
num_cat=0
split_feature=22 29 15 30 11 25 18 11 15 11 22
split_gain=2.77764 6.02996 5.52141 4.52171 3.56218 3.21042 2.32733 1.57616 4.51136 3.42947 3.37576
threshold=0.017244415398537803 0.026535091062209054 93.750000000000014 0.21541194047559062 3055.0000000000005 1025.0000000000002 0.58940926798069671 1960.0000000000002 48.750000000000007 3360.0000000000005 0.0031256748319328505
decision_type=2 2 2 2 2 2 2 2 2 2 2
left_child=6 2 -2 4 -4 -5 -1 8 10 -9 -8
right_child=1 -3 3 5 -6 -7 7 9 -10 -11 -12
leaf_value=-0.26678197631463263 0.29870981387678058 -0.46187521050942454 0.012656635640007609 -0.14261422042411595 0.055411595613213654 0.036350111948013367 -0.34826921235683134 -0.058397323000485814 0.16661613707730114 0.0078591850559405433 0.37105837007413811
leaf_weight=23.338560104370117 26.255880117416382 23.338560104370117 33.062960147857666 24.311000108718872 35.980280160903931 31.118080139160156 27.228320121765137 23.338560104370117 40.842480182647705 24.311000108718872 31.118080139160156
leaf_count=24 27 24 34 25 37 32 28 24 42 25 32
internal_value=0.00254237 0.00698324 0.0106452 0.00625 0.0147887 -0.00438596 -0.002 0.000331126 0.00392157 -0.00714286 -0.005
internal_weight=344.244 174.067 150.728 124.472 69.0432 55.4291 170.177 146.838 99.1889 47.6496 58.3464
internal_count=354 179 155 128 71 57 175 151 102 49 60
is_linear=0
shrinkage=0.05


Tree=304
num_leaves=12
num_cat=0
split_feature=24 20 30 26 29 24 18 29 29 30 11
split_gain=4.50006 4.24547 3.06203 2.99363 2.9366 3.77714 2.22975 8.37794 6.10111 2.58605 1.80081
threshold=0.19343663391282437 0.48964011908618327 0.22300960541281947 1085.0000000000002 0.018947301119663803 0.59041123596379663 0.84415289925494019 0.020741743618426803 0.020468205329650803 0.21411274921701925 1570.0000000000002
decision_type=2 2 2 2 2 2 2 2 2 2 2
left_child=6 3 -3 4 -2 -6 8 9 10 -8 -1
right_child=1 2 -4 -5 5 -7 7 -9 -10 -11 -12
leaf_value=0.0070696406245701841 0.076046612162190289 0.062158274429100407 -0.11532710290571231 -0.0045412528457404733 -0.13548350940291129 0.11609809410601885 -0.046584322968237758 0.72242512520274438 -0.44319803914543177 -0.15750110627022879 -0.19936978994815036
leaf_weight=26.255880117416382 40.842480182647705 31.118080139160156 23.338560104370117 24.311000108718872 27.228320121765137 28.200760126113892 37.92516016960144 27.228320121765137 24.311000108718872 23.338560104370117 26.255880117416382
leaf_count=27 42 32 24 25 28 29 39 28 25 24 27
internal_value=-0.00114286 0.00444444 -0.00714286 0.00967742 0.0136364 0.00614035 -0.00705882 -0.00164835 -0.0132911 -0.0119048 -0.0037037
internal_weight=340.354 175.039 54.4566 120.583 96.2716 55.4291 165.315 88.492 76.8228 61.2637 52.5118
internal_count=350 180 56 124 99 57 170 91 79 63 54
is_linear=0
shrinkage=0.05


Tree=305
num_leaves=12
num_cat=0
split_feature=20 24 14 18 18 18 18 29 27 18 29
split_gain=3.56468 7.35321 3.40413 2.98931 7.01903 5.70947 2.79265 1.87305 3.64236 2.27955 8.2323
threshold=0.48964011908618327 0.25174399770982597 2475.0000000000005 0.27746994573345846 0.21167620487348379 0.37630385487528351 0.48242630385487534 0.013156536231012402 2030.0000000000002 0.98984564586068358 0.021984675784397105
decision_type=2 2 2 2 2 2 2 2 2 2 2
left_child=1 6 -2 4 -3 -5 -1 -8 9 10 -9
right_child=2 3 -4 5 -6 -7 7 8 -10 -11 -12
leaf_value=-0.22621285613718101 0.030357961382992474 0.33165113138215929 -0.10956074776042897 0.072244281554094417 -0.3017102027986539 0.012250866500289705 -0.24365990294622863 0.2657375427581542 -0.076299444271239747 -0.014138498908164366 -0.057696556110454371
leaf_weight=25.283440113067627 24.311000108718872 23.338560104370117 29.173200130462646 25.283440113067627 28.200760126113892 23.338560104370117 24.311000108718872 35.007840156555176 34.035400152206421 32.090520143508911 26.255880117416382
leaf_count=26 25 24 30 26 29 24 25 36 35 33 27
internal_value=0 0.0022807 -0.0118182 0.0131068 0.00471698 0.022 -0.00384615 -0.00128205 0.00114504 0.00625 0.0119048
internal_weight=330.63 277.145 53.4842 100.161 51.5393 48.622 176.984 151.701 127.39 93.3542 61.2637
internal_count=340 285 55 103 53 50 182 156 131 96 63
is_linear=0
shrinkage=0.05


Tree=306
num_leaves=10
num_cat=0
split_feature=14 27 23 30 24 22 25 23 16
split_gain=3.16357 4.68206 4.06228 3.47206 3.95327 3.65876 2.91732 3.73019 1.46559
threshold=3620.0000000000005 605.00000000000011 0.36256301873500213 0.17833928115472927 0.032029478458049855 0.044644107948355057 745.00000000000011 0.27746994573345846 1225.0000000000002
decision_type=2 2 2 2 2 2 2 2 2
left_child=1 2 -1 -3 -5 8 -2 -8 -6
right_child=6 3 -4 4 5 -7 7 -9 -10
leaf_value=-0.0081832196425693834 5.0009205656958331 0.025270390271953148 -0.23147690779891264 0.036399785980677279 -0.0398326873267024 0.012145145076192422 -0.058316254925102839 0.029565373989748879 -0.15175460067807764
leaf_weight=36.952720165252686 24.311000108718872 33.062960147857666 43.75980019569397 41.81492018699646 26.255880117416382 26.255880117416382 36.952720165252686 35.980280160903931 24.311000108718872
leaf_count=38 25 34 45 43 27 27 38 37 25
internal_value=-0.00457227 -0.00774059 -0.0174699 -0.0025641 -0.00655738 -0.0132911 0.003 -0.002 -0.0211538
internal_weight=329.657 232.413 80.7125 151.701 118.638 76.8228 97.244 72.933 50.5669
internal_count=339 239 83 156 122 79 100 75 52
is_linear=0
shrinkage=0.05


Tree=307
num_leaves=11
num_cat=0
split_feature=19 29 11 30 15 16 27 27 24 14
split_gain=4.48203 2.88526 1.98293 2.88896 3.46868 2.74205 3.5422 2.75915 2.39158 2.31533
threshold=0.50860999670523488 0.021194751121882852 1095.0000000000002 0.24881711814353533 48.750000000000007 1235.0000000000002 105.00000000000001 655.00000000000011 0.14652845265090161 3763.7500000000005
decision_type=2 2 2 2 2 2 2 2 2 2
left_child=2 -2 3 4 -1 -4 -7 -8 -9 -10
right_child=1 -3 5 -5 -6 6 7 8 9 -11
leaf_value=-1.2552074811122567 0.069088701501277688 0.12829451228692507 -0.36591216949263983 0.14663660542063325 0.0032178533865703687 0.24661634042608968 -0.25064432724132074 -0.17869657400292455 0.010374803661670741 -0.0026270682882568509
leaf_weight=24.311000108718872 34.035400152206421 29.173200130462646 24.311000108718872 26.255880117416382 43.75980019569397 28.200760126113892 35.007840156555176 32.090520143508911 31.118080139160156 23.338560104370117
leaf_count=25 35 30 25 27 45 29 36 33 32 24
internal_value=-0.000439883 0.0115385 -0.00326087 0.00257732 -0.00285714 -0.00642458 -0.0038961 -0.0076 -0.00280899 0.00357143
internal_weight=331.602 63.2086 268.393 94.3267 68.0708 174.067 149.756 121.555 86.5472 54.4566
internal_count=341 65 276 97 70 179 154 125 89 56
is_linear=0
shrinkage=0.05


Tree=308
num_leaves=11
num_cat=0
split_feature=27 16 11 20 18 29 11 26 11 18
split_gain=2.74127 2.46279 5.16181 4.94084 2.61699 1.78285 4.69215 2.15213 3.89499 1.5432
threshold=2985.0000000000005 4675.0000000000009 3155.0000000000005 0.43591935640469343 0.25943574494787436 0.021673474553614153 1085.0000000000002 90.000000000000128 1105.0000000000002 0.43840796391816805
decision_type=2 2 2 2 2 2 2 2 2 2
left_child=1 2 4 -4 -1 7 -7 9 -9 -6
right_child=-2 -3 3 -5 5 6 -8 8 -10 -11
leaf_value=0.11637444495534055 0.068880318470178281 0.30264297574822197 -0.2196834247338984 -0.14038582032844715 -1.7553546963703981 0.10525603758159151 -0.056008852882075646 -0.004054909938349738 0.013018607082199197 0.15690867473304027
leaf_weight=45.704680204391479 31.118080139160156 23.338560104370117 24.311000108718872 28.200760126113892 24.311000108718872 23.338560104370117 25.283440113067627 35.007840156555176 45.704680204391479 23.338560104370117
leaf_count=47 32 24 25 29 25 24 26 36 47 24
internal_value=-0.00162242 -0.00309446 -0.00441696 -0.0185185 -0.0010917 -0.00384615 -0.012 -0.000757576 0.00421687 -0.00918367
internal_weight=329.657 298.539 275.201 52.5118 222.689 176.984 48.622 128.362 80.7125 47.6496
internal_count=339 307 283 54 229 182 50 132 83 49
is_linear=0
shrinkage=0.05


Tree=309
num_leaves=11
num_cat=0
split_feature=30 30 29 29 29 23 20 27 27 29
split_gain=3.99438 2.78302 2.2192 2.59595 2.97861 2.64346 5.07276 2.13345 1.73418 2.26549
threshold=0.19001589482821918 0.16108765875425848 0.028841668035910404 0.017330245091656305 0.018384441387896706 0.22396532309068753 0.41742793967941572 75.000000000000014 1190.0000000000002 0.022084057524349752
decision_type=2 2 2 2 2 2 2 2 2 2
left_child=1 7 3 -2 -5 -6 8 -1 9 -7
right_child=2 -3 -4 4 5 6 -8 -9 -10 -11
leaf_value=0.28995882040931065 -0.16452499223994438 0.022837200221158583 -0.1541697624370727 0.61195646892751943 0.082725972935759284 0.010023557435147268 -0.62954122822191039 -0.028986184358745962 -0.053208410237971293 -0.030712973192817117
leaf_weight=24.311000108718872 37.92516016960144 41.81492018699646 26.255880117416382 24.311000108718872 30.145640134811401 24.311000108718872 26.255880117416382 37.92516016960144 26.255880117416382 29.173200130462646
leaf_count=25 39 43 27 25 31 25 27 39 27 30
internal_value=-0.00295858 0.00514019 -0.00670996 -0.00490196 -0.00212121 -0.005 -0.0087156 -0.0015625 -0.00243902 0.00272727
internal_weight=328.685 104.051 224.634 198.378 160.453 136.142 105.996 62.2362 79.7401 53.4842
internal_count=338 107 231 204 165 140 109 64 82 55
is_linear=0
shrinkage=0.05


Tree=310
num_leaves=10
num_cat=0
split_feature=20 20 24 18 20 18 18 26 16
split_gain=2.09528 3.01855 3.42311 3.3368 5.99434 2.45075 2.28021 8.00229 1.38392
threshold=0.52147581498801199 0.48676587301587299 0.30149802450366919 0.33418194302548049 0.4413818102998775 0.92226001511715805 0.80173847316704472 90.000000000000128 2050.0000000000005
decision_type=2 2 2 2 2 2 2 2 2
left_child=1 2 5 4 -4 6 7 -1 -7
right_child=-2 -3 3 -5 -6 8 -8 -9 -10
leaf_value=-0.8795072646753852 0.078589674288969041 -0.43266927444474279 -0.17722219208610568 0.033679321860654456 0.21223822196022868 -0.0026880217992925285 -0.13896750025113533 0.0417222151503438 0.41945299868311853
leaf_weight=44.732240200042725 24.311000108718872 35.980280160903931 24.311000108718872 35.980280160903931 33.062960147857666 37.92516016960144 38.897600173950195 39.87004017829895 24.311000108718872
leaf_count=46 25 37 25 37 34 39 40 41 25
internal_value=-0.000143266 -0.00123457 0.000522648 0.00833333 0.000847458 -0.00340314 -0.00748031 -0.00287356 0.0046875
internal_weight=339.382 315.071 279.09 93.3542 57.374 185.736 123.5 84.6023 62.2362
internal_count=349 324 287 96 59 191 127 87 64
is_linear=0
shrinkage=0.05


Tree=311
num_leaves=11
num_cat=0
split_feature=24 14 16 18 26 19 27 18 15 30
split_gain=4.75211 4.55797 4.48641 4.93763 4.27077 4.04536 3.56162 3.6237 3.04071 1.69436
threshold=0.14652845265090161 1133.7500000000002 4635.0000000000009 0.32207105064247926 1315.0000000000002 0.49515960230245953 1525.0000000000002 0.8595049130763418 228.75000000000003 0.18077093205053862
decision_type=2 2 2 2 2 2 2 2 2 2
left_child=1 4 3 5 -1 -2 7 -3 -7 -5
right_child=2 6 -4 9 -6 8 -8 -9 -10 -11
leaf_value=-0.13679358275837786 -0.18975846035905308 -0.17997546545768728 0.30680103375584622 0.041061153350256063 0.50914903691599422 0.24319647770743133 -0.66157623781446095 0.29331734196230175 -0.092761365331489293 0.031995355767617188
leaf_weight=39.87004017829895 27.228320121765137 36.952720165252686 29.173200130462646 25.283440113067627 23.338560104370117 27.228320121765137 24.311000108718872 32.090520143508911 38.897600173950195 33.062960147857666
leaf_count=41 28 38 30 26 24 28 25 33 40 34
internal_value=-0.000144092 -0.00652174 0.00537634 0.00192308 0.00384615 -0.00520833 -0.0135417 -0.00774648 0.00147059 0.0133333
internal_weight=337.437 156.563 180.874 151.701 63.2086 93.3542 93.3542 69.0432 66.1259 58.3464
internal_count=347 161 186 156 65 96 96 71 68 60
is_linear=0
shrinkage=0.05


Tree=312
num_leaves=11
num_cat=0
split_feature=20 11 19 25 15 29 11 26 27 29
split_gain=3.6377 4.86943 5.5136 4.56398 3.20855 2.09723 2.69134 2.8975 4.68482 3.25693
threshold=0.51920912247040063 3695.0000000000005 0.54049958607781756 1560.0000000000002 176.25000000000003 0.012966577542874402 2975.0000000000005 1005.0000000000001 440.00000000000006 0.021194751121882852
decision_type=2 2 2 2 2 2 2 2 2 2
left_child=1 2 4 -3 5 -1 7 8 -7 -9
right_child=-2 3 -4 -5 -6 6 -8 9 -10 -11
leaf_value=-0.41413307177645042 0.084148113592459606 2.3069417728655934 -0.40639774245591981 -0.068486630298684764 0.030395587979228367 -0.065222339931051462 -0.032067898641525976 0.0081557883055666022 0.46125544620122128 -0.041717509911154596
leaf_weight=33.062960147857666 23.338560104370117 24.311000108718872 45.704680204391479 29.173200130462646 44.732240200042725 30.145640134811401 27.228320121765137 39.87004017829895 23.338560104370117 24.311000108718872
leaf_count=34 24 25 47 30 46 31 28 41 24 25
internal_value=-0.00239437 -0.00377644 -0.00652174 0.01 -0.00327511 -0.00628415 -0.00369128 -0.000413223 0.00818182 -0.00757576
internal_weight=345.216 321.878 268.393 53.4842 222.689 177.957 144.894 117.665 53.4842 64.181
internal_count=355 331 276 55 229 183 149 121 55 66
is_linear=0
shrinkage=0.05


Tree=313
num_leaves=10
num_cat=0
split_feature=18 27 25 15 28 14 24 30 11
split_gain=3.74217 4.37321 3.73722 3.5093 2.71798 2.48069 2.4776 3.78191 2.31372
threshold=0.68532261389404259 1015.0000000000001 495.00000000000006 371.25000000000006 2.5000000000000004 3128.7500000000005 0.024319727891156401 0.24380327884838862 1115.0000000000002
decision_type=2 2 2 2 2 2 2 2 2
left_child=1 2 4 5 -1 -3 7 8 -2
right_child=6 3 -4 -5 -6 -7 -8 -9 -10
leaf_value=-0.013126696912775061 0.0077479988902837251 0.012474476144097935 -0.23228727812393118 0.11615507201972833 2.3632500797675449 -0.095290051662050249 -0.042060592574864587 0.48577746056575966 -0.07983793053663249
leaf_weight=42.787360191345215 33.062960147857666 45.704680204391479 33.062960147857666 28.200760126113892 23.338560104370117 23.338560104370117 36.952720165252686 26.255880117416382 34.035400152206421
leaf_count=44 34 47 34 29 24 24 38 27 35
internal_value=-0.000892857 0.00346535 -0.00392157 0.011 0.00294118 0.00492958 -0.00746269 -0.003125 -0.00942029
internal_weight=326.74 196.433 99.1889 97.244 66.1259 69.0432 130.307 93.3542 67.0984
internal_count=336 202 102 100 68 71 134 96 69
is_linear=0
shrinkage=0.05


Tree=314
num_leaves=11
num_cat=0
split_feature=20 22 20 24 29 11 28 29 26 25
split_gain=4.99069 2.6432 4.80747 2.67559 2.80166 2.24773 3.11278 5.41404 2.735 2.14122
threshold=0.51920912247040063 0.055308019987548911 0.48354269617830087 0.33371694542478647 0.023735452771013753 1115.0000000000002 2.5000000000000004 0.013908753294164551 995.00000000000011 1005.0000000000001
decision_type=2 2 2 2 2 2 2 2 2 2
left_child=1 2 3 4 5 8 7 -7 -1 -5
right_child=-2 -3 -4 9 -6 6 -8 -9 -10 -11
leaf_value=-0.12991023640456661 0.051704061615964747 0.045375993197922071 -0.40072271344290589 -0.00012659702487098913 -0.040211850818195671 0.20227510290619649 0.19719366367908153 -0.17665935833952062 0.14753024626218122 0.058967285730614098
leaf_weight=25.283440113067627 23.338560104370117 34.035400152206421 24.311000108718872 34.035400152206421 34.035400152206421 31.118080139160156 25.283440113067627 41.81492018699646 35.007840156555176 24.311000108718872
leaf_count=26 24 35 25 35 35 32 26 43 36 25
internal_value=-0.00146199 -0.00314465 -0.00477032 -0.00271318 -0.00555556 -0.00276074 -0.00742574 -0.0126667 0.00483871 0.00666667
internal_weight=332.574 309.236 275.201 250.89 192.543 158.508 98.2164 72.933 60.2913 58.3464
internal_count=342 318 283 258 198 163 101 75 62 60
is_linear=0
shrinkage=0.05


Tree=315
num_leaves=11
num_cat=0
split_feature=24 16 30 30 27 15 11 18 15 11
split_gain=7.88604 4.88913 4.60173 3.53377 3.94125 6.15451 2.81913 5.43486 2.16135 1.71773
threshold=0.059867602955160505 1225.0000000000002 0.17833928115472927 0.19924416135777032 1025.0000000000002 296.25000000000006 1095.0000000000002 0.88843828129542424 48.750000000000007 3035.0000000000005
decision_type=2 2 2 2 2 2 2 2 2 2
left_child=6 -2 -3 -4 5 -5 8 -8 -1 -6
right_child=1 2 3 4 9 -7 7 -9 -10 -11
leaf_value=-0.1915587777683527 -0.016548333272373841 0.077330722897602303 -0.0037563509123629047 0.26556826871409384 0.073041511360997902 -0.45222416461965625 -0.36420672286419631 -0.02762080721597613 0.13535188561957057 0.034182769458584519
leaf_weight=26.255880117416382 34.035400152206421 44.732240200042725 24.311000108718872 31.118080139160156 24.311000108718872 26.255880117416382 30.145640134811401 36.952720165252686 27.228320121765137 37.92516016960144
leaf_count=27 35 46 25 32 25 27 31 38 28 39
internal_value=-0.000991501 0.00458515 0.00773196 0.00337838 0.00691057 -0.00254237 -0.0112903 -0.0181159 -0.00272727 0.015625
internal_weight=343.271 222.689 188.653 143.921 119.61 57.374 120.583 67.0984 53.4842 62.2362
internal_count=353 229 194 148 123 59 124 69 55 64
is_linear=0
shrinkage=0.05


Tree=316
num_leaves=11
num_cat=0
split_feature=24 25 30 18 18 18 27 15 18 24
split_gain=4.31198 5.74457 5.19046 4.62056 3.5971 2.91732 2.7929 1.97949 1.82602 1.755
threshold=0.14652845265090161 1025.0000000000002 0.17833928115472927 0.25943574494787436 0.26722096245905774 0.37820167522791437 105.00000000000001 116.25000000000001 0.80173847316704472 0.0024295432458697505
decision_type=2 2 2 2 2 2 2 2 2 2
left_child=6 2 -2 -4 -3 -5 -1 8 -8 -10
right_child=1 4 3 5 -6 -7 7 -9 9 -11
leaf_value=0.18871502085592057 0.039240657393156658 0.024644393261269215 0.018642467482504799 -1.0777314045437378 0.069389435792936646 -0.0062444843962111921 0.0043879834678932639 -0.78980189896315101 -0.027341766768654453 -0.12500242081430316
leaf_weight=34.035400152206421 34.035400152206421 41.81492018699646 38.897600173950195 23.338560104370117 24.311000108718872 23.338560104370117 30.145640134811401 26.255880117416382 35.007840156555176 31.118080139160156
leaf_count=35 35 43 40 24 25 24 31 27 36 32
internal_value=-0.00227273 0.00287958 -0.00365854 -0.0102273 0.0147059 -0.0208333 -0.00838509 -0.0119048 -0.00858586 -0.0132353
internal_weight=342.299 185.736 119.61 85.5747 66.1259 46.6771 156.563 122.527 96.2716 66.1259
internal_count=352 191 123 88 68 48 161 126 99 68
is_linear=0
shrinkage=0.05


Tree=317
num_leaves=11
num_cat=0
split_feature=27 30 22 11 29 29 14 22 15 24
split_gain=4.14254 3.95549 3.34807 2.69915 4.03967 2.83439 2.98292 1.81341 2.34034 1.7778
threshold=1495.0000000000002 0.22138660717042893 0.050433255787053051 1065.0000000000002 0.023443842226493754 0.018130796180023102 2648.7500000000005 0.012869502591618202 161.25000000000003 0.15044320758606475
decision_type=2 2 2 2 2 2 2 2 2 2
left_child=2 9 3 -1 5 7 -7 -5 -9 -2
right_child=1 -3 -4 4 -6 6 -8 8 -10 -11
leaf_value=0.043283721700981916 0.02964630164813116 -0.012429047078535406 0.087741893500378865 -0.24027847353868312 -0.11875229977358687 -0.016953067513907173 0.08867430456009516 0.034882786430375748 -0.18611827699373862 0.039336921244944284
leaf_weight=34.035400152206421 25.283440113067627 43.75980019569397 38.897600173950195 37.92516016960144 24.311000108718872 31.118080139160156 24.311000108718872 23.338560104370117 24.311000108718872 36.952720165252686
leaf_count=35 26 45 40 39 25 32 25 24 25 38
internal_value=-0.00225989 0.0059633 -0.00591837 -0.00853659 -0.0111765 -0.00793103 0.000877193 -0.0136364 -0.00714286 0.0140625
internal_weight=344.244 105.996 238.248 199.35 165.315 141.004 55.4291 85.5747 47.6496 62.2362
internal_count=354 109 245 205 170 145 57 88 49 64
is_linear=0
shrinkage=0.05


Tree=318
num_leaves=10
num_cat=0
split_feature=24 16 15 27 14 30 18 20 24
split_gain=3.96468 3.29658 2.99058 3.84954 2.65433 2.57717 4.8236 2.52952 1.62949
threshold=0.19343663391282437 4645.0000000000009 93.750000000000014 535.00000000000011 1133.7500000000002 0.17833928115472927 0.8595049130763418 0.42155771372876644 0.011985746679624201
decision_type=2 2 2 2 2 2 2 2 2
left_child=4 2 -2 -4 8 -6 -7 -5 -1
right_child=1 -3 3 7 5 6 -8 -9 -10
leaf_value=0.16361898944561518 0.033138647108853551 0.33109950646298786 -1.9370243473109441 0.032891529848484424 -0.033985080421030038 -0.44050911379299579 -0.02512702505453035 -0.0039885577713675959 -0.032293065747592213
leaf_weight=35.980280160903931 35.980280160903931 25.283440113067627 24.311000108718872 40.842480182647705 36.952720165252686 30.145640134811401 35.980280160903931 43.75980019569397 24.311000108718872
leaf_count=37 37 26 25 42 38 31 37 45 25
internal_value=-0.00276968 0.00257143 -0.00033557 -0.00446429 -0.00833333 -0.0132075 -0.0191176 0.000574713 0
internal_weight=333.547 170.177 144.894 108.913 163.37 103.079 66.1259 84.6023 60.2913
internal_count=343 175 149 112 168 106 68 87 62
is_linear=0
shrinkage=0.05


Tree=319
num_leaves=11
num_cat=0
split_feature=22 29 27 30 29 18 27 11 11 24
split_gain=6.30946 2.52987 4.07978 4.24721 4.23391 6.14708 1.53212 1.37935 2.3977 2.09276
threshold=0.011518453884917602 0.015984265375215453 295.00000000000006 0.24881711814353533 0.020212162352347653 0.27746994573345846 1085.0000000000002 1075.0000000000002 3360.0000000000005 0.0011536778454071001
decision_type=2 2 2 2 2 2 2 2 2 2
left_child=7 6 -3 4 5 -4 -2 -1 9 -9
right_child=1 2 3 -5 -6 -7 -8 8 -10 -11
leaf_value=-0.030678412460213168 0.36799489061677382 -1.7416888363943599 -0.069708797817838786 0.10614023470777739 -0.040966427625448887 0.0314817147534086 0.020883640303054563 -0.096616352297337477 0.13901642680311851 -0.042125767202514909
leaf_weight=45.704680204391479 32.090520143508911 29.173200130462646 25.283440113067627 32.090520143508911 27.228320121765137 28.200760126113892 27.228320121765137 31.118080139160156 23.338560104370117 36.952720165252686
leaf_count=47 33 30 26 33 28 29 28 32 24 38
internal_value=-0.00201149 0.00362319 0 0.00431034 -0.00180723 0.00636364 0.0122951 -0.0102837 -0.0138298 -0.0185714
internal_weight=338.409 201.295 141.976 112.803 80.7125 53.4842 59.3188 137.114 91.4094 68.0708
internal_count=348 207 146 116 83 55 61 141 94 70
is_linear=0
shrinkage=0.05


Tree=320
num_leaves=12
num_cat=0
split_feature=28 22 15 15 15 11 11 25 25 18 30
split_gain=3.06248 4.27014 4.40053 3.13774 2.48323 1.94488 1.88351 7.84204 3.46852 3.47054 2.62559
threshold=3.5000000000000004 0.0091870218023034512 22.500000000000117 48.750000000000007 56.250000000000007 1115.0000000000002 3075.0000000000005 2050.0000000000005 1005.0000000000001 0.42578384737353592 0.18077093205053862
decision_type=2 2 2 2 2 2 2 2 2 2 2
left_child=1 2 -1 -4 -2 -5 8 -8 9 10 -3
right_child=4 6 3 5 -6 -7 7 -9 -10 -11 -12
leaf_value=0.221001087477282 -0.012742774525361256 0.033531841793819697 -1.652042638441003 -0.025654745488998289 0.065050857201549669 -0.23351611718085225 -0.29290525786780108 0.030744404058441435 0.19433314269633684 0.023433347577906716 -0.59942665506986259
leaf_weight=31.118080139160156 24.311000108718872 26.255880117416382 24.311000108718872 24.311000108718872 23.338560104370117 24.311000108718872 26.255880117416382 33.062960147857666 23.338560104370117 35.980280160903931 43.75980019569397
leaf_count=32 25 27 25 25 24 25 27 34 24 37 45
internal_value=-0.00257143 -0.00448505 -0.0126168 -0.0193333 0.00918367 -0.012 0 -0.00737705 0.00338346 -0.000458716 -0.00694444
internal_weight=340.354 292.704 104.051 72.933 47.6496 48.622 188.653 59.3188 129.335 105.996 70.0157
internal_count=350 301 107 75 49 50 194 61 133 109 72
is_linear=0
shrinkage=0.05


Tree=321
num_leaves=11
num_cat=0
split_feature=22 20 20 22 18 29 24 27 27 15
split_gain=3.49758 3.25352 3.74273 3.13155 3.43212 3.0118 3.00945 2.25253 2.22434 2.05388
threshold=0.011518453884917602 0.41742793967941572 0.45114007066671463 0.032161157450829758 0.13663076341647773 0.019816422259881655 0.0024295432458697505 745.00000000000011 1190.0000000000002 48.750000000000007
decision_type=2 2 2 2 2 2 2 2 2 2
left_child=5 7 -3 -4 -5 9 -7 -2 -9 -1
right_child=1 2 3 4 -6 6 -8 8 -10 -11
leaf_value=-0.22808069070058537 0.022261680199017066 -0.22074429328024509 -0.18036741689295469 -0.001015076168187079 0.18461648556151433 0.19080477266068102 -0.027861754562752597 0.079837903860084228 0.025064269819870335 -0.025042792527710845
leaf_weight=37.92516016960144 23.338560104370117 28.200760126113892 26.255880117416382 23.338560104370117 41.81492018699646 26.255880117416382 29.173200130462646 24.311000108718872 36.952720165252686 43.75980019569397
leaf_count=39 24 29 27 24 43 27 30 25 38 45
internal_value=0.00156695 0.00571429 0.000406504 0.00531915 0.011194 -0.00460993 0.00438596 0.0132184 0.018254 -0.0107143
internal_weight=341.326 204.212 119.61 91.4094 65.1535 137.114 55.4291 84.6023 61.2637 81.685
internal_count=351 210 123 94 67 141 57 87 63 84
is_linear=0
shrinkage=0.05


Tree=322
num_leaves=10
num_cat=0
split_feature=18 11 27 29 18 27 14 22 14
split_gain=3.1609 3.96248 3.5106 2.12591 2.93624 2.38853 3.99442 1.90633 0.324147
threshold=0.19004787100025192 4195.0000000000009 1495.0000000000002 0.013156536231012402 0.8595049130763418 1015.0000000000001 2475.0000000000005 0.029150141292213654 1138.7500000000002
decision_type=2 2 2 2 2 2 2 2 2
left_child=-1 2 3 -2 5 6 -5 8 -4
right_child=1 -3 7 4 -6 -7 -8 -9 -10
leaf_value=0.090065178491386177 -0.20970707861622487 -0.36803002401852614 0.30379999563374444 0.01970705322980848 0.18126453402765039 0.024004380335691168 -1.7120801407081787 0.0018772602070725954 0.033231507690311447
leaf_weight=45.704680204391479 36.952720165252686 25.283440113067627 23.338560104370117 25.283440113067627 44.732240200042725 35.007840156555176 32.090520143508911 35.980280160903931 23.338560104370117
leaf_count=47 38 26 24 26 46 36 33 37 24
internal_value=0.00163205 -0.000344828 0.00151515 -0.00251397 0.00035461 -0.00473684 -0.0110169 0.01 0.0166667
internal_weight=327.712 282.008 256.724 174.067 137.114 92.3818 57.374 82.6574 46.6771
internal_count=337 290 264 179 141 95 59 85 48
is_linear=0
shrinkage=0.05


Tree=323
num_leaves=12
num_cat=0
split_feature=24 29 29 11 30 30 16 16 16 16 30
split_gain=2.59612 3.35288 3.75935 4.8369 3.91607 3.67722 3.13791 2.80129 3.24639 1.68556 1.31143
threshold=1.0000000180025095e-35 0.023944345237044754 0.017330245091656305 2270.0000000000005 0.19924416135777032 0.28543464975937677 3775.0000000000005 1315.0000000000002 4000.0000000000009 2050.0000000000005 0.23135885341074022
decision_type=2 2 2 2 2 2 2 2 2 2 2
left_child=9 2 4 10 7 -3 -5 -2 -9 -1 -4
right_child=1 5 3 6 -6 -7 -8 8 -10 -11 -12
leaf_value=-0.19035803597739687 -0.23816585167020321 -0.34986483998491169 0.048590583445695758 -0.021571992923418295 -0.22573988286693522 0.008113484202908694 0.45543479047396435 0.077791939709663901 -0.010552267323600973 0.24493139004032402 0.17220130732627015
leaf_weight=37.92516016960144 23.338560104370117 28.200760126113892 37.92516016960144 24.311000108718872 23.338560104370117 25.283440113067627 27.228320121765137 35.980280160903931 26.255880117416382 25.283440113067627 23.338560104370117
leaf_count=39 24 29 39 25 24 26 28 37 27 26 24
internal_value=-0.000862069 0.00123675 0.00394737 0.0103448 -0.00267857 -0.01 -0.000943396 0.00227273 0.0078125 -0.01 0.0198413
internal_weight=338.409 275.201 221.716 112.803 108.913 53.4842 51.5393 85.5747 62.2362 63.2086 61.2637
internal_count=348 283 228 116 112 55 53 88 64 65 63
is_linear=0
shrinkage=0.05


Tree=324
num_leaves=12
num_cat=0
split_feature=6 11 29 24 30 22 14 15 24 11 14
split_gain=2.9955 2.50068 4.6047 3.81976 2.96695 6.4448 3.28551 2.7135 3.26848 1.29659 0.72933
threshold=1.5000000000000002 1095.0000000000002 0.021984675784397105 0.0011536778454071001 0.21284189474047968 0.034256586952814957 3453.7500000000005 108.75000000000001 0.032029478458049855 2045.0000000000002 1108.7500000000002
decision_type=2 2 2 2 2 2 2 2 2 2 2
left_child=1 7 3 -3 6 -6 9 8 10 -5 -1
right_child=-2 2 -4 4 5 -7 -8 -9 -10 -11 -12
leaf_value=0.36589458494270277 0.29249206625845547 -0.048410824827351463 -0.069714092750075451 -0.00064613197556582245 0.075724389296465244 -0.020493393277251928 -0.18636236931479289 0.073902342724181835 -0.055330533977542021 0.026935679845314555 0.15719221473368636
leaf_weight=23.338560104370117 35.980280160903931 23.338560104370117 45.704680204391479 23.338560104370117 26.255880117416382 23.338560104370117 36.952720165252686 24.311000108718872 23.338560104370117 23.338560104370117 23.338560104370117
leaf_count=24 37 24 47 24 27 24 38 25 24 24 24
internal_value=-0.00146199 -0.00311475 -0.00625 -0.00217391 0.00109489 0.0107843 -0.00465116 0.00360825 -0.00138889 0.00416667 0.00625
internal_weight=332.574 296.594 202.268 156.563 133.224 49.5944 83.6298 94.3267 70.0157 46.6771 46.6771
internal_count=342 305 208 161 137 51 86 97 72 48 48
is_linear=0
shrinkage=0.05


Tree=325
num_leaves=12
num_cat=0
split_feature=15 29 15 14 24 14 28 26 26 26 15
split_gain=4.10834 4.03744 3.21183 3.20683 3.09515 2.62432 2.34835 1.88417 2.71111 1.68564 1.24472
threshold=371.25000000000006 0.014809731492041503 423.75000000000006 2475.0000000000005 0.42263555907800016 3501.2500000000005 1.5000000000000002 2290.0000000000005 360.00000000000006 1015.0000000000001 176.25000000000003
decision_type=2 2 2 2 2 2 2 2 2 2 2
left_child=1 6 -2 4 7 10 -1 8 -3 -10 -5
right_child=2 3 -4 5 -6 -7 -8 -9 9 -11 -12
leaf_value=0.22306359412099255 0.095436938894317799 -0.059106242114944509 0.025399303915764906 -0.045990283585979341 0.086482537524966582 0.0086439044904636827 -0.2002570859327534 -0.021398897918174953 0.66039153396590111 0.06328312144471511 -0.41443848437684211
leaf_weight=23.338560104370117 24.311000108718872 27.228320121765137 43.75980019569397 24.311000108718872 24.311000108718872 28.200760126113892 44.732240200042725 24.311000108718872 24.311000108718872 32.090520143508911 24.311000108718872
leaf_count=24 25 28 45 25 25 29 46 25 25 33 25
internal_value=0.000422535 -0.0022807 0.0114286 0.00116279 0.00588235 -0.00696203 -0.0128571 0.00225225 0.00581395 0.012069 -0.014
internal_weight=345.216 277.145 68.0708 209.075 132.252 76.8228 68.0708 107.941 83.6298 56.4015 48.622
internal_count=355 285 70 215 136 79 70 111 86 58 50
is_linear=0
shrinkage=0.05


Tree=326
num_leaves=11
num_cat=0
split_feature=15 20 29 27 30 27 27 29 30 18
split_gain=3.23282 2.65963 2.96459 2.65986 5.43152 5.16887 2.36899 3.76061 3.0827 0.72933
threshold=86.250000000000014 0.48676587301587299 0.014946512650088251 1385.0000000000002 0.22138660717042893 655.00000000000011 1315.0000000000002 0.014315771398646751 0.23092234608693862 0.76925589076210199
decision_type=2 2 2 2 2 2 2 2 2 2
left_child=6 2 -2 5 -5 -4 7 -1 9 -9
right_child=1 -3 3 4 -6 -7 -8 8 -10 -11
leaf_value=-1.0972217462370055 -0.14100510598896107 -0.02302889864736244 0.028195102667359608 0.035093291834084543 -0.063981536465325922 0.21588631312224607 0.070560254407882897 0.30935216536418014 -0.044302328757635227 0.0054264328712406501
leaf_weight=29.173200130462646 35.980280160903931 34.035400152206421 28.200760126113892 24.311000108718872 29.173200130462646 27.228320121765137 32.090520143508911 23.338560104370117 43.75980019569397 23.338560104370117
leaf_count=30 37 35 29 25 30 28 33 24 45 24
internal_value=0.000882353 0.00543478 0.00838926 0.0125 0.00454545 0.0201754 -0.00448718 -0.00772358 -0.00268817 0.00625
internal_weight=330.63 178.929 144.894 108.913 53.4842 55.4291 151.701 119.61 90.4369 46.6771
internal_count=340 184 149 112 55 57 156 123 93 48
is_linear=0
shrinkage=0.05


Tree=327
num_leaves=11
num_cat=0
split_feature=16 25 27 27 29 11 16 24 25 15
split_gain=2.41034 5.80604 3.40968 4.35889 2.5816 2.57116 3.54334 4.04812 2.82654 1.17311
threshold=3185.0000000000005 495.00000000000006 1495.0000000000002 2535.0000000000005 0.018384441387896706 1735.0000000000002 1215.0000000000002 0.051123479694908207 1005.0000000000001 63.750000000000007
decision_type=2 2 2 2 2 2 2 2 2 2
left_child=2 -2 5 -4 -3 6 7 -1 9 -7
right_child=1 4 3 -5 -6 8 -8 -9 -10 -11
leaf_value=0.010183749470240856 5.7081201636601691 0.015537543400978394 0.080403746057015724 -0.0012985450725864212 -0.097146683424125524 -0.084287387274912362 0.6764388807174897 -0.2948920503545992 0.012999264515792676 -0.15187412926923116
leaf_weight=39.87004017829895 24.311000108718872 44.732240200042725 24.311000108718872 29.173200130462646 39.87004017829895 30.145640134811401 24.311000108718872 23.338560104370117 23.338560104370117 26.255880117416382
leaf_count=41 25 46 25 30 41 31 25 24 24 27
internal_value=-0.00162242 0.00446429 -0.00462555 0.00636364 -0.00172414 -0.00813953 -0.00222222 -0.00846154 -0.0146341 -0.0206897
internal_weight=329.657 108.913 220.744 53.4842 84.6023 167.26 87.5196 63.2086 79.7401 56.4015
internal_count=339 112 227 55 87 172 90 65 82 58
is_linear=0
shrinkage=0.05


Tree=328
num_leaves=11
num_cat=0
split_feature=18 18 20 20 30 16 11 27 26 15
split_gain=3.63693 5.61623 3.31885 4.05501 1.80907 2.66136 3.82708 3.05722 3.17002 1.76048
threshold=0.24912187097061048 0.1555524704212751 0.4337430153316853 0.38479809237610901 0.14228473516806253 1135.0000000000002 1085.0000000000002 1385.0000000000002 130.00000000000003 341.25000000000006
decision_type=2 2 2 2 2 2 2 2 2 2
left_child=1 -1 3 4 -2 -6 -7 8 -8 -3
right_child=2 9 -4 -5 5 6 7 -9 -10 -11
leaf_value=-0.022449806573490605 -0.25584112396909403 0.077289029599660358 -0.2443156071160047 0.16178839114916174 -0.042097476058836493 0.074509963877596883 0.83665271417739862 -0.33282491716609003 -0.022664264496438592 0.006541033557050469
leaf_weight=29.173200130462646 29.173200130462646 28.200760126113892 24.311000108718872 30.145640134811401 40.842480182647705 31.118080139160156 25.283440113067627 30.145640134811401 40.842480182647705 25.283440113067627
leaf_count=30 30 29 25 31 42 32 26 31 42 26
internal_value=-0.00145349 0.00764706 -0.00444015 -0.0025641 -0.00517241 -0.00317919 0.000381679 -0.00454545 0.00147059 0.0172727
internal_weight=334.519 82.6574 251.862 227.551 197.405 168.232 127.39 96.2716 66.1259 53.4842
internal_count=344 85 259 234 203 173 131 99 68 55
is_linear=0
shrinkage=0.05


Tree=329
num_leaves=10
num_cat=0
split_feature=27 25 29 27 30 15 14 29 18
split_gain=3.59542 4.24337 4.38622 4.58631 1.9572 1.77787 2.65201 4.00763 3.43589
threshold=995.00000000000011 495.00000000000006 0.020468205329650803 105.00000000000001 0.26824629563865815 56.250000000000007 3123.7500000000005 0.017379973997757755 0.33418194302548049
decision_type=2 2 2 2 2 2 2 2 2
left_child=1 2 3 -1 5 -2 7 -7 -8
right_child=4 -3 -4 -5 -6 6 8 -9 -10
leaf_value=0.26118510338876605 -0.020671308988107741 -0.12251594750377991 0.64643655002615796 -0.32600531126297483 0.065116928187580927 0.0050686488480096159 0.04912140972433008 0.13744068744454127 -0.24263101688407007
leaf_weight=36.952720165252686 42.787360191345215 36.952720165252686 28.200760126113892 40.842480182647705 26.255880117416382 33.062960147857666 33.062960147857666 31.118080139160156 30.145640134811401
leaf_count=38 44 38 29 42 27 34 34 32 31
internal_value=-0.000429799 -0.00646259 -0.00137615 -0.0075 0.0039604 0.002 0.00496183 0.0121212 -0.00230769
internal_weight=339.382 142.949 105.996 77.7952 196.433 170.177 127.39 64.181 63.2086
internal_count=349 147 109 80 202 175 131 66 65
is_linear=0
shrinkage=0.05


Tree=330
num_leaves=12
num_cat=0
split_feature=26 30 14 30 26 18 30 14 18 22 14
split_gain=4.95076 3.72834 4.94911 3.01183 3.60888 3.78166 3.61882 2.6472 2.70122 1.29765 1.29659
threshold=1525.0000000000002 0.14824522125806747 3556.2500000000005 0.18537389714307537 360.00000000000006 0.24912187097061048 0.22531718346018242 3897.5000000000005 0.30009967356906136 0.0091870218023034512 4261.2500000000009
decision_type=2 2 2 2 2 2 2 2 2 2 2
left_child=1 -1 3 -3 5 -5 -6 -4 10 -2 -9
right_child=9 2 7 4 6 -7 -8 8 -10 -11 -12
leaf_value=0.19821207372619939 0.07716411950013935 -0.25810006861797774 0.17980852248085741 -0.017390164326525338 0.020045899705166903 -1.5394924946770061 -0.078031789540193588 -0.00064035446200705337 -0.16953288393783625 0.025854540356772305 0.19310649885019304
leaf_weight=40.842480182647705 23.338560104370117 23.338560104370117 23.338560104370117 28.200760126113892 24.311000108718872 30.145640134811401 35.007840156555176 23.338560104370117 23.338560104370117 26.255880117416382 23.338560104370117
leaf_count=42 24 24 24 29 25 31 36 24 24 27 24
internal_value=-0.00179641 -0.00441696 -0.00684647 -0.0127586 -0.00950413 -0.0183333 -0.000819672 0.00208333 -0.00277778 0.0127451 0.00416667
internal_weight=324.795 275.201 234.358 141.004 117.665 58.3464 59.3188 93.3542 70.0157 49.5944 46.6771
internal_count=334 283 241 145 121 60 61 96 72 51 48
is_linear=0
shrinkage=0.05


Tree=331
num_leaves=12
num_cat=0
split_feature=28 11 27 16 30 16 18 11 18 29 11
split_gain=2.8897 2.90803 5.00978 3.55847 2.41589 4.32207 1.75269 1.62 4.83039 2.34034 0.99315
threshold=3.5000000000000004 2975.0000000000005 1025.0000000000002 4205.0000000000009 0.24881711814353533 1135.0000000000002 0.8795068027210885 2165.0000000000005 0.36256301873500213 0.015641067965391553 1095.0000000000002
decision_type=2 2 2 2 2 2 2 2 2 2 2
left_child=1 4 -3 -4 5 -1 7 8 -7 -10 -6
right_child=-2 2 3 -5 10 6 -8 -9 9 -11 -12
leaf_value=-1.1545872390913474 0.094361256160209461 -0.16105623974094671 -0.065001235806039406 0.056928826800185565 0.34889224545826214 0.29251180598457721 0.11697482600230842 -0.059067760716743578 -0.72170067827264583 0.0072428666492896816 0.013244062397757262
leaf_weight=26.255880117416382 40.842480182647705 29.173200130462646 26.255880117416382 44.732240200042725 24.311000108718872 28.200760126113892 24.311000108718872 23.338560104370117 24.311000108718872 23.338560104370117 25.283440113067627
leaf_count=27 42 30 27 46 25 29 25 24 25 24 26
internal_value=-0.000571429 -0.00227273 -0.0092233 -0.00205479 0.00121951 -0.00194805 0.0019685 -0.000980392 0.0025641 -0.00714286 0.0107843
internal_weight=340.354 299.512 100.161 70.9881 199.35 149.756 123.5 99.1889 75.8503 47.6496 49.5944
internal_count=350 308 103 73 205 154 127 102 78 49 51
is_linear=0
shrinkage=0.05


Tree=332
num_leaves=11
num_cat=0
split_feature=26 14 29 30 16 14 12 22 30 24
split_gain=2.53491 3.50173 3.19464 4.07073 2.55158 3.04133 2.73075 2.14697 1.79874 1.14911
threshold=1525.0000000000002 4117.5000000000009 0.026535091062209054 0.24479626451726014 3145.0000000000005 1138.7500000000002 2165.0000000000005 0.027989918772956205 0.18804323262801417 0.077664399092970515
decision_type=2 2 2 2 2 2 2 2 2 2
left_child=1 2 3 4 5 -1 8 -3 -7 -2
right_child=9 7 -4 -5 -6 6 -8 -9 -10 -11
leaf_value=-0.20228893362800593 0.04363047111563674 0.012018609818005644 -0.328993815112824 0.062156341910599627 -0.21788919967486892 0.0014081196421329878 -0.05611437268089503 0.18060473256766729 0.34269260922509376 0.024199670006476028
leaf_weight=32.090520143508911 27.228320121765137 28.200760126113892 28.200760126113892 31.118080139160156 43.75980019569397 30.145640134811401 30.145640134811401 24.311000108718872 31.118080139160156 30.145640134811401
leaf_count=33 28 29 29 32 45 31 31 25 32 31
internal_value=0.00144509 -0.000522648 -0.00321888 -0.000980392 -0.00406977 -0.000393701 0.00425532 0.0111111 0.0103175 0.0110169
internal_weight=336.464 279.09 226.579 198.378 167.26 123.5 91.4094 52.5118 61.2637 57.374
internal_count=346 287 233 204 172 127 94 54 63 59
is_linear=0
shrinkage=0.05


Tree=333
num_leaves=11
num_cat=0
split_feature=18 18 18 27 15 27 14 18 18 15
split_gain=3.43673 3.27791 2.71398 2.73757 3.42105 3.23501 2.21121 3.33378 2.48475 3.60134
threshold=0.14977166792642982 0.21167620487348379 0.97074829931972795 1025.0000000000002 41.250000000000007 525.00000000000011 4096.2500000000009 0.36256301873500213 0.84783953070571527 93.750000000000014
decision_type=2 2 2 2 2 2 2 2 2 2
left_child=-1 -2 3 4 -3 -6 7 -5 9 -9
right_child=1 2 -4 6 5 -7 -8 8 -10 -11
leaf_value=-0.082987136584847576 0.20309859264116314 0.31256363129411968 0.041448947559854336 -0.092857496317435562 -0.19050763610539434 -0.10820549963623308 0.13859846493703573 0.039348280029958008 -0.066732790468972777 -0.0010880792803845908
leaf_weight=28.200760126113892 28.200760126113892 33.062960147857666 41.81492018699646 25.283440113067627 30.145640134811401 36.952720165252686 26.255880117416382 29.173200130462646 23.338560104370117 28.200760126113892
leaf_count=29 29 34 43 26 31 38 27 30 24 29
internal_value=0.00117647 0.00273312 0.00106383 -0.00104603 -0.00728155 -0.0137681 0.00367647 0.000458716 0.00542169 0.0110169
internal_weight=330.63 302.429 274.228 232.413 100.161 67.0984 132.252 105.996 80.7125 57.374
internal_count=340 311 282 239 103 69 136 109 83 59
is_linear=0
shrinkage=0.05


Tree=334
num_leaves=11
num_cat=0
split_feature=15 22 29 11 30 18 24 20 15 22
split_gain=3.69596 4.70109 2.89802 2.88981 4.91714 2.31533 2.23742 1.88099 1.7648 1.29659
threshold=371.25000000000006 0.0014318314506135002 0.023944345237044754 1125.0000000000002 0.22424336118477126 0.88516815176774943 0.082388510959939473 0.38479809237610901 423.75000000000006 0.026931624293597602
decision_type=2 2 2 2 2 2 2 2 2 2
left_child=1 -1 3 5 7 6 -3 -5 -2 -10
right_child=8 2 -4 4 -6 -7 -8 -9 9 -11
leaf_value=0.46441280338779056 0.10089892408311699 0.11432392346110874 -0.11956165179859682 -0.21730283528706879 0.049813625754131868 -0.078460728247853245 0.0059566745648112381 -0.041184552117465502 -0.0299710888163645 0.12151114946964299
leaf_weight=31.118080139160156 26.255880117416382 24.311000108718872 43.75980019569397 43.75980019569397 33.062960147857666 27.228320121765137 30.145640134811401 39.87004017829895 23.338560104370117 23.338560104370117
leaf_count=32 27 25 45 45 34 28 31 41 24 24
internal_value=0 -0.00266904 -0.00502008 -0.00245098 -0.0075 0.0047619 0.0107143 -0.0139535 0.01 0.00416667
internal_weight=346.189 273.256 242.138 198.378 116.693 81.685 54.4566 83.6298 72.933 46.6771
internal_count=356 281 249 204 120 84 56 86 75 48
is_linear=0
shrinkage=0.05


Tree=335
num_leaves=10
num_cat=0
split_feature=28 27 29 29 18 18 14 29 22
split_gain=3.40617 5.52875 3.30064 3.60023 3.01857 3.16981 2.40914 2.13163 1.39204
threshold=3.5000000000000004 1035.0000000000002 0.019625800787450905 0.013908753294164551 0.25943574494787436 0.43003210673940945 1146.2500000000002 0.023443842226493754 0.0047351711226122509
decision_type=2 2 2 2 2 2 2 2 2
left_child=1 4 3 -3 -1 -6 -7 -4 -5
right_child=-2 2 7 8 5 6 -8 -9 -10
leaf_value=0.024017442234753619 0.15500467156582545 0.14448316397047165 0.1086077272880516 -0.15576667729351357 -2.3706192306463096 -1.3840160355506896 0.0077668429446703163 0.018064345127982051 -0.0027165138843656678
leaf_weight=35.980280160903931 43.75980019569397 24.311000108718872 28.200760126113892 24.311000108718872 25.283440113067627 29.173200130462646 31.118080139160156 35.980280160903931 45.704680204391479
leaf_count=37 45 25 29 25 26 30 32 37 47
internal_value=-0.000750751 -0.00277778 0.00337423 -0.00257732 -0.0108 -0.0159091 -0.00967742 0.0121212 -0.00833333
internal_weight=323.823 280.063 158.508 94.3267 121.555 85.5747 60.2913 64.181 70.0157
internal_count=333 288 163 97 125 88 62 66 72
is_linear=0
shrinkage=0.05


Tree=336
num_leaves=11
num_cat=0
split_feature=14 14 14 25 16 19 29 30 18 29
split_gain=2.66933 5.53211 3.48045 4.67452 2.3709 1.83268 1.77198 4.08425 2.24688 1.75667
threshold=3655.0000000000005 4051.2500000000005 2003.7500000000002 1005.0000000000001 2705.0000000000005 0.50860999670523488 0.017379973997757755 0.22696027561569829 0.46712018140589578 0.025446808953730051
decision_type=2 2 2 2 2 2 2 2 2 2
left_child=2 -2 6 4 -4 -3 8 -8 -1 -9
right_child=1 5 3 -5 -6 -7 7 9 -10 -11
leaf_value=-0.020863377056707579 0.1858234269722516 -0.016824237864466341 -0.44380874634523482 0.13725900577194353 -0.015741736408494945 0.050726782378728789 0.10317734092365072 -0.064265890987326199 0.023944193877139242 0.055337971580172507
leaf_weight=25.283440113067627 28.200760126113892 38.897600173950195 27.228320121765137 31.118080139160156 40.842480182647705 24.311000108718872 23.338560104370117 30.145640134811401 45.704680204391479 24.311000108718872
leaf_count=26 29 40 28 32 42 25 24 31 47 25
internal_value=0.000143266 0.00744681 -0.00254902 -0.00980392 -0.0171429 -0.000769231 0.00228758 0.0075 -0.00342466 0
internal_weight=339.382 91.4094 247.972 99.1889 68.0708 63.2086 148.783 77.7952 70.9881 54.4566
internal_count=349 94 255 102 70 65 153 80 73 56
is_linear=0
shrinkage=0.05


Tree=337
num_leaves=13
num_cat=0
split_feature=27 24 30 16 11 25 18 11 27 29 24 18
split_gain=2.98012 2.88609 2.17046 3.49078 4.06703 2.89563 5.54839 4.43956 1.09186 0.933542 0.890513 0.181125
threshold=130.00000000000003 0.60881159342043711 0.26947395238242289 1135.0000000000002 1065.0000000000002 390.00000000000006 0.49056485842200132 2325.0000000000005 2515.0000000000005 0.017818770943145806 0.021134949706378203 0.87107898715041587
decision_type=2 2 2 2 2 2 2 2 2 2 2 2
left_child=10 2 3 -2 -5 6 -6 -7 9 -9 -1 -8
right_child=1 -3 -4 4 5 7 11 8 -10 -11 -12 -13
leaf_value=0.233272803705313 -1.3892664003670463 -0.047189146911910035 0.069225195968101616 0.11160514121543202 -0.20551478100805981 0.38589526991279399 -0.00014469472154132745 -0.019701614922860246 0.0070528075518268458 0.0028090082295193497 0.43971607618486819 0.0091881831589034849
leaf_weight=25.283440113067627 25.283440113067627 34.035400152206421 24.311000108718872 25.283440113067627 29.173200130462646 24.311000108718872 24.311000108718872 24.311000108718872 26.255880117416382 23.338560104370117 29.173200130462646 23.338560104370117
leaf_count=26 26 35 25 26 30 25 25 25 27 24 30 24
internal_value=0 -0.00205479 -0.000194553 -0.00172414 0.000485437 -0.00222222 -0.00949367 0.00346535 -0.00263158 -0.00714286 0.0107143 0.00102041
internal_weight=338.409 283.952 249.917 225.606 200.323 175.039 76.8228 98.2164 73.9054 47.6496 54.4566 47.6496
internal_count=348 292 257 232 206 180 79 101 76 49 56 49
is_linear=0
shrinkage=0.05


Tree=338
num_leaves=12
num_cat=0
split_feature=26 30 11 20 30 22 14 29 11 14 11
split_gain=3.38748 3.70956 2.85487 2.73885 4.01626 2.63393 2.93494 2.25397 2.93279 2.84731 3.7338
threshold=1205.0000000000002 0.19243819919093005 1075.0000000000002 0.48676587301587299 0.21976920769358083 0.050734318589089257 1188.7500000000002 0.012966577542874402 2175.0000000000005 3620.0000000000005 4165.0000000000009
decision_type=2 2 2 2 2 2 2 2 2 2 2
left_child=2 -2 -1 5 -5 6 -4 -8 -9 -10 -11
right_child=1 -3 3 4 -6 -7 7 8 9 10 -12
leaf_value=-0.072963091621522841 0.026851099548525784 0.001771169378241666 0.12203439301950994 0.025712243944644799 -0.14549776917401688 0.48706518087806216 -0.19994764249954644 0.082835793898198062 -0.054822895382949356 0.16395064649602775 -0.30382981969378309
leaf_weight=34.035400152206421 24.311000108718872 39.87004017829895 23.338560104370117 25.283440113067627 26.255880117416382 24.311000108718872 23.338560104370117 25.283440113067627 29.173200130462646 30.145640134811401 25.283440113067627
leaf_count=35 25 41 24 26 27 25 24 26 30 31 26
internal_value=0.000294118 0.0106061 -0.00218978 -0.000209205 -0.0103774 0.00268817 0.000310559 -0.00255474 0.000442478 -0.00402299 0.00263158
internal_weight=330.63 64.181 266.449 232.413 51.5393 180.874 156.563 133.224 109.886 84.6023 55.4291
internal_count=340 66 274 239 53 186 161 137 113 87 57
is_linear=0
shrinkage=0.05


Tree=339
num_leaves=11
num_cat=0
split_feature=6 29 11 22 26 27 29 24 22 18
split_gain=1.92199 3.23605 3.04122 3.07987 2.8613 2.4095 3.3817 2.53812 2.37904 1.74168
threshold=1.5000000000000002 0.016022851403207004 3035.0000000000005 0.036836767743840058 165.00000000000014 230.00000000000003 0.018834141677800904 0.015532879818594051 0.018744378948995406 0.6723356009070296
decision_type=2 2 2 2 2 2 2 2 2 2
left_child=1 4 5 -4 8 -3 -7 -8 -1 -9
right_child=-2 2 3 -5 -6 6 7 9 -10 -11
leaf_value=0.80100742445711148 0.22435030828919481 -0.33665685219602892 -0.20328958002310174 0.039852460523502491 -0.001253259832378717 0.078694004203293852 0.21382933290427675 0.0055851299338883116 0.0083811319006599667 -0.064638002458320895
leaf_weight=33.062960147857666 34.035400152206421 24.311000108718872 30.145640134811401 23.338560104370117 44.732240200042725 30.145640134811401 23.338560104370117 38.897600173950195 27.228320121765137 26.255880117416382
leaf_count=34 35 25 31 24 46 31 24 40 28 27
internal_value=0.0015942 0.000322581 -0.00346535 -0.0136364 0.00740741 0.000340136 0.00327869 -0.00164835 0.0145161 -0.00671642
internal_weight=335.492 301.456 196.433 53.4842 105.024 142.949 118.638 88.492 60.2913 65.1535
internal_count=345 310 202 55 108 147 122 91 62 67
is_linear=0
shrinkage=0.05


Tree=340
num_leaves=10
num_cat=0
split_feature=15 22 11 22 26 26 26 27 20
split_gain=3.49309 3.24145 3.27895 3.56615 2.24512 2.9764 2.60494 2.18852 1.78312
threshold=371.25000000000006 0.00091086781934990009 2620.0000000000005 0.022863488288885705 1205.0000000000002 2525.0000000000005 745.00000000000011 190.00000000000003 0.45114007066671463
decision_type=2 2 2 2 2 2 2 2 2
left_child=1 -1 4 -4 6 -6 7 -3 -2
right_child=8 2 3 -5 5 -7 -8 -9 -10
leaf_value=0.39950733397502064 0.00035000205034521061 -0.51919841735943917 -0.018083479851975427 -0.23068975733785921 0.048051185481403996 -0.0090088557358853905 -0.069252274048835716 0.08513348468644609 0.15697675747289852
leaf_weight=25.283440113067627 43.75980019569397 43.75980019569397 30.145640134811401 32.090520143508911 26.255880117416382 33.062960147857666 44.732240200042725 37.92516016960144 24.311000108718872
leaf_count=26 45 45 31 33 27 34 46 39 25
internal_value=-0.00299145 -0.00551601 -0.0072549 -0.0171875 -0.0039267 0.00409836 -0.00769231 -0.00238095 0.00714286
internal_weight=341.326 273.256 247.972 62.2362 185.736 59.3188 126.417 81.685 68.0708
internal_count=351 281 255 64 191 61 130 84 70
is_linear=0
shrinkage=0.05


Tree=341
num_leaves=10
num_cat=0
split_feature=18 16 19 29 29 29 29 27 15
split_gain=2.98662 6.75112 5.14543 4.22625 2.59317 3.63044 2.29124 3.99 2.02337
threshold=0.48242630385487534 4635.0000000000009 0.50860999670523488 0.015984265375215453 0.013227840138862851 0.016044002109643307 0.019625800787450905 1065.0000000000002 341.25000000000006
decision_type=2 2 2 2 2 2 2 2 2
left_child=1 2 3 -1 -2 -6 -7 -8 -4
right_child=4 -3 8 -5 5 6 7 -9 -10
leaf_value=-0.011825559393378171 -0.24360385953500555 0.41148943536468324 0.01975090091805214 -0.11942121830368252 0.37953196727626165 -0.099300354238948785 -0.0050822142619836091 0.32298740380770141 -0.035135825629345162
leaf_weight=34.035400152206421 24.311000108718872 25.283440113067627 41.81492018699646 43.75980019569397 29.173200130462646 37.92516016960144 37.92516016960144 26.255880117416382 24.311000108718872
leaf_count=35 25 26 43 45 30 39 39 27 25
internal_value=0 -0.0045977 -0.00878378 -0.0175 0.005 0.00777778 0.00333333 0.00909091 0.00147059
internal_weight=324.795 169.205 143.921 77.7952 155.59 131.279 102.106 64.181 66.1259
internal_count=334 174 148 80 160 135 105 66 68
is_linear=0
shrinkage=0.05


Tree=342
num_leaves=11
num_cat=0
split_feature=26 24 26 18 22 18 22 11 29 20
split_gain=2.76512 4.97889 2.97011 3.70031 4.99983 5.55131 2.72741 2.51803 2.47294 2.44399
threshold=1525.0000000000002 0.077664399092970515 1035.0000000000002 0.8595049130763418 0.01184733038316235 0.39365428711167011 0.050734318589089257 2175.0000000000005 0.016408817162170204 0.46026141650587077
decision_type=2 2 2 2 2 2 2 2 2 2
left_child=2 -2 3 4 -1 6 7 -6 -5 -9
right_child=1 -3 -4 8 5 -7 -8 9 -10 -11
leaf_value=-0.3476827983983185 -0.064103645694137873 0.015535910602375226 -0.053917077116830116 -0.060052618180498035 0.068637932903925503 0.080712864805786932 0.062928021126936073 -0.19126738806662616 0.20685459067460671 -0.0045768481807954235
leaf_weight=36.952720165252686 24.311000108718872 24.311000108718872 30.145640134811401 26.255880117416382 25.283440113067627 26.255880117416382 39.87004017829895 25.283440113067627 34.035400152206421 40.842480182647705
leaf_count=38 25 25 31 27 26 27 41 26 35 42
internal_value=-0.00102041 0.01 -0.00290102 -0.00114504 -0.0045 -0.000617284 -0.00481481 -0.00957447 0.00967742 -0.0147059
internal_weight=333.547 48.622 284.925 254.779 194.488 157.535 131.279 91.4094 60.2913 66.1259
internal_count=343 50 293 262 200 162 135 94 62 68
is_linear=0
shrinkage=0.05


Tree=343
num_leaves=10
num_cat=0
split_feature=18 22 14 30 28 11 16 30 26
split_gain=3.57814 4.04172 2.89904 4.06438 2.97655 2.96333 2.07777 2.84897 1.83901
threshold=0.14977166792642982 0.050734318589089257 4021.2500000000005 0.17833928115472927 3.5000000000000004 2175.0000000000005 1165.0000000000002 0.24380327884838862 165.00000000000014
decision_type=2 2 2 2 2 2 2 2 2
left_child=-1 2 3 8 5 6 7 -5 -2
right_child=1 -3 -4 4 -6 -7 -8 -9 -10
leaf_value=-0.046224677940881524 0.41079658547016606 0.4681198405726491 -0.044679598428047029 -0.12967665346859578 0.077134081329927551 -0.26033950032426673 0.050842891592390062 0.098615201605139202 0.0062682564555643699
leaf_weight=23.338560104370117 34.035400152206421 27.228320121765137 45.704680204391479 31.118080139160156 27.228320121765137 37.92516016960144 35.980280160903931 25.283440113067627 30.145640134811401
leaf_count=24 35 28 47 32 28 39 37 26 31
internal_value=-0.00198777 -0.00049505 -0.00236364 0 -0.00432099 -0.00746269 -0.00263158 -0.00862069 0.0106061
internal_weight=317.988 294.649 267.421 221.716 157.535 130.307 92.3818 56.4015 64.181
internal_count=327 303 275 228 162 134 95 58 66
is_linear=0
shrinkage=0.05


Tree=344
num_leaves=12
num_cat=0
split_feature=14 25 29 16 15 18 29 29 18 11 18
split_gain=3.41747 7.18976 7.36502 2.85443 2.29519 5.35952 2.54294 2.44118 1.9683 1.89873 1.08614
threshold=3655.0000000000005 2525.0000000000005 0.019525017892454505 3175.0000000000005 48.750000000000007 0.46035364500410098 0.018947301119663803 0.014315771398646751 0.63817082388510971 1095.0000000000002 0.25266268123410979
decision_type=2 2 2 2 2 2 2 2 2 2 2
left_child=3 2 -2 4 7 10 -7 -1 -9 -10 -6
right_child=1 -3 -4 -5 5 6 -8 8 9 -11 -12
leaf_value=-1.1174311548326388 0.00056306790102098601 -0.032333999143793334 0.75015828809503093 -0.29309666260010092 -0.0052083700465573209 0.19961623551056393 0.010013891791425068 0.038341407391567377 -0.05615198334123761 -0.057363400094254759 -0.026490738928032442
leaf_weight=24.311000108718872 32.090520143508911 29.173200130462646 24.311000108718872 26.255880117416382 24.311000108718872 34.035400152206421 23.338560104370117 23.338560104370117 35.980280160903931 25.283440113067627 26.255880117416382
leaf_count=25 33 30 25 27 25 35 24 24 37 26 27
internal_value=-0.00177515 0.00681818 0.0172414 -0.0048 -0.0029148 0.00225225 0.0127119 -0.00803571 -0.00402299 -0.00873016 -0.00961538
internal_weight=328.685 85.5747 56.4015 243.11 216.854 107.941 57.374 108.913 84.6023 61.2637 50.5669
internal_count=338 88 58 250 223 111 59 112 87 63 52
is_linear=0
shrinkage=0.05


Tree=345
num_leaves=11
num_cat=0
split_feature=29 29 18 18 15 14 22 25 14 22
split_gain=3.19242 2.25869 3.12019 5.68643 3.12962 2.37121 3.0214 1.88791 1.88074 5.56259
threshold=0.023944345237044754 0.022220143510459853 0.27746994573345846 0.19658639136996517 202.50000000000003 1166.2500000000002 0.0039698651919308509 495.00000000000006 2683.7500000000005 0.010574353013517652
decision_type=2 2 2 2 2 2 2 2 2 2
left_child=1 2 3 -1 5 6 -4 -2 9 -7
right_child=7 -3 4 -5 -6 8 -8 -9 -10 -11
leaf_value=0.015041253473236794 -0.0077927386206624767 0.10755160544074444 -0.072778973013873843 -0.12047833959786658 0.12186955805806293 -0.23902203730071961 0.11747442834008553 -0.079962158092371283 0.0078825675752796087 0.0058767636242009758
leaf_weight=31.118080139160156 35.007840156555176 23.338560104370117 25.283440113067627 33.062960147857666 44.732240200042725 23.338560104370117 26.255880117416382 29.173200130462646 32.090520143508911 31.118080139160156
leaf_count=32 36 24 26 34 46 24 27 30 33 32
internal_value=-0.000581395 0.00179856 0.000393701 -0.00909091 0.0037234 0 0.00849057 -0.0106061 -0.00505618 -0.0107143
internal_weight=334.519 270.338 247 64.181 182.819 138.086 51.5393 64.181 86.5472 54.4566
internal_count=344 278 254 66 188 142 53 66 89 56
is_linear=0
shrinkage=0.05


Tree=346
num_leaves=12
num_cat=0
split_feature=28 14 25 18 22 24 24 20 29 30 11
split_gain=2.58523 3.41082 2.89064 2.85547 3.861 3.72661 2.74552 2.30055 2.29938 1.52591 0.93797
threshold=3.5000000000000004 4548.7500000000009 2050.0000000000005 0.46712018140589578 0.010574353013517652 0.43316056581362705 0.032029478458049855 0.48146239122429596 0.020468205329650803 0.20389682208176158 1075.0000000000002
decision_type=2 2 2 2 2 2 2 2 2 2 2
left_child=1 2 3 5 6 9 8 -7 10 -1 -5
right_child=-2 -3 -4 4 -6 7 -8 -9 -10 -11 -12
leaf_value=-0.0055585633969485572 0.039111352570125747 -0.15853537411583149 0.029025688608157907 -0.078709102179971069 0.12677186517285008 0.013227697255865679 -0.22707093543568818 -0.046582577087087886 0.10217402516871062 -0.040634589888509258 0.0098892763035564723
leaf_weight=30.145640134811401 42.787360191345215 24.311000108718872 24.311000108718872 25.283440113067627 27.228320121765137 39.87004017829895 24.311000108718872 26.255880117416382 24.311000108718872 26.255880117416382 28.200760126113892
leaf_count=31 44 25 25 26 28 41 25 27 25 27 29
internal_value=-0.00240793 -0.00404531 -0.00246479 -0.00405405 0.00112782 -0.00952381 -0.00333333 -0.00147059 0.00125 -0.0189655 -0.00454545
internal_weight=343.271 300.484 276.173 251.862 129.335 122.527 102.106 66.1259 77.7952 56.4015 53.4842
internal_count=353 309 284 259 133 126 105 68 80 58 55
is_linear=0
shrinkage=0.05


Tree=347
num_leaves=11
num_cat=0
split_feature=6 22 22 15 30 27 22 30 11 24
split_gain=2.34331 2.73764 2.75471 3.65336 2.54041 3.92985 3.30288 3.11189 1.3236 0.72933
threshold=1.5000000000000002 0.062605503892896819 0.038902335384385207 33.750000000000007 0.15691198842147516 1025.0000000000002 0.022365207917205452 0.23227530039315628 1095.0000000000002 0.0024295432458697505
decision_type=2 2 2 2 2 2 2 2 2 2
left_child=1 2 3 8 -5 -6 7 -7 -1 -10
right_child=-2 -3 -4 4 5 6 -8 -9 9 -11
leaf_value=0.18812960834090975 1.494083735624713 -0.36372247234914995 0.024884229342603703 0.30335130824853423 -0.23940041381545143 -0.047261675015693075 0.012837906369168196 0.0011498459378572079 -0.055383822283465639 0.24035915233974947
leaf_weight=23.338560104370117 31.118080139160156 24.311000108718872 44.732240200042725 31.118080139160156 44.732240200042725 31.118080139160156 36.952720165252686 24.311000108718872 23.338560104370117 23.338560104370117
leaf_count=24 32 25 46 32 46 32 38 25 24 24
internal_value=-0.000574713 -0.00189873 -0.000515464 -0.00265306 -0.0066474 -0.00957447 -0.00368421 -0.0114035 0.00694444 0.00208333
internal_weight=338.409 307.291 282.98 238.248 168.232 137.114 92.3818 55.4291 70.0157 46.6771
internal_count=348 316 291 245 173 141 95 57 72 48
is_linear=0
shrinkage=0.05


Tree=348
num_leaves=12
num_cat=0
split_feature=27 27 20 29 28 29 27 29 30 14 15
split_gain=2.54671 4.28383 3.95377 3.70682 3.31785 3.31175 2.88785 2.51961 2.17508 2.33709 3.17664
threshold=2525.0000000000005 1640.0000000000002 0.48676587301587299 0.014809731492041503 3.5000000000000004 0.012076547901011101 2985.0000000000005 0.020468205329650803 0.20730058424443779 1138.7500000000002 191.25000000000003
decision_type=2 2 2 2 2 2 2 2 2 2 2
left_child=1 2 3 5 8 -1 -2 -4 -5 -10 -11
right_child=6 -3 7 4 -6 -7 -8 -9 9 10 -12
leaf_value=0.062903519510234679 -0.063541246295199014 0.058048262441229785 -0.0053314367354232676 0.22753537087501174 0.077413555464090678 -0.43637485281929006 0.011322100925940505 -0.34553634873168448 -1.2691450327422673 0.075900281582516993 -0.021253171832495355
leaf_weight=25.283440113067627 32.090520143508911 34.035400152206421 24.311000108718872 23.338560104370117 28.200760126113892 24.311000108718872 32.090520143508911 23.338560104370117 26.255880117416382 29.173200130462646 29.173200130462646
leaf_count=26 33 35 25 24 29 25 33 24 27 30 30
internal_value=-0.000146628 0.002 -0.000416667 0.00287958 0.00714286 -0.00882353 -0.00909091 -0.0132653 0.00315315 -0.000574713 0.005
internal_weight=331.602 267.421 233.386 185.736 136.142 49.5944 64.181 47.6496 107.941 84.6023 58.3464
internal_count=341 275 240 191 140 51 66 49 111 87 60
is_linear=0
shrinkage=0.05


Tree=349
num_leaves=12
num_cat=0
split_feature=29 29 25 25 26 27 20 30 18 17 16
split_gain=2.55833 3.71526 4.9636 3.16 3.10537 2.78135 3.03003 2.14509 2.39945 1.89329 1.03963
threshold=0.012617611391514601 0.017330245091656305 595.00000000000011 1085.0000000000002 1140.0000000000002 1015.0000000000001 0.4558991625252079 0.19378030139270608 0.46712018140589578 11.250000000000002 2675.0000000000005
decision_type=2 2 2 2 2 2 2 2 2 2 2
left_child=-1 3 4 7 9 -4 -7 8 -2 -3 -11
right_child=1 2 5 -5 -6 6 -8 -9 -10 10 -12
leaf_value=0.059758343534724645 -0.017517307324851572 0.28710570731183227 -0.39075340011568188 0.0051526105160064617 -0.020588530283168895 -0.020190513240868315 0.024030095737225567 -0.64617079792001286 0.061413090100802495 0.0074955092018626603 0.069545055151070304
leaf_weight=36.952720165252686 24.311000108718872 31.118080139160156 25.283440113067627 25.283440113067627 38.897600173950195 27.228320121765137 24.311000108718872 23.338560104370117 25.283440113067627 29.173200130462646 24.311000108718872
leaf_count=38 25 32 26 26 40 28 25 24 26 30 25
internal_value=-0.00188406 -0.0034202 0.000485437 -0.0113861 0.00669291 -0.00949367 -0.00283019 -0.0166667 -0.0107843 0.012069 0.00636364
internal_weight=335.492 298.539 200.323 98.2164 123.5 76.8228 51.5393 72.933 49.5944 84.6023 53.4842
internal_count=345 307 206 101 127 79 53 75 51 87 55
is_linear=0
shrinkage=0.05


Tree=350
num_leaves=12
num_cat=0
split_feature=24 11 16 16 6 27 18 24 19 11 14
split_gain=3.13119 3.43111 9.3978 2.40851 2.92636 2.96166 3.0729 4.52417 2.59417 2.12947 1.82682
threshold=0.028231292517006755 1095.0000000000002 2050.0000000000005 4635.0000000000009 1.5000000000000002 2525.0000000000005 0.48582766439909303 0.484434726271461 0.63151927437641731 2215.0000000000005 1111.2500000000002
decision_type=2 2 2 2 2 2 2 2 2 2 2
left_child=1 10 -3 4 5 6 7 9 -9 -2 -1
right_child=3 2 -4 -5 -6 -7 -8 8 -10 -11 -12
leaf_value=0.38172002695006313 -0.002236761319966263 -0.18346970309551125 0.066067802393513383 0.027243674997316704 -0.37121573010990688 -0.013768791257882641 0.07316810223080665 0.11163395041173772 -0.012631540284814946 -0.11145391020754687 0.16049716478506754
leaf_weight=27.228320121765137 31.118080139160156 28.200760126113892 30.145640134811401 33.062960147857666 24.311000108718872 25.283440113067627 37.92516016960144 26.255880117416382 24.311000108718872 24.311000108718872 24.311000108718872
leaf_count=28 32 29 31 34 25 26 39 27 25 25 25
internal_value=-0.000289017 0.00663717 -0.00166667 -0.00364807 -0.00577889 -0.00344828 -0.000675676 -0.00504587 0.00576923 -0.0149123 0.0160377
internal_weight=336.464 109.886 58.3464 226.579 193.516 169.205 143.921 105.996 50.5669 55.4291 51.5393
internal_count=346 113 60 233 199 174 148 109 52 57 53
is_linear=0
shrinkage=0.05


Tree=351
num_leaves=12
num_cat=0
split_feature=25 11 6 29 18 18 24 11 18 30 22
split_gain=2.4259 3.15913 3.50234 2.2955 1.81264 3.24407 2.72195 3.84494 3.1139 1.94488 1.75937
threshold=1560.0000000000002 3645.0000000000005 1.5000000000000002 0.017801593966907153 0.21405684262827118 0.33418194302548049 0.074428382464096707 1095.0000000000002 0.48582766439909303 0.21284189474047968 0.0036613654657826002
decision_type=2 2 2 2 2 2 2 2 2 2 2
left_child=1 2 4 -2 -1 -6 7 10 -8 -9 -7
right_child=3 -3 -4 -5 5 6 8 9 -10 -11 -12
leaf_value=0.21230188080369317 0.001182991197310912 0.25409330504030553 -0.35265494360442062 -0.36431401528889185 -0.0094623034103165082 0.72584107771109529 3.9718374205222068e-05 -1.009860039773139 0.30327342586049327 -0.0068938219726078394 -0.049749298281506073
leaf_weight=32.090520143508911 24.311000108718872 30.145640134811401 26.255880117416382 28.200760126113892 23.338560104370117 26.255880117416382 35.980280160903931 24.311000108718872 29.173200130462646 24.311000108718872 24.311000108718872
leaf_count=33 25 31 27 29 24 27 37 25 30 25 25
internal_value=0.000591716 0.00246479 0.000592885 -0.00925926 0.00265487 0.000777202 0.00325444 -0.00196078 0.011194 -0.012 0.00769231
internal_weight=328.685 276.173 246.027 52.5118 219.771 187.681 164.342 99.1889 65.1535 48.622 50.5669
internal_count=338 284 253 54 226 193 169 102 67 50 52
is_linear=0
shrinkage=0.05


Tree=352
num_leaves=10
num_cat=0
split_feature=27 27 27 18 18 17 24 18 15
split_gain=2.07312 7.5693 4.46357 4.95328 4.51501 3.77189 3.60044 3.57759 2.95029
threshold=2985.0000000000005 2525.0000000000005 1600.0000000000002 0.8595049130763418 0.22396532309068753 8.7500000000000018 0.26726969175948773 0.14557823129251699 56.250000000000007
decision_type=2 2 2 2 2 2 2 2 2
left_child=1 2 3 4 7 -5 8 -1 -6
right_child=-2 -3 -4 5 6 -7 -8 -9 -10
leaf_value=-0.019975528991471949 0.072503370200729486 -0.047261833367429062 0.093025098806833739 -0.019872442349105769 -0.21567352317833866 0.24363627494143431 -0.11058029218859247 0.25747230786578257 0.052734285689109588
leaf_weight=23.338560104370117 33.062960147857666 35.980280160903931 40.842480182647705 32.090520143508911 35.980280160903931 32.090520143508911 42.787360191345215 30.145640134811401 38.897600173950195
leaf_count=24 34 37 42 33 37 33 44 31 40
internal_value=-0.000140845 -0.00140187 0.00140845 -0.00123967 -0.00568182 0.0106061 -0.011157 0.00636364 -0.00454545
internal_weight=345.216 312.153 276.173 235.33 171.149 64.181 117.665 53.4842 74.8779
internal_count=355 321 284 242 176 66 121 55 77
is_linear=0
shrinkage=0.05


Tree=353
num_leaves=10
num_cat=0
split_feature=28 11 25 15 25 24 11 22 24
split_gain=5.27768 2.37688 5.87909 3.61192 2.61794 2.43117 1.93516 1.74558 3.37081
threshold=3.5000000000000004 2975.0000000000005 1005.0000000000001 138.75000000000003 1015.0000000000001 0.31454486556527378 1235.0000000000002 0.0031256748319328505 0.032029478458049855
decision_type=2 2 2 2 2 2 2 2 2
left_child=1 2 3 6 -3 -6 7 -1 -9
right_child=-2 4 -4 -5 5 -7 -8 8 -10
leaf_value=-0.098307313499435625 0.051709311541799252 -0.053837191045045078 0.44299090442768829 -0.025677239430524426 -0.016495040299287212 0.0007748640656700446 0.24937355057876404 0.12722058966035094 -0.044898741699057609
leaf_weight=27.228320121765137 43.75980019569397 36.952720165252686 24.311000108718872 43.75980019569397 23.338560104370117 35.980280160903931 32.090520143508911 27.228320121765137 39.87004017829895
leaf_count=28 45 38 25 45 24 37 33 28 41
internal_value=-0.00174419 -0.0041806 -0.001 -0.00428571 -0.0106061 -0.00409836 0 -0.00360825 0.000724638
internal_weight=334.519 290.76 194.488 170.177 96.2716 59.3188 126.417 94.3267 67.0984
internal_count=344 299 200 175 99 61 130 97 69
is_linear=0
shrinkage=0.05


Tree=354
num_leaves=12
num_cat=0
split_feature=14 30 14 29 24 30 29 30 26 12 18
split_gain=3.57191 6.79482 3.87518 2.62056 3.77189 2.23595 1.7496 7.62466 1.86177 1.4844 0.911448
threshold=3655.0000000000005 0.20786631002851833 2150.0000000000005 0.022084057524349752 0.32007502135053151 0.24380327884838862 0.017330245091656305 0.22650576488313393 1140.0000000000002 1065.0000000000002 0.5204837490551778
decision_type=2 2 2 2 2 2 2 2 2 2 2
left_child=2 -2 6 4 -4 -3 9 -8 -9 -1 -11
right_child=1 5 3 -5 -6 -7 7 8 -10 10 -12
leaf_value=0.091632309875251394 -0.013945750809557468 0.56294288801193493 0.024051896756395765 -0.36059532187969129 -0.23620799557559169 0.087939904003860647 0.047691620229238653 0.0098631030450178521 -0.042653804614110419 -0.023635994234678038 -0.065989950706421038
leaf_weight=23.338560104370117 37.92516016960144 24.311000108718872 32.090520143508911 28.200760126113892 32.090520143508911 23.338560104370117 28.200760126113892 37.92516016960144 23.338560104370117 24.311000108718872 23.338560104370117
leaf_count=24 39 25 33 29 33 24 29 39 24 25 24
internal_value=-0.00201149 0.00681818 -0.005 -0.0131579 -0.00757576 0.0193878 -0.00030303 0.00434783 -0.00555556 -0.00616438 -0.0112245
internal_weight=338.409 85.5747 252.834 92.3818 64.181 47.6496 160.453 89.4645 61.2637 70.9881 47.6496
internal_count=348 88 260 95 66 49 165 92 63 73 49
is_linear=0
shrinkage=0.05


Tree=355
num_leaves=11
num_cat=0
split_feature=6 14 30 22 30 30 25 29 15 11
split_gain=5.09065 3.45264 1.99928 1.98328 2.82451 5.21328 4.70666 2.69164 2.23555 1.86344
threshold=1.5000000000000002 1131.2500000000002 0.24380327884838862 0.061322134666221752 0.24479626451726014 0.21284189474047968 495.00000000000006 0.012617611391514601 296.25000000000006 1645.0000000000002
decision_type=2 2 2 2 2 2 2 2 2 2
left_child=1 2 -1 4 5 7 -7 -3 9 -9
right_child=-2 3 -4 -5 -6 6 -8 8 -10 -11
leaf_value=-0.062690453171103402 0.25382362667417058 0.093754886624196843 0.047444524987395202 -0.022274558611343309 -0.15025110124922778 0.23641171789756754 -0.030849805688512789 -0.0057692583953894427 -0.0079500225647734634 -0.22439759579681323
leaf_weight=37.92516016960144 32.090520143508911 36.952720165252686 26.255880117416382 23.338560104370117 29.173200130462646 29.173200130462646 30.145640134811401 33.062960147857666 37.92516016960144 24.311000108718872
leaf_count=39 33 38 27 24 30 30 31 34 39 25
internal_value=-0.00228571 -0.00425868 0.00606061 -0.00697211 -0.00550661 -0.00329949 0.00901639 -0.00882353 -0.0132653 -0.0194915
internal_weight=340.354 308.263 64.181 244.082 220.744 191.571 59.3188 132.252 95.2991 57.374
internal_count=350 317 66 251 227 197 61 136 98 59
is_linear=0
shrinkage=0.05


Tree=356
num_leaves=11
num_cat=0
split_feature=11 27 26 27 14 18 30 15 29 30
split_gain=2.67723 3.6154 4.67809 2.75226 2.2779 3.8887 3.42244 2.74403 1.48658 0.709244
threshold=1055.0000000000002 955.00000000000011 145.00000000000003 130.00000000000003 1291.2500000000002 0.27746994573345846 0.23676646859869618 461.25000000000006 0.020532980868485703 0.17175485594293302
decision_type=2 2 2 2 2 2 2 2 2 2
left_child=-1 2 3 9 8 6 -6 -7 -3 -2
right_child=1 4 -4 -5 5 7 -8 -9 -10 -11
leaf_value=0.066829986201651079 -0.030763430355455059 -0.063895303888102717 0.056526919007615112 -0.093546491521783542 -0.028202170053918965 0.078042522686064333 0.014665924804535281 -0.018524793200094793 -0.0063409547706214653 0.22459113200268349
leaf_weight=45.704680204391479 26.255880117416382 24.311000108718872 38.897600173950195 33.062960147857666 34.035400152206421 44.732240200042725 25.283440113067627 24.311000108718872 23.338560104370117 24.311000108718872
leaf_count=47 27 25 40 34 35 46 26 25 24 25
internal_value=-0.00169492 -0.0034202 0.0031746 -0.00348837 -0.00801105 -0.00454545 -0.0139344 0.00352113 -0.0173469 0.00384615
internal_weight=344.244 298.539 122.527 83.6298 176.012 128.362 59.3188 69.0432 47.6496 50.5669
internal_count=354 307 126 86 181 132 61 71 49 52
is_linear=0
shrinkage=0.05


Tree=357
num_leaves=11
num_cat=0
split_feature=18 11 30 29 16 29 11 15 14 14
split_gain=3.76636 2.70962 3.18352 3.89718 2.20676 2.95107 3.40019 2.18176 2.06091 2.66501
threshold=0.96438746438746448 1115.0000000000002 0.22620005483313388 0.024582340985708353 4675.0000000000009 0.015406770231739702 2315.0000000000005 176.25000000000003 1160.0000000000002 1113.7500000000002
decision_type=2 2 2 2 2 2 2 2 2 2
left_child=1 8 4 7 5 -3 -7 -4 9 -1
right_child=-2 2 3 -5 -6 6 -8 -9 -10 -11
leaf_value=0.086843717729971112 0.39424643112595281 -0.023987176631135299 0.21336157540255274 -0.05233653625462012 0.0029906576799476172 -0.077300356813179871 -0.29835531556279876 0.0041348110363742313 0.0047641824896913938 -0.018889025286080142
leaf_weight=23.338560104370117 43.75980019569397 45.704680204391479 23.338560104370117 29.173200130462646 24.311000108718872 26.255880117416382 30.145640134811401 27.228320121765137 23.338560104370117 37.92516016960144
leaf_count=24 45 47 24 30 25 27 31 28 24 39
internal_value=-0.00145349 -0.00351171 -0.00660377 0.00121951 -0.0115385 -0.0147619 -0.0224138 0.00961538 0.00402299 -0.000793651
internal_weight=334.519 290.76 206.157 79.7401 126.417 102.106 56.4015 50.5669 84.6023 61.2637
internal_count=344 299 212 82 130 105 58 52 87 63
is_linear=0
shrinkage=0.05


Tree=358
num_leaves=12
num_cat=0
split_feature=18 11 27 16 11 14 14 27 29 24 29
split_gain=4.48534 4.52559 2.06941 3.87283 3.65476 2.34266 4.389 3.12897 2.75875 2.25122 1.78069
threshold=0.14977166792642982 4195.0000000000009 995.00000000000011 3185.0000000000005 2135.0000000000005 3128.7500000000005 1250.0000000000002 2050.0000000000005 0.017379973997757755 0.032029478458049855 0.021984675784397105
decision_type=2 2 2 2 2 2 2 2 2 2 2
left_child=-1 2 3 4 9 6 8 -7 -4 -2 -10
right_child=1 -3 5 -5 -6 7 -8 -9 10 -11 -12
leaf_value=-0.43066620393940414 -0.18559020547215824 -0.28332869364926411 -0.032266238467559563 0.037558942962232326 -0.40723141961091192 -0.081326493431060964 0.083639335173779736 0.011898355396374427 0.18621754844326688 0.047407957065479428 0.0075253022530660024
leaf_weight=24.311000108718872 36.952720165252686 23.338560104370117 26.255880117416382 31.118080139160156 23.338560104370117 25.283440113067627 29.173200130462646 26.255880117416382 23.338560104370117 32.090520143508911 26.255880117416382
leaf_count=25 38 24 27 32 24 26 30 27 24 33 27
internal_value=-0.00133531 0.000320513 0.00208333 -0.00275591 -0.00789474 0.00590062 0.0101852 -0.00283019 0.00384615 -0.00211268 0.0107843
internal_weight=327.712 303.401 280.063 123.5 92.3818 156.563 105.024 51.5393 75.8503 69.0432 49.5944
internal_count=337 312 288 127 95 161 108 53 78 71 51
is_linear=0
shrinkage=0.05


Tree=359
num_leaves=11
num_cat=0
split_feature=26 20 20 25 11 11 24 24 11 30
split_gain=2.96229 3.24466 4.74304 3.35246 3.38628 3.03007 4.20328 3.77162 2.31332 1.58936
threshold=2525.0000000000005 0.48964011908618327 0.4558991625252079 1560.0000000000002 3085.0000000000005 2175.0000000000005 0.016974408811143451 0.10708063115767767 3175.0000000000005 0.19001589482821918
decision_type=2 2 2 2 2 2 2 2 2 2
left_child=1 2 3 4 5 6 9 -8 -3 -1
right_child=-2 8 -4 -5 -6 -7 7 -9 -10 -11
leaf_value=-1.1342152377691945 -0.01641320322107731 -0.40913289374243506 0.08365788320656975 -0.033926962617897516 0.21230387578129922 -0.029358138461338969 0.26770725902470077 0.00034400660651954243 0.011520997760499085 0.0012630829957743118
leaf_weight=23.338560104370117 27.228320121765137 30.145640134811401 32.090520143508911 29.173200130462646 27.228320121765137 41.81492018699646 25.283440113067627 34.035400152206421 23.338560104370117 36.952720165252686
leaf_count=24 28 31 33 30 28 43 26 35 24 38
internal_value=-0.00205882 -0.000641026 0.00175097 -0.000892857 0.00154639 -0.00120482 0.00284553 0.0122951 -0.0118182 -0.00645161
internal_weight=330.63 303.401 249.917 217.827 188.653 161.425 119.61 59.3188 53.4842 60.2913
internal_count=340 312 257 224 194 166 123 61 55 62
is_linear=0
shrinkage=0.05


Tree=360
num_leaves=11
num_cat=0
split_feature=27 24 15 29 29 22 16 11 16 15
split_gain=3.31969 3.13001 2.24179 3.99783 3.79516 4.45519 2.7466 3.44025 3.13189 2.25808
threshold=130.00000000000003 0.11483641075477806 101.25000000000001 0.014946512650088251 0.023944345237044754 0.0033513225575603008 4585.0000000000009 2175.0000000000005 3775.0000000000005 41.250000000000007
decision_type=2 2 2 2 2 2 2 2 2 2
left_child=1 -1 4 -4 5 -2 7 -5 -9 -7
right_child=2 -3 3 6 -6 9 -8 8 -10 -11
leaf_value=1.3264006993125805 -0.023945820111725882 -0.009939653172273211 -0.059361852405618268 0.027291417739877491 -0.056167174020561109 0.39516541981636238 0.035663795483787911 -0.19662784476854542 -0.00040495463317711259 0.0079903299572265506
leaf_weight=29.173200130462646 28.200760126113892 27.228320121765137 28.200760126113892 26.255880117416382 33.062960147857666 28.200760126113892 32.090520143508911 33.062960147857666 27.228320121765137 44.732240200042725
leaf_count=30 29 28 29 27 34 29 33 34 28 46
internal_value=-0.00244957 0.00862069 -0.00467128 -0.0089404 0 0.00480769 -0.00491803 -0.00955056 -0.016129 0.0113333
internal_weight=337.437 56.4015 281.035 146.838 134.197 101.134 118.638 86.5472 60.2913 72.933
internal_count=347 58 289 151 138 104 122 89 62 75
is_linear=0
shrinkage=0.05


Tree=361
num_leaves=11
num_cat=0
split_feature=6 22 26 24 22 14 16 11 24 24
split_gain=4.34277 2.74144 2.64622 3.29006 3.80188 3.44416 3.00106 1.56143 4.16348 1.29659
threshold=1.5000000000000002 0.062605503892896819 2565.0000000000005 0.484434726271461 0.023000324407029003 4085.0000000000005 2050.0000000000005 1095.0000000000002 0.032029478458049855 0.40019692087361264
decision_type=2 2 2 2 2 2 2 2 2 2
left_child=1 2 3 4 5 6 7 8 -1 -6
right_child=-2 -3 -4 -5 9 -7 -8 -9 -10 -11
leaf_value=0.059993386241296777 1.4438161696281442 -0.28774695016011265 -0.010467848733014762 0.028365729794586514 -0.054852109480054881 -0.1005624655491829 0.033513994838381224 -0.081584892176147158 -0.014847108114940966 -0.012970165472916052
leaf_weight=43.75980019569397 33.062960147857666 23.338560104370117 27.228320121765137 44.732240200042725 23.338560104370117 24.311000108718872 35.980280160903931 40.842480182647705 26.255880117416382 23.338560104370117
leaf_count=45 34 24 28 46 24 25 37 42 27 24
internal_value=-0.00252809 -0.00434783 -0.00302013 -0.00148148 -0.00401786 -0.000568182 0.00231788 -0.00175439 0.00277778 -0.0166667
internal_weight=346.189 313.126 289.787 262.559 217.827 171.149 146.838 110.858 70.0157 46.6771
internal_count=356 322 298 270 224 176 151 114 72 48
is_linear=0
shrinkage=0.05


Tree=362
num_leaves=11
num_cat=0
split_feature=26 24 18 18 24 30 27 18 15 11
split_gain=3.6863 2.18251 4.57722 4.33265 2.79355 1.81522 3.77898 3.34625 1.70395 2.04262
threshold=2290.0000000000005 0.59041123596379663 0.14557823129251699 0.58940926798069671 0.059867602955160505 0.16258680081917418 955.00000000000011 0.27746994573345846 41.250000000000007 1775.0000000000002
decision_type=2 2 2 2 2 2 2 2 2 2
left_child=1 3 -3 5 8 -1 -7 -8 -5 -10
right_child=-2 2 -4 4 -6 6 7 -9 9 -11
leaf_value=-0.052109504006057253 -0.018960254946000534 -0.010947551156732516 0.19763847395092854 0.048481143239177987 0.29893843283939531 -0.10639850086779462 -0.011070971728622682 0.073953551019599217 0.0046974478348033701 -0.095534342271730577
leaf_weight=34.035400152206421 35.980280160903931 24.311000108718872 23.338560104370117 45.704680204391479 25.283440113067627 38.897600173950195 31.118080139160156 32.090520143508911 25.283440113067627 23.338560104370117
leaf_count=35 37 25 24 47 26 40 32 33 26 24
internal_value=-0.00243553 -0.000641026 0.00918367 -0.00247148 0.00447154 -0.00857143 -0.0052381 0.00230769 0.000515464 -0.006
internal_weight=339.382 303.401 47.6496 255.752 119.61 136.142 102.106 63.2086 94.3267 48.622
internal_count=349 312 49 263 123 140 105 65 97 50
is_linear=0
shrinkage=0.05


Tree=363
num_leaves=11
num_cat=0
split_feature=28 30 20 23 27 27 24 26 22 15
split_gain=2.2363 3.17211 6.2607 2.57259 5.92477 4.45833 2.13416 3.86767 2.04262 1.31717
threshold=3.5000000000000004 0.15539210388166627 0.19543272864701433 0.24912187097061048 605.00000000000011 1140.0000000000002 0.40606725146198835 1525.0000000000002 0.0091870218023034512 311.25000000000006
decision_type=2 2 2 2 2 2 2 2 2 2
left_child=1 2 -1 9 -5 8 7 -7 -6 -3
right_child=-2 3 -4 4 5 6 -8 -9 -10 -11
leaf_value=0.36742065374010058 0.046057086077212261 0.21284538603360945 -0.048760161307609455 -1.8480777383298119 -0.057500614481909906 -0.16512783270413822 0.0044911424476140388 -0.0041113012322057333 0.075152381547400185 -0.0021384520889569103
leaf_weight=23.338560104370117 44.732240200042725 26.255880117416382 33.062960147857666 39.87004017829895 25.283440113067627 30.145640134811401 23.338560104370117 33.062960147857666 23.338560104370117 35.007840156555176
leaf_count=24 46 27 34 41 26 31 24 34 24 36
internal_value=-0.00389049 -0.00548173 0.00517241 -0.00802469 -0.0111111 -0.00611511 -0.0129213 -0.0176923 0.006 0.000793651
internal_weight=337.437 292.704 56.4015 236.303 175.039 135.169 86.5472 63.2086 48.622 61.2637
internal_count=347 301 58 243 180 139 89 65 50 63
is_linear=0
shrinkage=0.05


Tree=364
num_leaves=11
num_cat=0
split_feature=24 26 11 16 22 27 30 29 22 24
split_gain=6.05652 2.66212 3.86753 4.55499 3.73417 3.49141 5.02597 2.38845 2.96486 2.04262
threshold=0.026109594580932104 2050.0000000000005 2175.0000000000005 4645.0000000000009 0.018329943520460402 1005.0000000000001 0.22826267681060722 0.019965903494125803 0.0043788745560072511 0.44225785552316166
decision_type=2 2 2 2 2 2 2 2 2 2
left_child=7 2 4 5 -2 -4 -7 8 -1 -6
right_child=1 -3 3 -5 9 6 -8 -9 -10 -11
leaf_value=-0.085756935655172131 0.26968679752686742 -0.014315089312333384 -0.9871291219099021 0.016858722589586251 -0.022400964764244691 -0.058659550039806163 0.0059561097631330995 0.053259157584216156 0.1709066043657913 0.022653120453162503
leaf_weight=43.75980019569397 24.311000108718872 23.338560104370117 37.92516016960144 28.200760126113892 23.338560104370117 30.145640134811401 28.200760126113892 36.952720165252686 24.311000108718872 25.283440113067627
leaf_count=45 25 24 39 29 24 31 29 38 25 26
internal_value=-0.00432836 -0.00903084 -0.00714286 -0.0125 0.002 -0.0176768 -0.01 0.00555556 0 -0.006
internal_weight=325.767 220.744 197.405 124.472 72.933 96.2716 58.3464 105.024 68.0708 48.622
internal_count=335 227 203 128 75 99 60 108 70 50
is_linear=0
shrinkage=0.05


Tree=365
num_leaves=10
num_cat=0
split_feature=24 22 14 15 15 30 24 16 11
split_gain=3.80655 5.21341 1.94257 5.21312 5.59847 1.87643 2.16464 2.13701 3.71998
threshold=0.59041123596379663 0.04494343915884691 4051.2500000000005 202.50000000000003 108.75000000000001 0.22138660717042893 0.028231292517006755 1155.0000000000002 1615.0000000000002
decision_type=2 2 2 2 2 2 2 2 2
left_child=1 2 3 4 5 7 -7 -1 -9
right_child=-2 -3 -4 -5 -6 6 -8 8 -10
leaf_value=1.0275851550996664 0.18673081683516557 -0.18290084343991567 -0.0078330079101306179 0.031649200026959083 -0.12943793884940077 0.015803151069053455 -0.018658874598463628 -0.30184860925287471 0.074327739972022758
leaf_weight=27.228320121765137 42.787360191345215 23.338560104370117 43.75980019569397 41.81492018699646 23.338560104370117 37.92516016960144 36.952720165252686 24.311000108718872 33.062960147857666
leaf_count=28 44 24 45 43 24 39 38 25 34
internal_value=-0.000290698 -0.00233333 -0.000362319 0.00151515 -0.00212766 0.00121951 -0.00454545 0.00632184 0.000847458
internal_weight=334.519 291.732 268.393 224.634 182.819 159.48 74.8779 84.6023 57.374
internal_count=344 300 276 231 188 164 77 87 59
is_linear=0
shrinkage=0.05


Tree=366
num_leaves=11
num_cat=0
split_feature=20 20 20 20 29 29 30 16 30 11
split_gain=2.93273 4.65506 6.38296 4.31698 2.81871 6.55749 5.4307 2.40438 2.22504 3.33408
threshold=0.48676587301587299 0.4413818102998775 0.41742793967941572 0.51920912247040063 0.017379973997757755 0.016022851403207004 0.22138660717042893 1165.0000000000002 0.17047837502157262 2740.0000000000005
decision_type=2 2 2 2 2 2 2 2 2 2
left_child=1 2 4 -2 5 8 -6 -8 9 -1
right_child=3 -3 -4 -5 6 -7 7 -9 -10 -11
leaf_value=-0.21257254787972216 -0.30827093918187531 0.043201873107796024 -0.17324177756254358 0.0054047759178502026 0.11092575427014709 -0.19899744615765941 -0.04981418390933641 0.063287787109265997 0.48102412077139434 0.26483706901381082
leaf_weight=31.118080139160156 34.035400152206421 39.87004017829895 23.338560104370117 26.255880117416382 29.173200130462646 24.311000108718872 35.007840156555176 40.842480182647705 23.338560104370117 23.338560104370117
leaf_count=32 35 41 24 27 30 25 36 42 24 24
internal_value=0.000294118 0.00251799 -0.00021097 -0.00967742 0.00258216 -0.00333333 0.00833333 0.00128205 0.00375 -0.00178571
internal_weight=330.63 270.338 230.468 60.2913 207.13 102.106 105.024 75.8503 77.7952 54.4566
internal_count=340 278 237 62 213 105 108 78 80 56
is_linear=0
shrinkage=0.05


Tree=367
num_leaves=11
num_cat=0
split_feature=24 24 25 29 29 29 11 11 29 30
split_gain=2.25265 3.67344 4.24687 3.71155 2.59332 4.43721 1.93954 1.70504 1.63234 4.04631
threshold=0.026109594580932104 0.43316056581362705 595.00000000000011 0.013291492569138601 0.015955159499210305 0.022084057524349752 2195.0000000000005 3085.0000000000005 0.014809731492041503 0.22620005483313388
decision_type=2 2 2 2 2 2 2 2 2 2
left_child=8 3 -3 -2 -5 6 -6 -4 -1 -10
right_child=1 2 7 4 5 -7 -8 -9 9 -11
leaf_value=-0.028892240770869649 0.13934635545792845 0.11534066694076728 0.013196122519934761 -0.038860225622124746 0.090949967250389827 -0.047130600109176163 -0.0080298561790186802 -0.0061477960413640178 0.16406182578950848 0.012255028161121118
leaf_weight=31.118080139160156 24.311000108718872 36.952720165252686 24.311000108718872 24.311000108718872 23.338560104370117 34.035400152206421 27.228320121765137 28.200760126113892 33.062960147857666 40.842480182647705
leaf_count=32 25 38 25 25 24 35 28 29 34 42
internal_value=0.000445104 -0.00240175 0.00543478 -0.00766423 -0.0116071 -0.00747126 0.00192308 -0.0037037 0.00648148 0.0105263
internal_weight=327.712 222.689 89.4645 133.224 108.913 84.6023 50.5669 52.5118 105.024 73.9054
internal_count=337 229 92 137 112 87 52 54 108 76
is_linear=0
shrinkage=0.05


Tree=368
num_leaves=10
num_cat=0
split_feature=27 27 22 22 15 15 27 22 11
split_gain=4.98318 3.07364 1.96824 3.02698 4.01838 1.79316 3.92505 2.43634 2.13339
threshold=2525.0000000000005 2985.0000000000005 0.050734318589089257 0.023334787868018101 326.25000000000006 33.750000000000007 545.00000000000011 0.0071485134479409513 2325.0000000000005
decision_type=2 2 2 2 2 2 2 2 2
left_child=2 -2 3 5 -5 6 -1 -7 -9
right_child=1 -3 -4 4 -6 7 -8 8 -10
leaf_value=-0.0041792813078700419 -0.038932401468821355 -0.0044299724805000554 0.41196258534323538 -0.10614617531855403 0.0044747309959802806 -0.079589722577702568 0.17558358761590398 0.12202351574845807 -0.044774070103721898
leaf_weight=35.980280160903931 32.090520143508911 29.173200130462646 39.87004017829895 36.952720165252686 33.062960147857666 39.87004017829895 26.255880117416382 32.090520143508911 24.311000108718872
leaf_count=37 33 30 41 38 34 41 27 33 25
internal_value=-0.00221239 -0.0150794 0.000724638 -0.00106383 -0.00972222 0.00276074 0.009375 -0.00151515 0.00517241
internal_weight=329.657 61.2637 268.393 228.523 70.0157 158.508 62.2362 96.2716 56.4015
internal_count=339 63 276 235 72 163 64 99 58
is_linear=0
shrinkage=0.05


Tree=369
num_leaves=11
num_cat=0
split_feature=24 16 29 22 11 14 15 14 15 14
split_gain=3.03761 4.17003 7.16956 3.96765 3.26079 4.90714 3.87577 3.42708 3.27534 1.34208
threshold=0.021134949706378203 2050.0000000000005 0.017635136160266001 0.0091870218023034512 2175.0000000000005 1183.7500000000002 326.25000000000006 2003.7500000000002 116.25000000000001 4106.2500000000009
decision_type=2 2 2 2 2 2 2 2 2 2
left_child=1 2 -1 -2 5 -5 8 -7 -6 -8
right_child=3 -3 -4 4 6 7 9 -9 -10 -11
leaf_value=-0.28102991164294056 -0.079583217955280366 0.45274930957223208 0.047090353465307544 -0.031542954721828664 -0.0094085580054752427 0.19100395649051052 -0.020933686598937129 0.00022605986166581717 -0.099888656176449334 0.1404123215165555
leaf_weight=29.173200130462646 35.980280160903931 30.145640134811401 36.952720165252686 28.200760126113892 26.255880117416382 28.200760126113892 33.062960147857666 30.145640134811401 25.283440113067627 26.255880117416382
leaf_count=30 37 31 38 29 27 29 34 31 26 27
internal_value=-0.0019174 0.00555556 -0.00147059 -0.005 -0.00221675 0.00505618 -0.00789474 0.0133333 -0.0179245 0.000819672
internal_weight=329.657 96.2716 66.1259 233.386 197.405 86.5472 110.858 58.3464 51.5393 59.3188
internal_count=339 99 68 240 203 89 114 60 53 61
is_linear=0
shrinkage=0.05


Tree=370
num_leaves=12
num_cat=0
split_feature=27 27 18 22 22 15 11 25 30 26 20
split_gain=7.13817 3.66535 1.88485 5.07535 2.98415 1.63346 3.79409 2.14122 2.03178 2.99905 0.682703
threshold=2565.0000000000005 3005.0000000000005 0.8595049130763418 0.0076578949043810008 0.0023753948423486005 326.25000000000006 3055.0000000000005 995.00000000000011 0.24233497676656207 965.00000000000011 0.42778400606362271
decision_type=2 2 2 2 2 2 2 2 2 2 2
left_child=2 -2 3 -1 -4 6 8 -7 9 10 -5
right_child=1 -3 4 5 -6 7 -8 -9 -10 -11 -12
leaf_value=-0.1199732369649837 -0.091066612266217817 -0.0038070751761324576 -0.020593933506506804 -0.04206493869826318 0.19608392348213785 0.1332019854652117 -0.080082186393588023 -0.019887002268978906 -0.021489866342892586 0.10533074453513791 0.20959525589137229
leaf_weight=23.338560104370117 25.283440113067627 25.283440113067627 36.952720165252686 25.283440113067627 28.200760126113892 24.311000108718872 26.255880117416382 34.035400152206421 27.228320121765137 25.283440113067627 23.338560104370117
leaf_count=24 26 26 38 26 29 25 27 35 28 26 24
internal_value=-0.00389222 -0.0211538 -0.00070922 -0.00302326 0.00671642 -0.00026178 -0.00343511 0.00666667 0.000961538 0.00526316 -0.002
internal_weight=324.795 50.5669 274.228 209.075 65.1535 185.736 127.39 58.3464 101.134 73.9054 48.622
internal_count=334 52 282 215 67 191 131 60 104 76 50
is_linear=0
shrinkage=0.05


Tree=371
num_leaves=12
num_cat=0
split_feature=27 11 14 25 29 29 11 11 15 16 18
split_gain=4.74413 5.69353 3.29746 3.07942 2.9939 2.78749 5.48118 3.25939 2.55269 2.39219 1.08473
threshold=2565.0000000000005 3645.0000000000005 2150.0000000000005 1035.0000000000002 0.016096101144398352 0.013156536231012402 1165.0000000000002 1055.0000000000002 63.750000000000007 3155.0000000000005 0.87107898715041587
decision_type=2 2 2 2 2 2 2 2 2 2 2
left_child=1 2 5 -3 -2 -1 7 -7 -4 -10 -9
right_child=4 3 8 -5 -6 6 -8 10 9 -11 -12
leaf_value=-0.57754217600219138 -0.0014077958589950867 4.1140398962852034 -0.062654337914523239 0.0023429459637782203 -0.63536263488654188 0.029297987874940645 0.46521893172503043 -0.11397457511673111 0.0096117555965065556 -0.19666870946714426 -0.0093586336731277704
leaf_weight=26.255880117416382 23.338560104370117 25.283440113067627 23.338560104370117 24.311000108718872 27.228320121765137 26.255880117416382 24.311000108718872 23.338560104370117 40.842480182647705 43.75980019569397 26.255880117416382
leaf_count=27 24 26 24 25 28 27 25 24 42 45 27
internal_value=-0.00319767 -0.000684932 -0.00394191 0.0147059 -0.0173077 0.00153846 0.00533981 -0.00128205 -0.0103604 -0.00632184 -0.00882353
internal_weight=334.519 283.952 234.358 49.5944 50.5669 126.417 100.161 75.8503 107.941 84.6023 49.5944
internal_count=344 292 241 51 52 130 103 78 111 87 51
is_linear=0
shrinkage=0.05


Tree=372
num_leaves=10
num_cat=0
split_feature=11 29 15 15 29 23 14 22 22
split_gain=3.71432 3.14306 4.98417 4.22968 4.04756 3.78352 2.63883 1.8388 1.60286
threshold=1095.0000000000002 0.022084057524349752 326.25000000000006 116.25000000000001 0.017818770943145806 0.21167620487348379 1100.0000000000002 0.027390058112866954 0.0080532382495098528
decision_type=2 2 2 2 2 2 2 2 2
left_child=6 3 -3 4 -2 -5 -1 -7 -8
right_child=1 2 -4 5 -6 7 8 -9 -10
leaf_value=-0.090017357333533721 -0.016285176004043934 -0.081056678574577753 0.035872951970668511 0.008348297356928925 0.064401107746084568 -0.16407818307716299 0.084511554882089973 -0.11106066711101903 0.00053997461516246408
leaf_weight=24.311000108718872 45.704680204391479 34.035400152206421 23.338560104370117 24.311000108718872 33.062960147857666 43.75980019569397 35.007840156555176 32.090520143508911 34.035400152206421
leaf_count=25 47 35 24 25 34 45 36 33 35
internal_value=-0.00427729 -0.00761317 -0.0177966 -0.00434783 0.00432099 -0.011165 0.00416667 -0.0166667 0.00915493
internal_weight=329.657 236.303 57.374 178.929 78.7676 100.161 93.3542 75.8503 69.0432
internal_count=339 243 59 184 81 103 96 78 71
is_linear=0
shrinkage=0.05


Tree=373
num_leaves=11
num_cat=0
split_feature=20 20 20 20 15 14 18 26 18 18
split_gain=2.62562 6.76181 4.24197 1.37575 3.34336 5.04334 3.02488 1.89824 3.13517 2.11741
threshold=0.48676587301587299 0.46145076376803956 0.51650295617305308 0.41742793967941572 176.25000000000003 3785.0000000000005 0.48242630385487534 1.0000000180025095e-35 0.83947322518751111 0.95597127739984888
decision_type=2 2 2 2 2 2 2 2 2 2
left_child=1 3 -2 4 6 -6 -1 -8 -9 -10
right_child=2 -3 -4 -5 5 -7 7 8 9 -11
leaf_value=-0.18128224063823384 -0.28841723818875381 0.048063385894579369 0.0079308824890858883 -0.041771961792437654 0.18217479438733336 -0.0034696272281053101 1.8987724676916855 0.052683480090092875 -0.094015148257744846 0.0029794536484359924
leaf_weight=29.173200130462646 31.118080139160156 25.283440113067627 24.311000108718872 37.92516016960144 26.255880117416382 23.338560104370117 35.007840156555176 41.81492018699646 31.118080139160156 29.173200130462646
leaf_count=30 32 26 25 39 27 24 36 43 32 30
internal_value=0.000290698 0.00226481 -0.00964912 -0.000191571 0.00135135 0.0127451 -0.00204678 0.00106383 -0.00238095 -0.00967742
internal_weight=334.519 279.09 55.4291 253.807 215.882 49.5944 166.287 137.114 102.106 60.2913
internal_count=344 287 57 261 222 51 171 141 105 62
is_linear=0
shrinkage=0.05


Tree=374
num_leaves=11
num_cat=0
split_feature=14 16 28 29 29 18 16 15 27 22
split_gain=1.79301 5.05673 3.93082 3.84356 3.36158 4.14848 2.41794 1.5958 1.38156 0.931737
threshold=2003.7500000000002 2745.0000000000005 2.5000000000000004 0.018384441387896706 0.017379973997757755 0.6723356009070296 4185.0000000000009 71.250000000000014 425.00000000000006 0.0036613654657826002
decision_type=2 2 2 2 2 2 2 2 2 2
left_child=4 7 3 6 8 -6 -3 -2 -1 -7
right_child=1 2 -4 -5 5 9 -8 -9 -10 -11
leaf_value=0.07879544107545372 -0.1382074784382894 0.076104809284834124 0.22477747749419452 -0.058102961094596145 0.038364272683907075 0.041858913724490777 -0.026326107169575154 -0.026539375142124302 -0.033589249917031341 -0.043561190639798048
leaf_weight=32.090520143508911 26.255880117416382 31.118080139160156 26.255880117416382 38.897600173950195 24.311000108718872 23.338560104370117 39.87004017829895 24.311000108718872 38.897600173950195 28.200760126113892
leaf_count=33 27 32 27 40 25 24 41 25 40 29
internal_value=-0.00247813 -0.00572917 -0.000714286 -0.00486726 0.00165563 0.00897436 0.00205479 -0.0192308 -0.00616438 0.000943396
internal_weight=333.547 186.708 136.142 109.886 146.838 75.8503 70.9881 50.5669 70.9881 51.5393
internal_count=343 192 140 113 151 78 73 52 73 53
is_linear=0
shrinkage=0.05


Tree=375
num_leaves=11
num_cat=0
split_feature=11 15 18 29 30 29 30 29 30 22
split_gain=2.51666 1.90193 3.67622 3.12401 3.66535 3.12146 3.81464 3.06887 3.19136 1.59362
threshold=1045.0000000000002 33.750000000000007 0.19004787100025192 0.014809731492041503 0.23135885341074022 0.018384441387896706 0.24881711814353533 0.017330245091656305 0.17833928115472927 0.022365207917205452
decision_type=2 2 2 2 2 2 2 2 2 2
left_child=-1 3 -3 -2 -5 7 9 8 -4 -7
right_child=1 2 5 4 -6 6 -8 -9 -10 -11
leaf_value=0.036446059049717407 -0.98614161573144665 0.0282018940333046 0.002961056104186355 0.44727944856617796 -0.021963423429065189 -0.26322201188659167 -0.0097097749912563817 0.49425470258515819 -0.084288249695316619 -0.050618634706552257
leaf_weight=34.035400152206421 23.338560104370117 33.062960147857666 45.704680204391479 25.283440113067627 25.283440113067627 24.311000108718872 33.062960147857666 23.338560104370117 39.87004017829895 29.173200130462646
leaf_count=35 24 34 47 26 26 25 34 24 41 30
internal_value=-0.00289017 -0.00434084 -0.00659574 0.00263158 0.00961538 -0.00920398 -0.0162921 -0.00357143 -0.00795455 -0.0245455
internal_weight=336.464 302.429 228.523 73.9054 50.5669 195.46 86.5472 108.913 85.5747 53.4842
internal_count=346 311 235 76 52 201 89 112 88 55
is_linear=0
shrinkage=0.05


Tree=376
num_leaves=10
num_cat=0
split_feature=22 29 27 27 27 16 22 15 29
split_gain=4.0949 8.62146 2.3365 3.77918 3.34844 4.30022 2.36995 3.25049 2.31299
threshold=0.0036613654657826002 0.020212162352347653 2985.0000000000005 2525.0000000000005 995.00000000000011 2075.0000000000005 0.013194454440123802 251.25000000000003 0.019032712606033005
decision_type=2 2 2 2 2 2 2 2 2
left_child=1 -1 3 4 5 -2 -6 -8 -7
right_child=2 -3 -4 -5 6 8 7 -9 -10
leaf_value=-0.02162643714850674 0.00190414302823001 0.42469166927843394 0.034623756097232672 -0.025157854616304577 0.072229106066004078 -0.070350224623871332 -0.012077100154965593 0.0458149848979474 -0.25006091129225755
leaf_weight=40.842480182647705 44.732240200042725 23.338560104370117 26.255880117416382 29.173200130462646 32.090520143508911 32.090520143508911 38.897600173950195 33.062960147857666 39.87004017829895
leaf_count=42 46 24 27 30 33 33 40 34 41
internal_value=-0.00228571 0.00909091 -0.00492958 -0.00642023 -0.00418502 -0.01 0.00233645 -0.0027027 -0.0175676
internal_weight=340.354 64.181 276.173 249.917 220.744 116.693 104.051 71.9606 71.9606
internal_count=350 66 284 257 227 120 107 74 74
is_linear=0
shrinkage=0.05


Tree=377
num_leaves=10
num_cat=0
split_feature=6 14 17 25 15 11 24 14 24
split_gain=2.0266 1.50908 4.14663 3.04037 2.40081 3.07131 1.93138 2.94436 2.89078
threshold=1.5000000000000002 4051.2500000000005 78.750000000000014 2495.0000000000005 116.25000000000001 2175.0000000000005 0.0061980347694633011 1131.2500000000002 0.11483641075477806
decision_type=2 2 2 2 2 2 2 2 2
left_child=1 2 4 -3 5 6 7 -1 -8
right_child=-2 3 -4 -5 -6 -7 8 -9 -10
leaf_value=-0.019349025797305332 0.22463155448242561 -0.20289113985240875 0.13867081767050424 -0.0084644806815504132 -0.012036458501938796 0.041860879441105683 0.016362420774601105 -0.13216511548055224 -0.038869352556025666
leaf_weight=26.255880117416382 33.062960147857666 26.255880117416382 38.897600173950195 34.035400152206421 37.92516016960144 26.255880117416382 45.704680204391479 24.311000108718872 39.87004017829895
leaf_count=27 34 27 40 35 39 27 47 25 41
internal_value=-0.00292398 -0.00422078 -0.00243902 -0.0112903 -0.00533981 -0.00269461 -0.00571429 -0.0134615 -0.00113636
internal_weight=332.574 299.512 239.22 60.2913 200.323 162.397 136.142 50.5669 85.5747
internal_count=342 308 246 62 206 167 140 52 88
is_linear=0
shrinkage=0.05


Tree=378
num_leaves=11
num_cat=0
split_feature=25 18 24 27 14 18 18 18 22 27
split_gain=1.71607 6.89404 5.57591 4.20751 3.2015 3.19584 2.1748 3.81196 1.63146 1.45693
threshold=495.00000000000006 0.26378652332664076 0.40019692087361264 995.00000000000011 2947.5000000000005 0.83947322518751111 0.26722096245905774 0.19004787100025192 0.0016649005454503502 1035.0000000000002
decision_type=2 2 2 2 2 2 2 2 2 2
left_child=1 -1 4 -2 5 9 7 -5 -7 -3
right_child=3 2 -4 6 -6 8 -8 -9 -10 -11
leaf_value=0.43037645499684918 -0.12555685970653485 -0.035315314079832662 -0.21345504075825375 0.00045147798789457738 0.062493769179991436 -0.013936859517070844 0.0093461049882989766 -0.1225484899418916 -0.078404807060564963 0.033494391217459452
leaf_weight=24.311000108718872 37.92516016960144 31.118080139160156 23.338560104370117 24.311000108718872 26.255880117416382 23.338560104370117 45.704680204391479 24.311000108718872 36.952720165252686 33.062960147857666
leaf_count=25 39 32 24 25 27 24 47 25 38 34
internal_value=-0.00588235 -0.00294118 -0.00642458 -0.0102941 -0.00290323 -0.00625 -0.00463918 -0.012 -0.0145161 0.00151515
internal_weight=330.63 198.378 174.067 132.252 150.728 124.472 94.3267 48.622 60.2913 64.181
internal_count=340 204 179 136 155 128 97 50 62 66
is_linear=0
shrinkage=0.05


Tree=379
num_leaves=11
num_cat=0
split_feature=27 27 20 20 15 30 30 29 15 20
split_gain=1.73772 3.93002 2.65772 5.16827 2.99107 3.72555 3.4342 3.33828 2.75881 2.56724
threshold=2985.0000000000005 2535.0000000000005 0.48676587301587299 0.44400505050505051 41.250000000000007 0.24197731265755099 0.22278277737562743 0.018334733168927555 176.25000000000003 0.51920912247040063
decision_type=2 2 2 2 2 2 2 2 2 2
left_child=1 2 3 4 7 6 8 -1 -6 -4
right_child=-2 -3 9 -5 5 -7 -8 -9 -10 -11
leaf_value=-0.013240016541226397 0.038390253527677491 -0.023944043100823365 -0.18292526184277449 0.042718119266623944 -0.11763128384850462 -0.051389920189285482 0.076300014880303024 0.070269417803137918 0.1028734091259139 0.00042890408849416417
leaf_weight=33.062960147857666 34.035400152206421 31.118080139160156 29.173200130462646 28.200760126113892 44.732240200042725 32.090520143508911 23.338560104370117 32.090520143508911 27.228320121765137 24.311000108718872
leaf_count=34 35 32 30 29 46 33 24 33 28 25
internal_value=-0.000716332 -0.00191083 0 0.00242291 -0.000505051 -0.00496183 0 0.00820896 -0.00540541 -0.01
internal_weight=339.382 305.346 274.228 220.744 192.543 127.39 95.2991 65.1535 71.9606 53.4842
internal_count=349 314 282 227 198 131 98 67 74 55
is_linear=0
shrinkage=0.05


Tree=380
num_leaves=11
num_cat=0
split_feature=12 25 30 14 18 26 27 20 26 18
split_gain=3.7999 2.45113 2.59541 4.67519 3.42999 2.62896 3.86095 2.54301 2.05081 1.91964
threshold=1055.0000000000002 1055.0000000000002 0.19378030139270608 3556.2500000000005 0.61628401360544227 90.000000000000128 955.00000000000011 0.46026141650587077 2290.0000000000005 0.43003210673940945
decision_type=2 2 2 2 2 2 2 2 2 2
left_child=8 2 4 5 -2 -4 -7 9 -1 -3
right_child=1 7 3 -5 -6 6 -8 -9 -10 -11
leaf_value=0.13094435778567687 -0.01204972063491141 -0.022746840945774241 -1.903805010453766 0.21965637453920409 0.29594220616852457 0.01148695202118688 -0.073450318485879504 0.036470740851291338 0.029900158980194647 0.0037351292825860585
leaf_weight=26.255880117416382 37.92516016960144 24.311000108718872 28.200760126113892 25.283440113067627 27.228320121765137 27.228320121765137 45.704680204391479 30.145640134811401 23.338560104370117 28.200760126113892
leaf_count=27 39 25 29 26 28 28 47 31 24 29
internal_value=-0.00195195 -0.00425532 -0.00736041 -0.0115385 0.000746269 -0.0163462 -0.0113333 0.00294118 0.0107843 -0.0037037
internal_weight=323.823 274.228 191.571 126.417 65.1535 101.134 72.933 82.6574 49.5944 52.5118
internal_count=333 282 197 130 67 104 75 85 51 54
is_linear=0
shrinkage=0.05


Tree=381
num_leaves=9
num_cat=0
split_feature=28 18 24 25 18 14 29 29
split_gain=4.29774 4.16488 4.91992 3.25855 2.89472 3.03944 2.26903 4.6955
threshold=3.5000000000000004 0.27746994573345846 0.59041123596379663 935.00000000000011 0.90720126434412152 3123.7500000000005 0.022109357657575452 0.016408817162170204
decision_type=2 2 2 2 2 2 2 2
left_child=1 2 -1 4 5 6 7 -3
right_child=-2 3 -4 -5 -6 -7 -8 -9
leaf_value=-0.091279836621993127 0.070428462837276135 -0.011447234603167544 0.016715592787613788 0.14480948398613691 -0.068242554773792111 -0.19857653811091042 -0.037235196392737181 0.039576873574219462
leaf_weight=43.75980019569397 43.75980019569397 43.75980019569397 33.062960147857666 42.787360191345215 39.87004017829895 23.338560104370117 24.311000108718872 34.035400152206421
leaf_count=45 45 45 34 44 41 24 25 35
internal_value=-0.00236686 -0.00460751 -0.014557 -0.000934579 -0.00411765 -0.000387597 0.00333333 0.0075
internal_weight=328.685 284.925 76.8228 208.102 165.315 125.445 102.106 77.7952
internal_count=338 293 79 214 170 129 105 80
is_linear=0
shrinkage=0.05


Tree=382
num_leaves=12
num_cat=0
split_feature=18 18 18 30 24 16 16 16 18 24 18
split_gain=4.45335 2.30821 2.23812 2.02592 2.00657 1.83398 3.9515 1.13325 1.7568 3.70089 0.781941
threshold=0.19004787100025192 0.13663076341647773 0.26722096245905774 0.22620005483313388 0.39176602540657846 4000.0000000000009 3145.0000000000005 1215.0000000000002 0.90720126434412152 0.051123479694908207 0.74717878493388701
decision_type=2 2 2 2 2 2 2 2 2 2 2
left_child=1 -1 3 -2 5 6 7 8 9 -4 -9
right_child=2 -3 4 -5 -6 -7 -8 10 -10 -11 -12
leaf_value=0.0073911812782625937 -0.29249082154240114 0.17802876668411047 0.14845542389427921 -0.033500822962582791 0.019759021213394592 -0.028849973097794648 0.35185216658558149 -0.012240152344634226 -0.063298888239455661 -0.010467033048200847 -0.10220904210738127
leaf_weight=23.338560104370117 23.338560104370117 27.228320121765137 24.311000108718872 23.338560104370117 33.062960147857666 31.118080139160156 23.338560104370117 26.255880117416382 36.952720165252686 28.200760126113892 24.311000108718872
leaf_count=24 24 28 25 24 34 32 24 27 38 29 25
internal_value=-0.00209581 0.0115385 -0.00460993 -0.0145833 -0.0025641 -0.0045 -0.00238095 -0.00555556 -0.00217391 0.0037037 -0.0115385
internal_weight=324.795 50.5669 274.228 46.6771 227.551 194.488 163.37 140.031 89.4645 52.5118 50.5669
internal_count=334 52 282 48 234 200 168 144 92 54 52
is_linear=0
shrinkage=0.05


Tree=383
num_leaves=11
num_cat=0
split_feature=22 25 22 18 16 29 25 18 14 16
split_gain=3.0751 3.14281 2.69506 3.1177 3.03074 1.95251 1.80882 2.52135 3.40759 1.63382
threshold=0.060302239307237958 130.00000000000003 0.033145205455080907 0.48242630385487534 1135.0000000000002 0.015984265375215453 935.00000000000011 0.22103318260377572 4591.2500000000009 1205.0000000000002
decision_type=2 2 2 2 2 2 2 2 2 2
left_child=1 2 3 -1 -5 -6 -3 -8 -9 -7
right_child=-2 6 -4 4 5 9 7 8 -10 -11
leaf_value=-0.072091303713773411 0.10610767248313097 -0.12177780624890602 0.01877107015272941 -0.034850084920697098 -0.0007580275422924388 0.14896887496749969 -0.081445897854882793 0.034689100461309866 -0.017546954086401455 0.022341736617056542
leaf_weight=32.090520143508911 33.062960147857666 33.062960147857666 27.228320121765137 45.704680204391479 33.062960147857666 24.311000108718872 23.338560104370117 38.897600173950195 23.338560104370117 25.283440113067627
leaf_count=33 34 34 28 47 34 25 24 40 24 26
internal_value=-0.00272206 -0.00428571 -0.000259067 -0.00272727 0.000757576 0.00647059 -0.0106557 -0.00681818 -0.0015625 0.0127451
internal_weight=339.382 306.319 187.681 160.453 128.362 82.6574 118.638 85.5747 62.2362 49.5944
internal_count=349 315 193 165 132 85 122 88 64 51
is_linear=0
shrinkage=0.05


Tree=384
num_leaves=12
num_cat=0
split_feature=20 20 15 11 30 27 27 14 14 19 11
split_gain=2.9819 4.23203 3.21007 1.32715 1.97915 1.55949 3.32258 2.9819 3.89878 1.30019 0.797899
threshold=0.48964011908618327 0.45114007066671463 776.25000000000011 1055.0000000000002 0.20992882067751598 130.00000000000003 655.00000000000011 1250.0000000000002 3146.2500000000005 0.5487481469762755 1095.0000000000002
decision_type=2 2 2 2 2 2 2 2 2 2 2
left_child=1 2 3 4 -1 -5 -7 10 -9 -2 -8
right_child=9 -3 -4 5 -6 6 7 8 -10 -11 -12
leaf_value=-0.0045816928020826712 -0.10673607246033044 0.04367023266222532 -0.015535458877502607 0.11149394656604272 0.19520228756158531 -0.037491281966413229 -0.0031229632665485951 0.012588660853168676 -0.018307783652358012 -0.0016812297688602485 -0.085270905698826033
leaf_weight=23.338560104370117 29.173200130462646 36.952720165252686 25.283440113067627 37.92516016960144 28.200760126113892 29.173200130462646 25.283440113067627 24.311000108718872 32.090520143508911 23.338560104370117 23.338560104370117
leaf_count=24 30 38 26 39 29 30 26 25 33 24 24
internal_value=-0.00201149 0 -0.00234375 -0.000434783 0.00660377 -0.00254237 -0.00507246 -0.000925926 0.00689655 -0.012963 -0.01
internal_weight=338.409 285.897 248.945 223.661 51.5393 172.122 134.197 105.024 56.4015 52.5118 48.622
internal_count=348 294 256 230 53 177 138 108 58 54 50
is_linear=0
shrinkage=0.05


Tree=385
num_leaves=11
num_cat=0
split_feature=25 18 18 11 24 29 29 27 14 30
split_gain=2.05055 4.47295 3.6321 5.56493 2.76047 2.54594 3.50723 2.08989 1.90622 3.48773
threshold=495.00000000000006 0.26378652332664076 0.35088340891912323 2045.0000000000002 1.0000000180025095e-35 0.021194751121882852 0.017379973997757755 1005.0000000000001 4551.2500000000009 0.23957871820334578
decision_type=2 2 2 2 2 2 2 2 2 2
left_child=1 -1 -3 4 -4 6 -6 -2 9 -9
right_child=7 2 3 -5 5 -7 -8 8 -10 -11
leaf_value=0.40926434652110405 -0.11893701985272856 -0.53557328027641238 -0.071104379229518608 0.059561210195624881 -0.0089812820628253579 -0.02840695552218904 0.090530442486340235 -0.028226540283367286 -0.015754217199446429 0.18818042121051803
leaf_weight=23.338560104370117 38.897600173950195 23.338560104370117 35.007840156555176 35.980280160903931 35.980280160903931 26.255880117416382 23.338560104370117 41.81492018699646 25.283440113067627 25.283440113067627
leaf_count=24 40 24 36 37 37 27 24 43 26 26
internal_value=-0.00290698 0.000239234 -0.00243243 0.000310559 -0.00483871 0 0.0057377 -0.00777778 -0.00368421 0.000724638
internal_weight=334.519 203.24 179.901 156.563 120.583 85.5747 59.3188 131.279 92.3818 67.0984
internal_count=344 209 185 161 124 88 61 135 95 69
is_linear=0
shrinkage=0.05


Tree=386
num_leaves=12
num_cat=0
split_feature=27 14 16 22 20 18 20 24 29 18 14
split_gain=1.99745 2.71603 4.02777 2.13787 1.61888 5.88042 4.03111 3.35275 2.6472 3.26848 2.02592
threshold=2565.0000000000005 4106.2500000000009 4000.0000000000009 0.018329943520460402 0.38182517049912484 0.48582766439909303 0.48964011908618327 0.077664399092970515 0.015242845585726453 0.8595049130763418 1133.7500000000002
decision_type=2 2 2 2 2 2 2 2 2 2 2
left_child=1 2 4 -2 5 -1 -6 8 -7 -10 -11
right_child=3 -3 -4 -5 6 7 -8 -9 9 10 -12
leaf_value=-0.14667724847124647 -0.056384675325557514 0.40501638831385667 -0.033804171962492545 0.0076766446729379829 0.050611186329319935 -0.93713596708830671 -0.083613152231123422 0.22291274405542938 -0.041447347276641726 0.033483838567155998 0.072631434514153173
leaf_weight=23.338560104370117 26.255880117416382 23.338560104370117 28.200760126113892 25.283440113067627 41.81492018699646 23.338560104370117 35.007840156555176 27.228320121765137 23.338560104370117 23.338560104370117 23.338560104370117
leaf_count=24 27 24 29 26 43 24 36 28 24 24 24
internal_value=-0.00135135 0.000357143 -0.00117188 -0.0103774 0.00110132 -0.00202703 0.00696203 0.00241935 -0.00208333 0.00277778 0.0104167
internal_weight=323.823 272.283 248.945 51.5393 220.744 143.921 76.8228 120.583 93.3542 70.0157 46.6771
internal_count=333 280 256 53 227 148 79 124 96 72 48
is_linear=0
shrinkage=0.05


Tree=387
num_leaves=12
num_cat=0
split_feature=18 14 15 25 25 30 30 26 30 24 20
split_gain=3.39181 3.33457 2.80063 2.2124 6.12138 1.87601 2.76675 2.89681 2.04972 1.89269 1.69488
threshold=0.19004787100025192 4551.2500000000009 296.25000000000006 935.00000000000011 130.00000000000003 0.25802222938475955 0.23135885341074022 1055.0000000000002 0.18077093205053862 0.016974408811143451 0.41742793967941572
decision_type=2 2 2 2 2 2 2 2 2 2 2
left_child=2 3 -1 4 5 6 7 9 -9 -2 -5
right_child=1 -3 -4 10 -6 -7 -8 8 -10 -11 -12
leaf_value=-0.014972417815465634 -0.010882209848477943 -0.15877622296084157 0.16122325831534001 0.38719648279445668 -0.34159454655193716 -0.024914240382247502 0.049136251421964518 -0.001980919811126114 -0.053565441559283049 0.056621733523172679 -0.0048957153767105414
leaf_weight=24.311000108718872 34.035400152206421 24.311000108718872 24.311000108718872 23.338560104370117 34.035400152206421 24.311000108718872 30.145640134811401 26.255880117416382 24.311000108718872 35.980280160903931 26.255880117416382
leaf_count=25 35 25 25 24 35 25 31 27 25 37 27
internal_value=-0.00219941 -0.00429553 0.01 -0.00263158 -0.00488372 -0.00111111 0.000967742 -0.00241935 -0.0115385 0.00416667 0.00686275
internal_weight=331.602 282.98 48.622 258.669 209.075 175.039 150.728 120.583 50.5669 70.0157 49.5944
internal_count=341 291 50 266 215 180 155 124 52 72 51
is_linear=0
shrinkage=0.05


Tree=388
num_leaves=12
num_cat=0
split_feature=28 20 11 27 16 27 14 11 29 14 24
split_gain=5.78381 3.51971 3.26926 3.15646 3.73059 3.81232 3.5707 2.55594 2.48734 2.53301 1.32908
threshold=2.5000000000000004 0.48964011908618327 2315.0000000000005 2985.0000000000005 4000.0000000000009 1140.0000000000002 1331.2500000000002 1095.0000000000002 0.013415371742551202 2613.7500000000005 0.032029478458049855
decision_type=2 2 2 2 2 2 2 2 2 2 2
left_child=3 2 -2 4 6 -6 7 10 -8 -10 -1
right_child=1 -3 -4 -5 5 -7 8 -9 9 -11 -12
leaf_value=0.053790646847016892 0.013675096254303298 -0.14845293471962578 4.7180811241782523 0.010332989894220646 -0.21724333438733084 -0.0065567955838787386 0.20893602017649757 -0.26236925113297505 0.10206138446419573 -0.013437011929227083 -0.03812926789369158
leaf_weight=33.062960147857666 36.952720165252686 27.228320121765137 23.338560104370117 28.200760126113892 25.283440113067627 33.062960147857666 25.283440113067627 24.311000108718872 25.283440113067627 27.228320121765137 30.145640134811401
leaf_count=34 38 28 24 29 26 34 26 25 26 28 31
internal_value=-0.00329513 0.00777778 0.0145161 -0.00714286 -0.00913043 -0.02 -0.00529412 -0.0122222 0.0025 -0.0037037 -0.00692308
internal_weight=339.382 87.5196 60.2913 251.862 223.661 58.3464 165.315 87.5196 77.7952 52.5118 63.2086
internal_count=349 90 62 259 230 60 170 90 80 54 65
is_linear=0
shrinkage=0.05


Tree=389
num_leaves=10
num_cat=0
split_feature=14 29 15 15 24 29 6 28 14
split_gain=5.12769 4.87123 4.9165 7.12385 3.27182 3.09729 2.00114 1.87008 1.2068
threshold=2523.7500000000005 0.014809731492041503 86.250000000000014 33.750000000000007 0.59041123596379663 0.016044002109643307 1.5000000000000002 2.5000000000000004 3713.7500000000005
decision_type=2 2 2 2 2 2 2 2 2
left_child=1 -1 3 7 5 -2 8 -3 -7
right_child=4 2 -4 -5 -6 6 -8 -9 -10
leaf_value=-0.051424123937476911 -0.0012576127660395287 0.73419010794211781 0.096813531569671346 -0.036772997857042355 0.030463777017394025 -0.21650270717673267 -0.20216085040515283 0.01710090985104671 -0.04061162078473899
leaf_weight=45.704680204391479 45.704680204391479 25.283440113067627 35.980280160903931 38.897600173950195 28.200760126113892 23.338560104370117 25.283440113067627 25.283440113067627 34.035400152206421
leaf_count=47 47 26 37 40 29 24 26 26 35
internal_value=-0.0037092 0.00227273 0.00736434 0.00108696 -0.0102484 -0.0136364 -0.0194118 0.0134615 -0.0245763
internal_weight=327.712 171.149 125.445 89.4645 156.563 128.362 82.6574 50.5669 57.374
internal_count=337 176 129 92 161 132 85 52 59
is_linear=0
shrinkage=0.05


Tree=390
num_leaves=11
num_cat=0
split_feature=11 15 29 29 18 27 27 15 15 11
split_gain=2.71847 2.52649 3.89634 3.87255 3.48683 3.3635 2.03166 1.37286 1.10791 0.511125
threshold=1045.0000000000002 33.750000000000007 0.018574373807161055 0.018384441387896706 0.22103318260377572 1035.0000000000002 1495.0000000000002 108.75000000000001 258.75000000000006 3645.0000000000005
decision_type=2 2 2 2 2 2 2 2 2 2
left_child=-1 2 -2 6 -5 -6 8 -7 -3 -8
right_child=1 3 -4 4 5 7 9 -9 -10 -11
leaf_value=0.12306894538518237 -0.048852917740600792 0.0019096841128657617 0.11867049168888572 0.02894058816652887 -0.21782951676077575 0.00058671373924426009 0.070827252416916051 -0.048125446876019856 -0.09267807653604905 0.0082714000081978156
leaf_weight=37.92516016960144 36.952720165252686 32.090520143508911 31.118080139160156 27.228320121765137 33.062960147857666 23.338560104370117 24.311000108718872 26.255880117416382 28.200760126113892 25.283440113067627
leaf_count=39 38 33 32 28 34 24 25 27 29 26
internal_value=-0.00104478 -0.0027027 0.00571429 -0.00530973 -0.0119469 -0.0170588 0.00132743 -0.00882353 -0.00483871 0.00882353
internal_weight=325.767 287.842 68.0708 219.771 109.886 82.6574 109.886 49.5944 60.2913 49.5944
internal_count=335 296 70 226 113 85 113 51 62 51
is_linear=0
shrinkage=0.05


Tree=391
num_leaves=9
num_cat=0
split_feature=16 18 20 14 26 26 20 24
split_gain=5.14282 3.0512 4.17098 4.55464 3.5408 3.1257 2.68409 1.65477
threshold=4645.0000000000009 0.42578384737353592 0.38479809237610901 2475.0000000000005 145.00000000000003 995.00000000000011 0.48354269617830087 0.032029478458049855
decision_type=2 2 2 2 2 2 2 2
left_child=1 2 -1 -4 -3 -6 -5 -7
right_child=-2 4 3 6 5 7 -8 -9
leaf_value=-0.127842838307447 0.15051971691950713 0.32374294086313288 0.019716708548196495 -0.036174767401712417 -0.046410271853574159 0.02558303376820277 -0.20693804092272786 -0.0054101875361538994
leaf_weight=23.338560104370117 38.897600173950195 41.81492018699646 42.787360191345215 39.87004017829895 35.007840156555176 41.81492018699646 25.283440113067627 39.87004017829895
leaf_count=24 40 43 44 41 36 43 26 41
internal_value=-0.00207101 -0.00436242 -0.01 -0.00585586 0.000306748 -0.00416667 -0.0141791 0.00119048
internal_weight=328.685 289.787 131.279 107.941 158.508 116.693 65.1535 81.685
internal_count=338 298 135 111 163 120 67 84
is_linear=0
shrinkage=0.05


Tree=392
num_leaves=11
num_cat=0
split_feature=20 20 18 29 16 29 16 11 15 18
split_gain=2.87671 5.38411 2.19641 2.65468 2.62385 3.19475 6.70419 2.20808 2.18507 1.29659
threshold=0.51920912247040063 0.48676587301587299 0.24257639563762012 0.023735452771013753 4185.0000000000009 0.014809731492041503 1615.0000000000002 2065.0000000000005 86.250000000000014 0.69912389198103486
decision_type=2 2 2 2 2 2 2 2 2 2
left_child=1 2 -1 4 5 6 -4 8 -7 -5
right_child=-2 -3 3 9 -6 7 -8 -9 -10 -11
leaf_value=0.14299373107351129 0.014859333853814861 -0.26866273579946665 -0.50869643195777603 -0.047226481106690699 -0.020265746710219901 0.012632853366721975 0.1987271249771311 -0.00065916404828385571 0.076802324078505541 -0.034693174274343618
leaf_weight=24.311000108718872 27.228320121765137 34.035400152206421 33.062960147857666 23.338560104370117 41.81492018699646 45.704680204391479 24.311000108718872 35.980280160903931 24.311000108718872 23.338560104370117
leaf_count=25 28 35 34 24 43 47 25 37 25 24
internal_value=-0.00129683 -0.00266458 -0.000352113 -0.00173745 0.0007109 0.00357143 -0.0059322 0.0087156 0.0138889 -0.0125
internal_weight=337.437 310.208 276.173 251.862 205.185 163.37 57.374 105.996 70.0157 46.6771
internal_count=347 319 284 259 211 168 59 109 72 48
is_linear=0
shrinkage=0.05


Tree=393
num_leaves=11
num_cat=0
split_feature=18 18 18 29 29 30 30 17 27 29
split_gain=1.84331 2.19776 4.50416 2.74852 4.83252 4.31799 3.85162 1.71737 2.54131 2.95672
threshold=0.97074829931972795 0.22396532309068753 0.14977166792642982 0.018834141677800904 0.017379973997757755 0.17833928115472927 0.12327178003613166 13.750000000000002 1035.0000000000002 0.021194751121882852
decision_type=2 2 2 2 2 2 2 2 2 2
left_child=1 2 -1 4 5 6 -3 -5 -9 -10
right_child=-2 3 -4 7 -6 -7 -8 8 9 -11
leaf_value=-0.055478951847749161 0.092794364638552909 -0.53498649171292534 0.16391372843522733 0.0051973675271256075 0.46714922305500295 -0.055017326060772122 0.029943297751947286 -0.22051411003762952 -0.033352741696103298 0.0047142316002464213
leaf_weight=29.173200130462646 39.87004017829895 26.255880117416382 39.87004017829895 25.283440113067627 25.283440113067627 35.007840156555176 42.787360191345215 29.173200130462646 23.338560104370117 25.283440113067627
leaf_count=30 41 27 41 26 26 36 44 30 24 26
internal_value=-0.00156695 -0.00290323 0.00492958 -0.00523013 -0.00037594 -0.00514019 0.00211268 -0.0113208 -0.015 -0.008
internal_weight=341.326 301.456 69.0432 232.413 129.335 104.051 69.0432 103.079 77.7952 48.622
internal_count=351 310 71 239 133 107 71 106 80 50
is_linear=0
shrinkage=0.05


Tree=394
num_leaves=11
num_cat=0
split_feature=22 30 30 11 14 27 16 18 11 18
split_gain=2.51532 2.15493 2.57989 3.92217 2.69046 6.051 4.19396 2.24686 1.16693 1.29659
threshold=0.065589334866666169 0.15691198842147516 0.18537389714307537 3655.0000000000005 2150.0000000000005 975.00000000000011 1265.0000000000002 0.61628401360544227 1055.0000000000002 0.8795068027210885
decision_type=2 2 2 2 2 2 2 2 2 2
left_child=1 7 -3 4 6 -6 8 -1 -4 -10
right_child=-2 2 3 -5 5 -7 -8 -9 9 -11
leaf_value=-0.10493265050270112 0.50187866986909746 -0.0084667042358887567 8.1410930806669068e-05 0.12764835809807665 -1.3424806810707424 -0.014020305386065957 0.16185017163176099 0.35973994000351017 -1.2922807613533109 -0.0015891278844833324
leaf_weight=32.090520143508911 23.338560104370117 44.732240200042725 31.118080139160156 35.007840156555176 31.118080139160156 42.787360191345215 23.338560104370117 25.283440113067627 23.338560104370117 23.338560104370117
leaf_count=33 24 46 32 36 32 44 24 26 24 24
internal_value=-0.00333333 -0.00451713 -0.00648855 -0.00416667 -0.00722222 -0.0144737 -0.00192308 0.00423729 -0.0075 -0.0125
internal_weight=335.492 312.153 254.779 210.047 175.039 73.9054 101.134 57.374 77.7952 46.6771
internal_count=345 321 262 216 180 76 104 59 80 48
is_linear=0
shrinkage=0.05


Tree=395
num_leaves=10
num_cat=0
split_feature=29 30 18 26 18 18 18 15 15
split_gain=3.4895 2.99903 5.62141 2.98832 4.7931 3.65205 3.33527 2.26903 1.35788
threshold=0.012617611391514601 0.19626078985562598 0.61628401360544227 475.00000000000006 0.22396532309068753 0.60887503149407929 0.43840796391816805 41.250000000000007 251.25000000000003
decision_type=2 2 2 2 2 2 2 2 2
left_child=-1 2 8 4 -3 -5 -6 -7 -2
right_child=1 3 -4 5 6 7 -8 -9 -10
leaf_value=0.032123326727901261 -0.044768521946161856 0.12126594019318873 0.0062498665880639237 0.089216596770916118 -0.29326528232513738 0.031395654130676576 -0.00073101611510537632 -0.038145550569822717 -0.010772874003669131
leaf_weight=39.87004017829895 29.173200130462646 40.842480182647705 36.952720165252686 29.173200130462646 40.842480182647705 24.311000108718872 35.007840156555176 34.035400152206421 24.311000108718872
leaf_count=41 30 42 38 30 42 25 36 35 25
internal_value=-0.00290698 -0.00478548 -0.0123656 -0.00142857 -0.00666667 0.00555556 -0.0141026 -0.00166667 -0.0227273
internal_weight=334.519 294.649 90.4369 204.212 116.693 87.5196 75.8503 58.3464 53.4842
internal_count=344 303 93 210 120 90 78 60 55
is_linear=0
shrinkage=0.05


Tree=396
num_leaves=10
num_cat=0
split_feature=16 18 24 27 27 18 20 27 11
split_gain=4.35063 3.45689 3.89023 2.96498 3.27578 2.27385 2.75168 6.57889 1.64035
threshold=1205.0000000000002 0.92328042328042337 0.082388510959939473 130.00000000000003 295.00000000000006 0.79693067703271792 0.48095148990038655 1075.0000000000002 3665.0000000000005
decision_type=2 2 2 2 2 2 2 2 2
left_child=1 2 -1 -2 -5 6 7 -6 -9
right_child=3 -3 -4 4 5 -7 -8 8 -10
leaf_value=0.070606701301096572 0.12725090412518511 -0.049327075495284589 -0.0046067244061759995 -0.36224328239768511 0.056946378159841521 -0.11053217383473567 -0.083862234758476012 -0.021604995135544414 0.00046686413911629644
leaf_weight=43.75980019569397 32.090520143508911 30.145640134811401 23.338560104370117 24.311000108718872 34.035400152206421 31.118080139160156 43.75980019569397 45.704680204391479 26.255880117416382
leaf_count=45 33 31 24 25 35 32 45 47 27
internal_value=-0.00290698 0.006 0.0123188 -0.00655738 -0.00876777 -0.00645161 -0.0038961 0.000458716 -0.00810811
internal_weight=334.519 97.244 67.0984 237.275 205.185 180.874 149.756 105.996 71.9606
internal_count=344 100 69 244 211 186 154 109 74
is_linear=0
shrinkage=0.05


Tree=397
num_leaves=10
num_cat=0
split_feature=14 27 14 24 14 27 20 14 28
split_gain=4.01104 3.39747 5.80871 3.28516 2.58032 2.22601 4.31808 3.09597 2.14342
threshold=1141.2500000000002 2150.0000000000005 4106.2500000000009 0.0037320483749055003 1645.0000000000002 1005.0000000000001 0.35396089737926473 3698.7500000000005 3.5000000000000004
decision_type=2 2 2 2 2 2 2 2 2
left_child=3 4 -3 -1 -2 7 -7 8 -6
right_child=1 2 -4 -5 5 6 -8 -9 -10
leaf_value=-0.0049994258942547276 0.030387037625621362 -0.020524745378770606 0.00044352093214001799 0.064451419446845654 -0.11195799126387557 0.069234745829726316 -0.019168144133732315 0.64634224329645351 -0.1273634855531782
leaf_weight=35.980280160903931 43.75980019569397 34.035400152206421 24.311000108718872 40.842480182647705 38.897600173950195 26.255880117416382 42.787360191345215 23.338560104370117 23.338560104370117
leaf_count=37 45 35 25 42 40 27 44 24 24
internal_value=-0.00306122 -0.00606061 -0.0166667 0.00696203 -0.00294118 -0.00597484 0.000704225 -0.0113636 -0.0171875
internal_weight=333.547 256.724 58.3464 76.8228 198.378 154.618 69.0432 85.5747 62.2362
internal_count=343 264 60 79 204 159 71 88 64
is_linear=0
shrinkage=0.05


Tree=398
num_leaves=12
num_cat=0
split_feature=20 22 20 20 24 27 26 18 24 24 19
split_gain=3.28965 4.41605 4.33002 11.27 1.83175 2.19101 2.28718 2.02761 4.16794 5.42396 1.48419
threshold=0.51920912247040063 0.024512260621617103 0.48676587301587299 0.45114007066671463 0.20672713529856382 2565.0000000000005 1315.0000000000002 0.97074829931972795 0.016974408811143451 0.082388510959939473 0.49515960230245953
decision_type=2 2 2 2 2 2 2 2 2 2 2
left_child=1 4 3 10 5 6 7 8 -1 -10 -3
right_child=-2 2 -4 -5 -6 -7 -8 -9 9 -11 -12
leaf_value=-0.1164482833577722 0.0031583536203470433 -0.0054896653652349416 -0.18401066223350426 0.31633312113026479 0.097622379456424824 -0.026044149743302117 0.061140018769788189 0.45854600222453429 0.13550863623454462 -0.063061831249592623 -0.10865425703752862
leaf_weight=38.897600173950195 24.311000108718872 37.92516016960144 28.200760126113892 26.255880117416382 23.338560104370117 23.338560104370117 24.311000108718872 33.062960147857666 25.283440113067627 24.311000108718872 23.338560104370117
leaf_count=40 25 39 29 27 24 24 25 34 26 25 24
internal_value=0.000292398 -0.0011041 -0.00882353 -0.00333333 0.00353535 0.00172414 0.004 0.0012 -0.00274725 0.00686275 -0.0150794
internal_weight=332.574 308.263 115.72 87.5196 192.543 169.205 145.866 121.555 88.492 49.5944 61.2637
internal_count=342 317 119 90 198 174 150 125 91 51 63
is_linear=0
shrinkage=0.05


Tree=399
num_leaves=11
num_cat=0
split_feature=15 11 22 16 24 18 24 29 29 11
split_gain=5.14123 5.39074 4.65466 3.94455 5.3213 3.37404 2.43698 2.41032 1.43072 1.23941
threshold=146.25000000000003 3045.0000000000005 0.0023753948423486005 1205.0000000000002 0.036281179138321955 0.19658639136996517 0.1013794406651549 0.015406770231739702 0.017873076528435203 3205.0000000000005
decision_type=2 2 2 2 2 2 2 2 2 2
left_child=1 2 -1 4 -4 -2 -5 -7 -9 -10
right_child=5 -3 3 6 -6 7 -8 8 9 -11
leaf_value=-0.121564690976561 0.0016898474217441617 1.9248487520837672 0.13559697643697746 -0.061939956514038386 -0.0075909645904630452 0.005285852601048191 0.024972481167992555 -0.035315164166354406 -0.022265219430460094 -0.0099843699802022456
leaf_weight=34.035400152206421 29.173200130462646 24.311000108718872 36.952720165252686 23.338560104370117 32.090520143508911 29.173200130462646 45.704680204391479 28.200760126113892 31.118080139160156 25.283440113067627
leaf_count=35 30 25 38 24 33 30 47 29 32 26
internal_value=-0.0012894 0.0039604 0.000847458 0.00492958 0.0133803 -0.0085034 -0.00352113 -0.0123932 -0.0166667 -0.012069
internal_weight=339.382 196.433 172.122 138.086 69.0432 142.949 69.0432 113.775 84.6023 56.4015
internal_count=349 202 177 142 71 147 71 117 87 58
is_linear=0
shrinkage=0.05


Tree=400
num_leaves=11
num_cat=0
split_feature=14 29 15 18 30 30 27 30 15 29
split_gain=3.04912 3.48189 4.08509 6.53876 3.44628 3.19448 3.52534 6.63175 3.571 2.59317
threshold=1126.2500000000002 0.012617611391514601 41.250000000000007 0.19004787100025192 0.23676646859869618 0.24197731265755099 1035.0000000000002 0.21284189474047968 176.25000000000003 0.019190078373099852
decision_type=2 2 2 2 2 2 2 2 2 2
left_child=4 -2 9 -4 -1 6 -5 8 -8 -3
right_child=1 2 3 5 -6 -7 7 -9 -10 -11
leaf_value=-0.0024898914620166582 0.43683994651430569 -0.012809786022535264 0.09507464289586097 -0.27963401179326869 0.058551395765539388 -0.094623383135285621 -0.1328763100096694 0.026190233035379151 -0.0082395080804417379 0.13840592721355735
leaf_weight=31.118080139160156 32.090520143508911 26.255880117416382 32.090520143508911 41.81492018699646 24.311000108718872 40.842480182647705 23.338560104370117 28.200760126113892 35.980280160903931 26.255880117416382
leaf_count=32 33 27 33 43 25 42 24 29 37 27
internal_value=-0.00284091 -0.00491525 -0.00687023 -0.0100962 0.00789474 -0.014 -0.0101504 -0.00444444 -0.0139344 0.00555556
internal_weight=342.299 286.87 254.779 202.268 55.4291 170.177 129.335 87.5196 59.3188 52.5118
internal_count=352 295 262 208 57 175 133 90 61 54
is_linear=0
shrinkage=0.05


Tree=401
num_leaves=11
num_cat=0
split_feature=14 14 22 18 24 11 26 25 19 24
split_gain=4.10415 4.38096 5.33982 3.13983 2.8772 3.62517 1.74698 1.54584 2.05498 0.922017
threshold=2003.7500000000002 4096.2500000000009 0.030896598579876002 0.78407029478458068 0.0050858438613540008 1065.0000000000002 1035.0000000000002 965.00000000000011 0.54049958607781756 0.32007502135053151
decision_type=2 2 2 2 2 2 2 2 2 2
left_child=4 3 -3 7 -1 -6 -7 9 -9 -2
right_child=1 2 -4 -5 5 6 -8 8 -10 -11
leaf_value=-0.054350553751987718 -0.044017530103155879 -0.024594259482159944 0.16062906948045566 0.038743371932469017 -0.00048786394505668796 0.11860295459935061 0.04103754407926772 -0.00095928094719965884 -0.03313743055402938 -0.18875306922336677
leaf_weight=44.732240200042725 23.338560104370117 26.255880117416382 25.283440113067627 24.311000108718872 38.897600173950195 26.255880117416382 29.173200130462646 26.255880117416382 33.062960147857666 29.173200130462646
leaf_count=46 24 27 26 25 40 27 30 27 34 30
internal_value=-0.0047619 -0.00958549 0.00283019 -0.0142857 0.00174825 0.00670103 0.0149123 -0.0178261 -0.0122951 -0.0240741
internal_weight=326.74 187.681 51.5393 136.142 139.059 94.3267 55.4291 111.831 59.3188 52.5118
internal_count=336 193 53 140 143 97 57 115 61 54
is_linear=0
shrinkage=0.05


Tree=402
num_leaves=12
num_cat=0
split_feature=14 14 24 20 30 27 30 26 26 15 15
split_gain=4.15401 6.81211 4.61833 3.08446 4.50726 2.68573 2.30945 0.898171 2.9939 0.700157 0.0810367
threshold=2656.2500000000005 4106.2500000000009 0.42960360244726825 0.41990432105402747 0.24881711814353533 545.00000000000011 0.20992882067751598 2495.0000000000005 1055.0000000000002 356.25000000000006 123.75000000000001
decision_type=2 2 2 2 2 2 2 2 2 2 2
left_child=3 6 -3 4 5 -1 -2 8 -7 -8 -5
right_child=1 2 -4 10 -6 7 9 -9 -10 -11 -12
leaf_value=-0.14198709703312035 -0.029340680057543977 -0.049414513886085844 0.11780489403299726 0.11267280686938648 0.048600194163248039 0.093615662843239994 -0.12071991970785803 0.0054756615498831708 -0.028152457307203352 -0.013509185976977279 0.20110938168759276
leaf_weight=35.980280160903931 37.92516016960144 30.145640134811401 24.311000108718872 23.338560104370117 31.118080139160156 27.228320121765137 24.311000108718872 27.228320121765137 23.338560104370117 24.311000108718872 23.338560104370117
leaf_count=37 39 31 25 24 32 28 25 28 24 25 24
internal_value=-0.00555556 -0.012069 0.00178571 -0.000761421 -0.00436242 -0.00897436 -0.0207865 -0.00375 -0.00769231 -0.028 0.0104167
internal_weight=332.574 141.004 54.4566 191.571 144.894 113.775 86.5472 77.7952 50.5669 48.622 46.6771
internal_count=342 145 56 197 149 117 89 80 52 50 48
is_linear=0
shrinkage=0.05


Tree=403
num_leaves=12
num_cat=0
split_feature=20 24 14 30 30 22 11 11 24 29 15
split_gain=4.40286 3.66823 4.71919 2.87732 3.70089 2.46973 2.40201 3.05744 4.13645 2.48026 1.04799
threshold=0.48146239122429596 0.59041123596379663 1188.7500000000002 0.22138660717042893 0.24881711814353533 0.035759571303830506 3695.0000000000005 2215.0000000000005 0.044642857142857109 0.018384441387896706 56.250000000000007
decision_type=2 2 2 2 2 2 2 2 2 2 2
left_child=1 2 3 10 -5 -2 7 8 -4 -9 -1
right_child=5 -3 6 4 -6 -7 -8 9 -10 -11 -12
leaf_value=0.34585035535499176 -0.0056227424488724869 0.37229143158947409 -0.063531374679973857 -0.95793004558253192 0.046170184455081656 -0.10720650116263641 0.0011316462557715568 -0.027873646054672463 0.073346030651032387 -0.114683923722464 0.0026497600187781246
leaf_weight=23.338560104370117 24.311000108718872 23.338560104370117 25.283440113067627 24.311000108718872 28.200760126113892 30.145640134811401 37.92516016960144 33.062960147857666 28.200760126113892 27.228320121765137 24.311000108718872
leaf_count=24 25 24 26 25 29 31 39 34 29 28 25
internal_value=-0.00486726 -0.00229682 -0.00405405 0.00436893 -0.0037037 -0.0178571 -0.00961538 -0.0132479 -0.00454545 -0.0209677 0.0132653
internal_weight=329.657 275.201 251.862 100.161 52.5118 54.4566 151.701 113.775 53.4842 60.2913 47.6496
internal_count=339 283 259 103 54 56 156 117 55 62 49
is_linear=0
shrinkage=0.05


Tree=404
num_leaves=13
num_cat=0
split_feature=18 29 14 14 18 19 30 24 11 15 30 22
split_gain=2.72337 4.45127 3.57853 3.85575 2.96892 4.46857 2.73892 3.56434 2.44263 2.41125 1.29709 0.83238
threshold=0.39365428711167011 0.017379973997757755 2683.7500000000005 1160.0000000000002 0.19004787100025192 0.55632000274857429 0.18077093205053862 0.024319727891156401 1235.0000000000002 311.25000000000006 0.25231871001483713 0.026931624293597602
decision_type=2 2 2 2 2 2 2 2 2 2 2 2
left_child=4 6 3 10 9 8 7 -2 -6 -1 -3 -10
right_child=1 2 -4 -5 5 -7 -8 -9 11 -11 -12 -13
leaf_value=-0.012867528766309989 -0.060354805945985392 -0.040288852339278952 -0.048538092977628372 0.070174117530496002 -0.017903982097323023 -0.12805697970948132 -0.079861687410289053 0.080604794135047092 0.095797623610519633 0.091325471219715848 0.048833429842375153 -0.072525499190828666
leaf_weight=24.311000108718872 30.145640134811401 25.283440113067627 30.145640134811401 26.255880117416382 24.311000108718872 23.338560104370117 30.145640134811401 29.173200130462646 23.338560104370117 23.338560104370117 23.338560104370117 36.952720165252686
leaf_count=25 31 26 31 27 25 24 31 30 24 24 24 38
internal_value=-0.00444444 -0.0005 0.00648148 0.0123377 -0.009375 -0.013964 -0.00869565 -0.00245902 -0.00862069 0.00102041 0.004 -0.00322581
internal_weight=350.078 194.488 105.024 74.8779 155.59 107.941 89.4645 59.3188 84.6023 47.6496 48.622 60.2913
internal_count=360 200 108 77 160 111 92 61 87 49 50 62
is_linear=0
shrinkage=0.05


Tree=405
num_leaves=12
num_cat=0
split_feature=27 24 14 22 29 30 29 14 22 22 25
split_gain=5.12057 4.83088 3.3004 2.41791 2.64231 3.853 2.65106 1.62101 3.40589 3.31254 2.05081
threshold=2985.0000000000005 0.17168772270813087 1331.2500000000002 0.011518453884917602 0.013156536231012402 0.22531718346018242 0.022603875444738405 3123.7500000000005 0.040056994309483805 0.046515037131027157 1025.0000000000002
decision_type=2 2 2 2 2 2 2 2 2 2 2
left_child=1 3 -3 4 -1 -6 -7 9 10 -4 -9
right_child=-2 2 7 -5 5 6 -8 8 -10 -11 -12
leaf_value=-0.23321857010970462 0.04561843246042372 -0.017008782992456874 0.082803926022029378 0.16449638453673288 0.12992381689882679 -0.093983366795373516 0.0010764782111209569 -0.1899653021950144 0.031896778650434499 -0.070371488030900764 -0.0034280652997949802
leaf_weight=24.311000108718872 30.145640134811401 24.311000108718872 28.200760126113892 24.311000108718872 38.897600173950195 23.338560104370117 30.145640134811401 23.338560104370117 25.283440113067627 33.062960147857666 26.255880117416382
leaf_count=25 31 25 29 25 40 24 31 24 26 34 27
internal_value=-0.00513196 -0.00709677 -0.0130303 -0.000344828 -0.00333333 0.000526316 -0.00818182 -0.01 -0.0149351 -0.00396825 -0.022549
internal_weight=331.602 301.456 160.453 141.004 116.693 92.3818 53.4842 136.142 74.8779 61.2637 49.5944
internal_count=341 310 165 145 120 95 55 140 77 63 51
is_linear=0
shrinkage=0.05


Tree=406
num_leaves=11
num_cat=0
split_feature=26 18 22 11 14 29 26 29 25 27
split_gain=5.09052 4.09252 4.987 4.3852 3.52852 3.35408 4.98492 3.1824 1.90293 1.29659
threshold=475.00000000000006 0.19004787100025192 0.044644107948355057 2005.0000000000002 4523.7500000000009 0.019625800787450905 1085.0000000000002 0.015114733143995701 1035.0000000000002 1495.0000000000002
decision_type=2 2 2 2 2 2 2 2 2 2
left_child=1 -1 3 -3 8 7 -7 -2 -5 -9
right_child=5 2 -4 4 -6 6 -8 9 -10 -11
leaf_value=0.00014940849457616425 0.086072819538048864 -1.236127570350152 -0.9940102162615404 -0.026772277996110462 -0.16695853705600713 -0.0010872279062027702 0.35426720848828386 -0.002598768214295433 0.36679622105441467 -0.015683391006461989
leaf_weight=39.87004017829895 26.255880117416382 40.842480182647705 25.283440113067627 32.090520143508911 30.145640134811401 30.145640134811401 23.338560104370117 23.338560104370117 24.311000108718872 23.338560104370117
leaf_count=41 27 42 26 33 31 31 24 24 25 24
internal_value=-0.0054878 -0.0106061 -0.0143312 -0.0103053 -0.00393258 0.00230769 0.0118182 -0.00466667 0.00344828 -0.0125
internal_weight=318.96 192.543 152.673 127.39 86.5472 126.417 53.4842 72.933 56.4015 46.6771
internal_count=328 198 157 131 89 130 55 75 58 48
is_linear=0
shrinkage=0.05


Tree=407
num_leaves=11
num_cat=0
split_feature=18 22 14 15 22 24 25 14 11 18
split_gain=3.85856 2.92127 4.78624 3.24147 2.97058 4.61581 5.09536 2.78627 2.43128 1.08049
threshold=0.99886621315192758 0.050734318589089257 1188.7500000000002 285.00000000000028 0.0076578949043810008 0.15044320758606475 1025.0000000000002 1111.2500000000002 3045.0000000000005 0.72222222222222232
decision_type=2 2 2 2 2 2 2 2 2 2
left_child=1 2 7 -3 -4 -6 8 -1 -7 -9
right_child=-2 3 4 -5 5 6 -8 9 -10 -11
leaf_value=-0.016690706123847578 0.061507834708845625 -0.0031316645545757639 -0.49488736209059425 0.19535906807718675 0.29704243905932798 -0.022293514526768379 9.5679354831190732e-05 6.3932522220966351e-05 -0.15233543367555741 0.045434045141871597
leaf_weight=25.283440113067627 35.980280160903931 23.338560104370117 26.255880117416382 29.173200130462646 28.200760126113892 44.732240200042725 40.842480182647705 23.338560104370117 25.283440113067627 35.007840156555176
leaf_count=26 37 24 27 30 29 46 42 24 26 36
internal_value=-0.00331412 -0.00516129 -0.00742188 0.00555556 -0.0123529 -0.00944056 -0.0140351 0.00232558 -0.0222222 0.00833333
internal_weight=337.437 301.456 248.945 52.5118 165.315 139.059 110.858 83.6298 70.0157 58.3464
internal_count=347 310 256 54 170 143 114 86 72 60
is_linear=0
shrinkage=0.05


Tree=408
num_leaves=12
num_cat=0
split_feature=18 24 24 14 11 29 16 27 22 14 22
split_gain=3.82827 3.02165 3.55131 2.88264 2.69714 2.90572 2.57552 2.42893 4.62924 2.93552 1.29659
threshold=0.99886621315192758 1.0000000180025095e-35 0.021134949706378203 1138.7500000000002 1645.0000000000002 0.016408817162170204 4675.0000000000009 1035.0000000000002 0.036409504878805406 2523.7500000000005 0.026583253183362403
decision_type=2 2 2 2 2 2 2 2 2 2 2
left_child=1 -1 -3 -4 5 -5 7 9 -9 -6 -11
right_child=-2 2 3 4 6 -7 -8 8 -10 10 -12
leaf_value=-0.070221679141945978 0.058432442973412435 0.069305838811146714 -0.035062774089328744 -0.026340636525651464 -0.0029750813268492496 0.13013229289044831 0.0079571447888611146 -0.025851401053910195 0.034232813491053095 -0.1082097295623953 -0.28197252429092717
leaf_weight=25.283440113067627 36.952720165252686 32.090520143508911 25.283440113067627 23.338560104370117 25.283440113067627 28.200760126113892 28.200760126113892 25.283440113067627 29.173200130462646 23.338560104370117 23.338560104370117
leaf_count=26 38 33 26 24 26 29 29 26 30 24 24
internal_value=-0.00462687 -0.00656566 -0.00498155 -0.00714286 -0.00518868 0.00471698 -0.00849057 -0.0115385 -0.00357143 -0.0175676 -0.025
internal_weight=325.767 288.815 263.531 231.441 206.157 51.5393 154.618 126.417 54.4566 71.9606 46.6771
internal_count=335 297 271 238 212 53 159 130 56 74 48
is_linear=0
shrinkage=0.05


Tree=409
num_leaves=11
num_cat=0
split_feature=11 14 25 22 15 30 15 16 29 24
split_gain=2.9577 6.14992 5.31135 4.47555 2.18788 2.93705 4.66435 3.41689 3.3513 0.698162
threshold=2385.0000000000005 4106.2500000000009 495.00000000000006 0.027989918772956205 228.75000000000003 0.19626078985562598 63.750000000000007 1165.0000000000002 0.021194751121882852 0.0061980347694633011
decision_type=2 2 2 2 2 2 2 2 2 2
left_child=4 2 -2 -3 5 6 -1 9 -9 -7
right_child=1 3 -4 -5 -6 7 -8 8 -10 -11
leaf_value=0.00011884420707701793 -0.011234935804645831 -0.079441896963453482 -0.13930817551365635 0.15707996942705904 0.18573986873966533 -0.048303583145002452 -0.025023604699367753 0.14171974090920686 0.01396692344865187 0.028106010462647647
leaf_weight=34.035400152206421 37.92516016960144 26.255880117416382 42.787360191345215 23.338560104370117 37.92516016960144 25.283440113067627 25.283440113067627 24.311000108718872 25.283440113067627 27.228320121765137
leaf_count=35 39 27 44 24 39 26 26 25 26 28
internal_value=-0.00309735 -0.00895522 -0.0174699 0.00490196 0.000731707 -0.00180723 -0.0106557 0.00333333 0.0127451 -0.00555556
internal_weight=329.657 130.307 80.7125 49.5944 199.35 161.425 59.3188 102.106 49.5944 52.5118
internal_count=339 134 83 51 205 166 61 105 51 54
is_linear=0
shrinkage=0.05


Tree=410
num_leaves=10
num_cat=0
split_feature=27 29 22 18 27 22 22 29 15
split_gain=4.18325 3.47221 2.25482 3.48458 4.25993 3.4378 1.30916 2.36479 3.39262
threshold=105.00000000000001 0.015781292975569104 0.050734318589089257 0.43840796391816805 2050.0000000000005 0.038902335384385207 0.0083901887577947521 0.022220143510459853 48.750000000000007
decision_type=2 2 2 2 2 2 2 2 2
left_child=1 -1 3 4 5 -2 7 8 -5
right_child=2 -3 -4 6 -6 -7 -8 -9 -10
leaf_value=1.2820453483576899 -0.07881443715837122 -0.019626282842455114 0.018546037305691244 -0.3861976704303629 0.0053446634882220682 -0.019514932975732792 0.033209420722312193 0.020207871799368605 0.00011290199672657764
leaf_weight=23.338560104370117 42.787360191345215 24.311000108718872 43.75980019569397 26.255880117416382 30.145640134811401 24.311000108718872 43.75980019569397 27.228320121765137 33.062960147857666
leaf_count=24 44 25 45 27 31 25 45 28 34
internal_value=-0.00243902 0.0112245 -0.00483871 -0.00683761 -0.014 -0.0210145 -0.00149254 -0.00505618 -0.0106557
internal_weight=318.96 47.6496 271.311 227.551 97.244 67.0984 130.307 86.5472 59.3188
internal_count=328 49 279 234 100 69 134 89 61
is_linear=0
shrinkage=0.05


Tree=411
num_leaves=12
num_cat=0
split_feature=18 14 22 14 11 11 24 11 29 11 30
split_gain=3.66856 4.99568 4.31035 3.22761 3.75392 2.23102 3.29226 2.04262 1.81935 1.50977 1.29659
threshold=0.46712018140589578 3785.0000000000005 0.040056994309483805 3146.2500000000005 1235.0000000000002 2620.0000000000005 0.059867602955160505 3360.0000000000005 0.018334733168927555 2175.0000000000005 0.24197731265755099
decision_type=2 2 2 2 2 2 2 2 2 2 2
left_child=1 3 -3 4 -1 6 8 -7 -2 -6 -10
right_child=5 2 -4 -5 9 7 -8 -9 10 -11 -12
leaf_value=-0.018539186326950129 -0.059144454807938021 -0.021345989936571642 0.23503085650871755 -0.14672679954387605 0.17552557343738046 -0.059750831508995364 0.32768521958469138 0.030591743077320644 0.06773471730080019 -0.067488290835649431 0.0010302279846655439
leaf_weight=32.090520143508911 37.92516016960144 35.980280160903931 23.338560104370117 24.311000108718872 27.228320121765137 23.338560104370117 30.145640134811401 25.283440113067627 23.338560104370117 24.311000108718872 23.338560104370117
leaf_count=33 39 37 24 25 28 24 31 26 24 25 24
internal_value=-0.00235294 -0.00755814 0.00409836 -0.013964 -0.00930233 0.00297619 0.00677966 -0.006 0.00172414 -0.000943396 0.00833333
internal_weight=330.63 167.26 59.3188 107.941 83.6298 163.37 114.748 48.622 84.6023 51.5393 46.6771
internal_count=340 172 61 111 86 168 118 50 87 53 48
is_linear=0
shrinkage=0.05


Tree=412
num_leaves=11
num_cat=0
split_feature=15 18 18 14 24 26 22 29 25 30
split_gain=5.10739 6.33836 3.22955 3.96127 3.15154 2.79638 2.14282 1.71188 1.68967 0.892743
threshold=371.25000000000006 0.48582766439909303 0.36256301873500213 2003.7500000000002 0.31454486556527378 205.00000000000003 0.0072552126435581005 0.017111111359800455 1005.0000000000001 0.22650576488313393
decision_type=2 2 2 2 2 2 2 2 2 2
left_child=1 2 3 -1 -2 -3 9 -5 -9 -7
right_child=4 5 -4 7 -6 6 -8 8 -10 -11
leaf_value=0.15280639044437977 -0.019557229425572586 0.064347981435753362 -0.046584886753089451 -0.020278690439727146 0.034208191570678538 -0.012966317885775425 0.023720450764824364 -0.27071987519300367 -0.067537375323263413 -0.039507140880004954
leaf_weight=23.338560104370117 29.173200130462646 36.952720165252686 31.118080139160156 23.338560104370117 39.87004017829895 35.007840156555176 32.090520143508911 24.311000108718872 25.283440113067627 30.145640134811401
leaf_count=24 30 38 32 24 41 36 33 25 26 31
internal_value=-0.00294118 -0.00613383 -0.0141221 -0.00959596 0.00915493 0.00144928 -0.003 -0.0153333 -0.0205882 -0.00820896
internal_weight=330.63 261.586 127.39 96.2716 69.0432 134.197 97.244 72.933 49.5944 65.1535
internal_count=340 269 131 99 71 138 100 75 51 67
is_linear=0
shrinkage=0.05


Tree=413
num_leaves=11
num_cat=0
split_feature=17 24 19 18 18 24 30 29 16 17
split_gain=4.05906 5.47915 3.47098 2.72788 2.56004 2.54407 1.9908 2.69108 2.47064 1.19685
threshold=123.75000000000001 0.17168772270813087 0.48565669654105031 0.33418194302548049 0.14977166792642982 0.31454486556527378 0.15539210388166627 0.017635136160266001 1135.0000000000002 16.250000000000004
decision_type=2 2 2 2 2 2 2 2 2 2
left_child=1 6 3 -3 -4 -2 -1 -8 -9 -10
right_child=5 2 4 -5 -6 -7 7 8 9 -11
leaf_value=0.32238087084056133 -0.018579367954293959 -0.12632081086126165 -0.063099941771884008 -0.016051009659759075 0.029058160822160062 0.046279603711923301 -0.077689719688100928 -0.037531783836004709 0.058592342608449144 0.033432753263309682
leaf_weight=32.090520143508911 30.145640134811401 23.338560104370117 25.283440113067627 40.842480182647705 36.952720165252686 41.81492018699646 39.87004017829895 27.228320121765137 25.283440113067627 25.283440113067627
leaf_count=33 31 24 26 42 38 43 41 28 26 26
internal_value=-0.00111732 -0.00387324 -0.0115385 -0.019697 -0.003125 0.00945946 0.0025974 -0.000413223 0.005 0.0115385
internal_weight=348.134 276.173 126.417 64.181 62.2362 71.9606 149.756 117.665 77.7952 50.5669
internal_count=358 284 130 66 64 74 154 121 80 52
is_linear=0
shrinkage=0.05


Tree=414
num_leaves=12
num_cat=0
split_feature=22 15 16 29 26 27 20 25 11 15 30
split_gain=5.95126 2.882 6.03765 4.0164 4.7613 3.41281 2.59469 3.11756 2.02511 1.42482 1.24472
threshold=0.0006655678811349501 326.25000000000006 2655.0000000000005 0.019816422259881655 1055.0000000000002 1085.0000000000002 0.47231726376244648 1940.0000000000002 1145.0000000000002 116.25000000000001 0.25512675591644091
decision_type=2 2 2 2 2 2 2 2 2 2 2
left_child=-1 2 3 4 8 10 7 -3 -2 -4 -5
right_child=1 6 9 5 -6 -7 -8 -9 -10 -11 -12
leaf_value=0.56133113264485246 0.32890107466917018 0.049444418897564901 -0.061306546188552608 0.072304407732588061 -0.037803597492029439 0.036722928696076455 -0.049664097039112676 -0.0035190343636259062 -0.90745557074560568 -0.094273937130856217 -0.042981002244312096
leaf_weight=26.255880117416382 34.035400152206421 25.283440113067627 27.228320121765137 24.311000108718872 36.952720165252686 26.255880117416382 34.035400152206421 24.311000108718872 25.283440113067627 25.283440113067627 24.311000108718872
leaf_count=27 35 26 28 25 38 27 35 25 26 26 25
internal_value=-0.00247813 -0.00443038 -0.0073913 -0.00284091 -0.00959596 0.00584416 0.00348837 0.0107843 -0.000819672 -0.0222222 -0.002
internal_weight=333.547 307.291 223.661 171.149 96.2716 74.8779 83.6298 49.5944 59.3188 52.5118 48.622
internal_count=343 316 230 176 99 77 86 51 61 54 50
is_linear=0
shrinkage=0.05


Tree=415
num_leaves=12
num_cat=0
split_feature=22 24 27 29 30 22 27 24 11 27 18
split_gain=2.49973 2.85749 1.96026 3.63513 5.24546 4.79757 4.40839 3.69146 3.17849 2.86435 1.87285
threshold=0.060302239307237958 0.55748022786350326 2985.0000000000005 0.017635136160266001 0.23453342965851146 0.023000324407029003 935.00000000000011 0.068783068783068765 2165.0000000000005 330.00000000000006 0.84783953070571527
decision_type=2 2 2 2 2 2 2 2 2 2 2
left_child=1 2 3 5 6 7 -5 9 10 -1 -6
right_child=-2 -3 -4 4 8 -7 -8 -9 -10 -11 -12
leaf_value=0.13687871912107993 0.37827285607875183 -0.16284283632267035 0.077171518941293024 0.33865448774665768 0.02656006753059046 -0.04242673731453124 0.0092129026034967875 0.098899773199559615 -0.053130769157496621 -0.44026059009493113 -0.033506144531997961
leaf_weight=23.338560104370117 30.145640134811401 28.200760126113892 29.173200130462646 29.173200130462646 24.311000108718872 30.145640134811401 33.062960147857666 33.062960147857666 24.311000108718872 26.255880117416382 26.255880117416382
leaf_count=24 31 29 30 30 25 31 34 34 25 27 27
internal_value=-0.00244957 -0.00379747 -0.00226481 -0.0036965 0.00177305 -0.0103448 0.0125 -0.00411765 -0.00714286 -0.0127451 0
internal_weight=337.437 307.291 279.09 249.917 137.114 112.803 62.2362 82.6574 74.8779 49.5944 50.5669
internal_count=347 316 287 257 141 116 64 85 77 51 52
is_linear=0
shrinkage=0.05


Tree=416
num_leaves=11
num_cat=0
split_feature=29 24 29 29 29 29 29 19 16 20
split_gain=3.83678 4.40785 4.63518 3.04027 2.39894 2.65399 1.73183 1.54606 0.955902 0.670727
threshold=0.017818770943145806 0.028231292517006755 0.022084057524349752 0.016022851403207004 0.014809731492041503 0.013227840138862851 0.021851666609654905 0.48152723703038169 1655.0000000000002 0.41990432105402747
decision_type=2 2 2 2 2 2 2 2 2 2
left_child=3 6 9 4 5 8 -2 -4 -1 -3
right_child=1 2 7 -5 -6 -7 -8 -9 -10 -11
leaf_value=-0.2617008740269739 0.013201684213981935 0.0022368577909219313 -0.050474230699614965 -0.090020885404487674 0.087283118624122843 -0.05629677197316596 0.30219364458367864 -0.0057033105192658695 0.019397526816464963 0.133903258856094
leaf_weight=24.311000108718872 27.228320121765137 23.338560104370117 28.200760126113892 37.92516016960144 33.062960147857666 28.200760126113892 30.145640134811401 31.118080139160156 23.338560104370117 30.145640134811401
leaf_count=25 28 24 29 39 34 29 31 32 24 31
internal_value=-0.00368098 0.00142857 -0.00431034 -0.00960265 -0.00535714 -0.0102564 0.0127119 -0.0139344 -0.00306122 0.00636364
internal_weight=317.015 170.177 112.803 146.838 108.913 75.8503 57.374 59.3188 47.6496 53.4842
internal_count=326 175 116 151 112 78 59 61 49 55
is_linear=0
shrinkage=0.05


Tree=417
num_leaves=11
num_cat=0
split_feature=27 27 11 29 20 11 24 11 27 26
split_gain=2.32262 5.74666 3.00973 6.24656 3.15668 2.27916 4.36566 5.51639 3.68354 2.83891
threshold=2525.0000000000005 2985.0000000000005 3230.0000000000005 0.020062127916243153 0.48354269617830087 2175.0000000000005 0.016974408811143451 1105.0000000000002 1055.0000000000002 935.00000000000011
decision_type=2 2 2 2 2 2 2 2 2 2
left_child=2 -2 4 -4 5 6 9 -8 -7 -1
right_child=1 -3 3 -5 -6 8 7 -9 -10 -11
leaf_value=0.012541600003282839 -0.01960459789970628 0.0087212078107768327 -0.053481933374496297 1.0986122142811838 -0.079668242865159306 -0.049086413163422549 -0.0042993572097770995 0.34571974083498846 0.0049155911002117143 -0.056889598343900616
leaf_weight=36.952720165252686 35.007840156555176 32.090520143508911 30.145640134811401 24.311000108718872 42.787360191345215 32.090520143508911 32.090520143508911 31.118080139160156 30.145640134811401 24.311000108718872
leaf_count=38 36 33 31 25 44 33 33 32 31 25
internal_value=-0.00540166 -0.0137681 -0.00342466 0.00714286 -0.0059322 -0.003125 0.00078125 0.01 -0.0109375 -0.00873016
internal_weight=351.051 67.0984 283.952 54.4566 229.496 186.708 124.472 63.2086 62.2362 61.2637
internal_count=361 69 292 56 236 192 128 65 64 63
is_linear=0
shrinkage=0.05


Tree=418
num_leaves=11
num_cat=0
split_feature=18 18 18 14 14 24 18 22 22 24
split_gain=2.58159 3.4484 3.49714 1.90377 2.13714 3.02623 3.6905 1.64332 3.58393 1.39928
threshold=0.39365428711167011 0.19004787100025192 0.14557823129251699 3620.0000000000005 2627.5000000000005 0.0061980347694633011 0.9610119047619049 0.046515037131027157 0.033145205455080907 0.038514886474070108
decision_type=2 2 2 2 2 2 2 2 2 2
left_child=1 2 -1 4 5 6 -2 8 -3 -7
right_child=3 7 -4 -5 -6 9 -8 -9 -10 -11
leaf_value=-0.028216649693104046 -0.11798667871867111 -0.11886033746886825 0.13119150805653135 0.15787699984266512 -0.053790443973775838 0.067783425865570734 0.0093762802476021548 -0.085765620689267061 0.0048624625442016626 -0.0014602143016531955
leaf_weight=27.228320121765137 24.311000108718872 42.787360191345215 25.283440113067627 32.090520143508911 30.145640134811401 24.311000108718872 31.118080139160156 30.145640134811401 29.173200130462646 39.87004017829895
leaf_count=28 25 44 26 33 31 25 32 31 30 41
internal_value=-0.00751445 -0.0122642 -0.00185185 -0.00347594 -0.00584416 -0.00284553 -0.0114035 -0.017619 -0.0135135 0.00454545
internal_weight=336.464 154.618 52.5118 181.846 149.756 119.61 55.4291 102.106 71.9606 64.181
internal_count=346 159 54 187 154 123 57 105 74 66
is_linear=0
shrinkage=0.05


Tree=419
num_leaves=11
num_cat=0
split_feature=16 16 22 27 27 20 30 18 14 18
split_gain=2.77143 3.55877 2.34978 1.9871 2.97412 2.1816 3.75487 3.64967 2.23459 1.72952
threshold=4645.0000000000009 4170.0000000000009 0.00091086781934990009 2565.0000000000005 1995.0000000000002 0.38479809237610901 0.21284189474047968 0.48582766439909303 2475.0000000000005 0.80173847316704472
decision_type=2 2 2 2 2 2 2 2 2 2
left_child=1 2 -1 4 5 7 -7 -4 -8 -9
right_child=-2 -3 3 -5 -6 6 8 9 -10 -11
leaf_value=0.033491274254129171 0.026227386890241178 -0.067649060804046715 -0.081477339654793479 -0.028100594605996322 0.033519993375750803 0.33437677066667676 0.0018586275241545991 0.012128627045285612 -0.17310681800879593 -0.051100921775082499
leaf_weight=26.255880117416382 40.842480182647705 29.173200130462646 23.338560104370117 28.200760126113892 29.173200130462646 27.228320121765137 24.311000108718872 44.732240200042725 25.283440113067627 45.704680204391479
leaf_count=27 42 30 24 29 30 28 25 46 26 47
internal_value=-0.00508475 -0.00673077 -0.00496454 -0.00647059 -0.00486726 -0.00714286 -0.000632911 -0.0115385 -0.00882353 -0.00698925
internal_weight=344.244 303.401 274.228 247.972 219.771 190.598 76.8228 113.775 49.5944 90.4369
internal_count=354 312 282 255 226 196 79 117 51 93
is_linear=0
shrinkage=0.05


Tree=420
num_leaves=12
num_cat=0
split_feature=20 24 20 27 24 24 27 15 27 27 15
split_gain=4.09373 3.95483 3.22934 2.59397 8.28274 3.11497 4.65479 2.86493 2.5122 2.4883 2.41817
threshold=0.48676587301587299 0.59041123596379663 0.51920912247040063 845 0.09060362036552512 1.0000000180025095e-35 1385.0000000000002 78.750000000000014 2985.0000000000005 165.00000000000014 101.25000000000001
decision_type=2 2 2 2 2 2 2 2 2 2 2
left_child=1 3 -2 4 9 -5 7 -7 10 -1 -8
right_child=2 -3 -4 5 -6 6 8 -9 -10 -11 -12
leaf_value=0.14778564944987238 -0.85456037768035464 0.034164061936189684 -0.00077567880816786783 -0.048728780749138424 -2.3853610920380564 0.0085981554183263142 0.0013265314761952141 0.15735003185591268 0.012916794949160249 -0.021120969050343774 -0.013992720475789611
leaf_weight=33.062960147857666 28.200760126113892 30.145640134811401 23.338560104370117 26.255880117416382 32.090520143508911 26.255880117416382 25.283440113067627 27.228320121765137 27.228320121765137 23.338560104370117 30.145640134811401
leaf_count=34 29 31 24 27 33 27 26 28 28 24 31
internal_value=-0.00497076 -0.00259516 -0.0179245 -0.00465116 -0.0115385 -0.000898204 0.00214286 0.0136364 -0.00529412 0 -0.0114035
internal_weight=332.574 281.035 51.5393 250.89 88.492 162.397 136.142 53.4842 82.6574 56.4015 55.4291
internal_count=342 289 53 258 91 167 140 55 85 58 57
is_linear=0
shrinkage=0.05


Tree=421
num_leaves=12
num_cat=0
split_feature=22 15 29 28 30 30 22 27 17 15 18
split_gain=3.61325 4.31395 5.20075 3.68431 3.93316 4.30866 2.67731 3.91474 2.65369 6.69131 1.50977
threshold=0.050734318589089257 22.500000000000117 0.018334733168927555 3.5000000000000004 0.19001589482821918 0.21128828966465507 0.0047351711226122509 1035.0000000000002 78.750000000000014 108.75000000000001 0.46035364500410098
decision_type=2 2 2 2 2 2 2 2 2 2 2
left_child=1 2 -1 4 8 -6 -7 -8 9 -3 -9
right_child=-2 3 -4 -5 5 6 7 10 -10 -11 -12
leaf_value=-0.022369961034917198 0.032455858839375649 0.17125612229157242 0.72144275335782604 0.095849182324764123 -0.34793745019599104 -0.041950676633689454 -1.1948488038561209 -0.019637208718040713 0.01085318835889666 -0.042059415474636812 0.063357915449114441
leaf_weight=29.173200130462646 45.704680204391479 31.118080139160156 23.338560104370117 24.311000108718872 25.283440113067627 24.311000108718872 25.283440113067627 27.228320121765137 31.118080139160156 23.338560104370117 24.311000108718872
leaf_count=30 47 32 24 25 26 25 26 28 32 24 25
internal_value=-0.00348837 -0.00555556 0.00740741 -0.00843621 -0.0105505 -0.0161538 -0.0115385 -0.00696203 -0.00227273 -0.00892857 0.000943396
internal_weight=334.519 288.815 52.5118 236.303 211.992 126.417 101.134 76.8228 85.5747 54.4566 51.5393
internal_count=344 297 54 243 218 130 104 79 88 56 53
is_linear=0
shrinkage=0.05


Tree=422
num_leaves=11
num_cat=0
split_feature=30 16 17 25 24 27 29 24 29 24
split_gain=2.42399 5.19717 5.80792 2.45927 5.61662 5.56593 3.70089 3.19764 2.05887 1.15877
threshold=0.19626078985562598 1175.0000000000002 78.750000000000014 595.00000000000011 0.29463721996735209 1025.0000000000002 0.020532980868485703 0.028231292517006755 0.021851666609654905 0.17168772270813087
decision_type=2 2 2 2 2 2 2 2 2 2
left_child=1 -1 9 4 7 -5 -7 8 -2 -3
right_child=3 2 -4 5 -6 6 -8 -9 -10 -11
leaf_value=0.24719661005075297 -0.0042944705347395034 -0.11325592416774272 0.00018295231880074427 -0.18152916139115405 0.38060370278965366 0.024189674884837586 -0.047416407667469684 -0.035603663727022193 0.27970552402605336 -0.046855651780560947
leaf_weight=27.228320121765137 27.228320121765137 29.173200130462646 37.92516016960144 32.090520143508911 36.952720165252686 24.311000108718872 28.200760126113892 35.007840156555176 23.338560104370117 30.145640134811401
leaf_count=28 28 30 39 33 38 25 29 36 24 31
internal_value=-0.00307918 -0.00859375 -0.014 0.000234742 0.0047619 -0.00632184 0.0037037 -0.00227273 0.00576923 -0.0237705
internal_weight=331.602 124.472 97.244 207.13 122.527 84.6023 52.5118 85.5747 50.5669 59.3188
internal_count=341 128 100 213 126 87 54 88 52 61
is_linear=0
shrinkage=0.05


Tree=423
num_leaves=12
num_cat=0
split_feature=22 18 20 20 24 29 30 30 30 16 27
split_gain=2.37095 6.36236 1.72942 4.74365 3.70889 2.41735 6.69131 4.2197 3.10738 1.29709 1.26395
threshold=0.0039698651919308509 0.9610119047619049 0.48964011908618327 0.4413818102998775 0.49175824175824184 0.017379973997757755 0.17833928115472927 0.13709739678226227 0.24233497676656207 2005.0000000000002 955.00000000000011
decision_type=2 2 2 2 2 2 2 2 2 2 2
left_child=1 -1 3 4 5 6 7 -2 -7 -3 -4
right_child=2 9 10 -5 -6 8 -8 -9 -10 -11 -12
leaf_value=-0.064573622562556929 -0.031791972941437055 -0.035357786914187277 0.0063832881055304828 0.045414689133895084 -0.08455098461781746 0.076250664223186965 -0.29231153565090157 0.62091310845302139 0.004902145378855494 0.82569238267465161 -0.060810820781489389
leaf_weight=25.283440113067627 31.118080139160156 25.283440113067627 27.228320121765137 42.787360191345215 23.338560104370117 39.87004017829895 27.228320121765137 23.338560104370117 33.062960147857666 23.338560104370117 30.145640134811401
leaf_count=26 32 26 28 44 24 41 28 24 34 24 31
internal_value=0.00138122 -0.00657895 0.0034965 0.00550661 0.00191257 0.00471698 -0.00119048 0.00892857 0.0113333 0.004 -0.00423729
internal_weight=352.023 73.9054 278.118 220.744 177.957 154.618 81.685 54.4566 72.933 48.622 57.374
internal_count=362 76 286 227 183 159 84 56 75 50 59
is_linear=0
shrinkage=0.05


Tree=424
num_leaves=10
num_cat=0
split_feature=6 26 24 30 30 15 14 11 30
split_gain=4.59213 2.88191 2.52276 2.50396 3.44266 2.90951 2.71684 3.12064 2.4347
threshold=1.5000000000000002 2565.0000000000005 0.0011536778454071001 0.17964620000422574 0.21284189474047968 285.00000000000028 3128.7500000000005 1165.0000000000002 0.21776469879746937
decision_type=2 2 2 2 2 2 2 2 2
left_child=1 2 8 5 -5 -4 7 -6 -1
right_child=-2 -3 3 4 6 -7 -8 -9 -10
leaf_value=-0.032021694838635997 3.3371566893507407 -0.029890895672474473 -0.030202374294367475 -0.047655326523954503 -0.0096241385604230352 0.13135509344203911 -0.060999234188375343 0.062502228014614053 -0.08633020641782424
leaf_weight=29.173200130462646 31.118080139160156 26.255880117416382 37.92516016960144 40.842480182647705 42.787360191345215 26.255880117416382 41.81492018699646 43.75980019569397 23.338560104370117
leaf_count=30 32 27 39 42 44 27 43 45 24
internal_value=-0.00269122 -0.00451713 -0.00306122 -0.000833333 -0.00402299 0.00757576 0 0.00505618 -0.012963
internal_weight=343.271 312.153 285.897 233.386 169.205 64.181 128.362 86.5472 52.5118
internal_count=353 321 294 240 174 66 132 89 54
is_linear=0
shrinkage=0.05


Tree=425
num_leaves=9
num_cat=0
split_feature=16 18 22 15 25 14 16 14
split_gain=4.46406 2.98407 3.30108 3.87255 2.11917 3.40675 1.55671 1.76265
threshold=4645.0000000000009 0.99886621315192758 0.0043788745560072511 108.75000000000001 1025.0000000000002 2656.2500000000005 1215.0000000000002 2150.0000000000005
decision_type=2 2 2 2 2 2 2 2
left_child=1 2 -1 6 5 -5 -4 -8
right_child=-2 -3 3 4 -6 -7 7 -9
leaf_value=-0.059186934036165442 0.045526721003398052 0.6774697391552309 -0.010392870026737456 -0.0017663607091321866 -0.0079401379273804206 -0.13609306797920909 0.15266172255368249 3.8124383922877318e-05
leaf_weight=39.87004017829895 40.842480182647705 28.200760126113892 43.75980019569397 36.952720165252686 45.704680204391479 27.228320121765137 30.145640134811401 35.980280160903931
leaf_count=41 42 29 45 38 47 28 31 37
internal_value=-0.00118343 -0.00337838 -0.00505618 -0.00265487 -0.00929204 -0.0151515 0.0039823 0.00882353
internal_weight=328.685 287.842 259.641 219.771 109.886 64.181 109.886 66.1259
internal_count=338 296 267 226 113 66 113 68
is_linear=0
shrinkage=0.05


Tree=426
num_leaves=11
num_cat=0
split_feature=22 19 30 15 22 29 15 16 16 30
split_gain=2.25998 2.42628 2.7739 2.2076 4.90314 4.31985 4.12302 1.87014 3.27911 2.24694
threshold=0.038902335384385207 0.54049958607781756 0.25231871001483713 101.25000000000001 0.016723693225946901 0.018834141677800904 371.25000000000006 1175.0000000000002 2050.0000000000005 0.22531718346018242
decision_type=2 2 2 2 2 2 2 2 2 2
left_child=3 -2 -3 4 7 6 -5 9 -9 -1
right_child=1 2 -4 5 -6 -7 -8 8 -10 -11
leaf_value=0.089920154028629906 0.12566542576576012 -0.04527539115269974 0.040299166941713344 -0.045274466416958606 0.090784656774280853 -0.084290032147100652 0.030627521158066884 -0.057904387804592262 0.041507747156947522 -0.0098732265254056987
leaf_weight=35.980280160903931 24.311000108718872 32.090520143508911 25.283440113067627 41.81492018699646 25.283440113067627 29.173200130462646 38.897600173950195 29.173200130462646 31.118080139160156 35.007840156555176
leaf_count=37 25 33 26 43 26 30 40 30 32 36
internal_value=-0.00251397 0.0047619 -0.000847458 -0.00474453 -0.000931677 -0.010177 -0.00421687 -0.00481481 -0.0112903 0.000684932
internal_weight=348.134 81.685 57.374 266.449 156.563 109.886 80.7125 131.279 60.2913 70.9881
internal_count=358 84 59 274 161 113 83 135 62 73
is_linear=0
shrinkage=0.05


Tree=427
num_leaves=11
num_cat=0
split_feature=14 11 18 14 24 14 14 22 14 26
split_gain=3.3455 4.59246 4.2751 2.37938 2.41181 1.89955 2.28733 1.94765 2.16135 0.72933
threshold=3620.0000000000005 2385.0000000000005 0.90720126434412152 4051.2500000000005 0.42263555907800016 2150.0000000000005 1266.2500000000002 0.013672348579416202 1123.7500000000002 995.00000000000011
decision_type=2 2 2 2 2 2 2 2 2 2
left_child=1 2 5 -2 -5 6 7 8 -1 -4
right_child=3 -3 9 4 -6 -7 -8 -9 -10 -11
leaf_value=-0.0093795651991399609 0.36287412701356064 -0.083176985916384186 -0.088417336973088831 -0.077148449683318188 0.0090148470380427177 -0.062258473952715582 0.04720479764748689 -0.017374786520144882 0.11868804954916641 -0.034094763447751579
leaf_weight=27.228320121765137 32.090520143508911 40.842480182647705 23.338560104370117 27.228320121765137 35.007840156555176 39.87004017829895 35.980280160903931 29.173200130462646 26.255880117416382 23.338560104370117
leaf_count=28 33 42 24 28 36 41 37 30 27 24
internal_value=-0.00542857 -0.00849802 -0.00545024 0.00257732 -0.003125 -0.00153374 0.00163934 -0.00294118 0.00272727 -0.01875
internal_weight=340.354 246.027 205.185 94.3267 62.2362 158.508 118.638 82.6574 53.4842 46.6771
internal_count=350 253 211 97 64 163 122 85 55 48
is_linear=0
shrinkage=0.05


Tree=428
num_leaves=11
num_cat=0
split_feature=26 26 19 18 24 27 18 18 18 11
split_gain=4.25067 5.7614 4.27434 3.56647 4.86265 2.99581 2.5896 5.00733 2.57036 1.13451
threshold=130.00000000000003 475.00000000000006 0.61933106575963726 0.27746994573345846 0.25174399770982597 955.00000000000011 0.83947322518751111 0.46712018140589578 0.63817082388510971 3360.0000000000005
decision_type=2 2 2 2 2 2 2 2 2 2
left_child=2 -2 3 9 8 -3 7 -7 -5 -1
right_child=1 5 -4 4 -6 6 -8 -9 -10 -11
leaf_value=-0.056061180928645628 -0.095026501494908197 0.69025824265477242 1.14139028272632 -1.2190570559408798 0.10592905859555231 -0.015465029564006728 -0.049075912989871996 0.0087008922214181442 0.1127536470717132 -0.12747543361128919
leaf_weight=31.118080139160156 26.255880117416382 24.311000108718872 28.200760126113892 30.145640134811401 27.228320121765137 33.062960147857666 43.75980019569397 37.92516016960144 42.787360191345215 23.338560104370117
leaf_count=32 27 25 29 31 28 34 45 39 44 24
internal_value=-0.00418994 -0.01 0.00106383 -0.00220126 0.00339806 -0.00594406 -0.00932203 -0.00342466 -0.00333333 -0.0125
internal_weight=348.134 165.315 182.819 154.618 100.161 139.059 114.748 70.9881 72.933 54.4566
internal_count=358 170 188 159 103 143 118 73 75 56
is_linear=0
shrinkage=0.05


Tree=429
num_leaves=11
num_cat=0
split_feature=27 27 20 22 14 11 26 24 26 15
split_gain=2.97498 3.30786 2.61118 2.74187 6.32131 4.71944 2.99287 1.24472 1.21735 0.989459
threshold=130.00000000000003 360.00000000000006 0.48095148990038655 0.0076578949043810008 4106.2500000000009 2620.0000000000005 1085.0000000000002 0.024319727891156401 935.00000000000011 48.750000000000007
decision_type=2 2 2 2 2 2 2 2 2 2
left_child=7 -2 3 8 5 6 -5 -1 -3 -10
right_child=1 2 -4 4 -6 -7 -8 -9 9 -11
leaf_value=-0.099399887857202884 -1.1606094290397209 -0.039111831069237726 -0.054201572629926892 0.059783444009087819 0.11363495919579236 -0.077982649522846267 -0.0010013077570079076 0.11282318583755568 -0.06809601227622579 -0.025774478066603025
leaf_weight=24.311000108718872 29.173200130462646 35.007840156555176 43.75980019569397 31.118080139160156 23.338560104370117 38.897600173950195 29.173200130462646 24.311000108718872 27.228320121765137 25.283440113067627
leaf_count=25 30 36 45 32 24 40 30 25 28 26
internal_value=-0.00542522 -0.00738832 -0.00555556 -0.00324074 0.0015873 -0.00392157 0.00483871 0.006 -0.01 -0.0148148
internal_weight=331.602 282.98 253.807 210.047 122.527 99.1889 60.2913 48.622 87.5196 52.5118
internal_count=341 291 261 216 126 102 62 50 90 54
is_linear=0
shrinkage=0.05


Tree=430
num_leaves=12
num_cat=0
split_feature=14 30 22 11 30 22 18 30 27 19 11
split_gain=2.44605 4.45998 3.26848 3.04573 3.98075 3.62237 3.29878 2.72655 1.63013 0.758503 0.72933
threshold=1126.2500000000002 0.24197731265755099 0.054487982105322907 3720.0000000000005 0.22620005483313388 0.013672348579416202 0.36256301873500213 0.23676646859869618 595.00000000000011 0.51537827252112978 2270.0000000000005
decision_type=2 2 2 2 2 2 2 2 2 2 2
left_child=7 3 10 4 5 8 9 -1 -2 -7 -3
right_child=1 2 -4 -5 -6 6 -8 -9 -10 -11 -12
leaf_value=-0.034069479805134507 -0.030328139545872546 -0.027161179580855333 0.017754364615325358 0.034598230489928029 0.012164980086481592 0.0041179333779723494 -0.035387805935215511 0.26829230986364794 0.098071169615116111 -0.051491493998423725 -0.12205953228999533
leaf_weight=27.228320121765137 24.311000108718872 23.338560104370117 23.338560104370117 44.732240200042725 35.007840156555176 25.283440113067627 33.062960147857666 25.283440113067627 23.338560104370117 23.338560104370117 23.338560104370117
leaf_count=28 25 24 24 46 36 26 34 26 24 24 24
internal_value=-0.00249267 -0.0043554 -0.0152778 -0.000697674 -0.00384615 -0.00789474 -0.0142857 0.00740741 0.00306122 -0.006 -0.0229167
internal_weight=331.602 279.09 70.0157 209.075 164.342 129.335 81.685 52.5118 47.6496 48.622 46.6771
internal_count=341 287 72 215 169 133 84 54 49 50 48
is_linear=0
shrinkage=0.05


Tree=431
num_leaves=11
num_cat=0
split_feature=18 24 24 11 18 16 11 27 15 14
split_gain=1.79128 2.44139 2.14516 6.56397 4.08762 3.1157 4.62123 3.13033 2.79162 8.09326
threshold=0.99886621315192758 1.0000000180025095e-35 0.028231292517006755 1095.0000000000002 0.72222222222222232 4645.0000000000009 2620.0000000000005 1525.0000000000002 191.25000000000003 1206.2500000000002
decision_type=2 2 2 2 2 2 2 2 2 2
left_child=1 -1 3 -3 5 6 8 -8 9 -4
right_child=-2 2 4 -5 -6 -7 7 -9 -10 -11
leaf_value=-0.20469543041787119 0.56234477200366662 0.19793205551413851 -0.053544998703625883 -0.052788668699679422 -0.4595711178703823 0.028964721097690927 -0.074691766051046216 -0.0011195418667284684 -0.013913340031331246 0.36318674475116952
leaf_weight=28.200760126113892 34.035400152206421 23.338560104370117 30.145640134811401 23.338560104370117 26.255880117416382 26.255880117416382 38.897600173950195 29.173200130462646 44.732240200042725 34.035400152206421
leaf_count=29 35 24 31 24 27 27 40 30 46 35
internal_value=-0.00373563 -0.00495208 -0.00352113 0.00625 -0.00550847 -0.00311005 -0.00549451 -0.0157143 0.000892857 0.00757576
internal_weight=338.409 304.374 276.173 46.6771 229.496 203.24 176.984 68.0708 108.913 64.181
internal_count=348 313 284 48 236 209 182 70 112 66
is_linear=0
shrinkage=0.05


Tree=432
num_leaves=11
num_cat=0
split_feature=11 18 14 30 24 18 27 11 15 22
split_gain=2.29506 2.5986 5.65315 4.22283 3.67443 2.72499 2.42919 2.32693 2.19347 2.11362
threshold=3645.0000000000005 0.48242630385487534 1331.2500000000002 0.24233497676656207 0.0011536778454071001 0.29680781873472906 605.00000000000011 4145.0000000000009 41.250000000000007 0.0083901887577947521
decision_type=2 2 2 2 2 2 2 2 2 2
left_child=1 2 -1 5 6 -4 -3 -2 -6 -10
right_child=7 4 3 -5 8 -7 -8 -9 9 -11
leaf_value=-0.18065021673220372 0.1099578880140598 -0.098051316224950835 -0.0160967266885109 -0.13928485980750338 0.015189728927907709 0.10438181856634401 0.0029456447503434903 -0.032340642616645709 -0.041335901023035151 0.015291319384687085
leaf_weight=27.228320121765137 34.035400152206421 33.062960147857666 40.842480182647705 28.200760126113892 26.255880117416382 24.311000108718872 25.283440113067627 36.952720165252686 25.283440113067627 30.145640134811401
leaf_count=28 35 34 42 29 27 25 26 38 26 31
internal_value=-0.00454545 -0.00671642 -0.0120968 -0.00625 -0.00208333 0.000746269 -0.0116667 0.00342466 0.0047619 -0.000877193
internal_weight=331.602 260.614 120.583 93.3542 140.031 65.1535 58.3464 70.9881 81.685 55.4291
internal_count=341 268 124 96 144 67 60 73 84 57
is_linear=0
shrinkage=0.05


Tree=433
num_leaves=12
num_cat=0
split_feature=24 24 29 29 12 14 24 18 30 14 12
split_gain=1.43491 1.92207 2.89534 6.99638 4.50204 3.32166 3.17304 2.91732 2.55012 2.02592 1.66704
threshold=0.63901971044828199 1.0000000180025095e-35 0.017330245091656305 0.018574373807161055 2065.0000000000005 2523.7500000000005 0.074428382464096707 0.4784445524241443 0.20830611193887738 3713.7500000000005 3075.0000000000005
decision_type=2 2 2 2 2 2 2 2 2 2 2
left_child=1 8 4 -4 7 6 -5 -3 -1 -7 -6
right_child=-2 2 3 5 10 9 -8 -9 -10 -11 -12
leaf_value=-0.017754872675186561 -0.064272819130815159 -0.17161770589559638 0.083509310405668211 -0.039269105971879985 0.098374533943183462 -0.078503682083305659 0.016651980971732882 -0.014097443281343658 -0.10520323599312179 -0.0024648593118172359 -0.006471415687019544
leaf_weight=33.062960147857666 29.173200130462646 23.338560104370117 34.035400152206421 26.255880117416382 24.311000108718872 23.338560104370117 30.145640134811401 23.338560104370117 32.090520143508911 23.338560104370117 34.035400152206421
leaf_count=34 30 24 35 27 25 24 31 24 33 24 35
internal_value=-0.00606936 -0.00506329 -0.00301205 0.00177305 -0.00925926 -0.00471698 0.00344828 -0.0208333 -0.0126866 -0.0145833 0
internal_weight=336.464 307.291 242.138 137.114 105.024 103.079 56.4015 46.6771 65.1535 46.6771 58.3464
internal_count=346 316 249 141 108 106 58 48 67 48 60
is_linear=0
shrinkage=0.05


Tree=434
num_leaves=12
num_cat=0
split_feature=26 18 22 18 20 24 30 18 22 26 14
split_gain=3.5567 1.90424 6.06478 1.70177 2.76737 2.73919 1.66763 1.26291 2.27388 2.58696 1.43006
threshold=1205.0000000000002 0.13663076341647773 0.050734318589089257 0.27746994573345846 0.50005093451522031 0.30149802450366919 0.19924416135777032 0.48582766439909303 0.0076578949043810008 935.00000000000011 2150.0000000000005
decision_type=2 2 2 2 2 2 2 2 2 2 2
left_child=1 -1 3 4 -3 7 -2 -5 9 10 -9
right_child=6 2 -4 5 -6 -7 -8 8 -10 -11 -12
leaf_value=-0.12910697586057723 0.011655442404116912 -0.19972880249249558 0.31349110560418014 -0.23488658644109819 -0.030400039701453354 0.018451937519625972 0.0045966582906316949 0.13153738052201333 0.0934558072460277 -0.049173308575223021 -0.086243802702324512
leaf_weight=23.338560104370117 23.338560104370117 23.338560104370117 24.311000108718872 27.228320121765137 28.200760126113892 26.255880117416382 37.92516016960144 33.062960147857666 33.062960147857666 23.338560104370117 33.062960147857666
leaf_count=24 24 24 25 28 29 27 39 34 34 24 34
internal_value=-0.000578035 -0.00300353 -0.00173745 -0.0042735 -0.0122642 -0.0019337 0.0103175 -0.00454545 -0.00238095 -0.00652174 -0.00147059
internal_weight=336.464 275.201 251.862 227.551 51.5393 176.012 61.2637 149.756 122.527 89.4645 66.1259
internal_count=346 283 259 234 53 181 63 154 126 92 68
is_linear=0
shrinkage=0.05


Tree=435
num_leaves=11
num_cat=0
split_feature=25 30 30 18 26 18 24 18 30 16
split_gain=4.67388 8.49559 5.41728 5.31519 1.95526 3.21595 3.82341 3.48438 1.28591 0.987151
threshold=495.00000000000006 0.21603701970819641 0.24881711814353533 0.26378652332664076 1315.0000000000002 0.48242630385487534 0.022343544636538201 0.9610119047619049 0.19489392071939241 4275.0000000000009
decision_type=2 2 2 2 2 2 2 2 2 2
left_child=3 9 -3 -1 5 -5 7 -7 -6 -2
right_child=1 2 -4 4 8 6 -8 -9 -10 -11
leaf_value=1.3108373664541206 0.096081977901235405 -0.095630884058346063 -0.030659185502486253 -1.1403555377738941 0.011072670283920161 -0.046714643146458457 0.089016256667082419 0.022667616720809747 0.0016074565971848642 -0.00022464907810899605
leaf_weight=26.255880117416382 30.145640134811401 39.87004017829895 30.145640134811401 30.145640134811401 23.338560104370117 35.007840156555176 33.062960147857666 25.283440113067627 34.035400152206421 28.200760126113892
leaf_count=27 31 41 31 31 24 36 34 26 35 29
internal_value=-0.0015942 -0.00909091 -0.0208333 0.00305164 0 -0.00354331 0.00104167 -0.00645161 0.00762712 0.005
internal_weight=335.492 128.362 70.0157 207.13 180.874 123.5 93.3542 60.2913 57.374 58.3464
internal_count=345 132 72 213 186 127 96 62 59 60
is_linear=0
shrinkage=0.05


Tree=436
num_leaves=10
num_cat=0
split_feature=11 22 11 11 16 29 29 29 24
split_gain=2.9415 3.302 2.72177 3.52098 3.25837 3.03266 5.06591 3.39262 2.4347
threshold=1075.0000000000002 0.0043788745560072511 3270.0000000000005 4145.0000000000009 3155.0000000000005 0.016632990931437355 0.023944345237044754 0.020384631514822203 0.12660619803476944
decision_type=2 2 2 2 2 2 2 2 2
left_child=1 -1 4 -4 5 8 7 -7 -2
right_child=2 -3 3 -5 -6 6 -8 -9 -10
leaf_value=-0.056318171859004451 -0.014351867305401812 0.038050615113093045 0.098856540807901183 -0.022729067405225581 -0.16508766240597197 0.0042864525462391612 -0.063378298236830236 0.086352298676399653 -0.055876836944685239
leaf_weight=30.145640134811401 29.173200130462646 43.75980019569397 38.897600173950195 37.92516016960144 35.980280160903931 33.062960147857666 30.145640134811401 26.255880117416382 23.338560104370117
leaf_count=31 30 45 40 39 37 34 31 27 24
internal_value=-0.000887574 0.00789474 -0.00343511 0.00443038 -0.0068306 -0.00342466 0.00217391 0.0106557 -0.012963
internal_weight=328.685 73.9054 254.779 76.8228 177.957 141.976 89.4645 59.3188 52.5118
internal_count=338 76 262 79 183 146 92 61 54
is_linear=0
shrinkage=0.05


Tree=437
num_leaves=11
num_cat=0
split_feature=20 18 20 25 27 29 29 14 15 22
split_gain=4.22424 3.57558 3.20954 2.94691 2.27048 1.55812 4.00018 3.63044 4.53 2.02592
threshold=0.4337430153316853 0.24912187097061048 0.37736556527372855 935.00000000000011 1055.0000000000002 0.017635136160266001 0.013908753294164551 2150.0000000000005 56.250000000000007 0.0066859757819143009
decision_type=2 2 2 2 2 2 2 2 2 2
left_child=2 3 5 -2 -5 6 -1 8 -7 -8
right_child=1 -3 -4 4 -6 7 9 -9 -10 -11
leaf_value=0.05416537597864135 0.39850167588315344 -0.19315223013313698 0.013813911521219781 -0.067423777920703296 -6.975828134727636e-05 -0.0010713593804894117 -0.053502263266057073 -0.037886831847140458 0.082225711715818772 -0.049270006360779918
leaf_weight=44.732240200042725 26.255880117416382 24.311000108718872 42.787360191345215 24.311000108718872 23.338560104370117 44.732240200042725 23.338560104370117 34.035400152206421 23.338560104370117 23.338560104370117
leaf_count=46 27 25 44 25 24 46 24 35 24 24
internal_value=-0.00465116 -0.0133663 -0.00102881 -0.00789474 -0.0153061 -0.00376884 -0.00851064 0.00047619 0.00714286 -0.01875
internal_weight=334.519 98.2164 236.303 73.9054 47.6496 193.516 91.4094 102.106 68.0708 46.6771
internal_count=344 101 243 76 49 199 94 105 70 48
is_linear=0
shrinkage=0.05


Tree=438
num_leaves=10
num_cat=0
split_feature=18 27 22 14 26 25 15 14 18
split_gain=3.39475 3.18882 5.65584 4.35939 3.9684 3.60081 2.75122 2.70506 2.64904
threshold=0.26722096245905774 995.00000000000011 0.0076578949043810008 1141.2500000000002 1085.0000000000002 95.000000000000014 22.500000000000117 4080.0000000000005 0.21167620487348379
decision_type=2 2 2 2 2 2 2 2 2
left_child=7 5 3 -3 -4 6 -2 8 -1
right_child=1 2 4 -5 -6 -7 -8 -9 -10
leaf_value=-0.051595127405107633 0.40367859388809396 0.0055567500456390924 0.055910312478681591 -0.36506568997183425 0.00066609113549702674 -0.062624549268753077 -0.15493893769332773 0.099834290345324928 -0.18349461862649152
leaf_weight=41.81492018699646 28.200760126113892 34.035400152206421 42.787360191345215 31.118080139160156 36.952720165252686 27.228320121765137 41.81492018699646 23.338560104370117 23.338560104370117
leaf_count=43 29 35 44 32 38 28 43 24 24
internal_value=-0.00205882 0.00100402 0.0057047 -0.00522388 0.0146341 -0.006 0 -0.0104396 -0.0156716
internal_weight=330.63 242.138 144.894 65.1535 79.7401 97.244 70.0157 88.492 65.1535
internal_count=340 249 149 67 82 100 72 91 67
is_linear=0
shrinkage=0.05


Tree=439
num_leaves=11
num_cat=0
split_feature=20 20 25 15 14 18 15 29 30 26
split_gain=2.89218 4.05924 3.85237 2.96731 2.31332 1.87881 1.48469 3.66283 5.36005 1.58228
threshold=0.48676587301587299 0.46556840513983372 1640.0000000000002 348.75000000000006 2475.0000000000005 0.34328546233308138 86.250000000000014 0.019625800787450905 0.19378030139270608 995.00000000000011
decision_type=2 2 2 2 2 2 2 2 2 2
left_child=1 2 3 5 -2 -1 7 8 -7 -9
right_child=4 -3 -4 -5 -6 6 -8 9 -10 -11
leaf_value=-0.041820838194018967 0.0053085466402308162 0.0948425758280564 -0.064659453111607951 0.096354245654879378 -0.11339914141794907 0.020979230763111902 0.029241283147700872 0.6548987474220781 -0.099881760884511561 0.0024817561240638498
leaf_weight=24.311000108718872 23.338560104370117 23.338560104370117 30.145640134811401 31.118080139160156 30.145640134811401 42.787360191345215 44.732240200042725 26.255880117416382 31.118080139160156 31.118080139160156
leaf_count=25 24 24 31 32 31 44 46 27 32 32
internal_value=-0.00114943 0.000853242 -0.000929368 0.0012605 -0.0118182 -0.000970874 0.000828729 -0.00185185 -0.00921053 0.00762712
internal_weight=338.409 284.925 261.586 231.441 53.4842 200.323 176.012 131.279 73.9054 57.374
internal_count=348 293 269 238 55 206 181 135 76 59
is_linear=0
shrinkage=0.05


Tree=440
num_leaves=11
num_cat=0
split_feature=26 26 30 29 25 28 29 25 15 29
split_gain=4.02585 2.80063 2.70862 5.19175 3.50078 3.44693 3.18905 2.13572 1.95485 1.3892
threshold=1525.0000000000002 2565.0000000000005 0.21603701970819641 0.018130796180023102 1140.0000000000002 1.5000000000000002 0.022220143510459853 745.00000000000011 86.250000000000014 0.026012733763817103
decision_type=2 2 2 2 2 2 2 2 2 2
left_child=2 -2 3 4 5 -1 7 -4 -7 -8
right_child=1 -3 6 -5 -6 8 9 -9 -10 -11
leaf_value=0.29591587591430651 0.086972177427594499 -0.00082927757866855254 -0.052052321557494001 0.61261989694935437 0.010225771017780973 -0.15212271061411686 0.042269366415337122 -0.063374346471027826 -0.018996411083458044 -0.033545468511852049
leaf_weight=24.311000108718872 24.311000108718872 24.311000108718872 33.062960147857666 23.338560104370117 29.173200130462646 25.283440113067627 34.035400152206421 36.952720165252686 37.92516016960144 34.035400152206421
leaf_count=25 25 25 34 24 30 26 35 38 39 35
internal_value=-0.00327381 0.01 -0.00559441 -0.000694444 -0.005 -0.01 -0.0105634 -0.0180556 -0.0161538 -0.00285714
internal_weight=326.74 48.622 278.118 140.031 116.693 87.5196 138.086 70.0157 63.2086 68.0708
internal_count=336 50 286 144 120 90 142 72 65 70
is_linear=0
shrinkage=0.05


Tree=441
num_leaves=11
num_cat=0
split_feature=20 28 30 27 18 14 16 30 18 28
split_gain=3.02186 4.61303 5.60566 5.29576 3.36168 4.66705 2.99242 1.86897 1.31665 1.12237
threshold=0.48676587301587299 3.5000000000000004 0.15539210388166627 995.00000000000011 0.90720126434412152 1188.7500000000002 2655.0000000000005 0.20992882067751598 0.62871720116618091 2.5000000000000004
decision_type=2 2 2 2 2 2 2 2 2 2
left_child=1 2 8 6 5 -5 -4 -7 -1 -2
right_child=9 -3 3 4 -6 7 -8 -9 -10 -11
leaf_value=0.001558250077300727 -0.074221683660539384 0.58198890210187526 -1.1565488689781205 0.038227690642270322 -0.039470299307515694 0.002212323799801652 -1.7746643928697723 -0.026007049266263495 0.28112008211859346 -0.11058696152072117
leaf_weight=26.255880117416382 31.118080139160156 33.062960147857666 33.062960147857666 34.035400152206421 28.200760126113892 27.228320121765137 25.283440113067627 44.732240200042725 24.311000108718872 25.283440113067627
leaf_count=27 32 34 34 35 29 28 26 46 25 26
internal_value=-0.00497076 -0.0028169 -0.0052 -0.00909091 -0.00362319 0.000458716 -0.0216667 -0.00675676 0.00961538 -0.0155172
internal_weight=332.574 276.173 243.11 192.543 134.197 105.996 58.3464 71.9606 50.5669 56.4015
internal_count=342 284 250 198 138 109 60 74 52 58
is_linear=0
shrinkage=0.05


Tree=442
num_leaves=12
num_cat=0
split_feature=16 18 29 29 11 11 30 11 14 26 24
split_gain=2.28442 3.17602 1.8943 4.21755 5.08706 3.9708 3.76846 4.30655 3.63651 2.79265 0.495754
threshold=4735.0000000000009 0.14977166792642982 0.018130796180023102 0.015984265375215453 1615.0000000000002 2175.0000000000005 0.21603701970819641 2385.0000000000005 1166.2500000000002 745.00000000000011 0.022343544636538201
decision_type=2 2 2 2 2 2 2 2 2 2 2
left_child=1 -1 3 4 9 -5 -4 8 10 -3 -8
right_child=-2 2 6 5 -6 -7 7 -9 -10 -11 -12
leaf_value=-0.10505761344468284 0.17898681297565419 0.10124182219659589 0.4199097137111949 -0.00089842988971895472 0.086725886424073917 -0.045858547590228227 0.015855154868563658 -0.026509367258813657 0.037888130054466278 -0.049758692790851461 -0.053437953577395093
leaf_weight=26.255880117416382 23.338560104370117 27.228320121765137 25.283440113067627 23.338560104370117 45.704680204391479 23.338560104370117 25.283440113067627 41.81492018699646 41.81492018699646 25.283440113067627 24.311000108718872
leaf_count=27 24 28 26 24 47 24 26 43 43 26 25
internal_value=-0.00261708 -0.00368732 -0.00224359 -0.00637584 -0.00049505 -0.01875 0.00153374 -0.00182482 0.00425532 -0.0111111 -0.00490196
internal_weight=352.996 329.657 303.401 144.894 98.2164 46.6771 158.508 133.224 91.4094 52.5118 49.5944
internal_count=363 339 312 149 101 48 163 137 94 54 51
is_linear=0
shrinkage=0.05


Tree=443
num_leaves=11
num_cat=0
split_feature=11 29 27 11 15 19 15 22 30 22
split_gain=2.78203 5.45603 3.74632 2.80474 4.24478 4.53261 2.70185 4.02717 2.15365 3.54907
threshold=1055.0000000000002 0.017379973997757755 2565.0000000000005 3720.0000000000005 22.500000000000117 0.54049958607781756 41.250000000000007 0.0091870218023034512 0.22696027561569829 0.023000324407029003
decision_type=2 2 2 2 2 2 2 2 2 2
left_child=1 -1 3 4 -2 6 -6 -8 9 -9
right_child=2 -3 -4 -5 5 -7 7 8 -10 -11
leaf_value=-0.4482544614048834 -0.078245721587904882 0.16119698065599553 -0.042444442869486926 0.12864327248262272 0.015062397125132066 -0.048956187950852839 -0.037928213922680247 0.094975850082119007 0.048141836406512088 -0.047217319196204248
leaf_weight=26.255880117416382 43.75980019569397 28.200760126113892 35.980280160903931 30.145640134811401 24.311000108718872 37.92516016960144 31.118080139160156 24.311000108718872 24.311000108718872 28.200760126113892
leaf_count=27 45 29 37 31 25 39 32 25 25 29
internal_value=-0.00319767 0.00714286 -0.00520833 -0.00298805 -0.005 -0.00142857 0.00294118 -0.00045045 0.0056962 0
internal_weight=334.519 54.4566 280.063 244.082 213.937 170.177 132.252 107.941 76.8228 52.5118
internal_count=344 56 288 251 220 175 136 111 79 54
is_linear=0
shrinkage=0.05


Tree=444
num_leaves=10
num_cat=0
split_feature=18 22 11 14 18 15 26 26 29
split_gain=1.84739 2.91231 2.2422 3.5296 3.3726 2.18178 2.34975 2.57785 4.0473
threshold=0.19004787100025192 0.046515037131027157 2195.0000000000005 3197.5000000000005 0.39365428711167011 146.25000000000003 2525.0000000000005 995.00000000000011 0.015781292975569104
decision_type=2 2 2 2 2 2 2 2 2
left_child=-1 2 5 -4 -5 6 7 8 -2
right_child=1 -3 3 4 -6 -7 -8 -9 -10
leaf_value=0.0035763321538979653 0.36714798811412952 -0.047269740125761933 -0.057551973308295604 -0.04861484571079018 0.13764442560477619 0.0084757178283894063 -0.045148536007832266 0.023082499182146422 -0.16965881261462529
leaf_weight=45.704680204391479 27.228320121765137 32.090520143508911 35.007840156555176 36.952720165252686 33.062960147857666 24.311000108718872 23.338560104370117 43.75980019569397 26.255880117416382
leaf_count=47 28 33 36 38 34 25 24 45 27
internal_value=-0.00400593 -0.00551724 -0.0036965 -0.00925926 -0.00277778 0.00033557 -0.00241935 0.001 -0.00636364
internal_weight=327.712 282.008 249.917 105.024 70.0157 144.894 120.583 97.244 53.4842
internal_count=337 290 257 108 72 149 124 100 55
is_linear=0
shrinkage=0.05


Tree=445
num_leaves=11
num_cat=0
split_feature=18 16 24 11 30 22 24 18 29 22
split_gain=3.41962 4.85418 2.80012 3.93466 2.70303 1.7276 4.07317 2.53575 1.72284 1.67662
threshold=0.48242630385487534 4645.0000000000009 0.0011536778454071001 2065.0000000000005 0.22696027561569829 0.033724508213992706 0.60881159342043711 0.24912187097061048 0.018384441387896706 0.023000324407029003
decision_type=2 2 2 2 2 2 2 2 2 2
left_child=1 5 8 4 -4 9 7 -7 -2 -1
right_child=2 -3 3 -5 -6 6 -8 -9 -10 -11
leaf_value=-0.038064793925616416 -0.088346138420183712 0.047427794977102172 0.084910943015108847 -0.045436814049389797 0.021928374223034553 0.0040599883948289062 -0.19841362447848498 -0.011139926373675736 0.013155152309764162 -0.11401555416287011
leaf_weight=28.200760126113892 39.87004017829895 26.255880117416382 27.228320121765137 34.035400152206421 29.173200130462646 24.311000108718872 30.145640134811401 34.035400152206421 28.200760126113892 28.200760126113892
leaf_count=29 41 27 28 35 30 25 31 35 29 29
internal_value=-0.0019174 -0.00681818 0.00337423 0.00913978 0.0172414 -0.0104027 -0.00604396 0.00166667 -0.00428571 -0.0172414
internal_weight=329.657 171.149 158.508 90.4369 56.4015 144.894 88.492 58.3464 68.0708 56.4015
internal_count=339 176 163 93 58 149 91 60 70 58
is_linear=0
shrinkage=0.05


Tree=446
num_leaves=10
num_cat=0
split_feature=26 14 24 22 14 24 29 18 18
split_gain=1.98172 3.26349 3.27276 4.01626 2.78094 2.68145 2.47687 2.06456 1.65963
threshold=615.00000000000011 3501.2500000000005 0.32007502135053151 0.03727877924953716 1291.2500000000002 0.036281179138321955 0.015781292975569104 0.24912187097061048 0.90720126434412152
decision_type=2 2 2 2 2 2 2 2 2
left_child=1 6 -3 -4 5 8 -1 -8 -2
right_child=4 2 3 -5 -6 -7 7 -9 -10
leaf_value=-0.046890194580737447 0.042081568758658254 -0.075933531212467653 0.040831198326304732 -0.0025112895871643561 0.019809727796882726 -0.032268308487368814 -0.024643808461041774 -1.2532755554164852 -0.0035514235381924665
leaf_weight=41.81492018699646 23.338560104370117 37.92516016960144 26.255880117416382 25.283440113067627 29.173200130462646 43.75980019569397 29.173200130462646 37.92516016960144 24.311000108718872
leaf_count=43 24 39 27 26 30 45 30 39 25
internal_value=-0.00182927 -0.00490196 0.00217391 0.0103774 0.00322581 -0.00106383 -0.0107143 -0.0166667 0.00714286
internal_weight=318.96 198.378 89.4645 51.5393 120.583 91.4094 108.913 67.0984 47.6496
internal_count=328 204 92 53 124 94 112 69 49
is_linear=0
shrinkage=0.05


Tree=447
num_leaves=12
num_cat=0
split_feature=20 27 29 29 15 30 30 20 27 27 14
split_gain=3.73371 3.55063 5.71579 2.89041 3.35511 4.32868 4.58877 1.96732 1.84403 2.93933 0.525118
threshold=0.48676587301587299 2535.0000000000005 0.018230173753597752 0.016632990931437355 22.500000000000117 0.24197731265755099 0.22278277737562743 0.51308921848224465 1005.0000000000001 1.0000000180025095e-35 2613.7500000000005
decision_type=2 2 2 2 2 2 2 2 2 2 2
left_child=1 3 -3 8 -5 6 -6 -2 9 -1 -7
right_child=7 2 -4 4 5 10 -8 -9 -10 -11 -12
leaf_value=0.083831028474844527 -0.17406332494256277 0.0020470199055125705 -0.11596821990386844 0.41371596837324209 -6.6946172194093381e-05 -0.011893097513871 0.095312839365806215 -0.0095113545279218673 0.024882959529622897 -0.46585965480494451 -0.10131064073966628
leaf_weight=28.200760126113892 28.200760126113892 35.007840156555176 23.338560104370117 29.173200130462646 30.145640134811401 24.311000108718872 35.007840156555176 27.228320121765137 35.007840156555176 24.311000108718872 23.338560104370117
leaf_count=29 29 36 24 30 31 25 36 28 36 25 24
internal_value=-0.00127479 0.00101351 -0.01 0.00381356 0.00821918 0.00431034 0.0126866 -0.0131579 -0.00333333 -0.00925926 -0.00714286
internal_weight=343.271 287.842 58.3464 229.496 141.976 112.803 65.1535 55.4291 87.5196 52.5118 47.6496
internal_count=353 296 60 236 146 116 67 57 90 54 49
is_linear=0
shrinkage=0.05


Tree=448
num_leaves=11
num_cat=0
split_feature=20 18 24 22 24 29 29 22 15 19
split_gain=4.78556 3.37256 3.33632 2.5506 2.36748 3.82711 3.25991 2.59626 2.2212 1.34843
threshold=0.48146239122429596 0.24257639563762012 0.42263555907800016 0.020777040729838103 0.019223985890652506 0.019965903494125803 0.015406770231739702 0.0026594270113644005 63.750000000000007 0.56376059195608075
decision_type=2 2 2 2 2 2 2 2 2 2
left_child=1 -1 3 4 5 7 -6 -3 -8 -2
right_child=9 2 -4 -5 6 -7 8 -9 -10 -11
leaf_value=0.088759270725563513 -0.035418655131388734 -0.083178930135591148 -0.025397259099781879 0.0085395596925081918 0.080555604600317576 0.15383772073223556 -0.017975036919870038 0.077317169449941048 -0.11016980890867673 -0.16536015869544374
leaf_weight=23.338560104370117 35.980280160903931 34.035400152206421 38.897600173950195 38.897600173950195 26.255880117416382 30.145640134811401 31.118080139160156 27.228320121765137 25.283440113067627 24.311000108718872
leaf_count=24 37 35 40 40 27 31 32 28 26 25
internal_value=-0.000144928 0.00265018 0.000965251 0.00342466 0.000837989 0.00638298 -0.00529412 -0.000793651 -0.012069 -0.0129032
internal_weight=335.492 275.201 251.862 212.964 174.067 91.4094 82.6574 61.2637 56.4015 60.2913
internal_count=345 283 259 219 179 94 85 63 58 62
is_linear=0
shrinkage=0.05


Tree=449
num_leaves=12
num_cat=0
split_feature=20 20 27 27 11 29 29 29 30 30 16
split_gain=6.59809 3.44036 2.12757 2.39855 1.82603 3.26848 3.08038 2.15536 2.02592 1.57086 1.04799
threshold=0.48676587301587299 0.43591935640469343 1880.0000000000002 2985.0000000000005 2045.0000000000002 0.019625800787450905 0.023443842226493754 0.016949696914734105 0.19243819919093005 0.22300960541281947 1265.0000000000002
decision_type=2 2 2 2 2 2 2 2 2 2 2
left_child=1 2 4 10 6 8 7 -1 -6 -2 -4
right_child=9 -3 3 -5 5 -7 -8 -9 -10 -11 -12
leaf_value=-0.048645560223326362 -0.024063571983583644 0.042461779459586069 -0.038678270030266054 0.0024860106199753318 0.037109169774771543 0.12188818959773472 -0.03837630113675914 0.034397034879305011 -0.018279680996283788 -0.15489539663481083 -0.0051693832327487149
leaf_weight=40.842480182647705 25.283440113067627 37.92516016960144 23.338560104370117 26.255880117416382 23.338560104370117 23.338560104370117 23.338560104370117 23.338560104370117 23.338560104370117 27.228320121765137 24.311000108718872
leaf_count=42 26 39 24 27 24 24 24 24 24 28 25
internal_value=-0.000453172 0.00270758 0.000420168 -0.00657895 0.0037037 0.00972222 -0.00111111 0.00454545 0.00208333 -0.0166667 -0.0132653
internal_weight=321.878 269.366 231.441 73.9054 157.535 70.0157 87.5196 64.181 46.6771 52.5118 47.6496
internal_count=331 277 238 76 162 72 90 66 48 54 49
is_linear=0
shrinkage=0.05


Tree=450
num_leaves=10
num_cat=0
split_feature=23 15 16 14 16 20 24 29 26
split_gain=1.66748 3.93838 7.225 3.40708 5.55356 2.47414 3.89319 3.1439 2.9035
threshold=0.27746994573345846 191.25000000000003 4275.0000000000009 2475.0000000000005 4205.0000000000009 0.27007369614512472 0.077664399092970515 0.014809731492041503 965.00000000000011
decision_type=2 2 2 2 2 2 2 2 2
left_child=3 5 -3 -1 -5 6 7 -2 -9
right_child=1 2 -4 4 -6 -7 -8 8 -10
leaf_value=0.040278492782999824 -0.4484499107834381 0.59713320225987443 -0.00074936757064278945 -0.24815695289696579 0.0091062898945892812 -0.036744356528754456 0.074672365881565381 0.087061299053584673 -0.013806176814216543
leaf_weight=26.255880117416382 27.228320121765137 27.228320121765137 31.118080139160156 37.92516016960144 26.255880117416382 36.952720165252686 32.090520143508911 34.035400152206421 44.732240200042725
leaf_count=27 28 28 32 39 27 38 33 35 46
internal_value=-0.00015015 0.00208333 0.0133333 -0.00591398 -0.0121212 -0.00166667 0.00140845 -0.00321101 0.00185185
internal_weight=323.823 233.386 58.3464 90.4369 64.181 175.039 138.086 105.996 78.7676
internal_count=333 240 60 93 66 180 142 109 81
is_linear=0
shrinkage=0.05


Tree=451
num_leaves=11
num_cat=0
split_feature=27 29 11 11 29 18 22 15 15 18
split_gain=5.35683 3.66535 3.65051 4.81368 8.70322 4.05095 2.61281 2.3071 3.36216 2.78253
threshold=2565.0000000000005 0.016818869133432602 1055.0000000000002 3230.0000000000005 0.017801593966907153 0.14977166792642982 0.032161157450829758 78.750000000000014 41.250000000000007 0.91899391335481562
decision_type=2 2 2 2 2 2 2 2 2 2
left_child=2 -2 -1 5 -5 -4 7 8 9 -7
right_child=1 -3 3 4 -6 6 -8 -9 -10 -11
leaf_value=0.13912146617094551 -0.00071189919210610251 -0.22415722411319622 -0.062216372279272042 -0.032254484930035687 0.30582060899939734 0.022333668222131564 0.021058715036042487 0.092871421289146383 -0.045522973371453196 -0.02666915218724171
leaf_weight=34.035400152206421 25.283440113067627 25.283440113067627 23.338560104370117 23.338560104370117 34.035400152206421 33.062960147857666 45.704680204391479 37.92516016960144 33.062960147857666 23.338560104370117
leaf_count=35 26 26 24 24 35 34 47 39 34 24
internal_value=-0.00229885 -0.0173077 0.000337838 -0.00172414 0.0110169 -0.00544554 -0.00280899 -0.00648855 -0.0108696 -0.00344828
internal_weight=338.409 50.5669 287.842 253.807 57.374 196.433 173.094 127.39 89.4645 56.4015
internal_count=348 52 296 261 59 202 178 131 92 58
is_linear=0
shrinkage=0.05


Tree=452
num_leaves=12
num_cat=0
split_feature=30 20 28 15 27 18 30 20 11 15 30
split_gain=1.941 2.57996 3.64751 4.00591 5.10648 3.72716 4.93706 3.47221 3.31175 2.50426 4.31116
threshold=0.18299584433447588 0.48676587301587299 3.5000000000000004 22.500000000000117 995.00000000000011 0.60887503149407929 0.24043999694446569 0.50903952057013291 1085.0000000000002 285.00000000000028 0.15539210388166627
decision_type=2 2 2 2 2 2 2 2 2 2 2
left_child=9 2 3 -2 -5 6 -6 -3 -7 10 -1
right_child=1 7 -4 4 5 8 -8 -9 -10 -11 -12
leaf_value=-0.052831752469114694 0.10000592581116052 -0.19126159635100068 0.52844071834258555 -2.0883197218917076 0.045565816622024614 0.012172941387848369 -0.0066400550501157342 0.0091284396603668935 -0.019667488524157763 0.019405765459396207 -0.025335694577870528
leaf_weight=44.732240200042725 26.255880117416382 23.338560104370117 30.145640134811401 34.035400152206421 27.228320121765137 25.283440113067627 24.311000108718872 24.311000108718872 24.311000108718872 29.173200130462646 28.200760126113892
leaf_count=46 27 24 31 35 28 26 25 25 25 30 29
internal_value=-0.00327635 -0.000813008 0.00177665 -0.00120482 -0.00467626 0.000961538 0.0103774 -0.0112245 -0.00882353 -0.00904762 -0.014
internal_weight=341.326 239.22 191.571 161.425 135.169 101.134 51.5393 47.6496 49.5944 102.106 72.933
internal_count=351 246 197 166 139 104 53 49 51 105 75
is_linear=0
shrinkage=0.05


Tree=453
num_leaves=11
num_cat=0
split_feature=16 29 11 24 11 24 11 30 14 25
split_gain=2.83258 3.13208 2.85906 5.67127 2.91732 3.02067 2.37453 3.24193 4.46133 2.34
threshold=4170.0000000000009 0.016096101144398352 1615.0000000000002 0.028231292517006755 2175.0000000000005 0.30149802450366919 1095.0000000000002 0.24994796080705359 1118.7500000000002 1015.0000000000001
decision_type=2 2 2 2 2 2 2 2 2 2
left_child=2 -2 6 -4 -5 -6 7 8 -1 -7
right_child=1 -3 3 4 5 9 -8 -9 -10 -11
leaf_value=-0.43124049250671992 0.0077602517595323668 -0.065485637948881958 0.7037440997199611 0.087914274575200582 -0.093541838167811878 -0.022459265621500892 -0.018118901412867674 0.019954252976174303 0.015249143262587951 0.043287525790924521
leaf_weight=28.200760126113892 24.311000108718872 45.704680204391479 24.311000108718872 24.311000108718872 23.338560104370117 26.255880117416382 42.787360191345215 24.311000108718872 37.92516016960144 23.338560104370117
leaf_count=29 25 47 25 25 24 27 44 25 39 24
internal_value=-0.00359281 -0.0125 -0.00114504 0.0044 -0.001 -0.006 -0.00620438 -0.0016129 -0.00735294 0.000980392
internal_weight=324.795 70.0157 254.779 121.555 97.244 72.933 133.224 90.4369 66.1259 49.5944
internal_count=334 72 262 125 100 75 137 93 68 51
is_linear=0
shrinkage=0.05


Tree=454
num_leaves=11
num_cat=0
split_feature=30 22 30 15 27 16 30 12 24 22
split_gain=3.10998 4.22954 3.08992 3.10946 4.47887 3.71193 3.42947 2.11776 1.39455 1.98196
threshold=0.19489392071939241 0.023000324407029003 0.21603701970819641 228.75000000000003 1385.0000000000002 1175.0000000000002 0.24994796080705359 2525.0000000000005 1.0000000180025095e-35 0.013194454440123802
decision_type=2 2 2 2 2 2 2 2 2 2
left_child=1 8 -2 5 -5 6 -4 -7 -1 -10
right_child=2 -3 3 4 -6 7 -8 -9 9 -11
leaf_value=-0.059256114834988695 0.058933126565011665 -0.023055385412669695 -0.40967846788138335 0.00034954945208482969 -0.45335360046037754 0.041123149501368063 0.010566581669638709 0.0015903303783034062 0.13129105230855204 -0.0020346050934449524
leaf_weight=25.283440113067627 44.732240200042725 43.75980019569397 23.338560104370117 30.145640134811401 25.283440113067627 35.007840156555176 24.311000108718872 23.338560104370117 30.145640134811401 25.283440113067627
leaf_count=26 46 45 24 31 26 36 25 24 31 26
internal_value=-0.00235294 -0.00859375 0.00141509 -0.00180723 -0.0114035 0.00321101 -0.00714286 0.0116667 -0.00180723 0.00263158
internal_weight=330.63 124.472 206.157 161.425 55.4291 105.996 47.6496 58.3464 80.7125 55.4291
internal_count=340 128 212 166 57 109 49 60 83 57
is_linear=0
shrinkage=0.05


Tree=455
num_leaves=11
num_cat=0
split_feature=24 27 27 22 18 29 29 30 18 22
split_gain=3.25222 2.5874 3.79318 3.2047 4.61706 4.68588 3.43214 2.52582 3.06203 1.32671
threshold=1.0000000180025095e-35 2975.0000000000005 2525.0000000000005 0.050734318589089257 0.42578384737353592 0.021984675784397105 0.016632990931437355 0.18077093205053862 0.22396532309068753 0.00091086781934990009
decision_type=2 2 2 2 2 2 2 2 2 2
left_child=9 2 3 4 7 6 -6 -2 -9 -1
right_child=1 -3 -4 -5 5 -7 -8 8 -10 -11
leaf_value=-0.030895441732945984 0.015722088442407769 0.07616553893385572 -0.030263300685646755 0.20683620391907881 0.01148291198305742 -0.03183442830536478 0.066959314116343191 -0.016162385657980848 -0.43487509609974495 -0.17169881709222637
leaf_weight=31.118080139160156 31.118080139160156 29.173200130462646 26.255880117416382 36.952720165252686 29.173200130462646 28.200760126113892 33.062960147857666 23.338560104370117 31.118080139160156 30.145640134811401
leaf_count=32 32 30 27 38 30 29 34 24 32 31
internal_value=-0.00309735 -0.000724638 -0.00243902 -0.000228311 -0.00303867 0.00483871 0.0125 -0.0113636 -0.0178571 -0.0134921
internal_weight=329.657 268.393 239.22 212.964 176.012 90.4369 62.2362 85.5747 54.4566 61.2637
internal_count=339 276 246 219 181 93 64 88 56 63
is_linear=0
shrinkage=0.05


Tree=456
num_leaves=12
num_cat=0
split_feature=18 22 11 18 18 25 22 29 29 15 22
split_gain=3.86439 4.38293 1.59131 3.32893 2.73055 3.60401 2.3881 2.75486 2.47475 2.41631 1.60624
threshold=0.13663076341647773 0.050734318589089257 4145.0000000000009 0.22396532309068753 0.32207105064247926 920.00000000000011 0.021032778429127954 0.023443842226493754 0.019965903494125803 56.250000000000007 0.0033513225575603008
decision_type=2 2 2 2 2 2 2 2 2 2 2
left_child=-1 2 3 -2 -5 6 7 8 9 10 -6
right_child=1 -3 -4 4 5 -7 -8 -9 -10 -11 -12
leaf_value=-0.066336155247540773 0.017524305240635842 0.19649439372312827 -0.03443919220680982 -0.082321488673233037 -0.13024131252193458 0.58643441503720628 -0.018438268928639447 -0.030242706890101091 0.047670516213247541 0.063611348410518076 0.00021911404485308594
leaf_weight=24.311000108718872 25.283440113067627 27.228320121765137 32.090520143508911 25.283440113067627 24.311000108718872 23.338560104370117 27.228320121765137 35.007840156555176 23.338560104370117 35.007840156555176 25.283440113067627
leaf_count=25 26 28 33 26 25 24 28 36 24 36 26
internal_value=-0.00281899 -0.00128205 -0.00316901 -0.00179283 -0.00377778 -0.00175879 -0.00428571 -0.00170068 0.00225225 -0.00172414 -0.00882353
internal_weight=327.712 303.401 276.173 244.082 218.799 193.516 170.177 142.949 107.941 84.6023 49.5944
internal_count=337 312 284 251 225 199 175 147 111 87 51
is_linear=0
shrinkage=0.05


Tree=457
num_leaves=12
num_cat=0
split_feature=18 18 22 11 20 22 11 29 30 11 30
split_gain=3.35207 6.77108 3.2136 3.89639 2.24773 2.10229 2.13188 2.19076 2.13707 3.05977 0.720104
threshold=0.14557823129251699 0.22396532309068753 0.023000324407029003 3205.0000000000005 0.36599678760393045 0.017244415398537803 1105.0000000000002 0.020893244827974101 0.22930365759550828 3025.0000000000005 0.19626078985562598
decision_type=2 2 2 2 2 2 2 2 2 2 2
left_child=-1 -2 5 4 -4 6 7 10 9 -8 -3
right_child=1 2 3 -5 -6 -7 8 -9 -10 -11 -12
leaf_value=-0.063019347485169422 0.029677221487872885 0.068748622754037578 -0.014855966735149197 0.032900432618748712 -0.078205414239573667 0.066741441400313309 -0.07398354918730092 0.027208575503823343 -0.042309476693299077 0.12264018235678123 -0.025825204776583635
leaf_weight=25.283440113067627 42.787360191345215 25.283440113067627 23.338560104370117 27.228320121765137 28.200760126113892 24.311000108718872 37.92516016960144 28.200760126113892 25.283440113067627 29.173200130462646 23.338560104370117
leaf_count=26 44 26 24 28 29 25 39 29 26 30 24
internal_value=-0.00171429 -0.000308642 -0.00321429 -0.0117284 -0.0198113 0.000251256 -0.00172414 0.00443038 -0.00684211 -0.00217391 -0.002
internal_weight=340.354 315.071 272.283 78.7676 51.5393 193.516 169.205 76.8228 92.3818 67.0984 48.622
internal_count=350 324 280 81 53 199 174 79 95 69 50
is_linear=0
shrinkage=0.05


Tree=458
num_leaves=11
num_cat=0
split_feature=14 11 14 16 15 29 14 19 20 16
split_gain=3.56186 3.55701 4.92235 2.74044 2.20036 2.0218 6.77795 2.82925 4.08823 2.39512
threshold=1166.2500000000002 3230.0000000000005 4591.2500000000009 1135.0000000000002 371.25000000000006 0.020384631514822203 2475.0000000000005 0.45941413300013884 0.38479809237610901 2050.0000000000005
decision_type=2 2 2 2 2 2 2 2 2 2
left_child=3 5 4 -1 -3 7 -7 8 9 -2
right_child=1 2 -4 -5 -6 6 -8 -9 -10 -11
leaf_value=-0.011473508406322708 -0.34054738395121831 0.012575907683844889 -0.040194002858652315 0.04964937302362387 0.015164228904200173 0.27189492742128324 -0.0742951435275927 -0.051522279650157543 0.34493380389092182 -0.0010493642751043808
leaf_weight=44.732240200042725 29.173200130462646 36.952720165252686 23.338560104370117 39.87004017829895 24.311000108718872 30.145640134811401 31.118080139160156 23.338560104370117 23.338560104370117 34.035400152206421
leaf_count=46 30 38 24 41 25 31 32 24 24 35
internal_value=-0.00257143 -0.00551331 0.00287356 0.00632184 0.0103175 -0.00965909 -0.00238095 -0.0137168 -0.00955056 -0.0161538
internal_weight=340.354 255.752 84.6023 84.6023 61.2637 171.149 61.2637 109.886 86.5472 63.2086
internal_count=350 263 87 87 63 176 63 113 89 65
is_linear=0
shrinkage=0.05


Tree=459
num_leaves=11
num_cat=0
split_feature=11 22 22 14 30 30 29 11 27 15
split_gain=3.89034 3.69783 4.17918 2.09847 2.04272 2.30648 2.10236 1.89672 1.67948 1.90293
threshold=1115.0000000000002 0.058276589618827403 0.044644107948355057 1160.0000000000002 0.23896952104499278 0.20786631002851833 0.015781292975569104 2740.0000000000005 2150.0000000000005 33.750000000000007
decision_type=2 2 2 2 2 2 2 2 2 2
left_child=3 2 4 8 5 6 7 -2 9 -1
right_child=1 -3 -4 -5 -6 -7 -8 -9 -10 -11
leaf_value=0.018287971755330545 -0.073092332795340553 0.19189129672936361 -0.9427741270536899 0.032915413927469217 -0.023531441903742234 0.032153260442737523 -0.10300270023892609 0.0085084170193567843 0.01235535599105333 -0.42213144943648334
leaf_weight=32.090520143508911 24.311000108718872 35.007840156555176 23.338560104370117 24.311000108718872 33.062960147857666 45.704680204391479 26.255880117416382 34.035400152206421 23.338560104370117 24.311000108718872
leaf_count=33 25 36 24 25 34 47 27 35 24 25
internal_value=-0.00283582 -0.00657895 -0.009375 0.00514019 -0.00654762 -0.00373134 -0.00862069 -0.00333333 0.00121951 -0.00344828
internal_weight=325.767 221.716 186.708 104.051 163.37 130.307 84.6023 58.3464 79.7401 56.4015
internal_count=335 228 192 107 168 134 87 60 82 58
is_linear=0
shrinkage=0.05


Tree=460
num_leaves=12
num_cat=0
split_feature=15 18 11 22 26 15 20 19 26 30 14
split_gain=2.79487 4.40008 2.23911 6.99117 3.65622 4.55836 2.07111 3.02438 1.94612 1.41849 0.705919
threshold=776.25000000000011 0.99886621315192758 1125.0000000000002 0.011518453884917602 475.00000000000006 371.25000000000006 0.48676587301587299 0.45225623582766444 2565.0000000000005 0.24233497676656207 1128.7500000000002
decision_type=2 2 2 2 2 2 2 2 2 2 2
left_child=1 2 8 -4 5 6 7 -5 9 10 -1
right_child=-2 -3 3 4 -6 -7 -8 -9 -10 -11 -12
leaf_value=0.052371116703534427 -0.039791965737867946 0.97911308662173724 -0.43460150245400658 -0.20074266184387854 0.0662508485826038 0.015582589554173866 -0.045969840251586902 0.073664196385243491 -0.014626923663206526 0.0075613310025346436 0.066261455754136028
leaf_weight=23.338560104370117 34.035400152206421 27.228320121765137 28.200760126113892 25.283440113067627 27.228320121765137 32.090520143508911 31.118080139160156 30.145640134811401 24.311000108718872 23.338560104370117 29.173200130462646
leaf_count=24 35 28 29 26 28 33 32 31 25 24 30
internal_value=0.000724638 0.00225806 0.00035461 -0.00307263 0.00133333 -0.00245902 -0.00842697 -0.00263158 0.00631068 0.0102564 0.0148148
internal_weight=335.492 301.456 274.228 174.067 145.866 118.638 86.5472 55.4291 100.161 75.8503 52.5118
internal_count=345 310 282 179 150 122 89 57 103 78 54
is_linear=0
shrinkage=0.05


Tree=461
num_leaves=10
num_cat=0
split_feature=18 14 19 15 18 11 22 18 24
split_gain=3.7727 2.59717 2.20224 2.94792 5.22544 2.55589 5.48512 2.25493 2.99095
threshold=0.1555524704212751 4591.2500000000009 0.50860999670523488 378.75000000000006 0.32207105064247926 2740.0000000000005 0.0026594270113644005 0.78407029478458068 0.14652845265090161
decision_type=2 2 2 2 2 2 2 2 2
left_child=-1 2 3 4 -2 6 -6 8 -8
right_child=1 -3 -4 -5 5 -7 7 -9 -10
leaf_value=-0.080759199305862242 -0.14387948689852692 -0.037802367450967725 0.020123505228434625 0.4212634786630588 -0.10287682534615215 0.03836038465349248 -0.072750788943267253 0.049752560868353161 0.010938917279497674
leaf_weight=26.255880117416382 26.255880117416382 23.338560104370117 44.732240200042725 27.228320121765137 35.980280160903931 39.87004017829895 36.952720165252686 44.732240200042725 30.145640134811401
leaf_count=27 27 24 46 28 37 41 38 46 31
internal_value=-0.00217391 -0.000628931 0.000680272 -0.00120968 -0.00318182 -0.000259067 -0.00328947 0.00217391 -0.00362319
internal_weight=335.492 309.236 285.897 241.165 213.937 187.681 147.811 111.831 67.0984
internal_count=345 318 294 248 220 193 152 115 69
is_linear=0
shrinkage=0.05


Tree=462
num_leaves=10
num_cat=0
split_feature=11 16 27 17 30 29 29 14 15
split_gain=2.70296 3.55286 4.70461 3.86071 3.85237 3.39267 2.71017 2.26549 0.904223
threshold=1095.0000000000002 2705.0000000000005 955.00000000000011 8.7500000000000018 0.20389682208176158 0.020532980868485703 0.018384441387896706 1121.2500000000002 378.75000000000006
decision_type=2 2 2 2 2 2 2 2 2
left_child=5 3 -3 -2 -5 7 8 -1 -4
right_child=1 2 6 4 -6 -7 -8 -9 -10
leaf_value=-0.043392273062033838 -0.14166437829076131 0.61380821636755634 -0.0065888282400010214 0.023358746743042502 -0.030813158082730753 0.17276002643441191 -0.071023953437656925 0.0038729128495788249 0.050485043302023774
leaf_weight=24.311000108718872 33.062960147857666 42.787360191345215 26.255880117416382 26.255880117416382 36.952720165252686 33.062960147857666 37.92516016960144 29.173200130462646 25.283440113067627
leaf_count=25 34 44 27 27 38 34 39 30 26
internal_value=-0.00246914 -0.00531915 0 -0.0126263 -0.00538462 0.00505618 -0.00652174 -0.00272727 0.000943396
internal_weight=315.071 228.523 132.252 96.2716 63.2086 86.5472 89.4645 53.4842 51.5393
internal_count=324 235 136 99 65 89 92 55 53
is_linear=0
shrinkage=0.05


Tree=463
num_leaves=12
num_cat=0
split_feature=19 18 11 14 24 14 15 30 30 29 29
split_gain=2.77356 3.18725 2.83055 2.41125 1.94488 1.66199 5.42848 1.56568 2.33247 3.62296 3.34625
threshold=0.50860999670523488 0.3297263960529267 3230.0000000000005 2505.0000000000005 0.39176602540657846 3763.7500000000005 176.25000000000003 0.14228473516806253 0.19489392071939241 0.019816422259881655 0.023944345237044754
decision_type=2 2 2 2 2 2 2 2 2 2 2
left_child=1 4 3 -2 -1 6 7 -3 -9 -10 -11
right_child=2 5 -4 -5 -6 -7 -8 8 9 10 -12
leaf_value=-0.019964152800002924 0.022190809405901749 -0.32463752701753495 0.044704834250433124 -0.011777839318256156 -0.13687915819607496 -0.038436501243495513 0.54203279842213303 0.027215978936942522 -0.07566180423914376 0.012403373588449541 -0.024695378183378126
leaf_weight=24.311000108718872 24.311000108718872 27.228320121765137 28.200760126113892 23.338560104370117 24.311000108718872 31.118080139160156 24.311000108718872 32.090520143508911 35.980280160903931 32.090520143508911 31.118080139160156
leaf_count=25 25 28 29 24 25 32 25 33 37 33 32
internal_value=-0.00201149 -0.00444444 0.00641026 -0.00102041 -0.016 -0.00181818 0 -0.00337423 -0.00111111 -0.00490196 0.00230769
internal_weight=338.409 262.559 75.8503 47.6496 48.622 213.937 182.819 158.508 131.279 99.1889 63.2086
internal_count=348 270 78 49 50 220 188 163 135 102 65
is_linear=0
shrinkage=0.05


Tree=464
num_leaves=11
num_cat=0
split_feature=14 26 26 6 25 29 18 26 26 29
split_gain=1.86377 2.18799 3.9708 2.92632 2.49713 2.11045 1.3336 3.84694 3.48737 1.5514
threshold=2003.7500000000002 130.00000000000003 965.00000000000011 1.5000000000000002 1035.0000000000002 0.018384441387896706 0.83947322518751111 2290.0000000000005 90.000000000000128 0.018384441387896706
decision_type=2 2 2 2 2 2 2 2 2 2
left_child=6 3 -3 4 -2 -6 7 8 -1 -8
right_child=1 2 -4 -5 5 -7 9 -9 -10 -11
leaf_value=0.0043920901440287711 -0.046276710084180196 -0.070747560896325015 0.00051606287386221086 0.92017372139962395 0.011238188816969343 -0.051721358701479404 -0.091780280213788507 -0.017519024945386263 0.14131211311553216 0.00087670526817191792
leaf_weight=25.283440113067627 35.007840156555176 23.338560104370117 23.338560104370117 26.255880117416382 44.732240200042725 34.035400152206421 30.145640134811401 24.311000108718872 31.118080139160156 34.035400152206421
leaf_count=26 36 24 24 27 46 35 31 25 32 35
internal_value=-0.00190616 -0.00520833 -0.0145833 -0.00208333 -0.00555556 -0.000617284 0.00234899 0.00662651 0.0137931 -0.0030303
internal_weight=331.602 186.708 46.6771 140.031 113.775 78.7676 144.894 80.7125 56.4015 64.181
internal_count=341 192 48 144 117 81 149 83 58 66
is_linear=0
shrinkage=0.05


Tree=465
num_leaves=11
num_cat=0
split_feature=11 14 27 29 14 14 24 29 30 15
split_gain=2.66236 4.76555 5.40652 4.44702 3.80144 3.92568 3.8577 3.76281 4.87433 0.72933
threshold=3695.0000000000005 2150.0000000000005 655.00000000000011 0.017635136160266001 1331.2500000000002 1141.2500000000002 0.0037320483749055003 0.016949696914734105 0.23957871820334578 101.25000000000001
decision_type=2 2 2 2 2 2 2 2 2 2
left_child=1 4 -3 -2 5 6 -1 -4 -9 -7
right_child=3 2 7 -5 -6 9 -8 8 -10 -11
leaf_value=-0.033435727263986338 -0.011015458373753973 -0.12429775184250502 0.020519359494755918 0.40215159553185914 0.092844670342992694 -0.13859166890230198 0.046149000356217586 -0.069591284667831141 0.0014412762136544188 -0.013151372041227205
leaf_weight=35.007840156555176 25.283440113067627 44.732240200042725 27.228320121765137 27.228320121765137 34.035400152206421 23.338560104370117 40.842480182647705 23.338560104370117 28.200760126113892 23.338560104370117
leaf_count=36 26 46 28 28 35 24 42 24 29 24
internal_value=-0.00292398 -0.00486111 -0.0122047 0.00740741 0.000931677 -0.0031746 0.00384615 -0.00432099 -0.0122642 -0.0145833
internal_weight=332.574 280.063 123.5 52.5118 156.563 122.527 75.8503 78.7676 51.5393 46.6771
internal_count=342 288 127 54 161 126 78 81 53 48
is_linear=0
shrinkage=0.05


Tree=466
num_leaves=11
num_cat=0
split_feature=20 20 25 30 24 18 25 27 27 22
split_gain=4.11219 3.49396 4.28625 3.67849 3.69958 2.59959 2.25857 1.88197 2.64017 0.84675
threshold=0.48676587301587299 0.41990432105402747 595.00000000000011 0.22138660717042893 0.024319727891156401 0.97074829931972795 1005.0000000000001 2595.0000000000005 845 0.016723693225946901
decision_type=2 2 2 2 2 2 2 2 2 2
left_child=1 3 -3 5 -5 7 -2 8 -1 -6
right_child=6 2 -4 4 9 -7 -8 -9 -10 -11
leaf_value=-0.16356427320329203 -0.099876829910476778 0.59223542061142787 -0.0055769737479749899 -0.0035047619889837737 -0.32420980104069486 0.91629228866056567 -0.019881059598969842 -0.02380185166410911 0.011432123824306473 -0.035364759518324719
leaf_weight=36.952720165252686 30.145640134811401 25.283440113067627 30.145640134811401 43.75980019569397 24.311000108718872 24.311000108718872 30.145640134811401 23.338560104370117 45.704680204391479 23.338560104370117
leaf_count=38 31 26 31 45 25 25 31 24 47 24
internal_value=-0.00590778 -0.00333333 0.00789474 -0.00614035 -0.0138298 -0.000746269 -0.0177419 -0.00412844 -0.000588235 -0.0234694
internal_weight=337.437 277.145 55.4291 221.716 91.4094 130.307 60.2913 105.996 82.6574 47.6496
internal_count=347 285 57 228 94 134 62 109 85 49
is_linear=0
shrinkage=0.05


Tree=467
num_leaves=11
num_cat=0
split_feature=25 29 27 27 27 14 14 26 11 20
split_gain=2.41317 4.68096 3.72626 3.24642 2.66241 2.59317 1.72981 1.45218 1.33336 0.665312
threshold=495.00000000000006 0.017330245091656305 75.000000000000014 1025.0000000000002 1005.0000000000001 1128.7500000000002 4523.7500000000009 1035.0000000000002 1960.0000000000002 0.4337430153316853
decision_type=2 2 2 2 2 2 2 2 2 2
left_child=1 2 -1 -2 8 -6 9 -4 -3 -5
right_child=3 4 7 6 5 -7 -8 -9 -10 -11
leaf_value=0.65793852102027595 -0.083420598270186025 0.56262364958085986 -2.1257449864049138 0.16083018473882477 0.016247652466893216 -0.020976744988263366 -0.035409020872248224 -0.017760431132728627 0.10441292687787609 -0.0052981250605853352
leaf_weight=32.090520143508911 45.704680204391479 30.145640134811401 24.311000108718872 25.283440113067627 26.255880117416382 26.255880117416382 29.173200130462646 34.035400152206421 26.255880117416382 27.228320121765137
leaf_count=33 47 31 25 26 27 27 30 35 27 28
internal_value=-0.00416667 -0.000731707 -0.00913978 -0.00954198 0.00625 -0.00185185 -0.00357143 -0.0166667 0.0137931 0.00185185
internal_weight=326.74 199.35 90.4369 127.39 108.913 52.5118 81.685 58.3464 56.4015 52.5118
internal_count=336 205 93 131 112 54 84 60 58 54
is_linear=0
shrinkage=0.05


Tree=468
num_leaves=12
num_cat=0
split_feature=27 20 22 30 26 29 11 29 29 22 15
split_gain=2.76106 5.0264 4.97499 3.34886 6.64078 3.60163 3.04291 2.72519 2.32609 1.91964 0.934834
threshold=2565.0000000000005 0.48146239122429596 0.050734318589089257 0.21776469879746937 1055.0000000000002 0.014809731492041503 2165.0000000000005 0.016949696914734105 0.018574373807161055 0.010574353013517652 71.250000000000014
decision_type=2 2 2 2 2 2 2 2 2 2 2
left_child=1 2 3 5 6 9 -5 -2 -3 -1 -7
right_child=7 8 -4 4 -6 10 -8 -9 -10 -11 -12
leaf_value=-0.42834418032362009 -0.00083556835265881097 -0.069279496660931278 0.5091653002331441 -0.063452937959471004 0.010339226143901216 0.19449769169091269 -0.13633108186775189 -0.42190478519701174 -0.05968723215994487 0.13522049142724199 0.049287055580521155
leaf_weight=24.311000108718872 29.173200130462646 27.228320121765137 25.283440113067627 32.090520143508911 32.090520143508911 24.311000108718872 25.283440113067627 24.311000108718872 30.145640134811401 28.200760126113892 28.200760126113892
leaf_count=25 30 28 26 33 33 25 26 25 31 29 29
internal_value=-0.00323529 -0.00122807 0.00221239 -0.0005 -0.0076087 0.00555556 -0.0177966 -0.0136364 -0.0144068 -0.0037037 0.0148148
internal_weight=330.63 277.145 219.771 194.488 89.4645 105.024 57.374 53.4842 57.374 52.5118 52.5118
internal_count=340 285 226 200 92 108 59 55 59 54 54
is_linear=0
shrinkage=0.05


Tree=469
num_leaves=12
num_cat=0
split_feature=11 26 11 29 29 20 20 17 29 29 18
split_gain=5.41088 7.14781 3.72365 3.48285 5.59083 3.13064 3.39926 2.94436 2.20168 1.43364 1.37286
threshold=3695.0000000000005 475.00000000000006 2620.0000000000005 0.015955159499210305 0.023944345237044754 0.48095148990038655 0.39676714955554454 128.75000000000003 0.020741743618426803 0.018834141677800904 0.78407029478458068
decision_type=2 2 2 2 2 2 2 2 2 2 2
left_child=1 2 5 -3 9 6 10 -2 -4 -5 -1
right_child=7 3 8 4 -6 -7 -8 -9 -10 -11 -12
leaf_value=-0.17033159047155097 0.12733041049023086 -0.036740355180018017 -0.0074975715865775788 0.10542387866137233 -0.013977844000442019 -0.12431593963291335 0.33452336316574932 0.0039786836844314171 -0.12963981510365558 0.0080951679858799249 0.0040141529219454245
leaf_weight=26.255880117416382 24.311000108718872 35.980280160903931 23.338560104370117 33.062960147857666 27.228320121765137 24.311000108718872 24.311000108718872 26.255880117416382 24.311000108718872 40.842480182647705 23.338560104370117
leaf_count=27 25 37 24 34 28 25 25 27 25 42 24
internal_value=-0.0016035 -0.00429553 -0.012 0.00390071 0.00865385 -0.00643564 -0.00131579 0.0134615 -0.0234694 0.0157895 -0.00882353
internal_weight=333.547 282.98 145.866 137.114 101.134 98.2164 73.9054 50.5669 47.6496 73.9054 49.5944
internal_count=343 291 150 141 104 101 76 52 49 76 51
is_linear=0
shrinkage=0.05


Tree=470
num_leaves=11
num_cat=0
split_feature=25 14 26 16 29 18 30 14 29 25
split_gain=4.9681 3.28366 3.92021 5.26967 3.18975 2.99272 2.75285 3.08364 3.24147 0.700157
threshold=495.00000000000006 3151.2500000000005 85.000000000000014 1135.0000000000002 0.016022851403207004 0.87585034013605456 0.20992882067751598 2683.7500000000005 0.020212162352347653 1940.0000000000002
decision_type=2 2 2 2 2 2 2 2 2 2
left_child=1 2 -1 -4 -5 -6 9 -8 -9 -2
right_child=6 -3 3 4 5 -7 7 8 -10 -11
leaf_value=-0.76278036513210745 0.033766268887120532 4.1955913416418751 -0.05958139886147365 -0.007940478984733091 0.063053219870914751 0.01150330495011076 -0.012302388071793758 -0.0071226930072498364 -0.13341985462573122 -0.0053489500188106838
leaf_weight=45.704680204391479 24.311000108718872 23.338560104370117 35.007840156555176 30.145640134811401 37.92516016960144 23.338560104370117 28.200760126113892 23.338560104370117 29.173200130462646 24.311000108718872
leaf_count=47 25 24 36 31 39 24 29 24 30 25
internal_value=-0.00179641 0.00323383 0.000847458 0.00538462 0.0117021 0.018254 -0.0093985 -0.0150602 -0.0222222 0
internal_weight=324.795 195.46 172.122 126.417 91.4094 61.2637 129.335 80.7125 52.5118 48.622
internal_count=334 201 177 130 94 63 133 83 54 50
is_linear=0
shrinkage=0.05


Tree=471
num_leaves=11
num_cat=0
split_feature=14 23 15 29 22 30 26 22 27 19
split_gain=3.00891 10.4446 5.27353 1.99019 1.83306 3.35512 2.95473 2.20344 1.85741 0.324147
threshold=4106.2500000000009 0.30009967356906136 161.25000000000003 0.018539720596605302 0.0023753948423486005 0.14610162723370265 1025.0000000000002 0.0072552126435581005 500.00000000000006 0.56376059195608075
decision_type=2 2 2 2 2 2 2 2 2 2
left_child=2 -2 4 -4 -1 -6 8 -8 -7 -5
right_child=1 -3 3 9 5 6 7 -9 -10 -11
leaf_value=-0.071832667657474758 0.15938788737464621 -0.10230696282919781 -0.0050815025178735599 -0.039791357570766198 -0.12414774617124068 0.059900558877370717 0.0082282629447149713 0.042475850571338472 -0.056602328918404513 -0.1456255765290507
leaf_weight=39.87004017829895 26.255880117416382 24.311000108718872 41.81492018699646 23.338560104370117 28.200760126113892 26.255880117416382 30.145640134811401 33.062960147857666 35.007840156555176 23.338560104370117
leaf_count=41 27 25 43 24 29 27 31 34 36 24
internal_value=-0.0016129 0.00961538 -0.00363322 -0.0137363 0.0010101 0.00350318 0.00703125 0.0146154 -0.000793651 -0.0208333
internal_weight=331.602 50.5669 281.035 88.492 192.543 152.673 124.472 63.2086 61.2637 46.6771
internal_count=341 52 289 91 198 157 128 65 63 48
is_linear=0
shrinkage=0.05


Tree=472
num_leaves=12
num_cat=0
split_feature=15 22 15 30 29 22 18 29 30 22 19
split_gain=6.93466 4.93185 6.44754 3.06475 2.6785 2.96275 3.57868 5.72403 2.97621 2.41778 0.933542
threshold=116.25000000000001 0.035965158717702554 326.25000000000006 0.20389682208176158 0.023944345237044754 0.0026594270113644005 0.55706727135298573 0.016632990931437355 0.19924416135777032 0.04494343915884691 0.60628771282524319
decision_type=2 2 2 2 2 2 2 2 2 2 2
left_child=4 2 -2 -4 5 -1 7 -7 -8 -3 -11
right_child=1 9 3 -5 -6 6 8 -9 -10 10 -12
leaf_value=-0.072594719803305452 -0.12391874544853182 0.031196271064663963 0.037193303584217574 -0.027087081245281298 -0.011560850135924739 -0.11794035886267694 0.20065079338556871 0.056905530933499905 0.015386533348009835 -0.037853074791405567 0.11326194309792754
leaf_weight=31.118080139160156 30.145640134811401 23.338560104370117 27.228320121765137 26.255880117416382 38.897600173950195 23.338560104370117 23.338560104370117 24.311000108718872 36.952720165252686 24.311000108718872 23.338560104370117
leaf_count=32 31 24 28 27 40 24 24 25 38 25 24
internal_value=-0.00263158 -0.0103774 -0.0186047 -0.00818182 0.00409836 0.00734266 0.0112613 0.00102041 0.0193548 -0.000684932 -0.00714286
internal_weight=332.574 154.618 83.6298 53.4842 177.957 139.059 107.941 47.6496 60.2913 70.9881 47.6496
internal_count=342 159 86 55 183 143 111 49 62 73 49
is_linear=0
shrinkage=0.05


Tree=473
num_leaves=12
num_cat=0
split_feature=25 30 18 29 18 22 18 18 30 24 11
split_gain=4.63245 3.53627 3.80963 2.93499 3.99357 2.80162 2.6903 5.46453 3.16304 0.929436 0.324147
threshold=495.00000000000006 0.20992882067751598 0.19004787100025192 0.016632990931437355 0.61628401360544227 0.0043788745560072511 0.91130142533203762 0.78407029478458068 0.23092234608693862 0.31454486556527378 3360.0000000000005
decision_type=2 2 2 2 2 2 2 2 2 2 2
left_child=3 9 -3 4 -1 -6 7 8 -5 -2 -4
right_child=1 2 10 6 5 -7 -8 -9 -10 -11 -12
leaf_value=-0.081566714447978944 -0.027855024184077593 -0.025732727183003592 -0.03644743562997519 0.054060254386820362 -0.057879702866443949 0.16625222974964801 -0.0061302059676791032 0.1879584267694554 -0.010982807629125091 0.0082151939922596295 -0.075516340654644409
leaf_weight=41.81492018699646 24.311000108718872 28.200760126113892 23.338560104370117 29.173200130462646 26.255880117416382 24.311000108718872 26.255880117416382 23.338560104370117 31.118080139160156 25.283440113067627 23.338560104370117
leaf_count=43 25 29 24 30 27 25 27 24 32 26 24
internal_value=-0.00178571 -0.009375 -0.0162338 0.00288462 -0.00368421 0.00576923 0.00840708 0.0127907 0.00483871 0.000980392 -0.025
internal_weight=326.74 124.472 74.8779 202.268 92.3818 50.5669 109.886 83.6298 60.2913 49.5944 46.6771
internal_count=336 128 77 208 95 52 113 86 62 51 48
is_linear=0
shrinkage=0.05


Tree=474
num_leaves=11
num_cat=0
split_feature=11 15 29 16 14 22 30 11 18 27
split_gain=4.05489 3.58872 3.98455 3.55076 6.26464 2.1861 3.84322 3.16408 3.04614 1.60988
threshold=1095.0000000000002 48.750000000000007 0.017379973997757755 1360.0000000000002 2150.0000000000005 0.050734318589089257 0.23709026373148462 2740.0000000000005 0.62871720116618091 1525.0000000000002
decision_type=2 2 2 2 2 2 2 2 2 2
left_child=1 -1 -3 -2 -5 6 7 -6 9 -9
right_child=3 2 -4 4 5 -7 -8 8 -10 -11
leaf_value=-0.0058236956693008329 -0.032129929818472645 0.0015861515238611902 0.047097135696651554 0.051357241667483323 -0.067142612031625512 0.0094541344381013914 -0.061135613194710461 -0.048310109222461511 0.12907787509789159 0.0021196466443598183
leaf_weight=38.897600173950195 31.118080139160156 30.145640134811401 26.255880117416382 32.090520143508911 27.228320121765137 39.87004017829895 29.173200130462646 29.173200130462646 30.145640134811401 27.228320121765137
leaf_count=40 32 31 27 33 28 41 30 30 31 28
internal_value=0.00042735 0.00918367 0.0172414 -0.00296443 -0.000678733 -0.00425532 -0.00714286 -0.00299145 0.00168539 -0.00517241
internal_weight=341.326 95.2991 56.4015 246.027 214.909 182.819 142.949 113.775 86.5472 56.4015
internal_count=351 98 58 253 221 188 147 117 89 58
is_linear=0
shrinkage=0.05


Tree=475
num_leaves=11
num_cat=0
split_feature=15 30 14 11 22 29 18 29 25 18
split_gain=1.6675 3.20376 2.57876 5.26123 2.43549 3.62575 2.64734 2.44006 2.41058 1.71821
threshold=116.25000000000001 0.17687439450100823 4106.2500000000009 2165.0000000000005 0.0026594270113644005 0.023735452771013753 0.62871720116618091 0.016632990931437355 1055.0000000000002 0.80173847316704472
decision_type=2 2 2 2 2 2 2 2 2 2
left_child=4 -2 3 -3 -1 6 7 -6 -5 -8
right_child=1 2 -4 8 5 -7 9 -9 -10 -11
leaf_value=-0.063785481430045365 -0.026438121930470973 0.0057404822997796151 0.050417659815502704 -0.081086274638710168 -0.10804431277334743 -0.029048830973260921 0.17517906902144206 0.013100521914191178 -0.0054710221994355383 0.017227395855002214
leaf_weight=41.81492018699646 40.842480182647705 26.255880117416382 36.952720165252686 24.311000108718872 24.311000108718872 27.228320121765137 25.283440113067627 30.145640134811401 30.145640134811401 31.118080139160156
leaf_count=43 42 27 38 25 25 28 26 31 31 32
internal_value=-0.000862069 -0.00460123 -0.000413223 -0.00542169 0.00243243 0.0056338 0.00964912 0.00178571 -0.0142857 0.0172414
internal_weight=338.409 158.508 117.665 80.7125 179.901 138.086 110.858 54.4566 54.4566 56.4015
internal_count=348 163 121 83 185 142 114 56 56 58
is_linear=0
shrinkage=0.05


Tree=476
num_leaves=10
num_cat=0
split_feature=20 11 16 25 11 16 22 29 24
split_gain=5.51841 6.61265 3.63351 3.29714 4.67248 4.46088 2.87662 2.81538 2.6085
threshold=0.51920912247040063 1095.0000000000002 1360.0000000000002 2525.0000000000005 3645.0000000000005 2575.0000000000005 0.0028874937600598008 0.018384441387896706 0.038514886474070108
decision_type=2 2 2 2 2 2 2 2 2
left_child=1 6 -3 4 5 -4 -1 -7 -8
right_child=-2 2 3 -5 -6 7 8 -9 -10
leaf_value=-0.077957371134630193 0.028383524310947907 -0.33115981184088245 0.014093717822106555 -0.09644260489344561 0.12530717412701051 -0.0075564408062746228 0.039023633755982702 -0.077031960906765562 0.0020847450530141034
leaf_weight=23.338560104370117 23.338560104370117 28.200760126113892 40.842480182647705 28.200760126113892 39.87004017829895 36.952720165252686 29.173200130462646 44.732240200042725 39.87004017829895
leaf_count=24 24 29 42 29 41 38 30 46 41
internal_value=-0.00261628 -0.004375 -0.00911111 -0.00663265 -0.00389222 -0.00873016 0.00684211 -0.0154762 0.0119718
internal_weight=334.519 311.181 218.799 190.598 162.397 122.527 92.3818 81.685 69.0432
internal_count=344 320 225 196 167 126 95 84 71
is_linear=0
shrinkage=0.05


Tree=477
num_leaves=11
num_cat=0
split_feature=25 19 24 27 18 24 16 15 30 20
split_gain=4.10223 4.13414 3.27005 2.77691 3.26917 3.89763 2.76258 2.70987 2.58519 1.5789
threshold=595.00000000000011 0.50860999670523488 0.60881159342043711 2515.0000000000005 0.48242630385487534 0.059867602955160505 4275.0000000000009 33.750000000000007 0.18537389714307537 0.41742793967941572
decision_type=2 2 2 2 2 2 2 2 2 2
left_child=1 3 6 4 8 7 9 -6 -1 -2
right_child=2 -3 -4 -5 5 -7 -8 -9 -10 -11
leaf_value=0.01709946934721529 0.013389031931001228 0.47858270657493451 -0.18094930012853183 0.009291988398683771 0.0071132448332036809 0.1667979376106814 -0.044795539734877821 -0.012513001186835028 -0.24519047615494857 -0.00011687687638186618
leaf_weight=23.338560104370117 24.311000108718872 25.283440113067627 28.200760126113892 33.062960147857666 42.787360191345215 26.255880117416382 36.952720165252686 37.92516016960144 25.283440113067627 25.283440113067627
leaf_count=24 25 26 29 34 44 27 38 39 26 26
internal_value=0 0.00409091 -0.00762712 0.00154639 -0.00125 0.00363636 -0.00280899 -0.00180723 -0.012 0.00490196
internal_weight=328.685 213.937 114.748 188.653 155.59 106.968 86.5472 80.7125 48.622 49.5944
internal_count=338 220 118 194 160 110 89 83 50 51
is_linear=0
shrinkage=0.05


Tree=478
num_leaves=11
num_cat=0
split_feature=20 18 20 20 26 24 24 30 17 16
split_gain=2.99748 3.38851 2.88789 2.25097 3.22546 2.71993 3.42484 2.38323 2.64744 0.648293
threshold=0.48676587301587299 0.24257639563762012 0.41742793967941572 0.37736556527372855 1525.0000000000002 0.051123479694908207 0.14652845265090161 0.18537389714307537 8.7500000000000018 2725.0000000000005
decision_type=2 2 2 2 2 2 2 2 2 2
left_child=1 -1 3 4 5 7 -7 -3 -9 -2
right_child=9 2 -4 -5 -6 6 -8 8 -10 -11
leaf_value=0.020562516395239074 -0.11918188824611207 -0.50108842892473149 -0.042555762748133934 0.016244495879857369 0.013950244954514801 -0.37649416325325546 -0.0047013189263225286 -0.0024285092355739836 0.037698102127524183 -0.021769362053419172
leaf_weight=30.145640134811401 26.255880117416382 36.952720165252686 30.145640134811401 23.338560104370117 43.75980019569397 24.311000108718872 34.035400152206421 25.283440113067627 33.062960147857666 26.255880117416382
leaf_count=31 27 38 31 24 45 25 35 26 34 27
internal_value=-0.000145773 0.00190311 0 0.00198238 0.000246305 -0.00316456 -0.0116667 0.00204082 0.00833333 -0.0111111
internal_weight=333.547 281.035 250.89 220.744 197.405 153.646 58.3464 95.2991 58.3464 52.5118
internal_count=343 289 258 227 203 158 60 98 60 54
is_linear=0
shrinkage=0.05


Tree=479
num_leaves=10
num_cat=0
split_feature=18 24 27 15 15 18 20 27 30
split_gain=2.76013 2.35172 3.37391 3.84631 5.92646 2.58502 2.31372 2.17998 2.16768
threshold=0.97074829931972795 0.43316056581362705 105.00000000000001 78.750000000000014 356.25000000000006 0.14977166792642982 0.45114007066671463 1315.0000000000002 0.18077093205053862
decision_type=2 2 2 2 2 2 2 2 2
left_child=1 2 -1 7 8 -3 -7 -4 -5
right_child=-2 5 3 4 -6 6 -8 -9 -10
leaf_value=0.025946453210974597 0.34037779072796187 -0.024693184230136469 -0.062987091519539726 -0.30411700996670565 0.0053017162913420179 0.00084072042068328301 0.04531973694156477 0.015102257944295162 -0.016138615117222345
leaf_weight=35.007840156555176 42.787360191345215 28.200760126113892 40.842480182647705 24.311000108718872 33.062960147857666 33.062960147857666 34.035400152206421 25.283440113067627 23.338560104370117
leaf_count=36 44 29 42 25 34 34 35 26 24
internal_value=-0.000455927 -0.0022807 -0.00561497 -0.0089404 -0.0162651 0.00408163 0.00942029 0 -0.027551
internal_weight=319.933 277.145 181.846 146.838 80.7125 95.2991 67.0984 66.1259 47.6496
internal_count=329 285 187 151 83 98 69 68 49
is_linear=0
shrinkage=0.05


Tree=480
num_leaves=11
num_cat=0
split_feature=18 15 22 30 14 14 22 14 16 11
split_gain=3.05307 5.68507 3.03174 2.93933 2.71205 4.64894 5.36358 2.44962 1.73924 1.62023
threshold=0.94024943310657605 41.250000000000007 0.019280326360186454 0.21776469879746937 2475.0000000000005 4096.2500000000009 0.032161157450829758 1230.0000000000002 1155.0000000000002 3025.0000000000005
decision_type=2 2 2 2 2 2 2 2 2 2
left_child=1 2 -1 -2 7 6 -6 8 -3 -8
right_child=3 4 -4 -5 5 -7 9 -9 -10 -11
leaf_value=0.075277781377849351 0.028219974136891326 0.1716573159837026 0.0075323215886328402 -0.078867808920836072 0.0050366304767749176 0.052358155867932514 -0.023458525018622823 0.13289523284446433 -0.007161443691438763 -0.29652522902729289
leaf_weight=36.952720165252686 28.200760126113892 25.283440113067627 25.283440113067627 24.311000108718872 42.787360191345215 38.897600173950195 23.338560104370117 23.338560104370117 33.062960147857666 25.283440113067627
leaf_count=38 29 26 26 25 44 40 24 24 34 26
internal_value=0.00178571 0.00390071 0.0171875 -0.00925926 0 -0.00447761 -0.0106383 0.00714286 0.00166667 -0.022
internal_weight=326.74 274.228 62.2362 52.5118 211.992 130.307 91.4094 81.685 58.3464 48.622
internal_count=336 282 64 54 218 134 94 84 60 50
is_linear=0
shrinkage=0.05


Tree=481
num_leaves=11
num_cat=0
split_feature=30 15 30 26 18 27 18 24 18 18
split_gain=4.36509 5.2572 3.23913 2.70284 3.13944 2.51288 4.32196 2.02065 5.22065 0.933542
threshold=0.21411274921701925 217.49999999999991 0.23957871820334578 525.00000000000011 0.72222222222222232 1015.0000000000001 0.83279343483425128 0.28164050613030206 0.63817082388510971 0.75982615268329567
decision_type=2 2 2 2 2 2 2 2 2 2
left_child=3 5 -3 7 -5 9 -7 8 -1 -2
right_child=1 2 -4 4 -6 6 -8 -9 -10 -11
leaf_value=-0.043310968218702332 -0.063589709403868253 -0.067860576657926691 -0.022285598767689409 0.011781477058900692 -0.12321260314284928 0.044226676345419949 -0.0067423483135485192 0.016676392786803263 0.18698269936919587 0.0084578850230400352
leaf_weight=31.118080139160156 24.311000108718872 25.283440113067627 34.035400152206421 34.035400152206421 23.338560104370117 35.007840156555176 23.338560104370117 38.897600173950195 36.952720165252686 23.338560104370117
leaf_count=32 25 26 35 35 24 36 24 40 38 24
internal_value=0.000442478 -0.00529412 -0.0172131 0.00621302 -0.00254237 0.00137615 0.00833333 0.0109091 0.00571429 -0.00714286
internal_weight=329.657 165.315 59.3188 164.342 57.374 105.996 58.3464 106.968 68.0708 47.6496
internal_count=339 170 61 169 59 109 60 110 70 49
is_linear=0
shrinkage=0.05


Tree=482
num_leaves=11
num_cat=0
split_feature=20 20 23 20 30 23 29 29 25 14
split_gain=2.88947 3.82463 3.09039 2.34685 4.01854 3.47565 2.40054 1.82015 1.56447 2.63927
threshold=0.51920912247040063 0.48676587301587299 0.24257639563762012 0.27007369614512472 0.15539210388166627 0.90720126434412152 0.020212162352347653 0.022084057524349752 935.00000000000011 2523.7500000000005
decision_type=2 2 2 2 2 2 2 2 2 2
left_child=1 2 -1 4 -4 7 -7 -6 9 -5
right_child=-2 -3 3 8 5 6 -8 -9 -10 -11
leaf_value=0.015764775873367397 0.026290833141501935 -0.11268591129012294 0.18003638731038338 -0.0032034747979992062 0.04822420965276706 -0.087032121032439139 0.01931315450059401 -0.0033445125178559465 0.00086901393349307914 -0.27554466756807872
leaf_weight=26.255880117416382 23.338560104370117 33.062960147857666 26.255880117416382 39.87004017829895 39.87004017829895 34.035400152206421 24.311000108718872 23.338560104370117 34.035400152206421 26.255880117416382
leaf_count=27 24 34 27 41 41 35 25 24 35 27
internal_value=-0.000294118 -0.00158228 0.00035461 -0.00137255 0.00263158 -0.0012 -0.01 0.00692308 -0.00728155 -0.0117647
internal_weight=330.63 307.291 274.228 247.972 147.811 121.555 58.3464 63.2086 100.161 66.1259
internal_count=340 316 282 255 152 125 60 65 103 68
is_linear=0
shrinkage=0.05


Tree=483
num_leaves=11
num_cat=0
split_feature=30 24 14 22 18 29 18 14 29 27
split_gain=2.4177 2.16499 4.65571 7.13736 4.46681 3.68743 2.68988 1.82053 1.72888 1.1594
threshold=0.16108765875425848 0.24635275119146083 4106.2500000000009 0.046515037131027157 0.75982615268329567 0.023443842226493754 0.90272775776977465 3146.2500000000005 0.019816422259881655 1085.0000000000002
decision_type=2 2 2 2 2 2 2 2 2 2
left_child=9 4 3 7 -2 -5 -6 -3 -8 -1
right_child=1 2 -4 5 6 -7 8 -9 -10 -11
leaf_value=0.1686317450352135 -0.1047560774152089 0.067705584642453687 0.092910247283384706 -0.14593866532186439 0.020465070100522099 -0.0090283230325439948 -0.19923958612596382 0.0058556281946493989 0.0057782691070315199 0.010684685083174373
leaf_weight=39.87004017829895 37.92516016960144 29.173200130462646 33.062960147857666 23.338560104370117 39.87004017829895 26.255880117416382 32.090520143508911 26.255880117416382 25.283440113067627 24.311000108718872
leaf_count=41 39 30 34 24 41 27 33 27 26 25
internal_value=0.0018732 -0.000177936 0.00422535 -0.000925926 -0.00467626 -0.0147059 0.001 0.0114035 -0.0059322 0.0106061
internal_weight=337.437 273.256 138.086 105.024 135.169 49.5944 97.244 55.4291 57.374 64.181
internal_count=347 281 142 108 139 51 100 57 59 66
is_linear=0
shrinkage=0.05


Tree=484
num_leaves=10
num_cat=0
split_feature=29 14 14 25 15 24 11 11 16
split_gain=3.52507 3.51204 6.48543 4.83629 3.44318 3.58599 2.29312 4.85771 1.90408
threshold=0.017379973997757755 2475.0000000000005 3556.2500000000005 1015.0000000000001 56.250000000000007 0.077664399092970515 1775.0000000000002 3685.0000000000005 1235.0000000000002
decision_type=2 2 2 2 2 2 2 2 2
left_child=6 4 -3 -4 5 -2 8 -8 -1
right_child=1 2 3 -5 -6 -7 7 -9 -10
leaf_value=-0.01620092734458467 -0.037369825478992882 -0.1184104768456109 3.3706470672701929 -0.0033802962567506256 0.044872025008419317 0.04670707538429042 0.064320305410319634 -0.017682330499428644 -0.034949926365391092
leaf_weight=45.704680204391479 34.035400152206421 37.92516016960144 23.338560104370117 39.87004017829895 33.062960147857666 24.311000108718872 41.81492018699646 31.118080139160156 23.338560104370117
leaf_count=47 35 39 24 41 34 25 43 32 24
internal_value=-0.000872093 0.00353535 -0.00288462 0.00692308 0.0106383 0.00333333 -0.00684932 -0.000666667 -0.0133803
internal_weight=334.519 192.543 101.134 63.2086 91.4094 58.3464 141.976 72.933 69.0432
internal_count=344 198 104 65 94 60 146 75 71
is_linear=0
shrinkage=0.05


Tree=485
num_leaves=11
num_cat=0
split_feature=26 14 27 30 30 15 30 22 22 29
split_gain=2.4437 4.2606 4.13041 3.32971 4.65715 3.9708 2.22857 2.36011 3.92691 1.94488
threshold=475.00000000000006 3620.0000000000005 605.00000000000011 0.19489392071939241 0.24447547468898012 33.750000000000007 0.16770300206248567 0.0036613654657826002 0.0091870218023034512 0.018384441387896706
decision_type=2 2 2 2 2 2 2 2 2 2
left_child=1 3 -3 5 -5 -1 -2 -8 -9 -4
right_child=6 2 9 4 -6 -7 7 8 -10 -11
leaf_value=-0.0061139554461078667 -0.02000287147131985 3.202114713906667 0.0044569495754785754 -0.18881850156044494 -0.015587617629080341 0.48050412113902896 0.32082737268336814 -0.01204099407832473 0.044371721615073058 -0.050471654313514594
leaf_weight=23.338560104370117 24.311000108718872 23.338560104370117 43.75980019569397 33.062960147857666 25.283440113067627 23.338560104370117 23.338560104370117 39.87004017829895 44.732240200042725 29.173200130462646
leaf_count=24 25 24 45 34 26 24 24 41 46 30
internal_value=-0.0016035 -0.00507246 0.00252525 -0.012037 -0.02 -0.00208333 0.00367647 0.00675676 0.00287356 -0.00333333
internal_weight=333.547 201.295 96.2716 105.024 58.3464 46.6771 132.252 107.941 84.6023 72.933
internal_count=343 207 99 108 60 48 136 111 87 75
is_linear=0
shrinkage=0.05


Tree=486
num_leaves=11
num_cat=0
split_feature=17 22 17 24 20 19 29 29 17 29
split_gain=3.30078 4.74335 2.77483 3.21468 5.95858 2.90572 2.20565 2.10312 1.65963 1.24472
threshold=33.750000000000007 0.0028874937600598008 123.75000000000001 0.43316056581362705 0.32246789326059061 0.54049958607781756 0.021194751121882852 0.016260434923171904 141.25000000000003 0.018384441387896706
decision_type=2 2 2 2 2 2 2 2 2 2
left_child=1 -1 3 4 -2 -5 7 -3 -4 -10
right_child=2 6 8 5 -6 -7 -8 -9 9 -11
leaf_value=-0.059975203777707979 -0.014597474788104137 0.012275072500813167 0.0084541093523284871 0.011638295277975885 -0.1448561782048273 -0.062009822508912293 -0.011438944374413042 0.066839114860670179 0.031516328532552505 -0.02306185381858086
leaf_weight=41.81492018699646 23.338560104370117 39.87004017829895 24.311000108718872 23.338560104370117 26.255880117416382 28.200760126113892 44.732240200042725 38.897600173950195 24.311000108718872 24.311000108718872
leaf_count=43 24 41 25 24 27 29 46 40 25 25
internal_value=-0.00329513 0.00176471 -0.00810056 -0.0134615 -0.022549 -0.00471698 0.00669291 0.0117284 -0.000666667 -0.006
internal_weight=339.382 165.315 174.067 101.134 49.5944 51.5393 123.5 78.7676 72.933 48.622
internal_count=349 170 179 104 51 53 127 81 75 50
is_linear=0
shrinkage=0.05


Tree=487
num_leaves=10
num_cat=0
split_feature=18 18 16 25 18 18 25 15 18
split_gain=2.94706 4.73971 4.22749 3.63543 3.02235 2.01771 3.33149 3.0394 1.90023
threshold=0.58940926798069671 0.22396532309068753 1135.0000000000002 495.00000000000006 0.83684807256235838 0.33418194302548049 1025.0000000000002 176.25000000000003 0.14977166792642982
decision_type=2 2 2 2 2 2 2 2 2
left_child=1 8 -2 4 -4 6 -3 -7 -1
right_child=2 5 3 -5 -6 7 -8 -9 -10
leaf_value=-0.013920570327809401 -0.048647819995574083 -0.2397917434943338 0.074189313115812186 -0.056976443588814624 0.0068844661488697062 -0.083584877405428415 -0.01013270786679641 0.0094085370043558228 0.012600916776455051
leaf_weight=28.200760126113892 41.81492018699646 33.062960147857666 32.090520143508911 29.173200130462646 43.75980019569397 40.842480182647705 26.255880117416382 23.338560104370117 35.980280160903931
leaf_count=29 43 34 33 30 45 42 27 24 37
internal_value=-0.00232558 -0.00647668 0.00298013 0.00833333 0.0141026 -0.0122047 -0.0188525 -0.00606061 0.00454545
internal_weight=334.519 187.681 146.838 105.024 75.8503 123.5 59.3188 64.181 64.181
internal_count=344 193 151 108 78 127 61 66 66
is_linear=0
shrinkage=0.05


Tree=488
num_leaves=10
num_cat=0
split_feature=26 18 18 25 22 28 27 27 14
split_gain=4.22017 3.01507 3.82893 3.3485 3.12732 4.1583 2.30358 1.81566 1.4788
threshold=1525.0000000000002 0.21167620487348379 0.27746994573345846 935.00000000000011 0.0028874937600598008 2.5000000000000004 105.00000000000001 1015.0000000000001 1146.2500000000002
decision_type=2 2 2 2 2 2 2 2 2
left_child=1 7 -3 4 -4 6 -6 -1 -2
right_child=8 2 3 -5 5 -7 -8 -9 -10
leaf_value=0.00093648056922575058 0.03306185153620618 -0.1537233494453176 -0.083787779682006666 0.030813196532926669 0.33942104238482218 0.11657541373053847 -0.014539991392109642 0.020897985032297586 0.0035068252129917712
leaf_weight=33.062960147857666 24.311000108718872 40.842480182647705 32.090520143508911 45.704680204391479 27.228320121765137 23.338560104370117 41.81492018699646 24.311000108718872 28.200760126113892
leaf_count=34 25 42 33 47 28 24 43 25 29
internal_value=0 -0.00253623 -0.00529954 -0.002 -0.00625 -0.00157895 -0.00774648 0.00762712 0.012963
internal_weight=320.905 268.393 211.019 170.177 124.472 92.3818 69.0432 57.374 52.5118
internal_count=330 276 217 175 128 95 71 59 54
is_linear=0
shrinkage=0.05


Tree=489
num_leaves=11
num_cat=0
split_feature=29 18 25 27 14 26 11 18 14 18
split_gain=3.0908 3.72726 3.16586 5.04828 4.57941 3.49495 3.0834 2.95275 2.79794 0.525118
threshold=0.017330245091656305 0.61628401360544227 495.00000000000006 1035.0000000000002 1160.0000000000002 205.00000000000003 1055.0000000000002 0.85458668315811182 3128.7500000000005 0.25119202118303646
decision_type=2 2 2 2 2 2 2 2 2 2
left_child=1 8 4 -4 6 -6 -2 -3 -1 -5
right_child=2 7 3 9 5 -7 -8 -9 -10 -11
leaf_value=-0.0057728068109327074 0.11074664304401267 0.14769281398773729 -0.11125906207253139 0.0021364515386494533 3.043811275390226 0.0060969176321691524 -0.20722059374572838 -0.019933970709200822 -0.042518565613363535 0.015788531614498426
leaf_weight=44.732240200042725 23.338560104370117 26.255880117416382 31.118080139160156 24.311000108718872 24.311000108718872 35.980280160903931 28.200760126113892 36.952720165252686 33.062960147857666 23.338560104370117
leaf_count=46 24 27 32 25 25 37 29 38 34 24
internal_value=0.000439883 -0.00517241 0.00459184 -0.00308642 0.01 0.0193548 -0.000943396 0.00384615 -0.0125 0.00714286
internal_weight=331.602 141.004 190.598 78.7676 111.831 60.2913 51.5393 63.2086 77.7952 47.6496
internal_count=341 145 196 81 115 62 53 65 80 49
is_linear=0
shrinkage=0.05


Tree=490
num_leaves=11
num_cat=0
split_feature=27 11 14 15 22 20 18 30 11 18
split_gain=4.88358 4.0827 8.07366 2.53713 2.04187 3.00386 2.81809 3.59181 2.7785 1.42485
threshold=1005.0000000000001 3230.0000000000005 2475.0000000000005 48.750000000000007 0.026931624293597602 0.41742793967941572 0.58940926798069671 0.19378030139270608 1105.0000000000002 0.62871720116618091
decision_type=2 2 2 2 2 2 2 2 2 2
left_child=1 2 3 9 6 -6 -2 -8 -9 -1
right_child=4 -3 -4 -5 5 -7 7 8 -10 -11
leaf_value=-0.089370274519149015 -0.018487464758527496 2.8916207116207264 -0.74889631840176207 0.47221585704839986 0.0081204952719645014 0.0047982227970805981 0.14901852195605444 0.01204417185484772 -0.062401638845835807 0.0049567407471158738
leaf_weight=28.200760126113892 26.255880117416382 23.338560104370117 37.92516016960144 25.283440113067627 30.145640134811401 41.81492018699646 24.311000108718872 33.062960147857666 26.255880117416382 31.118080139160156
leaf_count=29 27 24 39 26 31 43 25 34 27 32
internal_value=0.000148368 -0.00666667 -0.0103175 -0.00172414 0.00561497 0.0121622 0.00132743 0.00581395 -0.000819672 -0.00737705
internal_weight=327.712 145.866 122.527 84.6023 181.846 71.9606 109.886 83.6298 59.3188 59.3188
internal_count=337 150 126 87 187 74 113 86 61 61
is_linear=0
shrinkage=0.05


Tree=491
num_leaves=11
num_cat=0
split_feature=26 25 20 15 29 16 29 28 24 11
split_gain=8.03033 3.63759 4.76496 3.50685 3.03049 3.64108 5.56684 1.69143 2.20232 1.2746
threshold=475.00000000000006 1025.0000000000002 0.48676587301587299 341.25000000000006 0.015984265375215453 2135.0000000000005 0.023443842226493754 2.5000000000000004 0.11483641075477806 3685.0000000000005
decision_type=2 2 2 2 2 2 2 2 2 2
left_child=1 2 7 -3 -2 6 -6 8 -1 -5
right_child=4 3 -4 9 5 -7 -8 -9 -10 -11
leaf_value=-0.019185109211093732 -0.006453426823691189 0.025629685697458628 -0.14683239350279109 0.0036112356258399814 0.04185243939434713 -0.0016211953994798023 0.011441963262109313 0.00041518384155097014 -0.46958945039077665 -0.081674271842803139
leaf_weight=24.311000108718872 36.952720165252686 28.200760126113892 29.173200130462646 26.255880117416382 38.897600173950195 24.311000108718872 24.311000108718872 37.92516016960144 25.283440113067627 29.173200130462646
leaf_count=25 38 29 30 27 40 25 25 39 26 30
internal_value=-0.000598802 -0.00679612 -0.0125 0.00116279 0.009375 0.0144444 0.0207692 -0.00666667 -0.0127451 -0.00614035
internal_weight=324.795 200.323 116.693 83.6298 124.472 87.5196 63.2086 87.5196 49.5944 55.4291
internal_count=334 206 120 86 128 90 65 90 51 57
is_linear=0
shrinkage=0.05


Tree=492
num_leaves=11
num_cat=0
split_feature=27 25 11 16 30 26 16 26 22 22
split_gain=2.70338 4.27581 7.53466 5.18635 3.28906 6.01571 2.93297 4.2098 1.99036 2.80063
threshold=1025.0000000000002 495.00000000000006 3045.0000000000005 3570.0000000000005 0.16505762319441561 90.000000000000128 1165.0000000000002 1065.0000000000002 0.026931624293597602 0.037972416461924001
decision_type=2 2 2 2 2 2 2 2 2 2
left_child=1 2 4 -3 -1 -6 -2 8 -8 -10
right_child=6 3 -4 -5 5 -7 7 -9 9 -11
leaf_value=0.029864741781182147 0.011896628809302002 0.00039442464947114786 2.7470189168476282 -0.32132827828775135 -3.1791188414442106 0.081026419876286587 -0.00032837746582572438 -0.016700436442920363 0.0077955302783266241 0.0068425308320911428
leaf_weight=32.090520143508911 45.704680204391479 23.338560104370117 24.311000108718872 23.338560104370117 25.283440113067627 34.035400152206421 37.92516016960144 38.897600173950195 24.311000108718872 24.311000108718872
leaf_count=33 47 24 25 24 26 35 39 40 25 25
internal_value=0.000728863 -0.00389222 0.0012605 -0.0166667 -0.00531915 -0.0122951 0.00511364 0.00116279 0.00730337 0.014
internal_weight=333.547 162.397 115.72 46.6771 91.4094 59.3188 171.149 125.445 86.5472 48.622
internal_count=343 167 119 48 94 61 176 129 89 50
is_linear=0
shrinkage=0.05


Tree=493
num_leaves=11
num_cat=0
split_feature=27 29 22 22 11 24 22 26 22 24
split_gain=3.95233 2.70701 2.45332 4.48798 3.18791 6.56739 4.37598 3.32654 2.63345 5.90478
threshold=2495.0000000000005 0.016096101144398352 0.060302239307237958 0.046515037131027157 2975.0000000000005 0.016974408811143451 0.021032778429127954 935.00000000000011 0.032161157450829758 0.17168772270813087
decision_type=2 2 2 2 2 2 2 2 2 2
left_child=2 -2 3 4 5 7 -6 -1 9 -7
right_child=1 -3 -4 -5 6 8 -8 -9 -10 -11
leaf_value=0.00037470341699190617 0.063003441693990678 0.0024351556810870536 0.055408979176513641 -0.28560935194293507 0.016279763354259558 0.11055343747239021 -0.11496562132606414 -0.070199505177617999 0.070344377197204724 -0.025685637444053101
leaf_weight=40.842480182647705 29.173200130462646 41.81492018699646 26.255880117416382 25.283440113067627 35.007840156555176 35.980280160903931 35.007840156555176 25.283440113067627 24.311000108718872 29.173200130462646
leaf_count=42 30 43 27 26 36 37 36 26 25 30
internal_value=0.00111732 0.0116438 -0.00157895 -0.00310078 -0.000862069 0.003125 -0.00972222 -0.00882353 0.0119565 0.00671642
internal_weight=348.134 70.9881 277.145 250.89 225.606 155.59 70.0157 66.1259 89.4645 65.1535
internal_count=358 73 285 258 232 160 72 68 92 67
is_linear=0
shrinkage=0.05


Tree=494
num_leaves=11
num_cat=0
split_feature=26 18 18 27 27 29 27 18 14 11
split_gain=4.5304 3.92104 3.9572 3.89572 3.28473 5.91343 2.60864 2.30981 2.00011 1.90174
threshold=1525.0000000000002 0.21831695641219453 0.78407029478458068 295.00000000000006 995.00000000000011 0.018334733168927555 1025.0000000000002 0.91516844833171362 1176.2500000000002 3055.0000000000005
decision_type=2 2 2 2 2 2 2 2 2 2
left_child=1 6 4 -4 5 -3 -1 -5 -2 -6
right_child=8 2 3 7 9 -7 -8 -9 -10 -11
leaf_value=0.015947949384701589 0.010153275874483825 -0.10921734025976093 0.1318364359868042 0.019699251959264075 0.004113059818814691 -0.90448873528980589 0.016917670038014875 -0.2018110417344815 0.0082355133006785774 -0.059179463479131306
leaf_weight=39.87004017829895 33.062960147857666 37.92516016960144 23.338560104370117 31.118080139160156 31.118080139160156 24.311000108718872 24.311000108718872 29.173200130462646 23.338560104370117 36.952720165252686
leaf_count=41 34 39 24 32 32 25 25 30 24 38
internal_value=0.000872093 -0.00174825 -0.005 0.00348837 -0.0104478 -0.01875 0.00909091 -0.00322581 0.0137931 -0.00285714
internal_weight=334.519 278.118 213.937 83.6298 130.307 62.2362 64.181 60.2913 56.4015 68.0708
internal_count=344 286 220 86 134 64 66 62 58 70
is_linear=0
shrinkage=0.05


Tree=495
num_leaves=11
num_cat=0
split_feature=27 25 18 18 30 14 18 22 29 26
split_gain=2.70495 8.65229 5.52146 6.09705 3.31211 2.02592 1.77818 1.4465 1.41839 2.21031
threshold=995.00000000000011 495.00000000000006 0.26378652332664076 0.62871720116618091 0.23135885341074022 1146.2500000000002 0.30009967356906136 0.017244415398537803 0.017379973997757755 1055.0000000000002
decision_type=2 2 2 2 2 2 2 2 2 2
left_child=1 2 -1 -4 6 -5 -2 -6 9 -8
right_child=4 -3 3 5 7 -7 8 -9 -10 -11
leaf_value=1.3362234102717481 0.005272371070986992 -0.17057991648835014 -1.0679195692160419 0.0074628214147196559 0.0096456120807602019 0.2194296618547128 0.0039074068278750927 0.018192000100521001 0.001029632910615419 -0.010359155371656926
leaf_weight=24.311000108718872 35.007840156555176 38.897600173950195 33.062960147857666 23.338560104370117 36.952720165252686 23.338560104370117 33.062960147857666 37.92516016960144 23.338560104370117 31.118080139160156
leaf_count=25 36 40 34 24 38 24 34 39 24 32
internal_value=0.00285714 -0.00238095 0.00514019 -0.00121951 0.00665025 0.0104167 0.0015873 0.0149351 -0.00222222 -0.00606061
internal_weight=340.354 142.949 104.051 79.7401 197.405 46.6771 122.527 74.8779 87.5196 64.181
internal_count=350 147 107 82 203 48 126 77 90 66
is_linear=0
shrinkage=0.05


Tree=496
num_leaves=12
num_cat=0
split_feature=27 28 16 20 29 14 27 30 27 14 14
split_gain=3.14064 3.63869 3.68368 2.73943 3.33768 2.35315 2.02592 1.58963 1.24502 0.965869 0.896444
threshold=995.00000000000011 3.5000000000000004 2985.0000000000005 0.4413818102998775 0.019625800787450905 1146.2500000000002 1880.0000000000002 0.24233497676656207 2975.0000000000005 3123.7500000000005 1645.0000000000002
decision_type=2 2 2 2 2 2 2 2 2 2 2
left_child=1 2 5 4 8 -1 -5 -6 9 -2 -7
right_child=3 -3 -4 6 7 10 -8 -9 -10 -11 -12
leaf_value=-1.4357326910516122 -0.0031348394190331419 0.11011349154102845 -0.21757545175687484 0.015711874710905249 0.011277614725668173 0.11427313109472835 0.01244358372878196 0.0041753960104188087 0.012506797236324019 -0.035754700881489042 -0.042745157929357451
leaf_weight=29.173200130462646 35.980280160903931 35.007840156555176 25.283440113067627 23.338560104370117 25.283440113067627 23.338560104370117 23.338560104370117 35.007840156555176 23.338560104370117 26.255880117416382 32.090520143508911
leaf_count=30 37 36 26 24 26 24 24 36 24 27 33
internal_value=-0.000144092 -0.0057047 -0.010177 0.0040404 0.000666667 -0.00517241 0.0145833 0.00967742 -0.00568182 -0.009375 0.000877193
internal_weight=337.437 144.894 109.886 192.543 145.866 84.6023 46.6771 60.2913 85.5747 62.2362 55.4291
internal_count=347 149 113 198 150 87 48 62 88 64 57
is_linear=0
shrinkage=0.05


Tree=497
num_leaves=10
num_cat=0
split_feature=30 27 25 22 22 15 15 27 15
split_gain=3.63398 3.03904 3.00852 4.94905 5.24455 3.1257 2.77146 1.38839 1.19685
threshold=0.24881711814353533 1085.0000000000002 1005.0000000000001 0.023334787868018101 0.044116309249545162 86.250000000000014 326.25000000000006 745.00000000000011 48.750000000000007
decision_type=2 2 2 2 2 2 2 2 2
left_child=2 -2 3 5 -5 7 -4 -1 -9
right_child=1 -3 6 4 -6 -7 -8 8 -10
leaf_value=0.0092736971624731279 0.0063763051217392789 0.19048391819437713 0.019076571572031756 -0.18694306950746978 0.0011348932360419894 0.46821051660833746 0.00019616051890807286 -0.056911540709734254 0.00020455187802781438
leaf_weight=42.787360191345215 45.704680204391479 25.283440113067627 27.228320121765137 32.090520143508911 24.311000108718872 29.173200130462646 43.75980019569397 25.283440113067627 25.283440113067627
leaf_count=44 47 26 28 33 25 30 45 26 26
internal_value=0.0030303 0.0130137 0.000194553 -0.00326087 -0.0155172 0.00238095 0.00890411 -0.00208333 -0.00769231
internal_weight=320.905 70.9881 249.917 178.929 56.4015 122.527 70.9881 93.3542 50.5669
internal_count=330 73 257 184 58 126 73 96 52
is_linear=0
shrinkage=0.05


Tree=498
num_leaves=13
num_cat=0
split_feature=11 14 29 27 29 22 18 20 14 14 11 22
split_gain=3.46546 5.78368 3.85576 3.80829 2.80149 2.90112 4.56997 2.76605 2.05887 1.16063 2.02592 0.900987
threshold=3695.0000000000005 3052.5000000000005 0.021984675784397105 475.00000000000006 0.014809731492041503 0.0037158892538541504 0.80173847316704472 0.45114007066671463 3620.0000000000005 1331.2500000000002 1960.0000000000002 0.033724508213992706
decision_type=2 2 2 2 2 2 2 2 2 2 2 2
left_child=1 3 8 9 -5 -6 11 -2 -3 -1 -11 -7
right_child=7 2 -4 4 5 6 -8 -9 -10 10 -12 -13
leaf_value=-1.3149985647473388 0.020296846038036165 -0.054065963674247541 -0.24191867181984891 -0.028247848076625816 0.022119571640166671 0.0068012394033985409 -0.0060755750497264675 0.014916472949425953 0.0026962769331703388 0.51714520257189633 -0.041071584891005847 0.01291793429761583
leaf_weight=25.283440113067627 35.007840156555176 23.338560104370117 24.311000108718872 23.338560104370117 24.311000108718872 29.173200130462646 23.338560104370117 23.338560104370117 27.228320121765137 23.338560104370117 23.338560104370117 36.952720165252686
leaf_count=26 36 24 25 24 25 30 24 24 28 24 24 38
internal_value=0.000568182 -0.00171233 -0.0136364 0.00255814 0.00744681 0.0106838 0.00652174 0.0116667 -0.00576923 -0.00675676 -0.00208333 0.0132353
internal_weight=342.299 283.952 74.8779 209.075 137.114 113.775 89.4645 58.3464 50.5669 71.9606 46.6771 66.1259
internal_count=352 292 77 215 141 117 92 60 52 74 48 68
is_linear=0
shrinkage=0.05


Tree=499
num_leaves=11
num_cat=0
split_feature=27 20 20 28 27 11 16 14 14 27
split_gain=3.75957 6.28158 6.22644 4.83621 4.96136 4.02358 3.54161 2.78378 2.59596 1.28941
threshold=995.00000000000011 0.46026141650587077 0.48146239122429596 3.5000000000000004 440.00000000000006 3035.0000000000005 1265.0000000000002 4096.2500000000009 1141.2500000000002 130.00000000000003
decision_type=2 2 2 2 2 2 2 2 2 2
left_child=2 5 3 4 9 6 8 -7 -2 -1
right_child=1 -3 -4 -5 -6 7 -8 -9 -10 -11
leaf_value=0.17384571791924375 0.012453332442862576 0.034476968808439777 -0.20247821371274313 0.6108685442499564 -0.36342277474275309 -0.17489261784839982 0.0079243907338764075 0.0013545204116780952 -0.025644104826733384 -0.039018005646448729
leaf_weight=35.980280160903931 43.75980019569397 40.842480182647705 35.007840156555176 29.173200130462646 24.311000108718872 28.200760126113892 24.311000108718872 27.228320121765137 30.145640134811401 23.338560104370117
leaf_count=37 45 42 36 30 25 29 25 28 31 24
internal_value=-0.000568182 0.004 -0.00657895 -0.000862069 -0.00697674 -0.000632911 0.00544554 -0.0114035 0 0.000819672
internal_weight=342.299 194.488 147.811 112.803 83.6298 153.646 98.2164 55.4291 73.9054 59.3188
internal_count=352 200 152 116 86 158 101 57 76 61
is_linear=0
shrinkage=0.05


Tree=500
num_leaves=11
num_cat=0
split_feature=12 12 28 18 18 20 22 18 27 22
split_gain=3.73862 4.10463 4.93022 4.52805 6.14199 3.84515 3.17664 3.07761 2.31601 2.53927
threshold=1065.0000000000002 3645.0000000000005 3.5000000000000004 0.88843828129542424 0.21831695641219453 0.45114007066671463 0.007006953578957551 0.32207105064247926 535.00000000000011 0.0099471446157673015
decision_type=2 2 2 2 2 2 2 2 2 2
left_child=6 2 3 4 -2 -3 -1 -6 -9 -10
right_child=1 5 -4 -5 7 -7 -8 8 9 -11
leaf_value=0.0017594786796507834 0.032753120368010973 -0.0092279180467357957 -0.2054350282500309 0.018161336139564811 -0.75035744178434249 0.011762488129625126 0.13284098644505776 0.39768567986347991 -0.31651637323445814 -0.00034468089038455221
leaf_weight=29.173200130462646 35.980280160903931 45.704680204391479 33.062960147857666 26.255880117416382 25.283440113067627 28.200760126113892 29.173200130462646 24.311000108718872 26.255880117416382 37.92516016960144
leaf_count=30 37 47 34 27 26 29 30 25 27 39
internal_value=0.00014245 -0.00223368 -0.00581395 -0.00248619 -0.00584416 0.00789474 0.0116667 -0.0115385 -0.00714286 -0.0121212
internal_weight=341.326 282.98 209.075 176.012 149.756 73.9054 58.3464 113.775 88.492 64.181
internal_count=351 291 215 181 154 76 60 117 91 66
is_linear=0
shrinkage=0.05


Tree=501
num_leaves=10
num_cat=0
split_feature=27 25 30 29 16 16 16 29 15
split_gain=3.90479 9.13811 4.20179 3.89043 3.22331 3.15622 2.79227 2.2798 4.46877
threshold=995.00000000000011 495.00000000000006 0.16258680081917418 0.015984265375215453 1185.0000000000002 2705.0000000000005 1575.0000000000002 0.019032712606033005 341.25000000000006
decision_type=2 2 2 2 2 2 2 2 2
left_child=1 5 -2 -4 -5 6 -1 -6 -9
right_child=2 -3 3 4 7 -7 -8 8 -10
leaf_value=0.066618593600935583 -0.045958864645626818 -0.20942707613071435 0.037687270506694404 0.015964060268845514 -0.0016903565852317117 1.063989199718435 -0.1951632768375248 0.10081029992197728 -0.093443093871246677
leaf_weight=41.81492018699646 31.118080139160156 35.980280160903931 24.311000108718872 37.92516016960144 40.842480182647705 30.145640134811401 29.173200130462646 31.118080139160156 26.255880117416382
leaf_count=43 32 37 25 39 42 31 30 32 27
internal_value=-0.000295858 -0.00673759 0.00431472 0.00757576 0.00428571 0.000961538 -0.00479452 -0.00049505 0.0059322
internal_weight=328.685 137.114 191.571 160.453 136.142 101.134 70.9881 98.2164 57.374
internal_count=338 141 197 165 140 104 73 101 59
is_linear=0
shrinkage=0.05


Tree=502
num_leaves=10
num_cat=0
split_feature=30 16 11 27 28 16 15 20 25
split_gain=5.14745 2.00687 3.72043 1.8119 3.70092 2.8683 2.55694 5.36248 1.67495
threshold=0.26824629563865815 1135.0000000000002 1055.0000000000002 1005.0000000000001 3.5000000000000004 2145.0000000000005 93.750000000000014 0.4558991625252079 1560.0000000000002
decision_type=2 2 2 2 2 2 2 2 2
left_child=1 -1 -3 4 5 -4 -5 8 -8
right_child=-2 2 3 6 -6 -7 7 -9 -10
leaf_value=-0.90843294265423546 0.015856812131437439 0.12849688035508963 -0.025222467693208728 0.022732812373533307 0.1548947086588669 -0.33431888629672812 -0.0012343802173063524 0.0036538250828243692 -0.23929062804140813
leaf_weight=29.173200130462646 45.704680204391479 25.283440113067627 32.090520143508911 40.842480182647705 32.090520143508911 41.81492018699646 29.173200130462646 30.145640134811401 26.255880117416382
leaf_count=30 47 26 33 42 33 43 30 31 27
internal_value=-0.00175439 -0.00423729 -0.00283019 -0.00481172 -0.00963303 -0.0157895 -0.000769231 -0.00568182 -0.0149123
internal_weight=332.574 286.87 257.697 232.413 105.996 73.9054 126.417 85.5747 55.4291
internal_count=342 295 265 239 109 76 130 88 57
is_linear=0
shrinkage=0.05


Tree=503
num_leaves=11
num_cat=0
split_feature=27 11 11 20 14 27 24 15 11 26
split_gain=6.15596 2.84514 3.47155 4.03059 4.02042 3.89126 2.15586 3.59415 2.32359 1.94488
threshold=1155.0000000000002 3645.0000000000005 2165.0000000000005 0.38479809237610901 1176.2500000000002 1015.0000000000001 0.022343544636538201 153.75000000000003 3655.0000000000005 935.00000000000011
decision_type=2 2 2 2 2 2 2 2 2 2
left_child=1 2 3 4 9 -4 -2 -8 -9 -1
right_child=6 -3 5 -5 -6 -7 7 8 -10 -11
leaf_value=0.14319934173472576 0.033539446623308322 0.11208133166642256 -0.21536605127982966 0.26408473653850706 -0.13117119019503889 -0.00018121000573501078 -0.0077685316880547368 0.035864625992223863 0.0031187262252842631 -0.0055515422855137338
leaf_weight=24.311000108718872 29.173200130462646 24.311000108718872 38.897600173950195 36.952720165252686 35.007840156555176 24.311000108718872 31.118080139160156 25.283440113067627 33.062960147857666 24.311000108718872
leaf_count=25 30 25 40 38 36 25 32 26 34 25
internal_value=-0.000892857 -0.00607477 -0.00820106 -0.00322581 -0.00930233 -0.0176923 0.00819672 0.00434783 0.0116667 0
internal_weight=326.74 208.102 183.791 120.583 83.6298 63.2086 118.638 89.4645 58.3464 48.622
internal_count=336 214 189 124 86 65 122 92 60 50
is_linear=0
shrinkage=0.05


Tree=504
num_leaves=11
num_cat=0
split_feature=18 20 26 27 27 26 18 27 14 11
split_gain=4.69474 4.18634 3.29347 3.5458 3.85889 3.61497 3.52396 5.12082 2.18839 0.324147
threshold=0.18607442977190877 0.48354269617830087 2565.0000000000005 995.00000000000011 105.00000000000001 230.00000000000003 0.87107898715041587 1075.0000000000002 4080.0000000000005 2670.0000000000005
decision_type=2 2 2 2 2 2 2 2 2 2
left_child=-1 2 3 4 -2 -6 7 -5 9 -9
right_child=1 -3 -4 6 5 -7 -8 8 -10 -11
leaf_value=0.050794209897253501 0.46277958008034831 -0.19059241310324071 -0.0077463104024900536 0.026119122580007571 -0.323207008565214 -0.023192740431659333 0.018169393123298506 -0.0023961420749742503 0.011672421858884265 -0.16559608948691676
leaf_weight=42.787360191345215 40.842480182647705 28.200760126113892 25.283440113067627 23.338560104370117 30.145640134811401 31.118080139160156 32.090520143508911 23.338560104370117 24.311000108718872 23.338560104370117
leaf_count=44 42 29 26 24 31 32 33 24 25 24
internal_value=-0.00179641 -0.00413793 -0.00210728 -0.000212766 -0.00714286 -0.0150794 0.00538462 0.000515464 -0.00616438 -0.0125
internal_weight=324.795 282.008 253.807 228.523 102.106 61.2637 126.417 94.3267 70.9881 46.6771
internal_count=334 290 261 235 105 63 130 97 73 48
is_linear=0
shrinkage=0.05


Tree=505
num_leaves=11
num_cat=0
split_feature=22 27 18 30 30 27 18 22 27 16
split_gain=4.88549 2.88184 4.51545 2.76076 1.72129 2.47509 1.44272 3.62381 2.48675 0.72933
threshold=0.050734318589089257 1015.0000000000001 0.32207105064247926 0.24881711814353533 0.22138660717042893 130.00000000000003 0.30009967356906136 0.013194454440123802 2535.0000000000005 2705.0000000000005
decision_type=2 2 2 2 2 2 2 2 2 2
left_child=1 2 -1 6 5 -4 -3 8 -8 -2
right_child=9 3 4 -5 -6 -7 7 -9 -10 -11
leaf_value=-0.18106279244807411 0.10235780113969213 0.0063063036232051672 1.3996890273891269 0.0077076187749185012 -0.015185883325852956 -0.013842250278003121 0.044034202330965402 -0.020684646813845121 -0.0083828647687369095 0.10699475892374721
leaf_weight=38.897600173950195 23.338560104370117 26.255880117416382 31.118080139160156 26.255880117416382 33.062960147857666 35.980280160903931 34.035400152206421 41.81492018699646 23.338560104370117 23.338560104370117
leaf_count=40 24 27 32 27 34 37 35 43 24 24
internal_value=-0.000432277 -0.00284281 -0.00804196 0.00192308 -0.00242718 0.00217391 -0.00116279 -0.00392157 0.00423729 0.0145833
internal_weight=337.437 290.76 139.059 151.701 100.161 67.0984 125.445 99.1889 57.374 46.6771
internal_count=347 299 143 156 103 69 129 102 59 48
is_linear=0
shrinkage=0.05


Tree=506
num_leaves=11
num_cat=0
split_feature=27 19 15 30 30 30 20 14 14 11
split_gain=3.73733 3.07816 5.47013 5.20272 2.67924 2.65786 2.42431 1.9554 4.37306 3.22732
threshold=1015.0000000000001 0.59225533132238684 63.750000000000007 0.20389682208176158 0.26572072416163778 0.22531718346018242 0.4413818102998775 1146.2500000000002 1250.0000000000002 3045.0000000000005
decision_type=2 2 2 2 2 2 2 2 2 2
left_child=1 2 5 -4 6 -1 7 -2 -9 -10
right_child=4 -3 3 -5 -6 -7 -8 8 9 -11
leaf_value=0.10340109350233889 0.007322237836172008 1.1718931831242572 -0.0097071089775909065 -0.35061798874207856 0.014495869398240303 -0.025430352024045533 0.0088768256402090625 -0.12772281045799902 0.011667605491891209 -0.011211440356237291
leaf_weight=39.87004017829895 30.145640134811401 23.338560104370117 31.118080139160156 32.090520143508911 24.311000108718872 24.311000108718872 34.035400152206421 26.255880117416382 24.311000108718872 29.173200130462646
leaf_count=41 31 24 32 33 25 25 35 27 25 30
internal_value=0.00152439 -0.00419355 -0.00725191 -0.0176923 0.0066474 0.0030303 0.00405405 0.000442478 -0.00365854 0.00454545
internal_weight=318.96 150.728 127.39 63.2086 168.232 64.181 143.921 109.886 79.7401 53.4842
internal_count=328 155 131 65 173 66 148 113 82 55
is_linear=0
shrinkage=0.05


Tree=507
num_leaves=11
num_cat=0
split_feature=27 18 30 14 18 25 20 25 26 29
split_gain=4.13213 4.85625 3.95825 3.17618 6.3487 5.31501 1.97528 1.72925 3.3313 2.72519
threshold=1015.0000000000001 0.8595049130763418 0.24881711814353533 2475.0000000000005 0.36256301873500213 545.00000000000011 0.46946941475002701 1560.0000000000002 1065.0000000000002 0.017873076528435203
decision_type=2 2 2 2 2 2 2 2 2 2
left_child=1 3 6 4 -1 -5 7 8 -2 -10
right_child=2 -3 -4 5 -6 -7 -8 -9 9 -11
leaf_value=0.13001958774216291 0.02526401851712308 0.014547387490608799 0.013771075928332266 -0.043749998698262973 -0.76077890151830163 -0.33308708930496778 0.0056525056744021647 -0.065100559973234343 -0.013264273950255756 7.7295001665333993e-05
leaf_weight=34.035400152206421 36.952720165252686 45.704680204391479 37.92516016960144 26.255880117416382 25.283440113067627 24.311000108718872 24.311000108718872 26.255880117416382 29.173200130462646 24.311000108718872
leaf_count=35 38 47 39 27 26 25 25 27 30 25
internal_value=-0.000290698 -0.00625 0.0048913 -0.0119469 -0.00409836 -0.0211538 0.00103448 -0.00166667 0.0016129 -0.00636364
internal_weight=334.519 155.59 178.929 109.886 59.3188 50.5669 141.004 116.693 90.4369 53.4842
internal_count=344 160 184 113 61 52 145 120 93 55
is_linear=0
shrinkage=0.05


Tree=508
num_leaves=11
num_cat=0
split_feature=29 29 29 18 29 14 26 15 15 11
split_gain=3.82524 5.29011 4.26729 4.76213 2.78977 4.15026 2.61567 3.68743 2.08601 3.32197
threshold=0.014809731492041503 0.015984265375215453 0.019525017892454505 0.8595049130763418 0.022084057524349752 2683.7500000000005 475.00000000000006 341.25000000000006 48.750000000000007 3045.0000000000005
decision_type=2 2 2 2 2 2 2 2 2 2
left_child=8 -2 6 4 -4 -6 7 -3 -1 -10
right_child=1 2 3 -5 5 -7 -8 -9 9 -11
leaf_value=-1.3221190003971062 0.13093136500297078 -0.31643273483971374 0.10415336486489651 0.015462195262057322 0.013082522131912811 -0.1431641410131988 0.0054667963039037211 -0.0022904544941866334 0.12635016257493134 -0.016225196696132118
leaf_weight=26.255880117416382 24.311000108718872 23.338560104370117 38.897600173950195 33.062960147857666 39.87004017829895 28.200760126113892 40.842480182647705 26.255880117416382 26.255880117416382 23.338560104370117
leaf_count=27 25 24 40 34 41 29 42 27 27 24
internal_value=0.000882353 0.00381679 0.00147679 0.00694444 0.00181818 -0.00428571 -0.00698925 -0.0147059 -0.00897436 -0.00294118
internal_weight=330.63 254.779 230.468 140.031 106.968 68.0708 90.4369 49.5944 75.8503 49.5944
internal_count=340 262 237 144 110 70 93 51 78 51
is_linear=0
shrinkage=0.05


Tree=509
num_leaves=12
num_cat=0
split_feature=14 22 16 22 18 18 20 16 27 11 14
split_gain=4.08431 6.91228 4.75672 2.80155 4.8694 4.64581 4.83854 4.88906 2.46703 2.34034 1.60253
threshold=1131.2500000000002 0.00091086781934990009 4635.0000000000009 0.0057962496229795003 0.48242630385487534 0.37630385487528351 0.48146239122429596 2655.0000000000005 595.00000000000011 2065.0000000000005 1106.2500000000002
decision_type=2 2 2 2 2 2 2 2 2 2 2
left_child=10 -2 3 -3 5 6 7 -5 -8 -6 -1
right_child=1 2 -4 4 9 -7 8 -9 -10 -11 -12
leaf_value=0.089396921419540837 0.092812063224619129 -0.20499729533418076 0.010071723001374266 0.094878742768264607 0.14189078469516972 -0.21363861305130741 -0.14303206716656405 -0.027254939192243911 -0.02498328037436295 -0.0010254980545369109 0.041960155623451102
leaf_weight=33.062960147857666 24.311000108718872 26.255880117416382 35.007840156555176 25.283440113067627 24.311000108718872 25.283440113067627 24.311000108718872 35.980280160903931 25.283440113067627 23.338560104370117 31.118080139160156
leaf_count=34 25 27 36 26 25 26 25 37 26 24 32
internal_value=-0.000728863 -0.0034296 -0.00595238 -0.0087963 -0.00661376 -0.0114286 -0.00701754 0.00238095 -0.0186275 0.00714286 0.0106061
internal_weight=333.547 269.366 245.055 210.047 183.791 136.142 110.858 61.2637 49.5944 47.6496 64.181
internal_count=343 277 252 216 189 140 114 63 51 49 66
is_linear=0
shrinkage=0.05


Tree=510
num_leaves=10
num_cat=0
split_feature=27 15 22 18 22 26 22 16 26
split_gain=6.66143 4.35789 5.3626 3.7419 4.42731 3.43545 2.53103 3.74124 1.59116
threshold=2985.0000000000005 71.250000000000014 0.050734318589089257 0.34849403150917307 0.03482692559096736 205.00000000000003 0.0026594270113644005 2145.0000000000005 85.000000000000014
decision_type=2 2 2 2 2 2 2 2 2
left_child=1 6 3 4 -3 -5 -1 8 -8
right_child=-2 2 -4 5 -6 -7 7 -9 -10
leaf_value=-0.023694789700039111 0.053969484224273861 -0.13588046380823471 0.066810856819142825 0.0088884787228835204 -0.015408609721112044 -0.026242167737643741 0.100687574529843 -0.015409448793752745 0.036434146829651584
leaf_weight=34.035400152206421 31.118080139160156 24.311000108718872 37.92516016960144 32.090520143508911 36.952720165252686 40.842480182647705 23.338560104370117 25.283440113067627 45.704680204391479
leaf_count=35 32 25 39 33 38 42 24 26 47
internal_value=-0.000146628 -0.00242718 -0.00762712 -0.0123188 -0.0214286 -0.00466667 0.00454545 0.00876289 0.0147887
internal_weight=331.602 300.484 172.122 134.197 61.2637 72.933 128.362 94.3267 69.0432
internal_count=341 309 177 138 63 75 132 97 71
is_linear=0
shrinkage=0.05


Tree=511
num_leaves=11
num_cat=0
split_feature=25 14 27 14 30 14 11 11 24 29
split_gain=2.17101 3.67643 3.97979 4.21742 3.32447 2.67467 1.99293 1.89672 1.82766 1.38989
threshold=2565.0000000000005 3713.7500000000005 1005.0000000000001 2150.0000000000005 0.24380327884838862 4060.0000000000005 1075.0000000000002 2670.0000000000005 0.032029478458049855 0.016096101144398352
decision_type=2 2 2 2 2 2 2 2 2 2
left_child=1 2 3 8 6 -3 -4 -5 -1 -8
right_child=-2 5 4 7 -6 -7 9 -9 -10 -11
leaf_value=-0.21288003740060049 -0.0091234998209529291 0.043267697458850313 -0.01555308640400881 -0.77523077116622974 0.017187495528150975 0.012741740077444774 0.014929144341738266 -0.022510050215032607 0.039223958709931145 0.0001619730055153923
leaf_weight=35.980280160903931 26.255880117416382 24.311000108718872 33.062960147857666 34.035400152206421 32.090520143508911 34.035400152206421 25.283440113067627 24.311000108718872 37.92516016960144 35.007840156555176
leaf_count=37 27 25 34 35 33 35 26 25 39 36
internal_value=0.000852273 0.002 -0.000566038 -0.00661765 0.00581395 0.0133333 0.00104167 -0.0166667 0.00131579 0.00645161
internal_weight=342.299 316.043 257.697 132.252 125.445 58.3464 93.3542 58.3464 73.9054 60.2913
internal_count=352 325 265 136 129 60 96 60 76 62
is_linear=0
shrinkage=0.05


Tree=512
num_leaves=11
num_cat=0
split_feature=15 29 14 27 22 27 29 11 30 19
split_gain=3.34392 5.211 4.08117 3.94372 4.28876 3.90971 3.09751 2.69291 2.41365 5.18635
threshold=71.250000000000014 0.019816422259881655 1141.2500000000002 425.00000000000006 0.0091870218023034512 1065.0000000000002 0.024582340985708353 3045.0000000000005 0.19378030139270608 0.53528499718975919
decision_type=2 2 2 2 2 2 2 2 2 2
left_child=1 2 -1 -2 -5 7 -3 -6 -7 -10
right_child=3 6 -4 4 5 8 -8 -9 9 -11
leaf_value=0.10629719767338203 -0.75101479520840264 0.098118597613563452 -0.23534156599721429 -0.13786984095308982 0.44274749524172424 -0.04541662958796451 0.011501614268570394 0.0023192242619643369 0.031584159903604817 -0.015218391468215487
leaf_weight=31.118080139160156 33.062960147857666 33.062960147857666 39.87004017829895 33.062960147857666 25.283440113067627 29.173200130462646 29.173200130462646 25.283440113067627 23.338560104370117 23.338560104370117
leaf_count=32 34 34 41 34 26 30 30 26 24 24
internal_value=0.00522388 0.0113139 0.00205479 0.0010101 0.00426829 0.00846154 0.021875 0.0192308 0.00128205 0.00833333
internal_weight=325.767 133.224 70.9881 192.543 159.48 126.417 62.2362 50.5669 75.8503 46.6771
internal_count=335 137 73 198 164 130 64 52 78 48
is_linear=0
shrinkage=0.05


Tree=513
num_leaves=9
num_cat=0
split_feature=29 29 20 30 30 30 22 22
split_gain=3.54095 4.1253 3.5633 3.33779 3.13286 2.04757 3.86221 5.4773
threshold=0.022603875444738405 0.015984265375215453 0.4049113367431339 0.14228473516806253 0.16505762319441561 0.23453342965851146 0.013194454440123802 0.034256586952814957
decision_type=2 2 2 2 2 2 2 2
left_child=1 3 -2 -1 -5 6 -3 -8
right_child=2 5 -4 4 -6 -7 7 -9
leaf_value=-0.006396493350507626 0.025975986972412102 0.03635235959086458 0.021719953067145071 0.1274943748583155 0.016453518604043895 -0.050637375803808032 -0.13566583606129826 0.0022032630488865836
leaf_weight=39.87004017829895 40.842480182647705 42.787360191345215 36.952720165252686 26.255880117416382 27.228320121765137 35.007840156555176 29.173200130462646 45.704680204391479
leaf_count=41 42 44 38 27 28 36 30 47
internal_value=0.00195195 -0.000988142 0.01125 0.00729167 0.0154545 -0.00605096 -0.00289256 -0.00974026
internal_weight=323.823 246.027 77.7952 93.3542 53.4842 152.673 117.665 74.8779
internal_count=333 253 80 96 55 157 121 77
is_linear=0
shrinkage=0.05


Tree=514
num_leaves=13
num_cat=0
split_feature=11 11 29 18 27 30 30 15 11 14 11 22
split_gain=3.51787 4.44856 3.79785 4.39025 3.19328 2.63525 2.55265 1.49387 2.26145 1.97915 0.889617 0.610892
threshold=3695.0000000000005 3055.0000000000005 0.019625800787450905 0.87107898715041587 655.00000000000011 0.22138660717042893 0.19489392071939241 71.250000000000014 1145.0000000000002 1331.2500000000002 3360.0000000000005 0.020777040729838103
decision_type=2 2 2 2 2 2 2 2 2 2 2 2
left_child=1 2 5 4 -4 7 -2 8 -1 -9 -3 -6
right_child=6 10 3 -5 11 -7 -8 9 -10 -11 -12 -13
leaf_value=0.12298325316658065 0.0074855054065210425 -0.17414472323321206 -0.21464021695760493 0.021748501113779642 0.0055377644144300577 -0.022813119241686764 0.10099136153085056 -0.024228361018663238 -0.091637252613747944 0.09213748701367877 -0.0051939905688414001 0.014203015178691204
leaf_weight=30.145640134811401 23.338560104370117 24.311000108718872 23.338560104370117 25.283440113067627 23.338560104370117 27.228320121765137 31.118080139160156 28.200760126113892 26.255880117416382 23.338560104370117 23.338560104370117 25.283440113067627
leaf_count=31 24 25 24 26 24 28 32 29 27 24 24 26
internal_value=0.000872093 -0.00138889 0.00146444 0.009 0.0027027 -0.00395683 0.0125 -0.00045045 0.00517241 -0.00660377 -0.0153061 0.01
internal_weight=334.519 280.063 232.413 97.244 71.9606 135.169 54.4566 107.941 56.4015 51.5393 47.6496 48.622
internal_count=344 288 239 100 74 139 56 111 58 53 49 50
is_linear=0
shrinkage=0.05


Tree=515
num_leaves=11
num_cat=0
split_feature=14 28 15 18 18 24 14 27 12 15
split_gain=2.97036 2.42838 2.11581 4.65425 4.44672 1.95251 4.46791 4.0193 3.08066 1.24472
threshold=2475.0000000000005 2.5000000000000004 123.75000000000001 0.72222222222222232 0.90720126434412152 0.026109594580932104 4542.5000000000009 1600.0000000000002 3055.0000000000005 33.750000000000007
decision_type=2 2 2 2 2 2 2 2 2 2
left_child=1 2 3 -1 -5 -2 7 8 -7 -3
right_child=5 9 -4 4 -6 6 -8 -9 -10 -11
leaf_value=-0.13255203647477173 0.10223258953722053 0.025949163259701893 0.019562520789725115 0.026531396348786984 -0.012248574036607352 -0.020384192609458299 0.0586671901725822 0.018421437508845884 -0.1341865702339419 0.11683409050824595
leaf_weight=41.81492018699646 23.338560104370117 24.311000108718872 24.311000108718872 27.228320121765137 29.173200130462646 42.787360191345215 23.338560104370117 33.062960147857666 33.062960147857666 24.311000108718872
leaf_count=43 24 25 25 28 30 44 24 34 34 25
internal_value=0 0.00454545 0.000793651 -0.00247525 0.00689655 -0.005 -0.00735294 -0.0116071 -0.0179487 0.014
internal_weight=326.74 171.149 122.527 98.2164 56.4015 155.59 132.252 108.913 75.8503 48.622
internal_count=336 176 126 101 58 160 136 112 78 50
is_linear=0
shrinkage=0.05


Tree=516
num_leaves=11
num_cat=0
split_feature=29 29 18 27 29 29 30 30 30 6
split_gain=2.66794 5.1357 4.70203 4.50655 2.83119 6.83747 2.24989 2.53638 2.04212 0.72933
threshold=0.019816422259881655 0.018539720596605302 0.8595049130763418 935.00000000000011 0.017635136160266001 0.016096101144398352 0.14228473516806253 0.16108765875425848 0.24447547468898012 1.0000000180025095e-35
decision_type=2 2 2 2 2 2 2 2 2 2
left_child=1 4 3 -2 5 6 -1 -8 -5 -9
right_child=2 -3 -4 8 -6 -7 7 9 -10 -11
leaf_value=-0.011038263473210463 -0.079375674580046518 -0.55544658576804984 0.023864470226862979 0.0010552323869205793 0.11252477514267412 -0.1321901790372067 0.097120960060351536 0.025204826531353322 0.019972583066783046 -0.00071884631088323667
leaf_weight=45.704680204391479 42.787360191345215 28.200760126113892 35.007840156555176 27.228320121765137 30.145640134811401 32.090520143508911 24.311000108718872 23.338560104370117 31.118080139160156 23.338560104370117
leaf_count=47 44 29 36 28 31 33 25 24 32 24
internal_value=0.000991501 -0.00258216 0.00642857 0.000961538 0.000543478 -0.00228758 0.00333333 0.00890411 0.01 0.00208333
internal_weight=343.271 207.13 136.142 101.134 178.929 148.783 116.693 70.9881 58.3464 46.6771
internal_count=353 213 140 104 184 153 120 73 60 48
is_linear=0
shrinkage=0.05


Tree=517
num_leaves=11
num_cat=0
split_feature=15 16 18 18 16 11 25 11 15 25
split_gain=4.07034 4.38157 3.25775 2.52942 3.01409 2.63556 3.51004 2.60301 3.27194 2.5195
threshold=33.750000000000007 2050.0000000000005 0.90720126434412152 0.8795068027210885 4635.0000000000009 3055.0000000000005 425.00000000000006 1055.0000000000002 93.750000000000014 1560.0000000000002
decision_type=2 2 2 2 2 2 2 2 2 2
left_child=1 2 -1 4 5 6 7 -2 -9 -7
right_child=3 -3 -4 -5 -6 9 -8 8 -10 -11
leaf_value=0.14556895226922961 0.012958155993101173 0.51008161817185282 -0.22773393996631058 0.019895659843257363 0.021190269399767203 -0.11611550894947414 0.016224878983075543 -0.00049147003641110138 -0.20283612662856287 -0.0021130231302549872
leaf_weight=29.173200130462646 33.062960147857666 28.200760126113892 27.228320121765137 37.92516016960144 33.062960147857666 32.090520143508911 30.145640134811401 34.035400152206421 26.255880117416382 23.338560104370117
leaf_count=30 34 29 28 39 34 33 31 35 27 24
internal_value=0.000290698 0.00977011 0.00172414 -0.00291829 -0.00504587 -0.0076087 -0.00354331 -0.00833333 -0.0145161 -0.0166667
internal_weight=334.519 84.6023 56.4015 249.917 211.992 178.929 123.5 93.3542 60.2913 55.4291
internal_count=344 87 58 257 218 184 127 96 62 57
is_linear=0
shrinkage=0.05


Tree=518
num_leaves=11
num_cat=0
split_feature=20 18 20 16 25 29 30 27 22 18
split_gain=4.26784 4.51639 3.8681 3.86015 5.41496 2.07422 5.9639 2.22759 1.80081 1.4412
threshold=0.48146239122429596 0.24257639563762012 0.50428175692045529 4145.0000000000009 615.00000000000011 0.017379973997757755 0.17833928115472927 1600.0000000000002 0.010574353013517652 0.78407029478458068
decision_type=2 2 2 2 2 2 2 2 2 2
left_child=1 -1 -2 4 5 6 8 9 -3 -7
right_child=2 3 -4 -5 -6 7 -8 -9 -10 -11
leaf_value=0.085906139361713943 -0.069601115403565936 -0.046882083905120456 0.00147075553279592 -0.11770268254576877 0.40298310939440402 -0.056655976197771456 -0.18014322107982253 0.01231024819344384 0.10798069844469182 0.016806717869781097
leaf_weight=27.228320121765137 23.338560104370117 26.255880117416382 34.035400152206421 45.704680204391479 23.338560104370117 28.200760126113892 27.228320121765137 29.173200130462646 26.255880117416382 40.842480182647705
leaf_count=28 24 27 35 47 24 29 28 30 27 42
internal_value=0.00307918 0.00567376 -0.00932203 0.00354331 0.00652174 0.00355191 -0.00243902 0.00841584 0.00740741 0.00352113
internal_weight=331.602 274.228 57.374 247 201.295 177.957 79.7401 98.2164 52.5118 69.0432
internal_count=341 282 59 254 207 183 82 101 54 71
is_linear=0
shrinkage=0.05


Tree=519
num_leaves=11
num_cat=0
split_feature=20 28 14 29 20 23 30 30 12 27
split_gain=4.45157 4.46371 3.41216 2.66726 2.63238 3.81919 3.39805 2.60151 2.54339 1.24708
threshold=0.48676587301587299 3.5000000000000004 3897.5000000000005 0.020212162352347653 0.37736556527372855 0.8795068027210885 0.23709026373148462 0.17964620000422574 4135.0000000000009 1055.0000000000002
decision_type=2 2 2 2 2 2 2 2 2 2
left_child=1 2 4 -2 5 6 7 -1 -4 -7
right_child=3 -3 8 -5 -6 9 -8 -9 -10 -11
leaf_value=0.0033074178521587784 0.0013972177561527134 0.11809139791059807 -0.27809795086125177 -0.051185349273441719 0.033752860744141348 0.020836127829875296 0.021298769161217024 -0.10130257244800306 0.0031179202246676141 0.03195696326661164
leaf_weight=34.035400152206421 31.118080139160156 32.090520143508911 23.338560104370117 27.228320121765137 43.75980019569397 29.173200130462646 30.145640134811401 38.897600173950195 26.255880117416382 24.311000108718872
leaf_count=35 32 33 24 28 45 30 31 40 27 25
internal_value=0.00257143 0.00517241 0.00291829 -0.01 0.00582524 0.00279503 -0.00283019 -0.00866667 -0.00882353 0.0136364
internal_weight=340.354 282.008 249.917 58.3464 200.323 156.563 103.079 72.933 49.5944 53.4842
internal_count=350 290 257 60 206 161 106 75 51 55
is_linear=0
shrinkage=0.05


Tree=520
num_leaves=12
num_cat=0
split_feature=25 20 18 24 11 16 24 16 11 30 29
split_gain=2.28449 2.37894 4.84546 2.31398 5.2842 6.69192 4.05088 2.98678 7.18958 3.43274 1.43114
threshold=2050.0000000000005 0.48146239122429596 0.26378652332664076 0.028231292517006755 1105.0000000000002 2050.0000000000005 1.0000000180025095e-35 1195.0000000000002 2215.0000000000005 0.21976920769358083 0.020468205329650803
decision_type=2 2 2 2 2 2 2 2 2 2 2
left_child=1 2 -1 4 6 -6 -4 -5 -9 -10 -3
right_child=-2 10 3 7 5 -7 -8 8 9 -11 -12
leaf_value=0.14568483033402799 0.015377581339498647 0.0042345818734361275 0.018322855440635524 -0.027501542432298721 -0.25649049585056222 0.021296791660824967 0.13926675834145499 0.026815945388079854 -0.44155166336504409 0.0040509628951667766 -0.048626081809766221
leaf_weight=23.338560104370117 42.787360191345215 25.283440113067627 28.200760126113892 32.090520143508911 25.283440113067627 26.255880117416382 23.338560104370117 40.842480182647705 26.255880117416382 24.311000108718872 26.255880117416382
leaf_count=24 44 26 29 33 26 27 24 42 27 25 27
internal_value=0.00282486 0.00129032 0.00330739 0.00107296 0.00660377 -0.00471698 0.0179245 -0.00354331 0.00106383 -0.0115385 -0.00849057
internal_weight=344.244 301.456 249.917 226.579 103.079 51.5393 51.5393 123.5 91.4094 50.5669 51.5393
internal_count=354 310 257 233 106 53 53 127 94 52 53
is_linear=0
shrinkage=0.05


Tree=521
num_leaves=11
num_cat=0
split_feature=22 22 29 29 29 29 27 11 16 15
split_gain=2.6673 4.20502 4.00777 3.5693 3.3238 2.78001 3.40413 2.43312 2.35644 5.12115
threshold=0.04494343915884691 0.058276589618827403 0.018130796180023102 0.016818869133432602 0.014809731492041503 0.012076547901011101 1315.0000000000002 1775.0000000000002 1165.0000000000002 108.75000000000001
decision_type=2 2 2 2 2 2 2 2 2 2
left_child=2 -2 3 4 5 -1 -7 -6 -4 -10
right_child=1 -3 8 -5 7 6 -8 -9 9 -11
leaf_value=0.15329376275094547 -0.10976060906127715 0.029033575557923543 0.01218665413373401 -0.12167982450628188 0.0040228527797694369 -0.41947408019677823 0.01114153647827152 0.024171994203857142 0.089805306473408564 0.014910673883423443
leaf_weight=23.338560104370117 28.200760126113892 34.035400152206421 44.732240200042725 23.338560104370117 25.283440113067627 24.311000108718872 29.173200130462646 24.311000108718872 40.842480182647705 36.952720165252686
leaf_count=24 29 35 46 24 26 25 30 25 42 38
internal_value=0.00465116 -0.0046875 0.00678571 0.0012987 0.00461538 -0.00189873 -0.00818182 0.0147059 0.0134921 0.01875
internal_weight=334.519 62.2362 272.283 149.756 126.417 76.8228 53.4842 49.5944 122.527 77.7952
internal_count=344 64 280 154 130 79 55 51 126 80
is_linear=0
shrinkage=0.05


Tree=522
num_leaves=11
num_cat=0
split_feature=18 22 27 22 27 18 30 30 16 30
split_gain=5.38917 4.35979 4.85345 3.45219 3.3243 2.3328 1.90255 3.38266 2.14821 2.68435
threshold=0.14557823129251699 0.016723693225946901 295.00000000000006 0.024512260621617103 1600.0000000000002 0.24582112628759858 0.24881711814353533 0.22138660717042893 1155.0000000000002 0.15539210388166627
decision_type=2 2 2 2 2 2 2 2 2 2
left_child=-1 6 -3 -4 5 -5 7 8 -2 -10
right_child=1 2 3 4 -6 -7 -8 -9 9 -11
leaf_value=-0.017482661594590356 0.23296125799286074 -0.46368493779098119 0.082272935816877182 0.022089331784513888 0.014165140189243176 -0.014114381295689782 0.0061869120665392074 -0.19471197164448314 0.1117942071090738 -0.12248912004367868
leaf_weight=27.228320121765137 29.173200130462646 29.173200130462646 23.338560104370117 24.311000108718872 44.732240200042725 25.283440113067627 32.090520143508911 36.952720165252686 26.255880117416382 37.92516016960144
leaf_count=28 30 30 24 25 46 26 33 38 27 39
internal_value=0.00346821 0.00534591 0.0115894 0.0161157 0.0118557 0.00294118 -0.000299401 -0.00298507 0.00208333 -0.0030303
internal_weight=336.464 309.236 146.838 117.665 94.3267 49.5944 162.397 130.307 93.3542 64.181
internal_count=346 318 151 121 97 51 167 134 96 66
is_linear=0
shrinkage=0.05


Tree=523
num_leaves=11
num_cat=0
split_feature=12 24 25 22 18 18 18 29 29 22
split_gain=3.00107 2.51787 2.50668 2.11915 3.30234 3.28469 2.65376 2.29653 1.67758 0.933542
threshold=3230.0000000000005 0.40606725146198835 1005.0000000000001 0.011518453884917602 0.4784445524241443 0.78407029478458068 0.91516844833171362 0.018384441387896706 0.016260434923171904 0.035759571303830506
decision_type=2 2 2 2 2 2 2 2 2 2
left_child=1 3 -3 5 -5 -1 -7 -8 -2 -10
right_child=8 2 -4 4 -6 6 7 -9 9 -11
leaf_value=-0.20825897339450422 0.020984865195282511 -0.049063741034115087 0.051901419232717676 0.0023946240467694227 0.092549925243292822 0.011546571647579641 -0.19805917673700152 0.016488034358587811 0.010424183502391316 0.10923229268771593
leaf_weight=23.338560104370117 25.283440113067627 45.704680204391479 26.255880117416382 45.704680204391479 24.311000108718872 35.980280160903931 24.311000108718872 27.228320121765137 23.338560104370117 24.311000108718872
leaf_count=24 26 47 27 47 25 37 25 28 24 25
internal_value=0.00373134 0.00115385 -0.00675676 0.00430108 0.0111111 0 0.00444444 -0.00283019 0.0126667 0.00714286
internal_weight=325.767 252.834 71.9606 180.874 70.0157 110.858 87.5196 51.5393 72.933 47.6496
internal_count=335 260 74 186 72 114 90 53 75 49
is_linear=0
shrinkage=0.05


Tree=524
num_leaves=11
num_cat=0
split_feature=18 27 30 28 15 25 24 27 15 11
split_gain=4.88493 1.93387 4.59491 4.84059 2.47072 3.68807 2.15118 4.14606 2.38825 3.19627
threshold=0.14557823129251699 1025.0000000000002 0.15539210388166627 3.5000000000000004 33.750000000000007 170.00000000000003 0.021134949706378203 1190.0000000000002 371.25000000000006 1145.0000000000002
decision_type=2 2 2 2 2 2 2 2 2 2
left_child=-1 2 -2 4 -4 -6 -3 -8 9 -9
right_child=1 6 3 -5 5 -7 7 8 -10 -11
leaf_value=-0.004936040045913615 0.11610745559046337 0.024692836605493085 0.041155763771098468 0.10404770489466274 -1.8825900769154942 0.0061134525808029146 0.04930634827107952 0.0013965317360089104 0.020298766156201964 -0.12023068924695508
leaf_weight=23.338560104370117 32.090520143508911 42.787360191345215 29.173200130462646 35.007840156555176 29.173200130462646 23.338560104370117 32.090520143508911 33.062960147857666 29.173200130462646 24.311000108718872
leaf_count=24 33 44 30 36 30 24 33 34 30 25
internal_value=0.00539359 0.00705329 0.00294118 -0.00166667 -0.00833333 -0.0148148 0.0108434 0.00737705 0.00168539 -0.00423729
internal_weight=333.547 310.208 148.783 116.693 81.685 52.5118 161.425 118.638 86.5472 57.374
internal_count=343 319 153 120 84 54 166 122 89 59
is_linear=0
shrinkage=0.05


Tree=525
num_leaves=12
num_cat=0
split_feature=18 27 28 27 27 24 20 26 24 22 18
split_gain=4.99186 2.79092 4.16533 4.43147 3.90042 2.11737 4.08668 2.2591 1.93954 1.3236 2.02592
threshold=0.14557823129251699 995.00000000000011 3.5000000000000004 545.00000000000011 1085.0000000000002 0.021134949706378203 0.41990432105402747 1620.0000000000002 0.14652845265090161 0.023000324407029003 0.72222222222222232
decision_type=2 2 2 2 2 2 2 2 2 2 2
left_child=-1 2 3 9 8 -6 7 -7 -3 10 -2
right_child=1 4 -4 -5 5 6 -8 -9 -10 -11 -12
leaf_value=-0.0046892380436247549 -1.0477116420570043 0.014068029864370148 0.11030208281094929 -0.28090085510320933 0.041242097964834558 -0.15708676848501002 0.019283827848403236 0.0013267051492107385 0.075574240410139742 0.078364769091058412 0.099167022546089362
leaf_weight=23.338560104370117 23.338560104370117 23.338560104370117 30.145640134811401 24.311000108718872 33.062960147857666 30.145640134811401 35.007840156555176 32.090520143508911 27.228320121765137 23.338560104370117 23.338560104370117
leaf_count=24 24 24 31 25 34 31 36 33 28 24 24
internal_value=0.0056213 0.00732484 0.0015625 -0.00360825 0.0112903 0.00671642 0.003 -0.0046875 0.0230769 0.00277778 -0.00208333
internal_weight=328.685 305.346 124.472 94.3267 180.874 130.307 97.244 62.2362 50.5669 70.0157 46.6771
internal_count=338 314 128 97 186 134 100 64 52 72 48
is_linear=0
shrinkage=0.05


Tree=526
num_leaves=11
num_cat=0
split_feature=27 25 28 30 14 28 16 18 15 29
split_gain=4.807 4.88513 4.22322 6.54519 3.75583 3.66182 3.19995 5.71335 4.86283 2.93345
threshold=1005.0000000000001 745.00000000000011 3.5000000000000004 0.15539210388166627 4542.5000000000009 2.5000000000000004 1135.0000000000002 0.60887503149407929 153.75000000000003 0.019816422259881655
decision_type=2 2 2 2 2 2 2 2 2 2
left_child=1 2 3 -1 6 -5 -2 8 -8 -10
right_child=4 -3 -4 5 -6 -7 7 -9 9 -11
leaf_value=0.43217252932468003 -0.0019187854279380191 -0.055123774202365895 0.1047869786704041 -0.3906941061622547 -0.0077054057412851767 0.022257016015282717 -0.018722335572033445 0.085784116290892609 0.013691592501459127 0.0091142929608849961
leaf_weight=29.173200130462646 23.338560104370117 27.228320121765137 28.200760126113892 42.787360191345215 29.173200130462646 23.338560104370117 28.200760126113892 44.732240200042725 33.062960147857666 25.283440113067627
leaf_count=30 24 28 29 44 30 24 29 46 34 26
internal_value=0.00436047 -0.00225806 0.0019685 -0.00306122 0.00978836 -0.0117647 0.0128931 0.0159259 0.00842697 0.0166667
internal_weight=334.519 150.728 123.5 95.2991 183.791 66.1259 154.618 131.279 86.5472 58.3464
internal_count=344 155 127 98 189 68 159 135 89 60
is_linear=0
shrinkage=0.05


Tree=527
num_leaves=11
num_cat=0
split_feature=14 26 29 30 27 30 26 18 20 24
split_gain=4.13796 4.09858 5.10635 4.47338 3.96406 2.44217 3.20886 3.73934 1.62137 1.20154
threshold=3713.7500000000005 475.00000000000006 0.015984265375215453 0.22620005483313388 2535.0000000000005 0.25231871001483713 1085.0000000000002 0.80173847316704472 0.43591935640469343 0.036281179138321955
decision_type=2 2 2 2 2 2 2 2 2 2
left_child=1 2 -1 -4 8 6 7 -3 -2 -8
right_child=4 5 3 -5 -6 -7 9 -9 -10 -11
leaf_value=0.32670259567346421 0.11718083629186822 0.081494910476340013 -0.24379653717678595 -0.0016985874313149908 0.0027578602784387842 -0.0022857146622300207 0.017106884062434349 0.0091271390131055351 0.051894961646348749 -4.862262996994105e-05
leaf_weight=42.787360191345215 28.200760126113892 28.200760126113892 30.145640134811401 42.787360191345215 27.228320121765137 26.255880117416382 25.283440113067627 24.311000108718872 23.338560104370117 33.062960147857666
leaf_count=44 29 29 31 44 28 27 26 25 24 34
internal_value=0.00542522 0.00230769 -0.00462185 -0.0126667 0.0154321 0.00815603 0.0114035 0.0203704 0.0235849 0.00333333
internal_weight=331.602 252.834 115.72 72.933 78.7676 137.114 110.858 52.5118 51.5393 58.3464
internal_count=341 260 119 75 81 141 114 54 53 60
is_linear=0
shrinkage=0.05


Tree=528
num_leaves=11
num_cat=0
split_feature=18 22 18 29 30 30 16 24 18 11
split_gain=2.50844 3.35906 2.25015 5.30085 2.83258 2.82368 2.79391 3.06926 3.04744 2.5608
threshold=0.14977166792642982 0.050734318589089257 0.8795068027210885 0.020212162352347653 0.14610162723370265 0.25512675591644091 4225.0000000000009 0.14652845265090161 0.33418194302548049 1065.0000000000002
decision_type=2 2 2 2 2 2 2 2 2 2
left_child=-1 2 3 4 -2 -5 7 -6 -9 -4
right_child=1 -3 9 5 6 -7 -8 8 -10 -11
leaf_value=-0.0055963919345913384 -0.045808167916572988 0.070627146659444404 -0.15997994164303009 -0.20161303618472176 0.004963805368163321 0.0014705948962614457 -0.0074580284681360354 0.0063841448855100685 0.077420164952513915 0.083212499953219776
leaf_weight=27.228320121765137 35.980280160903931 30.145640134811401 24.311000108718872 29.173200130462646 30.145640134811401 23.338560104370117 33.062960147857666 23.338560104370117 28.200760126113892 45.704680204391479
leaf_count=28 37 31 25 30 31 24 34 24 29 47
internal_value=0.00382353 0.00512821 0.00338078 0.000717703 0.00548387 -0.012963 0.00932203 0.0142857 0.0216981 0.0111111
internal_weight=330.63 303.401 273.256 203.24 150.728 52.5118 114.748 81.685 51.5393 70.0157
internal_count=340 312 281 209 155 54 118 84 53 72
is_linear=0
shrinkage=0.05


Tree=529
num_leaves=12
num_cat=0
split_feature=20 6 27 20 22 22 30 11 14 14 27
split_gain=2.8173 3.06584 2.95672 2.03288 1.64988 4.26379 2.48257 2.93198 2.63613 3.93155 1.72403
threshold=0.48964011908618327 1.5000000000000002 655.00000000000011 0.46026141650587077 0.03482692559096736 0.021668825172454553 0.15539210388166627 2135.0000000000005 1188.7500000000002 1128.7500000000002 1055.0000000000002
decision_type=2 2 2 2 2 2 2 2 2 2 2
left_child=1 3 -2 4 5 6 -1 8 9 10 -8
right_child=2 -3 -4 -5 -6 -7 7 -9 -10 -11 -12
leaf_value=0.11646894440004872 -0.039554927554115694 2.136135869399959 0.0045537050265238577 0.038105113073561375 -0.026676972676955304 0.024102179031251583 -0.005583420125947214 -0.018776901823230219 0.36160093252083247 -0.0199643247634981 0.046419585217017813
leaf_weight=40.842480182647705 23.338560104370117 24.311000108718872 25.283440113067627 26.255880117416382 40.842480182647705 25.283440113067627 25.283440113067627 31.118080139160156 23.338560104370117 27.228320121765137 27.228320121765137
leaf_count=42 24 25 26 27 42 26 26 32 24 28 28
internal_value=0.00314286 0.005 -0.008 0.00345455 0.00201613 0.0038835 0.00111111 -0.00217391 0.00188679 -0.00243902 0.00555556
internal_weight=340.354 291.732 48.622 267.421 241.165 200.323 175.039 134.197 103.079 79.7401 52.5118
internal_count=350 300 50 275 248 206 180 138 106 82 54
is_linear=0
shrinkage=0.05


Tree=530
num_leaves=11
num_cat=0
split_feature=20 20 20 25 18 15 27 11 18 18
split_gain=4.18233 1.9813 3.00071 4.83585 3.2817 2.68371 2.95887 1.45261 2.60402 1.15252
threshold=0.48676587301587299 0.45799792139077855 0.41742793967941572 920.00000000000011 0.48242630385487534 78.750000000000014 2030.0000000000002 1540.0000000000002 0.91130142533203762 0.18260138522529193
decision_type=2 2 2 2 2 2 2 2 2 2
left_child=1 2 3 4 -1 6 7 8 -6 -2
right_child=9 -3 -4 -5 5 -7 -8 -9 -10 -11
leaf_value=-0.042183910886888047 -0.0072218279915432504 0.036199857419887849 -0.059334070890736258 0.067810545156135049 0.064682676724066829 0.15418616733588808 -0.0041030694290952853 -0.0037730951547246152 -0.010162434371807194 -0.05601234234341064
leaf_weight=41.81492018699646 26.255880117416382 30.145640134811401 34.035400152206421 42.787360191345215 33.062960147857666 29.173200130462646 25.283440113067627 24.311000108718872 23.338560104370117 26.255880117416382
leaf_count=43 27 31 35 44 34 30 26 25 24 27
internal_value=0 0.00239726 0.000957854 0.00309735 -0.000549451 0.00323741 -0.000458716 0.00421687 0.00862069 -0.012963
internal_weight=336.464 283.952 253.807 219.771 176.984 135.169 105.996 80.7125 56.4015 52.5118
internal_count=346 292 261 226 182 139 109 83 58 54
is_linear=0
shrinkage=0.05


Tree=531
num_leaves=11
num_cat=0
split_feature=30 26 25 25 14 18 24 6 15 18
split_gain=3.15831 3.95876 5.4521 7.39755 3.8848 3.58599 4.87439 3.387 2.64651 4.26255
threshold=0.18077093205053862 475.00000000000006 1055.0000000000002 495.00000000000006 4051.2500000000005 0.43003210673940945 0.032029478458049855 1.0000000180025095e-35 191.25000000000003 0.61628401360544227
decision_type=2 2 2 2 2 2 2 2 2 2
left_child=8 2 3 7 -4 -3 -7 -2 9 -1
right_child=1 5 4 -5 -6 6 -8 -9 -10 -11
leaf_value=-0.018192494594370601 -0.20942377624378425 0.095858367454263779 0.041122016493795856 -0.19113992451516426 -0.0054798510931050263 0.01329428457127051 -0.0085383829558509216 2.2396591068359615 0.010875481066750582 0.083987382858458665
leaf_weight=30.145640134811401 23.338560104370117 24.311000108718872 27.228320121765137 35.007840156555176 28.200760126113892 40.842480182647705 36.952720165252686 24.311000108718872 35.007840156555176 33.062960147857666
leaf_count=31 24 25 28 36 29 42 38 25 36 34
internal_value=0.000862069 -0.00222672 -0.00774648 -0.0158824 0.00438596 0.0052381 0 -0.00306122 0.00841584 0.00230769
internal_weight=338.409 240.193 138.086 82.6574 55.4291 102.106 77.7952 47.6496 98.2164 63.2086
internal_count=348 247 142 85 57 105 80 49 101 65
is_linear=0
shrinkage=0.05


Tree=532
num_leaves=12
num_cat=0
split_feature=12 6 20 24 14 26 30 30 25 15 14
split_gain=4.575 4.92198 3.29863 2.15145 2.46843 5.24358 3.75565 4.65718 2.05207 1.63432 1.04799
threshold=3645.0000000000005 1.5000000000000002 0.48676587301587299 0.38586061205108829 1128.7500000000002 1405.0000000000002 0.21128828966465507 0.14824522125806747 1560.0000000000002 41.250000000000007 2475.0000000000005
decision_type=2 2 2 2 2 2 2 2 2 2 2
left_child=1 2 3 4 9 6 7 -6 -2 -1 -5
right_child=8 -3 -4 10 5 -7 -8 -9 -10 -11 -12
leaf_value=0.0014709156003050339 0.1381569809955181 -0.12958096906213543 -0.058004643598951591 0.024462491570704972 0.079788013715540285 -0.017851330324151603 0.0098568164243943105 -0.20350405741387478 0.0015663165391742952 0.1684007009579773 0.0045079092380547079
leaf_weight=28.200760126113892 35.007840156555176 24.311000108718872 34.035400152206421 23.338560104370117 24.311000108718872 25.283440113067627 34.035400152206421 26.255880117416382 41.81492018699646 25.283440113067627 24.311000108718872
leaf_count=29 36 25 35 24 25 26 35 27 43 26 25
internal_value=0.00252809 -0.000541516 0.0015873 0.00391705 0.00119048 -0.00309735 0.00287356 -0.00576923 0.0132911 0.01 0.0132653
internal_weight=346.189 269.366 245.055 211.019 163.37 109.886 84.6023 50.5669 76.8228 53.4842 47.6496
internal_count=356 277 252 217 168 113 87 52 79 55 49
is_linear=0
shrinkage=0.05


Tree=533
num_leaves=10
num_cat=0
split_feature=15 15 16 30 16 27 16 22 16
split_gain=3.05822 2.78967 2.8938 5.00693 4.19444 3.81803 2.52091 5.56259 1.67138
threshold=33.750000000000007 48.750000000000007 3060.0000000000005 0.23227530039315628 4585.0000000000009 1035.0000000000002 2050.0000000000005 0.0026594270113644005 1225.0000000000002
decision_type=2 2 2 2 2 2 2 2 2
left_child=6 -2 3 8 5 -4 7 -1 -3
right_child=1 2 4 -5 -6 -7 -8 -9 -10
leaf_value=-0.23392652808747699 -0.016531498855965766 -0.016390303348441649 -0.070979648948537033 0.08264541403365229 0.0018121131449333916 -0.00043184605547139657 0.30586384665391508 0.1118967425589176 0.0093639756031734574
leaf_weight=23.338560104370117 32.090520143508911 32.090520143508911 33.062960147857666 31.118080139160156 43.75980019569397 35.007840156555176 29.173200130462646 31.118080139160156 44.732240200042725
leaf_count=24 33 33 34 32 45 36 30 32 46
internal_value=-0.000144928 -0.00289575 -0.000884956 0.00495495 -0.00652174 -0.0142857 0.00813953 0.00178571 -0.00189873
internal_weight=335.492 251.862 219.771 107.941 111.831 68.0708 83.6298 54.4566 76.8228
internal_count=345 259 226 111 115 70 86 56 79
is_linear=0
shrinkage=0.05


Tree=534
num_leaves=12
num_cat=0
split_feature=18 18 18 25 18 29 29 14 29 18 27
split_gain=4.28061 4.15103 2.52703 2.93679 2.42171 2.59851 4.21437 2.97511 1.70103 1.34611 0.99315
threshold=0.14557823129251699 0.19658639136996517 0.97074829931972795 1005.0000000000001 0.29680781873472906 0.017379973997757755 0.023944345237044754 1331.2500000000002 0.016044002109643307 0.69912389198103486 525.00000000000011
decision_type=2 2 2 2 2 2 2 2 2 2 2
left_child=-1 -2 3 4 -3 7 9 -6 -5 -7 -4
right_child=1 2 10 8 5 6 -8 -9 -10 -11 -12
leaf_value=-0.075256564766550585 0.21596671582215096 -0.067430666501104505 0.05819098097015285 0.020016157113195734 -0.034268158469933495 0.015393555080845545 -0.029910469772539729 0.046839960257057105 0.00017781940132408636 0.002261636892308161 0.1244246666360823
leaf_weight=25.283440113067627 24.311000108718872 25.283440113067627 25.283440113067627 24.311000108718872 44.732240200042725 23.338560104370117 28.200760126113892 27.228320121765137 39.87004017829895 30.145640134811401 24.311000108718872
leaf_count=26 25 26 26 25 46 24 29 28 41 31 25
internal_value=0.000568182 0.00214724 0.000498339 -0.0016 -0.0048913 -0.00253165 0.00357143 -0.00945946 0.00757576 0.0118182 0.0107843
internal_weight=342.299 317.015 292.704 243.11 178.929 153.646 81.685 71.9606 64.181 53.4842 49.5944
internal_count=352 326 301 250 184 158 84 74 66 55 51
is_linear=0
shrinkage=0.05


Tree=535
num_leaves=11
num_cat=0
split_feature=20 28 18 22 18 27 11 11 27 29
split_gain=2.92453 1.98073 1.95561 5.09508 3.47207 2.70257 6.89855 6.4177 1.57129 1.4996
threshold=0.48676587301587299 2.5000000000000004 0.97074829931972795 0.0047351711226122509 0.58940926798069671 2545.0000000000005 3035.0000000000005 2065.0000000000005 995.00000000000011 0.020212162352347653
decision_type=2 2 2 2 2 2 2 2 2 2
left_child=1 2 3 -1 5 6 7 -5 -2 -3
right_child=8 9 -4 4 -6 -7 -8 -9 -10 -11
leaf_value=-0.0075897224424352318 -0.017333030453596621 0.055281431921639528 0.70068321515227583 -0.37994179828888264 0.046157250264081996 0.001022813547183432 -0.16473180677965049 0.28822865630836531 0.0016228840306212078 0.080008666820606325
leaf_weight=34.035400152206421 32.090520143508911 26.255880117416382 31.118080139160156 32.090520143508911 41.81492018699646 30.145640134811401 31.118080139160156 25.283440113067627 25.283440113067627 35.980280160903931
leaf_count=35 33 27 32 33 43 31 32 26 26 37
internal_value=0.000985915 0.00304054 0.000862069 -0.001 0.00272727 -0.00163934 -0.00604396 0.00423729 -0.00932203 0.0109375
internal_weight=345.216 287.842 225.606 194.488 160.453 118.638 88.492 57.374 57.374 62.2362
internal_count=355 296 232 200 165 122 91 59 59 64
is_linear=0
shrinkage=0.05


Tree=536
num_leaves=11
num_cat=0
split_feature=27 20 30 17 30 24 20 18 30 28
split_gain=3.44971 3.73284 3.34077 3.68022 3.44369 4.72051 3.14944 3.83832 3.13286 2.91732
threshold=1055.0000000000002 0.48146239122429596 0.22531718346018242 73.750000000000014 0.16505762319441561 0.31454486556527378 0.38479809237610901 0.8595049130763418 0.20633410888171777 2.5000000000000004
decision_type=2 2 2 2 2 2 2 2 2 2
left_child=1 6 4 -4 -2 -6 7 8 -1 -9
right_child=2 -3 3 -5 5 -7 -8 9 -10 -11
leaf_value=-0.0015259569151794496 -0.013908520934876378 -0.024810026151646982 0.002298405648093649 -0.018817302584557185 0.00034544652194199447 0.030975140647046831 0.087714421428700007 -0.05436608547463493 -0.2314485702675711 0.074175660422770309
leaf_weight=27.228320121765137 25.283440113067627 40.842480182647705 43.75980019569397 27.228320121765137 27.228320121765137 28.200760126113892 35.007840156555176 23.338560104370117 26.255880117416382 23.338560104370117
leaf_count=28 26 42 45 28 28 29 36 24 27 24
internal_value=-0.00103858 -0.0058011 0.00448718 -0.00342466 0.0114458 0.0184211 -0.00179856 -0.00631068 -0.0154545 0.00416667
internal_weight=327.712 176.012 151.701 70.9881 80.7125 55.4291 135.169 100.161 53.4842 46.6771
internal_count=337 181 156 73 83 57 139 103 55 48
is_linear=0
shrinkage=0.05


Tree=537
num_leaves=11
num_cat=0
split_feature=20 30 15 25 27 11 29 25 15 24
split_gain=3.24776 2.52357 5.59659 2.79913 4.15003 3.70674 4.09718 2.66244 1.89027 1.77248
threshold=0.50903952057013291 0.19001589482821918 176.25000000000003 495.00000000000006 1025.0000000000002 2325.0000000000005 0.019965903494125803 1560.0000000000002 78.750000000000014 0.032029478458049855
decision_type=2 2 2 2 2 2 2 2 2 2
left_child=1 2 8 5 -5 6 -3 -6 -1 -8
right_child=-2 3 -4 4 7 -7 9 -9 -10 -11
leaf_value=0.069685619157871775 -0.0083416234277137857 -0.19101493180455692 0.020401592748248733 -0.1709432960972663 0.015551702058360206 0.13397460737919573 0.048336418929625327 -0.017876437455333873 -0.13440437106489753 -0.00046607163436647171
leaf_weight=40.842480182647705 27.228320121765137 35.007840156555176 37.92516016960144 28.200760126113892 24.311000108718872 27.228320121765137 27.228320121765137 26.255880117416382 28.200760126113892 33.062960147857666
leaf_count=42 28 36 39 29 25 28 28 27 29 34
internal_value=-0.00130435 0.000157729 0.00636364 -0.0031401 -0.0104938 0.0015873 -0.00306122 -0.00192308 -0.00211268 0.00483871
internal_weight=335.492 308.263 106.968 201.295 78.7676 122.527 95.2991 50.5669 69.0432 60.2913
internal_count=345 317 110 207 81 126 98 52 71 62
is_linear=0
shrinkage=0.05


Tree=538
num_leaves=12
num_cat=0
split_feature=20 29 26 15 29 18 18 29 22 18 30
split_gain=5.41433 2.55626 2.25007 3.46474 3.55052 2.15315 2.91385 2.6461 2.59731 1.93092 1.29659
threshold=0.49182067271352986 0.019816422259881655 475.00000000000006 48.750000000000007 0.016022851403207004 0.26378652332664076 0.81283273394283417 0.013156536231012402 0.022365207917205452 0.88516815176774943 0.20786631002851833
decision_type=2 2 2 2 2 2 2 2 2 2 2
left_child=2 -2 5 9 -5 -1 7 -7 -9 -4 -8
right_child=1 -3 3 4 -6 6 10 8 -10 -11 -12
leaf_value=0.014774116955436511 -0.0097798445820899364 -0.00817836523292499 -0.0051487083801475819 -0.0068547144048466185 0.0259680203360972 0.0060630699352941519 0.13120446784987508 -0.36075410370713146 -0.011338998195606111 0.0046800252055959396 -0.014769873486375219
leaf_weight=38.897600173950195 23.338560104370117 24.311000108718872 24.311000108718872 24.311000108718872 44.732240200042725 26.255880117416382 23.338560104370117 27.228320121765137 32.090520143508911 26.255880117416382 23.338560104370117
leaf_count=40 24 25 25 25 46 27 24 28 33 27 24
internal_value=-0.00172414 -0.0173469 0.00083612 0.00609756 0.0133803 -0.00284091 -0.00588235 -0.0113636 -0.0172131 -0.00384615 0.00416667
internal_weight=338.409 47.6496 290.76 119.61 69.0432 171.149 132.252 85.5747 59.3188 50.5669 46.6771
internal_count=348 49 299 123 71 176 136 88 61 52 48
is_linear=0
shrinkage=0.05


Tree=539
num_leaves=12
num_cat=0
split_feature=18 11 20 30 15 24 25 16 26 24 15
split_gain=4.64993 4.46632 3.17722 3.02272 5.79919 3.43314 3.34307 3.09868 2.53927 2.46291 1.55607
threshold=0.14977166792642982 4195.0000000000009 0.50560697006075161 0.20730058424443779 296.25000000000006 0.028231292517006755 1015.0000000000001 1175.0000000000002 475.00000000000006 0.074428382464096707 33.750000000000007
decision_type=2 2 2 2 2 2 2 2 2 2 2
left_child=-1 2 3 4 7 10 8 -2 -7 -9 -5
right_child=1 -3 -4 5 -6 6 -8 9 -10 -11 -12
leaf_value=-0.059346844878609778 0.22793366560881623 -0.11952144524389041 -0.0074792718789126415 0.0044460239453201211 0.20579664972879075 -3.3786256094332998 0.0090698149290801677 -0.22962566393646286 -0.00067713931800881264 0.014884448736052037 0.044621196966340905
leaf_weight=26.255880117416382 28.200760126113892 27.228320121765137 24.311000108718872 26.255880117416382 26.255880117416382 26.255880117416382 30.145640134811401 28.200760126113892 37.92516016960144 40.842480182647705 25.283440113067627
leaf_count=27 29 28 25 27 27 27 31 29 39 42 26
internal_value=-0.000140056 0.00151515 0.00331126 0.00487365 0.0106299 0 -0.0056701 0.005 -0.0121212 -0.000704225 0.0103774
internal_weight=347.161 320.905 293.677 269.366 123.5 145.866 94.3267 97.244 64.181 69.0432 51.5393
internal_count=357 330 302 277 127 150 97 100 66 71 53
is_linear=0
shrinkage=0.05


Tree=540
num_leaves=10
num_cat=0
split_feature=30 6 14 15 18 29 18 30 18
split_gain=1.89483 2.92364 4.00007 4.9963 5.65298 2.7311 3.43109 2.09392 1.29765
threshold=0.17964620000422574 1.5000000000000002 2475.0000000000005 56.250000000000007 0.83279343483425128 0.018384441387896706 0.25535515676705994 0.14228473516806253 0.39365428711167011
decision_type=2 2 2 2 2 2 2 2 2
left_child=7 2 3 4 -2 -4 -7 -1 -9
right_child=1 -3 5 -5 -6 6 -8 8 -10
leaf_value=-0.00710530828496303 0.11306062858072892 0.13473458708870112 -0.0017995164549574839 0.038375633881219076 -0.13274208333767776 -0.070363941051346052 -0.030003656015242089 0.0070559672573381254 0.10519533178674011
leaf_weight=44.732240200042725 35.007840156555176 26.255880117416382 36.952720165252686 41.81492018699646 40.842480182647705 25.283440113067627 24.311000108718872 23.338560104370117 26.255880117416382
leaf_count=46 36 27 38 43 42 26 25 24 27
internal_value=-0.000299401 -0.00274262 -0.0047619 0.00123967 -0.00641026 -0.0129213 -0.0205882 0.0056701 0.0127451
internal_weight=324.795 230.468 204.212 117.665 75.8503 86.5472 49.5944 94.3267 49.5944
internal_count=334 237 210 121 78 89 51 97 51
is_linear=0
shrinkage=0.05


Tree=541
num_leaves=11
num_cat=0
split_feature=20 20 28 15 16 20 14 15 29 22
split_gain=4.8067 5.0428 3.96596 3.98406 3.04119 1.79626 3.64028 2.72704 4.69822 2.67467
threshold=0.48676587301587299 0.51920912247040063 2.5000000000000004 56.250000000000007 4705.0000000000009 0.13621598639455776 1118.7500000000002 176.25000000000003 0.018834141677800904 0.0057962496229795003
decision_type=2 2 2 2 2 2 2 2 2 2
left_child=2 -2 4 -4 5 6 -1 -7 -9 -8
right_child=1 -3 3 -5 -6 7 9 8 -10 -11
leaf_value=-0.1388190137290394 -0.074350100833567009 0.0039563742639529666 0.0041020845482762523 0.098431063440875738 -0.11389817134459009 -0.027396057991973068 0.0025861731641384725 0.011222103267550666 -0.012465582393792829 0.05485676683703105
leaf_weight=30.145640134811401 35.980280160903931 23.338560104370117 32.090520143508911 26.255880117416382 24.311000108718872 44.732240200042725 34.035400152206421 32.090520143508911 34.035400152206421 24.311000108718872
leaf_count=31 37 24 33 27 25 46 35 33 35 25
internal_value=-0.000997151 -0.0139344 0.00172414 0.0133333 -0.00130435 0.000731707 0.00604396 -0.00350877 0.00294118 0.0133333
internal_weight=341.326 59.3188 282.008 58.3464 223.661 199.35 88.492 110.858 66.1259 58.3464
internal_count=351 61 290 60 230 205 91 114 68 60
is_linear=0
shrinkage=0.05


Tree=542
num_leaves=10
num_cat=0
split_feature=27 20 27 28 14 14 24 30 11
split_gain=4.61604 4.37341 5.0549 3.80174 3.16103 2.98664 3.18105 2.79416 2.21284
threshold=995.00000000000011 0.50305224867724874 595.00000000000011 3.5000000000000004 1141.2500000000002 1250.0000000000002 0.50474930713025967 0.20730058424443779 3055.0000000000005
decision_type=2 2 2 2 2 2 2 2 2
left_child=1 2 3 7 -2 -6 8 -1 -7
right_child=4 -3 -4 -5 5 6 -8 -9 -10
leaf_value=0.11619162642517722 0.013426579185590981 -0.063771241631548042 -0.40525235353820793 0.18987250459269944 -0.029875270357626962 0.016424986130994058 -0.0041091197131208901 -0.17232533932776734 0.0061420637310675378
leaf_weight=37.92516016960144 42.787360191345215 26.255880117416382 24.311000108718872 28.200760126113892 30.145640134811401 29.173200130462646 40.842480182647705 32.090520143508911 43.75980019569397
leaf_count=39 44 27 25 29 31 30 42 33 45
internal_value=0.00101449 -0.00555556 -0.0015873 0.00346535 0.00625 0.0027027 0.00641026 -0.00277778 0.0126667
internal_weight=335.492 148.783 122.527 98.2164 186.708 143.921 113.775 70.0157 72.933
internal_count=345 153 126 101 192 148 117 72 75
is_linear=0
shrinkage=0.05


Tree=543
num_leaves=12
num_cat=0
split_feature=20 20 11 14 14 30 29 29 30 11 26
split_gain=2.77565 2.68809 2.56724 2.10915 9.02426 3.73435 2.24672 3.60895 3.02898 2.74717 0.838293
threshold=0.48676587301587299 0.4413818102998775 2235.0000000000005 1128.7500000000002 1103.7500000000002 0.23453342965851146 0.017379973997757755 0.020212162352347653 0.17833928115472927 1960.0000000000002 205.00000000000003
decision_type=2 2 2 2 2 2 2 2 2 2 2
left_child=1 3 -2 4 -1 6 8 -8 9 -5 -7
right_child=2 -3 -4 5 -6 10 7 -9 -10 -11 -12
leaf_value=-0.13835487554749762 -0.049698762055618323 0.031330181977546091 0.00011019180628863979 -0.020776221566768529 0.05700893176465343 -0.015566943805333723 0.072920201492183881 -0.00052408194626423214 -0.163709072361371 0.096371477548996165 -0.010983693879416024
leaf_weight=27.228320121765137 29.173200130462646 40.842480182647705 24.311000108718872 23.338560104370117 25.283440113067627 25.283440113067627 28.200760126113892 23.338560104370117 33.062960147857666 30.145640134811401 23.338560104370117
leaf_count=28 30 42 25 24 26 26 29 24 34 31 24
internal_value=0.000437318 0.00243056 -0.01 0.000406504 0.00925926 -0.00208333 0.00211268 0.0103774 -0.00280899 0.00454545 -0.014
internal_weight=333.547 280.063 53.4842 239.22 52.5118 186.708 138.086 51.5393 86.5472 53.4842 48.622
internal_count=343 288 55 246 54 192 142 53 89 55 50
is_linear=0
shrinkage=0.05


Tree=544
num_leaves=10
num_cat=0
split_feature=18 22 27 30 20 18 15 22 11
split_gain=3.39864 5.07467 3.37235 5.44358 5.4119 3.22642 2.9781 2.92948 4.93338
threshold=0.20799589677140692 0.054039432516403058 360.00000000000006 0.20730058424443779 0.4413818102998775 0.48582766439909303 202.50000000000003 0.0076578949043810008 1095.0000000000002
decision_type=2 2 2 2 2 2 2 2 2
left_child=1 -1 3 -2 5 6 -4 8 -7
right_child=2 -3 4 -5 -6 7 -8 -9 -10
leaf_value=-0.009072054834859955 0.054816976329425421 0.20200469219521439 -0.0043361290079928947 -1.2601138714184685 0.036465601973532102 0.021952387682517838 0.010977917886111755 0.039156823340363189 -0.024417686352126114
leaf_weight=24.311000108718872 44.732240200042725 28.200760126113892 31.118080139160156 30.145640134811401 30.145640134811401 42.787360191345215 31.118080139160156 36.952720165252686 39.87004017829895
leaf_count=25 46 29 32 31 31 44 32 38 41
internal_value=0.00243553 -0.00925926 0.00457627 -0.00454545 0.00779817 0.00454545 -0.0046875 0.00934959 0.00411765
internal_weight=339.382 52.5118 286.87 74.8779 211.992 181.846 62.2362 119.61 82.6574
internal_count=349 54 295 77 218 187 64 123 85
is_linear=0
shrinkage=0.05


Tree=545
num_leaves=11
num_cat=0
split_feature=20 28 19 27 20 29 30 22 29 22
split_gain=3.34996 3.76943 3.05946 2.31716 3.1937 2.60697 7.18779 2.27551 1.74999 2.40432
threshold=0.48676587301587299 3.5000000000000004 0.49515960230245953 1005.0000000000001 0.38479809237610901 0.021851666609654905 0.22138660717042893 0.0037158892538541504 0.014946512650088251 0.016878517677299653
decision_type=2 2 2 2 2 2 2 2 2 2
left_child=1 3 -2 4 7 6 8 -1 -5 -10
right_child=2 -3 -4 5 -6 -7 -8 -9 9 -11
leaf_value=0.056763159683555386 -0.0086184520931055896 0.24416292012426766 0.00038463070613943274 0.0018317943151259898 0.25325590982872653 0.019695764678908746 -0.005254123063127736 -0.38858742542111036 0.012183547190079481 0.01824200886609333
leaf_weight=24.311000108718872 24.311000108718872 33.062960147857666 32.090520143508911 34.035400152206421 29.173200130462646 43.75980019569397 35.007840156555176 38.897600173950195 23.338560104370117 28.200760126113892
leaf_count=25 25 34 33 35 30 45 36 40 24 29
internal_value=0.00252809 0.00469799 -0.00862069 0.00265152 -0.00368421 0.00621302 0.00241935 -0.01 0.0102273 0.0160377
internal_weight=346.189 289.787 56.4015 256.724 92.3818 164.342 120.583 63.2086 85.5747 51.5393
internal_count=356 298 58 264 95 169 124 65 88 53
is_linear=0
shrinkage=0.05


Tree=546
num_leaves=11
num_cat=0
split_feature=16 22 16 24 19 27 29 22 30 29
split_gain=3.07566 5.26105 6.03899 2.79256 4.44851 3.08893 2.46273 3.89878 3.23412 1.5518
threshold=4585.0000000000009 0.023334787868018101 2725.0000000000005 0.43316056581362705 0.61077271044472226 995.00000000000011 0.019816422259881655 0.0054574715339915014 0.19489392071939241 0.012966577542874402
decision_type=2 2 2 2 2 2 2 2 2 2
left_child=1 2 6 -3 5 -5 8 -8 9 -1
right_child=-2 3 -4 4 -6 -7 7 -9 -10 -11
leaf_value=-0.10697584352749345 0.0043928731525284094 -0.006688307988815723 0.10491148829426039 -0.037933487461464216 -0.09025119675691258 0.02771020908716082 0.053925001699371936 -0.0089347610265804178 -0.19819975559744307 0.12342455748388376
leaf_weight=25.283440113067627 43.75980019569397 39.87004017829895 35.007840156555176 23.338560104370117 34.035400152206421 26.255880117416382 24.311000108718872 32.090520143508911 29.173200130462646 24.311000108718872
leaf_count=26 45 41 36 24 35 27 25 33 30 25
internal_value=-0.000144092 -0.00198675 0.00371429 -0.00984252 -0.00465116 0.00490196 -0.00107914 0.00689655 -0.00679012 0.000980392
internal_weight=337.437 293.677 170.177 123.5 83.6298 49.5944 135.169 56.4015 78.7676 49.5944
internal_count=347 302 175 127 86 51 139 58 81 51
is_linear=0
shrinkage=0.05


Tree=547
num_leaves=11
num_cat=0
split_feature=18 22 22 30 15 24 30 22 30 30
split_gain=2.83423 2.29703 3.08108 1.89297 3.92658 4.48446 2.94456 2.52414 3.43994 1.60079
threshold=0.14557823129251699 0.050734318589089257 0.03727877924953716 0.21284189474047968 378.75000000000006 0.11483641075477806 0.22300960541281947 0.016723693225946901 0.26572072416163778 0.15539210388166627
decision_type=2 2 2 2 2 2 2 2 2 2
left_child=-1 2 3 4 5 9 -5 8 -8 -2
right_child=1 -3 -4 6 -6 -7 7 -9 -10 -11
leaf_value=-0.060988565113689219 0.43700259810116227 0.032344710977190515 -0.024600149881598556 0.021484357610449936 0.020320178520387346 -0.056244083962133123 -0.0073161436348073046 0.039652263750485875 0.0074089122884515753 -0.040692659751653086
leaf_weight=23.338560104370117 27.228320121765137 30.145640134811401 35.007840156555176 24.311000108718872 25.283440113067627 38.897600173950195 42.787360191345215 30.145640134811401 23.338560104370117 36.952720165252686
leaf_count=24 28 31 36 25 26 40 44 31 24 38
internal_value=0.000144092 0.00139319 0 0.00195312 -0.00227273 -0.00660377 0.00645161 0.00252525 -0.00294118 0.00151515
internal_weight=337.437 314.098 283.952 248.945 128.362 103.079 120.583 96.2716 66.1259 64.181
internal_count=347 323 292 256 132 106 124 99 68 66
is_linear=0
shrinkage=0.05


Tree=548
num_leaves=11
num_cat=0
split_feature=20 28 16 14 29 25 24 26 22 25
split_gain=4.15857 2.70271 5.26731 3.18618 6.41429 3.08893 2.40954 3.28817 1.44314 1.40162
threshold=0.48676587301587299 2.5000000000000004 2005.0000000000002 3111.2500000000005 0.018384441387896706 1055.0000000000002 0.0050858438613540008 2290.0000000000005 0.018329943520460402 1005.0000000000001
decision_type=2 2 2 2 2 2 2 2 2 2
left_child=1 3 -3 6 5 -5 -1 8 -8 -2
right_child=9 2 -4 4 -6 -7 7 -9 -10 -11
leaf_value=-0.00170676509446821 -0.063628744422408096 -0.0051801018837409176 1.0841035738991196 -0.049028026297924049 -0.050892200691941981 0.031692293307901312 0.2190006114105586 -0.0018848034033567274 0.027554706126875318 -0.00089611862485980973
leaf_weight=43.75980019569397 28.200760126113892 25.283440113067627 33.062960147857666 23.338560104370117 33.062960147857666 26.255880117416382 28.200760126113892 25.283440113067627 29.173200130462646 29.173200130462646
leaf_count=45 29 26 34 24 34 27 29 26 30 30
internal_value=0.0011976 0.00381818 0.0133333 0.00116279 -0.00647059 0.00490196 0.00615385 0.0111765 0.0177966 -0.0110169
internal_weight=324.795 267.421 58.3464 209.075 82.6574 49.5944 126.417 82.6574 57.374 57.374
internal_count=334 275 60 215 85 51 130 85 59 59
is_linear=0
shrinkage=0.05


Tree=549
num_leaves=10
num_cat=0
split_feature=18 22 22 30 22 22 15 18 26
split_gain=2.19271 4.22661 3.29512 3.389 3.91027 2.01724 3.11324 1.80166 1.24472
threshold=0.14977166792642982 0.050734318589089257 0.035759571303830506 0.14228473516806253 0.021668825172454553 0.0028874937600598008 41.250000000000007 0.74717878493388701 310.00000000000006
decision_type=2 2 2 2 2 2 2 2 2
left_child=-1 2 3 -2 5 8 -7 -8 -5
right_child=1 -3 -4 4 -6 6 7 -9 -10
leaf_value=-0.04658986478327734 -0.12339184300144553 0.043793803386029145 -0.005506386232559635 -0.015844579823624371 0.01153133408146232 0.07404637770206364 -0.0083140645748699168 0.012989818885296246 -0.038572688509339065
leaf_weight=28.200760126113892 37.92516016960144 27.228320121765137 44.732240200042725 24.311000108718872 44.732240200042725 24.311000108718872 36.952720165252686 42.787360191345215 24.311000108718872
leaf_count=29 39 28 46 25 46 25 38 44 25
internal_value=-0.00217391 -0.000949367 -0.00277778 -0.000413223 0.00221675 -0.00159236 0.00233645 -0.00243902 -0.01
internal_weight=335.492 307.291 280.063 235.33 197.405 152.673 104.051 79.7401 48.622
internal_count=345 316 288 242 203 157 107 82 50
is_linear=0
shrinkage=0.05


Tree=550
num_leaves=10
num_cat=0
split_feature=27 16 27 30 24 29 29 18 22
split_gain=2.53097 2.54103 6.05381 3.73585 3.45175 3.78251 2.79227 2.78531 1.39632
threshold=2985.0000000000005 2725.0000000000005 1065.0000000000002 0.22826267681060722 0.019223985890652506 0.016949696914734105 0.023944345237044754 0.43003210673940945 0.035759571303830506
decision_type=2 2 2 2 2 2 2 2 2
left_child=1 3 7 4 -1 -6 -5 -3 -4
right_child=-2 2 8 6 5 -7 -8 -9 -10
leaf_value=-0.16726375707605712 0.013422310077964995 0.0027016058441859062 0.0050895295004238505 0.086304572262179136 0.12151879624665299 -0.0113969312401764 -0.0081837602667405914 0.089937207115804094 -0.010243187552646305
leaf_weight=40.842480182647705 35.007840156555176 43.75980019569397 27.228320121765137 29.173200130462646 35.007840156555176 31.118080139160156 41.81492018699646 23.338560104370117 23.338560104370117
leaf_count=42 36 45 28 30 36 32 43 24 24
internal_value=0.00117647 -0.000328947 0.0053719 -0.00409836 -0.01 -0.00294118 0.00479452 0.0152174 -0.00769231
internal_weight=330.63 295.622 117.665 177.957 106.968 66.1259 70.9881 67.0984 50.5669
internal_count=340 304 121 183 110 68 73 69 52
is_linear=0
shrinkage=0.05


Tree=551
num_leaves=11
num_cat=0
split_feature=16 22 22 22 29 24 11 29 15 22
split_gain=3.06946 4.65205 3.37416 4.56792 4.21584 5.23128 3.9652 1.93944 1.71242 1.20741
threshold=4205.0000000000009 0.032161157450829758 0.023334787868018101 0.016723693225946901 0.012966577542874402 0.011985746679624201 2670.0000000000005 0.018384441387896706 191.25000000000003 0.0091870218023034512
decision_type=2 2 2 2 2 2 2 2 2 2
left_child=2 -2 3 4 -1 7 8 -6 -4 -7
right_child=1 -3 6 -5 5 9 -8 -9 -10 -11
leaf_value=-0.60244237074759899 -0.052230843728284529 0.034667945235150911 0.012751194574070724 0.070154894694610448 0.0077503230717638873 -0.041596907326754723 -0.061158954197594539 0.081989343649070179 -0.01930531078492095 -0.005614414245974331
leaf_weight=24.311000108718872 28.200760126113892 26.255880117416382 38.897600173950195 23.338560104370117 28.200760126113892 34.035400152206421 32.090520143508911 32.090520143508911 34.035400152206421 28.200760126113892
leaf_count=25 29 27 40 24 29 35 33 33 35 29
internal_value=-0.0019174 0.00892857 -0.0040636 0.000285714 -0.00298013 0.000793651 -0.0111111 0.0112903 -0.00466667 -0.009375
internal_weight=329.657 54.4566 275.201 170.177 146.838 122.527 105.024 60.2913 72.933 62.2362
internal_count=339 56 283 175 151 126 108 62 75 64
is_linear=0
shrinkage=0.05


Tree=552
num_leaves=11
num_cat=0
split_feature=29 15 18 11 27 25 27 26 30 14
split_gain=5.10565 3.79061 4.20765 2.61716 3.88646 2.74717 2.30214 5.72322 4.63888 0.840411
threshold=0.016044002109643307 176.25000000000003 0.61628401360544227 3230.0000000000005 230.00000000000003 2290.0000000000005 1025.0000000000002 615.00000000000011 0.22826267681060722 1206.2500000000002
decision_type=2 2 2 2 2 2 2 2 2 2
left_child=1 2 -1 4 -2 -5 7 -6 -8 -10
right_child=3 -3 -4 5 6 -7 8 -9 9 -11
leaf_value=-0.029132608465397426 -0.93829480171195889 0.025768890728681982 0.08572106747230919 0.07062125989650668 -0.058101006487709134 -0.0027379703155929747 -0.013128701263337917 0.18017756252136224 -0.0043955371809829558 0.0076776779510282726
leaf_weight=31.118080139160156 33.062960147857666 36.952720165252686 40.842480182647705 30.145640134811401 28.200760126113892 23.338560104370117 31.118080139160156 26.255880117416382 27.228320121765137 28.200760126113892
leaf_count=32 34 38 42 31 29 24 32 27 28 29
internal_value=-0.000867052 0.00803571 0.00135135 -0.00512821 -0.00810056 0.00454545 -0.00448276 0.00357143 -0.00955056 -0.000877193
internal_weight=336.464 108.913 71.9606 227.551 174.067 53.4842 141.004 54.4566 86.5472 55.4291
internal_count=346 112 74 234 179 55 145 56 89 57
is_linear=0
shrinkage=0.05


Tree=553
num_leaves=11
num_cat=0
split_feature=20 30 20 19 18 29 30 29 18 26
split_gain=2.77152 3.5296 3.17508 2.60077 2.60273 2.66808 2.58465 4.93073 1.94383 1.40081
threshold=0.48676587301587299 0.22300960541281947 0.4413818102998775 0.48152723703038169 0.37630385487528351 0.022603875444738405 0.22138660717042893 0.014946512650088251 0.6723356009070296 895
decision_type=2 2 2 2 2 2 2 2 2 2
left_child=2 -2 3 4 -1 6 7 8 -6 -9
right_child=1 -3 -4 -5 5 -7 -8 9 -10 -11
leaf_value=0.024480446192251294 0.0018564280917644283 -0.060442489048978136 0.03399819946303069 -0.03087167719174886 -0.49463599278149106 0.016948091076346827 -0.0057175774312327125 0.048380422083778289 -0.0046766800544332911 0.020972434704424361
leaf_weight=23.338560104370117 26.255880117416382 26.255880117416382 40.842480182647705 23.338560104370117 23.338560104370117 33.062960147857666 45.704680204391479 25.283440113067627 30.145640134811401 23.338560104370117
leaf_count=24 27 27 42 24 24 34 47 26 31 24
internal_value=-0.000606061 -0.0111111 0.00144928 -0.000854701 0.000952381 -0.00107527 -0.00394737 0.00047619 -0.01 0.012
internal_weight=320.905 52.5118 268.393 227.551 204.212 180.874 147.811 102.106 53.4842 48.622
internal_count=330 54 276 234 210 186 152 105 55 50
is_linear=0
shrinkage=0.05


Tree=554
num_leaves=11
num_cat=0
split_feature=11 29 29 14 11 14 15 11 30 15
split_gain=3.42702 2.85302 2.69896 7.31804 4.69021 2.80789 2.64281 7.44524 2.178 1.48658
threshold=3205.0000000000005 0.017635136160266001 0.018834141677800904 2505.0000000000005 1165.0000000000002 1128.7500000000002 56.250000000000007 1145.0000000000002 0.17047837502157262 123.75000000000001
decision_type=2 2 2 2 2 2 2 2 2 2
left_child=2 -2 6 4 5 -4 7 -1 -8 -10
right_child=1 -3 3 -5 -6 -7 8 -9 9 -11
leaf_value=0.62700189100596626 0.0040684484328721736 0.12065127581349772 0.0052917936440053381 -0.075632336339435835 0.22226064372362089 -0.012186387328608817 0.011721448173318549 -0.54613182214786782 0.017622460213965498 0.025992390293413339
leaf_weight=28.200760126113892 35.980280160903931 42.787360191345215 30.145640134811401 39.87004017829895 26.255880117416382 24.311000108718872 29.173200130462646 32.090520143508911 23.338560104370117 24.311000108718872
leaf_count=29 37 44 31 41 27 25 30 33 24 25
internal_value=0.00260116 0.0117284 -0.000188679 -0.00564516 0.00301205 -0.00535714 0.00460993 -0.00322581 0.0107595 0.0173469
internal_weight=336.464 78.7676 257.697 120.583 80.7125 54.4566 137.114 60.2913 76.8228 47.6496
internal_count=346 81 265 124 83 56 141 62 79 49
is_linear=0
shrinkage=0.05


Tree=555
num_leaves=10
num_cat=0
split_feature=11 18 17 15 22 16 30 16 26
split_gain=2.10734 3.2366 4.95401 4.24183 3.48983 2.86148 2.75676 2.41401 1.46798
threshold=4165.0000000000009 0.33418194302548049 73.750000000000014 202.50000000000003 0.050734318589089257 1135.0000000000002 0.21284189474047968 1215.0000000000002 615.00000000000011
decision_type=2 2 2 2 2 2 2 2 2
left_child=1 2 -1 5 -4 -3 8 -8 -7
right_child=-2 3 4 -5 -6 6 7 -9 -10
leaf_value=0.054545368660774335 0.065186864506904391 -0.035239976000673322 -0.071850719522467452 0.54728774347108811 0.0012230883205120336 -0.08656917323573908 0.006024096472447127 0.078944627546229648 0.01113537576464978
leaf_weight=36.952720165252686 32.090520143508911 45.704680204391479 43.75980019569397 25.283440113067627 25.283440113067627 29.173200130462646 24.311000108718872 29.173200130462646 42.787360191345215
leaf_count=38 33 47 45 26 26 30 25 30 44
internal_value=0.00145349 0.000160772 -0.00688073 0.0039604 -0.0147887 0.00113636 0.00503876 0.0136364 -0.00135135
internal_weight=334.519 302.429 105.996 196.433 69.0432 171.149 125.445 53.4842 71.9606
internal_count=344 311 109 202 71 176 129 55 74
is_linear=0
shrinkage=0.05


Tree=556
num_leaves=11
num_cat=0
split_feature=11 25 11 27 15 24 26 20 23 24
split_gain=3.26749 3.47835 2.36008 3.7722 4.08983 2.26321 6.61278 3.39714 3.29447 1.29659
threshold=3645.0000000000005 2525.0000000000005 2175.0000000000005 525.00000000000011 101.25000000000001 0.022343544636538201 2050.0000000000005 0.27007369614512472 0.92226001511715805 0.43712110694617984
decision_type=2 2 2 2 2 2 2 2 2 2
left_child=2 -2 5 -4 -5 8 7 -7 -1 -9
right_child=1 -3 3 4 -6 6 -8 9 -10 -11
leaf_value=-0.044086262422661095 0.10484535587529537 -0.006147847904821902 -0.071965898940379705 0.05895995251805744 -0.018332849388298201 0.20488521377938015 -0.0090913980777145298 -0.030511477894515339 0.014837755679707243 0.085945195545298253
leaf_weight=34.035400152206421 41.81492018699646 30.145640134811401 25.283440113067627 23.338560104370117 37.92516016960144 25.283440113067627 24.311000108718872 23.338560104370117 42.787360191345215 23.338560104370117
leaf_count=35 43 31 26 24 39 26 25 24 44 24
internal_value=-0.00131965 0.00810811 -0.00393258 -0.0106742 -0.00396825 -0.000561798 0.00454545 0.0121622 -0.00696203 0.00416667
internal_weight=331.602 71.9606 259.641 86.5472 61.2637 173.094 96.2716 71.9606 76.8228 46.6771
internal_count=341 74 267 89 63 178 99 74 79 48
is_linear=0
shrinkage=0.05


Tree=557
num_leaves=11
num_cat=0
split_feature=14 27 14 24 27 26 16 15 29 24
split_gain=2.32824 3.1321 5.51901 3.68807 2.62413 3.77927 2.61342 3.12921 1.9597 1.60624
threshold=4117.5000000000009 330.00000000000006 1331.2500000000002 0.40606725146198835 1005.0000000000001 525.00000000000011 3175.0000000000005 48.750000000000007 0.018834141677800904 0.42263555907800016
decision_type=2 2 2 2 2 2 2 2 2 2
left_child=1 2 -1 -4 5 -3 7 -6 -9 -2
right_child=9 4 3 -5 6 -7 -8 8 -10 -11
leaf_value=-1.203012576349886 0.0021937240348052001 -0.064659888599317136 0.19464095309040205 0.04752084045046559 -0.017278489108957729 -0.0086695482102186368 -0.0073977690324454675 0.019838742213244134 -0.0030592037845053712 0.021876888103543025
leaf_weight=24.311000108718872 25.283440113067627 30.145640134811401 29.173200130462646 23.338560104370117 36.952720165252686 33.062960147857666 33.062960147857666 38.897600173950195 34.035400152206421 24.311000108718872
leaf_count=25 26 31 30 24 38 34 34 40 35 25
internal_value=-0.00116959 -0.00292096 0.0056962 0.0148148 -0.00613208 -0.0146154 -0.00238095 0.00132743 0.00733333 0.00882353
internal_weight=332.574 282.98 76.8228 52.5118 206.157 63.2086 142.949 109.886 72.933 49.5944
internal_count=342 291 79 54 212 65 147 113 75 51
is_linear=0
shrinkage=0.05


Tree=558
num_leaves=12
num_cat=0
split_feature=30 29 22 19 15 18 22 27 14 22 11
split_gain=3.14103 4.89989 4.38798 3.40843 2.93822 3.47653 5.21239 5.72156 2.45983 3.3448 1.83942
threshold=0.22138660717042893 0.020893244827974101 0.0054574715339915014 0.48152723703038169 378.75000000000006 0.58940926798069671 0.038902335384385207 955.00000000000011 2003.7500000000002 0.0039698651919308509 2315.0000000000005
decision_type=2 2 2 2 2 2 2 2 2 2 2
left_child=4 10 -3 -4 5 6 7 -1 9 -7 -2
right_child=1 2 3 -5 -6 8 -8 -9 -10 -11 -12
leaf_value=0.00041056109344026485 -0.11799653374969239 0.057749310130975576 -0.028552426589294556 0.015281527643674055 0.056575567286063236 -0.033908905130510904 0.018846805102577947 -0.017046318467259881 0.056875879347603589 0.064619921722021453 -0.0061645824775951041
leaf_weight=26.255880117416382 35.980280160903931 24.311000108718872 35.980280160903931 39.87004017829895 29.173200130462646 23.338560104370117 25.283440113067627 33.062960147857666 23.338560104370117 24.311000108718872 28.200760126113892
leaf_count=27 37 25 37 41 30 24 26 34 24 25 29
internal_value=-0.00236769 -0.00739645 -0.000485437 -0.00641026 0.00210526 -0.000625 -0.00747126 -0.0155738 0.00753425 0.00102041 -0.0181818
internal_weight=349.106 164.342 100.161 75.8503 184.764 155.59 84.6023 59.3188 70.9881 47.6496 64.181
internal_count=359 169 103 78 190 160 87 61 73 49 66
is_linear=0
shrinkage=0.05


Tree=559
num_leaves=9
num_cat=0
split_feature=16 19 27 22 15 24 22 15
split_gain=1.67406 3.5652 2.53726 3.87577 7.14473 3.7416 3.16312 2.54631
threshold=4645.0000000000009 0.61077271044472226 165.00000000000014 0.007006953578957551 101.25000000000001 0.10708063115767767 0.040056994309483805 48.750000000000007
decision_type=2 2 2 2 2 2 2 2
left_child=1 2 5 7 -5 -1 -6 -4
right_child=-2 -3 3 4 6 -7 -8 -9
leaf_value=0.12032067036727767 0.053746788921762351 -0.033475886219889617 -0.027456113841697063 0.14852442549373565 -0.0041656019217498402 -1.6454763040935747 0.015915917904726486 0.004319445018325041
leaf_weight=27.228320121765137 37.92516016960144 33.062960147857666 45.704680204391479 44.732240200042725 45.704680204391479 28.200760126113892 30.145640134811401 32.090520143508911
leaf_count=28 39 34 47 46 47 29 31 33
internal_value=-0.000898204 -0.00220339 -0.000191571 0.00245098 0.00806452 -0.00964912 -0.00128205 -0.00625
internal_weight=324.795 286.87 253.807 198.378 120.583 55.4291 75.8503 77.7952
internal_count=334 295 261 204 124 57 78 80
is_linear=0
shrinkage=0.05


Tree=560
num_leaves=12
num_cat=0
split_feature=25 20 20 18 14 15 26 27 30 26 22
split_gain=2.7945 3.18028 5.74834 3.26394 4.98492 3.38904 2.99398 2.76737 2.17228 1.87634 2.37566
threshold=1560.0000000000002 0.48095148990038655 0.4413818102998775 0.43003210673940945 2523.7500000000005 56.250000000000007 1055.0000000000002 655.00000000000011 0.21603701970819641 965.00000000000011 0.0026594270113644005
decision_type=2 2 2 2 2 2 2 2 2 2 2
left_child=1 2 3 4 -1 9 -7 -3 -2 10 -5
right_child=8 7 -4 5 -6 6 -8 -9 -10 -11 -12
leaf_value=0.0016420460653193915 -0.0034320799773013277 -0.0073122316084663908 0.051059449475678781 -0.1158919839941973 -0.064243734326373675 0.040941808321031205 -0.006847966559041652 -0.034551026534518317 -0.035662266408007785 -0.018311851693806603 0.16681311491472572
leaf_weight=30.145640134811401 25.283440113067627 28.200760126113892 23.338560104370117 23.338560104370117 23.338560104370117 38.897600173950195 26.255880117416382 23.338560104370117 23.338560104370117 42.787360191345215 24.311000108718872
leaf_count=31 26 29 24 24 24 40 27 24 24 44 25
internal_value=-0.00292398 -0.0010274 0.00146444 -0.00116279 -0.0118182 0.0025 0.011194 -0.0122642 -0.014 -0.00376344 0.00306122
internal_weight=332.574 283.952 232.413 209.075 53.4842 155.59 65.1535 51.5393 48.622 90.4369 47.6496
internal_count=342 292 239 215 55 160 67 53 50 93 49
is_linear=0
shrinkage=0.05


Tree=561
num_leaves=12
num_cat=0
split_feature=18 24 27 27 30 11 18 29 25 11 11
split_gain=2.36347 3.03451 3.097 2.95435 3.38908 5.3149 1.8435 4.40215 3.00534 2.27971 1.77189
threshold=0.41207482993197281 0.14652845265090161 190.00000000000003 995.00000000000011 0.19489392071939241 1105.0000000000002 0.24912187097061048 0.014678740174019652 895 3085.0000000000005 3085.0000000000005
decision_type=2 2 2 2 2 2 2 2 2 2 2
left_child=6 2 -2 -4 -5 -6 8 -8 -1 -10 -9
right_child=1 -3 3 4 5 -7 7 10 9 -11 -12
leaf_value=0.53466325099716416 0.11262352800104054 0.064268966509848729 -0.36905081995219008 0.098444206575550197 0.0030246897606502898 -0.040174941705799938 0.010847414272211609 -0.99547078655823507 0.030309395781227978 -0.0034014241736713305 -0.0034872043946506896
leaf_weight=24.311000108718872 34.035400152206421 27.228320121765137 30.145640134811401 23.338560104370117 32.090520143508911 25.283440113067627 24.311000108718872 27.228320121765137 25.283440113067627 29.173200130462646 24.311000108718872
leaf_count=25 35 28 31 24 33 26 25 28 26 30 25
internal_value=-0.0014881 0.00254237 -0.00033557 -0.00438596 0.00060241 -0.0059322 -0.00597484 -0.0115385 -0.000617284 -0.00714286 -0.0198113
internal_weight=326.74 172.122 144.894 110.858 80.7125 57.374 154.618 75.8503 78.7676 54.4566 51.5393
internal_count=336 177 149 114 83 59 159 78 81 56 53
is_linear=0
shrinkage=0.05


Tree=562
num_leaves=11
num_cat=0
split_feature=29 30 16 29 27 30 25 22 22 26
split_gain=4.09748 3.35529 3.16086 3.32993 4.63067 3.51727 2.6378 2.34812 2.03946 0.879684
threshold=0.022603875444738405 0.23453342965851146 4170.0000000000009 0.014809731492041503 405.00000000000006 0.19001589482821918 495.00000000000006 0.035759571303830506 0.007006953578957551 995.00000000000011
decision_type=2 2 2 2 2 2 2 2 2 2
left_child=1 2 3 4 -1 -5 9 8 -7 -2
right_child=6 -3 -4 5 -6 7 -8 -9 -10 -11
leaf_value=0.10033280470313458 1.5594800731900023 -0.014285516070845007 -0.03187040600232649 0.062593421887561368 -0.034847271925980298 0.0009634755218939973 0.005539485174244874 -0.033679782577905826 0.1194896003554959 0.01197826673378586
leaf_weight=24.311000108718872 23.338560104370117 35.007840156555176 45.704680204391479 26.255880117416382 34.035400152206421 35.007840156555176 35.007840156555176 24.311000108718872 30.145640134811401 25.283440113067627
leaf_count=25 24 36 47 27 35 36 36 25 31 26
internal_value=0.000862069 -0.00229008 0 0.00307263 -0.00666667 0.00798319 0.0104651 0.00326087 0.00820896 0.018
internal_weight=338.409 254.779 219.771 174.067 58.3464 115.72 83.6298 89.4645 65.1535 48.622
internal_count=348 262 226 179 60 119 86 92 67 50
is_linear=0
shrinkage=0.05


Tree=563
num_leaves=11
num_cat=0
split_feature=11 22 26 26 15 28 11 22 27 29
split_gain=5.80348 4.95141 2.87374 2.73159 2.35798 3.49922 6.8456 6.22503 4.11035 2.4254
threshold=1095.0000000000002 0.00091086781934990009 1620.0000000000002 745.00000000000011 416.25000000000006 2.5000000000000004 3675.0000000000005 0.010574353013517652 440.00000000000006 0.017379973997757755
decision_type=2 2 2 2 2 2 2 2 2 2
left_child=2 -2 3 -1 5 6 7 -3 -7 -9
right_child=1 4 -4 -5 -6 8 -8 9 -10 -11
leaf_value=0.40593430842964157 0.10694417782488018 -1.3473339637389246 0.039873029695843346 -0.018146406933840353 0.015397865636623466 -0.21958574205323203 -0.11474742063728627 0.029706789561737425 0.47442227519391056 -0.016382958378517287
leaf_weight=24.311000108718872 23.338560104370117 24.311000108718872 38.897600173950195 26.255880117416382 35.980280160903931 24.311000108718872 28.200760126113892 42.787360191345215 27.228320121765137 28.200760126113892
leaf_count=25 24 25 40 27 37 25 29 44 28 29
internal_value=-0.00105105 -0.00518672 0.00978261 0.00192308 -0.00760369 -0.01 -0.0145669 -0.00816327 0.000943396 -0.000684932
internal_weight=323.823 234.358 89.4645 50.5669 211.019 175.039 123.5 95.2991 51.5393 70.9881
internal_count=333 241 92 52 217 180 127 98 53 73
is_linear=0
shrinkage=0.05


Tree=564
num_leaves=10
num_cat=0
split_feature=30 11 15 11 14 24 19 18 18
split_gain=4.50953 3.26811 3.77841 3.35453 2.9181 4.21828 3.11181 2.28524 5.5853
threshold=0.22138660717042893 1125.0000000000002 356.25000000000006 1065.0000000000002 3732.5000000000005 0.028231292517006755 0.45941413300013884 0.58940926798069671 0.25943574494787436
decision_type=2 2 2 2 2 2 2 2 2
left_child=1 3 7 -1 5 -2 -7 8 -3
right_child=4 2 -4 -5 -6 6 -8 -9 -10
leaf_value=0.066490443620944015 0.004937742309584792 0.0073995035742882471 0.056011728553585272 0.055099467354864373 0.016030728009081941 -0.036843672866712043 -0.0077439998585305155 0.028221450083651692 -0.10213119124421155
leaf_weight=31.118080139160156 42.787360191345215 23.338560104370117 30.145640134811401 25.283440113067627 35.007840156555176 38.897600173950195 38.897600173950195 34.035400152206421 27.228320121765137
leaf_count=32 44 24 31 26 36 40 40 35 28
internal_value=0.00178571 0.00738636 0.00254237 0.0172414 -0.004375 -0.00806452 -0.015 -0.00287356 -0.00961538
internal_weight=326.74 171.149 114.748 56.4015 155.59 120.583 77.7952 84.6023 50.5669
internal_count=336 176 118 58 160 124 80 87 52
is_linear=0
shrinkage=0.05


Tree=565
num_leaves=12
num_cat=0
split_feature=27 30 28 24 30 29 26 24 27 30 15
split_gain=3.42811 3.21513 4.13348 3.18925 3.03131 3.36715 2.58636 1.86273 4.87433 1.47339 0.324147
threshold=1005.0000000000001 0.15539210388166627 2.5000000000000004 0.054996024383779457 0.24881711814353533 0.013908753294164551 1525.0000000000002 0.38586061205108829 1225.0000000000002 0.21603701970819641 93.750000000000014
decision_type=2 2 2 2 2 2 2 2 2 2 2
left_child=1 -1 9 -4 5 -2 7 8 -7 -3 -5
right_child=4 2 3 10 -6 6 -8 -9 -10 -11 -12
leaf_value=0.03768674693993717 0.0071643684929313172 -1.2813783380561519 0.16579745833942072 -0.0016423602419536111 0.028354703114268888 0.0019145046496305441 0.030613710936563621 0.0024187574699681136 -0.053460835380042232 -0.03078944553715246 -0.058455704840866929
leaf_weight=31.118080139160156 27.228320121765137 29.173200130462646 24.311000108718872 23.338560104370117 34.035400152206421 28.200760126113892 34.035400152206421 33.062960147857666 23.338560104370117 24.311000108718872 23.338560104370117
leaf_count=32 28 30 25 24 35 29 35 34 24 25 24
internal_value=0.000434783 -0.005 -0.00859375 -0.000684932 0.00513514 0.002 -0.00163934 -0.00632184 -0.0122642 -0.0190909 -0.00833333
internal_weight=335.492 155.59 124.472 70.9881 179.901 145.866 118.638 84.6023 51.5393 53.4842 46.6771
internal_count=345 160 128 73 185 150 122 87 53 55 48
is_linear=0
shrinkage=0.05


Tree=566
num_leaves=11
num_cat=0
split_feature=30 30 25 16 27 11 30 20 18 24
split_gain=4.34518 3.39908 3.22325 3.39502 3.25725 2.80063 2.27739 4.71305 7.98753 1.69488
threshold=0.22138660717042893 0.20224189292993236 495.00000000000006 1195.0000000000002 1035.0000000000002 3045.0000000000005 0.18077093205053862 0.37736556527372855 0.61628401360544227 0.024319727891156401
decision_type=2 2 2 2 2 2 2 2 2 2
left_child=1 6 3 9 -4 -3 7 8 -1 -2
right_child=2 5 4 -5 -6 -7 -8 -9 -10 -11
leaf_value=-0.10617689165353568 0.0036675588035109288 0.027289449880754546 -0.056412731359819196 0.24827934129812093 -0.013532897316622439 0.057363171542942841 -0.022650669348706742 0.053692752400525026 0.059543251373770548 -0.085637231747841727
leaf_weight=23.338560104370117 26.255880117416382 24.311000108718872 28.200760126113892 36.952720165252686 39.87004017829895 24.311000108718872 33.062960147857666 34.035400152206421 42.787360191345215 23.338560104370117
leaf_count=24 27 25 29 38 41 25 34 35 44 24
internal_value=0.00144509 0.00668449 -0.00471698 0.00168539 -0.0128571 0.018 0.00255474 0.00631068 -0.00147059 -0.00686275
internal_weight=336.464 181.846 154.618 86.5472 68.0708 48.622 133.224 100.161 66.1259 49.5944
internal_count=346 187 159 89 70 50 137 103 68 51
is_linear=0
shrinkage=0.05


Tree=567
num_leaves=12
num_cat=0
split_feature=14 14 15 18 18 24 16 29 25 11 18
split_gain=3.93429 4.92126 3.77039 4.75542 2.5336 5.94869 2.42939 2.34158 3.31245 1.86344 0.933542
threshold=2475.0000000000005 1118.7500000000002 78.750000000000014 0.25943574494787436 0.55706727135298573 0.44225785552316166 4205.0000000000009 0.015556459575043551 1035.0000000000002 1095.0000000000002 0.88516815176774943
decision_type=2 2 2 2 2 2 2 2 2 2 2
left_child=1 10 -2 6 5 -3 -4 -5 -9 -6 -1
right_child=2 4 3 7 9 -7 -8 8 -10 -11 -12
leaf_value=0.0034841808633359508 0.05449501296579911 -0.013475532090103571 -0.01136154715743487 -0.0010487700058320116 0.04968195032130325 0.062767769360505099 0.026157134627987945 -0.51813456062196794 -0.0050746710191106109 0.049449335946246724 -0.29900940260050674
leaf_weight=23.338560104370117 24.311000108718872 40.842480182647705 33.062960147857666 27.228320121765137 24.311000108718872 31.118080139160156 27.228320121765137 25.283440113067627 26.255880117416382 33.062960147857666 24.311000108718872
leaf_count=24 25 42 34 28 25 32 28 26 27 34 25
internal_value=0.00142857 0.00659341 -0.00416667 -0.00734266 0.0116541 0.00540541 0.00322581 -0.0154321 -0.0216981 0.0194915 -0.00714286
internal_weight=340.354 176.984 163.37 139.059 129.335 71.9606 60.2913 78.7676 51.5393 57.374 47.6496
internal_count=350 182 168 143 133 74 62 81 53 59 49
is_linear=0
shrinkage=0.05


Tree=568
num_leaves=11
num_cat=0
split_feature=29 29 27 29 30 18 15 22 18 27
split_gain=3.15778 5.91719 5.49868 3.89369 4.94023 4.08489 3.43546 3.20439 1.99514 1.82811
threshold=0.018834141677800904 0.020062127916243153 1055.0000000000002 0.016818869133432602 0.17447100426921533 0.36256301873500213 202.50000000000003 0.0091870218023034512 0.41207482993197281 595.00000000000011
decision_type=2 2 2 2 2 2 2 2 2 2
left_child=3 -2 9 4 5 -1 -5 -7 -4 -3
right_child=1 2 8 6 -6 7 -8 -9 -10 -11
leaf_value=0.25506704793278917 -0.63299236471304998 -0.0014643563101572 0.030847083995490722 0.059629380892477005 -0.01628608043836266 0.052142227600779738 0.014667246604381035 -0.042642148766628911 0.0065223585759781599 -0.028443322075838752
leaf_weight=24.311000108718872 27.228320121765137 42.787360191345215 25.283440113067627 25.283440113067627 45.704680204391479 26.255880117416382 23.338560104370117 23.338560104370117 27.228320121765137 25.283440113067627
leaf_count=25 28 44 26 26 47 27 24 24 28 26
internal_value=0.00138462 -0.00394737 0.000806452 0.00606936 0.00121951 0.00921053 0.018 0.000980392 0.012963 -0.00857143
internal_weight=316.043 147.811 120.583 168.232 119.61 73.9054 48.622 49.5944 52.5118 68.0708
internal_count=325 152 124 173 123 76 50 51 54 70
is_linear=0
shrinkage=0.05


Tree=569
num_leaves=12
num_cat=0
split_feature=20 18 14 25 25 15 11 15 15 18 14
split_gain=2.89289 3.49799 3.80517 3.15655 2.86798 2.59918 2.35713 1.81637 4.88341 2.26357 1.14898
threshold=0.48676587301587299 0.24257639563762012 4523.7500000000009 895 85.000000000000014 258.75000000000006 1025.0000000000002 22.500000000000117 56.250000000000007 0.48242630385487534 1131.2500000000002
decision_type=2 2 2 2 2 2 2 2 2 2 2
left_child=1 -1 3 4 6 -2 -3 -8 10 -10 -9
right_child=5 2 -4 -5 -6 -7 7 8 9 -11 -12
leaf_value=0.65321212911289883 -0.047783797837860222 -0.0135709565498928 -0.10439471467348085 0.091982150987792013 -0.14525969286387408 0.00093324540066532793 0.10162999261890492 0.0061962406471820948 0.026338802043994747 0.021936047143503858 -0.1555834523482531
leaf_weight=27.228320121765137 23.338560104370117 24.311000108718872 23.338560104370117 34.035400152206421 24.311000108718872 28.200760126113892 30.145640134811401 23.338560104370117 26.255880117416382 36.952720165252686 25.283440113067627
leaf_count=28 24 25 24 35 25 29 31 24 27 38 26
internal_value=0.00238095 0.00441696 0.00254902 0.00454545 0.00204082 -0.00849057 0.00438596 0.00684932 0.00391304 0.0130769 -0.008
internal_weight=326.74 275.201 247.972 224.634 190.598 51.5393 166.287 141.976 111.831 63.2086 48.622
internal_count=336 283 255 231 196 53 171 146 115 65 50
is_linear=0
shrinkage=0.05


Tree=570
num_leaves=9
num_cat=0
split_feature=18 14 15 20 18 15 14 27
split_gain=3.00632 5.35789 4.54062 3.56762 2.55683 3.36508 2.01297 3.66361
threshold=0.48242630385487534 1118.7500000000002 401.25000000000006 0.4947551020408163 0.26722096245905774 176.25000000000003 1141.2500000000002 1015.0000000000001
decision_type=2 2 2 2 2 2 2 2
left_child=2 -2 3 4 -1 -6 -3 -8
right_child=1 6 -4 -5 5 -7 7 -9
leaf_value=-0.040832898721600945 -0.080417225132180192 0.041151542113186682 0.0093347767247678355 0.0072636284588043056 -0.028251860237355687 0.022902735248294448 0.042580363299543934 -0.016568578773603803
leaf_weight=37.92516016960144 43.75980019569397 25.283440113067627 35.007840156555176 37.92516016960144 31.118080139160156 26.255880117416382 41.81492018699646 41.81492018699646
leaf_count=39 45 26 36 39 32 27 43 43
internal_value=-0.00030303 0.00477707 -0.00491329 -0.00912409 -0.0142857 -0.00762712 0.0107143 0.00697674
internal_weight=320.905 152.673 168.232 133.224 95.2991 57.374 108.913 83.6298
internal_count=330 157 173 137 98 59 112 86
is_linear=0
shrinkage=0.05


Tree=571
num_leaves=10
num_cat=0
split_feature=25 29 30 15 18 22 22 16 11
split_gain=3.0247 4.93978 3.10976 1.76896 1.9242 2.81292 2.62816 2.11044 1.48658
threshold=495.00000000000006 0.020468205329650803 0.20224189292993236 22.500000000000117 0.5204837490551778 0.0043788745560072511 0.043253664639493102 1195.0000000000002 3155.0000000000005
decision_type=2 2 2 2 2 2 2 2 2
left_child=3 2 -2 -1 6 -6 -5 -7 -3
right_child=1 8 -4 4 5 7 -8 -9 -10
leaf_value=0.097376921926638715 -0.0082854873546921223 -0.011529763071439448 0.030335531169907882 -0.013032220504726411 -0.00030896523585397521 0.0032525616749808253 0.039879570751850224 0.14202136565454568 -0.043225628117647831
leaf_weight=45.704680204391479 41.81492018699646 23.338560104370117 33.062960147857666 44.732240200042725 38.897600173950195 26.255880117416382 28.200760126113892 24.311000108718872 24.311000108718872
leaf_count=47 43 24 34 46 40 27 29 25 25
internal_value=0.00147059 -0.0047619 0.00324675 0.00514019 0.00269461 0.0076087 -0.00333333 0.0153846 -0.0173469
internal_weight=330.63 122.527 74.8779 208.102 162.397 89.4645 72.933 50.5669 47.6496
internal_count=340 126 77 214 167 92 75 52 49
is_linear=0
shrinkage=0.05


Tree=572
num_leaves=10
num_cat=0
split_feature=11 15 25 18 22 15 11 30 14
split_gain=3.3136 2.73321 3.20642 3.61322 5.141 3.06924 2.49985 2.45441 2.22072
threshold=1025.0000000000002 22.500000000000117 595.00000000000011 0.24582112628759858 0.022365207917205452 176.25000000000003 2105.0000000000005 0.20830611193887738 1206.2500000000002
decision_type=2 2 2 2 2 2 2 2 2
left_child=-1 6 5 -4 -5 7 -2 -3 -9
right_child=1 2 3 4 -6 -7 -8 8 -10
leaf_value=-0.030757008373279861 0.046173664367188394 -0.045898514739872102 -0.02696889194035066 -0.029636902163974813 0.012464476391687641 0.063506523514115551 0.23377594282073916 0.0023246047144880322 0.063499796252244778
leaf_weight=23.338560104370117 31.118080139160156 45.704680204391479 41.81492018699646 35.007840156555176 27.228320121765137 34.035400152206421 26.255880117416382 36.952720165252686 25.283440113067627
leaf_count=24 32 47 43 36 28 35 27 38 26
internal_value=0.0014881 0.00288462 0.000592885 -0.00607477 0.0015625 0.00547945 0.0127119 0.00135135 0.0078125
internal_weight=326.74 303.401 246.027 104.051 62.2362 141.976 57.374 107.941 62.2362
internal_count=336 312 253 107 64 146 59 111 64
is_linear=0
shrinkage=0.05


Tree=573
num_leaves=12
num_cat=0
split_feature=25 24 29 11 11 27 25 26 26 14 29
split_gain=2.53233 6.84853 6.61234 4.83183 4.17833 3.88954 3.88405 3.49095 2.98841 2.3622 2.59417
threshold=595.00000000000011 0.60881159342043711 0.016632990931437355 2325.0000000000005 2670.0000000000005 75.000000000000014 2050.0000000000005 90.000000000000128 1940.0000000000002 1183.7500000000002 0.022220143510459853
decision_type=2 2 2 2 2 2 2 2 2 2 2
left_child=2 3 5 -2 7 -1 -5 -4 -7 10 -9
right_child=1 -3 4 6 -6 8 -8 9 -10 -11 -12
leaf_value=0.15776926329982643 0.25512214705536279 -0.16204567388426769 -0.49052767368170863 -0.025994673564082405 0.15967687355077942 -0.095641311460326506 0.0011943831787675663 -0.012496839715208808 0.0039627671766879757 0.14194437933914514 0.05325132261083354
leaf_weight=28.200760126113892 23.338560104370117 26.255880117416382 24.311000108718872 39.87004017829895 27.228320121765137 35.980280160903931 34.035400152206421 24.311000108718872 23.338560104370117 23.338560104370117 26.255880117416382
leaf_count=29 24 27 25 41 28 37 35 25 24 24 27
internal_value=0.000578035 -0.00511811 0.00388128 0.001 0.0112403 -0.00666667 -0.00526316 0.00643564 -0.0139344 0.0118421 0.00576923
internal_weight=336.464 123.5 212.964 97.244 125.445 87.5196 73.9054 98.2164 59.3188 73.9054 50.5669
internal_count=346 127 219 100 129 90 76 101 61 76 52
is_linear=0
shrinkage=0.05


Tree=574
num_leaves=11
num_cat=0
split_feature=26 20 11 29 29 14 14 29 19 29
split_gain=3.45922 4.36495 4.94569 5.27861 5.07151 3.58838 3.5421 2.91732 2.76497 1.65628
threshold=1525.0000000000002 0.50428175692045529 3695.0000000000005 0.012076547901011101 0.015242845585726453 2475.0000000000005 1160.0000000000002 0.017801593966907153 0.54049958607781756 0.017379973997757755
decision_type=2 2 2 2 2 2 2 2 2 2
left_child=1 2 3 -1 -5 6 -6 -4 -7 -2
right_child=9 -3 7 4 5 8 -8 -9 -10 -11
leaf_value=0.21419868251471144 0.003764628817850735 0.035976517983840495 -0.024694939885876011 -1.1241691053442537 -0.032151893214518168 -0.010276765059256832 0.13484716037219188 1.812693598945498 -0.46600128999762092 0.027961140454692668
leaf_weight=23.338560104370117 23.338560104370117 34.035400152206421 23.338560104370117 24.311000108718872 38.897600173950195 43.75980019569397 37.92516016960144 23.338560104370117 25.283440113067627 30.145640134811401
leaf_count=24 24 35 24 25 40 45 39 24 26 31
internal_value=-0.00163205 -0.00390071 -0.0062753 -0.00979899 -0.0128571 -0.00933333 -0.00189873 0.00833333 -0.0176056 0.01
internal_weight=327.712 274.228 240.193 193.516 170.177 145.866 76.8228 46.6771 69.0432 53.4842
internal_count=337 282 247 199 175 150 79 48 71 55
is_linear=0
shrinkage=0.05


Tree=575
num_leaves=11
num_cat=0
split_feature=26 26 18 15 18 11 15 11 25 24
split_gain=3.08919 4.73366 2.77092 3.74548 3.60221 3.37576 2.93684 3.07827 6.03411 3.27878
threshold=1525.0000000000002 2565.0000000000005 0.18607442977190877 33.750000000000007 0.23504938698643299 1615.0000000000002 56.250000000000007 3155.0000000000005 2495.0000000000005 0.29463721996735209
decision_type=2 2 2 2 2 2 2 2 2 2
left_child=2 -2 -1 5 -5 -4 -6 9 -9 -8
right_child=1 -3 3 4 6 -7 7 8 -10 -11
leaf_value=0.050510206428634775 0.063536666296329258 -0.0011080274905225453 -0.015491307146498913 -0.085429133792649742 -0.15078299282621402 0.20348874838898612 0.042701623988932624 -0.34238122299939278 0.004049043926988816 -0.0055142315893590421
leaf_weight=44.732240200042725 26.255880117416382 28.200760126113892 38.897600173950195 23.338560104370117 25.283440113067627 29.173200130462646 41.81492018699646 25.283440113067627 23.338560104370117 25.283440113067627
leaf_count=46 27 29 40 24 26 30 43 26 24 26
internal_value=0.0016129 0.0125 -0.000526316 -0.00271967 -0.00680473 0.00714286 -0.0037931 -0.000420168 -0.01 0.00652174
internal_weight=331.602 54.4566 277.145 232.413 164.342 68.0708 141.004 115.72 48.622 67.0984
internal_count=341 56 285 239 169 70 145 119 50 69
is_linear=0
shrinkage=0.05


Tree=576
num_leaves=10
num_cat=0
split_feature=30 25 11 22 27 26 30 29 15
split_gain=2.67911 2.78522 5.69579 6.23103 5.13868 1.79137 4.89925 2.43872 4.16348
threshold=0.22138660717042893 595.00000000000011 1165.0000000000002 0.0054574715339915014 1055.0000000000002 415.00000000000006 0.17447100426921533 0.015984265375215453 285.00000000000028
decision_type=2 2 2 2 2 2 2 2 2
left_child=5 2 3 -2 -3 7 -7 8 -1
right_child=1 4 -4 -5 -6 6 -8 -9 -10
leaf_value=-0.0044202338130389764 0.0071111047627255182 -0.012602107551697373 0.58202150995091417 -0.070191044023556512 0.0026644239644383564 -0.001052626115995281 0.053465398065407045 -0.048677103710906527 0.023884769939468243
leaf_weight=43.75980019569397 34.035400152206421 23.338560104370117 36.952720165252686 24.311000108718872 42.787360191345215 27.228320121765137 40.842480182647705 42.787360191345215 26.255880117416382
leaf_count=45 35 24 38 25 44 28 42 44 27
internal_value=0.00227273 -0.00240964 0.00306122 -0.00666667 -0.0102941 0.00645161 0.0128571 0.00258621 0.00833333
internal_weight=342.299 161.425 95.2991 58.3464 66.1259 180.874 68.0708 112.803 70.0157
internal_count=352 166 98 60 68 186 70 116 72
is_linear=0
shrinkage=0.05


Tree=577
num_leaves=11
num_cat=0
split_feature=14 27 29 22 14 29 22 14 26 12
split_gain=5.76576 4.85622 2.86582 4.00513 6.03101 3.64143 3.65205 3.31775 2.62559 2.4311
threshold=1128.7500000000002 2900.0000000000005 0.018539720596605302 0.060302239307237958 2150.0000000000005 0.016632990931437355 0.023334787868018101 3501.2500000000005 1015.0000000000001 2740.0000000000005
decision_type=2 2 2 2 2 2 2 2 2 2
left_child=8 2 5 4 -4 6 9 -6 -1 -2
right_child=1 -3 3 -5 7 -7 -8 -9 -10 -11
leaf_value=0.024475938252396648 0.011285309805884935 -0.028650076056180751 0.044076094990668939 0.032576363816974666 -0.11196999991743724 0.026154774471706332 -0.013653563889647558 -0.0046084146322982631 0.12687744553205677 0.10692202894133516
leaf_weight=23.338560104370117 35.007840156555176 32.090520143508911 32.090520143508911 30.145640134811401 27.228320121765137 33.062960147857666 29.173200130462646 30.145640134811401 29.173200130462646 23.338560104370117
leaf_count=24 36 33 33 31 28 34 30 31 30 24
internal_value=0.00149701 -0.00142857 0.00101215 -0.00447154 -0.00978261 0.00645161 0.00111111 -0.0194915 0.0166667 0.00833333
internal_weight=324.795 272.283 240.193 119.61 89.4645 120.583 87.5196 57.374 52.5118 58.3464
internal_count=334 280 247 123 92 124 90 59 54 60
is_linear=0
shrinkage=0.05


Tree=578
num_leaves=10
num_cat=0
split_feature=24 27 25 16 24 16 24 11 11
split_gain=3.36737 3.24977 3.52995 3.17165 2.79071 2.45987 2.45257 2.20111 2.25347
threshold=0.63901971044828199 1005.0000000000001 495.00000000000006 2775.0000000000005 0.43316056581362705 1155.0000000000002 0.021134949706378203 2525.0000000000005 4115.0000000000009
decision_type=2 2 2 2 2 2 2 2 2
left_child=1 2 3 6 5 -3 -1 -7 -9
right_child=-2 4 -4 -5 -6 7 -8 8 -10
leaf_value=-0.187871579452667 -0.015819842393648288 0.046271488983597925 -0.046012827793742876 1.0050413349233396 0.0077129507189965807 -0.0082725973736614833 0.024906944550343726 0.046665782364402733 -0.0077820916633754679
leaf_weight=37.92516016960144 29.173200130462646 36.952720165252686 34.035400152206421 25.283440113067627 38.897600173950195 39.87004017829895 39.87004017829895 25.283440113067627 28.200760126113892
leaf_count=39 30 38 35 26 40 41 41 26 29
internal_value=-0.000434783 0.00111111 -0.00460993 0 0.00574713 0.00223881 -0.005 -0.00208333 0.00454545
internal_weight=335.492 306.319 137.114 103.079 169.205 130.307 77.7952 93.3542 53.4842
internal_count=345 315 141 106 174 134 80 96 55
is_linear=0
shrinkage=0.05


Tree=579
num_leaves=11
num_cat=0
split_feature=29 27 27 22 30 29 14 24 15 11
split_gain=5.09578 1.85933 2.87813 3.66665 2.66243 3.22174 4.00496 2.55957 2.36319 1.29659
threshold=0.028841668035910404 1495.0000000000002 2525.0000000000005 0.018329943520460402 0.22138660717042893 0.014315771398646751 2150.0000000000005 0.484434726271461 41.250000000000007 1960.0000000000002
decision_type=2 2 2 2 2 2 2 2 2 2
left_child=1 4 -3 -4 5 9 -7 8 -6 -1
right_child=-2 2 3 -5 7 6 -8 -9 -10 -11
leaf_value=-0.20059071617503152 -0.01214465807591978 0.029446654135358588 -0.08898268849138731 0.003781762994606197 -0.021955506374592915 0.31463174131613414 -0.014134368284908307 0.0077796157990860596 -0.012211750734309135 0.026358887792093812
leaf_weight=23.338560104370117 23.338560104370117 43.75980019569397 28.200760126113892 31.118080139160156 25.283440113067627 31.118080139160156 35.007840156555176 34.035400152206421 36.952720165252686 23.338560104370117
leaf_count=24 24 45 29 32 26 32 36 35 38 24
internal_value=-0.00246377 -0.000778816 0.00471698 -0.00245902 -0.00348837 0.00172414 0.00882353 -0.00959596 -0.015625 -0.00833333
internal_weight=335.492 312.153 103.079 59.3188 209.075 112.803 66.1259 96.2716 62.2362 46.6771
internal_count=345 321 106 61 215 116 68 99 64 48
is_linear=0
shrinkage=0.05


Tree=580
num_leaves=11
num_cat=0
split_feature=20 26 26 29 15 22 27 22 18 20
split_gain=2.97844 3.25893 3.89313 3.18897 3.07761 3.21924 2.1997 2.18904 3.40538 4.31171
threshold=0.4947551020408163 1525.0000000000002 2565.0000000000005 0.019032712606033005 22.500000000000117 0.058276589618827403 995.00000000000011 0.0054574715339915014 0.5204837490551778 0.38182517049912484
decision_type=2 2 2 2 2 2 2 2 2 2
left_child=1 3 -3 7 -5 6 -6 -1 9 -9
right_child=-2 2 -4 4 5 -7 -8 8 -10 -11
leaf_value=-0.022631968434370722 0.025040943402495942 0.061730244388547822 -0.006393540665544606 0.086656225961905878 -0.51557292326232307 0.014750866306803801 -0.0044344727648876871 -0.037501431297550882 0.10358685477117434 0.0040533403054269007
leaf_weight=40.842480182647705 44.732240200042725 27.228320121765137 26.255880117416382 25.283440113067627 31.118080139160156 23.338560104370117 34.035400152206421 24.311000108718872 23.338560104370117 37.92516016960144
leaf_count=42 46 28 27 26 32 24 35 25 24 39
internal_value=-0.00114943 -0.00298013 0.00818182 -0.00546559 -0.0115385 -0.0159341 -0.0216418 0 0.00454545 -0.0015625
internal_weight=338.409 293.677 53.4842 240.193 113.775 88.492 65.1535 126.417 85.5747 62.2362
internal_count=348 302 55 247 117 91 67 130 88 64
is_linear=0
shrinkage=0.05


Tree=581
num_leaves=11
num_cat=0
split_feature=26 26 18 28 30 18 19 22 14 14
split_gain=1.86166 3.88473 3.90056 1.89296 2.25111 3.44491 2.20123 3.39305 1.25811 1.141
threshold=1525.0000000000002 935.00000000000011 0.68532261389404259 3.5000000000000004 0.17687439450100823 0.18607442977190877 0.53103842009617097 0.022365207917205452 2627.5000000000005 1160.0000000000002
decision_type=2 2 2 2 2 2 2 2 2 2
left_child=1 3 -3 4 8 -6 7 -7 -1 -2
right_child=9 2 -4 -5 5 6 -8 -9 -10 -11
leaf_value=0.33389356291702371 0.0098144032270170104 0.029730562736153845 -0.032210754546986207 0.053193708900130338 0.02382048731831219 -0.13724785496638106 -0.014524798874981572 0.0060779501468459785 0.0038506732901623765 0.031231911154134196
leaf_weight=31.118080139160156 29.173200130462646 23.338560104370117 35.007840156555176 36.952720165252686 26.255880117416382 43.75980019569397 23.338560104370117 31.118080139160156 32.090520143508911 24.311000108718872
leaf_count=32 30 24 36 38 27 45 24 32 33 25
internal_value=0.00144509 -0.000171821 -0.0116667 0.00281385 0.000777202 -0.003125 -0.00742574 -0.00324675 0.00846154 0.01
internal_weight=336.464 282.98 58.3464 224.634 187.681 124.472 98.2164 74.8779 63.2086 53.4842
internal_count=346 291 60 231 193 128 101 77 65 55
is_linear=0
shrinkage=0.05


Tree=582
num_leaves=12
num_cat=0
split_feature=14 14 15 14 30 14 14 24 14 12 12
split_gain=2.99656 3.86257 2.75605 2.29549 4.74081 3.72246 1.95187 3.89087 4.799 1.82377 0.859324
threshold=3655.0000000000005 3976.2500000000005 378.75000000000006 2475.0000000000005 0.23676646859869618 1331.2500000000002 1176.2500000000002 0.032029478458049855 1118.7500000000002 3025.0000000000005 1960.0000000000002
decision_type=2 2 2 2 2 2 2 2 2 2 2
left_child=3 -2 -3 5 9 6 7 8 -1 -5 -7
right_child=1 2 -4 4 -6 10 -8 -9 -10 -11 -12
leaf_value=-0.010123296177016529 0.77131144028551268 -0.01976566947973879 0.014739562935210416 -0.030600216819630079 -0.025395845430512057 0.39279246541400425 -0.010632447308660177 -0.016516193296058645 0.046887951218729997 0.074009165810048225 0.041864158959651836
leaf_weight=31.118080139160156 23.338560104370117 23.338560104370117 44.732240200042725 27.228320121765137 23.338560104370117 24.311000108718872 31.118080139160156 33.062960147857666 25.283440113067627 23.338560104370117 28.200760126113892
leaf_count=32 24 24 46 28 24 25 32 34 26 24 29
internal_value=-0.000287356 0.00744681 0.00142857 -0.00314961 -0.0105263 0 -0.00483871 -0.00108696 0.00689655 -0.00192308 0.0111111
internal_weight=338.409 91.4094 68.0708 247 73.9054 173.094 120.583 89.4645 56.4015 50.5669 52.5118
internal_count=348 94 70 254 76 178 124 92 58 52 54
is_linear=0
shrinkage=0.05


Tree=583
num_leaves=12
num_cat=0
split_feature=22 18 18 20 27 26 26 24 18 29 15
split_gain=1.69104 2.53197 5.67814 3.34961 1.80024 4.01295 2.67227 3.51521 2.44205 2.14342 0.72933
threshold=0.050734318589089257 0.29405984616068653 0.37630385487528351 0.4947551020408163 2525.0000000000005 1315.0000000000002 935.00000000000011 0.022343544636538201 0.55706727135298573 0.016022851403207004 326.25000000000006
decision_type=2 2 2 2 2 2 2 2 2 2 2
left_child=1 3 -3 -1 5 6 8 -8 -4 -10 -2
right_child=10 2 4 -5 -6 -7 7 -9 9 -11 -12
leaf_value=-0.097637273825421297 0.046103090389010504 0.021665371574022176 -0.067329538998615143 -0.0045294442655631432 -0.039657792698551478 0.045775221231042454 -0.021369867251212329 -0.0010695900968585193 0.9559403993857587 -0.00073801147232188669 0.014002584788454443
leaf_weight=25.283440113067627 23.338560104370117 33.062960147857666 24.311000108718872 39.87004017829895 35.980280160903931 23.338560104370117 23.338560104370117 24.311000108718872 23.338560104370117 38.897600173950195 23.338560104370117
leaf_count=26 24 34 25 41 37 24 24 25 24 40 24
internal_value=-0.00258621 -0.004 -0.00150215 -0.0126866 -0.00477387 -0.00246914 -0.0057971 -0.0153061 -0.000561798 0.0046875 0.00625
internal_weight=338.409 291.732 226.579 65.1535 193.516 157.535 134.197 47.6496 86.5472 62.2362 46.6771
internal_count=348 300 233 67 199 162 138 49 89 64 48
is_linear=0
shrinkage=0.05


Tree=584
num_leaves=10
num_cat=0
split_feature=15 15 18 16 16 27 24 11 27
split_gain=2.50882 5.58325 3.02839 4.29934 4.23579 2.10586 2.30071 8.51599 1.62073
threshold=923.50125000000048 401.25000000000006 0.14977166792642982 4000.0000000000009 1135.0000000000002 1155.0000000000002 0.021134949706378203 2175.0000000000005 2150.0000000000005
decision_type=2 2 2 2 2 2 2 2 2
left_child=1 2 -1 4 -4 6 -6 -8 -7
right_child=-2 -3 3 -5 5 8 7 -9 -10
leaf_value=-0.10068587540713453 -0.18421279613157823 0.0697780792280355 -0.018315174113899959 -0.018550913792478241 -0.014106842292949296 0.040937607523142107 0.21409390421351873 -0.012272554946343918 0.0017991101071743289
leaf_weight=23.338560104370117 24.311000108718872 31.118080139160156 42.787360191345215 29.173200130462646 40.842480182647705 29.173200130462646 37.92516016960144 35.980280160903931 29.173200130462646
leaf_count=24 25 32 44 30 42 30 39 37 30
internal_value=-0.00255255 -0.0012987 -0.00362319 -0.00198413 0.00045045 0.00393258 0 0.00526316 0.0116667
internal_weight=323.823 299.512 268.393 245.055 215.882 173.094 114.748 73.9054 58.3464
internal_count=333 308 276 252 222 178 118 76 60
is_linear=0
shrinkage=0.05


Tree=585
num_leaves=11
num_cat=0
split_feature=25 12 16 18 20 18 24 16 15 14
split_gain=4.56709 3.57597 4.57868 3.61631 2.65149 2.61478 2.8173 2.20687 4.09473 2.49673
threshold=1025.0000000000002 3270.0000000000005 3060.0000000000005 0.37630385487528351 0.48676587301587299 0.22396532309068753 0.19343663391282437 1155.0000000000002 78.750000000000014 1111.2500000000002
decision_type=2 2 2 2 2 2 2 2 2 2
left_child=1 2 3 4 -1 -2 -7 9 -9 -5
right_child=5 -3 -4 7 -6 6 -8 8 -10 -11
leaf_value=0.11051937616135775 -0.018086713396314735 1.687023997481947 -0.011658927199027858 -0.0058675683516185018 0.0021828998373052857 -0.17500215632499022 0.0052563559670488758 -0.15930115582660848 0.02640523073013128 0.046527805726054798
leaf_weight=30.145640134811401 29.173200130462646 23.338560104370117 36.952720165252686 36.952720165252686 24.311000108718872 24.311000108718872 34.035400152206421 36.952720165252686 25.283440113067627 24.311000108718872
leaf_count=31 30 24 38 38 25 25 35 38 26 25
internal_value=-0.00134328 0.0022449 0.000226244 0.00355191 0.0142857 -0.0111111 -0.005 -0.0011811 -0.0078125 0.00555556
internal_weight=325.767 238.248 214.909 177.957 54.4566 87.5196 58.3464 123.5 62.2362 61.2637
internal_count=335 245 221 183 56 90 60 127 64 63
is_linear=0
shrinkage=0.05


Tree=586
num_leaves=11
num_cat=0
split_feature=15 27 18 22 15 30 29 30 14 24
split_gain=2.5923 2.8048 2.94309 3.09583 6.65977 3.16227 2.94124 4.94856 2.67609 3.92404
threshold=923.50125000000048 2985.0000000000005 0.99546485260771 0.050734318589089257 161.25000000000003 0.20992882067751598 0.023944345237044754 0.22620005483313388 2150.0000000000005 0.026109594580932104
decision_type=2 2 2 2 2 2 2 2 2 2
left_child=1 2 3 4 6 -6 7 8 9 -1
right_child=-2 -3 -4 -5 5 -7 -8 -9 -10 -11
leaf_value=-0.0099592695862156695 -0.03021147111676328 0.014966178681891052 0.34353744929594543 0.025968998476446362 -0.0055863578507114658 -0.36920640187859138 -0.010309868988076688 0.044201415439749786 -0.042072432097302229 0.091804227675845604
leaf_weight=32.090520143508911 24.311000108718872 27.228320121765137 35.007840156555176 43.75980019569397 36.952720165252686 28.200760126113892 28.200760126113892 34.035400152206421 24.311000108718872 30.145640134811401
leaf_count=33 25 28 36 45 38 29 29 35 25 31
internal_value=-0.00225989 -0.00106383 -0.00249169 -0.00433962 -0.00681818 -0.0201493 -0.000980392 0.00241935 -0.00393258 0.0015625
internal_weight=344.244 319.933 292.704 257.697 213.937 65.1535 148.783 120.583 86.5472 62.2362
internal_count=354 329 301 265 220 67 153 124 89 64
is_linear=0
shrinkage=0.05


Tree=587
num_leaves=12
num_cat=0
split_feature=17 16 14 18 14 24 22 30 30 30 17
split_gain=2.32569 3.98334 4.77041 3.32705 4.26338 4.28667 3.44306 2.37237 5.27896 3.76775 1.36257
threshold=258.75000000000006 4645.0000000000009 4021.2500000000005 0.14977166792642982 1183.7500000000002 0.032029478458049855 0.0026594270113644005 0.21603701970819641 0.23453342965851146 0.18804323262801417 33.750000000000007
decision_type=2 2 2 2 2 2 2 2 2 2 2
left_child=1 2 3 -1 5 6 -5 9 -9 10 -6
right_child=-2 -3 -4 4 7 -7 -8 8 -10 -11 -12
leaf_value=-0.02712932878787342 -0.071690631271349045 0.10128898502744051 -0.071192222611512077 -0.18578084484908006 -0.0078626770209439204 -0.017472332542126878 0.035384804415173221 0.23306085529510484 0.0036950882448763878 -0.14559701257057897 0.055996091742167665
leaf_weight=23.338560104370117 30.145640134811401 23.338560104370117 24.311000108718872 24.311000108718872 24.311000108718872 40.842480182647705 30.145640134811401 24.311000108718872 36.952720165252686 26.255880117416382 27.228320121765137
leaf_count=24 31 24 25 25 25 42 31 25 38 27 28
internal_value=-0.00449275 -0.00318471 -0.00482759 -0.00283019 -0.00103734 -0.00918367 0 0.00454545 0.0119048 -0.00125 0.00660377
internal_weight=335.492 305.346 282.008 257.697 234.358 95.2991 54.4566 139.059 61.2637 77.7952 51.5393
internal_count=345 314 290 265 241 98 56 143 63 80 53
is_linear=0
shrinkage=0.05


Tree=588
num_leaves=11
num_cat=0
split_feature=22 27 18 29 11 20 20 14 11 30
split_gain=5.74323 2.37909 2.87117 4.66785 3.24097 4.31799 2.80155 2.71798 1.66704 1.34845
threshold=0.050734318589089257 2985.0000000000005 0.8595049130763418 0.020468205329650803 1165.0000000000002 0.4337430153316853 0.4947551020408163 3111.2500000000005 1065.0000000000002 0.19924416135777032
decision_type=2 2 2 2 2 2 2 2 2 2
left_child=1 2 4 9 8 7 -7 -6 -1 -4
right_child=-2 -3 3 -5 5 6 -8 -9 -10 -11
leaf_value=-0.0039068862172939589 0.034083757045209495 0.0077062846348667337 0.0046898781995651012 0.13384224803751296 0.14990620231351387 -0.12426120000206993 -0.0081068445452729069 -0.0060988276237367248 -0.065923530749864775 -0.024993867212970144
leaf_weight=24.311000108718872 45.704680204391479 32.090520143508911 25.283440113067627 27.228320121765137 23.338560104370117 23.338560104370117 31.118080139160156 42.787360191345215 34.035400152206421 23.338560104370117
leaf_count=25 47 33 26 28 24 24 32 44 35 24
internal_value=-0.00263158 -0.00525424 -0.00687023 0.00128205 -0.0103261 -0.00564516 -0.0160714 0.00294118 -0.02 -0.008
internal_weight=332.574 286.87 254.779 75.8503 178.929 120.583 54.4566 66.1259 58.3464 48.622
internal_count=342 295 262 78 184 124 56 68 60 50
is_linear=0
shrinkage=0.05


Tree=589
num_leaves=10
num_cat=0
split_feature=27 6 16 29 27 27 27 16 17
split_gain=3.05851 3.20464 5.19544 3.05165 3.03332 2.94348 3.03582 3.21042 2.50994
threshold=2985.0000000000005 1.5000000000000002 4145.0000000000009 0.015641067965391553 360.00000000000006 1015.0000000000001 1155.0000000000002 1195.0000000000002 11.250000000000002
decision_type=2 2 2 2 2 2 2 2 2
left_child=1 2 3 8 -5 -6 -7 -8 -1
right_child=-2 -3 -4 4 5 6 7 -9 -10
leaf_value=-0.087626173868102342 0.010637892000522698 0.010694652277629758 -0.10522081975013862 -0.26804008620410968 0.1271501356356339 -0.018828549063186983 -0.016403371604155836 0.0043307419919756283 0.053501228536242708
leaf_weight=26.255880117416382 33.062960147857666 37.92516016960144 45.704680204391479 27.228320121765137 36.952720165252686 33.062960147857666 24.311000108718872 31.118080139160156 41.81492018699646
leaf_count=27 34 39 47 28 38 34 25 32 43
internal_value=-0.0056196 -0.0071885 -0.00912409 -0.00594714 -0.00987261 -0.00658915 -0.0115385 -0.00438596 0.00285714
internal_weight=337.437 304.374 266.449 220.744 152.673 125.445 88.492 55.4291 68.0708
internal_count=347 313 274 227 157 129 91 57 70
is_linear=0
shrinkage=0.05


Tree=590
num_leaves=10
num_cat=0
split_feature=14 14 28 25 30 18 14 16 20
split_gain=3.39657 4.10705 3.53418 4.88726 3.46623 2.96565 5.96801 2.94184 2.20437
threshold=1118.7500000000002 1141.2500000000002 2.5000000000000004 2050.0000000000005 0.24233497676656207 0.5204837490551778 2613.7500000000005 2725.0000000000005 0.39985085059664899
decision_type=2 2 2 2 2 2 2 2 2
left_child=-1 -2 3 4 5 6 8 -4 -3
right_child=1 2 7 -5 -6 -7 -8 -9 -10
leaf_value=-0.022924005272113846 0.02488528681276421 -0.015544865603169457 0.054146778244239614 0.01010599740050111 -0.024024455896778818 0.034024908713126932 -0.049701739892088884 1.5940709779664759 0.20119977008166645
leaf_weight=45.704680204391479 28.200760126113892 24.311000108718872 38.897600173950195 39.87004017829895 24.311000108718872 35.980280160903931 38.897600173950195 27.228320121765137 27.228320121765137
leaf_count=47 29 25 40 41 25 37 40 28 28
internal_value=-0.00117647 0.000853242 -0.00113636 -0.00459184 -0.00870968 -0.00538462 -0.0102151 0.00882353 0.000943396
internal_weight=330.63 284.925 256.724 190.598 150.728 126.417 90.4369 66.1259 51.5393
internal_count=340 293 264 196 155 130 93 68 53
is_linear=0
shrinkage=0.05


Tree=591
num_leaves=11
num_cat=0
split_feature=22 29 15 29 22 11 27 29 27 27
split_gain=3.9246 4.69751 6.86031 5.64482 3.46038 2.85239 2.44733 2.37685 1.78818 4.25462
threshold=0.060302239307237958 0.018539720596605302 41.250000000000007 0.017635136160266001 0.033145205455080907 2165.0000000000005 1055.0000000000002 0.016022851403207004 1315.0000000000002 75.000000000000014
decision_type=2 2 2 2 2 2 2 2 2 2
left_child=1 3 -3 4 7 -4 -7 8 9 -1
right_child=-2 2 5 -5 -6 6 -8 -9 -10 -11
leaf_value=0.14756944417140402 0.031281712948430143 0.038667510365803542 -0.0038776851798957069 0.28857000953958051 0.0065289216750215933 -0.097474691768024979 -0.047967088082396005 -0.1756662050064165 0.010234973169190198 -0.084946110610349027
leaf_weight=26.255880117416382 34.035400152206421 44.732240200042725 43.75980019569397 27.228320121765137 26.255880117416382 25.283440113067627 26.255880117416382 26.255880117416382 35.007840156555176 28.200760126113892
leaf_count=27 35 46 45 28 27 26 27 27 36 29
internal_value=-0.00325779 -0.00503145 -0.0118056 0.000574713 -0.00342466 -0.0193878 -0.0273585 -0.00714286 -0.00326087 -0.00892857
internal_weight=343.271 309.236 140.031 169.205 141.976 95.2991 51.5393 115.72 89.4645 54.4566
internal_count=353 318 144 174 146 98 53 119 92 56
is_linear=0
shrinkage=0.05


Tree=592
num_leaves=12
num_cat=0
split_feature=27 27 29 22 15 25 16 28 15 24 20
split_gain=3.19372 2.64014 3.9501 3.45863 3.60685 2.52808 4.51598 2.63562 3.30889 2.94775 3.93447
threshold=1085.0000000000002 2565.0000000000005 0.016096101144398352 0.0066859757819143009 191.25000000000003 495.00000000000006 2675.0000000000005 3.5000000000000004 22.500000000000117 0.024319727891156401 0.32246789326059061
decision_type=2 2 2 2 2 2 2 2 2 2 2
left_child=5 3 -3 -2 -5 7 -7 8 -1 -10 -11
right_child=1 2 -4 4 -6 6 -8 -9 9 10 -12
leaf_value=0.10673211393915381 0.042346263616752824 0.0069283538089166541 -0.067130254005496687 -0.0091130727897507317 0.01329936261383864 0.049875353684615223 -0.069800650020306429 0.92817007035637289 -0.074382133283415905 0.0087156607415636248 -1.566884688430946
leaf_weight=34.035400152206421 23.338560104370117 25.283440113067627 23.338560104370117 33.062960147857666 28.200760126113892 29.173200130462646 36.952720165252686 23.338560104370117 24.311000108718872 24.311000108718872 32.090520143508911
leaf_count=35 24 26 24 34 29 30 38 24 25 25 33
internal_value=-0.00273775 0.00328467 -0.006 0.00862069 0.00238095 -0.00666667 -0.0147059 -0.0028169 -0.0059322 -0.0114458 -0.00517241
internal_weight=337.437 133.224 48.622 84.6023 61.2637 204.212 66.1259 138.086 114.748 80.7125 56.4015
internal_count=347 137 50 87 63 210 68 142 118 83 58
is_linear=0
shrinkage=0.05


Tree=593
num_leaves=11
num_cat=0
split_feature=27 30 22 14 24 22 16 25 17 18
split_gain=5.47906 3.83359 4.23114 3.57225 5.43762 7.31766 3.28443 6.71879 1.98828 1.48658
threshold=1055.0000000000002 0.20633410888171777 0.01184733038316235 4578.7500000000009 0.021134949706378203 0.016031140216684153 1165.0000000000002 495.00000000000006 63.750000000000007 0.24912187097061048
decision_type=2 2 2 2 2 2 2 2 2 2
left_child=1 2 -1 4 -2 -6 -3 -8 -7 -10
right_child=3 6 -4 -5 5 8 7 -9 9 -11
leaf_value=-0.086035410776776192 0.10528796898213387 -0.13809810152732779 0.066360591465445401 -0.073767189533509733 -0.1350837197611213 0.0034796655269929036 0.21788518934847617 -0.079749095759166277 0.0055375074605763077 0.021620453130913122
leaf_weight=35.980280160903931 24.311000108718872 24.311000108718872 44.732240200042725 23.338560104370117 23.338560104370117 25.283440113067627 42.787360191345215 37.92516016960144 23.338560104370117 24.311000108718872
leaf_count=37 25 25 46 24 24 26 44 39 24 25
internal_value=-0.0019174 -0.00759162 0.00060241 0.00540541 0.00887097 0.00353535 -0.0138889 -0.00903614 0.0113333 0.0173469
internal_weight=329.657 185.736 80.7125 143.921 120.583 96.2716 105.024 80.7125 72.933 47.6496
internal_count=339 191 83 148 124 99 108 83 75 49
is_linear=0
shrinkage=0.05


Tree=594
num_leaves=11
num_cat=0
split_feature=27 29 12 14 14 27 17 30 18 30
split_gain=5.33638 4.18475 4.64934 4.50188 6.24945 4.09488 3.22732 2.75167 1.69318 1.4767
threshold=1190.0000000000002 0.012264557928468102 3695.0000000000005 2475.0000000000005 1138.7500000000002 2525.0000000000005 8.7500000000000018 0.21411274921701925 0.26378652332664076 0.23135885341074022
decision_type=2 2 2 2 2 2 2 2 2 2
left_child=1 -1 3 4 -3 9 -6 -7 -5 -2
right_child=5 2 -4 8 6 7 -8 -9 -10 -11
leaf_value=0.10102762188773795 0.026609171558970957 -0.34589367745431904 0.039705546132518067 -0.057192407357206321 -0.022761687272418386 0.0055009134619467661 0.26890265414338049 -0.042489096351027912 -0.12957268417010256 0.021222858553710467
leaf_weight=27.228320121765137 29.173200130462646 40.842480182647705 24.311000108718872 24.311000108718872 29.173200130462646 36.952720165252686 24.311000108718872 23.338560104370117 35.980280160903931 27.228320121765137
leaf_count=28 30 42 25 25 30 38 25 24 37 28
internal_value=-0.00271084 -0.00754717 -0.0103261 -0.013522 -0.00670103 0.00583333 0.00454545 -0.00322581 -0.0241935 0.0155172
internal_weight=322.85 206.157 178.929 154.618 94.3267 116.693 53.4842 60.2913 60.2913 56.4015
internal_count=332 212 184 159 97 120 55 62 62 58
is_linear=0
shrinkage=0.05


Tree=595
num_leaves=12
num_cat=0
split_feature=25 29 25 11 19 24 29 30 22 16 11
split_gain=4.71017 4.6847 4.53779 6.03654 3.09565 2.60363 1.69036 4.67243 2.91196 3.07942 1.59501
threshold=1055.0000000000002 0.016044002109643307 495.00000000000006 2175.0000000000005 0.50860999670523488 0.37630623344909059 0.023944345237044754 0.21284189474047968 0.010574353013517652 1155.0000000000002 3685.0000000000005
decision_type=2 2 2 2 2 2 2 2 2 2 2
left_child=2 -2 4 -4 5 6 7 8 9 -1 -3
right_child=1 10 3 -5 -6 -7 -8 -9 -10 -11 -12
leaf_value=-0.02425326959537415 0.0091617059341842829 0.014481973927649961 0.0039421550747647414 -0.072902020603351048 0.51733266775033826 -0.055588448933474414 -0.027429663214297764 0.022395312058586116 0.013955847108366016 -0.22598954905275834 -0.070353875729961143
leaf_weight=24.311000108718872 24.311000108718872 34.035400152206421 23.338560104370117 30.145640134811401 24.311000108718872 28.200760126113892 29.173200130462646 44.732240200042725 34.035400152206421 25.283440113067627 26.255880117416382
leaf_count=25 25 35 24 31 25 29 30 46 35 26 27
internal_value=-0.0027933 0.00747126 -0.00608856 -0.0190909 -0.00277778 -0.00497382 -0.00246914 0 -0.00697674 -0.0147059 0
internal_weight=348.134 84.6023 263.531 53.4842 210.047 185.736 157.535 128.362 83.6298 49.5944 60.2913
internal_count=358 87 271 55 216 191 162 132 86 51 62
is_linear=0
shrinkage=0.05


Tree=596
num_leaves=12
num_cat=0
split_feature=29 15 25 24 11 15 19 29 16 11 14
split_gain=2.76683 5.12331 3.14361 4.12302 2.93651 2.37521 1.91964 1.81492 2.57901 0.72933 0.324147
threshold=0.016949696914734105 378.75000000000006 495.00000000000006 0.47673383818936382 1135.0000000000002 86.250000000000014 0.61077271044472226 0.022603875444738405 1195.0000000000002 2165.0000000000005 1133.7500000000002
decision_type=2 2 2 2 2 2 2 2 2 2 2
left_child=1 4 7 -4 10 -6 -5 8 -2 -10 -1
right_child=2 -3 3 6 5 -7 -8 -9 9 -11 -12
leaf_value=0.026269144030675307 -0.045768925646041229 0.047813033868692401 -0.054443233224492363 0.0053034085295394114 -0.58176431202427925 0.0034720882128794987 -0.079717446412860229 0.035969241201439676 0.014233106745757597 -0.0071131229076172534 0.016457318929064969
leaf_weight=23.338560104370117 24.311000108718872 23.338560104370117 35.980280160903931 28.200760126113892 23.338560104370117 33.062960147857666 24.311000108718872 39.87004017829895 23.338560104370117 23.338560104370117 23.338560104370117
leaf_count=24 25 24 37 29 24 34 25 41 24 24 24
internal_value=-0.0019403 0.00384615 -0.00560976 -0.0126374 -0.000943396 -0.00862069 -0.0037037 0 -0.00479452 0.00208333 0.00833333
internal_weight=325.767 126.417 199.35 88.492 103.079 56.4015 52.5118 110.858 70.9881 46.6771 46.6771
internal_count=335 130 205 91 106 58 54 114 73 48 48
is_linear=0
shrinkage=0.05


Tree=597
num_leaves=11
num_cat=0
split_feature=15 26 26 14 25 17 24 11 24 15
split_gain=3.8727 2.62223 4.09214 3.8681 2.7052 2.88042 2.83874 1.86485 3.25135 1.8025
threshold=371.25000000000006 2565.0000000000005 1055.0000000000002 1141.2500000000002 995.00000000000011 96.250000000000014 0.25174399770982597 1085.0000000000002 0.016974408811143451 423.75000000000006
decision_type=2 2 2 2 2 2 2 2 2 2
left_child=1 2 4 -4 6 -6 7 -1 -9 -2
right_child=9 -3 3 -5 5 -7 -8 8 -10 -11
leaf_value=-0.64432471990122631 0.013492704804798451 -0.023820255582927531 0.041209229756168503 -0.0067574667622466228 0.04909136637304528 -0.014730549981209151 -0.087961925376475847 -0.034867312975575264 0.096911177042488819 0.0064672089822579437
leaf_weight=31.118080139160156 23.338560104370117 25.283440113067627 23.338560104370117 34.035400152206421 23.338560104370117 25.283440113067627 32.090520143508911 35.007840156555176 30.145640134811401 41.81492018699646
leaf_count=32 24 26 24 35 24 26 33 36 31 43
internal_value=-0.0011976 -0.00393258 -0.00228216 0.00932203 -0.00604396 0.004 -0.00984848 -0.00555556 -0.000746269 0.00970149
internal_weight=324.795 259.641 234.358 57.374 176.984 48.622 128.362 96.2716 65.1535 65.1535
internal_count=334 267 241 59 182 50 132 99 67 67
is_linear=0
shrinkage=0.05


Tree=598
num_leaves=12
num_cat=0
split_feature=22 22 22 22 14 11 30 24 30 30 24
split_gain=2.90255 4.65167 4.34463 2.78808 2.38592 3.69055 3.35393 3.44399 2.72519 2.20232 0.911448
threshold=0.060302239307237958 0.047258354001590355 0.033724508213992706 0.025769251257727502 1118.7500000000002 1095.0000000000002 0.23676646859869618 0.074428382464096707 0.18299584433447588 0.21976920769358083 0.0037320483749055003
decision_type=2 2 2 2 2 2 2 2 2 2 2
left_child=1 2 3 4 10 -6 7 8 -7 -4 -1
right_child=-2 -3 9 -5 5 6 -8 -9 -10 -11 -12
leaf_value=-0.74352836665773347 0.028783461759348941 -0.070092666569826184 0.020135066888815348 -0.01749389196413631 0.018968285519599705 -0.42547536539136677 -0.050852778226226296 0.046636798054396425 0.039148768268364623 0.00098329082445616236 -0.0019303327358557
leaf_weight=24.311000108718872 34.035400152206421 25.283440113067627 25.283440113067627 30.145640134811401 32.090520143508911 29.173200130462646 27.228320121765137 41.81492018699646 24.311000108718872 24.311000108718872 23.338560104370117
leaf_count=25 35 26 26 31 33 30 28 43 25 25 24
internal_value=-0.000997151 -0.00253165 -0.000689655 -0.00355649 -0.00144231 0.00157233 -0.00238095 0.00204082 -0.00636364 0.0127451 -0.0112245
internal_weight=341.326 307.291 282.008 232.413 202.268 154.618 122.527 95.2991 53.4842 49.5944 47.6496
internal_count=351 316 290 239 208 159 126 98 55 51 49
is_linear=0
shrinkage=0.05


Tree=599
num_leaves=10
num_cat=0
split_feature=27 25 14 11 14 24 26 14 29
split_gain=2.19698 2.9436 5.15688 5.60757 5.74898 2.83869 4.80429 4.80149 2.97274
threshold=995.00000000000011 495.00000000000006 3123.7500000000005 1960.0000000000002 1146.2500000000002 0.032029478458049855 1065.0000000000002 1141.2500000000002 0.018539720596605302
decision_type=2 2 2 2 2 2 2 2 2
left_child=1 2 3 4 -1 7 8 -2 -7
right_child=5 -3 -4 -5 -6 6 -8 -9 -10
leaf_value=-0.5132651736542585 0.050744906114675817 -0.06161936040232377 3.1648415582807958 -0.21813448938594321 0.88969314707873082 0.032653506830683909 -0.0091205764054620893 -0.016220692062927356 -9.6351024012619746e-05
leaf_weight=33.062960147857666 27.228320121765137 35.007840156555176 23.338560104370117 24.311000108718872 28.200760126113892 45.704680204391479 44.732240200042725 24.311000108718872 44.732240200042725
leaf_count=34 28 36 24 25 29 47 46 25 46
internal_value=0.000588235 -0.00405405 0 -0.00568182 0.00238095 0.00416667 0.000359712 0.0141509 0.00698925
internal_weight=330.63 143.921 108.913 85.5747 61.2637 186.708 135.169 51.5393 90.4369
internal_count=340 148 112 88 63 192 139 53 93
is_linear=0
shrinkage=0.05


Tree=600
num_leaves=12
num_cat=0
split_feature=30 22 30 11 24 22 15 14 29 11 18
split_gain=2.90614 4.09959 3.42174 2.76606 3.63721 4.50101 6.02218 4.57773 3.13791 2.13237 1.24472
threshold=0.19001589482821918 0.060302239307237958 0.17175485594293302 1055.0000000000002 0.021134949706378203 0.016723693225946901 116.25000000000001 3713.7500000000005 0.020893244827974101 1135.0000000000002 0.39365428711167011
decision_type=2 2 2 2 2 2 2 2 2 2 2
left_child=2 3 9 -2 8 -6 -7 -8 -5 -1 -11
right_child=1 -3 -4 4 5 6 7 -9 -10 10 -12
leaf_value=0.042336131021875195 0.0073052435060958487 0.016380027646846429 0.042672282810144679 -0.016231653745808216 -0.30320837857952943 0.12050234614564488 -0.40686345080332559 -0.0045089477116107444 0.017212998261049963 -0.025149136701566023 0.020511689262457368
leaf_weight=32.090520143508911 33.062960147857666 33.062960147857666 24.311000108718872 27.228320121765137 31.118080139160156 23.338560104370117 24.311000108718872 30.145640134811401 24.311000108718872 24.311000108718872 24.311000108718872
leaf_count=33 34 34 25 28 32 24 25 31 25 25 25
internal_value=-0.00131965 -0.00450644 0.00555556 -0.00728643 -0.01 -0.0151786 -0.00875 -0.0178571 0.000943396 0.00060241 -0.006
internal_weight=331.602 226.579 105.024 193.516 160.453 108.913 77.7952 54.4566 51.5393 80.7125 48.622
internal_count=341 233 108 199 165 112 80 56 53 83 50
is_linear=0
shrinkage=0.05


Tree=601
num_leaves=11
num_cat=0
split_feature=27 25 25 27 11 30 15 15 24 11
split_gain=4.75872 3.90158 5.24787 3.05994 3.06203 2.59269 2.69291 1.30741 4.58641 3.29312
threshold=1005.0000000000001 495.00000000000006 85.000000000000014 2565.0000000000005 1115.0000000000002 0.15539210388166627 33.750000000000007 71.250000000000014 0.38586061205108829 3055.0000000000005
decision_type=2 2 2 2 2 2 2 2 2 2
left_child=1 2 5 7 -5 -1 -7 -2 -9 -10
right_child=3 -3 -4 4 -6 6 -8 8 9 -11
leaf_value=0.082868522312855936 0.016352348347993484 -0.04548822178971932 4.1207050559912206 0.0058060408662868219 -0.0056152054312406108 -0.0019690390510504587 -0.48796717714685656 -0.015914321726927482 0.029627389021993623 0.0032243524033901852
leaf_weight=29.173200130462646 42.787360191345215 39.87004017829895 24.311000108718872 23.338560104370117 31.118080139160156 25.283440113067627 25.283440113067627 40.842480182647705 23.338560104370117 27.228320121765137
leaf_count=30 44 41 25 24 32 26 26 42 24 28
internal_value=-0.000584795 -0.00743243 -0.00233645 0.00463918 -0.00535714 -0.00853659 -0.0153846 0.00869565 0.00531915 0.0153846
internal_weight=332.574 143.921 104.051 188.653 54.4566 79.7401 50.5669 134.197 91.4094 50.5669
internal_count=342 148 107 194 56 82 52 138 94 52
is_linear=0
shrinkage=0.05


Tree=602
num_leaves=12
num_cat=0
split_feature=15 30 20 24 15 22 18 11 20 29 22
split_gain=3.92692 2.89082 3.89381 2.18863 2.59987 2.3328 1.54875 2.82893 3.55353 2.46552 2.2955
threshold=923.50125000000048 0.22826267681060722 0.48676587301587299 0.0037320483749055003 93.750000000000014 0.050734318589089257 0.97074829931972795 3205.0000000000005 0.37736556527372855 0.017379973997757755 0.010574353013517652
decision_type=2 2 2 2 2 2 2 2 2 2 2
left_child=1 2 6 -3 -5 -6 7 8 9 10 -1
right_child=-2 3 -4 4 5 -7 -8 -9 -10 -11 -12
leaf_value=-0.70954475784919857 -0.15171973811952741 -0.014011510063983225 -0.050516920251311603 0.093419781547504507 -0.015474591286488249 0.026368887220064609 0.6959041536965288 -0.070121819544488068 0.045620913120183106 0.0092352254103616367 0.025791430268213844
leaf_weight=28.200760126113892 25.283440113067627 24.311000108718872 31.118080139160156 44.732240200042725 25.283440113067627 24.311000108718872 23.338560104370117 28.200760126113892 27.228320121765137 24.311000108718872 24.311000108718872
leaf_count=29 26 25 32 46 26 25 24 29 28 25 25
internal_value=-0.000294118 0.00127389 -0.00260417 0.00737705 0.0108247 0.00294118 0.000625 -0.00147059 0.00233645 -0.00316456 -0.00925926
internal_weight=330.63 305.346 186.708 118.638 94.3267 49.5944 155.59 132.252 104.051 76.8228 52.5118
internal_count=340 314 192 122 97 51 160 136 107 79 54
is_linear=0
shrinkage=0.05


Tree=603
num_leaves=11
num_cat=0
split_feature=27 30 14 14 29 27 29 14 24 20
split_gain=3.87881 6.07989 4.38361 8.7834 3.56086 4.16279 3.51931 1.63106 2.70772 0.324147
threshold=1005.0000000000001 0.13709739678226227 2523.7500000000005 3620.0000000000005 0.013908753294164551 2565.0000000000005 0.018130796180023102 3128.7500000000005 0.18303389731961159 0.26193514157799863
decision_type=2 2 2 2 2 2 2 2 2 2
left_child=1 -1 6 -4 -2 7 -3 8 -6 -8
right_child=4 2 3 -5 5 -7 9 -9 -10 -11
leaf_value=0.38742936477727885 0.091764251432277899 -0.063292800640488173 -0.50104833442528618 0.010677455378322522 0.007273936146623328 -0.01549482631828596 0.088791257864886577 0.0057072769208161844 0.018308508345717203 0.052267536962153832
leaf_weight=27.228320121765137 26.255880117416382 27.228320121765137 30.145640134811401 28.200760126113892 41.81492018699646 42.787360191345215 23.338560104370117 39.87004017829895 28.200760126113892 23.338560104370117
leaf_count=28 27 28 31 29 43 44 24 41 29 24
internal_value=0.00201149 -0.00365854 -0.00808824 -0.0183333 0.00706522 0.00414013 0 0.00929204 0.0138889 0.00833333
internal_weight=338.409 159.48 132.252 58.3464 178.929 152.673 73.9054 109.886 70.0157 46.6771
internal_count=348 164 136 60 184 157 76 113 72 48
is_linear=0
shrinkage=0.05


Tree=604
num_leaves=11
num_cat=0
split_feature=20 29 11 28 16 27 11 22 11 22
split_gain=3.97617 3.1757 3.42247 3.16089 4.69098 7.39566 2.94861 3.13097 1.86845 0.963501
threshold=0.48676587301587299 0.014809731492041503 2740.0000000000005 3.5000000000000004 2655.0000000000005 1035.0000000000002 1125.0000000000002 0.0054574715339915014 3685.0000000000005 0.036409504878805406
decision_type=2 2 2 2 2 2 2 2 2 2
left_child=1 2 -1 4 6 -6 7 -3 -7 -2
right_child=9 3 -4 -5 5 8 -8 -9 -10 -11
leaf_value=-0.17384794426723149 -0.080739641414584187 0.04519583826811413 0.034465126528357364 0.47446821960609215 -0.29181010998695456 0.013796000437287148 0.084351694971633154 -0.014708572883591842 -0.031525379119193529 -0.047854845540223324
leaf_weight=39.87004017829895 25.283440113067627 30.145640134811401 27.228320121765137 30.145640134811401 23.338560104370117 31.118080139160156 24.311000108718872 37.92516016960144 24.311000108718872 26.255880117416382
leaf_count=41 26 31 28 31 24 32 25 39 25 27
internal_value=0.000455927 0.00289855 -0.00652174 0.00603865 0.00340909 -0.00555556 0.0110526 0.00571429 0.00438596 -0.0122642
internal_weight=319.933 268.393 67.0984 201.295 171.149 78.7676 92.3818 68.0708 55.4291 51.5393
internal_count=329 276 69 207 176 81 95 70 57 53
is_linear=0
shrinkage=0.05


Tree=605
num_leaves=10
num_cat=0
split_feature=20 23 19 29 26 25 27 16 23
split_gain=3.7831 3.95233 4.15402 3.17862 2.00466 2.81123 2.65651 2.89593 4.86355
threshold=0.41742793967941572 0.22396532309068753 0.57825976661593115 0.018947301119663803 1620.0000000000002 935.00000000000011 130.00000000000003 2165.0000000000005 0.83279343483425128
decision_type=2 2 2 2 2 2 2 2 2
left_child=4 2 -2 -3 5 6 -1 8 -8
right_child=1 3 -4 -5 -6 -7 7 -9 -10
leaf_value=0.1427586185964401 0.014604131212786343 -0.0035291804999587843 -0.024613039510109049 -0.39775194449002815 0.01709595269462625 0.024075278991153939 0.017430178917425109 -0.05659801529570814 -0.014329129885322801
leaf_weight=40.842480182647705 24.311000108718872 23.338560104370117 43.75980019569397 24.311000108718872 43.75980019569397 42.787360191345215 24.311000108718872 33.062960147857666 35.007840156555176
leaf_count=42 25 24 45 25 45 44 25 34 36
internal_value=0.00101449 -0.00630252 0.00142857 -0.0173469 0.00486726 0.00248619 -0.00109489 -0.00578947 0.000819672
internal_weight=335.492 115.72 68.0708 47.6496 219.771 176.012 133.224 92.3818 59.3188
internal_count=345 119 70 49 226 181 137 95 61
is_linear=0
shrinkage=0.05


Tree=606
num_leaves=11
num_cat=0
split_feature=20 11 18 20 24 24 26 27 29 30
split_gain=4.16228 3.37896 3.0228 3.83933 1.85166 4.4356 3.52576 4.93044 3.71615 3.47815
threshold=0.48676587301587299 2235.0000000000005 0.24257639563762012 0.42155771372876644 0.19343663391282437 0.10708063115767767 1205.0000000000002 190.00000000000003 0.018230173753597752 0.19378030139270608
decision_type=2 2 2 2 2 2 2 2 2 2
left_child=2 -2 -1 4 5 6 7 -4 -9 -6
right_child=1 -3 3 -5 9 -7 -8 8 -10 -11
leaf_value=0.027997484020897901 -0.10531842556429183 0.0015528484255128206 0.27228764330561717 -0.032671498612330652 -0.00068110786014585756 -0.026881979520726421 0.042081248719966879 0.02465542366967384 -0.073850111879323777 0.026454803226783952
leaf_weight=31.118080139160156 31.118080139160156 30.145640134811401 36.952720165252686 30.145640134811401 26.255880117416382 24.311000108718872 32.090520143508911 33.062960147857666 40.842480182647705 35.007840156555176
leaf_count=32 32 31 38 31 27 25 33 34 42 36
internal_value=0.00152355 -0.0103175 0.00402685 0.00225564 0.00446809 0.00174419 0.00510204 0.000877193 -0.00657895 0.0119048
internal_weight=351.051 61.2637 289.787 258.669 228.523 167.26 142.949 110.858 73.9054 61.2637
internal_count=361 63 298 266 235 172 147 114 76 63
is_linear=0
shrinkage=0.05


Tree=607
num_leaves=12
num_cat=0
split_feature=27 27 11 27 28 15 14 24 29 30 18
split_gain=3.01525 4.49377 4.11922 2.46676 4.06673 3.94001 2.55729 2.24854 1.94383 1.93954 1.14052
threshold=440.00000000000006 2565.0000000000005 2295.0000000000005 1035.0000000000002 3.5000000000000004 71.250000000000014 3822.5000000000005 0.20672713529856382 0.016949696914734105 0.21976920769358083 0.60887503149407929
decision_type=2 2 2 2 2 2 2 2 2 2 2
left_child=2 3 7 4 10 -5 9 -1 -3 -7 -2
right_child=1 8 -4 5 -6 6 -8 -9 -10 -11 -12
leaf_value=-0.067382496696200181 -0.00057369934918369834 -0.00064705246713856477 0.45088514365227184 0.042952775998799098 0.13662599073782075 -0.0221501445444801 0.021548774880261592 -0.6973533280375932 -0.061527726691656431 0.025053127545197642 -0.068868844224243733
leaf_weight=39.87004017829895 28.200760126113892 30.145640134811401 24.311000108718872 35.007840156555176 23.338560104370117 23.338560104370117 29.173200130462646 30.145640134811401 23.338560104370117 27.228320121765137 23.338560104370117
leaf_count=41 29 31 25 36 24 24 30 31 24 28 24
internal_value=-0.000144092 0.0028 -0.00773196 0.00641026 -0.000649351 0.0110169 0.00487805 -0.0138889 -0.01 -0.00192308 -0.00849057
internal_weight=337.437 243.11 94.3267 189.626 74.8779 114.748 79.7401 70.0157 53.4842 50.5669 51.5393
internal_count=347 250 97 195 77 118 82 72 55 52 53
is_linear=0
shrinkage=0.05


Tree=608
num_leaves=10
num_cat=0
split_feature=29 15 16 29 30 29 29 22 16
split_gain=2.50719 5.35633 3.51637 3.50078 3.32281 2.0691 3.90056 1.95485 1.78627
threshold=0.018230173753597752 176.25000000000003 2050.0000000000005 0.013506384170542103 0.22424336118477126 0.023944345237044754 0.020893244827974101 0.050734318589089257 4185.0000000000009
decision_type=2 2 2 2 2 2 2 2 2
left_child=1 2 3 -1 -2 6 -6 -7 -3
right_child=4 8 -4 -5 5 7 -8 -9 -10
leaf_value=-0.40324996706583538 -0.011729012265345774 0.19701236942776179 0.048440329049003597 0.01602592212577747 -0.0017717766708869932 -0.030353117286131239 0.043069479199243692 0.020471336136256471 0.010259045206066731
leaf_weight=23.338560104370117 40.842480182647705 25.283440113067627 32.090520143508911 35.007840156555176 38.897600173950195 37.92516016960144 31.118080139160156 25.283440113067627 28.200760126113892
leaf_count=24 42 26 33 36 40 39 32 26 29
internal_value=-0.000152905 0.00472973 -0.00268817 -0.01 -0.00418994 -0.000364964 0.00555556 -0.00692308 0.0172727
internal_weight=317.988 143.921 90.4369 58.3464 174.067 133.224 70.0157 63.2086 53.4842
internal_count=327 148 93 60 179 137 72 65 55
is_linear=0
shrinkage=0.05


Tree=609
num_leaves=12
num_cat=0
split_feature=20 25 11 29 30 14 15 30 14 26 15
split_gain=2.63305 2.28611 4.18017 3.05813 2.6472 5.18635 4.74713 2.67894 1.82761 1.29709 0.736127
threshold=0.48676587301587299 1940.0000000000002 3695.0000000000005 0.015984265375215453 0.22278277737562743 1291.2500000000002 48.750000000000007 0.24994796080705359 1631.2500000000002 745.00000000000011 217.49999999999991
decision_type=2 2 2 2 2 2 2 2 2 2 2
left_child=1 2 3 8 5 -5 -6 -8 9 -1 -2
right_child=10 -3 -4 4 6 -7 7 -9 -10 -11 -12
leaf_value=0.37952960384477596 -0.036139715794547556 -0.042807408345333899 0.65837292498426914 0.015224626019494281 -0.016875993784310594 -0.03042278810098651 0.035761842115232416 0.0085777626414937913 0.088312273049837131 -0.0038004373001967909 -0.0075095674926160434
leaf_weight=23.338560104370117 23.338560104370117 34.035400152206421 25.283440113067627 23.338560104370117 39.87004017829895 23.338560104370117 28.200760126113892 25.283440113067627 26.255880117416382 25.283440113067627 30.145640134811401
leaf_count=24 24 35 26 24 41 24 29 26 27 26 31
internal_value=0.000148368 0.00212766 0.00384615 0.00158371 -0.00277778 -0.0125 0.00208333 0.0118182 0.00974026 0.004 -0.01
internal_weight=327.712 274.228 240.193 214.909 140.031 46.6771 93.3542 53.4842 74.8779 48.622 53.4842
internal_count=337 282 247 221 144 48 96 55 77 50 55
is_linear=0
shrinkage=0.05


Tree=610
num_leaves=9
num_cat=0
split_feature=12 14 29 14 14 26 15 24
split_gain=2.35694 6.43345 2.43706 5.71676 6.99907 2.77822 4.80143 2.02764
threshold=1095.0000000000002 1435.0000000000002 0.018539720596605302 2475.0000000000005 3698.7500000000005 230.00000000000003 341.25000000000006 0.032029478458049855
decision_type=2 2 2 2 2 2 2 2
left_child=7 -2 5 -4 -5 6 -3 -1
right_child=1 2 3 4 -6 -7 -8 -9
leaf_value=0.043145753914075158 -0.08006278500317876 -0.23563319049937947 0.38327951580981789 -0.094401366740180501 0.023461244760687807 0.049622834942260857 0.035628482959282337 -0.0016016118778225065
leaf_weight=45.704680204391479 33.062960147857666 41.81492018699646 25.283440113067627 40.842480182647705 35.980280160903931 23.338560104370117 37.92516016960144 45.704680204391479
leaf_count=47 34 43 26 42 37 24 39 47
internal_value=-0.000442478 -0.00306122 0.000236967 -0.0052381 -0.0120253 0.00566038 0.00121951 0.00638298
internal_weight=329.657 238.248 205.185 102.106 76.8228 103.079 79.7401 91.4094
internal_count=339 245 211 105 79 106 82 94
is_linear=0
shrinkage=0.05


Tree=611
num_leaves=11
num_cat=0
split_feature=30 16 27 30 25 18 29 29 27 30
split_gain=2.70669 1.89411 3.1798 3.00861 4.23689 2.49501 2.08959 1.98194 1.94294 1.57353
threshold=0.27143099774573082 1135.0000000000002 230.00000000000003 0.20786631002851833 495.00000000000006 0.24257639563762012 0.019625800787450905 0.013291492569138601 1085.0000000000002 0.20730058424443779
decision_type=2 2 2 2 2 2 2 2 2 2
left_child=1 -1 9 7 6 -6 -5 -4 -9 -3
right_child=-2 2 3 4 5 -7 -8 8 -10 -11
leaf_value=-0.017590859686663407 -0.025986049041375737 -0.076059645753025512 0.036751080343469765 0.048496652900018949 0.025915480756384571 -0.030074710933968164 0.044633495761308956 0.012965860497729409 -0.011823712359171169 -0.089681298403161247
leaf_weight=35.007840156555176 31.118080139160156 32.090520143508911 28.200760126113892 23.338560104370117 30.145640134811401 35.007840156555176 31.118080139160156 25.283440113067627 42.787360191345215 27.228320121765137
leaf_count=36 32 33 29 24 31 36 32 26 44 28
internal_value=-0.00156695 -0.00015674 0.00123675 0.00405405 0.00934959 0.000746269 0.0196429 -0.00252525 -0.00714286 -0.00901639
internal_weight=341.326 310.208 275.201 215.882 119.61 65.1535 54.4566 96.2716 68.0708 59.3188
internal_count=351 319 283 222 123 67 56 99 70 61
is_linear=0
shrinkage=0.05


Tree=612
num_leaves=11
num_cat=0
split_feature=29 15 11 14 20 22 14 18 14 29
split_gain=2.93879 2.75645 1.98944 4.67183 2.19921 3.29882 2.43222 4.39349 1.81522 0.476297
threshold=0.013908753294164551 776.25000000000011 3645.0000000000005 2683.7500000000005 0.48676587301587299 0.0020198899872448505 1291.2500000000002 0.8595049130763418 1585.0000000000002 0.020532980868485703
decision_type=2 2 2 2 2 2 2 2 2 2
left_child=8 2 3 4 5 -2 7 9 -1 -7
right_child=1 -3 -4 -5 -6 6 -8 -9 -10 -11
leaf_value=0.073266525024428125 -0.016711316702333081 -0.030036360123176564 0.026763214900324784 -0.026849488756761276 -0.036154094714220264 -0.02124123219887224 0.027392929545021618 0.038756791430307663 0.02525568571702479 6.6241481408724209e-05
leaf_weight=27.228320121765137 25.283440113067627 31.118080139160156 45.704680204391479 38.897600173950195 25.283440113067627 24.311000108718872 27.228320121765137 26.255880117416382 40.842480182647705 23.338560104370117
leaf_count=28 26 32 47 40 26 25 28 27 42 24
internal_value=0.000724638 -0.00163636 0.000205761 -0.00204082 0.00192308 0.00461538 0.00865385 0.00394737 0.01 -0.00510204
internal_weight=335.492 267.421 236.303 190.598 151.701 126.417 101.134 73.9054 68.0708 47.6496
internal_count=345 275 243 196 156 130 104 76 70 49
is_linear=0
shrinkage=0.05


Tree=613
num_leaves=12
num_cat=0
split_feature=17 27 27 27 30 25 12 24 29 17 17
split_gain=3.27173 2.22602 3.52427 2.65461 3.38861 3.9265 2.80063 2.72604 2.15166 1.97104 0.72933
threshold=258.75000000000006 2985.0000000000005 2525.0000000000005 1055.0000000000002 0.21603701970819641 495.00000000000006 1145.0000000000002 0.21774395376879849 0.019625800787450905 11.250000000000002 31.250000000000004
decision_type=2 2 2 2 2 2 2 2 2 2 2
left_child=1 2 3 4 7 6 -6 9 -5 -1 -10
right_child=-2 -3 -4 8 5 -7 -8 -9 10 -11 -12
leaf_value=0.1328596577579674 -0.028534542116995 0.023281545973554786 -0.007852104942276129 0.0062375053537152784 -0.023957209312936812 -0.062433070324777878 0.26902084198164861 0.015671698969435967 0.040463981401728688 -0.14668010105015128 0.026023283067775085
leaf_weight=27.228320121765137 34.035400152206421 24.311000108718872 34.035400152206421 30.145640134811401 24.311000108718872 30.145640134811401 24.311000108718872 34.035400152206421 23.338560104370117 32.090520143508911 23.338560104370117
leaf_count=28 35 25 35 31 25 31 25 35 24 33 24
internal_value=0.00185185 0.00348101 0.00223368 0.00429688 0.000847458 -0.00679012 0.002 0.00729167 0.0120253 0.000819672 0.01875
internal_weight=341.326 307.291 282.98 248.945 172.122 78.7676 48.622 93.3542 76.8228 59.3188 46.6771
internal_count=351 316 291 256 177 81 50 96 79 61 48
is_linear=0
shrinkage=0.05


Tree=614
num_leaves=10
num_cat=0
split_feature=22 14 30 15 14 30 18 6 15
split_gain=3.26843 3.34421 3.20697 4.32552 1.7625 4.91015 2.27664 1.08819 2.0779
threshold=0.050734318589089257 4591.2500000000009 0.25433390545030943 378.75000000000006 1121.2500000000002 0.22424336118477126 0.8795068027210885 1.0000000180025095e-35 101.25000000000001
decision_type=2 2 2 2 2 2 2 2 2
left_child=1 2 3 4 -1 6 7 8 -6
right_child=-2 -3 -4 -5 5 -7 -8 -9 -10
leaf_value=-0.022759348847284856 0.020768824462834345 -0.058959716228037001 -0.013572824724644762 0.28722435306945043 -0.02971034292307877 0.076372923774988527 0.0384407823316451 -0.22726905070571776 0.015884847272627668
leaf_weight=33.062960147857666 45.704680204391479 23.338560104370117 42.787360191345215 26.255880117416382 41.81492018699646 37.92516016960144 26.255880117416382 33.062960147857666 25.283440113067627
leaf_count=34 47 24 44 27 43 39 27 34 26
internal_value=-0.000724638 -0.00268456 -0.00109489 0.00130435 -0.00123153 0.000887574 -0.00384615 -0.00728155 -0.00362319
internal_weight=335.492 289.787 266.449 223.661 197.405 164.342 126.417 100.161 67.0984
internal_count=345 298 274 230 203 169 130 103 69
is_linear=0
shrinkage=0.05


Tree=615
num_leaves=11
num_cat=0
split_feature=25 11 27 15 11 22 15 29 29 18
split_gain=3.22317 4.38472 3.49151 4.48129 2.78483 2.35885 2.26392 2.89388 1.71023 1.3439
threshold=495.00000000000006 2740.0000000000005 1005.0000000000001 341.25000000000006 3695.0000000000005 0.0026594270113644005 22.500000000000117 0.018313474448707904 0.022109357657575452 0.49056485842200132
decision_type=2 2 2 2 2 2 2 2 2 2
left_child=1 5 -2 -4 -5 -1 -7 9 -9 -8
right_child=2 -3 3 4 -6 6 7 8 -10 -11
leaf_value=-0.21275900907114648 -0.044990894437705722 0.11115106360591653 0.021634650773785326 0.019730383239698314 -0.0241598291997434 0.12770219201622696 0.00060273540721027534 -0.0182579872629276 1.5852106560032553e-05 0.072569062233174012
leaf_weight=30.145640134811401 43.75980019569397 38.897600173950195 29.173200130462646 24.311000108718872 36.952720165252686 24.311000108718872 30.145640134811401 28.200760126113892 30.145640134811401 29.173200130462646
leaf_count=31 45 40 30 25 38 25 31 29 31 30
internal_value=0.000985915 0.00483871 -0.00507246 0.000537634 -0.00714286 0.00141243 0.00410959 0.00123967 -0.00666667 0.00901639
internal_weight=345.216 211.019 134.197 90.4369 61.2637 172.122 141.976 117.665 58.3464 59.3188
internal_count=355 217 138 93 63 177 146 121 60 61
is_linear=0
shrinkage=0.05


Tree=616
num_leaves=11
num_cat=0
split_feature=22 14 29 14 14 29 22 18 20 15
split_gain=3.85983 2.82479 5.26342 6.49367 3.3119 2.60766 2.69958 4.39521 2.58519 1.77818
threshold=0.050734318589089257 2523.7500000000005 0.013908753294164551 3556.2500000000005 4021.2500000000005 0.014315771398646751 0.007006953578957551 0.46712018140589578 0.47544899602353019 41.250000000000007
decision_type=2 2 2 2 2 2 2 2 2 2
left_child=1 5 -3 -4 -5 -1 9 -8 -2 -7
right_child=8 2 3 4 -6 6 7 -9 -10 -11
leaf_value=-0.38717474141392361 0.023792699017303676 0.036905974399724074 -0.096090697237377759 0.029990405639523487 -0.022951837739765325 -0.013180450300239954 0.00071559035924337886 0.075762863169211422 0.085655111909954951 0.027605191446355093
leaf_weight=38.897600173950195 25.283440113067627 27.228320121765137 35.980280160903931 24.311000108718872 39.87004017829895 34.035400152206421 31.118080139160156 26.255880117416382 23.338560104370117 27.228320121765137
leaf_count=40 26 28 37 25 41 35 32 27 24 28
internal_value=-0.00102041 -0.00324232 -0.00877863 -0.0140777 -0.00454545 0.00123457 0.00491803 0.0127119 0.012 -0.00238095
internal_weight=333.547 284.925 127.39 100.161 64.181 157.535 118.638 57.374 48.622 61.2637
internal_count=343 293 131 103 66 162 122 59 50 63
is_linear=0
shrinkage=0.05


Tree=617
num_leaves=11
num_cat=0
split_feature=20 20 25 25 25 20 18 22 18 26
split_gain=4.17262 3.26943 2.29341 7.14982 4.09652 1.30749 3.84255 2.91269 2.49785 1.91167
threshold=0.51920912247040063 0.48676587301587299 1560.0000000000002 920.00000000000011 130.00000000000003 0.37736556527372855 0.5204837490551778 0.007006953578957551 0.8795068027210885 1025.0000000000002
decision_type=2 2 2 2 2 2 2 2 2 2
left_child=1 2 3 4 5 6 -1 8 -8 -10
right_child=-2 -3 -4 -5 -6 -7 7 -9 9 -11
leaf_value=-0.012930755611705536 0.037056559414759251 -0.062383068905273835 -0.021659644623650821 0.08209241629906501 -0.11707031011821983 0.032139889852351188 -0.010319479148915889 0.065152465963046788 -0.00012356339608459168 0.029675770408516655
leaf_weight=33.062960147857666 23.338560104370117 34.035400152206421 45.704680204391479 31.118080139160156 30.145640134811401 28.200760126113892 24.311000108718872 35.007840156555176 31.118080139160156 25.283440113067627
leaf_count=34 24 35 47 32 31 29 25 36 32 26
internal_value=0.00042735 -0.00107034 0.000684932 0.00265306 -0.000704225 0.0021978 0.000326797 0.00462185 -0.00060241 0.00517241
internal_weight=341.326 317.988 283.952 238.248 207.13 176.984 148.783 115.72 80.7125 56.4015
internal_count=351 327 292 245 213 182 153 119 83 58
is_linear=0
shrinkage=0.05


Tree=618
num_leaves=11
num_cat=0
split_feature=29 27 11 11 27 26 20 29 23 29
split_gain=2.61691 3.89208 4.9847 7.11412 3.34848 2.17954 4.10348 2.14915 2.89978 1.18148
threshold=0.016096101144398352 2565.0000000000005 3230.0000000000005 2620.0000000000005 360.00000000000006 1015.0000000000001 0.36599678760393045 0.014809731492041503 0.79693067703271792 0.012617611391514601
decision_type=2 2 2 2 2 2 2 2 2 2
left_child=7 2 3 4 -2 6 -6 8 9 -1
right_child=1 -3 -4 -5 5 -7 -8 -9 -10 -11
leaf_value=0.10255768042626415 -0.65136555394694828 -0.031021268117774527 0.030741917339378234 -0.032083299348028053 0.54124596819269755 -0.005236474244384226 -0.0039205583878356267 0.028191981888085138 -0.41378539678930792 -0.00175240652690718
leaf_weight=32.090520143508911 34.035400152206421 29.173200130462646 42.787360191345215 35.007840156555176 23.338560104370117 41.81492018699646 27.228320121765137 38.897600173950195 23.338560104370117 25.283440113067627
leaf_count=33 35 30 44 36 24 43 28 40 24 26
internal_value=-0.00316804 -0.00625 -0.00380952 -0.00783133 -0.00230769 0.00263158 0.00961538 0.00284553 -0.00180723 0.00423729
internal_weight=352.996 233.386 204.212 161.425 126.417 92.3818 50.5669 119.61 80.7125 57.374
internal_count=363 240 210 166 130 95 52 123 83 59
is_linear=0
shrinkage=0.05


Tree=619
num_leaves=11
num_cat=0
split_feature=18 18 22 29 18 11 11 29 11 11
split_gain=3.50165 4.80987 3.94712 3.83966 3.62512 2.69035 2.4444 2.00919 0.887479 0.492306
threshold=0.8595049130763418 0.24912187097061048 0.0026594270113644005 0.018539720596605302 0.13663076341647773 3270.0000000000005 2215.0000000000005 0.013908753294164551 3085.0000000000005 1645.0000000000002
decision_type=2 2 2 2 2 2 2 2 2 2
left_child=1 4 9 5 -1 7 -5 -3 -6 -2
right_child=2 3 -4 6 8 -7 -8 -9 -10 -11
leaf_value=-0.034312484454926566 -0.013257247895671754 0.10686016637663442 0.026782382793680882 -0.006768883243171331 0.19660696762564386 -0.068257093630063534 -0.03047913438063006 -0.0036336299010372389 0.010717461730837386 0.086448363877366319
leaf_weight=24.311000108718872 24.311000108718872 33.062960147857666 31.118080139160156 40.842480182647705 31.118080139160156 28.200760126113892 31.118080139160156 38.897600173950195 24.311000108718872 23.338560104370117
leaf_count=25 25 34 32 42 32 29 32 40 25 24
internal_value=-0.00117647 -0.00405405 0.00802469 -0.00875706 0.00609756 -0.00242718 -0.0175676 0.0027027 0.0131579 -0.00102041
internal_weight=330.63 251.862 78.7676 172.122 79.7401 100.161 71.9606 71.9606 55.4291 47.6496
internal_count=340 259 81 177 82 103 74 74 57 49
is_linear=0
shrinkage=0.05


Tree=620
num_leaves=11
num_cat=0
split_feature=22 29 11 29 18 27 29 24 26 22
split_gain=3.37177 4.47716 7.05919 2.83436 4.33592 2.94371 2.59317 1.78003 1.11636 1.01799
threshold=0.050734318589089257 0.018834141677800904 1645.0000000000002 0.017635136160266001 0.33418194302548049 995.00000000000011 0.020893244827974101 0.14652845265090161 1140.0000000000002 0.0080532382495098528
decision_type=2 2 2 2 2 2 2 2 2 2
left_child=1 3 8 4 -1 9 -4 -7 -3 -6
right_child=-2 2 6 -5 5 7 -8 -9 -10 -11
leaf_value=-0.012534861007247856 0.021613077344090927 0.0072207016148468032 -0.2596637316540637 0.11056835432600565 0.060666925065538641 0.0099953970071510415 -0.028955177661600828 0.030976400567010388 -0.0011047874454561679 -1.0635207528149522
leaf_weight=36.952720165252686 45.704680204391479 28.200760126113892 26.255880117416382 31.118080139160156 26.255880117416382 34.035400152206421 26.255880117416382 24.311000108718872 24.311000108718872 23.338560104370117
leaf_count=38 47 29 27 32 27 35 27 25 25 24
internal_value=-0.000892857 -0.00294118 -0.0111111 0.0019337 -0.00100671 0.00405405 -0.0240741 0.0116667 0.00185185 -0.00490196
internal_weight=326.74 281.035 105.024 176.012 144.894 107.941 52.5118 58.3464 52.5118 49.5944
internal_count=336 289 108 181 149 111 54 60 54 51
is_linear=0
shrinkage=0.05


Tree=621
num_leaves=12
num_cat=0
split_feature=29 29 27 27 19 29 18 24 18 18 22
split_gain=4.75619 4.32706 4.19867 6.41169 3.10538 3.07942 2.52845 2.64563 3.22106 4.24263 4.47931
threshold=0.016044002109643307 0.017635136160266001 1015.0000000000001 75.000000000000014 0.61077271044472226 0.013908753294164551 0.24582112628759858 0.39176602540657846 0.63817082388510971 0.8595049130763418 0.0018592021362581002
decision_type=2 2 2 2 2 2 2 2 2 2 2
left_child=2 -2 3 -1 6 -4 -3 8 -8 -10 -11
right_child=1 4 5 -5 -6 -7 7 -9 9 10 -12
leaf_value=0.4282613224692341 -0.23807938024485795 0.020532423476879558 0.15853378687536407 -0.11230508090175136 -0.11476113201936188 0.0057179112335234098 0.024579646507504549 -0.0073139624697546425 -0.086194307848563773 -0.024559383649625489 0.029511930207627303
leaf_weight=27.228320121765137 32.090520143508911 27.228320121765137 25.283440113067627 23.338560104370117 27.228320121765137 24.311000108718872 26.255880117416382 31.118080139160156 23.338560104370117 24.311000108718872 23.338560104370117
leaf_count=28 33 28 26 24 28 25 27 32 24 25 24
internal_value=-0.00462963 -0.00882353 0.00436893 -0.00576923 -0.00585106 0.0147059 -0.003125 -0.00606061 -0.002 -0.00753425 0.00102041
internal_weight=315.071 214.909 100.161 50.5669 182.819 49.5944 155.59 128.362 97.244 70.9881 47.6496
internal_count=324 221 103 52 188 51 160 132 100 73 49
is_linear=0
shrinkage=0.05


Tree=622
num_leaves=10
num_cat=0
split_feature=18 18 30 24 26 11 26 15 29
split_gain=2.61554 3.74747 4.3298 2.73608 2.87822 2.41125 1.94095 1.7091 2.49481
threshold=0.18607442977190877 0.33418194302548049 0.20786631002851833 0.14652845265090161 1085.0000000000002 3230.0000000000005 1065.0000000000002 22.500000000000117 0.018230173753597752
decision_type=2 2 2 2 2 2 2 2 2
left_child=-1 2 -2 6 -5 -4 7 -3 -9
right_child=1 3 5 4 -6 -7 -8 8 -10
leaf_value=0.010316071116267268 -0.022181287084754333 0.064379504558178272 -0.12141343106568457 0.015760811748054947 -0.0010856913905172405 0.019505802303046951 0.0095203162438792788 -0.015176578520549811 -0.07058643853905551
leaf_weight=45.704680204391479 31.118080139160156 37.92516016960144 23.338560104370117 35.980280160903931 24.311000108718872 24.311000108718872 45.704680204391479 41.81492018699646 32.090520143508911
leaf_count=47 32 39 24 37 25 25 47 43 33
internal_value=0.000568182 -0.00114754 -0.0104938 0.00223214 0.0112903 -0.00102041 -0.00123457 -0.00478261 -0.00921053
internal_weight=342.299 296.594 78.7676 217.827 60.2913 47.6496 157.535 111.831 73.9054
internal_count=352 305 81 224 62 49 162 115 76
is_linear=0
shrinkage=0.05


Tree=623
num_leaves=10
num_cat=0
split_feature=6 11 22 22 18 22 16 14 20
split_gain=2.08755 4.22668 2.19693 7.09596 1.99488 3.88684 3.13731 3.62978 1.33336
threshold=1.5000000000000002 3655.0000000000005 0.033724508213992706 0.047258354001590355 0.43003210673940945 0.010574353013517652 1205.0000000000002 1118.7500000000002 0.42155771372876644
decision_type=2 2 2 2 2 2 2 2 2
left_child=1 2 4 -4 -1 6 7 -6 -3
right_child=-2 8 3 -5 5 -7 -8 -9 -10
leaf_value=-0.027084527325234833 0.40723403683823567 -0.027587572913216719 0.033036096643922978 -0.013622887232850191 -0.015349591977610544 0.048483949709975604 -0.087292444902050195 0.034173881621347844 -0.018725742946435277
leaf_weight=37.92516016960144 33.062960147857666 26.255880117416382 32.090520143508911 28.200760126113892 42.787360191345215 32.090520143508911 34.035400152206421 31.118080139160156 30.145640134811401
leaf_count=39 34 27 33 29 44 33 35 32 31
internal_value=-0.000148368 -0.00148515 0.00142857 0.00967742 -0.00136612 0.00138889 -0.00315315 0.00263158 -0.0137931
internal_weight=327.712 294.649 238.248 60.2913 177.957 140.031 107.941 73.9054 56.4015
internal_count=337 303 245 62 183 144 111 76 58
is_linear=0
shrinkage=0.05


Tree=624
num_leaves=11
num_cat=0
split_feature=22 26 29 26 18 20 15 27 29 18
split_gain=3.48291 5.01972 4.40885 4.15004 2.51645 2.1496 2.71495 4.01216 2.69291 1.90526
threshold=0.058276589618827403 995.00000000000011 0.021194751121882852 1405.0000000000002 0.81283273394283417 0.38479809237610901 191.25000000000003 975.00000000000011 0.017635136160266001 0.98984564586068358
decision_type=2 2 2 2 2 2 2 2 2 2
left_child=1 4 3 -3 5 8 -7 -8 -1 -6
right_child=-2 2 -4 -5 9 6 7 -9 -10 -11
leaf_value=-1.0336225301593231 0.019466799335214093 0.038891704131310691 -0.0049656976140113329 0.0064674383090846284 0.1513735290146542 0.013055582128276911 -0.10422653613616149 -0.000662088393846716 -0.0015023023299818306 -0.013038370948879675
leaf_weight=25.283440113067627 35.007840156555176 27.228320121765137 33.062960147857666 41.81492018699646 23.338560104370117 23.338560104370117 28.200760126113892 39.87004017829895 25.283440113067627 29.173200130462646
leaf_count=26 36 28 34 43 24 24 29 41 26 30
internal_value=-0.00102639 -0.00278689 0.00619048 0.0133803 -0.0075 -0.0109589 -0.00638298 -0.0114286 -0.0192308 0.00185185
internal_weight=331.602 296.594 102.106 69.0432 194.488 141.976 91.4094 68.0708 50.5669 52.5118
internal_count=341 305 105 71 200 146 94 70 52 54
is_linear=0
shrinkage=0.05


Tree=625
num_leaves=10
num_cat=0
split_feature=22 18 20 18 29 25 22 22 19
split_gain=3.19205 3.99876 1.94286 3.90131 1.98798 3.33955 2.72949 4.27365 1.27236
threshold=0.060302239307237958 0.27746994573345846 0.37736556527372855 0.48242630385487534 0.013618182455694903 495.00000000000006 0.0091870218023034512 0.0037158892538541504 0.49515960230245953
decision_type=2 2 2 2 2 2 2 2 2
left_child=1 8 3 -3 -5 6 7 -6 -1
right_child=-2 2 -4 4 5 -7 -8 -9 -10
leaf_value=-0.033000078767236117 0.018493459368460207 -0.017271901873164099 0.0095141344763646895 -0.29557795458415514 0.024303133234548115 -0.049811028416706905 0.040254073847609109 -0.019838985786884679 -0.0056829750910765142
leaf_weight=28.200760126113892 35.980280160903931 35.980280160903931 42.787360191345215 32.090520143508911 38.897600173950195 28.200760126113892 24.311000108718872 43.75980019569397 39.87004017829895
leaf_count=29 37 37 44 33 40 29 25 45 41
internal_value=-0.00194444 -0.00356037 -0.000592885 -0.00263158 0.000581395 0.00323741 0.00727273 0.00294118 -0.0142857
internal_weight=350.078 314.098 246.027 203.24 167.26 135.169 106.968 82.6574 68.0708
internal_count=360 323 253 209 172 139 110 85 70
is_linear=0
shrinkage=0.05


Tree=626
num_leaves=10
num_cat=0
split_feature=24 27 27 16 14 18 30 15 11
split_gain=2.94268 3.2163 2.95005 6.01219 3.99731 5.72748 1.74738 2.99352 1.46271
threshold=0.59041123596379663 1005.0000000000001 1385.0000000000002 1235.0000000000002 1141.2500000000002 0.41207482993197281 0.20633410888171777 41.250000000000007 1165.0000000000002
decision_type=2 2 2 2 2 2 2 2 2
left_child=1 6 3 -3 -4 -6 8 -8 -1
right_child=-2 2 4 -5 5 -7 7 -9 -10
leaf_value=0.38891426530739182 0.016415192061663222 -0.011480514752815908 0.023087976572821845 0.014146276442693307 0.0010210199642187946 -0.021818565803368984 -0.010873695334305468 -0.20233403768656899 -0.028548654073040327
leaf_weight=23.338560104370117 43.75980019569397 24.311000108718872 25.283440113067627 30.145640134811401 37.92516016960144 39.87004017829895 30.145640134811401 35.980280160903931 38.897600173950195
leaf_count=24 45 25 26 31 39 41 31 37 40
internal_value=0.000147493 -0.00170068 0.00308642 0.0125 -0.00188679 -0.0075 -0.00757576 -0.0132353 -0.0015625
internal_weight=329.657 285.897 157.535 54.4566 103.079 77.7952 128.362 66.1259 62.2362
internal_count=339 294 162 56 106 80 132 68 64
is_linear=0
shrinkage=0.05


Tree=627
num_leaves=11
num_cat=0
split_feature=29 20 20 20 27 27 14 29 27 11
split_gain=3.48748 4.27595 3.85902 3.21977 2.36106 3.14681 3.48045 3.21084 3.08504 0.72933
threshold=0.012966577542874402 0.48676587301587299 0.46145076376803956 0.51308921848224465 2900.0000000000005 1005.0000000000001 2150.0000000000005 0.018539720596605302 1190.0000000000002 2740.0000000000005
decision_type=2 2 2 2 2 2 2 2 2 2
left_child=-1 2 4 -3 5 6 -2 9 -9 -7
right_child=1 3 -4 -5 -6 7 -8 8 -10 -11
leaf_value=-0.2793716241513039 0.10613868496584473 -0.11157650715083492 0.037670717926448563 0.0069590727733157111 -0.0045816839467306639 0.025805296587293469 -0.038998138064607703 0.0040130247898900965 -0.0019079499504300657 0.028199905392466463
leaf_weight=36.952720165252686 43.75980019569397 24.311000108718872 24.311000108718872 23.338560104370117 36.952720165252686 23.338560104370117 38.897600173950195 27.228320121765137 36.952720165252686 23.338560104370117
leaf_count=38 45 25 25 24 38 24 40 28 38 24
internal_value=-0.0012894 0.000482315 0.00305344 -0.0132653 0.00105485 0.00326633 -0.00411765 0.00877193 0.00151515 0.01875
internal_weight=339.382 302.429 254.779 47.6496 230.468 193.516 82.6574 110.858 64.181 46.6771
internal_count=349 311 262 49 237 199 85 114 66 48
is_linear=0
shrinkage=0.05


Tree=628
num_leaves=11
num_cat=0
split_feature=24 29 30 14 16 24 18 22 20 29
split_gain=1.69151 3.16092 4.34412 2.97112 6.31476 3.26401 3.87574 3.26851 1.36316 0.922017
threshold=0.026109594580932104 0.022084057524349752 0.21776469879746937 1183.7500000000002 2075.0000000000005 0.19343663391282437 0.27746994573345846 0.055308019987548911 0.50305224867724874 0.013908753294164551
decision_type=2 2 2 2 2 2 2 2 2 2
left_child=1 2 9 -2 -5 -6 7 8 -7 -1
right_child=3 -3 -4 4 5 6 -8 -9 -10 -11
leaf_value=0.10443620015286115 -0.0055437906380007007 0.071678842297319537 -0.012196753844546038 0.1102645127466758 -0.17054575990277954 -0.033284661723428144 0.0083581806299889653 0.01684342429446133 -0.0019569892795743729 0.024515031757925954
leaf_weight=29.173200130462646 44.732240200042725 24.311000108718872 23.338560104370117 31.118080139160156 25.283440113067627 29.173200130462646 39.87004017829895 34.035400152206421 30.145640134811401 23.338560104370117
leaf_count=30 46 25 24 32 26 30 41 35 31 24
internal_value=0.000872093 0.00631068 0.00128205 -0.00145228 0.00128205 -0.00276074 0.000364964 -0.00520833 -0.0122951 0.00925926
internal_weight=334.519 100.161 75.8503 234.358 189.626 158.508 133.224 93.3542 59.3188 52.5118
internal_count=344 103 78 241 195 163 137 96 61 54
is_linear=0
shrinkage=0.05


Tree=629
num_leaves=12
num_cat=0
split_feature=18 14 14 18 18 24 26 24 27 30 20
split_gain=2.04074 3.83505 3.14346 2.84617 6.80358 2.91811 2.69848 5.199 3.32278 1.14723 1.00407
threshold=0.27746994573345846 4117.5000000000009 2475.0000000000005 0.37630385487528351 0.43840796391816805 0.14652845265090161 1035.0000000000002 0.021134949706378203 145.00000000000003 0.21603701970819641 0.48095148990038655
decision_type=2 2 2 2 2 2 2 2 2 2 2
left_child=1 2 -1 -2 -5 6 8 -8 -6 -10 -4
right_child=3 -3 10 4 5 -7 7 -9 9 -11 -12
leaf_value=0.016729941802100256 0.017014053465982216 0.010252766443477413 -0.0026636409724460465 -0.025938966675425945 0.12346532588667287 0.046004048239865369 0.028210076516131721 -0.001775258426050641 -0.06357045107642989 -0.019220886930747839 -0.10339204842337041
leaf_weight=24.311000108718872 39.87004017829895 24.311000108718872 26.255880117416382 24.311000108718872 26.255880117416382 29.173200130462646 26.255880117416382 25.283440113067627 35.007840156555176 31.118080139160156 25.283440113067627
leaf_count=25 41 25 27 25 27 30 27 26 36 32 26
internal_value=-0.00129683 -0.00728155 -0.0128205 0.00122951 -0.00123153 0.00224719 -0.000675676 0.00849057 -0.00578947 -0.0117647 -0.0198113
internal_weight=337.437 100.161 75.8503 237.275 197.405 173.094 143.921 51.5393 92.3818 66.1259 51.5393
internal_count=347 103 78 244 203 178 148 53 95 68 53
is_linear=0
shrinkage=0.05


Tree=630
num_leaves=11
num_cat=0
split_feature=29 29 26 11 26 28 26 30 29 30
split_gain=3.89044 3.75134 2.83228 2.65003 3.36256 2.57561 1.66167 4.30003 3.82898 2.0631
threshold=0.018230173753597752 0.020532980868485703 205.00000000000003 1085.0000000000002 310.00000000000006 2.5000000000000004 475.00000000000006 0.17833928115472927 0.015955159499210305 0.14228473516806253
decision_type=2 2 2 2 2 2 2 2 2 2
left_child=6 2 -2 -3 5 -5 7 9 -8 -1
right_child=1 3 -4 4 -6 -7 8 -9 -10 -11
leaf_value=0.0017944955825555553 -0.014978823772958096 0.0047095394690700237 -0.035477349122629676 -0.0025304589238203338 -0.018259842584211584 0.64253457143752257 0.0013673396868853162 -0.06039192852258566 0.043703845827872102 0.034684917696267803
leaf_weight=29.173200130462646 26.255880117416382 28.200760126113892 27.228320121765137 32.090520143508911 31.118080139160156 24.311000108718872 35.007840156555176 40.842480182647705 27.228320121765137 28.200760126113892
leaf_count=30 27 29 28 33 32 25 36 42 28 29
internal_value=-0.00103245 -0.00632184 -0.0172727 -0.0012605 -0.00555556 0.00172414 0.00454545 0.00049505 0.0109375 0.00932203
internal_weight=329.657 169.205 53.4842 115.72 87.5196 56.4015 160.453 98.2164 62.2362 57.374
internal_count=339 174 55 119 90 58 165 101 64 59
is_linear=0
shrinkage=0.05


Tree=631
num_leaves=11
num_cat=0
split_feature=22 11 24 15 15 22 30 18 26 22
split_gain=3.47816 4.88652 1.76214 4.50341 2.70375 5.78655 1.61428 2.27693 2.45537 1.45877
threshold=0.046515037131027157 2315.0000000000005 0.14652845265090161 93.750000000000014 371.25000000000006 0.033724508213992706 0.15539210388166627 0.78407029478458068 1065.0000000000002 0.0033513225575603008
decision_type=2 2 2 2 2 2 2 2 2 2
left_child=2 -2 6 -4 5 -5 -1 -8 9 -9
right_child=1 -3 3 4 -6 -7 7 8 -10 -11
leaf_value=0.15758698113641004 -0.044554014045866099 0.0067681799095225875 0.1050912776371888 -0.033867312844176926 0.0078385101138565005 0.010951081662733488 -0.19514619086921814 -0.02424208663387617 0.0044740624956148166 0.019693584052822646
leaf_weight=33.062960147857666 33.062960147857666 24.311000108718872 27.228320121765137 27.228320121765137 35.980280160903931 23.338560104370117 26.255880117416382 37.92516016960144 26.255880117416382 29.173200130462646
leaf_count=34 34 25 28 28 37 24 27 39 27 30
internal_value=0.00015015 -0.0110169 0.00255474 0.00726496 0.00168539 -0.00576923 -0.000955414 -0.00365854 0 -0.00507246
internal_weight=323.823 57.374 266.449 113.775 86.5472 50.5669 152.673 119.61 93.3542 67.0984
internal_count=333 59 274 117 89 52 157 123 96 69
is_linear=0
shrinkage=0.05


Tree=632
num_leaves=11
num_cat=0
split_feature=14 6 25 14 30 26 20 14 18 15
split_gain=3.10053 3.591 2.92266 3.09291 2.29511 3.5163 2.82328 3.01386 2.65996 2.17318
threshold=3713.7500000000005 1.5000000000000002 1560.0000000000002 4523.7500000000009 0.22138660717042893 1065.0000000000002 0.38479809237610901 1166.2500000000002 0.24912187097061048 56.250000000000007
decision_type=2 2 2 2 2 2 2 2 2 2
left_child=1 4 -2 -4 6 8 7 -1 -6 -9
right_child=2 -3 3 -5 5 -7 -8 9 -10 -11
leaf_value=0.024390677274152495 0.0378783132782246 -0.050779073633475495 0.01592254907907318 -0.0044123851634140015 0.012626843470775384 0.004250359370837487 0.39337750692866397 -0.24861156863167935 -0.063773470540581911 0.0012231062747105172
leaf_weight=37.92516016960144 37.92516016960144 23.338560104370117 26.255880117416382 25.283440113067627 25.283440113067627 34.035400152206421 25.283440113067627 24.311000108718872 39.87004017829895 35.980280160903931
leaf_count=39 39 24 27 26 26 35 26 25 41 37
internal_value=0.000724638 -0.00217391 0.00869565 0.000943396 -0.000218341 -0.00588235 0.00433071 0.00049505 -0.0126866 -0.00645161
internal_weight=335.492 246.027 89.4645 51.5393 222.689 99.1889 123.5 98.2164 65.1535 60.2913
internal_count=345 253 92 53 229 102 127 101 67 62
is_linear=0
shrinkage=0.05


Tree=633
num_leaves=10
num_cat=0
split_feature=27 14 29 28 29 30 15 26 15
split_gain=3.38194 4.43644 4.5861 3.91141 3.41059 4.0394 3.62329 2.5957 1.22292
threshold=2565.0000000000005 3620.0000000000005 0.017330245091656305 3.5000000000000004 0.022800692318438152 0.23046621684217028 116.25000000000001 595.00000000000011 356.25000000000006
decision_type=2 2 2 2 2 2 2 2 2
left_child=1 3 -3 4 5 6 7 -1 -2
right_child=8 2 -4 -5 -6 -7 -8 -9 -10
leaf_value=-0.0079342396849824588 -0.031953327943801922 -0.0041917659052614908 0.33056945204127719 -0.06386912139723791 0.011925758443294399 -0.042957655517102469 -0.026787161609036048 0.021222617042747062 -0.0016675242986821104
leaf_weight=39.87004017829895 27.228320121765137 24.311000108718872 40.842480182647705 27.228320121765137 44.732240200042725 25.283440113067627 33.062960147857666 35.980280160903931 24.311000108718872
leaf_count=41 28 25 42 28 46 26 34 37 25
internal_value=-0.00240964 -0.000179211 0.011194 -0.00377358 -0.00108696 -0.00507246 -0.000892857 0.00512821 -0.0141509
internal_weight=322.85 271.311 65.1535 206.157 178.929 134.197 108.913 75.8503 51.5393
internal_count=332 279 67 212 184 138 112 78 53
is_linear=0
shrinkage=0.05


Tree=634
num_leaves=10
num_cat=0
split_feature=25 27 19 22 16 14 24 24 14
split_gain=3.64118 4.94701 3.11465 3.90449 2.86234 4.29603 1.58838 3.12577 5.64103
threshold=495.00000000000006 1005.0000000000001 0.57084090820236144 0.022365207917205452 3185.0000000000005 1722.5000000000002 1.0000000180025095e-35 0.032029478458049855 1160.0000000000002
decision_type=2 2 2 2 2 2 2 2 2
left_child=4 -2 3 -3 5 6 -1 -8 -9
right_child=1 2 -4 -5 -6 -7 7 8 -10
leaf_value=-0.01354236051844282 -0.060675665327380557 -0.022725986829073008 -0.018435469997598375 0.011904743220429738 2.6402144914245582 -0.038135240971087114 0.020161486190613687 -0.024772242320659645 0.022809373838879311
leaf_weight=31.118080139160156 42.787360191345215 27.228320121765137 26.255880117416382 37.92516016960144 24.311000108718872 38.897600173950195 36.952720165252686 31.118080139160156 43.75980019569397
leaf_count=32 44 28 27 39 25 40 38 32 45
internal_value=-0.00228571 -0.00869565 -0.00212766 0.00373134 0.00188679 -0.00026738 0.0037415 0.00652174 0.000649351
internal_weight=340.354 134.197 91.4094 65.1535 206.157 181.846 142.949 111.831 74.8779
internal_count=350 138 94 67 212 187 147 115 77
is_linear=0
shrinkage=0.05


Tree=635
num_leaves=11
num_cat=0
split_feature=27 27 18 27 28 11 27 15 24 18
split_gain=3.57226 11.4318 2.72863 3.83254 5.41374 7.62438 1.8677 1.72074 2.80503 4.36324
threshold=2975.0000000000005 2525.0000000000005 0.98832199546485267 995.00000000000011 2.5000000000000004 2175.0000000000005 105.00000000000001 251.25000000000003 0.31454486556527378 0.71122448979591846
decision_type=2 2 2 2 2 2 2 2 2 2
left_child=1 2 3 4 6 -6 -1 8 9 -5
right_child=-2 -3 -4 7 5 -7 -8 -9 -10 -11
leaf_value=-0.039353759822847681 0.0025157961313425404 -0.023533630204622114 0.29454985186828253 0.057087042525097331 0.12627576254105863 -0.055635968756541844 -0.21748865314245905 0.012251244021013009 -0.068046531529353166 -0.010739536419782781
leaf_weight=35.007840156555176 38.897600173950195 29.173200130462646 34.035400152206421 24.311000108718872 25.283440113067627 32.090520143508911 27.228320121765137 36.952720165252686 24.311000108718872 27.228320121765137
leaf_count=36 40 30 35 25 26 33 28 38 25 28
internal_value=-0.00174419 -0.00361842 -0.000364964 -0.00230126 -0.00853659 0.00254237 -0.01875 0.00431034 0 0.00660377
internal_weight=334.519 295.622 266.449 232.413 119.61 57.374 62.2362 112.803 75.8503 51.5393
internal_count=344 304 274 239 123 59 64 116 78 53
is_linear=0
shrinkage=0.05


Tree=636
num_leaves=11
num_cat=0
split_feature=18 18 18 22 11 18 15 15 26 22
split_gain=2.84933 5.54376 4.41614 3.25456 2.04795 3.10441 4.21323 4.33178 3.3317 1.29659
threshold=0.18607442977190877 0.27746994573345846 0.13663076341647773 0.035759571303830506 3085.0000000000005 0.43003210673940945 56.250000000000007 33.750000000000007 1085.0000000000002 0.0016649005454503502
decision_type=2 2 2 2 2 2 2 2 2 2
left_child=2 3 -1 -2 5 -3 7 9 -8 -7
right_child=1 4 -4 -5 -6 6 8 -9 -10 -11
leaf_value=-0.0075277115725612027 -0.0077221062015269126 -0.052233275784772104 0.2380372200017746 -0.29959076947682206 0.027094734459114991 -0.012328265671533245 0.054232690398839628 -0.054860083623179894 -0.0041646354237514062 0.11013123673338897
leaf_weight=25.283440113067627 27.228320121765137 39.87004017829895 24.311000108718872 30.145640134811401 44.732240200042725 23.338560104370117 39.87004017829895 32.090520143508911 28.200760126113892 23.338560104370117
leaf_count=26 28 41 25 31 46 24 41 33 29 24
internal_value=-0.000287356 -0.00218855 0.0107843 -0.0161017 0.0012605 -0.00104167 0.00231788 -0.00555556 0.0114286 0.00416667
internal_weight=338.409 288.815 49.5944 57.374 231.441 186.708 146.838 78.7676 68.0708 46.6771
internal_count=348 297 51 59 238 192 151 81 70 48
is_linear=0
shrinkage=0.05


Tree=637
num_leaves=10
num_cat=0
split_feature=24 15 27 16 11 29 14 24 29
split_gain=4.80754 3.84122 4.36028 3.00796 5.43225 2.35909 2.11162 3.23718 1.41734
threshold=0.59041123596379663 41.250000000000007 1035.0000000000002 2075.0000000000005 3025.0000000000005 0.018574373807161055 1141.2500000000002 0.38586061205108829 0.015984265375215453
decision_type=2 2 2 2 2 2 2 2 2
left_child=1 5 3 -3 -5 -1 -4 8 -8
right_child=-2 2 6 4 -6 -7 7 -9 -10
leaf_value=-0.0068474757176772982 0.020236143596639524 -0.00062102679764848296 0.02830827150522737 -1.5136525643279812 -0.017534937941513819 0.02715488867338536 -0.0039564036525689518 0.0027848249307794505 -0.02057428185482877
leaf_weight=43.75980019569397 40.842480182647705 32.090520143508911 24.311000108718872 28.200760126113892 28.200760126113892 44.732240200042725 26.255880117416382 43.75980019569397 30.145640134811401
leaf_count=45 42 33 25 29 29 46 27 45 31
internal_value=0.000568182 -0.0016129 -0.00525114 -0.0137363 -0.0206897 0.00714286 0.00078125 -0.00242718 -0.0103448
internal_weight=342.299 301.456 212.964 88.492 56.4015 88.492 124.472 100.161 56.4015
internal_count=352 310 219 91 58 91 128 103 58
is_linear=0
shrinkage=0.05


Tree=638
num_leaves=11
num_cat=0
split_feature=20 18 25 25 24 26 27 24 24 15
split_gain=2.18657 7.02728 2.3714 7.50416 3.99785 1.7029 3.61176 4.22618 3.17664 1.57129
threshold=0.48676587301587299 0.25119202118303646 1560.0000000000002 920.00000000000011 0.40323444192491814 1065.0000000000002 215.00000000000003 0.024319727891156401 0.021134949706378203 326.25000000000006
decision_type=2 2 2 2 2 2 2 2 2 2
left_child=1 -1 3 4 5 6 -3 -8 -7 -2
right_child=9 2 -4 -5 -6 8 7 -9 -10 -11
leaf_value=0.035319814555396081 -0.053489591919924355 0.10496704868260168 -0.022041499924398522 0.092295412337421112 -0.12074302016892489 0.07032781479607593 -0.060621611418605427 0.0070310906988879651 -0.0037585834699370938 0.0057310880099976204
leaf_weight=30.145640134811401 32.090520143508911 44.732240200042725 30.145640134811401 27.228320121765137 24.311000108718872 23.338560104370117 31.118080139160156 28.200760126113892 38.897600173950195 25.283440113067627
leaf_count=31 33 46 31 28 25 24 32 29 40 26
internal_value=-0.000434783 0.0013986 -0.00137255 0.000446429 -0.00306122 -0.000292398 -0.00420561 -0.0122951 0.00625 -0.00932203
internal_weight=335.492 278.118 247.972 217.827 190.598 166.287 104.051 59.3188 62.2362 57.374
internal_count=345 286 255 224 196 171 107 61 64 59
is_linear=0
shrinkage=0.05


Tree=639
num_leaves=11
num_cat=0
split_feature=16 16 15 24 18 26 22 26 30 29
split_gain=2.66555 5.36062 2.8992 2.2498 3.23521 3.21475 2.30735 2.24474 4.70183 2.3947
threshold=4645.0000000000009 3175.0000000000005 386.25000000000006 0.40606725146198835 0.90272775776977465 935.00000000000011 0.050734318589089257 1035.0000000000002 0.22138660717042893 0.017379973997757755
decision_type=2 2 2 2 2 2 2 2 2 2
left_child=1 3 -3 4 7 -6 -5 8 -1 -9
right_child=-2 2 -4 6 5 -7 -8 9 -10 -11
leaf_value=0.097590007483836422 0.012718243210429137 -0.092040271697533177 0.005444533609488645 -0.055180220350121094 0.084853359065368755 -0.013495303193246856 0.0072827249997317271 0.017555047215137166 -0.061301685033379273 0.0075749702436496598
leaf_weight=35.980280160903931 42.787360191345215 44.732240200042725 23.338560104370117 29.173200130462646 25.283440113067627 29.173200130462646 27.228320121765137 24.311000108718872 26.255880117416382 26.255880117416382
leaf_count=37 44 46 24 30 26 30 28 25 27 27
internal_value=-0.000290698 -0.002 -0.0142857 0.00173913 0.00465116 -0.00535714 -0.00689655 0.00948276 0.003125 0.0173077
internal_weight=334.519 291.732 68.0708 223.661 167.26 54.4566 56.4015 112.803 62.2362 50.5669
internal_count=344 300 70 230 172 56 58 116 64 52
is_linear=0
shrinkage=0.05


Tree=640
num_leaves=10
num_cat=0
split_feature=12 16 15 16 18 22 14 29 29
split_gain=2.20754 3.1152 3.73289 4.74607 5.12935 2.41513 2.81313 2.02592 1.76381
threshold=3645.0000000000005 3145.0000000000005 56.250000000000007 1225.0000000000002 0.33418194302548049 0.0026594270113644005 1176.2500000000002 0.019190078373099852 0.017635136160266001
decision_type=2 2 2 2 2 2 2 2 2
left_child=1 2 5 -4 -5 -1 -7 -8 -2
right_child=8 -3 3 4 -6 6 7 -9 -10
leaf_value=-0.23021846897538581 -0.0055302849488953146 -0.027630157633871024 -0.0067869779562443004 0.00013843879585238029 0.063784228368081133 0.019438061461869438 -0.56523054485254531 0.0024561682123703577 0.012625917918921915
leaf_weight=31.118080139160156 35.980280160903931 44.732240200042725 35.007840156555176 34.035400152206421 29.173200130462646 35.007840156555176 23.338560104370117 23.338560104370117 37.92516016960144
leaf_count=32 37 46 36 35 30 36 24 24 39
internal_value=-0.00103245 -0.00323194 -0.000691244 0.00643564 0.0146154 -0.00689655 -0.00238095 -0.0104167 0.00657895
internal_weight=329.657 255.752 211.019 98.2164 63.2086 112.803 81.685 46.6771 73.9054
internal_count=339 263 217 101 65 116 84 48 76
is_linear=0
shrinkage=0.05


Tree=641
num_leaves=12
num_cat=0
split_feature=19 25 29 15 16 16 14 30 11 11 29
split_gain=3.01722 4.25654 2.59913 4.21833 3.46834 3.47779 2.15943 3.89992 3.8011 1.86861 1.57736
threshold=0.53528499718975919 1015.0000000000001 0.016044002109643307 191.25000000000003 1655.0000000000002 1175.0000000000002 1118.7500000000002 0.23896952104499278 1735.0000000000002 3270.0000000000005 0.018834141677800904
decision_type=2 2 2 2 2 2 2 2 2 2 2
left_child=2 -2 4 6 5 -1 -4 8 -8 -6 -5
right_child=1 -3 3 10 9 -7 7 -9 -10 -11 -12
leaf_value=0.091494108620850056 0.23270907296480348 0.0017747657035670273 -0.013934180468868363 -0.024217830992358816 0.26446154428899721 -0.040625342318310234 0.029052680129007059 -0.0021929884095925447 0.022072975723153834 0.0026560877588053702 -0.020163680460109391
leaf_weight=28.200760126113892 25.283440113067627 35.007840156555176 32.090520143508911 28.200760126113892 23.338560104370117 26.255880117416382 25.283440113067627 31.118080139160156 27.228320121765137 26.255880117416382 24.311000108718872
leaf_count=29 26 36 33 29 24 27 26 32 28 27 25
internal_value=0.00116959 0.0112903 -0.00107143 -0.00491329 0.00514019 -0.00357143 0.000420168 0.00465116 0.012963 0.0147059 -0.0166667
internal_weight=332.574 60.2913 272.283 168.232 104.051 54.4566 115.72 83.6298 52.5118 49.5944 52.5118
internal_count=342 62 280 173 107 56 119 86 54 51 54
is_linear=0
shrinkage=0.05


Tree=642
num_leaves=10
num_cat=0
split_feature=25 29 25 23 22 11 11 29 29
split_gain=2.85289 3.7994 2.8658 3.6527 5.54696 3.04642 2.66735 2.34214 1.29659
threshold=1035.0000000000002 0.018384441387896706 595.00000000000011 0.24912187097061048 0.032645197472970254 1615.0000000000002 1095.0000000000002 0.021851666609654905 0.015641067965391553
decision_type=2 2 2 2 2 2 2 2 2
left_child=2 -2 3 -1 5 6 7 8 -5
right_child=1 -3 -4 4 -6 -7 -8 -9 -10
leaf_value=0.57715159943670646 0.0090702317293107626 -0.010837793603286627 -0.019155496437110744 0.20678875058097221 -0.02300693944274599 0.034867832528448162 -0.057787602463417902 0.012510859556073228 -0.013237471445427218
leaf_weight=24.311000108718872 40.842480182647705 42.787360191345215 38.897600173950195 23.338560104370117 31.118080139160156 41.81492018699646 39.87004017829895 27.228320121765137 23.338560104370117
leaf_count=25 42 44 40 24 32 43 41 28 24
internal_value=0.000145773 0.00813953 -0.00252918 -0.000230415 -0.00260417 0.00125 -0.00299145 0.00263158 -0.00416667
internal_weight=333.547 83.6298 249.917 211.019 186.708 155.59 113.775 73.9054 46.6771
internal_count=343 86 257 217 192 160 117 76 48
is_linear=0
shrinkage=0.05


Tree=643
num_leaves=11
num_cat=0
split_feature=11 14 24 15 11 15 27 24 24 14
split_gain=3.35197 4.57448 3.99803 7.1274 3.43906 1.86699 2.09785 1.75446 4.37598 2.74457
threshold=3230.0000000000005 3128.7500000000005 0.19343663391282437 378.75000000000006 2215.0000000000005 176.25000000000003 2535.0000000000005 0.019223985890652506 0.17168772270813087 1131.2500000000002
decision_type=2 2 2 2 2 2 2 2 2 2
left_child=1 4 -2 -4 5 6 7 9 -9 -1
right_child=2 -3 3 -5 -6 -7 -8 8 -10 -11
leaf_value=0.0016312788004142931 -0.016399336445829249 -0.041215118593072475 0.00058235697661075398 0.087063146967466309 0.021752597222257464 0.036332218961683795 -0.019608230341850687 0.089137024148681132 -0.017105470529281776 -0.10884394213676388
leaf_weight=34.035400152206421 30.145640134811401 38.897600173950195 30.145640134811401 24.311000108718872 34.035400152206421 29.173200130462646 26.255880117416382 35.007840156555176 35.007840156555176 23.338560104370117
leaf_count=35 31 40 31 25 35 30 27 36 36 24
internal_value=0.00114286 -0.00171103 0.00977011 0.0178571 0.00112108 -0.00159574 -0.00379747 -0.00114504 0.00416667 -0.00762712
internal_weight=340.354 255.752 84.6023 54.4566 216.854 182.819 153.646 127.39 70.0157 57.374
internal_count=350 263 87 56 223 188 158 131 72 59
is_linear=0
shrinkage=0.05


Tree=644
num_leaves=10
num_cat=0
split_feature=23 30 12 19 30 16 17 30 16
split_gain=2.54306 2.85578 3.2822 2.98292 2.34687 2.38066 3.17791 3.14123 2.28809
threshold=0.14977166792642982 0.23227530039315628 1095.0000000000002 0.47061434981868983 0.22138660717042893 1155.0000000000002 78.750000000000014 0.19001589482821918 1655.0000000000002
decision_type=2 2 2 2 2 2 2 2 2
left_child=-1 4 -3 -4 5 -2 8 -8 -7
right_child=1 2 3 -5 -6 6 7 -9 -10
leaf_value=-0.021669493002514174 0.33463531641697275 0.04602935993964366 -0.0021823532658800104 0.007551029200567428 -0.017728800777399557 -0.043020874892545184 0.020040124302499865 -0.0041136708387057297 0.018138305449474503
leaf_weight=25.283440113067627 29.173200130462646 35.980280160903931 31.118080139160156 24.311000108718872 35.007840156555176 43.75980019569397 38.897600173950195 27.228320121765137 38.897600173950195
leaf_count=26 30 37 32 25 36 45 40 28 40
internal_value=-0.000147493 0.00111821 0.00851064 0.000877193 -0.00205479 0.000273224 -0.00228758 0.00588235 -0.00882353
internal_weight=329.657 304.374 91.4094 55.4291 212.964 177.957 148.783 66.1259 82.6574
internal_count=339 313 94 57 219 183 153 68 85
is_linear=0
shrinkage=0.05


Tree=645
num_leaves=9
num_cat=0
split_feature=28 29 29 30 27 18 18 24
split_gain=4.17962 1.72027 2.91765 2.17671 2.41948 4.30756 4.59186 3.42351
threshold=3.5000000000000004 0.013227840138862851 0.014809731492041503 0.19001589482821918 360.00000000000006 0.6723356009070296 0.26722096245905774 0.019223985890652506
decision_type=2 2 2 2 2 2 2 2
left_child=1 -1 -3 -4 -5 6 -6 -7
right_child=-2 2 3 4 5 7 -8 -9
leaf_value=0.061940349305427848 0.081690427554349299 -0.020586018352378235 0.012401900237296105 -0.93132860104810788 -0.0078695455031493108 -0.00075175313659201501 0.035212152267649802 -0.057017411358583563
leaf_weight=41.81492018699646 37.92516016960144 29.173200130462646 36.952720165252686 33.062960147857666 44.732240200042725 35.007840156555176 40.842480182647705 25.283440113067627
leaf_count=43 39 30 38 34 46 36 42 26
internal_value=-0.00149701 -0.00355932 -0.00515873 -0.00315315 -0.00543478 -0.00266667 0.00454545 -0.0129032
internal_weight=324.795 286.87 245.055 215.882 178.929 145.866 85.5747 60.2913
internal_count=334 295 252 222 184 150 88 62
is_linear=0
shrinkage=0.05


Tree=646
num_leaves=12
num_cat=0
split_feature=15 15 11 22 29 24 27 14 18 14 27
split_gain=3.94282 4.88647 4.01973 3.67593 6.65905 1.99938 1.98838 4.57114 1.27615 1.82201 1.80537
threshold=202.50000000000003 108.75000000000001 2175.0000000000005 0.054487982105322907 0.018384441387896706 0.28164050613030206 330.00000000000006 1585.0000000000002 0.48582766439909303 1123.7500000000002 1190.0000000000002
decision_type=2 2 2 2 2 2 2 2 2 2 2
left_child=1 6 -2 4 5 -4 7 -1 -8 -10 -11
right_child=2 -3 3 -5 -6 -7 8 -9 9 10 -12
leaf_value=-0.93677119624867378 0.16670734471993001 -0.0671980733973669 -0.0045061392060233635 0.0081105418847528202 -0.051782692424490052 0.015941100622103476 -0.019556717434761596 0.12975248964467029 -0.014921042153332564 -0.00069082184214721567 0.023856711826294941
leaf_weight=28.200760126113892 25.283440113067627 33.062960147857666 25.283440113067627 24.311000108718872 29.173200130462646 28.200760126113892 23.338560104370117 26.255880117416382 34.035400152206421 36.952720165252686 23.338560104370117
leaf_count=29 26 34 26 25 30 29 24 27 35 38 24
internal_value=-0.00158501 -0.00592417 0.00514706 0.000909091 -0.00411765 0.00636364 -0.00254237 0.00535714 -0.00619835 -0.00360825 0.0016129
internal_weight=337.437 205.185 132.252 106.968 82.6574 53.4842 172.122 54.4566 117.665 94.3267 60.2913
internal_count=347 211 136 110 85 55 177 56 121 97 62
is_linear=0
shrinkage=0.05


Tree=647
num_leaves=9
num_cat=0
split_feature=30 12 16 22 22 30 30 25
split_gain=2.84075 1.73292 3.03439 2.39093 4.31939 3.55635 3.40985 1.85227
threshold=0.14610162723370265 3645.0000000000005 3155.0000000000005 0.046515037131027157 0.007006953578957551 0.22278277737562743 0.22620005483313388 1560.0000000000002
decision_type=2 2 2 2 2 2 2 2
left_child=-1 2 3 4 6 -6 -2 -3
right_child=1 7 -4 -5 5 -7 -8 -9
leaf_value=-0.040606944943328928 -0.014642663788663413 0.62746506413827774 -0.10369318165185178 -0.013177979767920079 0.064609937850354987 0.00071764850655426933 0.0020303817096419155 0.0015319325493919679
leaf_weight=42.787360191345215 40.842480182647705 29.173200130462646 40.842480182647705 36.952720165252686 34.035400152206421 34.035400152206421 34.035400152206421 38.897600173950195
leaf_count=44 42 30 42 38 35 35 35 40
internal_value=-0.0016129 0.00016835 -0.00198238 0.000810811 0.0037415 0.0128571 -0.00454545 0.00714286
internal_weight=331.602 288.815 220.744 179.901 142.949 68.0708 74.8779 68.0708
internal_count=341 297 227 185 147 70 77 70
is_linear=0
shrinkage=0.05


Tree=648
num_leaves=12
num_cat=0
split_feature=18 25 18 25 27 25 22 18 11 27 30
split_gain=2.92695 4.566 3.93666 3.866 3.85945 4.11258 2.40795 5.6962 5.47808 3.84205 2.1292
threshold=0.25943574494787436 1560.0000000000002 0.3297263960529267 895 935.00000000000011 1085.0000000000002 0.007006953578957551 0.58940926798069671 1105.0000000000002 295.00000000000006 0.23227530039315628
decision_type=2 2 2 2 2 2 2 2 2 2 2
left_child=4 2 -2 6 -1 -6 9 8 -8 -4 -11
right_child=1 -3 3 -5 5 -7 7 -9 -10 10 -12
leaf_value=0.22866786243305343 -0.029542117063374465 -0.017177349145322297 0.29754246249035532 0.16745936807865291 -0.038133755540138738 0.010079493009425278 0.01429663862779762 0.061379440957841785 -0.098508522569250093 -0.22039173615289656 -6.9632457575607992e-05
leaf_weight=35.980280160903931 25.283440113067627 25.283440113067627 24.311000108718872 23.338560104370117 23.338560104370117 30.145640134811401 23.338560104370117 35.980280160903931 29.173200130462646 36.952720165252686 24.311000108718872
leaf_count=37 26 26 25 24 24 31 24 37 30 38 25
internal_value=-0.000144092 -0.00294118 -0.000655022 0.00172414 0.0076087 -0.000909091 -0.000837989 0.00494505 -0.00555556 -0.00681818 -0.0134921
internal_weight=337.437 247.972 222.689 197.405 89.4645 53.4842 174.067 88.492 52.5118 85.5747 61.2637
internal_count=347 255 229 203 92 55 179 91 54 88 63
is_linear=0
shrinkage=0.05


Tree=649
num_leaves=11
num_cat=0
split_feature=29 26 29 24 27 11 26 30 11 30
split_gain=2.5716 5.05147 2.89395 2.89196 2.28645 4.51247 4.0076 3.27636 2.61992 4.75288
threshold=0.015955159499210305 935.00000000000011 0.016949696914734105 0.11483641075477806 2565.0000000000005 3645.0000000000005 90.000000000000128 0.23709026373148462 1075.0000000000002 0.23453342965851146
decision_type=2 2 2 2 2 2 2 2 2 2
left_child=1 3 -2 -1 5 6 7 -4 -8 -10
right_child=2 -3 4 -5 -6 -7 8 -9 9 -11
leaf_value=0.15520208967011515 0.034415596232054216 -0.03109836777093733 -0.27699050481796805 -0.0071754700284827784 -0.20467950172496785 1.0922903871432481 0.01244342897932711 -0.0060850961903952342 0.018138056775171663 -0.010861469843007399
leaf_weight=35.980280160903931 34.035400152206421 27.228320121765137 23.338560104370117 36.952720165252686 26.255880117416382 27.228320121765137 32.090520143508911 32.090520143508911 31.118080139160156 28.200760126113892
leaf_count=37 35 28 24 38 27 28 33 33 32 29
internal_value=-0.00348837 -0.0101942 -0.000622407 -0.00333333 -0.00291262 -0.000837989 -0.00430464 -0.0149123 0.00212766 -0.00409836
internal_weight=334.519 100.161 234.358 72.933 200.323 174.067 146.838 55.4291 91.4094 59.3188
internal_count=344 103 241 75 206 179 151 57 94 61
is_linear=0
shrinkage=0.05


Tree=650
num_leaves=10
num_cat=0
split_feature=14 20 25 11 30 30 24 26 11
split_gain=4.03822 5.99758 2.39369 3.8885 3.3715 3.76608 4.57505 2.51303 1.01486
threshold=4051.2500000000005 0.45114007066671463 390.00000000000006 2620.0000000000005 0.15539210388166627 0.21603701970819641 0.051123479694908207 1005.0000000000001 2165.0000000000005
decision_type=2 2 2 2 2 2 2 2 2
left_child=2 -2 4 8 -1 7 -7 -6 -4
right_child=1 -3 3 -5 5 6 -8 -9 -10
leaf_value=0.11162249037254242 -0.086320848269588177 0.023260854349564399 0.15817949683596455 -0.0092742829059716311 -1.2641196091500433 0.0054678549151731207 -0.073481697085742329 -0.003565414590070759 0.022232122906461885
leaf_weight=39.87004017829895 35.980280160903931 23.338560104370117 24.311000108718872 30.145640134811401 24.311000108718872 43.75980019569397 39.87004017829895 33.062960147857666 25.283440113067627
leaf_count=41 37 24 25 31 25 45 41 34 26
internal_value=-0.00379939 -0.0155738 -0.0011194 0.00609756 -0.00430108 -0.00793103 -0.00116279 -0.0177966 0.0147059
internal_weight=319.933 59.3188 260.614 79.7401 180.874 141.004 83.6298 57.374 49.5944
internal_count=329 61 268 82 186 145 86 59 51
is_linear=0
shrinkage=0.05


Tree=651
num_leaves=12
num_cat=0
split_feature=16 28 16 14 25 30 29 15 27 27 11
split_gain=7.54186 4.33661 4.28203 3.86445 3.54478 3.09866 8.53649 2.98091 2.15503 2.48675 1.73135
threshold=3155.0000000000005 2.5000000000000004 2705.0000000000005 1126.2500000000002 1205.0000000000002 0.24994796080705359 0.019816422259881655 41.250000000000007 1385.0000000000002 295.00000000000006 4135.0000000000009
decision_type=2 2 2 2 2 2 2 2 2 2 2
left_child=2 4 3 7 -2 6 8 -1 9 -5 -6
right_child=1 -3 -4 5 10 -7 -8 -9 -10 -11 -12
leaf_value=0.00020352991169829694 -0.082004805856104215 0.21679128061794017 0.038983328083963903 -0.33697827516466533 -0.030616997166407603 -0.1000612792191987 0.028998475121306912 0.13950184660105833 -0.015277293520284729 0.15027052199416177 0.01864645072773783
leaf_weight=32.090520143508911 37.92516016960144 24.311000108718872 27.228320121765137 34.035400152206421 30.145640134811401 23.338560104370117 33.062960147857666 23.338560104370117 24.311000108718872 23.338560104370117 25.283440113067627
leaf_count=33 39 25 28 35 31 24 34 24 25 24 26
internal_value=-0.00258621 -0.0128099 0.00286344 0.000251256 -0.0177083 -0.00422535 -0.000847458 0.0114035 -0.00952381 -0.00423729 -0.00964912
internal_weight=338.409 117.665 220.744 193.516 93.3542 138.086 114.748 55.4291 81.685 57.374 55.4291
internal_count=348 121 227 199 96 142 118 57 84 59 57
is_linear=0
shrinkage=0.05


Tree=652
num_leaves=11
num_cat=0
split_feature=18 18 14 15 26 15 11 22 18 19
split_gain=3.29218 6.68994 2.82171 4.51587 3.16543 3.33487 3.1983 2.51173 3.35729 2.03443
threshold=0.18607442977190877 0.27746994573345846 4060.0000000000005 202.50000000000003 2565.0000000000005 101.25000000000001 2670.0000000000005 0.0018592021362581002 0.78407029478458068 0.5487481469762755
decision_type=2 2 2 2 2 2 2 2 2 2
left_child=-1 9 3 4 5 6 7 -3 -9 -2
right_child=1 2 -4 -5 -6 -7 -8 8 -10 -11
leaf_value=0.11012753364047967 -0.019650132791571198 -0.1909263863187107 -0.032944183435665762 0.027413759301566643 -0.01973798071314832 -0.0499460360646026 0.048710078252361205 -0.053420214155062241 0.0094774534456746554 -0.041643183572796262
leaf_weight=43.75980019569397 34.035400152206421 25.283440113067627 29.173200130462646 25.283440113067627 23.338560104370117 24.311000108718872 27.228320121765137 41.81492018699646 40.842480182647705 23.338560104370117
leaf_count=45 35 26 30 26 24 25 28 43 42 24
internal_value=-0.000574713 -0.00247525 0.00122951 0.00327103 0.000531915 0.00304878 0.00611511 0.00225225 0.00647059 -0.0177966
internal_weight=338.409 294.649 237.275 208.102 182.819 159.48 135.169 107.941 82.6574 57.374
internal_count=348 303 244 214 188 164 139 111 85 59
is_linear=0
shrinkage=0.05


Tree=653
num_leaves=12
num_cat=0
split_feature=16 15 15 20 11 14 25 29 15 30 14
split_gain=6.64297 3.83915 3.43109 3.42784 4.30627 3.35851 3.07809 2.81363 2.60605 1.51357 4.20437
threshold=3175.0000000000005 371.25000000000006 258.75000000000006 0.48676587301587299 1615.0000000000002 4373.7500000000009 85.000000000000014 0.014809731492041503 93.750000000000014 0.24833365703577412 1128.7500000000002
decision_type=2 2 2 2 2 2 2 2 2 2 2
left_child=3 2 -2 4 7 -3 -6 -1 9 10 -9
right_child=1 5 -4 -5 6 -7 -8 8 -10 -11 -12
leaf_value=-0.061313117511724614 -0.033459837520831572 -0.018667626152000596 -0.06350537201756197 -0.054262578581358412 0.054811611058630666 0.059759760065071534 0.01340206619208857 -0.27755275086825576 0.02724878547971912 0.0090035807733897851 0.0078984341539694476
leaf_weight=35.980280160903931 25.283440113067627 25.283440113067627 24.311000108718872 35.980280160903931 26.255880117416382 33.062960147857666 30.145640134811401 26.255880117416382 26.255880117416382 23.338560104370117 23.338560104370117
leaf_count=37 26 26 25 37 27 34 31 27 27 24 24
internal_value=-0.000144928 -0.0103604 -0.0205882 0.00470085 0.00736041 -0.00166667 0.0189655 0.00251799 0.00686275 0.002 -0.00294118
internal_weight=335.492 107.941 49.5944 227.551 191.571 58.3464 56.4015 135.169 99.1889 72.933 49.5944
internal_count=345 111 51 234 197 60 58 139 102 75 51
is_linear=0
shrinkage=0.05


Tree=654
num_leaves=11
num_cat=0
split_feature=15 11 16 11 27 30 16 18 18 26
split_gain=6.86997 6.0298 6.79794 3.98311 3.60483 3.46568 2.82271 2.57545 4.49095 0.875196
threshold=71.250000000000014 3035.0000000000005 4645.0000000000009 3360.0000000000005 1225.0000000000002 0.22620005483313388 1360.0000000000002 0.78407029478458068 0.36256301873500213 205.00000000000003
decision_type=2 2 2 2 2 2 2 2 2 2
left_child=4 5 3 -3 7 6 -2 8 -1 -9
right_child=1 2 -4 -5 -6 -7 -8 9 -10 -11
leaf_value=0.15864020458104733 -0.013378566315032004 -0.017734244844405112 0.0014382591056346429 -0.060438548432512111 0.032768157445991618 0.023666409345628383 0.031327180295602379 0.14964523056223697 -0.25020862477024369 0.011588661882967699
leaf_weight=28.200760126113892 28.200760126113892 27.228320121765137 38.897600173950195 30.145640134811401 25.283440113067627 43.75980019569397 29.173200130462646 23.338560104370117 26.255880117416382 35.007840156555176
leaf_count=29 29 28 40 31 26 45 30 24 27 36
internal_value=0.00130435 -0.0046798 -0.0136364 -0.0245763 0.00985915 0.00384615 -0.00423729 0.00603448 -0.00178571 0.0133333
internal_weight=335.492 197.405 96.2716 57.374 138.086 101.134 57.374 112.803 54.4566 58.3464
internal_count=345 203 99 59 142 104 59 116 56 60
is_linear=0
shrinkage=0.05


Tree=655
num_leaves=11
num_cat=0
split_feature=14 20 26 26 24 18 29 25 15 20
split_gain=4.59915 6.16969 3.82798 3.79265 3.27636 3.03629 2.75361 2.23874 2.87382 2.69941
threshold=4051.2500000000005 0.4413818102998775 2565.0000000000005 1055.0000000000002 0.032029478458049855 0.97074829931972795 0.024764111196646003 310.00000000000006 33.750000000000007 0.4314087301587301
decision_type=2 2 2 2 2 2 2 2 2 2
left_child=2 -2 3 5 -5 6 7 8 -1 -9
right_child=1 -3 -4 4 -6 -7 -8 9 -10 -11
leaf_value=0.023148977127357286 -0.07931725735006695 0.019088094776725486 -0.0051768476053212003 0.014582086895518388 0.0044925231186653041 0.061102667808017944 -0.051631557008886379 0.23906649657164963 -0.045603556381524871 -0.010012551244744828
leaf_weight=27.228320121765137 32.090520143508911 27.228320121765137 26.255880117416382 23.338560104370117 32.090520143508911 30.145640134811401 29.173200130462646 23.338560104370117 42.787360191345215 32.090520143508911
leaf_count=28 33 28 27 24 33 31 30 24 44 33
internal_value=-0.00134328 -0.0139344 0.00145985 0.0034413 0.0149123 0 -0.00283019 0.000387597 -0.00555556 0.00789474
internal_weight=325.767 59.3188 266.449 240.193 55.4291 184.764 154.618 125.445 70.0157 55.4291
internal_count=335 61 274 247 57 190 159 129 72 57
is_linear=0
shrinkage=0.05


Tree=656
num_leaves=11
num_cat=0
split_feature=15 27 11 27 18 16 15 29 16 30
split_gain=6.30793 4.97482 5.38827 3.66665 3.07873 3.50184 2.90116 2.40373 3.32197 1.35068
threshold=116.25000000000001 2595.0000000000005 2975.0000000000005 1005.0000000000001 0.48582766439909303 2050.0000000000005 348.75000000000006 0.019525017892454505 1155.0000000000002 0.22826267681060722
decision_type=2 2 2 2 2 2 2 2 2 2
left_child=4 2 3 -2 9 7 -4 8 -6 -1
right_child=1 -3 6 -5 5 -7 -8 -9 -10 -11
leaf_value=-0.03112475955849732 -1.1993766572089612 0.011125052008969761 -0.082345762332602143 0.025064666728803787 0.068028900692763725 0.046700883848120614 -0.031639852797434288 0.0052265272517388441 -0.16632010467837974 0.030450130591020752
leaf_weight=28.200760126113892 28.200760126113892 36.952720165252686 23.338560104370117 31.118080139160156 26.255880117416382 35.980280160903931 35.980280160903931 44.732240200042725 23.338560104370117 25.283440113067627
leaf_count=29 29 38 24 32 27 37 37 46 24 26
internal_value=-0.000716332 -0.008125 -0.0131148 -0.00245902 0.00555556 0.00970149 -0.0237705 0.00463918 -0.00294118 -0.00454545
internal_weight=339.382 155.59 118.638 59.3188 183.791 130.307 59.3188 94.3267 49.5944 53.4842
internal_count=349 160 122 61 189 134 61 97 51 55
is_linear=0
shrinkage=0.05


Tree=657
num_leaves=12
num_cat=0
split_feature=18 15 11 14 18 29 22 29 14 16 29
split_gain=5.50133 7.27297 6.18005 3.88856 3.37246 3.18846 2.78767 2.63928 2.48651 1.84823 0.476297
threshold=0.48242630385487534 371.25000000000006 3205.0000000000005 1118.7500000000002 0.37630385487528351 0.019816422259881655 0.046515037131027157 0.017330245091656305 4261.2500000000009 2050.0000000000005 0.019190078373099852
decision_type=2 2 2 2 2 2 2 2 2 2 2
left_child=1 2 4 10 6 7 -1 9 -3 -5 -2
right_child=3 8 -4 5 -6 -7 -8 -9 -10 -11 -12
leaf_value=0.027906991405689044 0.0092098498096788717 0.00025306024701876595 -0.048093022163834577 0.018534860609520365 -0.078228474215961796 0.017105538433543187 -0.011112472388867901 -0.069462799174880283 0.057327447007583035 0.1478475589152822 -0.060032590197420181
leaf_weight=39.87004017829895 23.338560104370117 27.228320121765137 31.118080139160156 29.173200130462646 24.311000108718872 42.787360191345215 36.952720165252686 23.338560104370117 24.311000108718872 24.311000108718872 24.311000108718872
leaf_count=41 24 28 32 30 25 44 38 24 25 25 25
internal_value=0.000415512 -0.00555556 -0.0117647 0.00697674 -0.00576923 0.0117886 -0.000632911 0.0056962 0.0103774 0.0118182 -0.00510204
internal_weight=351.051 183.791 132.252 167.26 101.134 119.61 76.8228 76.8228 51.5393 53.4842 47.6496
internal_count=361 189 136 172 104 123 79 79 53 55 49
is_linear=0
shrinkage=0.05


Tree=658
num_leaves=11
num_cat=0
split_feature=15 18 22 11 11 18 18 22 22 22
split_gain=5.04525 3.56945 5.01137 4.49846 3.45702 2.63905 1.26195 3.02438 2.88835 0.716089
threshold=93.750000000000014 0.19004787100025192 0.044644107948355057 2325.0000000000005 2670.0000000000005 0.42578384737353592 0.75982615268329567 0.014455782312925151 0.0026594270113644005 0.0046618334019805007
decision_type=2 2 2 2 2 2 2 2 2 2
left_child=4 -2 3 -3 6 -5 7 -1 -8 -10
right_child=1 2 -4 5 -6 -7 8 -9 9 -11
leaf_value=-0.057030960687552583 0.049329553494067119 0.026904446465164256 -0.029793104935924932 -0.013740728569086969 0.032958022719049039 -0.07029626188391376 -0.17004601954682813 0.011473297439943055 0.012172803323630889 0.0087493573191977699
leaf_weight=25.283440113067627 31.118080139160156 43.75980019569397 27.228320121765137 38.897600173950195 28.200760126113892 24.311000108718872 32.090520143508911 30.145640134811401 26.255880117416382 23.338560104370117
leaf_count=26 32 45 28 40 29 25 33 31 27 24
internal_value=0.000294118 -0.00588235 -0.00942029 -0.00454545 0.00647059 -0.0130769 0.00319149 -0.00263158 0.00714286 0.0147059
internal_weight=330.63 165.315 134.197 106.968 165.315 63.2086 137.114 55.4291 81.685 49.5944
internal_count=340 170 138 110 170 65 141 57 84 51
is_linear=0
shrinkage=0.05


Tree=659
num_leaves=12
num_cat=0
split_feature=22 16 11 20 16 22 14 24 14 11 30
split_gain=5.994 4.63552 4.7931 6.04637 2.84901 3.83858 2.32982 4.21305 3.27636 2.91732 1.34845
threshold=0.023334787868018101 4585.0000000000009 3035.0000000000005 0.48676587301587299 4000.0000000000009 0.00091086781934990009 1131.2500000000002 0.068783068783068765 1113.7500000000002 1165.0000000000002 0.22620005483313388
decision_type=2 2 2 2 2 2 2 2 2 2 2
left_child=4 2 3 10 5 -1 8 9 -7 -8 -2
right_child=1 -3 -4 -5 -6 6 7 -9 -10 -11 -12
leaf_value=0.38661786271977694 0.010899632567952722 0.04410665955449531 -0.070802237410975979 -0.36296444930446797 -0.011727225203185299 0.0086478181350003076 0.0041811211760432341 0.047867724434570394 0.01304062490190745 -0.71270472025796616 0.031191146636319902
leaf_weight=26.255880117416382 25.283440113067627 24.311000108718872 40.842480182647705 27.228320121765137 31.118080139160156 32.090520143508911 23.338560104370117 37.92516016960144 23.338560104370117 23.338560104370117 23.338560104370117
leaf_count=27 26 25 42 28 32 33 24 39 24 24 24
internal_value=0.00201149 -0.00586207 -0.01 -0.0025641 0.00763547 0.0102339 0.00694444 0.00172414 0.0149123 -0.00833333 0.008
internal_weight=338.409 141.004 116.693 75.8503 197.405 166.287 140.031 84.6023 55.4291 46.6771 48.622
internal_count=348 145 120 78 203 171 144 87 57 48 50
is_linear=0
shrinkage=0.05


Tree=660
num_leaves=10
num_cat=0
split_feature=14 28 29 26 26 30 18 11 30
split_gain=5.33073 4.56968 3.50078 3.34467 3.62493 3.15727 2.32989 2.27028 1.8336
threshold=3123.7500000000005 2.5000000000000004 0.016044002109643307 2565.0000000000005 90.000000000000128 0.23046621684217028 0.25943574494787436 1145.0000000000002 0.23676646859869618
decision_type=2 2 2 2 2 2 2 2 2
left_child=3 2 -2 4 6 -4 -1 8 -6
right_child=1 -3 5 -5 7 -7 -8 -9 -10
leaf_value=0.028491700276367739 -0.0012381436793930335 0.20626822557578636 -0.23893604065965521 -0.010370808673076227 -0.0014260676929666262 -0.024763337818581022 -0.2074888782772405 0.054608204462419964 0.012388593656817194
leaf_weight=30.145640134811401 34.035400152206421 24.311000108718872 29.173200130462646 26.255880117416382 39.87004017829895 32.090520143508911 43.75980019569397 45.704680204391479 33.062960147857666
leaf_count=31 35 25 30 27 41 33 45 47 34
internal_value=-0.000862069 -0.00934959 -0.0142857 0.00377778 0.00606061 -0.0214286 -0.00263158 0.0114754 0.006
internal_weight=338.409 119.61 95.2991 218.799 192.543 61.2637 73.9054 118.638 72.933
internal_count=348 123 98 225 198 63 76 122 75
is_linear=0
shrinkage=0.05


Tree=661
num_leaves=12
num_cat=0
split_feature=16 14 27 16 14 20 29 15 22 30 14
split_gain=5.99239 8.58177 4.47202 3.1213 2.53044 5.39987 2.1727 2.2412 2.47072 4.28684 2.02592
threshold=3155.0000000000005 3655.0000000000005 2565.0000000000005 2705.0000000000005 4051.2500000000005 0.4413818102998775 0.014315771398646751 176.25000000000003 0.0033513225575603008 0.24233497676656207 1188.7500000000002
decision_type=2 2 2 2 2 2 2 2 2 2 2
left_child=2 -2 3 6 -3 -6 -1 8 -8 10 -10
right_child=1 4 -4 -5 5 -7 7 -9 9 -11 -12
leaf_value=-0.12950666508603489 -0.083387363498286515 0.0098576917550190057 -0.0034554201540117901 0.024415347676813328 -0.27247350548764188 0.0089257129602628993 0.011769163973974629 -0.011036760164847692 0.010292702229514818 0.0016958652615244318 0.37785175887579503
leaf_weight=35.980280160903931 24.311000108718872 30.145640134811401 28.200760126113892 24.311000108718872 28.200760126113892 32.090520143508911 27.228320121765137 23.338560104370117 23.338560104370117 31.118080139160156 23.338560104370117
leaf_count=37 25 31 29 25 29 33 28 24 24 32 24
internal_value=0.0016129 -0.00762712 0.00650224 0.00927835 -0.000537634 -0.00645161 0.00680473 0.00984848 0.012963 0.0175 0.0270833
internal_weight=331.602 114.748 216.854 188.653 90.4369 60.2913 164.342 128.362 105.024 77.7952 46.6771
internal_count=341 118 223 194 93 62 169 132 108 80 48
is_linear=0
shrinkage=0.05


Tree=662
num_leaves=11
num_cat=0
split_feature=11 26 18 24 14 18 22 22 18 22
split_gain=2.18024 4.94783 3.37664 2.66921 10.2291 2.66217 4.34842 3.03888 5.17161 2.03172
threshold=1095.0000000000002 1015.0000000000001 0.82702388314633224 0.082388510959939473 1113.7500000000002 0.21167620487348379 0.044644107948355057 0.012869502591618202 0.31104320516085227 0.054487982105322907
decision_type=2 2 2 2 2 2 2 2 2 2
left_child=3 2 5 4 -1 9 7 -7 -9 -2
right_child=1 -3 -4 -5 -6 6 -8 8 -10 -11
leaf_value=-0.010020741121616085 -0.0063632608946591063 -0.063030850181530693 0.072661678979238795 -0.0031776471095554372 0.023517943646459118 -0.17095714868328288 -0.054713563474092557 -0.01669446021728618 0.067234988730751871 0.15404669235870189
leaf_weight=31.118080139160156 28.200760126113892 39.87004017829895 35.980280160903931 34.035400152206421 27.228320121765137 23.338560104370117 26.255880117416382 32.090520143508911 37.92516016960144 24.311000108718872
leaf_count=32 29 41 37 35 28 24 27 33 39 25
internal_value=0.000285714 -0.00215686 0.000934579 0.00684211 0.0133333 -0.0019774 -0.00609756 -0.00104167 0.00416667 0.00740741
internal_weight=340.354 247.972 208.102 92.3818 58.3464 172.122 119.61 93.3542 70.0157 52.5118
internal_count=350 255 214 95 60 177 123 96 72 54
is_linear=0
shrinkage=0.05


Tree=663
num_leaves=12
num_cat=0
split_feature=24 14 14 29 16 26 20 29 25 15 12
split_gain=4.97759 5.05932 10.3752 4.05059 3.90587 2.94802 4.24597 2.58259 2.02592 1.9786 1.6894
threshold=0.028231292517006755 3123.7500000000005 3620.0000000000005 0.019625800787450905 1125.0000000000002 1170.0000000000002 0.48676587301587299 0.019190078373099852 2290.0000000000005 63.750000000000007 1735.0000000000002
decision_type=2 2 2 2 2 2 2 2 2 2 2
left_child=4 5 -3 8 -1 6 9 10 -4 -2 -6
right_child=1 2 3 -5 7 -7 -8 -9 -10 -11 -12
leaf_value=-0.0095197040655307322 0.018000901247660295 -0.095445075447582906 0.0048596719633906106 -0.012352448457227183 0.0060406292990023763 -0.0024134804389518653 -0.025296914602040491 0.022342046464132181 0.011652556829176319 0.044399282123902144 0.26059193073231202
leaf_weight=25.283440113067627 29.173200130462646 26.255880117416382 23.338560104370117 29.173200130462646 24.311000108718872 35.007840156555176 33.062960147857666 33.062960147857666 23.338560104370117 31.118080139160156 23.338560104370117
leaf_count=26 30 27 24 30 25 36 34 34 24 32 24
internal_value=0.00433526 0.00021097 -0.00809524 0.00128205 0.0133028 0.00681818 0.0114583 0.0186747 0.0104167 0.0193548 0.0112245
internal_weight=336.464 230.468 102.106 75.8503 105.996 128.362 93.3542 80.7125 46.6771 60.2913 47.6496
internal_count=346 237 105 78 109 132 96 83 48 62 49
is_linear=0
shrinkage=0.05


Tree=664
num_leaves=12
num_cat=0
split_feature=11 22 29 15 18 14 18 14 27 29 6
split_gain=4.36824 4.118 4.36351 2.96284 4.48177 6.4667 2.88316 2.76859 1.50461 1.09562 0.929436
threshold=4195.0000000000009 0.046515037131027157 0.023443842226493754 378.75000000000006 0.48242630385487534 1100.0000000000002 0.37630385487528351 1141.2500000000002 535.00000000000011 0.019032712606033005 1.0000000180025095e-35
decision_type=2 2 2 2 2 2 2 2 2 2 2
left_child=1 3 -3 4 6 -6 10 9 -9 -7 -1
right_child=-2 2 -4 -5 5 7 -8 8 -10 -11 -12
leaf_value=0.02099281008906928 -0.023622356589612536 -0.051360262877528845 0.0086902413862844693 0.013720184984003937 -0.25371357010058093 0.38072873064035095 -0.055107053900087521 0.083108711787144796 0.00034245880581238456 0.0010044032421319571 -0.048851449510425485
leaf_weight=24.311000108718872 28.200760126113892 27.228320121765137 25.283440113067627 35.980280160903931 23.338560104370117 23.338560104370117 24.311000108718872 25.283440113067627 42.787360191345215 24.311000108718872 25.283440113067627
leaf_count=25 29 28 26 37 24 24 25 26 44 25 26
internal_value=-0.000147493 0.0016129 -0.0111111 0.00429688 0.00205479 0.00734266 -0.00789474 0.0121849 0.00571429 0.0214286 -0.000980392
internal_weight=329.657 301.456 52.5118 248.945 212.964 139.059 73.9054 115.72 68.0708 47.6496 49.5944
internal_count=339 310 54 256 219 143 76 119 70 49 51
is_linear=0
shrinkage=0.05


Tree=665
num_leaves=10
num_cat=0
split_feature=27 27 30 27 24 18 14 18 14
split_gain=2.02941 2.12276 2.64725 1.6032 2.17128 3.14558 4.01892 3.10738 0.99315
threshold=130.00000000000003 360.00000000000006 0.16770300206248567 920.00000000000011 0.60881159342043711 0.60887503149407929 1141.2500000000002 0.27746994573345846 1585.0000000000002
decision_type=2 2 2 2 2 2 2 2 2
left_child=8 -2 -3 -4 5 7 -7 -5 -1
right_child=1 2 3 4 -6 6 -8 -9 -10
leaf_value=0.15581263821619587 -0.22833150355413637 -0.022441238760120542 0.1768161101667147 0.0026768278508598089 -0.021464055728051792 0.00095418308002308554 -0.043944583772031365 0.024968734591516297 0.15828292497433269
leaf_weight=25.283440113067627 31.118080139160156 45.704680204391479 36.952720165252686 33.062960147857666 23.338560104370117 44.732240200042725 32.090520143508911 39.87004017829895 24.311000108718872
leaf_count=26 32 47 38 34 24 46 33 41 25
internal_value=0.00144509 -0.000169492 0.0013308 0.0037037 0.00168539 0.0038961 -0.00316456 0.0113333 0.0107843
internal_weight=336.464 286.87 255.752 210.047 173.094 149.756 76.8228 72.933 49.5944
internal_count=346 295 263 216 178 154 79 75 51
is_linear=0
shrinkage=0.05


Tree=666
num_leaves=10
num_cat=0
split_feature=18 29 30 22 18 18 29 15 18
split_gain=5.638 2.41172 2.74707 3.4282 7.84232 5.14962 4.50362 2.25429 1.14898
threshold=0.97074829931972795 0.024764111196646003 0.22826267681060722 0.0056581435199947504 0.62871720116618091 0.36256301873500213 0.015781292975569104 101.25000000000001 0.21831695641219453
decision_type=2 2 2 2 2 2 2 2 2
left_child=1 2 3 -1 5 6 -5 -4 -8
right_child=-2 -3 7 4 -6 -7 8 -9 -10
leaf_value=-0.31899021680769696 0.1286094241457704 -0.0071165485185701984 0.071039129949076602 0.0091872693722962143 0.11070845646326007 -0.023996931260830936 0.0037252805750313204 0.0085868529753497565 -0.057633055241990409
leaf_weight=28.200760126113892 44.732240200042725 41.81492018699646 31.118080139160156 34.035400152206421 29.173200130462646 41.81492018699646 23.338560104370117 33.062960147857666 25.283440113067627
leaf_count=29 46 43 32 35 30 43 24 34 26
internal_value=0.000877193 -0.00168919 0.000197628 -0.00294118 0 -0.00546875 0.00176471 0.00909091 -0.008
internal_weight=332.574 287.842 246.027 181.846 153.646 124.472 82.6574 64.181 48.622
internal_count=342 296 253 187 158 128 85 66 50
is_linear=0
shrinkage=0.05


Tree=667
num_leaves=10
num_cat=0
split_feature=27 28 14 27 14 27 24 18 18
split_gain=3.87849 2.76946 3.72402 5.5443 3.76245 3.36412 3.29249 1.47694 0.781941
threshold=2985.0000000000005 3.5000000000000004 3111.2500000000005 1640.0000000000002 1250.0000000000002 655.00000000000011 0.26726969175948773 0.8595049130763418 0.68532261389404259
decision_type=2 2 2 2 2 2 2 2 2
left_child=1 2 4 6 7 -6 -4 8 -1
right_child=-2 -3 3 -5 5 -7 -8 -9 -10
leaf_value=-0.0066107948733019842 0.05710560868888024 0.017575058327372519 -0.0017068250380361861 0.0020836229896985972 -0.013960161855038677 0.026601950624035454 -0.050029792704049218 0.00011417613380899639 -0.18667676548653844
leaf_weight=26.255880117416382 32.090520143508911 43.75980019569397 25.283440113067627 34.035400152206421 35.980280160903931 35.980280160903931 32.090520143508911 41.81492018699646 24.311000108718872
leaf_count=27 33 45 26 35 37 37 33 43 25
internal_value=0.000146628 -0.00162338 -0.00361217 -0.0117021 0.000887574 0.00945946 -0.0211864 -0.00578947 -0.0115385
internal_weight=331.602 299.512 255.752 91.4094 164.342 71.9606 57.374 92.3818 50.5669
internal_count=341 308 263 94 169 74 59 95 52
is_linear=0
shrinkage=0.05


Tree=668
num_leaves=10
num_cat=0
split_feature=25 29 30 15 27 27 11 18 16
split_gain=3.15776 4.12906 3.07191 2.83387 3.46991 2.74883 3.40438 2.52858 1.36925
threshold=545.00000000000011 0.020532980868485703 0.20389682208176158 416.25000000000006 1055.0000000000002 1385.0000000000002 1135.0000000000002 0.75982615268329567 2135.0000000000005
decision_type=2 2 2 2 2 2 2 2 2
left_child=1 2 5 4 -2 6 -1 -3 -4
right_child=3 7 8 -5 -6 -7 -8 -9 -10
leaf_value=1.573070547730788 -0.018552705602314746 0.0059032849997038284 -0.0013864446691513876 -0.02616264590951687 0.0036506615324015004 -0.00628025512963859 0.00077997008490910964 0.020564858809359522 -0.049038977966847599
leaf_weight=23.338560104370117 36.952720165252686 29.173200130462646 29.173200130462646 36.952720165252686 45.704680204391479 24.311000108718872 41.81492018699646 33.062960147857666 25.283440113067627
leaf_count=24 38 30 30 38 47 25 43 34 26
internal_value=-0.000447761 0.00330189 -0.00135135 -0.00691057 -0.00176471 0.00434783 0.00970149 0.0140625 -0.0107143
internal_weight=325.767 206.157 143.921 119.61 82.6574 89.4645 65.1535 62.2362 54.4566
internal_count=335 212 148 123 85 92 67 64 56
is_linear=0
shrinkage=0.05


Tree=669
num_leaves=11
num_cat=0
split_feature=20 20 20 29 22 29 29 18 20 18
split_gain=4.37416 4.49638 3.26761 5.07237 4.03415 3.2439 2.51844 2.14697 2.09687 1.46886
threshold=0.48676587301587299 0.46556840513983372 0.37411408440927391 0.019625800787450905 0.0047351711226122509 0.024307797493757853 0.018947301119663803 0.97074829931972795 0.51920912247040063 0.63817082388510971
decision_type=2 2 2 2 2 2 2 2 2 2
left_child=1 2 3 4 7 -5 -4 -1 -2 -6
right_child=8 -3 6 5 9 -7 -8 -9 -10 -11
leaf_value=-0.65900337745155191 -0.091923942667108349 0.12360839629764087 0.00018205163279390036 0.019536615868889842 0.001058508611617981 9.9544171575871587e-05 -0.0055567699466337224 -0.0027726072917403145 0.0035878989100183393 0.1829127098438221
leaf_weight=24.311000108718872 32.090520143508911 23.338560104370117 32.090520143508911 36.952720165252686 37.92516016960144 27.228320121765137 28.200760126113892 28.200760126113892 23.338560104370117 26.255880117416382
leaf_count=25 33 24 33 38 39 28 29 29 24 27
internal_value=0.00136778 0.00404412 0.00201613 0.00537634 -0.000833333 0.0166667 -0.00806452 -0.0111111 -0.0114035 0.00757576
internal_weight=319.933 264.504 241.165 180.874 116.693 64.181 60.2913 52.5118 55.4291 64.181
internal_count=329 272 248 186 120 66 62 54 57 66
is_linear=0
shrinkage=0.05


Tree=670
num_leaves=10
num_cat=0
split_feature=18 14 11 20 25 19 11 30 20
split_gain=3.13805 3.95513 4.88127 3.31718 6.87368 4.24672 2.14749 2.0258 1.48696
threshold=0.58940926798069671 1118.7500000000002 1115.0000000000002 0.4413818102998775 595.00000000000011 0.49515960230245953 1615.0000000000002 0.19378030139270608 0.49351351351351352
decision_type=2 2 2 2 2 2 2 2 2
left_child=3 -2 -3 5 -5 6 -1 -4 -6
right_child=1 2 7 4 8 -7 -8 -9 -10
leaf_value=-0.0060191678037313069 -0.0087718949976192569 0.031633046436888891 0.041741994333028748 0.58238543623415351 -0.010999956936848321 -0.049520125448998448 0.0048425914849303808 -0.0039426097998330077 0.003408503964510601
leaf_weight=36.952720165252686 40.842480182647705 33.062960147857666 26.255880117416382 28.200760126113892 26.255880117416382 24.311000108718872 37.92516016960144 39.87004017829895 35.007840156555176
leaf_count=38 42 34 27 29 27 25 39 41 36
internal_value=0.00266272 0.00833333 0.0137255 -0.00154639 0.00543478 -0.00784314 -0.00194805 0.00588235 -0.00396825
internal_weight=328.685 140.031 99.1889 188.653 89.4645 99.1889 74.8779 66.1259 61.2637
internal_count=338 144 102 194 92 102 77 68 63
is_linear=0
shrinkage=0.05


Tree=671
num_leaves=10
num_cat=0
split_feature=29 29 15 18 20 18 29 18 15
split_gain=4.259 5.21052 6.35087 5.54756 2.78822 5.19194 3.37549 3.2045 1.5432
threshold=0.017635136160266001 0.016044002109643307 296.25000000000006 0.62871720116618091 0.37411408440927391 0.21831695641219453 0.023944345237044754 0.91130142533203762 311.25000000000006
decision_type=2 2 2 2 2 2 2 2 2
left_child=1 2 3 -1 6 8 7 -2 -6
right_child=4 -3 -4 -5 5 -7 -8 -9 -10
leaf_value=-0.027293613073720736 0.034681516375849243 -0.083307675618016219 0.049731069121344264 0.039654894616387541 0.12744856470544619 -0.1050209089345799 -0.00014756261125512538 0.00024274693651022973 0.029470106681719701
leaf_weight=37.92516016960144 45.704680204391479 35.980280160903931 26.255880117416382 40.842480182647705 23.338560104370117 36.952720165252686 31.118080139160156 24.311000108718872 24.311000108718872
leaf_count=39 47 37 27 42 24 38 32 25 25
internal_value=0 -0.00655172 -0.000925926 -0.00802469 0.00497382 -0.00172414 0.0105769 0.0166667 0.00918367
internal_weight=326.74 141.004 105.024 78.7676 185.736 84.6023 101.134 70.0157 47.6496
internal_count=336 145 108 81 191 87 104 72 49
is_linear=0
shrinkage=0.05


Tree=672
num_leaves=11
num_cat=0
split_feature=14 24 11 27 15 22 18 16 20 14
split_gain=3.81152 4.22204 4.45043 3.65141 2.68968 3.0045 2.45257 2.91732 2.62882 4.3389
threshold=4557.5000000000009 0.028231292517006755 2620.0000000000005 1525.0000000000002 48.750000000000007 0.0026594270113644005 0.42578384737353592 1205.0000000000002 0.45114007066671463 2257.5000000000005
decision_type=2 2 2 2 2 2 2 2 2 2
left_child=1 4 6 -4 5 -1 8 -8 -3 -10
right_child=-2 2 3 -5 -6 -7 7 -9 9 -11
leaf_value=-0.017232366349412588 0.16919342117889757 -0.048924434704258606 -0.046497675924206311 -0.00058256139002423881 0.033449220109173443 0.064643162481661423 -0.00047877994147711435 0.11876173078446756 -0.068547444864429971 0.15925284883733185
leaf_weight=34.035400152206421 24.311000108718872 30.145640134811401 43.75980019569397 35.980280160903931 33.062960147857666 28.200760126113892 23.338560104370117 23.338560104370117 26.255880117416382 23.338560104370117
leaf_count=35 25 31 45 37 34 29 24 24 27 24
internal_value=-0.00104478 -0.00258065 -0.00660377 -0.0158537 0.00612245 0 -0.000769231 0.00833333 -0.00609756 0.000980392
internal_weight=325.767 301.456 206.157 79.7401 95.2991 62.2362 126.417 46.6771 79.7401 49.5944
internal_count=335 310 212 82 98 64 130 48 82 51
is_linear=0
shrinkage=0.05


Tree=673
num_leaves=11
num_cat=0
split_feature=18 28 16 25 27 29 14 15 30 11
split_gain=6.6551 4.15516 4.9924 3.67161 3.51089 5.20855 4.23559 3.79592 3.25295 2.04262
threshold=0.14557823129251699 3.5000000000000004 3145.0000000000005 2050.0000000000005 995.00000000000011 0.017379973997757755 1146.2500000000002 48.750000000000007 0.19378030139270608 1775.0000000000002
decision_type=2 2 2 2 2 2 2 2 2 2
left_child=-1 2 4 8 6 -6 -2 -7 -4 -8
right_child=1 -3 3 -5 5 7 9 -9 -10 -11
leaf_value=-0.090825292125987292 -0.93148146128647802 0.031776759103718182 -0.0041851913358186719 0.0024772483393462608 -0.0025213067063418748 0.0031182836245420733 0.22198916333926491 0.052273513731176995 -0.05798481937799807 -0.0052671029212433499
leaf_weight=23.338560104370117 25.283440113067627 36.952720165252686 24.311000108718872 35.980280160903931 38.897600173950195 27.228320121765137 23.338560104370117 33.062960147857666 35.980280160903931 25.283440113067627
leaf_count=24 26 38 25 37 40 28 24 34 37 26
internal_value=0.000737463 0.00269841 0.000541516 -0.00858586 0.00561798 0.0117647 -0.00263158 0.0209677 -0.016129 0.006
internal_weight=329.657 306.319 269.366 96.2716 173.094 99.1889 73.9054 60.2913 60.2913 48.622
internal_count=339 315 277 99 178 102 76 62 62 50
is_linear=0
shrinkage=0.05


Tree=674
num_leaves=11
num_cat=0
split_feature=29 22 24 29 30 29 27 27 16 15
split_gain=3.42117 3.91276 4.25587 3.51264 2.65091 2.37127 2.60629 2.68988 2.40258 2.02592
threshold=0.017873076528435203 0.026583253183362403 0.14652845265090161 0.018834141677800904 0.15539210388166627 0.020062127916243153 475.00000000000006 1065.0000000000002 2625.0000000000005 258.75000000000006
decision_type=2 2 2 2 2 2 2 2 2 2
left_child=1 2 4 -2 -1 -5 -7 -8 -9 -3
right_child=3 9 -4 5 -6 6 7 8 -10 -11
leaf_value=0.038994104173116287 0.12816375708803207 -0.041001251613442952 0.0079273840224004747 -0.53625661302075966 -0.052782758560260851 0.12904477331969702 -0.0046707185466289053 0.0094283627694380819 -0.0084472380205852463 -0.00067729573750057175
leaf_weight=33.062960147857666 31.118080139160156 23.338560104370117 30.145640134811401 24.311000108718872 42.787360191345215 31.118080139160156 39.87004017829895 33.062960147857666 24.311000108718872 23.338560104370117
leaf_count=34 32 24 31 25 44 32 41 34 25 24
internal_value=-0.00115607 -0.0066879 -0.00137615 0.00343915 -0.00769231 0.000318471 0.0030303 -0.001 0.0059322 -0.01875
internal_weight=336.464 152.673 105.996 183.791 75.8503 152.673 128.362 97.244 57.374 46.6771
internal_count=346 157 109 189 78 157 132 100 59 48
is_linear=0
shrinkage=0.05


Tree=675
num_leaves=12
num_cat=0
split_feature=18 24 22 22 24 16 16 24 29 24 11
split_gain=3.33855 3.2309 3.34886 2.3961 6.53654 2.97132 5.81605 2.80155 2.30966 4.97221 1.8837
threshold=0.14977166792642982 0.59041123596379663 0.04494343915884691 0.033724508213992706 0.35030621935383843 4000.0000000000009 2005.0000000000002 0.0089191232048374518 0.018334733168927555 0.0061980347694633011 1055.0000000000002
decision_type=2 2 2 2 2 2 2 2 2 2 2
left_child=-1 2 3 4 5 6 8 -8 9 -2 -10
right_child=1 -3 -4 -5 -6 -7 7 -9 10 -11 -12
leaf_value=-0.058528745434227862 -0.62035648779032049 0.018266064558201834 -0.15269631660758023 0.0074246196033755044 -0.061493766263492948 -0.044541086062486107 0.24731746393536014 0.0021034012489963062 0.049188419906136011 0.06885126252693681 -0.00080198317331223743
leaf_weight=23.338560104370117 28.200760126113892 23.338560104370117 23.338560104370117 35.007840156555176 25.283440113067627 30.145640134811401 23.338560104370117 31.118080139160156 24.311000108718872 31.118080139160156 39.87004017829895
leaf_count=24 29 24 24 36 26 31 24 32 25 32 41
internal_value=-0.00258621 -0.00123457 -0.00266667 -0.00108696 -0.00291667 0 0.00245902 0.0160714 -0.00354331 -0.0106557 0.0030303
internal_weight=338.409 315.071 291.732 268.393 233.386 208.102 177.957 54.4566 123.5 59.3188 64.181
internal_count=348 324 300 276 240 214 183 56 127 61 66
is_linear=0
shrinkage=0.05


Tree=676
num_leaves=12
num_cat=0
split_feature=20 30 29 14 11 11 14 29 14 15 16
split_gain=4.8344 3.63525 2.53757 2.48671 4.2944 2.65898 4.32745 2.82059 3.73994 2.73081 1.48658
threshold=0.47231726376244648 0.22826267681060722 0.012371314796733701 4578.7500000000009 3645.0000000000005 2235.0000000000005 1291.2500000000002 0.023443842226493754 1141.2500000000002 116.25000000000001 3060.0000000000005
decision_type=2 2 2 2 2 2 2 2 2 2 2
left_child=2 10 -1 4 5 6 7 8 -4 -7 -2
right_child=1 -3 3 -5 -6 9 -8 -9 -10 -11 -12
leaf_value=-0.04231403175936066 -0.011602958778803442 0.093900369045991292 0.041460711055049164 -0.00076079696314081959 0.27796261110693193 0.0019982311865533119 0.12179566839229211 -0.00079707217530540226 -0.0052681426956269206 -0.061982875197304568 -0.010045222828705392
leaf_weight=26.255880117416382 23.338560104370117 30.145640134811401 41.81492018699646 23.338560104370117 29.173200130462646 23.338560104370117 29.173200130462646 28.200760126113892 31.118080139160156 25.283440113067627 24.311000108718872
leaf_count=27 24 31 43 24 30 24 30 29 32 26 25
internal_value=0.00217391 -0.00875 0.0054717 0.00714286 0.0088785 0.00597826 0.00970149 0.00480769 0.01 -0.004 -0.0173469
internal_weight=335.492 77.7952 257.697 231.441 208.102 178.929 130.307 101.134 72.933 48.622 47.6496
internal_count=345 80 265 238 214 184 134 104 75 50 49
is_linear=0
shrinkage=0.05


Tree=677
num_leaves=11
num_cat=0
split_feature=22 22 18 22 30 25 11 29 22 28
split_gain=2.50973 3.35496 3.61434 3.84424 4.1362 3.9708 3.70265 2.61521 1.70323 2.06658
threshold=0.0042587662379799012 0.007006953578957551 0.58940926798069671 0.037972416461924001 0.21284189474047968 995.00000000000011 3270.0000000000005 0.019190078373099852 0.04494343915884691 2.5000000000000004
decision_type=2 2 2 2 2 2 2 2 2 2
left_child=7 -2 3 4 6 -6 -3 -1 -5 -10
right_child=1 2 -4 8 5 -7 -8 -9 9 -11
leaf_value=0.00092830031021549084 -0.04909114562606192 -0.0095429616872706909 0.014183892966252644 0.073673950144370795 -0.01170372681065146 0.024684853630697036 -0.012467465259032907 0.013633649870621413 -0.0074820688842692114 0.5445317793799973
leaf_weight=42.787360191345215 30.145640134811401 36.952720165252686 37.92516016960144 23.338560104370117 23.338560104370117 23.338560104370117 23.338560104370117 34.035400152206421 37.92516016960144 23.338560104370117
leaf_count=44 31 38 39 24 24 24 24 35 39 24
internal_value=0.000289017 -0.00205993 0 -0.00279188 -0.00909091 0.00208333 -0.0177419 0.00822785 0.00517241 0.000793651
internal_weight=336.464 259.641 229.496 191.571 106.968 46.6771 60.2913 76.8228 84.6023 61.2637
internal_count=346 267 236 197 110 48 62 79 87 63
is_linear=0
shrinkage=0.05


Tree=678
num_leaves=11
num_cat=0
split_feature=26 14 28 11 16 30 11 24 11 29
split_gain=3.35594 3.23848 3.88018 3.52207 4.75418 3.45756 2.00458 3.56652 1.7519 1.58832
threshold=995.00000000000011 1146.2500000000002 2.5000000000000004 3655.0000000000005 4645.0000000000009 0.22620005483313388 1115.0000000000002 0.036281179138321955 2175.0000000000005 0.012617611391514601
decision_type=2 2 2 2 2 2 2 2 2 2
left_child=1 -1 3 5 -5 9 7 -2 -4 -3
right_child=6 2 8 4 -6 -7 -8 -9 -10 -11
leaf_value=-0.73865174965877722 0.034219754713114982 0.099876665975739354 0.13292868482371886 -0.016119059701941298 -9.9383852057144398e-05 0.011044358799540533 -0.0056864180543811926 0.0001995461593651271 0.042074653588019831 -0.010648707395648672
leaf_weight=33.062960147857666 38.897600173950195 23.338560104370117 23.338560104370117 25.283440113067627 36.952720165252686 26.255880117416382 33.062960147857666 39.87004017829895 33.062960147857666 29.173200130462646
leaf_count=34 40 24 24 26 38 27 34 41 34 30
internal_value=0.000284091 -0.00316456 -0.000738916 -0.00517241 -0.0140625 0.00185185 0.0073913 0.0117284 0.0103448 -0.00555556
internal_weight=342.299 230.468 197.405 141.004 62.2362 78.7676 111.831 78.7676 56.4015 52.5118
internal_count=352 237 203 145 64 81 115 81 58 54
is_linear=0
shrinkage=0.05


Tree=679
num_leaves=11
num_cat=0
split_feature=18 18 16 16 18 14 29 12 29 22
split_gain=4.66932 4.5771 3.17509 6.30349 2.93883 2.07939 1.58918 1.69513 1.5261 1.47575
threshold=0.39365428711167011 0.21167620487348379 2625.0000000000005 4275.0000000000009 0.1555524704212751 3620.0000000000005 0.016408817162170204 1115.0000000000002 0.023735452771013753 0.0038330225176821504
decision_type=2 2 2 2 2 2 2 2 2 2
left_child=1 4 -3 -4 -1 6 7 -2 9 -8
right_child=5 2 3 -5 -6 -7 8 -9 -10 -11
leaf_value=-0.055200274719345549 0.046733000989479481 0.00018956885139687074 -0.21705368169282338 0.00492164065817633 0.015468364393655065 0.83763112862898204 0.008680898339707711 -0.051630421643562845 0.00058258695839867873 0.039970920908626799
leaf_weight=28.200760126113892 36.952720165252686 33.062960147857666 31.118080139160156 23.338560104370117 27.228320121765137 31.118080139160156 23.338560104370117 25.283440113067627 31.118080139160156 33.062960147857666
leaf_count=29 38 34 32 24 28 32 24 26 32 34
internal_value=0.00165165 -0.00510204 -0.0122222 -0.0196429 0.00614035 0.00698925 0.00454545 -0.0015625 0.00888889 0.0137931
internal_weight=323.823 142.949 87.5196 54.4566 55.4291 180.874 149.756 62.2362 87.5196 56.4015
internal_count=333 147 90 56 57 186 154 64 90 58
is_linear=0
shrinkage=0.05


Tree=680
num_leaves=11
num_cat=0
split_feature=11 18 24 18 20 16 18 22 11 27
split_gain=3.73157 2.13348 4.44033 4.49859 2.31533 1.7423 1.56066 6.85312 3.40759 1.46167
threshold=4195.0000000000009 0.14557823129251699 0.484434726271461 0.33418194302548049 0.45799792139077855 1135.0000000000002 0.61628401360544227 0.007006953578957551 1115.0000000000002 1385.0000000000002
decision_type=2 2 2 2 2 2 2 2 2 2
left_child=1 -1 3 -3 -4 -5 9 8 -8 -7
right_child=-2 2 4 5 -6 6 7 -9 -10 -11
leaf_value=-0.052440260983371449 -0.040994701944146075 -0.035104256862905463 0.00092669049904543506 -0.019194957731610885 0.094109414457261675 0.028228179977782021 0.042203746376492296 0.13011768828935147 -0.022866498277494429 -0.009467880851923384
leaf_weight=23.338560104370117 29.173200130462646 36.952720165252686 23.338560104370117 43.75980019569397 31.118080139160156 37.92516016960144 23.338560104370117 23.338560104370117 38.897600173950195 28.200760126113892
leaf_count=24 30 38 24 45 32 39 24 24 40 29
internal_value=0.000429799 0.00203762 0.00322034 0.000209205 0.0160714 0.00323383 0.00576923 0.0102273 0.0015625 0
internal_weight=339.382 310.208 286.87 232.413 54.4566 195.46 151.701 85.5747 62.2362 66.1259
internal_count=349 319 295 239 56 201 156 88 64 68
is_linear=0
shrinkage=0.05


Tree=681
num_leaves=10
num_cat=0
split_feature=26 26 22 20 14 28 30 15 15
split_gain=4.35876 6.02379 3.46514 6.9351 3.16705 3.04848 1.70187 2.02592 1.50904
threshold=1065.0000000000002 985.00000000000011 0.050734318589089257 0.4314087301587301 1141.2500000000002 2.5000000000000004 0.15539210388166627 251.25000000000003 341.25000000000006
decision_type=2 2 2 2 2 2 2 2 2
left_child=1 2 3 5 -2 6 -1 -8 -5
right_child=4 -3 -4 8 -6 -7 7 -9 -10
leaf_value=0.12355298178526937 0.040093559057663701 -0.037460623393121749 0.01043632789203457 -0.24086423581163674 0.00065348445141353304 0.082727554792631969 -0.20761240660706337 0.00013289735024955008 -0.0027209733244035307
leaf_weight=35.980280160903931 30.145640134811401 29.173200130462646 41.81492018699646 27.228320121765137 44.732240200042725 36.952720165252686 23.338560104370117 23.338560104370117 28.200760126113892
leaf_count=37 31 30 43 28 46 38 24 24 29
internal_value=-0.00212121 -0.00533597 -0.00246637 -0.00555556 0.00844156 0.00121951 -0.00411765 -0.0104167 -0.0201754
internal_weight=320.905 246.027 216.854 175.039 74.8779 119.61 82.6574 46.6771 55.4291
internal_count=330 253 223 180 77 123 85 48 57
is_linear=0
shrinkage=0.05


Tree=682
num_leaves=11
num_cat=0
split_feature=27 27 15 25 22 24 20 29 11 22
split_gain=3.70757 3.4822 2.91797 2.86092 3.80769 4.39576 2.80063 2.2429 4.25509 2.24773
threshold=2985.0000000000005 2525.0000000000005 708.75000000000011 1035.0000000000002 0.018744378948995406 0.43316056581362705 0.48676587301587299 0.021673474553614153 1105.0000000000002 0.0060772945761129503
decision_type=2 2 2 2 2 2 2 2 2 2
left_child=1 2 3 4 7 -6 -7 8 -1 -10
right_child=-2 -3 -4 -5 5 6 -8 -9 9 -11
leaf_value=-0.0079622516623544474 0.039197151900407338 -0.0081802372544416361 -0.0389516117144467 0.0097933823501080049 -0.068289476223844764 0.21945031935715634 -0.050340064328793233 -0.0062899925057990913 0.027959856788766047 0.14233705479628042
leaf_weight=35.007840156555176 30.145640134811401 34.035400152206421 27.228320121765137 36.952720165252686 34.035400152206421 24.311000108718872 24.311000108718872 39.87004017829895 23.338560104370117 28.200760126113892
leaf_count=36 31 35 28 38 35 25 25 41 24 29
internal_value=0.00100865 -0.000632911 0.00124555 0.00296443 0.000697674 -0.00764706 0.002 0.00615385 0.0106742 0.0198113
internal_weight=337.437 307.291 273.256 246.027 209.075 82.6574 48.622 126.417 86.5472 51.5393
internal_count=347 316 281 253 215 85 50 130 89 53
is_linear=0
shrinkage=0.05


Tree=683
num_leaves=12
num_cat=0
split_feature=14 18 6 15 22 15 15 14 29 24 29
split_gain=2.13643 2.83502 3.40375 4.18381 2.91732 2.00558 2.3796 2.82038 2.5246 1.9389 1.81075
threshold=4021.2500000000005 0.99886621315192758 1.5000000000000002 191.25000000000003 0.043253664639493102 108.75000000000001 78.750000000000014 1126.2500000000002 0.020893244827974101 0.33371694542478647 0.016044002109643307
decision_type=2 2 2 2 2 2 2 2 2 2 2
left_child=1 2 3 5 -5 6 7 -1 10 -2 -9
right_child=9 -3 -4 4 -6 -7 -8 8 -10 -11 -12
leaf_value=0.036123478045647063 -0.038168624978607117 0.36733313462316347 -0.029798521542352321 0.020640482293333665 0.0094248423799399468 -0.032949913321522216 0.032104275959750343 -0.030846869460367545 -0.050560266192724163 0.00076755144220896909 0.022061954800369678
leaf_weight=36.952720165252686 24.311000108718872 30.145640134811401 23.338560104370117 23.338560104370117 23.338560104370117 26.255880117416382 23.338560104370117 28.200760126113892 25.283440113067627 38.897600173950195 24.311000108718872
leaf_count=38 25 31 24 24 24 27 24 29 26 40 25
internal_value=0.00133531 0.00330882 0.00145228 0.00345622 0.0166667 -0.000295858 0.00211268 -0.000847458 -0.00625 -0.00692308 0
internal_weight=327.712 264.504 234.358 211.019 46.6771 164.342 138.086 114.748 77.7952 63.2086 52.5118
internal_count=337 272 241 217 48 169 142 118 80 65 54
is_linear=0
shrinkage=0.05


Tree=684
num_leaves=12
num_cat=0
split_feature=15 27 14 22 24 24 27 15 29 22 30
split_gain=3.33409 5.84569 3.82071 3.21977 2.98592 12.0741 5.26659 3.46117 2.41767 2.38527 2.63045
threshold=423.75000000000006 2985.0000000000005 1331.2500000000002 0.024512260621617103 0.36897743224273832 0.52568027210884372 1005.0000000000001 33.750000000000007 0.022220143510459853 0.013672348579416202 0.23957871820334578
decision_type=2 2 2 2 2 2 2 2 2 2 2
left_child=1 2 9 -2 6 -6 7 -4 -7 10 -1
right_child=3 -3 4 -5 5 8 -8 -9 -10 -11 -12
leaf_value=0.009085211537012583 -0.075573498796848076 0.04947974828450015 -0.027166437788582701 0.0041730612299033963 -0.10791552858001979 0.020958857060350056 0.039019975249811982 0.056072199416371406 -0.0057491685935247006 -0.012007641478692222 -0.0034474795708774766
leaf_weight=45.704680204391479 24.311000108718872 23.338560104370117 23.338560104370117 23.338560104370117 23.338560104370117 31.118080139160156 24.311000108718872 29.173200130462646 26.255880117416382 27.228320121765137 26.255880117416382
leaf_count=47 25 24 24 24 24 32 25 30 27 28 27
internal_value=-0.00103858 0.00104167 -0.00113636 -0.0132653 0.0037037 -0.00301205 0.0107595 0.00185185 0.00932203 -0.00882353 -0.00405405
internal_weight=327.712 280.063 256.724 47.6496 157.535 80.7125 76.8228 52.5118 57.374 99.1889 71.9606
internal_count=337 288 264 49 162 83 79 54 59 102 74
is_linear=0
shrinkage=0.05


Tree=685
num_leaves=11
num_cat=0
split_feature=15 25 15 11 18 24 11 26 15 18
split_gain=1.83542 5.24481 2.22092 4.68482 3.50546 2.00635 3.66981 2.72519 1.07167 0.789327
threshold=423.75000000000006 1055.0000000000002 176.25000000000003 2215.0000000000005 0.48242630385487534 0.059867602955160505 1105.0000000000002 1015.0000000000001 341.25000000000006 0.35088340891912323
decision_type=2 2 2 2 2 2 2 2 2 2
left_child=1 2 4 -4 9 6 7 -6 -3 -1
right_child=-2 8 3 -5 5 -7 -8 -9 -10 -11
leaf_value=-0.015734176983187353 -0.031316924939937964 0.013343230826740183 0.10188419177375181 -0.0011542418669250765 -0.0033861072203876575 0.053268589445542608 -0.049184351586802677 0.022382986658749361 0.0028623967139537855 -0.028704143913410009
leaf_weight=33.062960147857666 44.732240200042725 23.338560104370117 23.338560104370117 30.145640134811401 24.311000108718872 33.062960147857666 44.732240200042725 29.173200130462646 24.311000108718872 23.338560104370117
leaf_count=34 46 24 24 31 25 34 46 30 25 24
internal_value=0.000728863 0.00218855 -0.000806452 0.00818182 -0.00336788 0.00111111 -0.00247525 0.00636364 0.0173469 -0.0137931
internal_weight=333.547 288.815 241.165 53.4842 187.681 131.279 98.2164 53.4842 47.6496 56.4015
internal_count=343 297 248 55 193 135 101 55 49 58
is_linear=0
shrinkage=0.05


Tree=686
num_leaves=11
num_cat=0
split_feature=22 11 27 24 15 27 30 18 16 14
split_gain=1.8906 2.37556 2.64791 2.57524 3.03644 2.74787 2.18799 2.02592 1.798 2.55265
threshold=0.050734318589089257 4195.0000000000009 1065.0000000000002 0.40606725146198835 101.25000000000001 935.00000000000011 0.15962650727805283 0.8595049130763418 1225.0000000000002 3128.7500000000005
decision_type=2 2 2 2 2 2 2 2 2 2
left_child=1 2 3 4 5 6 -1 -8 -4 -10
right_child=-2 -3 8 -5 -6 -7 7 -9 9 -11
leaf_value=-0.06573194026401552 0.012676069285407722 -0.033855586982508616 -0.00081588801299403713 -0.10173304330185147 0.033135937150564135 -0.019343649904340055 -0.010854563247880833 1.2044117397464789 0.023340871205346048 0.0026185495527442982
leaf_weight=23.338560104370117 45.704680204391479 23.338560104370117 43.75980019569397 32.090520143508911 29.173200130462646 25.283440113067627 23.338560104370117 23.338560104370117 23.338560104370117 31.118080139160156
leaf_count=24 47 24 45 33 30 26 24 24 24 32
internal_value=0.00015015 -0.0013986 0 -0.00403727 -0.00078125 -0.00510204 0 0.00625 0.00643564 0.0125
internal_weight=323.823 278.118 254.779 156.563 124.472 95.2991 70.0157 46.6771 98.2164 54.4566
internal_count=333 286 262 161 128 98 72 48 101 56
is_linear=0
shrinkage=0.05


Tree=687
num_leaves=11
num_cat=0
split_feature=29 20 28 27 29 15 27 16 16 11
split_gain=2.41073 5.19175 5.19175 5.93343 4.30381 4.24473 3.33408 2.27928 2.05807 1.30237
threshold=0.017873076528435203 0.48676587301587299 3.5000000000000004 1035.0000000000002 0.016949696914734105 202.50000000000003 1225.0000000000002 1175.0000000000002 1655.0000000000002 1115.0000000000002
decision_type=2 2 2 2 2 2 2 2 2 2
left_child=4 2 3 -2 5 7 -5 -1 -9 -8
right_child=1 -3 -4 6 -6 -7 9 8 -10 -11
leaf_value=0.045927405937982259 -0.04142164198672163 -0.096646391136755494 0.515742372654313 0.024702216603691343 -0.049821196320522176 0.0056186158889886435 0.022173827645076472 -0.23337921882163074 -0.0027177349664498254 -0.00077509361234433531
leaf_weight=31.118080139160156 35.007840156555176 35.007840156555176 23.338560104370117 27.228320121765137 23.338560104370117 44.732240200042725 23.338560104370117 26.255880117416382 35.007840156555176 31.118080139160156
leaf_count=32 36 36 24 28 24 46 24 27 36 32
internal_value=-0.000724638 0.00333333 0.00763889 0.00333333 -0.00515152 -0.00177305 0.0107143 -0.00789474 -0.0134921 0.00357143
internal_weight=335.492 175.039 140.031 116.693 160.453 137.114 81.685 92.3818 61.2637 54.4566
internal_count=345 180 144 120 165 141 84 95 63 56
is_linear=0
shrinkage=0.05


Tree=688
num_leaves=10
num_cat=0
split_feature=20 14 16 22 27 29 26 27 27
split_gain=3.34032 3.43458 5.16972 3.9708 5.25118 3.18268 3.30484 5.83606 3.54181
threshold=0.51920912247040063 4106.2500000000009 2655.0000000000005 0.035759571303830506 1035.0000000000002 0.014315771398646751 1005.0000000000001 230.00000000000003 2515.0000000000005
decision_type=2 2 2 2 2 2 2 2 2
left_child=1 2 5 4 -4 -1 7 -7 -8
right_child=-2 -3 3 -5 -6 6 8 -9 -10
leaf_value=-0.22728932830159465 0.016504001769590104 0.0092129229221427529 -0.022218857321809084 -0.1096953459591532 0.0093817957503233643 -0.050776382309732075 -0.0053085062119407672 0.14454512105821779 0.0044277064319771858
leaf_weight=37.92516016960144 26.255880117416382 44.732240200042725 38.897600173950195 31.118080139160156 23.338560104370117 29.173200130462646 38.897600173950195 34.035400152206421 25.283440113067627
leaf_count=39 27 46 40 32 24 30 40 35 26
internal_value=-0.000442478 -0.00192308 -0.00413534 -0.0135417 -0.00625 0.00117647 0.00496183 0.0130769 -0.0030303
internal_weight=329.657 303.401 258.669 93.3542 62.2362 165.315 127.39 63.2086 64.181
internal_count=339 312 266 96 64 170 131 65 66
is_linear=0
shrinkage=0.05


Tree=689
num_leaves=11
num_cat=0
split_feature=18 27 15 29 14 27 29 25 15 24
split_gain=5.01361 3.48846 4.13486 6.08126 4.1708 3.28368 2.95672 2.59175 3.42351 2.54774
threshold=0.19004787100025192 2495.0000000000005 22.500000000000117 0.020468205329650803 2150.0000000000005 105.00000000000001 0.018574373807161055 390.00000000000006 116.25000000000001 0.30149802450366919
decision_type=2 2 2 2 2 2 2 2 2 2
left_child=-1 2 6 5 -5 -4 -2 8 -7 -3
right_child=1 9 3 4 -6 7 -8 -9 -10 -11
leaf_value=0.027450134949140195 -0.0019193833133954287 0.0019716539539672341 0.37939292037101496 -0.0037343187333590323 -0.034988010852111985 -0.0011690423929167082 0.3766744124856814 0.0054336388526962766 -0.3386006560921942 0.0057632309783684837
leaf_weight=45.704680204391479 25.283440113067627 36.952720165252686 24.311000108718872 26.255880117416382 24.311000108718872 35.007840156555176 23.338560104370117 35.980280160903931 25.283440113067627 26.255880117416382
leaf_count=47 26 38 25 27 25 36 24 37 26 27
internal_value=0.000591716 -0.00189003 -0.00486726 -0.00852273 -0.0230769 -0.00241935 0.008 -0.00656566 -0.0129032 0.00846154
internal_weight=328.685 282.98 219.771 171.149 50.5669 120.583 48.622 96.2716 60.2913 63.2086
internal_count=338 291 226 176 52 124 50 99 62 65
is_linear=0
shrinkage=0.05


Tree=690
num_leaves=11
num_cat=0
split_feature=22 27 14 22 27 15 25 15 22 11
split_gain=3.53605 4.33247 4.07865 3.58599 3.06887 4.60011 2.91732 2.38531 2.00539 1.59532
threshold=0.0039698651919308509 1035.0000000000002 2523.7500000000005 0.03482692559096736 2525.0000000000005 101.25000000000001 2545.0000000000005 48.750000000000007 0.026583253183362403 2385.0000000000005
decision_type=2 2 2 2 2 2 2 2 2 2
left_child=7 2 8 -4 5 -3 -6 -1 -2 -7
right_child=1 4 3 -5 6 9 -8 -9 -10 -11
leaf_value=-0.020562298595655195 0.053447795126658093 0.034363390324460855 -0.043245063761332858 -0.00011312311107758433 -0.003681560152608654 0.0093148604374050595 0.0065711339369272544 -0.024359432443429797 -0.048141594028572855 -0.014895299720524236
leaf_weight=42.787360191345215 39.87004017829895 30.145640134811401 34.035400152206421 24.311000108718872 23.338560104370117 23.338560104370117 23.338560104370117 28.200760126113892 26.255880117416382 28.200760126113892
leaf_count=44 41 31 35 25 24 24 24 29 27 29
internal_value=-0.00315315 -0.000384615 -0.00703125 -0.0166667 0.00606061 0.0119048 -0.00416667 -0.0130137 0.00147059 0.00283019
internal_weight=323.823 252.834 124.472 58.3464 128.362 81.685 46.6771 70.9881 66.1259 51.5393
internal_count=333 260 128 60 132 84 48 73 68 53
is_linear=0
shrinkage=0.05


Tree=691
num_leaves=10
num_cat=0
split_feature=26 15 11 30 16 14 20 14 30
split_gain=4.05106 2.90054 3.67952 3.78625 5.31572 4.06261 3.33291 3.12261 2.66287
threshold=1205.0000000000002 423.75000000000006 3695.0000000000005 0.13709739678226227 2655.0000000000005 1138.7500000000002 0.48676587301587299 3501.2500000000005 0.19489392071939241
decision_type=2 2 2 2 2 2 2 2 2
left_child=1 2 3 -1 5 -5 -7 -6 -2
right_child=8 -3 -4 4 7 6 -8 -9 -10
leaf_value=0.15176660420052032 0.02842590747303575 -0.031465310174417026 0.007346460020380619 -0.015827878333220725 -0.065312296996535221 0.033491751271003525 -0.045734514327148194 -0.00010746695552370511 0.0051358533424718193
leaf_weight=29.173200130462646 23.338560104370117 43.75980019569397 39.87004017829895 40.842480182647705 35.007840156555176 38.897600173950195 26.255880117416382 23.338560104370117 33.062960147857666
leaf_count=30 24 45 41 42 36 40 27 24 34
internal_value=-0.000145773 -0.00263158 -0.000416667 -0.00326633 -0.00621302 0.000458716 0.00820896 -0.0183333 0.012069
internal_weight=333.547 277.145 233.386 193.516 164.342 105.996 65.1535 58.3464 56.4015
internal_count=343 285 240 199 169 109 67 60 58
is_linear=0
shrinkage=0.05


Tree=692
num_leaves=11
num_cat=0
split_feature=29 27 27 24 16 28 14 16 20 11
split_gain=3.67177 2.62914 2.61659 2.51609 3.75441 2.46522 3.94825 4.22417 2.05498 1.23138
threshold=0.023944345237044754 1005.0000000000001 2525.0000000000005 0.1013794406651549 3175.0000000000005 3.5000000000000004 2523.7500000000005 1215.0000000000002 0.39676714955554454 1105.0000000000002
decision_type=2 2 2 2 2 2 2 2 2 2
left_child=1 5 3 -3 -5 6 7 -1 -2 -4
right_child=8 2 9 4 -6 -7 -8 -9 -10 -11
leaf_value=-0.49171219350797629 -0.011310343632396781 0.00048712457821693534 0.0038981615672923908 0.027942636267562194 0.0025490706536174914 0.025890527811213815 -0.051918076251763527 0.14337420534914144 -0.0013936671523197221 -0.00092375887070375031
leaf_weight=25.283440113067627 33.062960147857666 33.062960147857666 24.311000108718872 29.173200130462646 30.145640134811401 24.311000108718872 34.035400152206421 33.062960147857666 26.255880117416382 33.062960147857666
leaf_count=26 34 34 25 30 31 25 35 34 27 34
internal_value=-0.00104478 0.00145985 0.00584416 0.0110526 0.0172131 -0.00416667 -0.00789474 0 -0.0122951 -0.00254237
internal_weight=325.767 266.449 149.756 92.3818 59.3188 116.693 92.3818 58.3464 59.3188 57.374
internal_count=335 274 154 95 61 120 95 60 61 59
is_linear=0
shrinkage=0.05


Tree=693
num_leaves=10
num_cat=0
split_feature=27 25 14 16 24 29 30 18 29
split_gain=3.11576 3.94119 7.31468 4.19064 3.65134 1.92331 4.41038 3.26229 3.02975
threshold=1055.0000000000002 595.00000000000011 3233.7500000000005 2165.0000000000005 0.024319727891156401 0.013908753294164551 0.20830611193887738 0.6723356009070296 0.022800692318438152
decision_type=2 2 2 2 2 2 2 2 2
left_child=1 2 3 4 -1 -2 -7 8 -8
right_child=5 -3 -4 -5 -6 6 7 -9 -10
leaf_value=-0.2413673958390973 0.11394474064979931 -0.099030201648997729 1.9599394382994433 -0.027665618792434545 0.024596001420650285 -0.0098222330748285458 0.022984766137051339 -0.0010764481139744931 0.0011272668014498776
leaf_weight=43.75980019569397 25.283440113067627 39.87004017829895 24.311000108718872 30.145640134811401 37.92516016960144 37.92516016960144 33.062960147857666 40.842480182647705 23.338560104370117
leaf_count=45 26 41 25 31 39 39 34 42 24
internal_value=-0.00231214 -0.00690608 -0.00285714 -0.00826087 -0.00238095 0.00272727 0.000359712 0.006 0.0137931
internal_weight=336.464 176.012 136.142 111.831 81.685 160.453 135.169 97.244 56.4015
internal_count=346 181 140 115 84 165 139 100 58
is_linear=0
shrinkage=0.05


Tree=694
num_leaves=12
num_cat=0
split_feature=19 18 26 15 25 24 27 26 26 15 14
split_gain=2.5578 3.11756 3.0818 2.42468 6.2848 5.42169 1.59988 2.49033 1.24472 1.19725 1.1016
threshold=0.57825976661593115 0.14557823129251699 1640.0000000000002 116.25000000000001 595.00000000000011 0.25174399770982597 75.000000000000014 935.00000000000011 2565.0000000000005 48.750000000000007 2137.5000000000005
decision_type=2 2 2 2 2 2 2 2 2 2 2
left_child=2 -2 3 6 -5 -6 -1 10 -4 -9 -8
right_child=1 -3 8 4 5 -7 7 9 -10 -11 -12
leaf_value=-0.051846298949271841 -0.010506362372302647 0.01207331291279843 0.0086283193559552277 -0.12593853848493383 -0.038790934223106893 0.0047722038757228805 0.13589614656275445 -0.0081746365556909957 0.00043086864261567828 0.0040015639317516616 0.5261198965729591
leaf_weight=33.062960147857666 24.311000108718872 25.283440113067627 24.311000108718872 34.035400152206421 30.145640134811401 45.704680204391479 25.283440113067627 25.283440113067627 24.311000108718872 27.228320121765137 23.338560104370117
leaf_count=34 25 26 25 35 31 47 26 26 25 28 24
internal_value=0.000284091 0.0107843 -0.00149502 -0.00378486 -0.00929204 -0.00128205 0.000724638 0.00384615 0.01 -0.0037037 0.012
internal_weight=342.299 49.5944 292.704 244.082 109.886 75.8503 134.197 101.134 48.622 52.5118 48.622
internal_count=352 51 301 251 113 78 138 104 50 54 50
is_linear=0
shrinkage=0.05


Tree=695
num_leaves=11
num_cat=0
split_feature=11 18 20 25 14 24 14 24 22 25
split_gain=3.30152 3.869 4.76068 3.8986 2.46209 2.29164 2.91732 2.26462 3.86183 1.80671
threshold=1095.0000000000002 0.25535515676705994 0.41836935412123383 935.00000000000011 4060.0000000000005 0.038514886474070108 1103.7500000000002 0.016974408811143451 0.015179487042416203 1015.0000000000001
decision_type=2 2 2 2 2 2 2 2 2 2
left_child=5 4 3 7 9 6 -1 -3 -9 -2
right_child=1 2 -4 -5 -6 -7 -8 8 -10 -11
leaf_value=0.29290570018713424 0.0091935194716143091 -0.052588332681466454 -0.081115650281481072 0.0082332444737176057 0.0061906146922410706 8.6032692456683443e-05 0.18088421847403424 0.015633564673407818 -0.052167938979027897 -0.065196717912590435
leaf_weight=23.338560104370117 36.952720165252686 36.952720165252686 25.283440113067627 38.897600173950195 25.283440113067627 36.952720165252686 23.338560104370117 25.283440113067627 23.338560104370117 26.255880117416382
leaf_count=24 38 38 26 40 26 38 24 26 24 27
internal_value=0.000755287 -0.0022449 -0.00714286 -0.003125 0.00604396 0.00930233 0.0166667 -0.00909091 -0.002 0.000769231
internal_weight=321.878 238.248 149.756 124.472 88.492 83.6298 46.6771 85.5747 48.622 63.2086
internal_count=331 245 154 128 91 86 48 88 50 65
is_linear=0
shrinkage=0.05


Tree=696
num_leaves=12
num_cat=0
split_feature=18 29 11 20 29 18 29 26 26 29 14
split_gain=2.43692 3.7353 2.17192 2.11499 1.76952 1.46858 1.28077 1.5367 2.59317 1.00141 0.324147
threshold=0.24257639563762012 0.016949696914734105 2215.0000000000005 0.41836935412123383 0.014809731492041503 0.79693067703271792 0.019190078373099852 145.00000000000003 1065.0000000000002 0.012448113744241101 1958.7500000000002
decision_type=2 2 2 2 2 2 2 2 2 2 2
left_child=2 4 -1 6 5 9 -3 -8 -9 -2 -6
right_child=1 3 -4 -5 10 -7 7 8 -10 -11 -12
leaf_value=-0.010440720227256861 0.31299770173766323 -0.015259178889846226 0.0046676435872086584 -0.34401688097093486 0.02921359708907403 -0.31857381944100782 0.0058810839576381117 -0.05009566751231205 0.0062068626563132057 -0.00287252113591876 0.045942185406329376
leaf_weight=30.145640134811401 23.338560104370117 42.787360191345215 42.787360191345215 23.338560104370117 23.338560104370117 24.311000108718872 26.255880117416382 26.255880117416382 26.255880117416382 24.311000108718872 23.338560104370117
leaf_count=31 24 44 44 24 24 25 27 27 27 25 24
internal_value=0.000578035 -0.00166052 0.00866667 -0.00704698 0.00491803 0 -0.0044 -0.000617284 -0.00555556 0.00510204 0.0125
internal_weight=336.464 263.531 72.933 144.894 118.638 71.9606 121.555 78.7676 52.5118 47.6496 46.6771
internal_count=346 271 75 149 122 74 125 81 54 49 48
is_linear=0
shrinkage=0.05


Tree=697
num_leaves=11
num_cat=0
split_feature=18 27 14 26 16 14 22 18 20 15
split_gain=6.11395 2.7279 5.60367 2.65729 2.64676 3.22564 3.66332 3.60643 2.45444 1.1853
threshold=0.24257639563762012 995.00000000000011 2150.0000000000005 85.000000000000014 1135.0000000000002 1141.2500000000002 0.0076578949043810008 0.43840796391816805 0.48964011908618327 251.25000000000003
decision_type=2 2 2 2 2 2 2 2 2 2
left_child=8 2 3 -2 -3 -6 -7 9 -1 -8
right_child=1 4 -4 -5 5 6 7 -9 -10 -11
leaf_value=0.0092558795093964363 -0.25068372185228327 -0.0091231665738177991 -0.093368660305031881 0.030261667708646203 0.033604726693897649 -0.028558204026830937 -0.0017134314665781859 0.032420928610463307 0.003494173444164517 0.0055870297597493852
leaf_weight=33.062960147857666 33.062960147857666 24.311000108718872 45.704680204391479 28.200760126113892 23.338560104370117 30.145640134811401 24.311000108718872 29.173200130462646 38.897600173950195 30.145640134811401
leaf_count=34 34 25 47 29 24 31 25 30 40 31
internal_value=0.000571429 -0.00289855 -0.00909091 0.000793651 0.00120482 0.00390071 0.00042735 0.00581395 0.0135135 -0.00178571
internal_weight=340.354 268.393 106.968 61.2637 161.425 137.114 113.775 83.6298 71.9606 54.4566
internal_count=350 276 110 63 166 141 117 86 74 56
is_linear=0
shrinkage=0.05


end of trees

feature_importances:
blank_confidence=744
file_mean_energy=681
onset_ms=662
neighbor_boundary_gap_ms=568
file_voiced_ratio=566
nucleus_end_ms=529
nucleus_span_ms=528
mel_window_energy_mean=478
mel_window_voiced_ratio=433
tail_ms=344
next_gap_ms=323
unvoiced_confidence=322
prev_gap_ms=308
file_row_count=108
voiced_confidence=80
tail_margin_ms=57
voiced_onset_ms=52
row_index_in_wav=42
mel_window_silence_ratio=27
nucleus_start_ms=5

parameters:
[boosting: gbdt]
[objective: regression_l1]
[metric: l1]
[tree_learner: serial]
[device_type: cpu]
[data_sample_strategy: bagging]
[data: ]
[valid: ]
[num_iterations: 700]
[learning_rate: 0.05]
[num_leaves: 31]
[num_threads: 0]
[seed: 0]
[deterministic: 0]
[force_col_wise: 0]
[force_row_wise: 0]
[histogram_pool_size: -1]
[max_depth: -1]
[min_data_in_leaf: 24]
[min_sum_hessian_in_leaf: 0.001]
[bagging_fraction: 0.85]
[pos_bagging_fraction: 1]
[neg_bagging_fraction: 1]
[bagging_freq: 1]
[bagging_seed: 3]
[bagging_by_query: 0]
[feature_fraction: 0.9]
[feature_fraction_bynode: 1]
[feature_fraction_seed: 2]
[extra_trees: 0]
[extra_seed: 6]
[early_stopping_round: 0]
[early_stopping_min_delta: 0]
[first_metric_only: 0]
[max_delta_step: 0]
[lambda_l1: 0]
[lambda_l2: 0]
[linear_lambda: 0]
[min_gain_to_split: 0]
[drop_rate: 0.1]
[max_drop: 50]
[skip_drop: 0.5]
[xgboost_dart_mode: 0]
[uniform_drop: 0]
[drop_seed: 4]
[top_rate: 0.2]
[other_rate: 0.1]
[min_data_per_group: 100]
[max_cat_threshold: 32]
[cat_l2: 10]
[cat_smooth: 10]
[max_cat_to_onehot: 4]
[top_k: 20]
[monotone_constraints: ]
[monotone_constraints_method: basic]
[monotone_penalty: 0]
[feature_contri: ]
[forcedsplits_filename: ]
[refit_decay_rate: 0.9]
[cegb_tradeoff: 1]
[cegb_penalty_split: 0]
[cegb_penalty_feature_lazy: ]
[cegb_penalty_feature_coupled: ]
[path_smooth: 0]
[interaction_constraints: ]
[verbosity: -1]
[saved_feature_importance_type: 0]
[use_quantized_grad: 0]
[num_grad_quant_bins: 4]
[quant_train_renew_leaf: 0]
[stochastic_rounding: 1]
[linear_tree: 0]
[max_bin: 255]
[max_bin_by_feature: ]
[min_data_in_bin: 3]
[bin_construct_sample_cnt: 200000]
[data_random_seed: 1]
[is_enable_sparse: 1]
[enable_bundle: 1]
[use_missing: 1]
[zero_as_missing: 0]
[feature_pre_filter: 1]
[pre_partition: 0]
[two_round: 0]
[header: 0]
[label_column: ]
[weight_column: ]
[group_column: ]
[ignore_column: ]
[categorical_feature: 0,1,2,3,4,7,8,9]
[forcedbins_filename: ]
[precise_float_parser: 0]
[parser_config_file: ]
[objective_seed: 5]
[num_class: 1]
[is_unbalance: 0]
[scale_pos_weight: 1]
[sigmoid: 1]
[boost_from_average: 1]
[reg_sqrt: 0]
[alpha: 0.9]
[fair_c: 1]
[poisson_max_delta_step: 0.7]
[tweedie_variance_power: 1.5]
[lambdarank_truncation_level: 30]
[lambdarank_norm: 1]
[label_gain: ]
[lambdarank_position_bias_regularization: 0]
[eval_at: ]
[multi_error_top_k: 1]
[auc_mu_weights: ]
[num_machines: 1]
[local_listen_port: 12400]
[time_out: 120]
[machine_list_filename: ]
[machines: ]
[gpu_platform_id: -1]
[gpu_device_id: -1]
[gpu_use_dp: 0]
[num_gpu: 1]

end of parameters

pandas_categorical:[["korean"], ["cvvc"], ["Achu_CVVC"], ["aaeaiao", "anbanbinambambim", "anchanchinamchamchim", "andandinamdamdim", "anfanfinamfamfim", "anganginamgamgim", "angbangbingalbalbil", "angchangchingalchalchil", "angdangdingaldaldil", "angfangfingalfalfil", "angganggingalgalgil", "anghanghingalhalhil", "angjangjingaljaljil", "angjjangjjingaljjaljjil", "angkangkingalkalkil", "angkkangkkingalkkalkkil", "angmangmingalmalmil", "angnangningalnalnil", "angpangpingalpalpil", "angppangppingalppalppil", "angrangringallallil", "angsangsingalsalsil", "angssangssingalssalssil", "angtangtingaltaltil", "angthangthingalthalthil", "angttangttingalttalttil", "angvangvingalvalvil", "angzangzingalzalzil", "anhanhinamhamhim", "anjanjinamjamjim", "anjjanjjinamjjamjjim", "ankankinamkamkim", "ankkankkinamkkamkkim", "anmanminammammim", "annanninamnamnim", "anpanpinampampim", "anppanppinamppamppim", "anranrinamramrim", "ansansinamsamsim", "anssanssinamssamssim", "antantinamtamtim", "anthanthinamthamthim", "anttanttinamttamttim", "anvanvinamvamvim", "anzanzinamzamzim", "ar", "bababyabyabwa", "bebebyebyebwe", "beobeobyeobyeobweo", "bibibwibeubeubi", "bobobyobyobyu", "br1", "br2", "br3", "br4", "bububyubeuibeui", "bwabwebwibweo", "chachachyachyachwa", "chechechyechyechwe", "cheocheochyeochyeochweo", "chichichwicheucheuchi", "chochochyochyochyu", "chuchuchyucheuicheui", "chwachwechwichweo", "dadadyadyadwa", "dededyedyedwe", "deodeodyeodyeodweo", "dididwideudeudi", "dododyodyodyu", "dududyudeuideui", "dwadwedwidweo", "eeieoeu", "eoeoeueoaeua", "eor", "er", "eueueeuieuo", "eur", "euyayoeuyoeuwi", "fafafyafyafwa", "fefefyefyefwe", "feofeofyeofyeofweo", "fififwifeufeufi", "fofofyofyofyu", "fufufyufeuifeui", "fwafwefwifweo", "gagagyagyagwa", "gegegyegyegwe", "geogeogyeogyeogweo", "gigigwigeugeugi", "gogogyogyogyu", "gugugyugeuigeui", "gwagwegwigweo", "hahahyahyahwa", "hehehyehyehwe", "heoheohyeohyeohweo", "hihihwiheuheuhi", "hohohyohyohyu", "huhuhyuheuiheui", "hwahwehwihweo", "iioiuieo", "ir", "iyoiyuiyeowi", "jajajyajyajwa", "jejejyejyejwe", "jeojeojyeojyeojweo", "jijijwijeujeuji", "jjajjajjyajjyajjwa", "jjejjejjyejjyejjwe", "jjeojjeojjyeojjyeojjweo", "jjijjijjwijjeujjeujji", "jjojjojjyojjyojjyu", "jjujjujjyujjeuijjeui", "jjwajjwejjwijjweo", "jojojyojyojyu", "jujujyujeuijeui", "jwajwejwijweo", "kakakyakyakwa", "kekekyekyekwe", "keokeokyeokyeokweo", "kikikwikeukeuki", "kkakkakkyakkyakkwa", "kkekkekkyekkyekkwe", "kkeokkeokkyeokkyeokkweo", "kkikkikkwikkeukkeukki", "kkokkokkyokkyokkyu", "kkukkukkyukkeuikkeui", "kkwakkwekkwikkweo", "kokokyokyokyu", "kukukyukeuikeui", "kwakwekwikweo", "lalelil", "lallallyallwa", "lellellyellwe", "leolleollyeollweo", "leulleuleuilleui", "leulyulyeo", "lillillwilwi", "llweo", "lollollyolyo", "loluleol", "lr", "lullullyulyu", "lwalwelwi", "lweo", "lyalwalyelwe", "lyalyelyo", "mamamyamyamwa", "mamemim", "mememyemyemwe", "meomeomyeomyeomweo", "meumyumyeo", "mimimwimeumeumi", "mmweo", "momomyomyomyu", "momumeom", "mumumyumeuimeui", "mwamwemwi", "mwamwemwimweo", "myamyemyo", "nananyanyanwa", "nanenin", "nenenyenyenwe", "neoneonyeonyeonweo", "neunyunyeo", "ngangenging", "ngeungyungyeo", "ngngweo", "ngongungeong", "ngwangwengwi", "ngyangyengyo", "nininwineuneuni", "nnweo", "nononyonyonyu", "nr", "nununyuneuineui", "nwanwenwi", "nwanwenwinweo", "nyanyenyo", "oauaeoeeo", "oouoeooeu", "or", "owauwaeuwa", "papapyapyapwa", "peopeopyeopyeopweo", "pepepyepyepwe", "pipipwipeupeupi", "popopyopyopyu", "ppappappyappyappwa", "ppeoppeoppyeoppyeoppweo", "ppeppeppyeppyeppwe", "ppippippwippeuppeuppi", "ppoppoppyoppyoppyu", "ppuppuppyuppeuippeui", "ppwappweppwippweo", "pupupyupeuipeui", "pwapwepwipweo", "rararyaryarwa", "reoreoryeoryeorweo", "rereryeryerwe", "ririrwireureuri", "rororyoryoryu", "rrarrarrerrirrorrurreo", "rreorreorreurreu", "rrerrirrorru", "rururyureuireui", "rwarwerwirweo", "sasasyasyaswa", "seoseosyeosyeosweo", "sesesyesyeswe", "sisiswiseuseusi", "sososyosyosyu", "ssassassyassyasswa", "sseosseossyeossyeossweo", "ssessessyessyesswe", "ssississwisseusseussi", "ssossossyossyossyu", "ssussussyusseuisseui", "sswasswesswissweo", "sususyuseuiseui", "swasweswisweo", "tatatyatyatwa", "teoteotyeotyeotweo", "tetetyetyetwe", "thathathyathyathwa", "theotheothyeothyeothweo", "thethethyethyethwe", "thithithwitheutheuthi", "thothothyothyothyu", "thuthuthyutheuitheui", "thwathwethwithweo", "tititwiteuteuti", "tototyotyotyu", "ttattattyattyattwa", "tteotteottyeottyeottweo", "ttettettyettyettwe", "ttittittwitteutteutti", "ttottottyottyottyu", "ttuttuttyutteuitteui", "ttwattwettwittweo", "tututyuteuiteui", "twatwetwitweo", "ur", "uueoueuue", "uweweoeuweuweo", "uyeyeoyeeuye", "vavavyavyavwa", "veoveovyeovyeovweo", "vevevyevyevwe", "vivivwiveuveuvi", "vovovyovyovyu", "vuvuvyuveuiveui", "vwavwevwivweo", "wawawewawiwa", "weoweoeuweowaweowe", "wewewiweowe", "wiwiowiuwiweo", "yayayeyaiyayu", "yeoyeoeuyeoyayeo", "yeyeiyeyoyeyu", "yoyoyuyoyeoyoweo", "yuyuyeoyueuyuya", "zazazyazyazwa", "zeozeozyeozyeozweo", "zezezyezyezwe", "zizizwizeuzeuzi", "zozozyozyozyu", "zuzuzyuzeuizeui", "zwazwezwizweo"], ["'al'bal'bil", "'al'chal'chil", "'al'dal'dil", "'al'fal'fil", "'al'gal'gil", "'al'hal'hil", "'al'jal'jil", "'al'jjal'jjil", "'al'kal'kil", "'al'kkal'kkil", "'al'lal'lil", "'al'nal'nil", "'al'pal'pil", "'al'ppal'ppil", "'al'sal'sil", "'al'ssal'ssil", "'al'tal'til", "'al'thal'thil", "'al'ttal'ttil", "'al'val'vil", "'al'zal'zil", "'am'bam'bim", "'am'cham'chim", "'am'dam'dim", "'am'fam'fim", "'am'gam'gim", "'am'ham'him", "'am'jam'jim", "'am'jjam'jjim", "'am'kam'kim", "'am'kkam'kkim", "'am'mam'mim", "'am'nam'nim", "'am'pam'pim", "'am'ppam'ppim", "'am'ram'rim", "'am'sam'sim", "'am'ssam'ssim", "'am'tam'tim", "'am'vam'vim", "'beu'beu'bi", "'beui'beui", "'bwe'", "'bweo", "'bwi'", "'bya'bwa", "'bye'bwe", "'byeo'bweo", "'byo'", "'byu", "'cheu'cheu'chi", "'cheui'cheui", "'chweo", "'chya'chwa", "'chye'chwe", "'chyeo'chweo", "'chyo'", "'chyu", "'deu'deu'di", "'deui'deui", "'dwe'", "'dweo", "'dwi'", "'dya'dwa", "'dye'dwe", "'dyeo'dweo", "'dyo'", "'dyu", "'feu'feu'fi", "'feui'feui", "'fya'fwa", "'fye'fwe", "'fyeo'fweo", "'fyo'", "'fyu", "'geu'geu'gi", "'geui'geui", "'gwe'", "'gweo", "'gwi'", "'gya'gwa", "'gye'gwe", "'gyeo'gweo", "'gyo'", "'gyu", "'heu'heu'hi", "'heui'heui", "'hweo", "'hwi'", "'hya'hwa", "'hye'hwe", "'hyeo'hweo", "'hyo'", "'hyu", "'jeu'jeu'ji", "'jeui'jeui", "'jjeu'jjeu'jji", "'jjwe'", "'jjwi'", "'jjye'jjwe", "'jjyeo'jjweo", "'jjyo'", "'jjyu", "'jweo", "'jwi'", "'jya'jwa", "'jye'jwe", "'jyeo'jweo", "'jyo'", "'jyu", "'keu'keu'ki", "'keui'keui", "'kkeu'kkeu'kki", "'kkeui'kkeui", "'kkwe'", "'kkweo", "'kkwi'", "'kkya'kkwa", "'kkye'kkwe", "'kkyeo'kkweo", "'kkyo'", "'kkyu", "'kwe'", "'kwi'", "'kya'kwa", "'kye'kwe", "'kyeo'kweo", "'kyo'", "'kyu", "'leui'l'leui", "'lwe", "'lwi", "'lyo", "'lyu", "'meu'meu'mi", "'meui'meui", "'mwe'", "'mweo", "'mwi'", "'mya'mwa", "'mye'mwe", "'myeo'mweo", "'myo'", "'myu", "'neu'neu'ni", "'neui'neui", "'nweo", "'nwi'", "'nya'nwa", "'nye'nwe", "'nyeo'nweo", "'nyo'", "'peu'peu'pi", "'peui'peui", "'ppeu'ppeu'ppi", "'ppeui'ppeui", "'ppwe'", "'ppweo", "'ppya'ppwa", "'ppye'ppwe", "'ppyeo'ppweo", "'ppyo'", "'ppyu", "'pwe'", "'pweo", "'pwi'", "'pya'pwa", "'pye'pwe", "'pyeo'pweo", "'pyo'", "'pyu", "'reu'reu'ri", "'reui'reui", "'rreu'rreu", "'rri'", "'rru", "'rwe'", "'rweo", "'rya'rwa", "'rye'rwe", "'ryeo'rweo", "'ryo'", "'ryu", "'seu'seu'si", "'seui'seui", "'sseu'sseu'ssi", "'sseui'sseui", "'sswi'", "'ssya'sswa", "'ssye'sswe", "'ssyeo'ssweo", "'ssyo'", "'ssyu", "'sweo", "'swi'", "'sya'swa", "'sye'swe", "'syeo'sweo", "'syo'", "'syu", "'teu'teu'ti", "'teui'teui", "'theu'theu'thi", "'theui'theui", "'thwe'", "'thweo", "'thya'thwa", "'thye'thwe", "'thyeo'thweo", "'tteu'tteu'tti", "'tteui'tteui", "'ttwe'", "'ttweo", "'ttya'ttwa", "'ttye'ttwe", "'ttyeo'ttweo", "'ttyo'", "'ttyu", "'tweo", "'twi'", "'tya'twa", "'tye'twe", "'tyeo'tweo", "'tyo'", "'tyu", "'veu'veu'vi", "'veui'veui", "'vya'vwa", "'vye'vwe", "'vyeo'vweo", "'vyo'", "'vyu", "'zeu'zeu'zi", "'zeui'zeui", "'zwe'", "'zya'zwa", "'zye'zwe", "'zyo'", "a'a'e'a'i'a'o", "a'r", "an'ban'bin'", "an'chan'chin'", "an'dan'din'", "an'fan'fin'", "an'gan'gin'", "an'han'hin'", "an'jan'jin'", "an'jjan'jjin'", "an'kan'kin'", "an'kkan'kkin'", "an'man'min'", "an'nan'nin'", "an'pan'pin'", "an'ppan'ppin'", "an'ran'rin'", "an'san'sin'", "an'ssan'ssin'", "an'tan'tin'", "an'than'thin'", "an'ttan'ttin'", "an'van'vin'", "an'zan'zin'", "ang'bang'bing'", "ang'chang'ching'", "ang'dang'ding'", "ang'fang'fing'", "ang'gang'ging'", "ang'hang'hing'", "ang'jang'jing'", "ang'jjang'jjing'", "ang'kang'king'", "ang'kkang'kking'", "ang'mang'ming'", "ang'nang'ning'", "ang'pang'ping'", "ang'ppang'pping'", "ang'rang'ring'", "ang'sang'sing'", "ang'ssang'ssing'", "ang'tang'ting'", "ang'thang'thing'", "ang'ttang'tting'", "ang'vang'ving'", "ang'zang'zing'", "ba'ba'bya'", "be'be'bye'", "beo'beo'byeo'", "bi'bi'bwi'", "bo'bo'byo'", "br", "bu'bu'byu'", "bwa'", "cha'cha'chya'", "che'che'chye'", "cheo'cheo'chyeo'", "chi'chi'chwi'", "cho'cho'chyo'", "chu'chu'chyu'", "chwa'", "da'da'dya'", "de'de'dye'", "deo'deo'dyeo'", "di'di'dwi'", "do'do'dyo'", "du'du'dyu'", "dwa'", "e'e'i'e'o'e'u", "e'r", "eo'eo'eu'eo'a'eu'a", "eo'r", "eu'eu'e'eu'i'eu'o", "eu'r", "eu'ya'yo'eu'yo'eu'wi", "fa'fa'fya'", "fe'fe'fye'", "feo'feo'fyeo'", "fo'fo'fyo'", "fu'fu'fyu'", "fwa'", "ga'ga'gya'", "ge'ge'gye'", "geo'geo'gyeo'", "gi'gi'gwi'", "go'go'gyo'", "gu'gu'gyu'", "gwa'", "ha'ha'hya'", "he'he'hye'", "heo'heo'hyeo'", "hi'hi'hwi'", "ho'ho'hyo'", "hu'hu'hyu'", "hwa'", "i'i'o'i'u'i'eo", "i'r", "i'yo'i'yu'i'yeo'wi", "ja'ja'jya'", "je'je'jye'", "jeo'jeo'jyeo'", "ji'ji'jwi'", "jja'jja'jjya'", "jje'jje'jjye'", "jjeo'jjeo'jjyeo'", "jji'jji'jjwi'", "jjo'jjo'jjyo'", "jju'jju'jjyu'", "jjwa'", "jo'jo'jyo'", "ju'ju'jyu'", "jwa'", "ka'ka'kya'", "ke'ke'kye'", "keo'keo'kyeo'", "ki'ki'kwi'", "kka'kka'kkya'", "kke'kke'kkye'", "kkeo'kkeo'kkyeo'", "kki'kki'kkwi'", "kko'kko'kkyo'", "kku'kku'kkyu'", "kkwa'", "ko'ko'kyo'", "ku'ku'kyu'", "kwa'", "l'a'l'e'l'i'l", "l'eu'l'yu'l'yeo", "l'l'weo", "l'o'l'u'l'eo'l", "l'r", "l'wa'l'we'l'wi", "l'ya'l'ye'l'yo", "la'l'la'l'lya'l'lwa", "le'l'le'l'lye'l'lwe", "leo'l'leo'l'lyeo'l'lweo", "leu'l'leu'", "li'l'li'l'lwi'", "lo'l'lo'l'lyo'", "lu'l'lu'l'lyu'", "lweo", "lya'", "m'a'm'e'm'i'm", "m'eu'm'yu'm'yeo", "m'm'weo", "m'o'm'u'm'eo'm", "m'wa'm'we'm'wi", "m'ya'm'ye'm'yo", "ma'ma'mya'", "me'me'mye'", "meo'meo'myeo'", "mi'mi'mwi'", "mo'mo'myo'", "mu'mu'myu'", "mwa'", "n'a'n'e'n'i'n", "n'eu'n'yu'n'yeo", "n'n'weo", "n'r", "n'wa'n'we'n'wi", "n'ya'n'ye'n'yo", "na'na'nya'", "ne'ne'nye'", "neo'neo'nyeo'", "ng'a'ng'e'ng'i'ng", "ng'eu'ng'yu'ng'yeo", "ng'ng'weo", "ng'o'ng'u'ng'eo'ng", "ng'wa'ng'we'ng'wi", "ng'ya'ng'ye'ng'yo", "ni'ni'nwi'", "no'no'nyo'", "nu'nu'nyu'", "nwa'", "o'a'u'a'eo'e'eo", "o'o'u'o'eo'o'eu", "o'r", "o'wa'u'wa'eu'wa", "pa'pa'pya'", "pe'pe'pye'", "peo'peo'pyeo'", "pi'pi'pwi'", "po'po'pyo'", "ppa'ppa'ppya'", "ppe'ppe'ppye'", "ppeo'ppeo'ppyeo'", "ppi'ppi'ppwi'", "ppo'ppo'ppyo'", "ppu'ppu'ppyu'", "ppwa'", "pu'pu'pyu'", "pwa'", "ra'ra'rya'", "re're'rye'", "reo'reo'ryeo'", "ri'ri'rwi'", "ro'ro'ryo'", "rra'rra'rre'rri'rro'rru'rreo", "rre'", "rreo'rreo'", "ru'ru'ryu'", "rwa'", "sa'sa'sya'", "se'se'sye'", "seo'seo'syeo'", "si'si'swi'", "so'so'syo'", "ssa'ssa'ssya'", "sse'sse'ssye'", "sseo'sseo'ssyeo'", "ssi'ssi'sswi'", "sso'sso'ssyo'", "ssu'ssu'ssyu'", "sswa'", "su'su'syu'", "swa'", "ta'ta'tya'", "te'te'tye'", "teo'teo'tyeo'", "tha'tha'thya'", "the'the'thye'", "theo'theo'thyeo'", "thi'thi'thwi'", "tho'tho'thyo'", "thu'thu'thyu'", "thwa'", "ti'ti'twi'", "to'to'tyo'", "tta'tta'ttya'", "tte'tte'ttye'", "tteo'tteo'ttyeo'", "tti'tti'ttwi'", "tto'tto'ttyo'", "ttu'ttu'ttyu'", "ttwa'", "tu'tu'tyu'", "twa'", "u'r", "u'u'eo'u'eu'u'e", "u'we'weo'eu'we'u'weo", "u'ye'yeo'ye'eu'ye", "va'va'vya'", "ve've'vye'", "veo'veo'vyeo'", "vi'vi'vwi'", "vo'vo'vyo'", "vu'vu'vyu'", "vwa'", "wa'wa'we'wa'wi'wa", "we'we'wi'we'o'we", "weo'weo'eu'weo'wa'weo'we", "wi'wi'o'wi'u'wi'weo", "ya'ya'ye'ya'i'ya'yu", "ye'ye'i'ye'yo'ye'yu", "yeo'yeo'eu'yeo'ya'yeo", "yo'yo'yu'yo'yeo'yo'weo", "yu'yu'yeo'yu'eu'yu'ya", "za'za'zya'", "ze'ze'zye'", "zeo'zeo'zyeo'", "zi'zi'zwi'", "zo'zo'zyo'", "zu'zu'zyu'", "zwa'"], ["textgrid"], ["textgrid"], ["filename"]]
