tree
version=v4
num_class=1
num_tree_per_iteration=1
label_index=0
max_feature_idx=110
objective=regression_l1
feature_names=language format_type alias_type alias_group row_index_in_wav row_ratio_in_wav file_row_count file_cv_count file_vc_count file_vv_count file_vcv_count file_br_count file_mono_count file_cv_ratio file_vc_ratio file_vc_cv_ratio file_cv_vc_balance file_mean_energy file_voiced_ratio file_mean_syllable_dur_ms is_head_row is_tail_row wav_duration_ms base_offset base_cons base_cutoff_abs base_pre base_ovl base_cons_gap base_cut_gap base_ovl_ratio curr_phone_start_ms curr_phone_end_ms curr_phone_len_ms curr_vowel_start_ms curr_vowel_end_ms curr_vowel_len_ms syllable_start_ms syllable_end_ms syllable_len_ms prev_phone_gap_ms next_phone_gap_ms expected_anchor_ms base_offset_to_expected_ms base_pre_to_expected_ms base_cutoff_to_next_anchor_ms energy_mean energy_min energy_max energy_slope_pre energy_slope_post valley_energy valley_dist_from_cutoff_ms db_mean db_min db_silence_ratio f0_voicing_mean f0_voicing_near_pre zcr_mean spectral_flux_mean onset_class voicing_class is_tense is_diphthong coda_type vowel_class mora_position bridge_type is_nasal_or_sonorant prev_alias_type next_alias_type prev_base_pre next_base_pre prev_base_offset next_base_offset prev_base_cutoff_abs next_base_cutoff_abs mapping_confidence used_alias_occurrence_mapping used_exact_vowel_fix used_nuclei_fallback used_alias_based_syllables words_vs_alias_score_margin jump_blocked_flag mapping_reason_code local_peak_db local_valley_db mel_window_energy_mean mel_window_silence_ratio mel_voiced_formant_ratio mel_silence_sparse_ratio mel_unvoiced_diffuse_ratio mel_breath_like_ratio blank_span_confidence mel_offset_candidate_ms mel_cutoff_candidate_ms mel_voiced_onset_ms mel_vowel_nucleus_start_ms mel_vowel_nucleus_end_ms mel_voiced_onset_to_pre_ms mel_safety_clamped onset_patch_energy_mean onset_patch_voiced_ratio onset_patch_unvoiced_ratio tail_patch_energy_mean tail_patch_silence_ratio syllable_blank_confidence syllable_mel_voiced_conf syllable_mel_silence_conf syllable_mel_unvoiced_conf syllable_mel_breath_conf
feature_infos=none none -1:5:2:1:6:4:3 -1:9:4:3:10:2:1:8:7:5:6 [0:17] [0:1] [1:20] [0:5] [0:3] [0:7] [0:14] none [0:1] [0:1] [0:1] [0.1666666666666666:4] [-1:1] [0.21846002526954189:0.77510847639437497] [0.21951219512195119:0.99656357388316164] [10.000000000000009:5570] [0:1] [0:1] [2543.310657596372:8756.8253968253975] [0:5135.96] [20.859999999999999:467.25999999999999] [185.27000000000001:5479.4099999999999] [0:367.75] [0:353.83999999999997] [14.619999999999999:296.69999999999999] [8:375.47000000000003] [0:0.9855670103092784] [0:5310] [120:6440] [9.9999999999997726:5570] [0:5310] [0:6440] [0:3390] [0:4720] [160:6530] [10:5990] none [0:1070] [0:5310] [-368.13000000000011:38.419999999999959] [-36.46999999999997:393.07000000000016] [-2052.46:3908.3699999999999] [0.043894361865435799:1] [0:1] [0.13238142241569439:1] [-0.80076537104332823:1] [-0.99450801292944624:0.99746011418302161] [0:1] [0.00047619047609249998:515.25943310657613] [-60.602716875770909:-7.5369323348009294] [-96.774007988542024:-8.9145289556942267] [0:0.56716417910447758] [0.00030202076535730001:1] [0:1] [0.0062375956903884004:0.43804933371136939] [0:0.080245211960530596] -1:1:3:2:0 -1:1:2:0 [0:1] [0:1] -1:2:4:3:0 -1:1:12:16:14:2:18:11:8:15:7:17:3:13:6:10:9:4:0 -1:0:1:2 -1:0:2:3 [0:1] -1:0:5:2:6:1:4 -1:4:0:5:1:3 [0:2303.5599999999999] [0:4178.9099999999999] [0:5050] [0:6378.9700000000003] [0:5387.1400000000003] [0:6642.6599999999999] [0.75000820435742854:1] none [0:1] [0:1] none [8.9279999999999973:5956.5320000000002] none none [-60.602716875770909:-7.5369323348009294] [-96.774007988542024:-8.9145289556942267] [0.043894361865435799:1] [0:0.56716417910447758] [0:1] [0:0.53731343283582089] [0:0.7142857142857143] [0:0.20754716981132071] [0:0.45597014925373131] [0:5266.0045351473927] [103.77324263038548:5479.4099999999999] [0:5278.0045351473927] [0:5278.0045351473927] [0:5497.50566893424] [-79.992675736961246:79.992154195011381] none [0:1] [0:1] [0:1] [2.2064654064274944e-05:1] [0:1] [0:0.79999999999999993] [0:1] [0:1] [0:1] none
tree_sizes=3279 3359 3355 3362 3364 3328 3330 3354 3362 3365 3368 3323 3389 3357 3364 3380 3370 3365 3354 3395 3353 3377 3377 3363 3385 3346 3349 3384 3379 3363 3390 3363 3376 3412 3353 3365 3397 3340 3349 3356 3394 3392 3372 3374 3372 3372 3388 3341 3381 3356 3361 3341 3390 3385 3382 3399 3375 3384 3363 3390 3351 3382 3324 3410 3419 3356 3391 3367 3398 3417 3418 3431 3398 3388 3398 3414 3412 3427 3405 3409 3405 3437 3367 3429 3415 3366 3403 3441 3402 3378 3414 3425 3387 3393 3420 3397 3407 3383 3414 3435 3415 3394 3424 3433 3364 3397 3447 3427 3428 3439 3427 3450 3414 3412 3429 3419 3410 3425 3425 3419 3442 3439

Tree=0
num_leaves=31
num_cat=1
split_feature=28 76 52 105 105 23 52 24 82 32 45 71 32 4 38 67 72 39 39 52 59 19 7 77 10 19 38 28 37 39
split_gain=499.368 567.025 95.6751 92.7098 92.3846 74.8895 72.171 55.505 50.0339 42.4712 37.7155 57.3698 38.0736 36.3626 33.5201 28.1128 27.2147 27.0072 20.4959 35.0321 19.0578 19.0946 18.3758 17.932 17.5653 16.3369 16.2331 17.4469 16.0739 16.1081
threshold=141.58000000000004 1051.7350000000004 261.57860544217698 1.0000000180025095e-35 1.0000000180025095e-35 1176.5350000000001 239.40538548752832 225.29000000000005 323.04600000000005 1095.0000000000002 175.62500000000026 48.000000000000007 805.00000000000011 6.5000000000000009 5954.1400000000012 0 295.73500000000007 295.00000000000006 3115.0000000000005 295.21151927437654 0.014974778762421552 235.63492063492069 1.5000000000000002 0.85082348202871094 5.5000000000000009 394.64285714285717 4725.0000000000009 81.289999999999992 2235.0000000000005 4228.0950000000003
decision_type=2 2 2 2 2 2 2 2 2 2 2 2 2 2 2 9 2 2 2 2 2 2 2 2 2 2 2 2 2 2
left_child=1 3 4 6 5 8 17 -5 -3 -8 11 12 25 16 18 -6 28 -1 -4 -20 -19 -22 -18 -12 -16 -10 27 -14 29 -7
right_child=-2 2 14 7 15 13 9 -9 10 -11 23 -13 26 -15 24 -17 22 20 19 -21 21 -23 -24 -25 -26 -27 -28 -29 -30 -31
leaf_value=52.332501220703122 46.891501235961911 50.459501171112059 48.220001125335692 48.48750114440918 50.786001205444336 49.278001165390016 51.578001213073733 62.609001159667969 52.340501213073729 62.609001159667969 56.424001312255861 62.609001159667969 52.423501205444339 60.883000946044923 58.300001525878905 46.174001312255861 60.524001312255862 55.661001205444336 51.903501129150392 49.473501157760623 53.574501037597656 57.641500854492186 40.317501068115234 53.968001174926755 50.085001182556155 55.344001007080081 53.924501037597658 47.987001228332517 36.609001159667969 36.609001159667969
leaf_weight=48.186475217342377 553.35805892944336 53.524209499359131 179.44396737217903 58.898925438523293 42.625167205929756 222.74771451950073 115.48181560635567 24.413814187049866 60.684690654277802 61.8863725066185 243.01714925467968 163.72111439704895 41.255908966064453 44.590954840183258 33.714420884847641 117.33784991502762 85.336063548922539 407.24776667356491 209.61023360490799 471.92603640258312 30.150737002491951 695.14224736392498 19.03354212641716 83.059239327907562 31.108021855354309 50.826029509305954 31.66956689953804 136.35734151303768 59.035608381032944 85.352320685982704
leaf_count=62 882 62 255 81 94 451 150 48 82 129 338 352 50 79 42 148 202 701 330 637 48 929 45 120 54 69 43 213 158 213
internal_value=52.2198 52.2261 52.2115 52.251 52.2192 52.2234 52.2542 52.1998 52.2324 52.2244 52.2354 52.2266 52.2143 52.2083 52.1988 52.1832 52.2042 52.2586 52.1962 52.2002 52.2602 52.2651 52.2267 52.2486 52.2335 52.2379 52.2017 52.1959 52.1978 52.2024
internal_weight=4460.74 3907.39 2465.98 1441.41 1540.17 1380.21 1358.1 83.3127 864.115 177.368 810.591 484.515 320.794 516.096 925.803 159.963 471.505 1180.73 860.98 681.536 1132.54 725.293 104.37 326.076 64.8224 111.511 209.283 177.613 367.136 308.1
internal_count=7067 6185 4037 2148 2719 2477 2019 129 1329 279 1267 809 457 1148 1318 242 1069 1740 1222 967 1678 977 247 458 96 151 306 263 822 664
cat_boundaries=0 1
cat_threshold=4
is_linear=0
shrinkage=1


Tree=1
num_leaves=31
num_cat=3
split_feature=28 76 105 65 2 52 22 26 34 4 26 52 52 23 23 61 26 25 38 75 39 17 39 52 25 6 59 76 38 25
split_gain=499.521 545.62 127.025 114.504 110.751 86.6659 68.0499 65.6086 58.397 53.1627 43.825 39.6931 47.1231 38.3536 36.1349 33.9067 31.3155 28.1332 36.8578 23.2341 19.0628 18.5137 17.5339 15.4836 15.4568 15.3811 14.7951 16.1045 14.3415 13.1914
threshold=141.58000000000004 1216.2150000000004 1.0000000180025095e-35 0 1 242.2634126984124 3880.0000000000005 126.19000000000001 1235.0000000000002 6.5000000000000009 81.38000000000001 261.57860544217698 102.35309523809532 429.47500000000008 651.29500000000019 2 105.14000000000001 1795.4150000000002 4485.0000000000009 725.08500000000015 3425.0000000000005 0.39351302116629966 3085.0000000000005 274.63001133786855 431.47500000000008 7.5000000000000009 0.017042085552159553 806.7650000000001 5355.0000000000009 892.06500000000005
decision_type=2 2 2 1 9 2 2 2 2 2 2 2 2 2 2 1 2 2 2 2 2 2 2 2 2 2 2 2 2 2
left_child=1 2 5 4 8 6 10 -4 -3 11 -1 12 16 24 29 -13 -5 18 -18 -2 -16 -8 -17 -24 -7 -22 27 -23 -27 -14
right_child=19 3 7 9 -6 13 21 -9 -10 -11 -12 15 14 -15 20 22 17 -19 -20 -21 25 26 23 -25 -26 28 -28 -29 -30 -31
leaf_value=-1.9406250381469725 -5.2220750236511231 7.2860001373291015 -3.8193750381469727 -6.5417002487182616 -4.3784999799728395 0.32510003089904771 0.20614996910095229 9.8695499420166026 0.1068249893188476 6.1478497695922858 1.8304249572753908 -3.8000000905990605 4.8633000564575202 3.928325004577637 -2.0501750564575199 -3.5900000524520879 -3.3303501033782958 -9.4024002718925477 8.2527997207641608 0.7034248924255373 3.5132750701904301 5.0194500923156742 0.62182476043701174 -1.6751750445365907 -1.2559001064300539 0.25854988098144532 5.5402997207641604 1.7619248199462891 -14.830450057983398 0.079549789428710938
leaf_weight=57.312964975833893 531.62194219231606 223.54843874275684 79.989901378750801 126.80035153031349 144.710922062397 32.086022824048996 29.623629853129387 27.73585969209671 131.51050962507725 66.788161993026733 94.796800792217255 239.90678958594799 73.969864368438721 114.20576582849026 147.44035106897354 77.802828818559647 113.26511441171169 149.63732933998108 59.856641605496407 24.668206468224525 65.843969389796257 274.15486101806164 75.675519913434982 346.5199648886919 80.893463417887688 88.21278427541256 694.52093356847763 203.72331203520298 32.377746343612671 40.030144929885864
leaf_count=69 849 406 108 222 232 43 55 56 279 109 133 350 99 196 238 112 190 342 115 39 110 502 117 479 109 152 924 287 80 56
internal_value=0.000189469 0.00652257 0.0279047 -0.00986449 0.0110987 0.0314836 0.0362781 -0.0246297 0.025977 -0.0159837 0.00476934 -0.0178611 -0.0107923 0.00290602 0.000686587 -0.0264349 -0.0222282 -0.0139569 -0.000232738 -0.0441298 -0.00761222 0.0402654 -0.0190207 -0.0150013 -0.0177491 0.00301249 0.0412517 0.0344804 -0.00759963 0.0249915
internal_weight=4449.23 3892.94 1689.04 2203.9 499.77 1581.32 1354.13 107.726 355.059 1704.13 152.11 1637.34 897.434 227.185 447.875 739.905 449.559 322.759 173.122 556.29 333.875 1202.02 499.998 422.195 112.979 186.435 1172.4 477.878 120.591 114
internal_count=7058 6170 2482 3688 917 2318 1970 164 685 2771 202 2662 1604 348 735 1058 869 647 305 888 580 1768 708 596 152 342 1713 789 232 155
cat_boundaries=0 1 2 3
cat_threshold=411664 32 4
is_linear=0
shrinkage=0.05


Tree=2
num_leaves=31
num_cat=5
split_feature=29 26 76 65 22 72 74 72 23 18 43 82 52 104 42 25 98 65 52 17 43 10 46 76 65 61 35 54 32 65
split_gain=851.724 279.485 202.871 180.248 74.3065 61.9398 61.1517 57.1389 42.7955 42.0514 38.1724 29.9643 33.4306 25.9762 25.8289 24.1543 27.8278 22.8647 22.3856 25.7117 21.6945 19.0686 18.1048 18.0823 15.5981 18.7278 17.0624 15.5073 13.0121 12.8269
threshold=117.07000000000002 101.42500000000001 1282.0650000000003 0 3800.0000000000005 114.99500000000002 1711.2400000000002 107.36000000000001 640.6350000000001 0.6263943973699303 -82.40000000000002 3373.7025000000008 295.21151927437654 0.8483286969860957 1475.0000000000002 948.11500000000012 730.83900226757385 1 184.3430158730159 0.38333326625036795 -111.02499999999996 4.5000000000000009 0.85515936334147058 900.32500000000016 2 3 1665.0000000000002 -26.895973628261487 1125.0000000000002 4
decision_type=2 2 2 1 2 2 2 2 2 2 2 2 2 2 2 2 2 1 2 2 2 2 2 2 1 1 2 2 2 1
left_child=2 7 4 5 9 -3 20 15 -4 -1 -10 21 24 -9 -8 16 -2 -12 19 -6 23 -7 -19 -5 -13 -26 -27 -20 -17 -16
right_child=1 3 8 6 18 11 14 13 10 -11 17 12 -14 -15 29 28 -18 22 27 -21 -22 -23 -24 -25 25 26 -28 -29 -30 -31
leaf_value=-1.6365938167572018 -2.2534713153839112 2.5243251297473908 5.2429086246490479 9.6731336917877204 -0.60983263540267962 -3.7765000822544099 9.6094999275207531 -5.1621150836944585 3.6829996833801268 1.0643037376403808 -3.5710800138711933 -6.1942651710510255 -2.7814163018465048 -1.8135000708103179 2.4959836926460266 -3.5913162956237801 1.9190288419723514 4.3197586312294005 2.6359100475311283 5.3594097270965584 4.8247000083923339 -3.6100000860691068 -1.7741662902832034 0.2931111564636229 -1.550675044298172 1.7045100440979006 -0.50176621055603055 1.1688286552429201 -0.55759129142761243 -6.0292411551475524
leaf_weight=49.818348795175552 28.896141916513443 63.27474008500576 90.509327262639999 41.47452101111412 26.258303061127663 196.35578945279121 40.038856387138367 686.83186301589012 136.06054912507534 84.556212946772575 178.99635961651802 71.059980869293213 284.96348738670349 252.21179987490177 59.427091404795647 40.064694374799728 40.195843353867531 77.350728765130043 92.186310723423958 911.94291789829731 236.94214573502541 62.473793476819992 96.879407748579979 97.360649153590202 85.665445253252983 95.881148278713226 59.55696502327919 160.07955886423588 29.503907382488251 93.493807211518288
leaf_count=63 44 117 132 81 41 284 92 1053 250 111 348 143 399 364 131 52 52 164 126 1320 433 99 174 150 140 137 101 225 77 185
internal_value=-0.000518925 -0.0193232 0.0248117 -0.00527883 0.0356068 -0.0188595 0.0167089 -0.038714 0.000144575 0.000361485 -0.00569789 -0.0225935 -0.0164343 -0.043138 -0.00587699 -0.00875326 0.0121871 -0.0143656 0.0395851 0.0431405 0.0287513 -0.0368028 -0.000639881 0.0130567 -0.00513084 0.00137314 0.0117752 0.0263626 -0.0295501 -0.0152375
internal_weight=4470.31 2565.67 1904.64 1487.97 1324.84 919.231 568.737 1077.7 579.796 134.375 489.287 855.957 597.127 939.044 192.96 138.661 69.092 353.226 1190.47 938.201 375.777 258.83 174.23 138.835 312.164 241.104 155.438 252.266 69.5686 152.921
internal_count=7088 4134 2954 2492 1886 1420 1072 1642 1068 174 936 1303 920 1417 408 225 96 686 1712 1361 664 383 338 231 521 378 238 351 129 316
cat_boundaries=0 1 2 3 4 5
cat_threshold=71246 45898 1600 4 26640
is_linear=0
shrinkage=0.05


Tree=3
num_leaves=31
num_cat=3
split_feature=29 26 76 65 57 13 22 67 94 5 61 72 5 24 82 19 52 29 96 26 29 7 45 5 97 34 23 54 98 104
split_gain=802.024 280.603 181.23 137.437 67.1286 56.341 52.8328 45.1989 60.4925 44.9617 47.282 41.1044 40.1499 31.829 31.4739 29.8079 26.1282 25.5957 22.8107 23.8046 21.6538 20.2093 20.1834 19.9208 19.924 19.2521 17.4468 16.9787 15.7422 14.6631
threshold=117.07000000000002 83.015000000000015 1065.2600000000002 0 0.91324484820396534 0.10555555555555557 3942.4036281179146 1 1415.8936848072565 0.76388888888888895 2 114.99500000000002 0.86607142857142871 205.26500000000001 2397.9305000000008 645.50000000000011 155.94141723356014 55.224999999999987 2407.0294784580506 108.69500000000001 189.78500000000003 1.5000000000000002 -41.475000000000129 0.6515151515151516 3190.2494331065764 775.00000000000011 429.47500000000008 -24.337923246033878 486.39455782312933 0.93579696612958663
decision_type=2 2 2 1 2 2 2 9 2 2 1 2 2 2 2 2 2 2 2 2 2 2 2 2 2 2 2 2 2 2
left_child=2 11 6 5 -4 -3 14 8 16 10 -5 20 18 -12 -1 26 -6 -8 19 -7 21 -2 -15 -10 -25 -21 -9 -19 -29 -13
right_child=1 3 4 9 7 12 17 15 23 -11 13 29 -14 22 -16 -17 -18 27 -20 25 -22 -23 -24 24 -26 -27 -28 28 -30 -31
leaf_value=-1.6738090188980099 -1.2967977677345275 5.856223470878601 4.0362222730636601 -3.5876750781416891 5.7515099336624145 -2.120569297981262 5.1224397595405584 1.6241143925666812 -14.181776043695212 9.5469174353003492 0.92615455520749068 -4.9040093295097353 9.1894770071983345 -0.52515055294036872 1.1721886903762819 4.4264893782615662 -0.41876146488189686 2.5046146519660955 -11.761540797543526 4.826528222846985 -3.0107412792325023 4.5053567860603341 -2.1095912994027142 6.1772322984218597 -14.181776043695212 -0.40505419476032256 -2.8718235208213332 0.47288722248077414 9.6980069487571718 -1.6377413250088695
leaf_weight=51.20686462521553 31.56810550391674 230.84200423955917 209.32667796313763 312.5223281532526 135.94365240633488 59.360257834196091 756.28181412816048 25.361050650477409 76.128775700926781 58.847966566681862 84.872930467128754 697.13814295828342 39.722937405109406 196.38286928832531 68.514558672904968 23.578092306852341 48.404020980000496 106.29766516387463 46.251811429858208 81.605832695960999 75.275314778089523 39.660272374749184 382.38431376218796 46.688353732228279 25.324739903211594 103.06931859254837 193.08256174623966 114.81351593136787 33.585534140467644 98.664419963955879
leaf_count=68 56 432 304 490 235 84 1091 35 159 121 111 1082 93 312 97 38 69 147 100 150 98 71 557 85 65 193 372 144 68 146
internal_value=-0.000344704 -0.0187746 0.0240885 -0.00599981 0.00561222 0.0138244 0.0368968 -0.00322008 0.00874519 -0.0167143 -0.0194345 -0.0404097 0.000816779 -0.011883 0.00548933 -0.019658 0.0278636 0.0406161 -0.00563464 0.000467233 -0.016071 0.00369014 -0.0160762 -0.0150458 0.00380605 0.00932078 -0.0254229 0.0269069 0.0159811 -0.0448903
internal_weight=4452.71 2538.17 1914.54 1595.86 783.838 560.852 1130.7 574.511 332.49 1035.01 976.162 942.306 330.01 663.64 119.721 242.022 184.348 1010.98 290.287 244.035 146.504 71.2284 578.767 148.142 72.0131 184.675 218.444 254.697 148.399 795.803
internal_count=7073 4096 2977 2643 1362 1052 1615 1058 613 1591 1470 1453 620 980 165 445 304 1450 527 427 225 127 869 309 150 343 407 359 212 1228
cat_boundaries=0 1 2 3
cat_threshold=452881 4 4
is_linear=0
shrinkage=0.05


Tree=4
num_leaves=31
num_cat=0
split_feature=29 26 76 44 57 5 22 43 82 16 29 36 72 82 29 74 27 19 37 94 5 44 94 13 86 22 97 74 71 24
split_gain=760.155 284.949 175.692 91.412 71.5929 69.5199 59.6765 46.4292 38.5895 37.1643 32.2602 33.2721 32.1248 31.6619 28.5351 28.0685 21.9133 21.6854 21.4045 20.9912 25.7157 21.4906 20.1269 19.9457 18.8007 17.1551 16.8646 15.0482 14.4474 25.0302
threshold=117.07000000000002 82.125000000000014 1065.2600000000002 34.460000000000043 0.90976963570558389 0.86607142857142871 3942.4036281179146 -82.40000000000002 3373.7025000000008 0.24038461538461539 135.89500000000004 575.00000000000011 118.68500000000002 2397.9305000000008 55.224999999999987 1639.1550000000002 6.2500000000000009 673.05041666666682 1165.0000000000002 1376.3190362811795 0.56696428571428581 51.530000000000008 1437.5050000000003 0.10555555555555557 -24.337923246033878 5885.2947845805002 2277.3242630385489 364.45500000000004 20.120000000000001 213.17500000000004
decision_type=2 2 2 2 2 2 2 2 2 2 2 2 2 2 2 2 2 2 2 2 2 2 2 2 2 2 2 2 2 2
left_child=2 12 6 5 -4 8 13 22 -3 15 25 26 17 -1 -8 28 -9 -2 23 21 -21 -18 -6 -17 -16 -10 -12 -26 29 -5
right_child=1 3 4 9 7 -7 14 16 10 -11 11 -13 -14 -15 24 18 19 -19 -20 20 -22 -23 -24 -25 27 -27 -28 -29 -30 -31
leaf_value=-1.5901185679531094 -2.118025672812462 -3.1161954807466268 3.8877715459072593 1.7894537688159944 3.6440376885318759 8.7300031568384178 4.9148178325986862 -1.9563211332896353 -0.1892575305467844 -9.2047132681673762 -1.8620879629218583 4.2079539061450957 -4.3312687603139883 1.2411042230510714 2.4592089201307297 8.6954140826129898 -0.98912228843212135 1.5332193441683062 -13.898997703363897 -13.472687241510451 -1.7133877120220662 4.9981861406946182 -13.254839035908283 -4.3326410177075863 5.8333667198085788 3.3044178778266904 -14.924329240263106 0.44924286135673558 9.0226885235881813 -1.512618778563142
leaf_weight=49.423385664820671 118.2217722684145 275.94162410497665 209.78962032496929 89.824129998683929 112.24476511776447 61.886468783020973 778.74279378354549 53.113625094294548 209.2658509016037 34.837740674614906 381.34582853317261 34.249102413654327 788.8759089410305 71.452547177672386 110.22917956113815 74.499436795711517 69.724538072943687 31.219692930579185 35.002776801586151 85.978918313980103 88.44100433588028 98.058433577418327 40.521978884935379 72.39095550775528 36.754014536738396 47.832150757312775 53.36270846426487 112.23986566066742 145.62251448631287 66.070712685585022
leaf_count=64 172 405 303 112 165 123 1125 71 307 66 522 43 1230 101 153 175 97 51 87 197 189 200 94 140 73 73 110 140 340 108
internal_value=-2.93347e-05 -0.0180765 0.0237024 -0.00512948 0.00498339 -0.0135177 0.0359444 -0.00452431 -0.0166942 0.0120903 -0.010645 -0.0184487 -0.0399068 0.00269519 0.0398164 0.0156848 -0.0135709 -0.0186507 0.000172696 -0.00893308 -0.0210788 0.00369307 0.0188856 0.00854547 0.0254473 0.00358927 -0.022187 0.0138653 0.0250426 0.0144645
internal_weight=4437.16 2520.45 1916.71 1582.13 757.873 1063.88 1158.84 548.083 1002 518.248 726.056 468.958 938.317 120.876 1037.97 483.411 395.317 149.441 181.893 342.203 174.42 167.783 152.767 146.89 259.223 257.098 434.709 148.994 301.517 155.895
internal_count=7036 4064 2972 2611 1316 1583 1656 1013 1460 1028 1055 675 1453 165 1491 962 754 223 402 683 386 297 259 315 366 380 632 213 560 220
is_linear=0
shrinkage=0.05


Tree=5
num_leaves=31
num_cat=7
split_feature=29 27 23 65 22 79 72 18 5 104 52 39 74 65 34 61 65 37 38 36 67 86 32 59 18 36 72 65 61 13
split_gain=716.965 273.657 171.813 128.256 65.7092 64.147 57.438 46.731 43.8051 43.166 38.7575 52.4937 37.287 29.6786 29.1384 33.8501 27.5831 28.962 25.7751 24.525 24.1894 30.5679 23.7792 20.3203 20.0092 19.2922 18.2475 17.4323 16.635 15.8824
threshold=72.385000000000019 18.245000000000001 646.40000000000009 0 3942.4036281179146 1.0000000180025095e-35 75.665000000000006 0.69249791211240996 0.76388888888888895 0.86259120803361211 295.21151927437654 3575.0000000000005 1639.1550000000002 1 1525.0000000000002 2 3 2205.0000000000005 4645.0000000000009 19.999999999999549 4 -39.732321132686842 815.00000000000011 0.012887800883017901 0.71483499154876839 275.00000000000006 185.69000000000003 5 6 0.10555555555555557
decision_type=2 2 2 1 2 2 2 2 2 2 2 2 2 1 2 1 1 2 2 2 9 2 2 2 2 2 2 1 1 2
left_child=2 9 4 5 7 12 24 -1 16 -2 11 22 25 -13 15 -15 -4 20 -7 -11 27 -22 -8 26 -5 -3 -6 -18 -12 -14
right_child=1 3 8 6 23 18 10 -9 -10 19 28 13 29 14 -16 -17 17 -19 -20 -21 21 -23 -24 -25 -26 -27 -28 -29 -30 -31
leaf_value=-1.3915677465767857 -4.4824121280189759 6.1210843756714759 -3.6525506123901459 -0.98805133862453731 2.9876441607029443 -2.648037618765354 0.65578390686821919 1.4478424861912729 9.0710766052753922 0.034423351290941186 -3.6386161777653103 -6.2364778031232655 8.4014430534701354 -0.79679466164883983 -5.4107279810755262 1.4361074770999249 -0.074002875906333282 -13.540260535349354 0.78180401005786671 -2.2898457951794859 2.1249885751380329 -2.3323038225858208 -3.7711051253075598 4.3090763306171898 8.0260025912050015 8.4601656758124815 0.84828373076510433 5.2817325525526995 -1.7689835647757655 -2.139655507052213
leaf_weight=56.775083959102631 669.83930264413357 56.460558399558067 110.86363068223 28.072116136550903 95.644772261381149 64.998295396566391 38.190966963768005 60.863234251737595 130.53934554755688 88.57046265900135 113.25158588588238 73.811129570007324 62.38119412958622 105.12570664286613 131.62946470081806 258.65207909047604 69.965780824422836 25.576989516615868 44.884390115737915 150.58341720700264 25.152318805456161 85.551895678043365 220.20697045326233 802.60964930057526 69.195858895778656 202.93589037656784 116.66916359961033 102.79053147137165 293.55085265636444 94.547808319330215
leaf_count=68 1059 112 223 46 142 94 53 76 292 114 165 139 140 154 254 380 113 67 60 229 33 176 364 1066 132 400 166 169 400 193
internal_value=-0.000357514 -0.0160103 0.0253759 -0.00501142 0.0365132 0.0157276 -0.0132251 0.0011384 0.00246033 -0.0384909 -0.0162393 -0.0100278 0.0249951 -0.00154358 0.00307989 0.0104363 -0.00540423 0.00257878 -0.0179542 -0.0202558 0.0072601 -0.010986 -0.0287176 0.0406135 0.0236682 0.0366337 0.0268578 0.0189524 -0.0288762 0.00575699
internal_weight=4449.89 2766.89 1683 1857.89 1132.56 526.208 1331.69 117.638 550.44 908.993 1234.42 827.616 416.325 569.218 495.407 363.778 419.901 309.038 109.883 239.154 283.461 110.704 258.398 1014.92 97.268 259.396 212.314 172.756 406.802 156.929
internal_count=7079 4488 2591 3086 1518 999 2087 144 1073 1402 1909 1344 845 927 788 534 781 558 154 343 491 209 417 1374 178 512 308 282 565 333
cat_boundaries=0 1 2 3 4 5 6 7
cat_threshold=321553 1536 4 42568 4 327938 4
is_linear=0
shrinkage=0.05


Tree=6
num_leaves=31
num_cat=6
split_feature=29 26 23 65 22 2 104 61 66 31 5 18 43 104 22 65 31 38 61 23 29 4 33 56 7 25 5 44 5 22
split_gain=716.487 243.326 169.445 134.409 70.6672 58.581 45.8193 43.6094 41.9497 44.5225 41.7672 38.4772 32.5835 27.7914 25.9733 25.717 29.633 25.513 25.0957 28.7521 24.6828 19.7684 19.5066 18.9259 18.9224 16.8199 16.5167 16.4363 15.8956 14.9465
threshold=80.350000000000009 75.955000000000013 646.40000000000009 0 3800.0000000000005 1 0.92133710128174207 2 3 1015.0000000000001 0.76388888888888895 0.71291091392409844 -117.68500000000002 0.91819826214610278 4041.1111111111118 4 1345.0000000000002 4452.3350000000009 5 1444.4250000000002 16.339999999999993 6.5000000000000009 470.00000000000028 0.98207189832425723 1.0000000180025095e-35 2124.7000000000003 0.51470588235294124 116.66000000000001 0.24264705882352941 6075.7029478458062
decision_type=2 2 2 1 2 9 2 1 1 2 2 2 2 2 2 1 2 2 1 2 2 2 2 2 2 2 2 2 2 2
left_child=2 6 4 7 11 8 29 27 9 28 12 -1 25 -7 -9 26 17 -17 19 -14 -6 24 -8 -22 -11 -4 -16 -3 -5 -2
right_child=1 3 10 5 20 13 22 14 -10 21 -12 -13 18 -15 15 16 -18 -19 -20 -21 23 -23 -24 -25 -26 -27 -28 -29 -30 -31
leaf_value=-1.49680186878469 -4.0769810455386821 -3.2889261626495738 3.7204450736101324 0.72399743837689745 4.7256384909444691 -2.354606072107071 -1.1929731812727806 -2.9736716825053038 4.4098275115503913 7.9813709007966285 8.6175227750116221 0.80615678077743069 4.0253076718384984 0.48309060553977762 -2.0528123477833482 0.16831719228324149 -5.658591120069957 2.2872452185213255 -1.6338775383762518 -8.4228756847948834 2.5237941540532947 4.8574279229153525 0.85715834986666728 0.8863269017580393 -3.1552473652152884 -12.971097510870704 2.5446384104268378 -1.0496602194189038 8.3732648170857082 -4.1953464731666026
leaf_weight=55.332457482814789 696.64541125297546 269.79639045894146 57.767138242721558 46.209033712744713 692.52659031748772 102.34839151799679 125.38358321785927 95.126080304384232 215.04939964413643 71.45296548306942 128.22895848751068 49.43357241153717 80.580616608262062 56.476341381669044 259.37902317941189 154.80927073955536 86.211507201194763 65.799488008022308 227.18203361332417 46.324777498841286 228.82190018892288 20.679709941148758 57.790346845984459 173.17895752191544 174.23618423938751 23.463365212082863 29.239521130919456 42.466294780373573 72.497391328215599 60.606790259480476
leaf_count=66 1077 409 88 72 949 154 186 129 371 162 289 61 136 78 358 211 185 103 429 93 301 32 72 227 340 55 62 94 195 100
internal_value=-7.98369e-05 -0.0162572 0.024718 -0.00529519 0.0353443 0.010538 -0.0367933 -0.0172113 0.01767 0.00808549 0.00210406 -0.00388582 -0.0052837 -0.0158609 -0.0103716 -0.00649576 0.00370106 0.0135354 -0.0118356 0.00597425 0.0390993 -0.00326415 -0.0143535 0.0292442 -0.00721594 0.0232765 -0.0168791 -0.0328886 0.0335533 -0.0422214
internal_weight=4465.04 2702.2 1762.84 1761.78 1199.29 758.949 940.426 1002.83 600.125 385.075 563.547 104.766 435.318 158.825 690.565 595.439 306.82 220.609 354.087 126.905 1094.53 266.369 183.174 402.001 245.689 81.2305 288.619 312.263 118.706 757.252
internal_count=7084 4390 2694 2955 1604 1404 1435 1551 1172 801 1090 127 801 232 1048 919 499 314 658 229 1477 534 258 528 502 143 420 503 267 1177
cat_boundaries=0 1 2 3 4 5 6
cat_threshold=71370 48 4 2 1538 2
is_linear=0
shrinkage=0.05


Tree=7
num_leaves=31
num_cat=4
split_feature=29 67 76 65 104 57 22 72 35 2 94 74 39 65 25 23 29 18 18 52 5 89 19 19 33 54 8 38 52 19
split_gain=723.255 236.307 149.951 143.343 72.6773 71.93 51.0146 48.1503 34.8533 34.2361 53.672 32.5939 31.2489 37.4993 31.235 30.6413 29.8859 26.6985 24.9052 20.7005 20.2619 20.0716 17.9547 17.6552 16.489 15.08 14.2658 14.2646 13.7095 13.4454
threshold=117.07000000000002 0 993.50000000000011 1 0.68039171742609006 0.91509501441519159 4555.4988662131536 114.99500000000002 835.00000000000011 2 1415.8936848072565 2611.8200000000006 3235.0000000000005 3 1005.5650000000002 429.47500000000008 35.410000000000004 0.55181899016779379 0.61076475224676197 155.01202947845806 0.6515151515151516 0.76614583333333341 571.00595238095252 248.5714285714285 145.00000000000003 -24.337923246033878 1.0000000180025095e-35 4224.4650000000011 276.82036281179143 435.85714285714283
decision_type=2 9 2 1 2 2 2 2 2 9 2 2 2 1 2 2 2 2 2 2 2 2 2 2 2 2 2 2 2 2
left_child=2 4 16 7 -2 17 -6 -3 -9 15 19 24 -10 28 21 -7 18 -4 -1 -11 -12 -8 -17 -22 -5 -18 -15 -27 -14 -13
right_child=1 3 5 11 6 9 14 8 12 10 20 29 13 26 -16 22 25 -19 -20 -21 23 -23 -24 -25 -26 27 -28 -29 -30 -31
leaf_value=1.3008371041206013 -4.381713767656719 6.8323913800857357 -0.050154221889022924 0.73329774956352134 -2.5406319169678024 1.6834384550130921 0.45893607526278901 2.3726766363900391 -3.5794799095054715 5.111286512341584 -12.04034597574865 -8.6182634493685004 0.34253103781166988 -2.5522390035241074 -3.4055627057589817 -2.2056060682319441 2.2939327453485094 4.5081349736134451 4.2243411693730906 -0.064337683561955572 -12.378706731081536 -1.5412048533306164 2.3372728490546599 8.6193323002817746 6.2951663826552773 0.30702466055960259 0.51004506498213531 4.1037139170303902 -1.3102482319226905 4.0270565267695853
leaf_weight=39.853124618530273 540.29021552205086 67.408879488706589 55.246148616075516 77.570637241005898 275.72584161162376 50.987644478678703 181.85597409307957 53.494902491569519 159.38830363750458 148.86675024032593 75.348245352506638 39.884500950574875 173.76960365474224 297.42535953223705 94.373831987380981 194.43759642541409 164.45965513586998 211.69801589846611 608.08551496267319 52.588749453425407 27.042559593915939 57.292834967374802 24.141461804509163 46.363428071141243 329.16763378679752 145.30745477974415 29.281031623482704 83.829987227916718 141.23972578346729 36.673679932951927
leaf_count=50 834 143 76 134 397 67 228 78 249 257 160 85 292 433 177 355 235 300 836 75 65 73 48 90 652 206 54 176 211 82
internal_value=0.000236947 -0.0172103 0.0233537 -0.00345713 -0.0340235 0.00824222 -0.0221842 -0.0149482 -0.0183194 -0.00110375 0.0091219 0.0183937 -0.0209287 -0.0160072 -0.00902907 -0.0142001 0.0362189 0.0299412 0.0428202 0.0262023 -0.0133966 0.000583063 -0.0228686 0.00529924 0.0244077 0.025352 -0.0275235 0.0170606 -0.00309142 -0.0111548
internal_weight=4483.1 2554.84 1928.26 1405.3 1149.54 886.721 609.248 922.008 854.599 619.776 350.21 483.296 801.104 641.716 333.523 269.567 1041.54 266.944 647.939 201.455 148.754 239.149 218.579 73.406 406.738 393.597 326.706 229.137 315.009 76.5582
internal_count=7118 4122 2996 2413 1709 1493 875 1460 1317 1117 647 953 1239 990 478 470 1503 376 886 332 315 301 403 155 786 617 487 382 503 167
cat_boundaries=0 1 2 3 4
cat_threshold=1 71374 70 69772
is_linear=0
shrinkage=0.05


Tree=8
num_leaves=31
num_cat=4
split_feature=28 74 65 67 18 23 59 74 104 22 53 32 4 44 23 65 4 75 6 104 28 61 23 95 4 71 6 101 96 56
split_gain=399.811 463.79 82.0671 89.7294 78.4364 73.4969 56.1207 42.9015 42.7368 37.4028 32.1626 30.716 25.9094 25.7371 23.7424 29.1093 23.5191 22.2612 21.7985 24.6334 21.4937 21.1699 22.7313 26.3512 19.7953 19.3269 18.6634 28.6028 18.3992 16.932
threshold=141.58000000000004 747.19500000000005 0 1 0.61548320765141296 1444.4250000000002 0.024054004233693953 359.84000000000009 0.64617591056337054 4120.5442176870756 -25.459919401709904 965.00000000000011 6.5000000000000009 51.785000000000032 2596.3750000000005 2 6.5000000000000009 928.92500000000007 8.5000000000000018 0.9344320970324399 110.83500000000002 3 206.70000000000002 984.72500000000014 3.5000000000000004 109.89000000000001 9.5000000000000018 0.59521510479100559 202.04081632653063 0.91362744969204512
decision_type=2 2 1 9 2 2 2 2 2 2 2 2 2 2 2 1 2 2 2 2 2 1 2 2 2 2 2 2 2 2
left_child=1 4 10 5 11 9 7 20 -5 13 -3 -1 14 -4 15 -7 21 -2 19 -9 -6 -12 -23 29 -17 -25 27 -10 -21 -24
right_child=17 2 3 8 6 12 -8 18 26 -11 16 -13 -14 -15 -16 24 -18 -19 -20 28 -22 22 23 25 -26 -27 -28 -29 -30 -31
leaf_value=-1.4092341368847929 -3.6145462591025446 0.530791059246846 -0.93888693580562621 -4.3901901542517754 3.7761882130296054 8.0955840985625667 4.218101036886428 -0.33786878020555094 0.84429089140016633 4.7515077321268659 -2.7996270533479017 5.9111236836583423 7.1367714376165017 7.3636394912295176 -11.968881964955884 -11.438328676961216 3.4590774314371426 0.91437116911055227 2.2659506414577772 -0.49891089657776427 0.83962366839955327 -3.2704813911292163 2.5603521289696847 -3.1851729509520212 0.086914768595661232 -2.6943111943965836 1.6090979232262315 -1.8974033528006331 1.0860529346030041 -0.54155977401909261
leaf_weight=75.221507370471954 543.5757839679718 87.478560492396355 76.324028715491295 98.193358540534973 381.14135575294495 56.403102472424507 519.7021624147892 190.77234083414078 79.126096084713936 351.99022364616394 325.64523179829121 36.657785147428513 24.976254403591156 46.788843855261803 84.730042427778244 66.660235404968262 32.188758447766304 22.23412324488163 143.38422146439552 33.537842035293579 88.016003310680389 54.742074549198151 39.323576331138611 157.80099265277386 55.573569610714912 194.07980404794216 46.491773009300232 159.65410234034061 141.96767690777779 266.81201379001141
leaf_count=93 872 134 105 143 663 116 709 265 107 630 527 68 43 100 190 136 51 35 196 43 159 69 52 249 103 383 72 277 187 329
internal_value=-0.000636723 0.00504066 -0.00934324 0.000215939 0.0256285 0.0101295 0.0286436 0.021593 -0.0195154 0.0222153 -0.0186511 -0.0147564 -0.00978433 -0.00150617 -0.0143999 -0.00406076 -0.021194 -0.039924 0.0115498 0.00508004 0.0325033 -0.0224988 -0.0176733 -0.0150978 -0.0172432 -0.0244306 -0.00972234 -0.0153655 0.0185989 -0.00437043
internal_weight=4481.19 3915.38 2304.98 1146.91 1610.4 763.446 1498.52 978.819 383.465 475.103 1158.07 111.879 288.343 123.113 263.367 178.637 1070.59 565.81 509.662 366.278 469.157 1038.4 712.758 658.016 122.234 351.881 285.272 238.78 175.506 306.136
internal_count=7106 6199 3816 2022 2383 1423 2222 1513 599 835 1794 161 588 205 545 355 1660 907 691 495 822 1609 1082 1013 239 632 456 384 230 381
cat_boundaries=0 1 2 3 4
cat_threshold=99914 4 26640 4
is_linear=0
shrinkage=0.05


Tree=9
num_leaves=31
num_cat=3
split_feature=29 26 94 5 22 61 104 5 61 44 29 31 37 2 22 54 39 45 38 82 89 98 6 74 44 29 5 89 29 56
split_gain=645.258 201.305 128.192 91.2472 62.7147 52.7198 45.3299 44.4075 42.5342 41.9852 41.7888 33.2301 32.7519 35.1499 26.1455 25.7489 24.1776 22.3963 20.8313 20.4633 20.3425 25.5786 20.2898 18.8248 16.2701 16.9546 14.9757 15.5108 13.9399 13.4539
threshold=117.07000000000002 75.955000000000013 651.74603174603192 0.86607142857142871 4005.3174603174607 0 0.68039171742609006 0.76388888888888895 1 123.5899999999997 50.000000000000021 1265.0000000000002 2205.0000000000005 2 4555.4988662131536 -38.37947104105637 3235.0000000000005 245.71000000000001 4478.9700000000012 4247.5400000000009 0.91607981220657286 1499.0929705215424 7.5000000000000009 1360.4600000000003 62.059999999999953 13.999999999999995 0.59411764705882364 0.68237250554323736 66.909999999999997 0.79020130403194411
decision_type=2 2 2 2 2 1 2 2 1 2 2 2 2 9 2 2 2 2 2 2 2 2 2 2 2 2 2 2 2 2
left_child=2 6 4 5 8 16 -2 12 -1 -7 24 -11 13 18 29 -15 -3 -16 -4 -20 21 23 28 -18 -6 -26 27 -23 -12 -8
right_child=1 3 7 -5 10 9 14 -9 -10 11 22 -13 -14 15 17 -17 20 -19 19 -21 -22 26 -24 -25 25 -27 -28 -29 -30 -31
leaf_value=-1.4806783660174905 -4.0338189461474174 -2.2026844919109432 0.344874199504698 7.5419993051258531 3.8958143340420186 -2.1386456968658094 -0.12924535692345707 7.8839434994577422 0.8146538467929425 7.1124115816750901 0.50031337366523376 -5.2580725562372139 -11.64381220475931 0.80801673086526904 -1.0860991223752678 -2.1285749028995076 0.79630216770432627 1.0603696714689654 7.2999262312887199 -5.5983637153492314 -1.0788668878812555 -12.288982464914938 1.2929765830239022 4.4340017893646237 8.1332193484101261 0.41295362003559505 0.99768600900823901 1.0436988964166922 -0.54271458838125286 -2.6810748962296729
leaf_weight=59.758720517158508 440.76620379090309 170.16935580968857 162.53896169364452 116.61882498860359 693.00958469510078 564.10112348198891 24.431658789515495 160.56049224734306 77.140445530414581 52.741011410951614 53.449418514966965 73.117230653762817 35.913177639245987 47.18402773141861 177.46788807213306 161.35219374299049 281.54098780453205 46.462544992566109 80.359226360917091 22.327924534678459 151.63107542693615 68.895258814096451 201.41693897545338 79.760060116648674 35.906859889626503 62.26227793097496 57.667177602648735 36.327407032251358 32.672612696886063 178.54125542938709
leaf_count=70 695 281 267 263 900 840 38 368 98 131 69 169 95 64 272 322 411 59 144 47 199 144 255 127 83 104 115 57 48 267
internal_value=-8.93373e-05 -0.0166411 0.0220302 -0.00640166 0.0317099 -0.00963906 -0.0361431 0.00447406 -0.000169454 -0.0198965 0.0357557 0.00621572 -0.0027496 0.000740102 -0.0245306 -0.014262 -0.00127346 -0.01275 0.0125983 0.0307029 0.00296803 0.0076336 0.0194314 0.0150497 0.0416885 0.0226378 -0.00881583 -0.0200393 -0.000880528 -0.0375276
internal_weight=4406.09 2520.24 1885.85 1652.57 1215.62 1535.95 867.67 670.236 136.899 689.959 1078.72 125.858 509.676 473.762 426.903 208.536 845.991 223.93 265.226 102.687 675.822 524.191 287.539 361.301 791.179 98.1691 162.89 105.223 86.122 202.973
internal_count=7002 4068 2934 2737 1627 2474 1331 1307 168 1140 1459 300 939 844 636 386 1334 331 458 191 1053 854 372 538 1087 187 316 201 117 305
cat_boundaries=0 1 2 3
cat_threshold=2 1 32
is_linear=0
shrinkage=0.05


Tree=10
num_leaves=31
num_cat=5
split_feature=29 26 76 65 57 104 72 5 61 67 37 23 65 7 56 62 104 65 39 33 18 44 22 52 104 6 46 25 57 74
split_gain=625.573 205.463 131.345 91.1807 65.4179 46.4665 43.3193 41.9788 41.2126 33.7808 49.8002 36.8516 32.782 31.3798 28.388 25.9795 25.4139 23.0277 21.1189 20.3903 18.978 18.3008 16.4893 15.9359 15.6178 15.0904 13.0336 12.9555 12.8792 12.8645
threshold=117.07000000000002 75.955000000000013 993.50000000000011 0 0.87489629556069781 0.75865686662812337 171.21500000000003 0.86607142857142871 1 2 2255.0000000000005 429.47500000000008 3 1.0000000180025095e-35 0.92299322861758892 1.0000000180025095e-35 0.91290737491830931 4 3010.5350000000008 470.00000000000028 0.55181899016779379 116.66000000000001 6027.5170068027219 282.8234693877551 0.76156308822207253 7.5000000000000009 0.84151978233718039 820.62000000000012 0.69786651105550968 1551.7350000000004
decision_type=2 2 2 1 2 2 2 2 1 9 2 2 1 2 2 2 2 1 2 2 2 2 2 2 2 2 2 2 2 2
left_child=2 5 6 8 20 -2 -1 13 21 10 12 -11 -6 17 -8 -16 25 -5 -10 28 -4 -3 -21 27 -13 -15 -26 -20 -7 -14
right_child=1 3 4 7 9 19 14 -9 18 11 -12 24 29 16 15 -17 -18 -19 23 22 -22 -23 -24 -25 26 -27 -28 -29 -30 -31
leaf_value=4.0514278235591865 -3.7261278615109448 -2.8187133052109958 0.097700188295466728 -0.91421419969552253 -0.84736960583796872 -0.53387172906390779 2.6562267416598786 7.1037509556435827 -2.459981907934909 1.4884285439251372 -11.054597949102268 -3.0123134500182633 4.9537744188796502 0.40524165367342779 1.4649982210493449 -0.19038960420768519 0.55654007304461606 3.8424706383432019 1.6657635263556434 -1.4271183385711017 4.089005517275468 1.1648292007423453 1.7011834876096934 -0.9743363637097332 3.9392401153827379 -2.6832276570347386 -1.3665462257083589 -0.11088145293086669 -2.5562713133878505 3.0062001599026495
leaf_weight=575.33787335455418 540.16187699139118 268.11955168843269 51.090550422668457 62.589937999844551 82.7385323792696 96.720337122678757 172.18506899476051 81.666576340794563 109.60066133737564 59.195752665400505 40.396713510155678 65.505935907363892 140.61044752597809 82.125342011451721 160.76775650680065 127.52284157276154 138.57004660367966 145.54519900679588 40.081804305315018 42.827769592404366 190.62638483941555 39.082833454012871 37.631801709532738 271.92540661990643 29.466794863343239 180.79413636028767 150.57583153247833 234.17651779949665 173.16439412534237 88.720702886581421
leaf_count=885 850 409 72 107 135 133 221 183 164 76 106 112 238 158 224 156 225 265 55 59 272 89 48 366 51 312 275 404 278 173
internal_value=-6.31554e-05 -0.0163553 0.0213661 -0.00593153 0.00738168 -0.0357194 0.0335024 0.00790424 -0.0157819 -0.00079839 0.00974211 -0.0129895 0.0165041 0.0035089 0.0220729 0.0124785 -0.00465879 0.0192642 -0.0088662 -0.0215375 0.0296227 -0.0310585 0.000554495 -0.0048468 -0.0215265 -0.0137913 -0.0139204 0.00365741 -0.0281237 0.0255901
internal_weight=4479.53 2544.78 1934.74 1654.28 898.928 890.506 1035.81 691.291 962.987 657.211 352.466 304.744 312.07 609.625 460.476 288.291 401.49 208.135 655.784 350.344 241.717 307.202 80.4596 546.184 245.549 262.919 180.043 274.258 269.885 229.331
internal_count=7101 4105 2996 2737 1510 1368 1486 1250 1487 1166 652 514 546 1067 601 380 695 372 989 518 344 498 107 825 438 470 326 459 411 411
cat_boundaries=0 1 2 3 4 5
cat_threshold=71370 4 4 66122 33028
is_linear=0
shrinkage=0.05


Tree=11
num_leaves=31
num_cat=8
split_feature=29 27 94 70 22 65 104 61 7 104 5 59 18 23 67 45 47 74 22 67 34 24 29 67 6 24 99 65 65 74
split_gain=576.476 210.214 113.239 109.757 81.1769 70.5998 49.2253 39.4504 38.8168 37.5442 33.2661 33.2276 32.0064 28.2281 36.9869 25.3692 23.0058 22.031 20.9795 19.8201 23.1618 18.3498 21.3923 18.3204 17.8955 17.698 17.2519 14.4568 14.3437 14.257
threshold=65.505000000000024 10.860000000000001 651.74603174603192 0 3942.4036281179146 1 0.82676889659670461 2 1.0000000180025095e-35 0.91290737491830931 0.86607142857142871 0.014783011741846352 0.69249791211240996 2406.4450000000006 3 245.71000000000001 0.068027787706857315 2611.8200000000006 4041.1111111111118 4 815.00000000000011 208.00500000000002 209.99000000000004 5 9.5000000000000018 201.93500000000003 51.417267573696158 6 7 417.49500000000006
decision_type=2 2 2 9 2 1 2 1 2 2 2 2 2 2 9 2 2 2 2 9 2 2 2 9 2 2 2 1 1 2
left_child=2 6 4 5 12 7 -2 -3 27 17 13 23 -1 14 25 -8 -16 19 -9 20 -10 22 -20 24 26 -4 -6 -7 -23 -21
right_child=1 3 10 -5 11 8 15 18 9 -11 -12 -13 -14 -15 16 -17 -18 -19 21 29 -22 28 -24 -25 -26 -27 -28 -29 -30 -31
leaf_value=-1.26589681272324 -3.5398214684353975 -2.706781058636075 -0.30734671635803823 6.9347792559621979 0.91995921670456304 -0.64877414095668373 -1.228769672981785 -2.256824075117128 7.4353987689868006 0.54894320445402944 7.3149190648648785 3.4329523482322717 0.65382814427921199 -10.222326696396888 1.3281787541079391 1.2096915400864163 -1.5454887675147129 -8.5465912141845379 0.8459118323133048 0.2151375471562762 -1.8762607494144419 -1.8289659105854441 -1.7065085605779815 7.6533084699371532 3.2919135336672349 3.9444857580923127 -0.91609296875832769 4.4755986948652184 -0.18997004688716501 -2.3339600358764483
leaf_weight=54.507355332374573 564.17210228741169 296.04583518207073 47.8585334867239 149.90124571323395 141.37305721640587 63.042802184820175 219.32916210591793 109.68658709526062 53.91404564678669 222.22295923531055 88.463098555803299 701.31240919232368 58.195875763893127 76.902107626199722 37.032516568899155 37.962237030267715 123.75617285072803 77.641061708331108 124.20782491564751 24.939117163419724 116.68549658358097 245.78313834965229 70.307178139686584 49.854771956801414 32.695132195949554 148.47736360132694 43.508768796920776 171.72372889518738 166.77679713070393 117.63771472871304
leaf_count=64 900 453 69 335 183 111 333 144 110 349 211 931 74 187 50 48 225 162 170 34 216 371 86 101 38 270 58 322 265 162
internal_value=-0.00069667 -0.0142616 0.0232541 -0.00555404 0.0324886 -0.00890186 -0.0355732 -0.0177662 0.00177137 -0.00482845 0.00414072 0.0371611 -0.00767382 -0.00155508 0.00436206 -0.0174488 -0.0134189 -0.0141589 -0.0115997 -0.00824807 0.00325104 -0.00796357 0.00469638 0.0221655 0.0159011 0.0189238 0.00987091 0.0190808 -0.0139325 -0.0220073
internal_weight=4435.92 2831.98 1603.94 2010.52 1081.45 1860.61 821.464 1012.81 847.807 613.04 522.49 968.744 112.703 434.027 357.125 257.291 160.789 390.817 716.762 313.176 170.6 607.075 194.515 267.432 217.577 196.336 184.882 234.767 412.56 142.577
internal_count=7032 4571 2461 3290 1449 2955 1281 1489 1466 1033 1012 1311 138 801 614 381 275 684 1036 522 326 892 256 380 279 339 241 433 636 196
cat_boundaries=0 1 2 3 4 5 6 7 8
cat_threshold=50 202306 4 4 4 1 33028 132610
is_linear=0
shrinkage=0.05


Tree=12
num_leaves=31
num_cat=3
split_feature=29 27 94 65 22 104 71 76 61 39 13 22 18 59 22 25 72 5 29 24 29 38 53 17 17 104 65 39 57 26
split_gain=541.115 192.34 116.207 98.6204 71.7678 63.4764 40.9426 40.6642 36.2343 33.6324 27.9907 26.9687 26.5652 25.8904 25.7662 33.5636 23.6998 23.6275 22.762 22.4667 21.7255 19.3286 19.1327 18.331 17.8545 16.8384 15.4587 18.8463 14.2193 13.4105
threshold=65.505000000000024 18.245000000000001 666.47902494331072 0 3800.0000000000005 0.68039171742609006 168.24000000000004 599.74000000000012 1 3360.5550000000007 0.10555555555555557 4041.1111111111118 0.62134407551240056 0.015571506790259452 4554.2630385487546 1046.9600000000003 37.82500000000001 0.6515151515151516 139.31000000000003 208.00500000000002 209.99000000000004 1035.0000000000002 -15.778912827892549 0.46180805475154213 0.58593135946578656 0.69250515432182003 2 3605.0000000000005 0.67716679798831103 123.73500000000001
decision_type=2 2 2 1 2 2 2 2 1 2 2 2 2 2 2 2 2 2 2 2 2 2 2 2 2 2 1 2 2 2
left_child=2 5 4 7 12 -2 9 -3 17 28 -9 -10 -1 22 21 18 -13 -5 -16 20 -18 -7 -6 -15 -11 -12 27 -21 -4 -28
right_child=1 3 6 8 13 14 -8 10 11 24 25 16 -14 23 15 -17 19 -19 -20 26 -22 -23 -24 -25 -26 -27 29 -29 -30 -31
leaf_value=-1.0858903085070406 -3.6337573305356652 6.512165242478102 0.47525796206756077 -2.439657231529393 0.51209347502636149 -0.052559413648706511 6.8080413691711108 3.3906276816833696 -2.1439828713612714 4.1280508711367885 -2.7799631054808183 3.6276386930936568 0.71920646505314778 0.39255672262106955 0.57925098432268818 -13.117961215733255 0.88588531543531845 0.57361834344094476 -1.4140434239301345 -12.445208637339723 -0.78039332418157559 -2.5360146318910335 1.8601442453872452 3.3853045171976106 -12.145197964556722 0.2637214006693675 -2.7254137813711692 0.2768327452443437 -1.3459794244091547 -1.0239248275705009
leaf_weight=41.423427522182465 456.59771662950516 84.47782838344574 28.335826635360718 323.60786344110966 113.48072220385075 49.782207816839218 152.79099090397358 185.94416937232018 124.66647478938103 88.490615278482437 92.971615597605705 28.728628352284431 54.671330004930496 37.304020911455154 110.95158851146698 50.029023930430412 140.92403449118137 53.250585496425629 58.580184027552605 24.030989453196526 68.105209976434708 165.47685980796814 181.64887404441833 683.08677454292774 48.285673722624779 288.42262460291386 96.45779737830162 220.22017236053944 209.42242068052292 179.19304515421391
leaf_count=49 725 199 40 502 164 66 328 347 169 156 165 56 69 48 147 123 193 114 71 58 83 252 254 910 121 482 133 362 370 293
internal_value=0.000433102 -0.0129135 0.0232545 -0.00396715 0.0324244 -0.0320926 0.00392397 0.0117317 -0.0120908 -0.00497462 0.00709263 -0.00664364 -0.00887574 0.0363325 -0.0184201 -0.00636857 -0.00309776 -0.0251649 0.00425113 -0.00485334 0.0089904 -0.0307125 0.0238595 0.0414425 0.0147798 -0.000661979 -0.0104193 -0.000826141 -0.0163389 -0.0182284
internal_weight=4441.36 2802.42 1638.94 1911 1111.62 891.418 527.326 651.816 1259.18 374.535 567.338 882.326 96.0948 1015.52 434.82 219.561 757.66 376.858 169.532 728.931 209.029 215.259 295.13 720.391 136.776 381.394 519.902 244.251 237.758 275.651
internal_count=7049 4540 2509 3156 1494 1384 1015 1193 1963 687 994 1347 118 1376 659 341 1178 616 218 1122 276 318 418 958 277 647 846 420 410 426
cat_boundaries=0 1 2 3
cat_threshold=321557 4 69960
is_linear=0
shrinkage=0.05


Tree=13
num_leaves=31
num_cat=5
split_feature=29 27 96 70 22 52 65 79 29 39 52 71 96 76 39 52 62 65 65 61 62 43 41 54 39 96 22 43 96 73
split_gain=511.084 189.322 104.873 91.6771 86.479 65.2219 61.62 40.4261 39.4721 36.1078 33.3547 31.9924 30.4058 29.7578 33.0445 28.3982 25.6979 23.5167 23.5068 21.9123 21.6471 20.4053 18.3555 17.9159 17.4413 16.216 19.8374 16.1808 15.966 15.1975
threshold=80.350000000000009 17.715000000000003 675.9637188208618 0 4005.3174603174607 231.42092970521551 1 1.0000000180025095e-35 35.410000000000004 3425.0000000000005 297.17446712018159 180.22500000000002 2666.439909297053 1794.1950000000004 3710.7800000000002 306.66604308390026 1.0000000180025095e-35 2 3 4 1.0000000180025095e-35 -263.61499999999995 165.00000000000003 -14.740139633737071 4321.8950000000013 770.74829931972806 4639.0022675736973 -76.039999999999978 621.08843537414975 247.19000000000003
decision_type=2 2 2 9 2 2 1 2 2 2 2 2 2 2 2 2 2 1 1 1 2 2 2 2 2 2 2 2 2 2
left_child=2 5 4 6 16 23 7 12 -6 -8 18 13 17 14 22 25 -1 -3 29 -12 -10 -20 -4 -2 -19 26 -7 -15 -25 -11
right_child=1 3 11 -5 8 15 9 -9 20 10 19 -13 -14 27 -16 -17 -18 24 21 -21 -22 -23 -24 28 -26 -27 -28 -29 -30 -31
leaf_value=0.35212507884271532 -3.8815044425016612 6.7569441529791625 0.046802996035246736 6.2624320310401833 3.4245869299858351 -0.627721118666694 -2.7553346967506895 -1.91943990854668 1.7825912422901731 -6.000854845748699 -2.2474557712185397 5.858136813363231 -11.380705630737468 3.0939589580269473 4.3545213684155328 -1.4142909843689173 -1.148307456661726 -0.25140247913316005 -3.7477255216427561 -0.97272858619197589 0.61680523525151054 0.30122317060553283 -1.1865821463769082 0.61207032223827429 2.4587993562147896 -12.152633144050661 0.58577516281445696 -9.6586478184087738 -12.407317503337886 0.85262386716148775
leaf_weight=69.102781534194946 483.83788724243641 154.60992787778378 171.93690997362137 139.43303555250168 653.55750876665115 71.369210839271545 248.93783323466778 87.974584549665451 178.3702364563942 46.879771456122398 120.33481684327126 143.39245700836182 39.267297133803368 42.45478917658329 114.49601861834526 186.62480495870113 49.344253569841385 177.95077107846737 26.835202917456627 286.51987944543362 170.08985525369644 415.11980950832367 31.57007497549057 22.892051085829735 78.240377306938171 26.748438701033592 79.079007551074028 119.62462216615677 24.28894205391407 20.458905905485153
leaf_count=87 772 359 266 319 891 105 407 115 237 81 167 305 88 92 203 261 58 278 49 384 211 647 36 30 116 59 102 279 61 45
internal_value=6.42533e-05 -0.0134132 0.0212194 -0.00424968 0.0303657 -0.0322818 -0.00748282 0.00645605 0.0351416 -0.01392 -0.00945117 0.00478223 0.0126355 -0.00140775 0.00747937 -0.0159737 -0.0100362 0.0166535 -0.000924076 -0.0201252 0.0215508 0.00347027 -0.00461016 -0.0434552 0.00628946 -0.00163767 0.00474011 -0.0188444 -0.0140448 -0.026365
internal_weight=4481.34 2737.4 1743.94 1842.56 1120.46 894.84 1703.13 538.043 1002.02 1165.09 916.148 623.475 450.068 480.082 318.003 363.821 118.447 410.801 509.294 406.855 348.46 441.955 203.507 531.019 256.191 177.197 150.448 162.079 47.181 67.3387
internal_count=7110 4445 2665 3055 1484 1390 2736 956 1339 1780 1373 1181 841 876 505 527 145 753 822 551 448 696 302 863 394 266 207 371 91 126
cat_boundaries=0 1 2 3 4 5
cat_threshold=50 289168 272400 1536 4
is_linear=0
shrinkage=0.05


Tree=14
num_leaves=31
num_cat=4
split_feature=105 76 45 67 28 74 65 65 77 32 23 34 52 69 31 24 73 82 38 7 37 5 38 104 35 5 25 59 52 45
split_gain=283.358 247.002 98.6957 90.6053 75.2943 68.0333 59.4463 44.5231 42.0603 45.6755 40.2112 30.3962 27.9991 26.7781 27.1218 26.271 25.7291 25.532 22.9369 22.0169 20.7142 20.6289 20.3444 20.1175 19.6611 20.8811 18.5119 16.5381 18.2906 15.1671
threshold=1.0000000180025095e-35 832.97500000000014 181.63500000000002 0 129.20000000000002 747.19500000000005 1 2 0.93015105542556398 745.00000000000011 206.70000000000002 925.00000000000011 336.79307256235842 3 1265.0000000000002 165.82500000000002 270.10500000000008 3987.1615000000006 3525.0000000000005 1.0000000180025095e-35 765.00000000000011 0.76388888888888895 4369.1250000000009 0.88585431400368486 3125.0000000000005 0.48684210526315791 1578.5750000000003 0.013714548316725802 175.00404761904761 -246.38500000000002
decision_type=2 2 2 9 2 2 1 1 2 2 2 2 2 9 2 2 2 2 2 2 2 2 2 2 2 2 2 2 2 2
left_child=1 4 6 11 27 10 19 -7 9 12 -4 -2 22 14 16 -9 -11 -15 -18 -3 -21 24 -8 -10 25 -16 -19 -1 -29 -24
right_child=3 2 5 -5 -6 7 8 15 23 13 -12 -13 -14 17 21 -17 18 26 -20 20 -22 -23 29 -25 -26 -27 -28 28 -30 -31
leaf_value=2.0207591038236035 7.0738090261896849 6.1823096828700406 0.35204537394812407 -2.968660186948147 -0.60653608869555464 -1.313034527362319 0.23121723935367805 -0.89451246453587996 -3.607529216180438 -1.5332022921723625 3.846655386238075 -3.3385167097854778 -1.0625765440397275 -1.5835410867399187 -4.1020397712992756 1.687908810961261 -0.66194875540855169 1.7010517155155229 7.1617232600080003 1.4251118017651729 -12.589149218085835 3.9966684950427536 0.067465245195363552 -0.98257334226425808 -11.18620884344454 0.4053334727066002 -12.098901618513148 2.9208101584614852 1.4756756273606351 3.2222145783038005
leaf_weight=265.57882826030254 33.656720370054245 53.324147865176201 136.99812763929367 431.5228109806776 110.48601242899895 222.27506479620934 166.89782017469406 85.829235196113586 179.82843540608883 22.577625915408134 207.92935711145401 43.949893638491631 42.402757257223129 594.46528024971485 121.06358847022057 310.94465084373951 46.487360954284668 65.861173570156097 72.796637877821922 153.68963968753815 21.046094819903374 71.313015341758728 28.786259531974792 116.74290125072002 78.07787349820137 131.98571437597275 26.739821434020996 393.75206927955151 148.70186591148376 74.342740565538406
leaf_count=513 71 130 173 653 168 321 222 122 307 34 282 94 53 841 230 489 75 102 154 297 54 139 37 171 178 234 67 549 225 99
internal_value=-0.000387948 0.00413615 -0.00274437 -0.0354957 0.0268516 0.010469 -0.00890235 0.000553826 -0.0118588 -0.00861024 0.0282639 0.014242 0.00846373 -0.0129423 -0.00433375 0.0105096 0.0143853 -0.0194165 0.0236493 0.0148252 0.00689316 -0.01104 0.0143952 -0.0291691 -0.0162934 -0.00952578 0.00472218 0.0321451 0.0371502 0.0318544
internal_weight=4460.05 3950.92 3032.41 509.129 918.519 963.976 2068.43 619.049 1840.37 1543.8 344.927 77.6066 312.43 1231.37 544.302 396.774 141.862 687.066 119.284 228.06 174.736 402.44 270.027 296.571 331.127 253.049 92.601 808.033 542.454 103.129
internal_count=7084 6266 4811 818 1455 1387 3424 932 2943 2465 455 165 411 2054 1044 611 263 1010 229 481 351 781 358 478 642 464 169 1287 774 136
cat_boundaries=0 1 2 3 4
cat_threshold=4 264208 66122 36
is_linear=0
shrinkage=0.05


Tree=15
num_leaves=31
num_cat=1
split_feature=29 27 74 71 74 52 22 57 82 37 3 19 27 15 74 31 5 52 39 29 45 46 104 62 96 4 22 94 38 19
split_gain=463.397 173.726 93.8623 70.9108 70.6532 62.7337 60.5192 51.6836 42.4388 41.0954 33.8218 30.0902 28.2423 26.929 24.5433 23.6047 34.6917 22.2091 20.158 32.2189 20.1828 18.788 22.7485 18.6626 18.2927 20.6161 17.6879 16.3638 19.1655 14.915
threshold=117.07000000000002 17.715000000000003 747.19500000000005 31.765000000000004 2240.2050000000004 120.63572562358266 4005.3174603174607 0.99930833998463464 4189.0390000000007 2235.0000000000005 0 770.08500000000015 39.945000000000007 0.58333333333333337 406.8300000000001 1015.0000000000001 0.59411764705882364 181.90716553287982 3465.0000000000005 196.36500000000004 184.12999999999997 0.83147609167719971 0.7473829316592514 1.0000000180025095e-35 1748.5260770975058 6.5000000000000009 4155.0680272108848 646.54170068027224 4478.9700000000012 280.62500000000011
decision_type=2 2 2 2 2 2 2 2 2 2 9 2 2 2 2 2 2 2 2 2 2 2 2 2 2 2 2 2 2 2
left_child=2 5 6 8 15 -2 23 17 18 10 27 21 14 -10 -9 -5 29 -8 -3 20 -20 22 -12 -1 -6 -26 -18 -4 -29 -17
right_child=1 3 9 4 24 -7 7 12 13 -11 11 -13 -14 -15 -16 16 26 -19 19 -21 -22 -23 -24 -25 25 -27 -28 28 -30 -31
leaf_value=0.32475160432607098 -3.5389962110291702 -2.3902967782491262 5.5499233832288635 6.32341286973584 6.7007761329454674 -0.84567264201068948 3.1852692232923179 0.74521196437386983 -0.81097978735629239 -9.4941802569032046 -3.4614660234457748 3.8659545835268787 4.4642396660476065 2.6213931845533072 -0.42818601652502369 -2.774108532823333 -0.86640350131507915 1.0692289916961784 -0.43883859286189736 -1.9938527453489348 0.68561284295587588 -1.2821940874085427 1.5822028087731406 -1.045436010336861 -5.91308445813136 3.7968350702906157 5.8482724742969943 0.36997259257240256 5.3600003997366414 0.52177535512020268
leaf_weight=85.261593028903008 477.27950513362885 177.16260659694672 46.57623878121376 125.32481789588928 19.94586905837059 385.77126520872116 517.63944412767887 169.92572157084942 60.049172341823578 45.362015336751938 41.50392197072506 30.77594168484211 180.50051683187485 84.93080723285675 104.83721774816513 34.47510814666748 25.919748067855835 131.14777255058289 301.24007155001163 308.63779237866402 70.073428094387054 157.66517940163612 72.556631341576576 44.821288973093033 217.26088696718216 24.815448090434074 100.4369170665741 186.29220175743103 121.62174724042416 112.49118031561375
leaf_count=122 770 254 83 279 48 571 688 231 85 119 84 42 347 113 134 58 46 182 416 384 89 290 109 52 460 40 248 311 225 207
internal_value=-0.000136693 -0.014245 0.0182651 -0.00479773 0.00791892 -0.0324461 0.0265695 0.03037 -0.0131817 0.00367323 0.00685124 -0.00548562 0.0174557 0.0118369 0.00736206 0.0211751 0.0129365 0.0394322 -0.0174136 -0.0134995 -0.00357661 -0.0109741 0.0044836 -0.00568725 -0.0122494 -0.0160416 0.0321477 0.0170525 0.0133555 -0.00358069
internal_weight=4462.3 2525.81 1936.49 1662.76 660.67 863.051 1234.13 1104.05 1002.09 702.354 656.992 302.502 455.263 144.98 274.763 398.648 273.323 648.787 857.114 679.951 371.313 271.726 114.061 130.083 262.022 242.076 126.357 354.49 307.914 146.966
internal_count=7087 4068 3019 2727 1386 1341 1756 1582 1341 1263 1144 525 712 198 365 838 559 870 1143 889 505 483 193 174 548 500 294 619 536 265
cat_boundaries=0 1
cat_threshold=516
is_linear=0
shrinkage=0.05


Tree=16
num_leaves=31
num_cat=5
split_feature=29 27 65 101 52 17 5 39 57 76 76 25 69 34 5 39 22 54 67 65 94 98 15 47 33 72 56 65 4 76
split_gain=436.461 164.768 92.8201 77.5098 67.0265 46.7993 43.635 34.9085 30.4024 30.5123 28.6747 24.8826 32.4738 28.6604 25.3568 24.5723 22.5676 21.7841 21.3847 21.1271 22.6158 20.2599 19.3876 17.986 17.8939 16.5009 21.7123 15.633 15.3014 15.2524
threshold=59.810000000000016 9.8300000000000018 0 0.81261026928154068 120.63572562358266 0.44063518178687527 0.88194444444444453 3544.2850000000003 0.97305167532345671 750.43500000000006 950.60500000000013 2653.9500000000003 1 1305.0000000000002 0.48684210526315791 3665.0000000000005 4530.9863945578245 -22.951667919387649 2 3 607.29705215419506 1359.4104308390026 0.45000000000000007 0.87277149274133381 325.00000000000006 210.40500000000003 0.84002154174702903 4 6.5000000000000009 1249.1850000000002
decision_type=2 2 1 2 2 2 2 2 2 2 2 2 9 2 2 2 2 2 9 1 2 2 2 2 2 2 2 1 2 2
left_child=3 4 10 5 23 24 11 17 -7 -10 -3 12 13 -4 -15 -12 29 -5 -9 20 -17 -22 -19 -2 -1 26 -6 -24 -13 -14
right_child=1 2 6 7 25 8 -8 18 9 -11 15 28 16 14 -16 19 -18 22 -20 -21 21 -23 27 -25 -26 -27 -28 -29 -30 -31
leaf_value=-0.86053088081800733 -3.3787908592222049 0.93571724403671586 6.3599893055147891 -1.3608040745653467 2.3336855333273063 2.9051704191704504 5.555858850582144 5.9609362405739788 2.1010057621277016 0.69890435930768868 -2.4188760686637027 -8.0133007199351933 -0.053543866950266056 -4.5294982719123817 6.3555079022935903 -0.7184564795718118 0.45329182791651806 2.5008830426902531 0.43060694724656873 -1.6112771419156289 1.1114962277792415 -0.36499316707928176 -0.49803909863412205 -0.11643175410892015 0.93028588965113035 -1.190933362754466 -0.58998406292159999 0.5110035517663345 2.1721640676135734 -1.9894509931640372
leaf_weight=51.816963061690331 415.65157981216908 98.568728372454643 112.81054471433163 41.229237496852875 38.989370569586754 550.24416513741016 101.11619937419891 127.52589781582355 166.30363342165947 184.62162283062935 287.27220080792904 114.33171211183071 126.40895412862301 57.37246935069561 73.182159408926964 129.27115714550018 295.15982486307621 32.922751367092133 117.56854130327702 419.68786309659481 88.12138432264328 70.891697898507118 149.7101932913065 24.445942565798759 54.469521924853325 155.74147522449493 168.50123359262943 104.7641939073801 22.513250052928925 92.419836193323135
leaf_count=75 680 165 289 56 57 746 238 242 242 322 435 253 166 104 145 168 411 46 199 639 118 125 238 41 90 244 236 179 36 127
internal_value=-3.81481e-05 -0.0115851 -0.00418504 0.0210848 -0.0308297 0.0294389 0.00685383 0.00641516 0.0331398 0.02164 -0.014163 0.00340222 0.00694763 0.0215503 0.0064858 -0.0168402 -0.000378406 -0.00423609 0.0206965 -0.0118357 -0.00102677 0.0115646 0.000639753 -0.0439507 -0.00194025 -0.0149322 -0.00569943 -0.00403132 -0.0162194 -0.0125536
internal_weight=4473.63 2892.46 2089.13 1581.18 803.33 1007.46 995.315 573.721 901.169 350.925 1093.81 894.199 757.354 243.365 130.555 995.244 513.989 328.626 245.094 707.972 288.284 159.013 287.397 440.098 106.286 363.232 207.491 254.474 136.845 218.829
internal_count=7112 4677 3419 2435 1258 1475 1769 960 1310 564 1650 1531 1242 538 249 1485 704 519 441 1050 411 243 463 721 165 537 293 417 289 293
cat_boundaries=0 1 2 3 4 5
cat_threshold=202250 32 4 200704 202632
is_linear=0
shrinkage=0.05


Tree=17
num_leaves=31
num_cat=5
split_feature=29 105 5 25 22 70 44 65 39 67 54 52 17 23 79 22 52 37 61 37 61 13 95 104 51 45 45 37 28 45
split_gain=408.735 163.755 104.14 99.7684 71.1754 49.1438 46.5764 45.586 37.7931 31.8906 27.7728 30.1592 22.678 22.5784 21.881 21.78 25.4726 22.3283 21.6479 20.3605 23.4318 17.5649 18.9706 16.5609 17.7634 16.177 15.1559 16.9773 15.1427 14.0896
threshold=55.224999999999987 1.0000000180025095e-35 0.76388888888888895 642.70500000000004 4041.1111111111118 0 93.210000000000164 1 3544.2850000000003 2 -30.882179553800828 333.04124716553292 0.39979374811518548 1547.0650000000003 1.0000000180025095e-35 4551.3038548752838 313.06155328798184 1155.0000000000002 3 2235.0000000000005 4 0.17156862745098037 327.37500000000006 0.89836128613596522 0.70636690793040413 132.00500000000002 175.62500000000026 515.00000000000011 122.19000000000001 185.76500000000001
decision_type=2 2 2 2 2 9 2 1 2 9 2 2 2 2 2 2 2 2 1 2 1 2 2 2 2 2 2 2 2 2
left_child=3 2 4 21 6 8 -2 15 19 -3 11 12 -9 14 -10 16 23 -17 -12 20 -5 22 -1 24 -6 -7 27 -20 -14 -28
right_child=1 9 -4 5 7 25 -8 10 13 -11 18 -13 28 -15 -16 17 -18 -19 26 -21 -22 -23 -24 -25 -26 -27 29 -29 -30 -31
leaf_value=2.0191519356696972 -2.5311423324664486 -0.81272273200777667 5.2021908573670501 -0.89042012922842773 0.14378594768230854 5.9087791117388946 1.3186863975116907 -1.3020503037227316 4.2215369548242281 -2.6876923667771191 -2.1014000958053733 -0.93241967096612022 1.7086613834675035 -3.6031655360909207 -0.27363089153120373 1.1276657055911536 -1.7407544551490279 -10.43949718310207 -1.5438332018797283 -8.8436145326449811 0.35194621042540464 3.2923630925029137 1.0273863527234859 0.84946725451622884 -1.5379969141487899 5.8865639758949726 0.73053899471056249 -0.00235456675050294 -0.30579267395409582 -0.11927000198299531
leaf_weight=153.58749857544899 299.68578614294529 53.552696108818054 214.31761190295219 115.88577674329281 134.39451919496059 88.327050864696503 70.982061251997948 37.355703100562096 146.52679018676281 420.55878120660782 237.69068065285683 100.43642956018448 123.59986451268196 54.183385133743286 45.560918644070625 354.01815286278725 96.74381348490715 30.803221851587296 332.50190384685993 36.588754668831825 180.20856726169586 298.41847364604473 223.02197556197643 141.93331074714661 46.843812420964241 91.727619782090187 40.149052739143372 131.29579730331898 42.085225403308868 170.76941759884357
leaf_count=206 401 112 468 168 233 189 134 62 257 644 423 137 190 131 72 551 131 75 504 98 274 390 298 209 71 150 56 219 60 245
internal_value=0.000117593 -0.0101495 -0.00523138 0.022167 -0.0082239 0.00972979 -0.0283643 -0.00452929 0.00229265 -0.0371783 -0.0105882 0.00242759 0.0135135 0.0171801 0.0252208 0.00469829 -0.00311779 0.0133492 -0.0150334 -0.00865896 -0.00431078 0.0361516 0.028972 0.00362005 -0.00639637 0.0317526 -0.0104622 -0.0155157 0.021448 0.000650175
internal_weight=4513.75 3079.72 2605.61 1434.04 2391.29 759.009 370.668 2020.62 578.954 474.111 1215.88 303.477 203.041 246.271 192.088 804.737 419.915 384.821 912.407 332.683 296.094 675.028 376.609 323.172 181.238 180.055 674.716 463.798 165.685 210.918
internal_count=7158 4925 4169 2233 3701 1339 535 3166 1000 756 1896 449 312 460 329 1270 644 626 1447 540 442 894 504 513 304 339 1024 723 250 301
cat_boundaries=0 1 2 3 4 5
cat_threshold=48 379152 4 4 1
is_linear=0
shrinkage=0.05


Tree=18
num_leaves=31
num_cat=6
split_feature=29 69 104 101 74 22 23 72 67 76 65 37 2 18 59 65 15 5 39 18 38 76 10 27 46 89 61 49 77 77
split_gain=377.569 162.897 115.216 94.3595 68.5903 57.6276 52.6466 35.3291 33.7614 32.2282 31.1224 24.0825 33.7894 22.2029 29.6235 19.7942 18.1837 23.0729 21.7966 17.1659 15.6695 15.2938 14.9931 18.3984 14.7935 20.8788 15.6594 14.7089 14.0863 13.1915
threshold=80.350000000000009 0 0.6178890177785884 0.7717682844742898 1743.3450000000003 4554.6258503401377 1154.1850000000002 151.95000000000002 1 957.42500000000007 2 2205.0000000000005 3 0.5701590885225245 0.018043892356019605 4 0.87500000000000011 0.76388888888888895 3969.2850000000003 0.68582298908110173 4485.0000000000009 1272.2850000000003 9.0000000000000018 5.9350000000000014 0.78656252205705324 0.73557158712541637 5 0.364675212550781 0.79125746335873715 0.81210071816052809
decision_type=2 9 2 2 2 2 2 2 9 2 1 2 9 2 2 1 2 2 2 2 2 2 2 2 2 2 1 2 2 2
left_child=3 2 8 7 15 24 10 21 -2 22 19 12 -11 -9 -15 -3 17 27 -18 -7 -14 -1 23 -5 -4 -26 -27 -6 -28 -22
right_child=1 4 5 9 16 6 -8 13 -10 11 -12 -13 20 14 -16 -17 18 -19 -20 -21 29 -23 -24 -25 25 26 28 -29 -30 -31
leaf_value=3.3688239810155736 0.099949323012421598 -0.42358996043294933 -0.15270323997987353 -0.85842619260785613 -10.267667304477717 -1.0301221371101825 -11.438897527010742 -0.23421549282758747 -2.8829651913599799 -0.75516945030743765 0.77724281690243924 -8.3733289939683075 0.071845869006805077 0.52833201587677581 1.953145519777457 5.2017939013657299 -2.1300292875847471 1.7355344217955122 4.4408155302841097 0.055004150414121433 5.5805332972008408 0.46659094238858007 3.4005315975564319 0.7841385523450406 -1.6903063319902529 -1.4963301863825362 0.024531669181724072 0.54504273880018728 -1.1683003612508311 -0.028403894932840502
leaf_weight=371.01229237020016 48.593577802181244 47.108428984880447 98.182795286178589 37.332123577594757 137.23691557347775 86.446630701422691 88.320304095745087 71.858623370528221 454.7826664596796 176.55373175442219 285.70638398826122 35.904757916927338 141.6717407554388 138.70298731327057 401.38477300107479 243.0896542519331 78.861908167600632 63.832637071609497 91.194590210914612 218.60915806889534 71.859297305345535 27.463062077760696 31.682919889688492 239.94182208180428 316.48623874783516 130.57875281572342 159.76124998927116 40.757947564125061 159.44362284243107 22.281473994255066
leaf_count=534 87 94 146 51 293 110 199 96 700 281 376 93 227 217 559 581 157 119 193 293 121 57 43 375 446 168 198 79 210 50
internal_value=0.000307148 -0.0112852 -0.0183613 0.0183352 0.00947167 -0.0116767 -0.000776424 0.0283358 -0.0392235 0.00499069 0.00460649 -0.00357284 -0.00015317 0.0207913 0.0242653 0.0282252 -0.00351141 -0.0123212 0.00901652 -0.00650787 0.0120308 0.039922 0.0174157 0.0136924 -0.0202395 -0.0225808 -0.0156576 -0.02157 -0.00969062 0.0283522
internal_weight=4516.64 2748.99 2046.91 1767.65 702.082 1543.54 679.082 1010.42 503.376 757.228 590.762 448.271 412.366 611.946 540.088 290.198 411.884 241.828 170.056 305.056 235.813 398.475 308.957 277.274 864.453 766.27 449.784 177.995 319.205 94.1408
internal_count=7153 4449 2933 2704 1516 2146 978 1463 787 1241 779 772 679 872 776 675 841 491 350 403 398 591 469 426 1168 1022 576 372 408 171
cat_boundaries=0 1 2 3 4 5 6
cat_threshold=7 4 26126 68 200840 4
is_linear=0
shrinkage=0.05


Tree=19
num_leaves=31
num_cat=3
split_feature=105 76 28 45 67 13 95 77 37 65 45 52 34 28 22 72 25 45 59 65 22 101 30 5 31 19 47 79 22 25
split_gain=238.424 164.913 77.4938 74.608 70.9137 49.067 64.3949 46.8123 36.3326 40.9216 37.3876 30.7702 29.1394 29.1338 25.4486 25.5141 22.4593 24.8499 20.2774 20.2483 22.4426 18.8511 17.5975 17.3243 27.278 22.0275 14.8687 14.2894 13.1404 17.4945
threshold=1.0000000180025095e-35 866.6550000000002 141.17000000000002 181.63500000000002 0 0.17156862745098037 808.36500000000012 0.93015105542556398 1185.0000000000002 1 -15.079999999999982 153.92628117913839 925.00000000000011 92.475000000000009 4005.3174603174607 151.95000000000002 930.48500000000013 -207.07000000000002 0.018629960870138653 2 4372.6417233560105 0.6173657526099624 0.24542319485801728 0.6515151515151516 1625.0000000000002 367.32142857142861 0.62869483962241413 1.0000000180025095e-35 5801.213151927438 1027.0600000000002
decision_type=2 2 2 2 9 2 2 2 2 1 2 2 2 2 2 2 2 2 2 1 2 2 2 2 2 2 2 2 2 2
left_child=1 2 14 7 12 13 -7 8 9 -3 16 -9 -2 -5 -1 26 17 -11 -17 20 -15 -12 -8 24 25 -18 -16 -28 -13 -30
right_child=4 3 -4 5 -6 6 22 11 -10 10 21 28 -14 19 15 18 23 -19 -20 -21 -22 -23 -24 -25 -26 -27 27 -29 29 -31
leaf_value=-0.31817843107236499 6.0235160063328443 4.636596881787435 -1.0207902859426035 0.66436026510384272 -2.2520409776194521 3.6201646061747561 -2.3412943224260281 -4.1505964515422091 -8.9194720760848138 -0.20512032194312227 0.12679178579660899 -1.4109886725662633 -3.2706096443949422 -1.4729394383824344 2.9404610980293686 0.40977411046434897 -2.3517249758630818 2.393595628579122 1.6541181316668927 -0.80962470400311304 1.2201643809567047 -0.99486145542186244 2.6738323241963147 2.0758213434540695 -10.809701358311248 1.5570285287241992 4.696741931100104 0.076764146762680951 0.5861445020947047 -1.4685971000647653
leaf_weight=58.304959774017334 32.810364544391632 111.97656597197056 106.90051533281803 336.58205576241016 427.44440132379532 159.2294115126133 38.590797185897827 155.43544401228428 114.14654006063938 86.180055812001228 146.60421344637871 67.891282692551613 47.771525993943214 50.462075799703598 336.8369729667902 162.01776480674744 126.44419167935848 153.11243104934692 172.01977188885212 177.63227938115597 113.55671772360802 661.30409324169159 54.685703039169312 104.86215172708035 88.389918550848961 134.01290835440159 128.22112566232681 64.963454142212868 54.348438501358032 31.146253600716591
leaf_count=92 68 251 162 469 646 206 70 279 281 112 223 101 100 72 545 218 210 213 224 256 160 954 103 197 192 232 264 100 64 54
internal_value=0.000276905 0.00437884 0.0216236 -0.00160427 -0.0319867 0.0101229 0.0289379 -0.00696562 -0.0037595 -0.00183021 -0.00405751 -0.0248953 0.0110375 0.00311808 0.0262943 0.0284517 0.00443606 0.0168305 0.017629 -0.0071676 0.00563099 -0.0113933 -0.00405233 -0.00210092 -0.00745766 0.000687353 0.0352726 0.0242144 -0.00900752 0.00403374
internal_weight=4503.88 3995.86 1029.26 2966.59 508.026 930.739 252.506 2035.85 1727.03 1612.89 1500.91 308.821 80.5819 678.233 922.364 864.059 693.002 239.292 334.038 341.651 164.019 807.908 93.2765 453.709 348.847 260.457 530.022 193.185 153.386 85.4947
internal_count=7118 6304 1605 4699 814 1336 379 3363 2865 2584 2333 498 168 957 1443 1351 1156 325 442 488 232 1177 173 831 634 442 909 364 219 118
cat_boundaries=0 1 2 3
cat_threshold=4 2064 377604
is_linear=0
shrinkage=0.05


Tree=20
num_leaves=31
num_cat=4
split_feature=29 27 19 70 104 74 65 57 61 60 56 7 27 104 101 37 71 104 29 74 74 22 71 31 76 97 25 104 6 26
split_gain=328.507 144.516 92.8848 81.2415 52.3405 49.0285 47.2436 38.7698 30.3002 25.684 25.1516 24.4721 22.7931 20.5302 20.2724 18.5687 24.2872 23.1498 16.5195 15.3022 15.0662 16.8308 14.8283 18.5216 14.7683 14.1206 13.693 13.5237 19.3239 12.96
threshold=55.224999999999987 6.4900000000000011 383.87500000000006 0 0.90177709231747227 321.49500000000006 1 0.99930833998463464 2 3 0.84860630116161617 1.0000000180025095e-35 6.2500000000000009 0.45840684683813165 0.55219991733063434 2155.0000000000005 72.850000000000009 0.77035371409553 118.46000000000002 277.85500000000008 1630.3300000000002 4199.0702947845812 94.940000000000012 2715.0000000000005 587.58500000000015 915.41950113378687 384.82000000000005 0.74074337275223157 6.5000000000000009 113.105
decision_type=2 2 2 9 2 2 1 2 1 1 2 2 2 2 2 2 2 2 2 2 2 2 2 2 2 2 2 2 2 2
left_child=2 4 5 6 19 -1 8 20 14 12 18 25 -9 29 -3 16 17 -7 -10 -2 21 -4 -12 -24 -11 -8 -15 28 -16 -13
right_child=1 3 7 -5 -6 15 11 9 10 24 22 13 -14 26 27 -17 -18 -19 -20 -21 -22 -23 23 -25 -26 -27 -28 -29 -30 -31
leaf_value=3.2058187302922136 -0.55258923833459661 0.73035181716244402 0.15206960265454655 4.6399836385684425 -0.26434199588732632 -2.1394389287384796 -0.1474683304555775 -0.43068496995554001 0.87650322356312038 1.235293407326254 -1.1816179009511929 -2.5448983719089444 2.210345069307472 1.1661817760348776 0.43615869616864344 -7.638423465382977 3.9758976903330843 -0.066492866715502433 -1.7327212627591884 -2.9519756045591636 3.3091902606992036 2.7294778526313248 0.081802770276903664 -10.272341466687514 -0.78797372371216035 4.2786583505907361 -0.039012232532654782 -0.19551864759915036 -3.4277849999039072 3.3060227735126277
leaf_weight=99.468004196882248 99.214782774448395 85.586427569389343 27.975258350372314 153.91338862478733 158.95480333268642 40.502082303166389 50.602227628231049 49.663989081978798 54.084378153085709 24.695722371339798 507.66794197261333 34.811529099941254 211.83472089469433 56.797298401594162 36.140019163489342 35.14175246655941 112.20322535932064 212.71085214614868 42.525584250688553 460.61284942924976 38.511984348297119 502.43291801214218 105.04990370571613 35.108309015631676 75.535520061850548 165.70826065540314 425.11439827084541 434.42552976310253 76.212801024317741 21.404476791620255
leaf_count=176 164 129 36 349 230 55 77 59 73 47 688 48 342 72 66 92 220 293 70 759 74 671 194 79 158 322 720 610 124 46
internal_value=0.000661807 -0.0087298 0.020381 -0.00257912 -0.0282841 0.00300025 -0.00515466 0.0297195 -0.0106443 0.016921 -0.017558 0.00487179 0.0246406 -0.000773031 -0.00267364 -0.00480177 -0.00146331 -0.0100441 0.00624091 -0.0354736 0.0378569 0.0400494 -0.0211071 -0.00671029 -0.0051624 0.0191399 0.00256254 -0.00621553 -0.021678 -0.0293672
internal_weight=4434.61 3003.93 1430.68 2285.15 718.782 500.026 2131.24 930.65 1376.8 361.73 744.436 754.438 261.499 538.128 632.365 400.558 365.416 253.213 96.61 559.828 568.92 530.408 647.826 140.158 100.231 216.31 481.912 546.778 112.353 56.216
internal_count=7043 4820 2223 3667 1153 836 3318 1387 2033 606 1104 1285 401 886 929 660 568 348 143 923 781 707 961 273 205 399 792 800 190 94
cat_boundaries=0 1 2 3 4
cat_threshold=50 202318 2 10
is_linear=0
shrinkage=0.05


Tree=21
num_leaves=31
num_cat=4
split_feature=29 105 19 5 22 25 44 65 94 77 67 2 61 76 52 72 56 39 74 62 58 59 10 74 37 37 52 94 38 95
split_gain=303.048 144.149 84.7607 80.6775 50.1277 45.7964 45.5066 41.5399 34.4787 28.3721 28.1321 25.8991 25.6237 23.9805 23.9202 20.5165 18.7589 17.4328 16.9429 16.172 15.8729 15.5701 14.5141 14.075 13.8563 17.0629 16.0988 13.7439 25.2673 14.4009
threshold=55.224999999999987 0.060833333333333309 400.46625000000012 0.88194444444444453 4041.1111111111118 642.70500000000004 87.029999999999987 0 672.0533560090704 0.94794147178953347 1 2 3 3368.0650000000005 291.89981859410437 219.37500000000003 0.97295871106652265 3075.0000000000005 1570.5250000000003 1.0000000180025095e-35 0.022118673356927604 0.016476647314124956 7.5000000000000009 482.35500000000008 1165.0000000000002 545.00000000000011 313.06155328798184 1141.3504761904762 4433.7300000000005 388.16000000000003
decision_type=2 2 2 2 2 2 2 1 2 2 9 9 1 2 2 2 2 2 2 2 2 2 2 2 2 2 2 2 2 2
left_child=2 3 5 4 6 19 -2 12 16 22 -3 13 14 -7 21 20 -4 -10 -19 -1 -11 -6 24 -12 25 26 -9 28 29 -14
right_child=1 10 8 -5 7 11 -8 9 17 15 23 -13 27 -15 -16 -17 -18 18 -20 -21 -22 -23 -24 -25 -26 -27 -28 -29 -30 -31
leaf_value=1.7210886238864262 -2.2124478859696146 1.6148391614469237 2.7335953903201133 4.4576930684489566 -2.2689868646376761 1.7892714160658585 1.6371582323288416 0.36298591341490294 -0.54563131544967725 2.1293939720149115 -0.92701138144449535 -0.7288285147680168 0.44707306373828787 -7.2565022921138285 -1.8947665908044966 -2.2872234083809291 1.2279619201902321 5.2407324516465188 0.24844744420446149 -0.10928570888183949 -0.85880389334200591 0.26011908899030944 3.0392557943012344 -3.1507266917760219 -8.677484731985265 1.5263447054741068 -0.85928434839893775 -1.8980496719793516 0.44116593475567178 -0.71225122568952637
leaf_weight=148.52582964301109 278.38116477429867 49.08509261906147 427.55016086995602 130.98745921254158 91.035455420613289 182.8668657541275 72.217614963650703 424.84220322966576 53.201200649142265 28.613606035709381 145.31970968842506 175.54131601750851 61.555239856243134 27.405319184064865 115.3361546844244 69.303362384438515 237.78246030211449 82.598116427659988 62.110965847969055 36.113300383090973 70.416630148887634 85.270567744970322 57.860695198178291 244.91884468495846 42.226583540439606 227.57940159738064 117.95830336213112 196.11354595422745 167.47919873893261 346.02059590816498
leaf_count=197 370 102 565 314 195 337 142 655 81 36 239 297 76 70 164 143 344 163 135 42 97 134 95 352 103 372 164 365 241 484
internal_value=0.00100744 -0.00797277 0.0199396 -0.00346974 -0.00551196 0.00498423 -0.0230145 -0.00259212 0.0298224 0.0045128 -0.0344503 -0.00481628 -0.00948971 0.00705333 -0.0222035 -0.0142343 0.0352724 0.0115008 0.0204985 0.0254629 0.000368236 -0.0106216 0.00819003 -0.0389376 0.0064672 0.0079958 0.00317754 -0.00480466 -0.000906587 -0.00762506
internal_weight=4456.22 3022.52 1433.7 2583.2 2452.21 570.453 350.599 2101.61 863.243 1038.8 439.324 385.814 1062.81 210.272 291.642 168.334 665.333 197.91 144.709 184.639 99.0302 176.306 870.467 390.239 812.606 770.38 542.801 771.169 575.055 407.576
internal_count=7074 4843 2231 4150 3836 943 512 3324 1288 1665 693 704 1659 407 493 276 909 379 298 239 133 329 1389 591 1294 1191 819 1166 801 560
cat_boundaries=0 1 2 3 4
cat_threshold=136906 4 48 4
is_linear=0
shrinkage=0.05


Tree=22
num_leaves=31
num_cat=3
split_feature=29 27 57 52 5 74 65 17 61 61 74 26 39 37 74 47 47 13 6 72 56 94 46 26 5 31 46 32 55 35
split_gain=280.013 133.272 85.2112 75.5063 72.9462 47.4817 39.2533 38.716 36.0716 32.7763 28.0751 24.3099 21.4962 23.8196 21.0465 20.8033 20.1633 18.986 18.3954 17.9405 19.5026 16.6531 15.5393 15.2716 14.9595 15.5735 14.5802 14.1261 13.2035 13.1092
threshold=69.299999999999997 17.715000000000003 0.91509501441519159 153.92628117913839 0.88194444444444453 353.41500000000002 0 0.44919571606305236 1 2 2071.6400000000008 101.42500000000001 3695.0000000000005 535.00000000000011 2650.2550000000006 0.66416722080345514 0.64287722317737594 0.17156862745098037 9.5000000000000018 210.40500000000003 0.82959875299195651 1131.446814058957 0.93230983084670427 187.35500000000002 0.30952380952380959 1295.0000000000002 0.92933793212890714 1015.0000000000001 0.014599317988064752 1555.0000000000002
decision_type=2 2 2 2 2 2 1 2 1 1 2 2 2 2 2 2 2 2 2 2 2 2 2 2 2 2 2 2 2 2
left_child=2 3 7 16 6 15 11 27 26 10 -7 -3 -10 28 24 -4 -2 22 23 20 -5 -15 -9 -11 -13 -26 -8 -1 29 -14
right_child=1 4 5 19 -6 9 8 17 12 18 -12 14 13 21 -16 -17 -18 -19 -20 -21 -22 -23 -24 -25 25 -27 -28 -29 -30 -31
leaf_value=-0.75302161008454582 -2.6490662350437266 -1.2401679871031339 1.7759528698470861 1.9594403418296853 4.160139365096521 1.6679416621584353 -1.0815627584794718 1.55553488288557 -1.2953949534788654 -0.62841398039057028 -4.8970814693475404 0.50930516040240126 -0.37084432640476028 1.7181704287310495 -1.9299919117725723 0.33996841515590293 -1.6500385497210859 3.1573146219577497 1.6427162905646284 -0.97107380355739181 -0.34556477777115469 0.043484292151461372 0.21781919881644712 6.0254368389558692 5.2554284305360532 2.108348655993034 -1.8674134698905491 0.73559751555303099 0.59322634019604858 -7.2482791902266177
leaf_weight=36.599383175373077 416.78889565169811 80.492308765649796 211.48067303001881 37.751250639557838 127.79403345286846 256.04240898787975 212.42021526396275 235.06080254912376 222.04694831371307 362.93323849141598 51.52038910984993 180.13359567523003 283.41088458895683 102.05136163532734 67.902207270264626 120.13288569450378 80.93880707025528 283.38038717210293 35.384465008974075 168.75569814443588 190.75302052497864 107.07900828123093 48.47585466504097 32.599826157093048 68.357437267899513 84.977150112390518 159.05651594698429 31.842459872364998 102.59892408549786 72.373687699437141
leaf_count=48 662 104 319 54 304 404 371 313 347 564 104 254 382 146 136 208 145 385 70 260 270 174 59 80 187 165 228 46 156 146
internal_value=0.000509748 -0.00931608 0.016444 -0.0251844 -0.00172428 0.00783215 -0.00439784 0.0309484 -0.00899825 0.000774356 0.0132427 0.00766906 -0.0036049 0.000877967 0.0128575 0.0235494 -0.038159 0.0352369 -0.00812483 -0.00892847 0.000202808 0.0148614 0.0260893 -0.0112147 0.018024 0.0295024 -0.0221557 -0.0045742 -0.00550175 -0.0100587
internal_weight=4471.13 2765.68 1705.45 894.988 1870.69 1070.09 1742.9 635.359 1261.04 738.48 307.563 481.863 889.561 667.514 401.37 331.614 497.728 566.917 430.918 397.26 228.504 209.13 283.537 395.533 333.468 153.335 371.477 68.4418 458.383 355.785
internal_count=7091 4491 2600 1391 3100 1749 2796 851 1950 1222 508 846 1351 1004 742 527 807 757 714 584 324 320 372 644 606 352 599 94 684 528
cat_boundaries=0 1 2 3
cat_threshold=288788 4 2
is_linear=0
shrinkage=0.05


Tree=23
num_leaves=31
num_cat=5
split_feature=29 69 104 57 74 76 22 65 25 31 37 67 104 13 25 34 67 51 22 5 35 31 65 37 39 62 29 52 52 34
split_gain=261.85 130.927 90.1345 83.1324 69.8302 48.3392 39.5263 36.7531 31.432 31.228 28.9594 31.9872 39.7547 28.8377 25.0718 25.0296 24.5163 22.7931 22.0768 20.8206 22.6867 19.2745 16.8957 16.2317 24.3326 15.4157 15.2179 15.0807 15.3963 14.9234
threshold=69.299999999999997 0 0.58535060715664122 0.91509501441519159 1630.3300000000002 710.59500000000014 4372.6417233560105 1 1642.4750000000001 1315.0000000000002 2205.0000000000005 2 0.91472777821276852 0.17156862745098037 379.42500000000001 585.00000000000011 3 0.60102488561879697 6190.0566893424048 0.56696428571428581 3145.0000000000005 695.00000000000011 4 585.00000000000011 3695.0000000000005 1.0000000180025095e-35 165.85999999999999 333.04124716553292 189.30861678004536 635.00000000000011
decision_type=2 9 2 2 2 2 2 1 2 2 2 9 2 2 2 2 9 2 2 2 2 2 1 2 2 2 2 2 2 2
left_child=3 2 16 13 -3 17 -4 21 18 -6 11 29 -13 14 -1 -14 -2 -5 26 23 -21 27 -19 -11 -25 -16 -9 28 -8 -7
right_child=1 4 6 5 9 10 7 8 -10 19 -12 12 15 -15 25 -17 -18 22 -20 20 -22 -23 -24 24 -26 -27 -28 -29 -30 -31
leaf_value=1.4815223571785616 0.072591034672385035 4.1199189515156318 -1.2485133371665385 2.1354520978019806 5.8214295505774807 5.4385464644072758 -1.8724714664238729 0.34722257748259444 -11.267225508332537 -10.23057044840526 -7.2190895111961071 -0.80891837497030117 0.64936423529277654 3.0083229116690378 0.97994604744011093 -10.485124853989277 -2.2580218342856369 -0.31616367259686062 2.1281047055923179 1.5306774404320735 -3.5194090233166868 -1.948417049622297 1.8224855393157655 -8.4174961364191088 1.5016913045468143 -0.36276478136675688 -0.82732016288991306 -1.531499780391762 0.19577949541380768 1.1249793857241432
leaf_weight=157.40178123116493 39.538750767707825 258.24215123057365 514.07786679267883 148.59081220626831 46.070268973708153 56.476620361208916 53.185922279953957 324.83076798915863 30.460554823279381 84.137124851346016 38.182428240776062 220.69589152932167 175.63528396189213 288.74851661920547 105.8138472288847 60.005648106336594 401.49703262746334 58.564868122339249 96.181913942098618 149.45570760965347 94.916536703705788 129.97172066569328 83.819422021508217 28.198158383369446 40.031704217195511 70.708324581384659 195.24124945700169 115.67987743020058 141.80520504713058 213.1905463039875
leaf_count=207 75 604 692 230 112 109 77 453 82 178 101 317 218 391 147 130 620 91 131 294 188 226 156 63 75 90 258 137 180 372
internal_value=0.00054531 -0.00897035 -0.0153267 0.0161049 0.00962985 0.0075552 -0.00988964 -0.00448849 0.00315454 -0.00228375 0.000951489 0.00318366 -0.00488423 0.030593 0.0205871 0.00939792 -0.0354168 0.0248985 0.005654 -0.00680847 0.00223601 -0.0154273 0.0106027 -0.0213144 -0.00319208 0.00764974 0.00158421 -0.00901362 -0.000528625 0.0168363
internal_weight=4421.36 2743.52 2042.47 1677.83 701.052 1055.16 1601.44 1087.36 646.714 442.81 764.186 726.004 456.337 622.672 333.924 235.641 441.036 290.975 616.254 396.739 244.372 440.643 142.384 152.367 68.2299 176.522 520.072 310.671 194.991 269.667
internal_count=7004 4445 2931 2559 1514 1724 2236 1544 924 910 1247 1146 665 835 444 348 695 477 842 798 482 620 247 316 138 237 711 394 257 481
cat_boundaries=0 1 2 3 4 5
cat_threshold=7 9742 4 4 399504
is_linear=0
shrinkage=0.05


Tree=24
num_leaves=31
num_cat=3
split_feature=29 67 57 104 65 74 5 35 29 17 24 60 27 19 22 74 42 29 75 29 25 72 47 106 39 19 56 39 37 99
split_gain=248.647 104.072 79.9529 75.1737 69.5359 54.7614 35.137 34.4831 30.695 30.4035 28.9261 27.7238 32.6643 30.8406 26.7871 31.8472 22.5316 23.1423 20.3165 19.8434 19.7167 17.901 17.5441 16.6528 17.5816 16.5686 15.7277 14.3918 14.4816 14.0323
threshold=117.07000000000002 0 0.92154216431777847 0.65896904869283668 1 328.53000000000003 0.86607142857142871 625.00000000000011 18.060000000000006 0.44919571606305236 206.87500000000003 2 6.2500000000000009 400.46625000000012 4551.3038548752838 552.65500000000009 815.00000000000011 160.60500000000005 1010.9400000000002 50.000000000000021 475.02500000000009 349.15000000000003 0.66416722080345514 0.15000000000000005 5375.0000000000009 277.59615384615392 0.99490585829296341 3870.0000000000009 465.00000000000006 15.396564625850317
decision_type=2 9 2 2 1 2 2 2 2 2 2 1 2 2 2 2 2 2 2 2 2 2 2 2 2 2 2 2 2 2
left_child=2 4 8 20 25 22 7 -6 9 -1 -9 12 -7 -14 15 26 17 -16 -18 -15 -3 23 -4 -12 -25 -2 -5 -13 -29 -27
right_child=1 3 5 14 6 11 -8 10 -10 -11 21 27 13 19 16 -17 18 -19 -20 -21 -22 -23 -24 24 -26 29 -28 28 -30 -31
leaf_value=-0.45821698564222119 -1.2636447460402565 0.03469347665327973 1.8387695200434551 0.27302302334900869 7.7968871808293869 -0.95715436549714428 3.7419568640334506 0.67076776795240534 0.71697002087459194 2.6154072238492576 -1.4656260182510572 -5.2242028176038531 -0.13369646405456947 3.0021367424402357 0.58260077414954792 -3.4354773725932852 -10.851257418596568 -0.31093610194002608 3.8263893753021607 0.12665749494179721 -2.2098043786776742 4.8523474017820991 0.62357509271095002 -0.1564135779373185 -10.296615922305842 0.74666649837104448 -0.76483775215580918 -0.69419843866493525 2.345658828313991 4.0104820918126354
leaf_weight=28.26654677093029 52.169069603085518 34.709695339202881 209.61089625954628 67.314757108688354 26.494123727083206 78.457647979259491 70.461324721574783 101.25465941429138 293.96333038806915 376.81904284656048 493.18189892172813 119.10542874038219 261.98340131342411 155.88360936939716 145.85825979709625 120.32820822298527 36.914695292711258 144.97169154882431 15.050324186682699 138.61930623650551 481.25733396410942 28.869529202580452 127.857467263937 323.16407816112041 26.024739399552345 81.013248920440674 97.887578845024109 87.981290757656097 38.761906757950783 168.97486589848995
leaf_count=38 112 49 333 94 56 98 153 145 400 506 723 252 411 251 186 182 98 180 37 193 743 62 234 529 65 123 141 184 71 381
internal_value=0.000723665 -0.00961351 0.0142881 -0.0207471 -0.000325044 0.00655377 -0.00633078 -0.00879693 0.0277671 0.0366924 -0.0103302 -7.93853e-06 0.00551701 0.00986213 -0.0091339 -0.0204457 0.000288237 0.00570681 -0.0300376 0.020964 -0.0348893 -0.01327 0.0236798 -0.0145968 -0.00624198 0.0204638 -0.00619438 -0.0139346 -0.00277416 0.0264897
internal_weight=4433.21 2515.9 1917.31 1144.29 1371.61 1218.26 1069.45 998.989 699.049 405.086 972.495 880.793 634.944 556.486 628.326 285.531 342.795 290.83 51.965 294.503 515.967 871.24 337.468 842.371 349.189 302.157 165.202 245.849 126.743 249.988
internal_count=7030 4059 2971 1710 2349 2027 1733 1580 944 544 1524 1460 953 855 918 417 501 366 135 444 792 1379 567 1317 594 616 235 507 255 504
cat_boundaries=0 1 2 3
cat_threshold=4 288784 10
is_linear=0
shrinkage=0.05


Tree=25
num_leaves=31
num_cat=6
split_feature=29 27 5 19 52 95 65 57 61 24 104 25 76 73 104 69 31 52 60 35 27 33 54 61 76 72 29 98 2 74
split_gain=235.067 103.912 70.8596 66.9313 45.1511 34.7902 34.6841 32.3075 28.7124 22.9365 21.396 18.916 18.3911 26.1019 21.1487 18.3893 54.9236 23.181 17.7275 17.215 17.0807 16.1166 15.496 15.4657 15.0956 15.0393 14.9273 14.4687 14.3438 13.7909
threshold=55.224999999999987 6.4900000000000011 0.88194444444444453 400.46625000000012 153.92628117913839 590.20000000000016 0 0.99963856100524173 1 207.18000000000004 0.90177709231747227 375.11000000000007 3368.0650000000005 148.24500000000003 0.7997170306273983 2 1295.0000000000002 12.570113378684768 3 695.00000000000011 6.2500000000000009 380.00000000000028 -44.761235683042706 4 688.73500000000013 214.71500000000003 160.60500000000005 2960.7709750566896 5 388.19000000000005
decision_type=2 2 2 2 2 2 1 2 1 2 2 2 2 2 2 9 2 2 1 2 2 2 2 1 2 2 2 2 9 2
left_child=3 4 6 5 24 19 8 23 9 -3 15 -10 13 14 -7 16 -8 -17 20 29 -9 -12 -11 25 -2 -5 -19 -18 -15 -1
right_child=1 2 -4 7 -6 12 10 18 11 22 21 -13 -14 28 -16 17 27 26 -20 -21 -22 -23 -24 -25 -26 -27 -28 -29 -30 -31
leaf_value=1.0247014607010756 -0.32451051549061277 0.49765580921739688 3.6202813946052701 1.2498639627642902 -0.40261815242635657 -1.4048752736786079 4.4895762416994485 -0.39061707374499122 0.39978907955963056 3.5043565944173936 -0.0058751102161465956 -1.1426550930932773 -6.4336121664886567 4.8401379682720007 -0.12782589393249497 -1.6413459788502285 -0.050361633268776275 0.19223855784731542 -0.35277625202222951 2.7828507959496651 1.9805401446969513 1.0706058030965495 -1.1450701619503296 2.9202081953051606 -2.8631305083786822 -0.05152455401019012 -1.3138574491084576 -8.1128288301876808 -0.51201074807849378 -0.49675617580943765
leaf_weight=77.000590890645981 52.320521384477615 129.34777191281319 130.40782438218594 154.42132343351841 315.04667195677757 45.581919804215431 81.784217521548271 37.641882479190826 31.499615430831909 27.254706025123596 219.57988895475864 493.82752947509289 32.841692566871643 121.98826505243778 180.51513415575027 99.848480999469757 122.33079579472542 195.75354945659637 86.387117311358452 47.195856690406799 204.3191322684288 276.56380149722099 310.9525288194418 307.13508383929729 354.228694409132 36.902299731969833 166.59547454118729 44.651617288589478 49.350510582327843 31.512240260839462
leaf_count=103 91 179 307 205 470 63 208 43 39 43 322 764 87 258 255 149 247 275 174 59 333 393 487 432 594 50 219 100 102 42
internal_value=0.000603602 -0.00720212 -0.00206827 0.0174659 -0.0237819 0.00453878 -0.004191 0.0266279 -0.011052 -0.00215061 0.00153123 -0.0191848 -0.00279009 0.00018143 -0.0109731 -0.00401697 0.00684248 -0.00979786 0.0144501 0.024791 0.0209001 0.00951254 -0.00899926 0.0346497 -0.0347919 0.0234908 -0.00413184 -0.00932439 0.0149009 0.0138268
internal_weight=4464.79 3051.99 2330.4 1412.79 721.596 585.986 2199.99 826.807 992.882 467.555 1207.11 525.327 430.278 397.436 226.097 710.964 248.767 462.198 328.348 155.709 241.961 496.144 338.207 498.459 406.549 191.324 362.349 166.982 171.339 108.513
internal_count=7093 4887 3732 2206 1155 969 3425 1237 1512 709 1913 803 765 678 318 1198 555 643 550 204 376 715 530 687 685 255 494 347 360 145
cat_boundaries=0 1 2 3 4 5 6
cat_threshold=136778 2 32 10 1 48
is_linear=0
shrinkage=0.05


Tree=26
num_leaves=31
num_cat=6
split_feature=29 26 13 52 74 5 34 61 65 37 38 65 61 44 67 25 72 23 28 23 52 65 76 54 19 25 34 96 39 96
split_gain=190.969 113.374 75.3057 67.9002 54.2948 52.3692 42.0908 38.5355 34.6521 29.7236 30.784 26.5146 23.8745 23.8088 23.3896 22.8305 20.6708 20.0497 19.3925 18.5448 17.2859 16.5509 15.0902 16.5654 14.5264 14.4772 14.308 14.1652 13.8516 18.5975
threshold=117.07000000000002 78.875000000000014 0.17156862745098037 206.02290249433113 313.93500000000006 0.86607142857142871 485.00000000000006 0 1 2235.0000000000005 4525.0000000000009 2 3 17.074999999999992 4 384.82000000000005 265.13500000000005 177.25000000000003 111.37500000000001 1195.9600000000003 110.62976190476198 5 839.11500000000012 -14.842464422812879 383.87500000000006 985.82500000000016 3085.0000000000005 2666.439909297053 3605.0000000000005 236.96145124716557
decision_type=2 2 2 2 2 2 2 1 1 2 2 1 1 2 9 2 2 2 2 2 2 1 2 2 2 2 2 2 2 2
left_child=2 3 4 22 18 7 17 8 27 10 12 20 15 -8 -15 -6 28 -4 -1 -12 -9 -14 -2 -24 -23 -25 -20 -3 -13 -30
right_child=1 5 6 -5 9 -7 13 11 -10 -11 19 16 21 14 -16 -17 -18 -19 26 -21 -22 24 23 25 -26 -27 -28 -29 29 -31
leaf_value=1.3812962808991529 -0.7425601122083233 0.94790494962284844 0.24572393391897551 -0.33353890451004808 0.25108789790698655 3.2860309094479789 2.7060194955529671 -3.9855112876337859 -1.3965421722964633 -6.7193874915747251 3.2721768533715689 -1.7890914939619067 0.9074669476565852 -2.3949093676396322 4.1931792875615006 -0.59036158995977406 1.0773274687279937 2.6018299385245203 -0.73719586982557961 -0.15221298038260761 -0.30127695298893598 -0.37694696049537413 -2.7235360238362745 1.1237362442635725 0.68614911496304853 -9.5689141089066538 5.2670938664467704 -8.8269771963140631 -2.479581485078977 0.76191634344931358
leaf_weight=286.08146804571152 104.42847679555416 107.65097074210644 33.019782215356827 388.66329734027386 97.913646787405014 113.87674640119076 88.677315235137939 60.593950644135475 328.34041282534599 31.562023028731346 98.234826847910881 117.24992841482162 188.28687985241413 40.247478038072586 59.934410989284515 265.17801688611507 321.32805196940899 361.35923992097378 38.936668738722801 51.559103265404701 309.54032166302204 161.91259548068047 357.3699915856123 24.090759307146072 91.292681932449341 22.592946410179138 20.61795262992382 22.995055973529816 22.748287633061409 235.82271514832973
leaf_count=454 183 205 41 566 120 252 147 112 522 86 139 207 279 86 140 388 500 485 60 113 431 236 560 31 131 57 51 54 30 403
internal_value=0.0012581 -0.00773785 0.0131785 -0.0220285 0.00661612 7.9008e-05 0.0281609 -0.00236144 -0.0144765 0.000638196 0.00221696 0.00284865 -0.0016577 0.00875074 -0.00795175 -0.0111551 0.00852784 0.0374559 0.0236684 0.0230288 -0.00786601 0.00615315 -0.0340545 -0.0384335 -0.00240374 -0.0104225 -0.00228922 0.0074647 0.000689128 0.00715306
internal_weight=4452.11 2537.29 1914.81 897.145 1331.58 1640.15 583.238 1526.27 458.986 985.94 954.378 1067.28 804.584 188.859 100.182 363.092 697.149 394.379 345.636 149.794 370.134 441.492 508.482 404.054 253.205 46.6837 59.5546 130.646 375.821 258.571
internal_count=7069 4113 2956 1397 2057 2716 899 2464 781 1492 1406 1683 1154 373 226 508 1140 526 565 252 543 646 831 648 367 88 111 259 640 433
cat_boundaries=0 1 2 3 4 5 6
cat_threshold=4 59476 34370 1 1 385168
is_linear=0
shrinkage=0.05


Tree=27
num_leaves=31
num_cat=3
split_feature=29 69 56 104 74 76 39 22 29 23 22 17 31 5 36 35 27 56 22 61 18 47 27 37 39 18 65 23 37 22
split_gain=184.844 95.169 84.2197 80.4587 56.8168 40.4418 41.9245 37.4533 40.6412 32.2653 36.6463 30.6107 26.6439 29.1019 21.4034 21.5884 21.2247 20.7493 20.6837 20.6072 19.6018 17.3619 15.4562 15.2243 17.2338 15.0343 14.9614 14.3558 14.2293 13.8314
threshold=55.224999999999987 0 0.88064601513590313 0.39856428075208944 1693.1900000000003 710.59500000000014 3544.2850000000003 4041.1111111111118 168.00500000000002 1186.5950000000003 5898.8321995464858 0.45922719125951378 1415.0000000000002 0.62828947368421062 380.00000000000028 895.00000000000011 7.0500000000000016 0.96983184363791974 6190.0566893424048 1 0.73869466169189935 0.60102488561879697 54.265000000000008 585.00000000000011 3695.0000000000005 0.78957189011092199 2 1195.9600000000003 465.00000000000006 5791.0544217687084
decision_type=2 9 2 2 2 2 2 2 2 2 2 2 2 2 2 2 2 2 2 1 2 2 2 2 2 2 1 2 2 2
left_child=2 4 11 -3 26 21 -7 22 9 10 14 -1 -6 23 15 17 -10 20 -18 27 -9 -4 -5 -14 -25 -23 -2 -8 -21 -17
right_child=1 3 5 7 12 6 19 8 16 -11 -12 -13 13 -15 -16 29 18 -19 -20 28 -22 25 -24 24 -26 -27 -28 -29 -30 -31
leaf_value=-0.31122818262433755 1.2328349864569845 -2.4622971665091455 1.5053364286360194 -2.0744907427517263 5.9186550361978378 -0.36153190970227062 2.3100003334963972 -0.29019117629223318 -1.9899675867304261 -9.6199031428161277 2.734648051842401 2.4299615459141961 -8.9331455899880137 0.75371510147331477 0.49585813459740891 -3.7992242630345494 -0.92873374310124945 -0.2829807101733785 0.79166618311069215 -0.42537078251255739 0.40853836338436555 -0.6181689831514533 -0.48358981684907065 -7.7326155179012579 1.2532765313934608 1.7777167644001268 3.8247958823139316 -0.37036795764446639 1.7661200331957958 -0.1874790460344265
leaf_weight=39.257578819990158 67.384128898382187 218.55856005847454 173.9045442789793 193.3972219824791 44.924913853406906 389.34546095132828 145.72178517282009 68.531734824180603 140.95357565581799 81.374945640563965 88.254960760474205 350.46043042838573 122.33645153045654 201.01275645196438 231.275983735919 65.539643734693527 506.38852614164352 360.03218819200993 69.958339259028435 95.438944861292839 150.28788450360298 40.806833758950233 82.015343636274338 32.629512339830399 40.17964880168438 97.068735226988792 194.5918266326189 28.754194930195808 54.591416105628014 41.376680076122284
leaf_count=55 130 343 264 249 110 611 219 90 235 191 126 487 253 385 300 132 659 521 99 174 205 67 117 72 74 176 475 61 93 56
internal_value=0.000561433 -0.00646345 0.0154565 -0.011362 0.00957301 0.00793811 0.00137651 -0.00837828 -0.00575633 0.000340992 0.00279223 0.0352428 -0.00124509 -0.00538334 -0.000169268 -0.00460528 -0.0149935 -0.000792606 -0.0107401 0.0146491 0.0113501 0.0229615 -0.0255523 -0.0191373 -0.00103459 0.00971031 0.0281526 0.0263331 0.00106139 -0.0252474
internal_weight=4416.35 3001 1415.35 2297.95 703.059 1025.63 713.852 2079.39 1803.97 1086.67 1005.3 389.718 441.083 396.158 917.044 685.768 717.3 578.852 576.347 324.506 218.82 311.78 275.413 195.146 72.8092 137.876 261.976 174.476 150.03 106.916
internal_count=7029 4822 2207 3323 1499 1665 1158 2980 2614 1621 1430 542 894 784 1304 1004 993 816 758 547 295 507 366 399 146 243 605 280 267 188
cat_boundaries=0 1 2 3
cat_threshold=32 2 217216
is_linear=0
shrinkage=0.05


Tree=28
num_leaves=31
num_cat=5
split_feature=70 27 76 65 67 45 53 59 71 52 61 104 75 71 59 104 58 105 57 17 52 34 7 4 74 99 28 76 39 65
split_gain=147.309 138.272 90.0328 46.3169 44.8669 41.7148 41.328 37.3013 36.8658 34.7032 28.4899 30.7199 27.3577 23.0665 22.1868 18.7707 16.8188 16.5867 16.4202 15.6363 15.4704 15.0989 15.3105 15.6521 14.7273 14.6891 14.6811 14.5288 14.2942 21.5973
threshold=0 5.9350000000000014 1012.2950000000001 1 2 234.85500000000002 -25.459919401709904 0.025324136458551805 165.05000000000004 132.90850340136072 3 0.71650333568242519 2658.7400000000007 31.765000000000004 0.014269869095323901 0.94735657350062874 0.038088941747244955 1.0000000180025095e-35 0.91647623476672624 0.39351302116629966 9.5660090702947418 785.00000000000011 1.0000000180025095e-35 2.5000000000000004 482.35500000000008 11.069546485260846 87.225000000000009 743.99000000000012 3335.0000000000005 4
decision_type=9 2 2 1 9 2 2 2 2 2 1 2 2 2 2 2 2 2 2 2 2 2 2 2 2 2 2 2 2 1
left_child=1 9 7 4 12 8 19 13 17 24 -8 26 21 20 28 -16 -9 -2 -6 -5 -3 -4 25 -24 -1 -23 -12 -22 -13 -30
right_child=5 2 3 6 18 -7 10 16 -10 -11 11 14 -14 -15 15 -17 -18 -19 -20 -21 27 22 23 -25 -26 -27 -28 -29 29 -31
leaf_value=-0.94777590869948092 0.68975575722259996 -0.41298895580439493 4.6229395929450474 -0.62158807795214921 0.28817493996038374 3.7930771704341568 -1.2532744882669409 0.48563113908883743 2.985536614247478 -0.41120691205731374 0.23559140168563319 -0.85200969234168022 -6.0126500182874949 5.2247658031100883 -0.09472730187365741 1.2129253253064378 1.618886022557426 -3.4639223392777114 -2.3591138898015247 2.3341347980681015 0.61141405730238463 0.44675648523582656 -3.0918023825067635 2.506606733880048 -2.9581821708545863 4.1797678801277502 -2.0105708127592621 0.044846130066775916 0.97534896386452563 -0.98423216953223225
leaf_weight=166.94805663824081 195.62702536582947 39.011490076780319 84.258984982967377 30.284076526761055 55.180774003267288 177.43952490389347 445.2274998575449 95.807440161705017 190.72863408923149 353.03700877726078 35.714840263128281 168.67540843784809 44.938949674367905 41.944259703159332 204.96735215187073 151.81458479166031 215.13745421171188 25.047942504286766 93.341215282678604 74.114875793457031 173.18932527303696 56.669338330626488 46.788249239325523 63.820816308259964 241.31768022477627 116.36623622477055 181.7105168402195 333.57100358605385 105.69662100076675 232.20946206152439
leaf_count=278 333 52 184 45 72 269 735 126 402 509 70 265 101 95 318 216 288 38 162 119 230 73 97 130 382 230 295 434 150 356
internal_value=0.00114375 -0.00243961 0.00225599 -0.00320862 0.00909115 0.0242135 -0.00745357 0.0155839 0.0158848 -0.0215331 -0.00958144 -0.00519657 0.0177315 0.00817431 -0.000966307 0.00858457 0.0295886 0.00196997 -0.0143141 0.0229358 0.00542826 0.0222299 0.0167092 0.00217972 -0.03146 0.0259968 -0.0219943 0.00776393 -0.00769293 -0.00175885
internal_weight=4440.59 3851.74 3090.44 2191.78 561.365 588.843 1630.42 898.661 411.404 761.303 1526.02 1080.79 412.843 587.716 863.363 356.782 310.945 220.675 148.522 104.399 545.772 367.904 283.645 110.609 408.266 173.036 217.425 506.76 506.581 337.906
internal_count=7054 6012 4843 3618 1049 1042 2569 1225 773 1169 2405 1670 815 811 1305 534 414 371 234 164 716 714 530 227 660 303 365 664 771 506
cat_boundaries=0 1 2 3 4 5
cat_threshold=48 288912 4 4 69632
is_linear=0
shrinkage=0.05


Tree=29
num_leaves=31
num_cat=3
split_feature=29 69 104 101 74 23 22 45 7 39 94 22 29 17 95 65 67 74 72 27 58 27 45 38 32 77 15 95 39 104
split_gain=177.621 112.368 74.0184 72.3616 68.412 37.3975 36.5208 31.8988 31.3747 28.7712 25.9746 24.5386 30.8812 24.5109 23.948 23.4512 21.6191 21.872 19.2421 19.1759 15.4492 15.2827 14.8334 22.045 21.55 13.1254 13.0566 30.6942 12.9748 12.5158
threshold=66.909999999999997 0 0.38618186115154235 0.73343976852883341 1693.1900000000003 1245.8700000000001 6190.0566893424048 248.14000000000001 1.5000000000000002 3725.0000000000005 1325.3957256235828 4041.1111111111118 169.09000000000003 0.34491074020203116 365.70000000000005 1 2 1711.2400000000002 214.71500000000003 54.265000000000008 0.038295772429927606 5.4900000000000011 139.785 4725.0000000000009 895.00000000000011 0.83487836718077046 0.70833333333333337 935.0200000000001 3055.0000000000005 0.68434415829471695
decision_type=2 9 2 2 2 2 2 2 2 2 2 2 2 2 2 1 9 2 2 2 2 2 2 2 2 2 2 2 2 2
left_child=3 2 -2 8 -3 6 11 9 14 29 -6 19 22 -9 -1 28 17 -11 -10 -4 -18 -14 23 24 -13 -24 27 -8 -16 -5
right_child=1 4 5 7 10 -7 26 13 18 16 -12 12 21 -15 15 -17 20 -19 -20 -21 -22 -23 25 -25 -26 -27 -28 -29 -30 -31
leaf_value=1.0578971012234362 -2.2768855923510363 3.3012208963407574 -1.9515954367285517 -1.6105536733104922 4.7832048715202573 -10.296428010735648 1.4042765433972322 -0.6991095605137323 2.428899984533051 4.7336945002322297 -1.0618981994387766 -0.1469448218315943 -2.3698896023359497 1.4991770676584126 -0.51214633375469421 1.0635669428754753 1.0873511952947361 -5.7120175173731198 1.4914029282919756 -0.13333244373864553 -0.51209209721556659 -0.82190785307025327 0.56010506207669619 1.08320339792465 -1.5751637162884329 -0.084980852119771563 2.9449547155562885 -1.3009726879988337 0.5157180432654741 -0.26442494812911121
leaf_weight=219.38058966398239 212.32088154554367 279.86699669063091 183.31074297428131 34.630108743906021 56.833977162837982 63.947503507137299 56.419135808944702 27.032520115375519 231.08954963088036 80.191640481352806 385.48638089001179 391.32547596096992 78.619774639606476 193.13654127717018 77.262292712926865 162.70567606389523 62.178589001297951 23.604671806097031 61.82422436773777 68.539594054222107 86.079018041491508 510.04569417238235 137.26881620287895 70.143615186214447 95.137599840760231 82.864494115114212 43.504238218069077 42.601887241005898 88.500918820500374 326.75066134333611
leaf_count=288 326 651 238 50 133 170 69 31 311 167 771 581 123 291 115 260 93 48 94 88 146 643 177 94 169 110 58 75 138 530
internal_value=0.00128442 -0.00651382 -0.0124913 0.0141307 0.0103677 -0.0092998 -0.00793492 0.0036918 0.0244808 -0.00216785 -0.00172978 -0.0100732 -0.00742809 0.0200179 0.0174182 0.00887488 0.010798 0.0282989 0.0376902 -0.0244138 -0.00145451 -0.0160656 -0.000881982 -0.0052273 -0.0090058 0.0101052 0.0163286 0.00629773 -0.00465388 -0.0112112
internal_weight=4432.6 2758.24 2036.05 1674.37 722.187 1823.73 1759.78 833.604 840.763 613.435 442.32 1617.26 1365.41 220.169 547.849 328.469 252.054 103.796 292.914 251.85 148.258 588.665 776.74 556.607 486.463 220.133 142.525 99.021 165.763 361.381
internal_count=7038 4476 2921 2562 1555 2595 2425 1356 1206 1034 904 2223 1897 322 801 513 454 215 405 326 239 766 1131 844 750 287 202 144 253 580
cat_boundaries=0 1 2 3
cat_threshold=7 143710 4
is_linear=0
shrinkage=0.05


Tree=30
num_leaves=31
num_cat=3
split_feature=29 69 104 74 56 23 22 17 49 2 76 31 5 22 29 98 52 45 65 16 52 7 37 39 27 30 74 33 36 102
split_gain=154.015 96.0346 72.0235 58.9433 58.4817 44.4208 35.4481 31.961 31.2731 39.1138 33.4609 29.6208 23.4721 22.6208 24.8186 18.5011 18.4959 18.1691 17.9181 15.9915 15.9804 15.779 15.7266 15.4812 14.0981 13.7776 13.5273 13.4757 14.1395 13.2908
threshold=59.810000000000016 0 0.44904712989408763 1630.3300000000002 0.88229235315956422 1154.1850000000002 6190.0566893424048 0.45922719125951378 0.24033591597377121 1 2395.3350000000005 1315.0000000000002 0.56696428571428581 4041.1111111111118 196.78500000000005 2571.6553287981865 4.5624489795918075 148.21500000000006 2 0.24038461538461539 163.27371882086166 1.5000000000000002 2255.0000000000005 3115.0000000000005 50.750000000000007 0.17794635469468059 566.70500000000004 195.00000000000003 380.00000000000028 0.2678571428571429
decision_type=2 9 2 2 2 2 2 2 2 9 2 2 2 2 2 2 2 2 1 2 2 2 2 2 2 2 2 2 2 2
left_child=4 2 26 18 7 6 13 -1 9 10 19 -5 -13 24 17 -14 -11 27 23 -6 -9 -10 -12 -3 -4 -19 -2 28 -15 -17
right_child=1 3 5 11 8 -7 -8 20 21 16 22 12 15 14 -16 29 -18 25 -20 -21 -22 -23 -24 -25 -26 -27 -28 -29 -30 -31
leaf_value=-0.12108547797911379 -0.92963487657742583 -2.4770204540385765 -1.7519293449200917 4.8721417488963503 2.7782239906037094 -9.408723880848445 1.0085123108311416 2.3787124084712845 0.50694694022883346 -0.96950427577890663 2.2716181430479914 -6.2198470577456266 2.4814097527951562 -0.044426324869904832 -0.92045501104263772 0.21501770775695875 -0.070705120587793144 -0.31684547780556155 3.3106129863115785 -0.29216445065565466 0.5363150327826588 2.0530632104356559 -5.8453133445480221 3.1710985680428792 -0.51338997008500675 0.55467831447665861 -2.6999287674355164 -0.44124035810029377 1.5735714557526073 -5.0788993737871797
leaf_weight=58.894019663333893 101.70495703816414 36.51681350171566 155.21628913283348 43.970302879810333 269.02455587685108 119.45743438601494 132.0391675978899 276.78093639016151 218.01597937941551 74.278496876358986 55.375320762395859 169.59688395261765 98.517305254936218 256.68961852788925 438.82791763544083 117.02660624682903 375.07893171906471 56.610274523496628 167.05005164444447 31.992012679576874 89.07493069767952 74.726332917809486 34.006299704313278 59.88178588449955 103.01570770144463 218.89733104407787 172.63407135009766 318.06295701861382 43.979209542274475 49.930152639746666
leaf_count=81 174 75 199 110 486 284 175 392 305 104 103 348 189 387 565 218 572 73 418 50 122 96 91 119 132 283 251 471 54 101
internal_value=0.000769148 -0.00612085 -0.0115176 0.00929737 0.0134215 -0.00801374 -0.00596991 0.0292432 0.00748745 0.00258173 0.0139522 -0.0010247 -0.00497729 -0.00803556 -0.00541178 0.00430519 -0.00744172 -0.000632602 0.0284194 0.0222861 0.0347461 0.0215599 -0.0125535 0.00767606 -0.0215803 0.010048 -0.0354737 -0.00538842 0.00220097 -0.00583419
internal_weight=4416.87 2859.62 2117.13 742.49 1557.25 1842.8 1723.34 424.75 1132.5 839.756 390.398 479.041 435.071 1591.3 1333.07 265.474 449.357 894.239 263.449 301.017 365.856 292.742 89.3816 96.3986 258.232 275.508 274.339 618.732 300.669 166.957
internal_count=7028 4626 3048 1578 2402 2623 2339 595 1807 1406 730 966 856 2164 1833 508 676 1268 612 536 514 401 194 194 331 356 425 912 441 319
cat_boundaries=0 1 2 3
cat_threshold=7 50 219016
is_linear=0
shrinkage=0.05


Tree=31
num_leaves=31
num_cat=5
split_feature=29 69 56 104 74 74 22 96 38 61 72 27 25 31 5 23 45 45 25 75 22 65 47 17 65 45 82 27 65 39
split_gain=148.667 100.615 68.2862 61.5923 54.3631 37.7532 34.6865 34.2222 37.1215 31.0322 24.8534 22.7903 36.2191 20.5369 19.6442 19.1736 17.8929 17.7053 18.9597 30.3591 22.4922 20.7903 16.9587 16.939 16.7919 15.4782 14.8831 16.5492 14.4772 17.6961
threshold=69.299999999999997 0 0.88229235315956422 0.38618186115154235 1693.1900000000003 328.53000000000003 4073.5600907029484 1339.4557823129255 4433.7300000000005 1 233.15500000000003 22.475000000000005 1046.9600000000003 1315.0000000000002 0.56696428571428581 1165.5650000000003 232.25500000000002 -327.94499999999999 971.38000000000011 455.84500000000008 4041.1111111111118 2 0.5106327086959398 0.60828327979246877 3 232.25500000000002 2497.6900000000005 166.86500000000004 4 3115.0000000000005
decision_type=2 9 2 2 2 2 2 2 2 1 2 2 2 2 2 2 2 2 2 2 2 1 2 2 1 2 2 2 1 2
left_child=2 3 6 -2 28 22 -1 8 17 15 -8 12 -10 -6 -15 16 -7 -5 19 20 -19 -22 -4 -11 25 -13 -16 -28 29 -3
right_child=1 4 5 7 13 9 10 -9 11 23 -12 24 -14 14 26 -17 -18 18 -20 -21 21 -23 -24 -25 -26 -27 27 -29 -30 -31
leaf_value=-0.35817160312812518 -2.0858025764294204 -2.6720357070972232 1.3219543563884983 -4.2282097595615014 4.3580370372558619 0.66347213935730176 2.0082115001278424 -9.610262669343415 0.23832316568160294 -0.39887236853470204 0.47228719227757954 -0.43421966086349206 -8.1226428139618161 -6.4214922895363813 -3.9452218762370563 -0.36107394240829338 3.0534478145694948 -1.9382606619445135 -1.2166504638661455 0.666610158454637 0.010829266939461846 -0.59119213087467093 0.57798749777020364 0.21191173740186714 0.95036465524078728 1.0512273489573292 1.7497144614924396 -1.0195541748546859 3.1450823369959995 3.1606623204387905
leaf_weight=43.267222136259079 214.42664763331413 36.263699933886528 168.8972459435463 34.797543615102768 36.562098816037178 225.38462375104427 345.4653534591198 57.173269703984261 122.40481139719486 339.33698000013828 84.733502939343452 144.51536825299263 54.582840517163277 150.51460434496403 40.670590400695801 95.051059752702713 47.48012575507164 111.58603966236115 211.54810385406017 70.065563052892685 366.09087662398815 412.85258641839027 197.23246964812279 174.12907816469669 199.29530848562717 52.816226691007614 141.39264890551567 77.52061627805233 181.70693737268448 56.75024539232254
leaf_count=57 329 74 247 64 89 329 467 150 157 507 132 188 121 317 95 188 65 147 295 93 498 560 326 307 269 66 249 160 455 118
internal_value=0.00146618 -0.005697 0.0130104 -0.0113146 0.0102978 0.00687461 0.0291773 -0.00841085 -0.0071882 0.00126853 0.0334692 0.003284 -0.0116355 -0.00032406 -0.00352531 0.012352 0.0190888 -0.0121653 -0.0111218 -0.00813761 -0.0106309 -0.00762335 0.0203701 -0.00667315 0.00994156 -0.000844646 0.00480753 0.00996792 0.0279423 0.00814507
internal_weight=4494.51 2773.54 1720.98 2052.16 721.381 1247.51 473.466 1837.73 1780.56 881.382 430.199 573.615 176.988 446.661 410.098 367.916 272.865 1206.94 1172.14 960.595 890.53 778.943 366.13 513.466 396.627 197.332 259.584 218.913 274.721 93.0139
internal_count=7119 4494 2625 2937 1557 1969 656 2608 2458 1396 599 801 278 910 821 582 394 1657 1593 1298 1205 1058 573 814 523 254 504 409 647 192
cat_boundaries=0 1 2 3 4 5
cat_threshold=7 2 110984 17930 214920
is_linear=0
shrinkage=0.05


Tree=32
num_leaves=31
num_cat=3
split_feature=29 67 52 70 101 74 26 37 61 74 43 18 43 35 29 26 72 39 25 25 19 26 31 36 52 54 37 39 54 45
split_gain=128.251 89.4175 69.9448 62.1642 51.2279 43.2088 33.4998 34.9635 33.0359 24.8076 23.8 21.0153 20.0463 19.2435 18.2244 17.1578 17.4619 16.5888 15.6593 13.8141 16.8372 18.9951 13.5833 13.4585 13.0404 22.1624 12.5165 12.4245 11.9268 11.6254
threshold=117.07000000000002 0 206.02290249433113 1 0.6702519711909225 353.41500000000002 63.425000000000004 2255.0000000000005 2 482.35500000000008 12.990000000000011 0.58469748368964425 -37.029999999999966 675.00000000000011 27.574999999999992 114.45000000000002 349.15000000000003 3835.0000000000005 379.42500000000001 1402.2650000000003 405.82928571428585 115.92000000000002 1265.0000000000002 365.00000000000006 333.04124716553292 -24.337923246033878 3055.0000000000005 4395.0000000000009 -22.86735395062135 -327.94499999999999
decision_type=2 9 2 9 2 2 2 2 1 2 2 2 2 2 2 2 2 2 2 2 2 2 2 2 2 2 2 2 2 2
left_child=3 5 9 4 11 26 -6 17 12 29 -5 -1 -7 -10 28 -15 -17 18 -8 20 21 -19 -14 -20 25 -4 -2 -26 -13 -3
right_child=1 2 24 10 6 8 7 -9 13 -11 -12 14 22 15 -16 16 -18 19 23 -21 -22 -23 -24 -25 27 -27 -28 -29 -30 -31
leaf_value=-0.12766688799225392 2.3811809698186268 -2.2287214962292459 0.45952935490526914 3.5145051928966922 -0.60705775433514697 -1.1571415771360312 0.53804927487877452 -5.977247264036933 4.6005485373926041 -2.5630273485006496 -0.15357709338290704 1.405801815423473 2.4653769126923581 1.5002584965365948 0.45356383850970305 -0.042168550101074148 2.85192738528868 -0.5339102593426226 -0.26629408192329151 -0.18817825908242158 2.3943250302422769 3.7296138641377796 -0.61788150994967816 1.0783508342855173 -1.1894261191285533 -0.38961873365154553 -1.7366163290071057 0.24629180000745621 0.62860164726751866 -0.39138125514881106
leaf_weight=68.33923964202404 86.416819468140602 23.774352967739105 198.87842328846455 276.91775494813919 149.09710232913494 288.31326316297054 88.017381250858307 37.165852725505829 32.566597878932953 416.98990799486637 30.248199984431267 233.78456984460354 38.660286232829094 104.95859459042549 286.08841663599014 740.57485853135586 25.30451600253582 55.369116425514221 277.64435839653015 86.040047079324722 172.77796748280525 38.37687611579895 56.88418136537075 58.443750292062759 130.05245169997215 167.38923981785774 17.986672267317772 56.375192821025848 43.876846432685852 149.35943706333637
leaf_count=94 191 48 275 483 200 447 118 100 63 645 57 317 94 148 407 1182 59 70 415 186 272 74 136 94 172 255 48 70 69 251
internal_value=0.00101689 -0.00634779 -0.0167115 0.0108296 0.0066901 0.00216276 -0.000527863 0.00346385 -0.00034631 -0.0286825 0.0310948 0.0177919 -0.0126344 0.00487493 0.0209661 0.00346373 0.000865602 0.00573091 -0.000931643 0.0137454 0.0193688 0.00230774 0.00721423 -0.00584838 -0.00392983 0.00154951 0.0330988 -0.0146949 0.0300914 -0.0127728
internal_weight=4436.67 2534.48 1142.82 1902.19 1595.02 1391.67 962.932 813.835 1287.26 590.124 307.166 632.089 383.858 903.405 563.75 870.838 765.879 776.669 424.105 352.564 266.524 93.746 95.5445 336.088 552.695 366.268 104.403 186.428 277.661 173.134
internal_count=7040 4084 1716 2956 2416 2368 1529 1329 2129 944 540 887 677 1452 793 1389 1241 1229 627 602 416 144 230 509 772 530 239 242 386 299
cat_boundaries=0 1 2 3
cat_threshold=4 48 4
is_linear=0
shrinkage=0.05


Tree=33
num_leaves=31
num_cat=1
split_feature=29 27 5 56 34 69 31 29 25 74 36 5 38 34 104 18 5 34 104 45 37 5 50 58 98 58 25 24 38 25
split_gain=120.743 84.8344 62.3631 54.7641 29.6038 31.3046 47.659 29.7919 31.5153 29.4357 30.0826 28.3519 25.6989 30.1605 24.4375 23.7347 22.5737 22.557 21.8722 17.7234 16.5312 17.1536 16.1013 15.6342 15.6035 14.9204 16.0093 14.7874 14.3727 14.3455
threshold=53.120000000000012 6.2700000000000005 0.76388888888888895 0.88064601513590313 2785.0000000000005 0 1295.0000000000002 195.52000000000004 1578.5750000000003 2028.0550000000001 335.00000000000006 0.057565789473684202 4444.7600000000011 645.00000000000011 0.38618186115154235 0.52877237851662418 0.76388888888888895 795.00000000000011 0.72696258821183568 264.88499999999999 595.00000000000011 0.43650793650793651 0.16408103956151013 0.057038894662455354 2377.0975056689344 0.017895610787141854 290.90000000000003 216.21000000000001 6069.0700000000006 550.85500000000013
decision_type=2 2 2 2 2 9 2 2 2 2 2 2 2 2 2 2 2 2 2 2 2 2 2 2 2 2 2 2 2 2
left_child=3 14 4 15 5 6 -3 8 12 10 11 18 13 22 -2 -1 -11 27 -5 -17 21 -8 -7 -15 -23 -20 -27 -16 -9 -13
right_child=1 2 -4 9 -6 7 20 28 -10 16 -12 29 -14 23 17 19 -18 -19 25 -21 -22 24 -24 -25 -26 26 -28 -29 -30 -31
leaf_value=-0.32694831887555431 -2.4259909701463389 3.9060552298204314 2.315598248556836 -0.65256361449730782 -7.8790248853030453 0.047400774220081848 -8.2649071769224545 -0.91730620042605815 -8.6272071400258064 -4.6548127291523063 1.6148966941214811 3.8147671715336831 0.75989315448881811 -1.0929883877053903 -0.32066171453170861 1.1957105729818807 3.9267706996453313 -8.5530456573430236 0.91238689526717209 2.663779933251857 1.4799650427615245 2.6585559858333876 1.0013424602964549 0.39690336367164963 -1.8412608681349223 0.78562454812044114 -0.14528596340119151 -1.7011678075407553 0.855563390333413 1.3340013267303079
leaf_weight=29.236307293176651 145.0177445858717 142.57469257712364 212.31372474133968 51.510526597499847 85.244112223386765 432.63049414753914 73.735605180263519 537.87405487895012 68.111000627279282 86.808032259345055 298.35935039818287 33.540826112031937 207.31840465962887 188.59359510242939 454.13958886265755 215.20894421637058 27.716380938887596 61.380404248833656 38.435697838664055 143.79474169015884 100.17912586033344 59.057062208652496 77.272076815366745 42.289069846272469 56.322429165244102 35.107557564973831 308.01100996136665 80.196851253509521 43.002455115318298 150.28563429415226
leaf_count=41 238 344 460 64 199 561 143 704 167 199 485 58 292 249 646 305 57 163 50 196 195 109 101 57 98 45 420 134 55 278
internal_value=0.00126317 -0.00431474 0.000377276 0.0133285 -0.00221688 -0.00100415 0.0107935 -0.00423542 0.000901077 0.00729521 0.0102855 0.00398142 0.00326111 -0.00109373 -0.0190515 0.0293314 -0.0166025 -0.0145707 -0.00300226 0.0328594 -0.000617045 -0.00931621 0.0056951 -0.0160868 0.0027219 0.0011264 -0.00218283 -0.0112731 -0.0132944 0.0204338
internal_weight=4485.27 3067.25 2326.52 1418.02 2114.2 2028.96 431.869 1597.09 1016.21 1029.78 915.251 616.891 948.104 740.785 740.735 388.24 114.524 595.717 433.065 359.004 289.294 189.115 509.903 230.883 115.379 381.554 343.119 534.336 580.877 183.826
internal_count=7113 4915 3734 2198 3274 3075 889 2186 1427 1656 1400 915 1260 968 1181 542 256 943 579 501 545 350 662 306 207 515 465 780 759 336
cat_boundaries=0 1
cat_threshold=32
is_linear=0
shrinkage=0.05


Tree=34
num_leaves=31
num_cat=4
split_feature=29 69 52 56 74 67 65 22 61 74 29 74 96 22 59 45 59 82 45 38 18 37 24 24 46 4 35 25 35 54
split_gain=117.44 77.7772 62.1998 58.1741 47.0377 36.0222 28.2227 25.2083 25.0983 28.4606 24.0203 22.2957 21.3579 25.8624 20.0695 18.3726 15.5171 16.3194 14.8926 14.7676 14.684 14.384 15.148 14.4691 14.2093 13.69 23.5052 13.3998 13.7868 13.0905
threshold=53.120000000000012 0 120.63572562358266 0.88229235315956422 2279.2400000000002 1 2 4120.5442176870756 3 239.11500000000004 210.40000000000001 482.35500000000008 1289.5691609977328 4530.9863945578245 0.024355532471607055 157.35000000000011 0.011392103190943701 4189.0390000000007 197.83500000000006 4490.0800000000008 0.86334368530020711 645.00000000000011 185.37000000000003 196.29000000000002 0.75277598942033463 6.5000000000000009 3145.0000000000005 1098.5450000000003 1085.0000000000002 -23.017073215918408
decision_type=2 9 2 2 2 9 1 2 1 2 2 2 2 2 2 2 2 2 2 2 2 2 2 2 2 2 2 2 2 2
left_child=3 4 5 7 6 12 -2 -1 14 20 15 -7 13 -3 18 16 -4 27 -5 -8 29 22 -9 -24 -13 26 -6 28 -18 -10
right_child=1 2 10 8 25 11 19 21 9 -11 -12 24 -14 -15 -16 -17 17 -19 -20 -21 -22 -23 23 -25 -26 -27 -28 -29 -30 -31
leaf_value=-0.31276490647622102 2.6963230480735221 -0.63113968083043948 -0.58446612688597133 0.22783398489109744 0.59316536618087878 -0.49763833512463301 -0.410685741203967 1.984012818220684 1.6303768962549599 -0.2210596464709064 -1.0175260575118616 -3.1881913300862874 -8.1696302810023553 1.2335352251240721 1.9592516838476712 0.2603756339020144 -0.084049498550698501 1.6210348362536964 1.4180674380339284 3.9908450244137641 1.2321624529613544 0.2609450256913064 -0.11178358761162457 1.7971557513692831 -1.5348375594342625 2.199818336128994 -7.2300791272720888 -2.5956766797254374 0.81524818743375072 0.14464315695432362
leaf_weight=37.115441173315048 232.19853191077709 87.725895613431931 299.56363195180893 233.38634477555752 170.56196922063828 177.05303867161274 136.92612335085869 222.13374197483063 24.896970137953758 433.30881750583649 305.51042880117893 140.86964511871338 25.370839193463326 75.935843616724014 119.11238187551498 446.56417696177959 349.50163494050503 51.804875507950783 97.097962751984596 40.624776929616928 34.143360525369644 38.63598358631134 35.80577352643013 44.829719439148903 265.4163131415844 32.063825994729996 108.87315072119236 46.492384910583496 59.566071063280106 83.849078476428986
leaf_count=49 534 129 417 411 331 300 268 297 43 708 399 229 59 120 170 591 471 73 145 99 52 61 47 77 413 54 240 85 76 127
internal_value=0.0014241 -0.00408088 -0.00850378 0.0133905 0.0101924 -0.0201432 0.0214669 0.0301434 0.0072087 0.000300142 -0.00279184 -0.02629 -0.00117466 0.00544255 0.0160626 0.000272151 -0.00423102 0.00109671 0.00972057 0.00502679 0.0196512 0.0343978 0.038064 0.0195015 -0.0327429 -0.00431105 -0.00786173 -0.00192724 0.000963701 0.0106699
internal_weight=4456.94 3052.62 2331.37 1404.32 721.248 772.372 409.749 378.521 1025.79 576.198 1559 583.339 189.033 163.662 449.597 1253.49 806.929 507.365 330.484 177.551 142.889 341.405 302.769 80.6355 406.286 311.499 279.435 455.56 409.068 108.746
internal_count=7075 4888 3362 2187 1526 1250 901 531 1656 930 2112 942 308 249 726 1713 1122 705 556 367 222 482 421 124 642 625 571 632 547 170
cat_boundaries=0 1 2 3 4
cat_threshold=32 4 305175 2
is_linear=0
shrinkage=0.05


Tree=35
num_leaves=31
num_cat=3
split_feature=70 26 76 29 37 37 29 36 19 38 29 42 65 72 17 3 47 17 44 38 37 5 43 59 74 53 23 46 94 45
split_gain=120.473 88.5896 51.9535 46.769 42.8484 36.0203 29.3981 26.4673 25.965 25.509 23.0043 31.3913 33.6804 21.7995 21.0472 20.981 25.2281 20.8736 20.3758 20.1336 19.6906 19.6896 19.6141 18.5545 18.1705 17.372 14.395 14.1684 14.0951 13.7279
threshold=0 60.410000000000004 950.60500000000013 200.41000000000005 2235.0000000000005 555.00000000000011 134.79500000000004 469.99999999999983 387.5 4711.8250000000016 165.85999999999999 485.00000000000006 1 277.61500000000007 0.5783811029699043 2 0.59091270700056209 0.4092039754403784 134.51500000000001 4654.4450000000006 1555.0000000000002 0.76388888888888895 -132.30500000000004 0.020049915040009303 440.90500000000003 -14.617487822240506 568.07000000000005 0.85258488304905078 596.55839002267578 142.16499999999999
decision_type=9 2 2 2 2 2 2 2 2 2 2 2 1 2 2 9 2 2 2 2 2 2 2 2 2 2 2 2 2 2
left_child=1 6 14 15 5 10 8 26 -1 -7 11 24 29 21 -3 16 -2 -11 19 22 -17 23 -12 -14 -4 -18 -5 -16 -24 -13
right_child=3 2 4 7 -6 9 -8 -9 -10 17 18 12 13 -15 27 20 25 -19 -20 -21 -22 -23 28 -25 -26 -27 -28 -29 -30 -31
leaf_value=-1.3244142923833593 1.5206726834855049 0.03980628061153766 -0.39547572613928073 6.782912105052219e-05 -6.3561885304560413 0.0042481012466566879 -1.9600463613978836 1.2884463329325535 -0.092714525137023607 -0.062238619487413875 0.43736759886036136 -2.1769232210392664 -1.0489118730173101 0.78041803793138487 1.1262898527165717 3.1439363385501711 -1.6951550296212545 2.1002216224292738 2.1973271210465328 -7.0041114337886174 2.0898274193225439 2.9788812991089566 -1.1702171236800269 0.34907082367772091 0.94974163602343753 1.170554330313287 -2.6299420411070495 0.36879385378069429 0.14075006385450309 -0.23625129868650563
leaf_weight=286.19926618039608 66.360535711050034 212.63882817327976 33.73822957277298 42.117484748363495 70.177497610449791 422.80993157625198 200.42545133829117 35.722451239824295 402.542759552598 88.618861854076385 78.318406164646149 130.29363894462585 199.25365787744522 196.69077144563198 209.29893343150616 286.66202414035797 33.59691695868969 264.5326756387949 70.6594158411026 56.430636361241341 61.424641773104668 37.70994758605957 279.88057917356491 95.621122404932976 136.69425803422928 24.638402536511421 42.724887326359749 294.61910691857338 75.357985824346542 59.204703375697136
leaf_count=445 99 290 43 53 190 697 318 48 589 149 121 219 353 320 286 529 53 453 158 115 149 62 347 157 186 43 68 403 92 88
internal_value=0.00133325 -0.00188023 0.00220811 0.0221266 -0.00146007 -0.000247224 -0.0157529 -0.0052979 -0.0108485 0.00844721 -0.00490049 0.000100504 -0.0044741 0.00215535 0.0139617 0.0295898 0.00905052 0.0183667 -0.0128322 -0.016452 0.0356573 -0.0056075 -0.0127954 -0.00995807 0.0193932 -0.0142403 -0.0204991 0.0195282 -0.0177889 -0.021946
internal_weight=4494.96 3901.72 3012.55 593.247 2295.99 2225.81 889.167 120.565 688.742 775.961 1449.85 889.206 718.774 529.275 716.557 472.683 124.596 353.152 560.647 489.988 348.087 332.585 433.557 294.875 170.432 58.2353 84.8424 503.918 355.239 189.498
internal_count=7123 6081 4729 1042 3750 3560 1352 169 1034 1299 2261 1428 1199 892 979 873 195 602 833 675 678 572 560 510 229 96 121 689 439 307
cat_boundaries=0 1 2 3
cat_threshold=48 4928 1028
is_linear=0
shrinkage=0.05


Tree=36
num_leaves=31
num_cat=3
split_feature=70 27 29 29 37 65 29 25 54 54 62 36 67 72 47 53 29 104 52 37 22 44 49 49 57 29 33 59 34 45
split_gain=120.653 89.5792 60.6278 53.9553 39.6648 31.4891 28.0437 23.9634 22.2954 21.3153 20.2114 20.0738 19.7723 18.5486 17.1261 18.4138 17.8641 16.8022 16.5651 16.3258 21.3322 18.1095 15.5495 15.3241 14.9745 14.9474 14.234 16.0221 14.1865 14.1594
threshold=0 5.9350000000000014 35.410000000000004 189.78500000000003 2235.0000000000005 1 176.77000000000001 1110.2850000000001 -22.86735395062135 -28.36387922384553 1.0000000180025095e-35 469.99999999999983 2 187.75000000000003 0.61238420814357308 -14.960730048496371 80.350000000000009 0.20519810772778749 337.97416099773255 565.00000000000011 4844.3877551020423 289.78500000000014 -1.0000000180025095e-35 0.063087526869504015 0.98636760571303739 165.85999999999999 395.00000000000006 0.024544949515437703 515.00000000000011 207.01500000000001
decision_type=9 2 2 2 2 1 2 2 2 2 2 2 9 2 2 2 2 2 2 2 2 2 2 2 2 2 2 2 2 2
left_child=1 6 4 14 8 9 7 17 10 18 -3 23 28 -7 -2 16 -16 -1 -4 20 21 25 -14 -5 26 29 27 -19 -10 -15
right_child=3 2 5 11 -6 13 -8 -9 12 -11 -12 -13 22 19 15 -17 -18 24 -20 -21 -22 -23 -24 -25 -26 -27 -28 -29 -30 -31
leaf_value=-2.8055610794803827 2.7727640654118577 1.5133851821855502 0.31016479396018365 -3.475132374829589 -5.1167818555311246 -0.55287890821887375 -2.9272794607708676 -9.4515908929211001 4.6787951815577626 -0.87127749822299094 0.15051768154271628 1.1365877833588125 -1.847297436784096 0.090131154060364704 -1.048134217530756 2.2793460813475024 2.2846586557240971 -0.08019718385313368 -0.86917677516551783 1.0586101445602096 -2.3529961431125579 3.4660699598734084 0.23178628199362239 -0.1664449695692749 -0.82241566654120701 -0.66547622700999909 0.41559245160000702 -0.89912582119905682 1.5286875376849878 0.60539085281888994
leaf_weight=31.663770139217377 263.95267204940319 243.53649178147316 229.52715554833412 34.825934559106827 29.866918861865997 235.80176346004009 109.12316933274269 42.121056333184242 34.730184033513069 612.27389405667782 87.31582947075367 39.551188662648201 29.905157849192619 401.03304268419743 44.833581820130348 122.80877266824245 26.134700551629066 218.29238718748093 93.653136253356934 308.97712273895741 90.290055617690086 34.781156197190285 198.9502704590559 54.691298499703407 201.02485004067421 221.39389130473137 94.533119946718216 73.408228069543839 126.37744379043579 127.20322267711163
leaf_count=47 479 355 344 57 83 395 174 113 78 959 115 55 52 584 87 219 66 325 126 531 164 95 292 72 308 312 117 100 221 167
internal_value=0.00110505 -0.00211478 0.00166517 0.0220325 0.0140387 -0.00227914 -0.0173845 -0.013508 0.0163782 -0.00934392 0.0259251 -0.00614411 0.00827848 0.00242537 0.0304589 0.0191712 -0.0011044 -0.0110245 0.000944736 0.0049935 0.00150351 0.00415266 -0.00116788 -0.019251 -0.00911157 0.00251622 -0.00335145 -0.00881573 0.0216972 0.00708709
internal_weight=4462.58 3875.78 3105.62 586.798 750.682 2354.93 770.167 661.043 720.815 935.454 330.852 129.068 389.963 1419.48 457.73 193.777 70.9683 618.922 323.18 1183.68 874.701 784.411 228.855 89.5172 587.259 749.63 386.234 291.701 161.108 528.236
internal_count=7092 6057 4873 1035 1196 3677 1184 1010 1113 1429 470 184 643 2248 851 372 153 897 470 1853 1322 1158 344 129 850 1063 542 425 299 751
cat_boundaries=0 1 2 3
cat_threshold=48 5706 4
is_linear=0
shrinkage=0.05


Tree=37
num_leaves=31
num_cat=7
split_feature=70 27 29 37 29 54 65 29 101 15 65 43 97 61 67 19 48 104 95 95 62 45 77 38 26 65 54 31 65 98
split_gain=112.263 86.3995 53.2447 50.3653 54.3795 32.7962 29.6113 29.5969 23.2432 21.5272 21.102 18.2631 18.0427 17.9297 27.2923 17.7174 16.6048 15.976 15.6391 13.9003 14.2875 18.0477 15.0611 12.2391 12.149 12.7696 16.1724 15.4251 12.0889 12.0662
threshold=0 5.9350000000000014 187.19500000000002 2235.0000000000005 81.395000000000024 -22.86735395062135 1 134.79500000000004 0.92993348906235573 0.45000000000000007 2 7.66999999999996 2461.9047619047619 3 4 383.87500000000006 0.92165203251787342 0.67495675926280263 761.50000000000011 289.05500000000006 1.0000000180025095e-35 207.01500000000001 0.79977475810889043 4380.3850000000011 114.45000000000002 5 -28.10565339973385 1095.0000000000002 6 441.49659863945584
decision_type=9 2 2 2 2 2 1 2 2 2 1 2 2 1 9 2 2 2 2 2 2 2 2 2 2 1 2 2 1 2
left_child=1 7 11 4 5 19 8 15 -6 -4 -7 16 -13 18 24 -1 17 -2 -8 -3 21 -21 -22 -12 -15 26 27 -26 -17 -23
right_child=2 3 9 -5 6 10 13 -9 -10 -11 23 12 -14 14 -16 28 -18 -19 -20 20 22 29 -24 -25 25 -27 -28 -29 -30 -31
leaf_value=-1.2573119062629565 1.8742160416273863 1.1427023619943371 -0.99982325391853688 -5.8213274880475723 0.19862592150179736 1.1878567630409891 0.16092195611320312 -2.3409157166141603 3.033261970318573 0.74240981787776694 -0.16043340375638238 -0.43402709326483946 2.4341425938168215 1.185388037498188 -0.8616617326542193 -0.46411083291889316 2.6395306725980947 -0.1102630403764806 -1.2354309157655374 0.76675430472003692 0.6328937080939796 0.23264677452907137 -0.11571060633875591 1.3092493073257097 1.8877832755537711 0.40974929297137241 -1.0480567695402521 -0.54756646316811786 0.15467224317178341 1.9300696868861964
leaf_weight=262.467121347785 51.421351924538612 52.599610149860382 82.120283186435699 75.229370281100273 403.22523288428783 174.30010041594505 79.369667500257492 162.15030010044575 77.302577316761017 43.708637624979019 365.99938629567623 18.008789703249931 37.09535177052021 79.503867357969284 194.34722079336643 166.36609759926796 304.8215244114399 49.90094231069088 300.48939356207848 261.0307293087244 48.00726392865181 35.942673742771149 98.708434119820595 114.07425338029861 40.670452803373337 312.42313088476658 218.25108358263969 46.390134513378143 177.53069630265236 113.77270190417767
leaf_count=402 123 70 121 203 703 293 108 268 175 61 529 28 96 114 253 254 518 90 471 405 69 49 126 208 57 459 330 73 253 151
internal_value=0.00139823 -0.00172154 0.0215732 0.00200354 0.00301137 0.0109138 -0.00269194 -0.0167295 0.00779548 -0.00688886 0.00313863 0.0298054 0.00279457 -0.00666443 -0.00284127 -0.0116554 0.0334702 0.0159347 -0.0158134 0.0192536 0.0169353 0.0217193 0.00354194 -0.00238819 0.0017773 -0.000590488 -0.00772726 0.0102398 -0.0041887 0.0355584
internal_weight=4447.23 3860.15 587.077 3091.64 3016.41 1264.44 1751.97 768.514 480.528 125.829 654.374 461.248 55.1041 1271.44 891.586 606.364 406.144 101.322 379.859 610.061 557.462 410.746 146.716 480.074 697.239 617.735 305.312 87.0606 343.897 149.715
internal_count=7060 6023 1037 4846 4643 1900 2743 1177 878 182 1030 855 124 1865 1286 909 731 213 579 870 800 605 195 737 1033 919 460 130 507 200
cat_boundaries=0 1 2 3 4 5 6 7
cat_threshold=48 305552 19076 4 4 4674 444800
is_linear=0
shrinkage=0.05


Tree=38
num_leaves=31
num_cat=6
split_feature=70 26 29 29 37 59 25 65 13 38 45 37 22 29 65 15 3 49 36 82 65 27 17 42 29 34 28 69 45 43
split_gain=111.365 72.4217 50.1523 43.8167 41.6394 29.2671 29.0742 28.7898 30.9491 23.9023 24.007 22.8352 21.848 22.3182 21.7536 21.472 21.3651 26.7562 21.5365 18.8996 20.1905 20.1275 17.7311 15.3474 18.3802 14.2507 13.8677 13.6573 16.7064 13.5576
threshold=0 60.410000000000004 32.269999999999975 199.81000000000003 2205.0000000000005 0.024740407254489154 1174.3300000000002 1 0.10555555555555557 4654.4450000000006 -336.0899999999998 1215.0000000000002 4005.3174603174607 163.95000000000005 2 0.45000000000000007 3 0.23714635605365006 816.38500000000033 3726.4515000000006 4 175.23500000000004 0.45349125660850831 115.00000000000001 192.88500000000002 495.00000000000006 92.480000000000004 5 248.14000000000001 -76.039999999999978
decision_type=9 2 2 2 2 2 2 1 2 2 2 2 2 2 1 2 9 2 2 2 1 2 2 2 2 2 2 9 2 2
left_child=1 6 4 16 5 27 9 8 -4 10 -1 12 -9 19 -15 29 17 18 -2 -14 -21 -22 -7 -12 25 -25 -16 28 -3 -5
right_child=3 2 7 15 -6 22 -8 11 -10 -11 23 -13 13 14 26 -17 -18 -19 -20 20 21 -23 -24 24 -26 -27 -28 -29 -30 -31
leaf_value=-3.2373697629367726 -0.3917832427332158 -0.15106956831875992 3.0364394394072693 0.084084004860203621 -4.8457176825895942 -0.27768269561662823 -9.0486541913292609 -0.85724408700285992 0.12230070867258576 0.50567234142951378 0.42673670637875177 -6.298443636254877 0.35263387727129825 0.5606531762360627 -0.38699552562208006 0.76486029198103411 2.6072284634122798 1.1740243124107324 4.1348898418874089 -1.3737099391963028 0.50350944866627823 -3.9534588119319825 1.203204060133146 -0.18944778689522579 -1.659018651746498 -2.0003252354105081 -1.392040264892441 4.046255948937608 0.62252472580325602 -2.5424478982106353
leaf_weight=52.229842662811279 66.907739624381065 236.4728227853775 100.43614539504051 32.896110355854034 30.841401070356369 24.732009634375572 62.316574662923813 273.91919502615929 317.10967846214771 83.256446748971939 35.251897305250168 67.689593061804771 424.65448893606663 153.04740422964096 295.97129662334919 45.767550930380821 343.72584171593189 40.308428838849068 23.722672328352928 72.994235575199127 246.34467729926109 47.091280087828636 262.09498825669289 474.90787747502327 77.108639419078827 89.91691292822361 216.2967771589756 110.64803938567638 106.32852691411972 46.262092843651772
leaf_count=98 97 366 210 43 85 35 169 365 564 100 47 168 613 254 406 59 676 46 57 122 369 93 355 674 102 142 308 227 139 74
internal_value=0.00112275 -0.00201004 0.00169092 0.020983 0.0126735 0.015045 -0.0146658 -0.00213152 0.0095631 -0.0121419 -0.015039 -0.00487341 -0.00378602 -0.00134943 -0.00809869 -0.00501395 0.0282672 0.00844799 -0.00598016 0.00432682 -0.00399287 0.00220887 0.0275452 -0.0125198 -0.0142837 -0.0111577 -0.0128977 0.00713806 0.0018 -0.020776
internal_weight=4461.25 3861.66 2986.67 599.59 771.118 740.276 874.988 2215.55 417.546 812.672 729.415 1798.01 1730.32 1456.4 665.315 124.926 474.665 130.939 90.6304 791.085 366.43 293.436 286.827 677.185 641.933 564.825 512.268 453.449 342.801 79.1582
internal_count=7063 6011 4679 1052 1207 1122 1332 3472 774 1163 1063 2698 2530 2165 968 176 876 200 154 1197 584 462 390 965 918 816 714 732 505 117
cat_boundaries=0 1 2 3 4 5 6
cat_threshold=48 272528 54016 1028 17920 65
is_linear=0
shrinkage=0.05


Tree=39
num_leaves=31
num_cat=5
split_feature=70 26 37 29 29 69 6 31 25 2 19 29 37 44 33 22 104 15 37 25 104 99 2 62 65 22 25 74 58 52
split_gain=94.5442 64.8162 46.8758 46.5193 44.2193 28.7889 33.6338 30.9511 28.7758 25.6475 24.2651 32.7469 21.566 21.1771 28.5701 20.2144 19.7036 19.3117 18.4643 17.5948 17.4157 17.2491 16.2668 16.1754 15.6913 14.9029 25.9 14.826 14.776 14.4317
threshold=0 60.410000000000004 2235.0000000000005 32.269999999999975 199.81000000000003 1 6.5000000000000009 535.00000000000011 1174.3300000000002 2 346.44333333333338 139.31000000000003 595.00000000000011 32.130000000000017 715.00000000000011 5885.2947845805002 0.32729171363661164 0.58333333333333337 1555.0000000000002 624.17000000000019 0.99876049929351773 49.146802721088427 3 1.0000000180025095e-35 4 5144.5918367346949 576.63000000000011 375.78000000000003 0.036869207775008302 189.30861678004536
decision_type=9 2 2 2 2 9 2 2 2 9 2 2 2 2 2 2 2 2 2 2 2 2 9 2 1 2 2 2 2 2
left_child=1 8 3 19 9 6 24 -8 16 18 -7 15 -9 -11 -15 21 -1 29 -2 20 23 -12 28 27 -5 26 -18 -3 -21 -6
right_child=4 2 -4 5 17 10 7 12 -10 13 11 -13 -14 14 -16 -17 25 -19 -20 22 -22 -23 -24 -25 -26 -27 -28 -29 -30 -31
leaf_value=-1.7650687806613463 2.5946006816608489 0.74532534396371808 -5.3101286682837756 -0.30714310562334646 -2.9653254859613587 -0.9534825621069033 4.5564729458823185 -0.74884775629425115 -8.4701955745088764 1.4995556160700616 0.12676061628723212 -0.58529246270033863 1.4518992746689463 -0.53678179221398359 3.3407347799157083 2.1684436500462492 -0.13207486592125478 0.99593147684797323 1.5951291306293116 0.15135630593073587 -0.050683916516021554 -1.0289573454144374 2.0410370573697079 0.2698362200247672 3.5330866399915566 0.18128735732217471 -1.8045385264018603 1.9800920173283219 -2.3807828308370249 -0.13423721593491195
leaf_weight=101.17044773697853 245.61975878477097 135.912523239851 71.219937935471535 50.040547445416451 36.883428946137428 226.26021352410316 35.820491567254066 391.08886702358723 59.482036843895912 56.133226245641708 469.68226689100266 574.89591500163078 108.47072003781796 67.156538084149361 37.897610411047935 74.904741406440735 398.14286775887012 37.357385113835335 51.357625871896744 98.428546771407127 74.536831974983215 109.67007653415203 186.10127994418144 105.45209872722626 143.33279126882553 147.12377291917801 169.4674835652113 87.067505478858948 51.22096411883831 53.94804023206234
leaf_count=155 460 199 191 92 60 341 73 716 162 88 597 730 203 91 82 116 573 49 132 141 95 184 327 139 327 175 267 118 108 71
internal_value=0.000936576 -0.00191686 0.00157725 0.00255382 0.0194678 -0.00111459 0.00694496 0.000584687 -0.0138897 0.0270627 -0.00516241 -0.00242795 -0.00263452 0.00881075 -0.00389036 0.00522225 -0.011442 -0.00615887 0.0354778 0.0134002 0.0204438 0.00206208 0.00494642 0.0253956 0.0249134 -0.0085187 -0.0121945 0.0330264 -0.00724838 -0.0186048
internal_weight=4455.85 3869.49 2994.11 2922.89 586.354 2184.17 728.753 535.38 875.387 458.165 1455.41 1229.15 499.56 161.187 105.054 654.257 815.905 128.189 296.977 738.72 402.969 579.352 335.751 328.432 193.373 714.734 567.61 222.98 149.65 90.8315
internal_count=7062 6029 4697 4506 1033 3379 1411 992 1332 853 1968 1627 919 261 173 897 1170 180 592 1127 551 781 576 456 419 1015 840 317 249 131
cat_boundaries=0 1 2 3 4 5
cat_threshold=48 36 52 68 99596
is_linear=0
shrinkage=0.05


Tree=40
num_leaves=31
num_cat=2
split_feature=70 27 37 29 37 29 39 54 32 3 18 73 42 55 36 5 32 36 5 17 89 96 36 31 59 53 98 4 24 22
split_gain=95.3567 66.1124 45.0271 52.1347 39.7432 37.305 32.0508 29.4163 26.48 26.4564 30.6906 25.7131 25.4106 27.1296 22.2194 21.0636 53.5222 18.8361 17.6569 15.794 14.7655 14.7288 14.0973 14.6754 13.4141 15.3524 13.2496 17.3783 13.1053 14.3426
threshold=0 6.4900000000000011 2125.0000000000005 35.410000000000004 585.00000000000011 189.78500000000003 3960.0000000000009 -22.951667919387649 855.00000000000011 1 0.77898474050639666 103.49000000000001 875.00000000000011 0.13003220611916264 469.99999999999983 0.30952380952380959 1785.0000000000002 295.00000000000006 0.6515151515151516 0.35868777215372005 0.73765182186234834 2137.6417233560096 380.00000000000028 1295.0000000000002 0.020941030397813653 -20.791159210443119 2486.848072562359 3.5000000000000004 165.14500000000001 3942.4036281179146
decision_type=9 2 2 2 2 2 2 2 2 9 2 2 2 2 2 2 2 2 2 2 2 2 2 2 2 2 2 2 2 2
left_child=1 12 3 7 8 9 -6 -3 11 10 -2 -5 13 24 -7 20 17 -17 26 -8 -10 -20 -9 -24 25 -1 27 -18 -27 -30
right_child=5 2 -4 4 6 14 19 22 15 -11 -12 -13 -14 -15 -16 16 18 -19 21 -21 -22 -23 23 -25 -26 28 -28 -29 29 -31
leaf_value=0.33573092339916499 -1.2558732447280101 1.0598200771263777 -5.0030986902436529 -0.0021729947478384306 -0.08965393017885788 -0.80003175738080046 -0.9488933756985688 0.04974062334513718 -1.3173779718281304 2.3594180207732536 0.91251102784770388 2.9562201467773406 -7.9081320734031921 -2.8701478667187241 1.0566565462464172 0.84115159796652361 -7.4139862746124976 3.5382486868055327 6.6270567807814817 1.6129436762184506 -0.33838112620595906 -0.69056158603001594 3.9846454602171093 -0.33356495607210085 -0.53293693760797967 0.21122003734696324 -7.8721079655298247 0.29499286782018502 -2.3268986752746601 -0.30748479489744629
leaf_weight=89.288053333759308 35.380036279559135 304.89969958364964 79.730595931410789 598.59484907984734 259.23645430803299 89.245367988944054 27.925486236810684 301.59045219421387 296.46484814584255 329.77075907588005 90.170661136507988 62.835320636630058 55.236744612455368 85.05971696972847 36.407000884413719 44.044795721769333 36.294864326715469 67.668494641780853 21.78230082988739 267.05779364705086 395.98050597310066 105.21635304391384 47.878710687160492 26.520645782351494 230.9402722120285 71.970002129673958 51.878906428813934 48.430226191878319 33.467086642980576 254.0394534021616
leaf_count=119 50 432 212 761 427 127 45 482 449 653 144 112 151 133 51 88 73 165 52 450 507 174 78 60 327 92 126 80 50 375
internal_value=0.000945541 -0.00191269 0.00147685 0.00247416 -0.00114675 0.0196502 0.010505 0.0146172 -0.00488122 0.0266443 0.00501665 0.00298023 -0.0145187 -0.0121533 -0.00413001 -0.00975104 -0.000212249 0.028792 -0.0125041 0.0217769 -0.0149212 0.000916919 0.00525844 0.0247512 -0.00882183 -0.00378298 -0.0249813 -0.0127963 -0.00839201 -0.0131685
internal_weight=4445.01 3864.03 3044.03 2964.3 2283.41 580.974 554.22 680.89 1729.19 455.321 125.551 661.43 820.001 764.765 125.652 1067.76 375.316 111.713 263.603 294.983 692.445 126.999 375.99 74.3994 679.705 448.765 136.604 84.7251 359.477 287.507
internal_count=7045 6020 4773 4561 3509 1025 922 1052 2587 847 194 873 1247 1096 178 1714 758 253 505 495 956 226 620 138 963 636 279 153 517 425
cat_boundaries=0 1 2
cat_threshold=48 1028
is_linear=0
shrinkage=0.05


Tree=41
num_leaves=31
num_cat=3
split_feature=72 77 65 56 29 23 65 77 23 55 5 31 5 35 36 58 22 37 2 37 18 104 18 75 37 34 19 29 44 47
split_gain=81.0223 66.9132 42.837 34.403 34.2352 31.7139 27.187 25.3722 23.3871 20.7761 18.5675 34.6839 18.8333 21.5859 17.6093 17.6109 16.8538 16.8056 20.2022 16.4092 15.8589 15.8049 14.261 14.0686 24.1886 32.9862 18.6053 21.4273 13.0023 12.9428
threshold=109.75500000000001 0.99116942672826125 0 0.77656515977635232 35.410000000000004 483.06500000000005 1 0.79772402254336527 808.2700000000001 0.14073503521126762 0.30952380952380959 1295.0000000000002 0.4494949494949495 2665.0000000000005 295.00000000000006 0.10788205273603627 3942.4036281179146 2235.0000000000005 2 1215.0000000000002 0.77121905738961005 0.90753712172467627 0.73869466169189935 430.54500000000007 605.00000000000011 655.00000000000011 377.14285714285717 164.93500000000003 178.84500000000006 0.59844959916122875
decision_type=2 2 1 2 2 2 1 2 2 2 2 2 2 2 2 2 2 2 9 2 2 2 2 2 2 2 2 2 2 2
left_child=2 4 29 -4 5 14 19 20 9 -3 16 -12 -13 -14 15 22 -8 18 -7 23 -5 -18 -2 26 25 -25 -6 -28 -15 -1
right_child=1 8 3 7 6 17 10 -9 -10 -11 11 12 13 28 -16 -17 21 -19 -20 -21 -22 -23 -24 24 -26 -27 27 -29 -30 -31
leaf_value=1.9927200223770158 -0.31813444909581623 -0.39959755832488497 2.4738540040785568 -0.15260058638665816 -0.73952812786521249 -0.54057012686436767 -0.7494724530031569 -0.3909805423782402 -7.2568655085634255 -2.8371992844920819 2.6181164090065296 -6.1734641188899815 5.4543816131427834 0.3226901343390573 1.1950274733044168 1.7491100937977366 -0.17326300451700974 -3.9395681440141121 1.9176690200651962 -4.7437291618567219 2.2414471197345907 0.42666446163625305 0.28990674464469496 2.2508018158392677 1.9759255259323094 -1.3964875873291938 0.088633301405580067 -0.66368215300879041 -5.4746476207528563 1.8080136817334389
leaf_weight=162.22782257199287 48.374687731266022 429.7638363391161 43.717516452074051 37.746155455708504 237.48990924656391 166.62767703831196 108.72614689171314 178.58339048922062 59.657283365726471 40.325774073600769 92.033371046185493 40.41178959608078 66.704989552497864 69.689463064074516 197.87776282429695 32.932094275951385 405.68591330945492 26.054032176733017 171.06991599500179 50.036879375576973 52.870108291506767 286.49704895913601 207.79128536581993 56.361050307750702 100.5203582495451 254.57063663005829 379.31078730523586 298.22680833935738 27.322569698095322 120.94815863668919
leaf_count=322 59 656 60 68 340 271 138 272 162 68 229 79 141 122 270 48 573 69 301 121 114 375 282 89 183 481 509 371 61 237
internal_value=0.000882372 -0.0017709 0.0180372 0.00452524 0.000859059 0.0095112 -0.00211662 -0.00201118 -0.0182747 -0.0145322 0.00374687 0.0144779 0.00298867 0.0105342 0.0178547 0.00998852 -0.000174492 -0.00165874 0.00132643 -0.00676783 0.0195379 0.00270015 0.00556379 -0.00575672 0.00192224 -0.00497079 -0.00920964 -0.00498853 -0.00452062 0.0316895
internal_weight=4450.16 3854.06 596.093 312.917 3324.32 850.727 2473.59 269.2 529.747 470.09 1097.07 296.162 204.129 163.717 486.976 289.098 800.909 363.752 337.698 1376.52 90.6163 692.183 256.166 1326.48 411.452 310.932 915.028 677.538 97.012 283.176
internal_count=7071 5998 1073 514 5112 1300 3812 454 886 724 1718 632 403 324 659 389 1086 641 572 2094 182 948 341 1973 753 570 1220 880 183 559
cat_boundaries=0 1 2 3
cat_threshold=492101 137038 68
is_linear=0
shrinkage=0.05


Tree=42
num_leaves=31
num_cat=5
split_feature=70 77 29 34 69 29 31 34 2 96 22 43 25 36 91 29 72 5 52 44 65 7 65 18 22 43 5 25 38 47
split_gain=91.8712 59.9228 46.3003 37.7523 36.0769 42.3844 38.4018 30.5763 28.3253 27.8966 30.2698 26.9878 24.4703 28.9089 29.4084 24.2723 22.775 21.0334 20.7971 16.1956 15.8018 15.4304 14.9515 14.8984 17.2849 14.5289 14.2771 22.3143 17.1691 14.1175
threshold=0 0.96656544557604329 200.41000000000005 2785.0000000000005 1 81.395000000000024 535.00000000000011 805.00000000000011 2 1339.4557823129255 6158.0045351473937 1.0000000180025095e-35 282.52500000000003 325.00000000000006 0.030776515151515155 191.50500000000002 274.9500000000001 0.76388888888888895 153.92628117913839 59.615000000000016 3 1.5000000000000002 4 0.50889489524400022 4534.3083900226766 -192.37499999999991 0.72077922077922085 2562.2850000000003 4485.0000000000009 0.5106327086959398
decision_type=9 2 2 2 9 2 2 2 9 2 2 2 2 2 2 2 2 2 2 2 1 2 1 2 2 2 2 2 2 2
left_child=1 3 8 4 6 12 -1 15 -2 10 19 29 -6 14 22 -3 26 -5 -4 23 -18 -15 -14 -7 -25 -19 27 28 -8 -10
right_child=2 7 18 17 5 9 16 -9 11 -11 -12 -13 13 21 -16 -17 20 25 -20 -21 -22 -23 -24 24 -26 -27 -28 -29 -30 -31
leaf_value=3.4232583144399769 2.1339265644456105 -0.34165711905086482 -2.058942901655501 -6.0740159360145061 0.87041814972133269 -1.3430152196476586 -0.088348263229206664 -7.414461823939023 1.2265864782012004 -8.5330590476510828 2.2188245761973575 -0.37143151525932866 0.074972503561676271 0.40176408928765572 1.0117274536247975 -2.602766577506237 0.52711257463049466 1.301353940229963 0.19811930083960663 -1.966885936196195 3.2618748620953806 1.3856740240717977 -0.31886545394957438 -0.38649410515996457 0.10911839698957167 -5.1257412601307841 5.5745704694538034 -4.5065427037638859 2.2504599058294184 0.45703021389707743
leaf_weight=104.95785707235336 313.07961848378181 432.72219510376453 42.416912421584129 111.06751491129398 66.012298911809921 30.913798898458481 271.78979240357876 62.538045093417168 61.626210078597069 45.412137255072594 47.530205339193344 38.47493702173233 353.42809452116489 248.29014298319817 68.047431439161301 68.355641037225723 105.72939842939377 27.548954844474792 83.703389108181 51.180327728390694 137.08603049814701 84.061871588230133 323.89963760972023 649.05378620326519 335.59238417446613 29.838845148682594 36.533196195960045 64.538048028945923 86.877816334366798 64.775739043951035
leaf_count=204 614 661 68 275 88 41 482 167 94 122 65 64 477 356 90 101 208 34 110 87 302 104 439 819 436 68 72 128 175 108
internal_value=0.00181175 -0.00105936 0.0197674 0.00152625 0.00277462 -0.000436372 0.0117933 -0.0161225 0.0272054 -0.00717393 -0.00560838 0.00835213 0.00639129 0.00458127 -0.000886916 -0.0120082 0.00772492 -0.0215279 -0.00685276 -0.00734793 0.0201122 0.0168449 -0.00403484 -0.00596488 -0.00489182 0.00305125 0.00118245 -0.00140637 0.00346384 0.0200193
internal_weight=4447.08 3843.01 604.077 3279.39 3110.93 2303.42 807.512 563.616 477.957 1159.68 1114.27 164.877 1143.74 1077.73 745.375 501.078 702.554 168.455 126.12 1066.74 242.815 332.352 677.328 1015.56 984.646 57.3878 459.739 423.206 358.668 126.402
internal_count=7059 6001 1058 5072 4695 3124 1571 929 880 1570 1448 266 1554 1466 1006 762 1367 377 178 1383 510 460 916 1296 1255 102 857 785 657 202
cat_boundaries=0 1 2 3 4 5
cat_threshold=48 36 52 426254 248588
is_linear=0
shrinkage=0.05


Tree=43
num_leaves=31
num_cat=4
split_feature=70 27 29 37 29 37 3 39 88 54 31 69 37 39 5 31 31 46 18 43 23 96 48 36 28 57 71 65 101 89
split_gain=78.5041 63.5881 48.836 39.5242 42.4457 35.188 27.489 26.0587 24.7967 24.1681 23.6426 20.8466 19.88 19.2241 23.7339 40.397 21.5416 18.5574 18.3974 18.3957 17.6441 17.4411 15.3161 14.3476 14.3074 15.3284 13.4221 13.2099 13.0664 13.4747
threshold=0 5.9350000000000014 200.41000000000005 2225.0000000000005 69.299999999999997 555.00000000000011 1 4100.5550000000012 0.12588028169014087 -22.188523510088917 895.00000000000011 2 1555.0000000000002 4462.0400000000009 0.30952380952380959 1115.0000000000002 905.00000000000011 0.83637417471454001 0.59213885711059977 1.0000000180025095e-35 1349.5650000000003 1324.4897959183675 0.95354760942072125 469.99999999999983 217.28500000000003 0.98636760571303739 42.000000000000007 3 0.44542031682156352 0.73765182186234834
decision_type=9 2 2 2 2 2 9 2 2 2 2 9 2 2 2 2 2 2 2 2 2 2 2 2 2 2 2 1 2 2
left_child=1 8 6 4 9 13 19 11 10 17 24 20 -8 14 16 -16 26 -3 -13 22 -7 -20 -2 -4 25 -1 28 -11 -6 -30
right_child=2 3 23 -5 5 7 12 -9 -10 27 -12 18 -14 -15 15 -17 -18 -19 21 -21 -22 -23 -24 -25 -26 -27 -28 -29 29 -31
leaf_value=-0.051892762170084698 -0.13050200746831564 0.93451262038661875 -0.860336818640413 -4.2328471806970214 0.52849512334216264 3.5100174315997039 2.1590701089852331 1.5906388367277899 -2.629756403279778 -0.13082656766669629 -6.7791591031079097 -2.00270273235278 1.139818811296712 -5.6614370179369873 3.0216987892918752 -0.35312288254244345 -9.7441641988754704 0.22488162543427423 0.10366247714009305 -0.37340243536474349 0.19715319010105248 -7.9830278251746254 1.0011913386654285 0.55481012806627583 -1.847629703060492 -0.62035280644711688 2.6190126153782369 0.59422027940262934 -0.64553113600986656 -0.2083211967066575
leaf_weight=406.1707718372345 50.791856378316879 344.8153250515461 84.549521654844284 76.012435138225555 83.05963933467865 40.071078762412071 247.07788328826427 185.07908718287945 92.290897473692894 324.73788438737392 44.725729197263718 38.276289641857147 54.83545009791851 94.331146955490112 67.852021709084511 173.73641890287399 44.497333392500877 292.02201296389103 180.51716083288193 34.95237785577774 75.402332544326782 27.860712230205536 78.219016760587692 35.63054758310318 34.993680596351624 204.79570350050926 40.215581715106964 258.92593365907669 301.75467097759247 448.40997630357742
leaf_count=555 80 504 122 201 109 98 467 313 153 489 125 58 139 208 172 307 87 407 236 61 144 68 117 47 66 299 76 429 398 555
internal_value=0.000603073 -0.00198844 0.0174981 0.00122435 0.00212016 -0.00275822 0.0251274 0.00782094 -0.0147241 0.00931906 -0.0114715 2.05117e-05 0.0337256 -0.00737516 -0.0056093 0.00833456 -0.00927913 0.0160549 -0.0081461 0.0068223 0.0167219 -0.00262385 0.0159556 -0.0106211 -0.00903735 -0.00725647 -0.0075503 0.0019696 -0.008912 -0.0109954
internal_weight=4466.61 3880.55 586.057 3097.58 3021.56 1801.06 465.877 547.207 782.977 1220.5 690.686 362.128 301.913 1253.86 1159.53 241.588 917.937 636.837 246.654 163.963 115.473 208.378 129.011 120.18 645.96 610.966 873.44 583.664 833.224 750.165
internal_count=7090 6057 1033 4859 4658 2829 864 917 1198 1829 1045 604 606 1912 1704 479 1225 911 362 258 242 304 197 169 920 854 1138 918 1062 953
cat_boundaries=0 1 2 3 4
cat_threshold=48 1030 32 472130
is_linear=0
shrinkage=0.05


Tree=44
num_leaves=31
num_cat=5
split_feature=70 26 34 69 5 29 29 25 19 3 60 82 104 43 10 38 30 52 38 43 72 23 19 71 47 54 65 28 18 53
split_gain=85.9697 61.4278 41.4349 58.8984 50.5645 46.2182 38.9693 30.0553 23.3173 22.8471 22.7972 22.748 21.0939 19.0838 18.8643 18.3912 17.344 17.1782 17.1128 17.0575 16.0042 15.8892 15.4884 15.4596 14.9616 14.8995 13.7379 13.2489 13.0825 17.1915
threshold=0 63.425000000000004 1465.0000000000002 1 0.56696428571428581 81.395000000000024 199.81000000000003 1174.3300000000002 380.00000000000028 2 3 1161.7645000000002 0.32729171363661164 1.0000000180025095e-35 7.5000000000000009 4545.0000000000009 0.088049873914261667 153.92628117913839 5895.0000000000009 -66.054999999999978 256.78500000000003 187.25000000000003 306.66666666666669 305.44000000000005 0.8378543393348824 -32.436422173615888 4 211.18500000000003 0.55937604540990871 -25.700813353697654
decision_type=9 2 2 9 2 2 2 2 2 9 1 2 2 2 2 2 2 2 2 2 2 2 2 2 2 2 1 2 2 2
left_child=1 7 3 20 14 8 9 12 19 13 16 -6 -1 -2 25 27 -10 -8 28 -5 -3 -18 -11 26 -23 -4 -13 -14 -7 -30
right_child=6 2 4 5 11 18 17 -9 10 22 -12 23 15 -15 -16 -17 21 -19 -20 -21 -22 24 -24 -25 -26 -27 -28 -29 29 -31
leaf_value=-1.4798717404389039 0.84959194329110099 3.0728257929765137 -0.36213445727987303 -0.29277218473920252 -5.0780456004347974 -1.7789406379806103 -1.9129789156407051 -6.9122509125780827 -0.018924882919121446 1.9494373736065456 -0.065035022389277233 -0.44630902969509911 -0.19396801641197606 -0.51934067731144895 3.435663355190492 0.60148961262412826 0.42305613405135034 0.23123017672964696 1.7968807740853308 0.4191634799597081 3.3345165600197193 1.5274157049519759 1.9433209309048352 -3.8280877280614662 0.32237091952095442 -6.3983886800765264 2.4628287175152455 -2.0209897544302833 0.91451163762799159 -0.28466237330467231
leaf_weight=108.69886419177055 117.61011046171188 122.96332402527332 49.294864505529404 195.62199634313583 26.030861139297485 34.548697680234909 41.869242176413536 62.184737980365753 94.176932543516159 62.945949047803879 123.77636641263962 83.983984261751175 599.91166287660599 33.302336364984512 27.271893799304962 81.671962112188339 245.45477566123009 81.337138742208481 60.186634927988052 116.24509160220623 112.36379665136337 196.31469905376434 241.63353179395199 48.462054908275604 52.000195562839508 195.40212258696556 188.06096681952477 59.315755516290665 49.372753024101257 995.86557592451572
leaf_count=165 194 266 86 263 78 45 67 168 116 152 195 148 847 58 54 99 313 106 83 173 283 264 451 105 72 457 353 104 71 1307
internal_value=0.00091511 -0.00175245 0.00167971 0.00465482 -0.00985934 0.00199132 0.0187336 -0.0131298 0.00971268 0.0258054 0.0147081 0.00280565 -0.0106739 0.00777026 -0.0259969 -0.00765619 0.0186319 -0.00589034 -0.00492428 -0.00168763 0.0278737 0.0226993 0.03339 0.00645649 0.0316168 -0.030393 0.0110913 -0.010429 -0.0063706 -0.00537001
internal_weight=4507.88 3929.18 3017.4 2398.89 618.507 2163.56 578.698 911.783 1023.59 455.492 711.723 346.538 849.598 150.912 271.969 740.899 587.947 123.206 1139.97 311.867 235.327 493.77 304.579 320.507 248.315 244.697 272.045 659.227 1079.79 1045.24
internal_count=7143 6115 4732 3451 1281 2902 1028 1383 1396 855 960 684 1215 252 597 1050 765 173 1506 436 549 649 603 606 336 543 501 951 1423 1378
cat_boundaries=0 1 2 3 4 5
cat_threshold=48 32 1030 10 393540
is_linear=0
shrinkage=0.05


Tree=45
num_leaves=31
num_cat=4
split_feature=70 27 37 29 29 29 37 74 31 2 82 71 67 39 65 15 42 19 42 43 36 35 55 58 19 25 44 57 23 18
split_gain=83.7866 53.0362 44.981 38.1871 30.2632 27.9617 25.669 28.0588 24.7238 23.3271 22.9783 25.8505 20.5579 21.5413 23.4024 20.5215 19.8291 18.85 17.1547 17.1367 17.0613 18.6519 17.0136 16.6493 15.9553 15.3675 15.0505 14.9882 13.9702 13.5619
threshold=0 5.9350000000000014 2125.0000000000005 177.285 172.23500000000004 35.410000000000004 575.00000000000011 845.55500000000006 895.00000000000011 1 3967.9630000000002 42.000000000000007 2 4310.5800000000008 3 0.58333333333333337 815.00000000000011 306.66666666666669 115.00000000000001 1.0000000180025095e-35 295.00000000000006 595.00000000000011 0.19326542161856253 0.022118673356927604 346.44333333333338 975.58500000000015 87.029999999999987 0.98636760571303739 1349.5650000000003 0.83069079622409203
decision_type=9 2 2 2 2 2 2 2 2 9 2 2 9 2 1 2 2 2 2 2 2 2 2 2 2 2 2 2 2 2
left_child=1 4 5 9 8 20 7 26 22 19 11 24 13 14 16 -5 -9 -11 -14 -2 21 -3 27 -23 -8 -26 -7 -1 -13 -27
right_child=3 2 -4 15 -6 6 10 12 -10 17 -12 28 18 -15 -16 -17 -18 -19 -20 -21 -22 23 -24 -25 25 29 -28 -29 -30 -31
leaf_value=0.018458817386171233 0.76647145759203861 0.41024194170036737 -3.9062858342156148 -0.86622444862736447 -2.3960400235004755 0.038554300416424783 -1.5247720494122046 2.5092451655091423 -6.6526001609174648 1.5809623189062962 1.948161634697658 3.0239216163029372 0.74872928492703084 -3.8401667983296779 -0.40441442467171085 0.8721065343803478 0.24697937832762451 1.8420118456098393 -1.2665483630085295 -0.30822278386255281 1.0755032417973396 0.55941321463896665 -2.4727750571290006 -1.661910324934996 1.1527380859882563 0.0072294183094911094 2.7169161115269449 -0.57963676530416219 0.45512149406707803 -1.3900772470635112
leaf_weight=389.31117261946201 117.52021595835686 250.75281420350075 85.200267389416695 92.917198866605759 116.22491116821766 663.81690415740013 67.768221527338028 50.296636804938316 35.241924837231636 62.698535814881325 129.65136142075062 66.495415672659874 25.595848470926285 130.7442491799593 502.28820200264454 41.189837992191315 121.56880259513855 237.29857866466045 187.42152874171734 38.2613784968853 327.9816427230835 58.206388607621193 30.659252822399139 95.40130577981472 35.723240807652473 140.12320679426193 32.878735914826393 213.01124942302704 104.93893738090992 30.754171803593636
leaf_count=539 191 352 226 138 187 858 106 119 99 152 222 150 34 261 723 60 219 436 287 65 506 94 49 175 47 184 59 322 198 49
internal_value=0.000964498 -0.00171442 0.00121366 0.0183578 -0.0133359 0.00222365 -0.000495976 -0.00356269 -0.00924016 0.0255697 0.00864153 0.00325337 -0.0088543 -0.00519885 -0.00159665 -0.00478384 0.0138642 0.0334184 -0.0226666 0.00780854 0.010728 0.00385482 -0.00697082 -0.00986547 -0.00626394 0.00064168 0.00416868 -0.00512138 0.0184852 -0.00559335
internal_weight=4481.94 3892.06 3107.61 589.886 784.449 3022.41 2290.07 1714.61 668.224 455.779 575.455 445.803 1017.92 804.898 674.154 134.107 171.865 299.997 213.017 155.782 732.342 404.361 632.982 153.608 274.369 206.601 696.696 602.322 171.434 170.877
internal_count=7107 6065 4869 1042 1196 4643 3516 2560 1009 844 956 734 1643 1322 1061 198 338 588 321 256 1127 621 910 269 386 280 917 861 348 233
cat_boundaries=0 1 2 3 4
cat_threshold=48 66 4 419864
is_linear=0
shrinkage=0.05


Tree=46
num_leaves=31
num_cat=3
split_feature=70 26 94 5 5 65 34 29 34 56 26 57 101 10 22 18 104 71 65 28 42 47 79 28 52 38 29 101 29 45
split_gain=82.1045 44.2072 40.8826 57.6457 48.485 35.8715 30.7323 28.4237 21.8713 19.6562 22.4524 19.1898 19.0687 18.7793 18.3586 17.889 17.8625 17.3773 20.0521 17.0522 15.3919 14.6189 22.3953 14.5948 14.5431 14.4201 14.7681 14.2069 14.095 13.5639
threshold=0 60.410000000000004 1376.3190362811795 0.30952380952380959 0.56696428571428581 1 945.00000000000011 101.41500000000001 2775.0000000000005 0.76122172889025796 145.00500000000002 0.94561973383656761 0.6173657526099624 7.5000000000000009 4534.3083900226766 0.55937604540990871 0.14485724643554487 58.440000000000005 2 217.28500000000003 545.00000000000011 0.58693484692863529 1.0000000180025095e-35 98.38000000000001 164.62403628117934 4654.4450000000006 215.60500000000005 0.92073960211595274 58.170000000000009 230.09500000000006
decision_type=9 2 2 2 2 1 2 2 2 2 2 2 2 2 2 2 2 2 1 2 2 2 2 2 2 2 2 2 2 2
left_child=1 6 3 7 13 21 16 12 -6 -7 27 -5 24 -4 -9 -16 -1 18 -14 25 -19 -2 -23 -17 -3 26 -18 -11 -26 -20
right_child=5 2 4 11 8 9 -8 14 -10 10 -12 -13 17 -15 15 23 19 20 29 -21 -22 22 -24 -25 28 -27 -28 -29 -30 -31
leaf_value=-2.122733926749627 1.7089264061754932 0.79117837487082598 -5.7481023884062337 0.23791469970133436 1.4104494539078738 2.155398698564349 -6.3199701528715906 -0.38419370343812531 -1.989450438378058 -0.13997852368612876 1.056011578695373 3.0502682342429157 0.2946499294347113 3.2841009086645538 -2.0451663527509836 0.48536283082001808 -0.14626970983534804 3.3303014316913804 -0.38807394816733798 -2.1983729951140165 0.53657433815992872 1.8308701261771774 -0.14105677420475901 -0.825912701552592 -0.19212828124231082 0.52152554214711611 -3.3239949188839875 -2.6119680155931535 0.55543856709086514 0.14670474258553412
leaf_weight=36.561207354068756 184.99405960738659 204.5293004065752 230.16768622398376 42.809610769152641 210.41276568174362 41.836223930120468 55.52217224240303 685.43905021250248 138.52010507881641 111.44267791509628 82.281877160072327 155.46576234698296 263.28909152746201 26.844425916671753 24.190016895532608 350.45164869725704 626.25644014775753 34.801442265510559 249.25501412153244 46.367264926433563 45.237656742334366 85.082261323928833 51.542771950364113 76.965730533003807 94.087578564882278 80.222013980150223 31.933557689189911 38.733248636126518 74.927282243967056 117.50079762935638
leaf_count=53 355 277 519 71 402 57 158 895 288 150 173 392 341 52 37 494 897 75 347 88 83 183 75 113 123 97 45 60 99 150
internal_value=0.0012661 -0.00139258 0.00146933 0.00437863 -0.0101446 0.0183887 -0.0112811 0.00207224 0.0019938 0.00457521 -0.000936249 0.03021 0.00786675 -0.0266244 -0.00345004 0.00437712 -0.00884739 0.00305606 0.000268194 -0.00725586 0.0250014 0.0296763 0.0181948 0.00674454 0.0170116 -0.00540896 -0.00784832 -0.0124385 0.00615873 -0.00721944
internal_weight=4497.67 3901.76 3024.89 2418.95 605.945 595.913 876.863 2220.67 348.933 274.294 232.458 198.275 1083.63 257.012 1137.05 451.607 821.34 710.084 630.045 784.779 80.0391 321.619 136.625 427.417 373.544 738.412 658.19 150.176 169.015 366.756
internal_count=7149 6096 4758 3497 1261 1053 1338 3034 690 440 383 463 1495 571 1539 644 1180 996 838 1127 158 613 258 607 499 1039 942 210 222 497
cat_boundaries=0 1 2 3
cat_threshold=48 496197 82828
is_linear=0
shrinkage=0.05


Tree=47
num_leaves=31
num_cat=6
split_feature=70 27 37 29 2 55 29 101 31 28 19 44 65 33 65 79 37 5 6 96 67 19 58 65 57 19 22 96 96 13
split_gain=82.1777 56.0256 47.7648 34.7821 28.4822 28.1876 27.7592 25.2279 23.236 21.9038 27.4824 21.5604 19.3983 18.3556 17.7373 16.303 16.2237 15.8098 25.6676 20.8323 15.1562 14.5247 14.4776 13.7256 13.3104 12.8114 12.6975 12.552 12.4969 18.1445
threshold=0 5.9350000000000014 2125.0000000000005 177.285 1 0.14194139194139191 169.09000000000003 0.38740742502105541 895.00000000000011 105.21000000000002 380.00000000000028 32.130000000000017 2 915.00000000000011 3 1.0000000180025095e-35 1555.0000000000002 0.19375000000000003 6.5000000000000009 511.33786848072572 4 759.00000000000011 0.036869207775008302 5 0.98636760571303739 338.00000000000006 4555.4988662131536 197.05215419501135 1698.639455782313 0.13392857142857142
decision_type=9 2 2 2 9 2 2 2 2 2 2 2 1 2 1 2 2 2 2 2 9 2 2 1 2 2 2 2 2 2
left_child=1 5 6 4 16 8 7 -3 24 10 17 -6 -8 -13 21 -5 -2 19 -19 -9 28 -12 25 -11 -1 -21 -26 -16 -14 -30
right_child=3 2 -4 15 11 -7 12 9 -10 23 14 13 20 -15 27 -17 -18 18 -20 22 -22 -23 -24 -25 26 -27 -28 -29 29 -31
leaf_value=-0.090083730901320547 1.8581374822515713 1.2846967686066444 -3.532703378910472 0.30673066930781517 1.1302409139869867 -2.3247276622169126 -0.7227994901723851 0.23595485244081404 -5.352198016400374 0.50098498036893779 0.1174173061996195 -0.28581271848511847 1.174385748422349 3.2177282305463706 0.084122750170592661 -1.5814216600558915 1.0228074875948849 3.7064139164415693 -0.2118114584548792 -0.67984640313909073 -0.52449263914873345 0.911462041479841 -2.1554513816558574 -0.35241616185733166 -1.1260746350230966 0.2294314791747965 0.04080535100730201 0.88082075602936249 0.82342685045404851 -6.6011135184756258
leaf_weight=425.8328502625227 236.89947113394737 130.18119175732136 79.516219913959503 88.825396955013275 56.090795636177063 83.946664363145828 457.52196091413498 128.73659983277321 42.444823235273361 83.850577771663666 592.40162681043148 73.655931040644646 148.07517698407173 33.850671127438545 80.653130710124969 48.053490847349167 52.724369928240776 72.01908828318119 155.16055104136467 180.55031105875969 127.43044325709343 36.584739565849304 52.279319882392883 274.23104260861874 153.11623673141003 60.317016288638115 61.298847422003746 373.42359575629234 45.566241204738617 25.8405931442976
leaf_count=593 437 189 214 133 87 134 617 164 119 147 870 100 267 76 100 68 132 170 281 253 165 63 91 421 252 82 79 598 92 61
internal_value=0.000793037 -0.00187313 0.0011113 0.0180093 0.0249856 -0.0139823 0.00211688 0.00499994 -0.0106204 0.00366987 0.00599708 0.00651352 -0.00584091 -0.00619941 0.0108726 -0.00377432 0.0340202 -0.00213855 0.00849555 -0.0078649 0.00313881 0.00513252 -0.0152278 -0.00758742 -0.0082453 -0.0100511 -0.018405 0.0183076 0.0111926 -0.00598822
internal_weight=4461.08 3870.98 3104.34 590.1 453.221 766.639 3024.82 2220.39 682.693 2090.21 1732.13 163.597 804.434 107.507 1083.06 136.879 289.624 649.063 227.18 421.883 346.912 628.986 293.147 358.082 640.248 240.867 214.415 454.077 219.482 71.4068
internal_count=7055 6022 4845 1033 832 1177 4631 3429 1043 3240 2672 263 1202 176 1631 201 569 1041 451 590 585 933 426 568 924 335 331 698 420 153
cat_boundaries=0 1 2 3 4 5 6
cat_threshold=48 52 66630 111554 4 35136
is_linear=0
shrinkage=0.05


Tree=48
num_leaves=31
num_cat=4
split_feature=70 27 37 29 25 4 29 37 47 52 39 71 36 53 98 28 22 47 54 62 96 43 2 35 65 104 58 65 49 5
split_gain=71.4833 39.6499 41.1682 34.2729 33.587 31.2795 27.5213 23.9717 22.8068 22.1289 20.4985 22.0485 18.8735 18.3318 17.7985 22.0714 25.9466 17.7001 16.7478 16.8091 15.7177 14.5978 14.4713 19.4057 14.4002 14.1486 15.5719 13.7936 13.1792 12.9293
threshold=0 6.4900000000000011 2235.0000000000005 177.285 1120.4600000000003 11.500000000000002 35.410000000000004 575.00000000000011 0.018962662538686555 335.40735827664423 4119.1050000000005 20.120000000000001 469.99999999999983 -21.103529228564778 2486.848072562359 98.515000000000029 4041.1111111111118 0.0057384614510221513 -24.567532933573727 1.0000000180025095e-35 1324.4897959183675 -1.4400000000000259 1 875.00000000000011 2 0.95167820893138833 0.024417482355001754 3 0.060208363427954957 0.30952380952380959
decision_type=9 2 2 2 2 2 2 2 2 2 2 2 2 2 2 2 2 2 2 2 2 2 9 2 1 2 2 1 2 2
left_child=1 4 6 5 8 24 18 9 -1 14 11 20 28 -10 15 16 21 -11 19 -3 -9 -8 25 -24 -2 26 -20 -17 -5 -18
right_child=3 2 -4 12 -6 -7 7 10 13 17 -12 -13 -14 -15 -16 27 29 -19 22 -21 -22 -23 23 -25 -26 -27 -28 -29 -30 -31
leaf_value=-1.0179316833033878 0.94085797816695305 1.0174414810865287 -3.1109381142651387 -2.4507878592734205 -5.1363353149592754 -0.16706160524411331 -0.57660277932008908 -0.12718898464274328 0.31808722938326461 0.20019013540449981 1.526641224684063 1.1765201141479611 0.90759983330735927 -0.24041312856560709 -4.345300996749315 -0.75289772820090595 0.15166279164298402 -1.1991448759281316 0.54196810008422536 -0.013280179043157059 -6.9159189790322557 0.91425839061911918 3.535548773311449 1.1373880314819673 1.5597138547365064 0.2362256715555823 -0.86300534166113185 -0.026451286381794149 -0.058184278634023916 2.3693404900344519
leaf_weight=163.00802694261074 135.3598301410675 226.63263584673405 72.244630634784698 33.661331683397293 62.215522065758705 39.701194226741791 192.86732418835163 231.10907243192196 100.62491929531097 54.305027723312378 182.18344511091709 152.5142020881176 46.536452159285545 505.47911660373211 119.1466118991375 150.80776342749596 581.61797016859055 192.02405817806721 27.629253536462784 58.885879918932915 26.752104744315147 34.069944769144058 39.611834183335304 140.92245945334435 263.27015087008476 136.05843441188335 65.471558317542076 254.60254772007465 57.082206919789314 106.08585792779922
leaf_count=244 264 325 194 56 162 43 259 302 136 70 305 312 67 725 235 233 792 257 39 77 67 69 87 243 509 201 109 369 78 229
internal_value=0.000957905 -0.0015001 0.00113786 0.0172397 -0.0111822 0.024367 0.00204401 -0.000613398 -0.0083238 -0.00365451 0.00803701 0.00184075 -0.00426194 -0.00385863 -0.00128434 0.00038616 0.00469055 -0.0175024 0.0107519 0.020048 -0.00707239 -0.0099694 0.00427332 0.014404 0.0285822 -0.00415497 -0.0193554 -0.00932491 -0.0175384 0.00952822
internal_weight=4452.48 3876.87 3045.54 575.611 831.328 438.331 2973.3 2278.09 769.112 1685.53 592.559 410.375 137.28 606.104 1439.2 1320.05 914.641 246.329 695.212 285.519 257.861 226.937 409.694 180.534 398.63 229.159 93.1008 405.41 90.7435 687.704
internal_count=7058 6041 4774 1017 1267 816 4580 3499 1105 2513 986 681 201 861 2186 1951 1349 327 1081 402 369 328 679 330 773 349 148 602 134 1021
cat_boundaries=0 1 2 3 4
cat_threshold=48 68 148376 394904
is_linear=0
shrinkage=0.05


Tree=49
num_leaves=31
num_cat=7
split_feature=70 27 37 27 31 28 55 65 65 101 59 65 67 104 53 45 33 46 53 60 25 26 32 58 61 18 45 79 34 5
split_gain=62.097 41.7432 44.6652 37.3383 28.5033 28.3242 26.3109 26.0766 25.2828 17.938 16.9972 16.5188 26.915 26.0737 15.6577 15.2886 15.8487 15.2832 14.0124 15.5235 13.7592 15.0085 12.1535 11.9312 11.8341 11.8134 23.864 18.4161 10.9984 23.8863
threshold=0 6.4900000000000011 2205.0000000000005 5.0200000000000005 895.00000000000011 90.915000000000006 0.13221420643729193 1 2 0.40793129682786838 0.023609611661345453 3 4 0.90753712172467627 -25.700813353697654 234.85500000000002 785.00000000000011 0.98647032379630806 -20.900662311411647 5 715.28000000000009 145.00500000000002 465.00000000000006 0.0306223714118951 6 0.7885939222735151 227.9849999999999 1.0000000180025095e-35 1345.0000000000002 0.6515151515151516
decision_type=9 2 2 2 2 2 2 1 1 2 2 1 9 2 2 2 2 2 2 1 2 2 2 2 1 2 2 2 2 2
left_child=1 4 5 23 6 28 10 20 14 -10 18 12 -11 22 -7 24 -17 -15 -1 -20 -5 -22 -13 -2 -16 26 27 -9 -3 -30
right_child=3 2 -4 7 -6 8 -8 25 9 11 -12 13 -14 17 15 16 -18 -19 19 -21 21 -23 -24 -25 -26 -27 -28 -29 29 -31
leaf_value=0.42612190978985293 0.26140128323079548 0.46946070143244328 -3.137487731498763 1.9076789906152058 -5.1405869056271474 1.4247156549016482 -2.0578152783607044 1.3102362922013633 0.9878577591280383 2.5543705051937451 -0.46077846395232314 0.45443784471153387 -0.32213007716713205 0.53377123149705596 -0.10579629907541946 0.39511908169997983 -0.23718406111971718 -0.43486635065601154 0.026816503819603189 -1.0652202247039733 -0.82834161954537944 0.786780276753968 -0.4310611788172054 -0.24645079657071847 -0.61201812967888969 1.4660544259882755 2.0407722420004322 -1.5322008367835374 -3.3166566388502741 3.4452331743577789
leaf_weight=99.452916413545609 49.633917167782784 657.43151135742664 80.405034631490707 23.202412664890289 50.861489698290825 57.105533882975578 83.61644983291626 58.947461381554604 96.743494242429733 70.958550199866295 143.77142886817455 32.407669275999069 37.567305788397789 365.19035476446152 414.61571283638477 125.03634765744209 81.051440536975861 58.530919641256332 318.47621169686317 97.056080460548401 64.471903026103973 54.389500543475151 396.68248189985752 75.118605121970177 456.54121053218842 151.80377331376076 66.732882186770439 37.26258572936058 95.461437791585922 76.291286140680313
leaf_count=133 74 944 214 31 143 91 136 124 133 169 198 44 59 504 641 175 118 85 454 157 97 110 631 96 717 323 110 55 193 147
internal_value=0.0017079 -0.000586921 0.00202899 0.0167996 -0.0108241 0.0030077 -0.00834326 0.0237092 3.06123e-05 0.00556289 -0.00498967 0.00355022 0.0210327 0.00106633 -0.00513348 -0.00653125 0.00571544 0.00987674 -0.00074606 -0.00478098 0.00426944 -0.00230501 -0.00760898 -0.00715482 -0.00942843 0.0313518 0.0229982 0.00706203 0.0108794 -0.000386939
internal_weight=4476.82 3895.25 3102.02 581.563 793.235 3021.62 742.373 456.811 2192.43 1058.08 658.757 961.337 108.526 852.811 1134.35 1077.24 206.088 423.721 514.985 415.532 142.064 118.861 429.09 124.753 871.157 314.747 162.943 96.21 829.184 171.753
internal_count=7106 6086 4865 1020 1221 4651 1078 850 3367 1625 942 1492 228 1264 1742 1651 293 589 744 611 238 207 675 170 1358 612 289 179 1284 340
cat_boundaries=0 1 2 3 4 5 6 7
cat_threshold=48 17816 398938 2048 4 3 2
is_linear=0
shrinkage=0.05


Tree=50
num_leaves=31
num_cat=7
split_feature=70 37 27 29 31 29 90 37 27 32 82 15 69 65 4 86 69 98 65 73 19 24 29 28 22 61 19 101 59 60
split_gain=69.3836 34.5674 38.956 33.9482 29.769 26.8942 25.9251 25.099 24.1521 20.9498 20.5809 20.5543 20.4883 22.4495 18.9712 18.4773 16.5651 16.6572 16.5132 16.4885 16.7738 15.9056 15.7837 15.2108 13.317 12.8358 12.5935 12.5055 19.4375 14.7772
threshold=0 2205.0000000000005 6.4900000000000011 189.78500000000003 895.00000000000011 35.410000000000004 0.10275263951734537 585.00000000000011 5.0200000000000005 895.00000000000011 3967.9630000000002 0.58333333333333337 1 2 1.0000000180025095e-35 -24.567532933573727 3 825.62358276643999 4 496.23000000000008 348.16666666666674 189.72500000000005 209.99000000000004 217.28500000000003 4780.4648526077099 5 411.42857142857156 0.54958021755843522 0.025568178747699004 6
decision_type=9 2 2 2 2 2 2 2 2 2 2 2 9 1 2 2 9 2 1 2 2 2 2 2 2 1 2 2 2 1
left_child=1 2 4 8 6 15 23 9 -2 14 19 -5 13 -11 21 -4 24 -18 -10 20 -9 -7 26 27 25 -17 -23 -1 29 -29
right_child=3 -3 5 11 -6 7 -8 10 18 12 -12 -13 -14 -15 -16 16 17 -19 -20 -21 -22 22 -24 -25 -26 -27 -28 28 -30 -31
leaf_value=0.13935901107685669 -0.0094085360854080594 -3.0436469176767531 0.73117575440785176 -0.75203119857063205 -5.0977131869198686 0.13532054687996045 -1.9244758157058621 -1.4119498891710522 0.61102481324090263 0.55029961042120445 3.0889036116553927 0.7617135445533384 -4.637195487849203 -0.44428166637753946 2.3601399889399732 -1.048573115078014 3.1693528869853353 1.7406343127039763 1.591697329177336 0.94113732274953132 0.071643702708439602 -0.49379246419943928 -1.5962553323207482 -1.8783632655239559 1.398915375587096 0.042910895299765883 0.22153960985565463 -1.0991759153764684 -0.89062039615672717 0.025475678628623034
leaf_weight=203.95531509816647 80.937460079789162 81.361445799469948 290.68943589925766 84.10087825357914 47.109086707234383 356.66296228766441 72.762836456298828 63.529349327087402 105.126529276371 220.90937855839729 114.02450129389763 39.889180272817612 104.99958764016628 718.82530511915684 71.751662984490395 68.126150161027908 34.703659623861313 77.566468313336372 262.91756474971771 180.99565038084984 216.75573553144932 107.73340341448784 51.765673846006393 40.129006743431091 34.772726446390152 204.3047172576189 97.463239073753357 78.508055165410042 53.902330726385117 306.67854592204094
leaf_count=286 110 216 407 122 136 447 118 103 191 409 199 55 205 1073 127 97 75 158 540 368 290 144 64 74 62 295 127 123 70 417
internal_value=0.00128191 -0.00112323 -0.000438999 0.0173692 -0.0102253 0.00216708 -0.0078221 -0.000453623 0.0240681 -0.00346202 0.00859351 -0.00548734 -0.00791843 -0.00532736 0.00333098 0.0106747 0.00396088 0.0194725 0.0295063 0.00389165 -0.00370483 0.000486404 -0.00899751 -0.00480022 -0.00226801 -0.00606104 -0.00277344 -0.00293646 -0.00768862 -0.00375328
internal_weight=4472.96 3899.99 3818.62 572.972 803.045 3015.58 755.936 2305.42 448.982 1730.11 575.305 123.99 1044.73 939.735 685.377 710.163 419.474 112.27 368.044 461.281 280.285 613.625 256.962 683.173 307.204 272.431 205.197 643.044 439.089 385.187
internal_count=7108 6090 5874 1018 1224 4650 1088 3556 841 2596 960 177 1687 1482 909 1094 687 233 731 761 393 782 335 970 454 392 271 896 610 540
cat_boundaries=0 1 2 3 4 5 6 7
cat_threshold=48 33 452608 65 18840 4 12
is_linear=0
shrinkage=0.05


Tree=51
num_leaves=31
num_cat=8
split_feature=70 27 37 65 25 60 29 29 27 19 38 65 65 82 19 29 48 38 45 37 65 5 19 18 65 39 22 44 18 65
split_gain=62.6239 34.1928 38.0094 33.4805 27.2212 22.006 27.2001 21.1942 19.37 18.5971 17.567 18.9658 16.6474 15.0297 14.9136 14.6306 14.3341 14.823 13.7525 13.5307 20.5763 15.9061 17.0627 13.4976 13.1555 13.5545 12.7504 12.6913 12.5388 11.8544
threshold=0 6.4900000000000011 2205.0000000000005 1 1230.6100000000004 2 42.175000000000004 191.50500000000002 4.535000000000001 396.26437500000014 4605.0000000000009 3 4 4812.2335000000012 380.00000000000028 177.285 0.83554115508873728 585.00000000000011 64.479999999999976 585.00000000000011 5 0.16228070175438594 346.44333333333338 0.74603706305040796 6 395.00000000000006 4266.8594104308404 125.49000000000001 0.91364045259867432 7
decision_type=9 2 2 1 2 1 2 2 2 2 2 1 1 2 2 2 2 2 2 2 1 2 2 2 1 2 2 2 2 1
left_child=1 4 5 8 7 6 14 9 -2 29 11 -7 -8 -12 27 26 -14 -18 -16 20 -19 22 -21 -22 -11 -26 -10 -3 -20 -1
right_child=3 2 -4 -5 -6 10 12 -9 15 24 13 -13 16 -15 18 -17 17 19 28 21 23 -23 -24 -25 25 -27 -28 -29 -30 -31
leaf_value=0.18293772933609562 -0.31948592275812049 -0.094614523172885615 -2.8914645717929148 1.1356364029659829 -4.3158563452050416 -0.77588328122316219 0.97999701750478507 -2.0049220753521548 -8.6398156059075681 -0.22872747661214099 0.98698624274459368 -0.029389063914391046 0.43922163901682298 -4.7853293984641381 1.3169905365987788 -0.448489598134308 0.74147060304764034 -1.1735041515973486 0.61425570356092585 -1.367480325576059 -0.58325482851744115 2.3414787663275076 0.27119046281816284 0.013864991340020083 -0.46754194671553506 0.337042325949723 1.1326727946979289 3.2454436497700807 -0.55499722249277428 -0.89857150641668504
leaf_weight=74.531458124518394 41.015057355165482 150.58071880042553 77.373117253184319 327.17363277077675 46.558071181178093 219.99763084948063 144.4584202170372 100.42199766635895 21.298353910446167 164.71447724103928 99.029260233044624 257.64162972569466 131.17007213830948 41.092790707945824 90.945434927940369 60.387990087270737 60.195186585187912 161.52062901854515 233.87440812587738 55.734216272830963 133.27350774407387 97.126023560762405 211.08225625753403 817.85199403762817 36.910088837146759 174.74012599885464 127.71428386867046 33.099639654159546 29.470081478357315 237.29690289497375
leaf_count=105 52 210 205 602 130 367 282 149 34 238 173 435 227 93 137 83 80 277 316 90 201 185 288 1098 47 240 248 69 43 357
internal_value=0.00166025 -0.000645348 0.00181075 0.0168701 -0.00960943 0.00271261 0.00491021 -0.00741612 0.00267074 -0.00428495 -0.00563679 -0.0102948 0.00200064 0.00983896 0.0148038 0.0089318 0.000531497 -0.00081949 0.020798 -0.00181097 -0.00454837 0.00655783 0.000251217 -0.00160992 0.00319658 0.0111465 0.0173453 0.00324188 0.0150089 -0.0133149
internal_weight=4458.28 3880.69 3045.52 577.589 835.173 2968.14 2350.38 788.615 250.416 688.193 617.761 477.639 1812.41 140.122 537.97 209.401 1667.95 1536.78 354.29 1476.59 1112.65 363.942 266.816 951.126 376.365 211.65 149.013 183.68 263.344 311.828
internal_count=7061 6042 4776 1019 1266 4571 3503 1136 417 987 1068 802 2728 266 775 365 2446 2219 496 2139 1576 563 378 1299 525 287 282 279 359 462
cat_boundaries=0 1 2 3 4 5 6 7 8
cat_threshold=48 157058 10 330826 264192 9808 444544 352256
is_linear=0
shrinkage=0.05


Tree=52
num_leaves=31
num_cat=3
split_feature=70 24 29 29 13 2 104 37 25 38 43 37 56 23 73 25 65 15 46 82 37 24 36 74 6 48 46 57 5 56
split_gain=54.8326 33.2978 30.9852 30.9082 30.5792 26.7866 22.2046 19.143 17.3455 18.3176 15.7526 15.6598 13.3855 13.1627 28.8482 15.8561 13.1576 14.9859 15.5703 14.8936 19.3888 13.5972 12.2957 12.0616 11.8021 11.0005 24.2981 10.558 10.5571 10.4574
threshold=0 132.53500000000003 203.85500000000005 81.395000000000024 0.17156862745098037 1 0.31293823074115262 2235.0000000000005 282.52500000000003 4530.3950000000013 -1.9850000000000134 1555.0000000000002 0.73153044569864945 492.76000000000005 332.94000000000005 415.08500000000009 2 0.87500000000000011 0.63407013290389658 3039.3245000000002 565.00000000000011 215.24500000000003 469.99999999999983 1693.1900000000003 7.5000000000000009 0.95507091604235761 0.64238961803640804 0.87489629556069781 0.72077922077922085 0.94527154370968491
decision_type=9 2 2 2 2 9 2 2 2 2 2 2 2 2 2 2 1 2 2 2 2 2 2 2 2 2 2 2 2 2
left_child=1 -1 5 4 7 11 29 8 -3 12 25 -2 -10 15 -15 -6 19 21 -19 -8 -21 -18 -4 -16 -11 26 -7 -17 -25 -5
right_child=2 3 22 6 13 10 16 -9 9 24 -12 -13 -14 14 23 27 17 18 -20 20 -22 -23 -24 28 -26 -27 -28 -29 -30 -31
leaf_value=-3.323725879677653 1.4141468161513844 0.59703181047341192 -0.78571613730111756 -1.6959310516961161 -0.44854885145568774 0.320630567374387 -0.32144536944674584 -1.6430214081140819 0.69758811191127068 3.2130089532489921 -0.29043965008621203 0.46322225057413108 -0.09521322404622197 -2.0031415908933843 2.7690416243202822 0.50017495215929841 -0.1637681340918912 1.1225099073017901 -0.15121012326775196 0.025042875310805981 0.9948064030561512 -1.917622773618475 0.64646532845328819 -2.9182905208405274 0.31041944898672968 0.71842795728315423 -0.83692897955428414 1.9236085417260087 3.0956302251950465 -0.18519748803853275
leaf_weight=45.723230108618736 257.36956046521664 62.854971051216125 82.120916500687599 88.21305425465107 30.938701212406158 26.204384982585907 349.07492397725582 26.777771309018135 43.595908761024475 57.615198016166687 41.238749712705612 52.496617436408997 867.40142478048801 37.146715492010117 36.603486582636833 125.29071623086929 283.51238788664341 37.780735835433006 568.63522443175316 531.31983019411564 186.81171950697899 241.55385100841522 38.87082576751709 20.850964248180389 64.913331136107445 74.148468002676964 28.825852155685425 77.073189899325371 20.739913091063499 60.658102676272392
leaf_count=122 478 83 120 141 38 48 562 70 61 99 69 130 1240 61 73 158 428 80 784 844 323 437 51 47 116 116 42 122 34 104
internal_value=0.00128584 -0.000915589 0.0151994 -0.000410183 0.00527043 0.0211491 -0.00397164 0.00125502 0.00227517 0.000724239 0.00394043 0.0295331 -0.00171697 0.0182061 0.00438887 0.0250371 -0.0027063 -0.00643061 -0.00113305 0.00129048 0.00542072 -0.0126714 -0.00716203 0.0216238 0.0188746 0.0127607 -0.00417606 0.0301338 0.0032014 -0.0226595
internal_weight=4466.36 3865.09 601.275 3819.36 1471.8 480.284 2347.56 1123.16 1096.38 1033.53 170.417 309.866 910.997 348.644 115.341 233.303 2198.69 1131.48 606.416 1067.21 718.132 525.066 120.992 78.1944 122.529 129.179 55.0302 202.364 41.5909 148.871
internal_count=7081 6027 1054 5905 2202 883 3703 1669 1599 1516 275 608 1301 533 215 318 3458 1729 864 1729 1167 865 171 154 215 206 90 280 81 245
cat_boundaries=0 1 2 3
cat_threshold=48 52 375044
is_linear=0
shrinkage=0.05


Tree=53
num_leaves=31
num_cat=5
split_feature=70 27 37 29 31 29 47 3 13 98 43 24 69 31 5 97 24 15 37 43 38 101 87 2 54 17 17 65 17 32
split_gain=47.0488 34.4402 34.02 29.8996 27.9639 26.5895 24.4707 23.9809 22.0344 17.9821 17.6464 16.7617 16.1067 40.5158 25.464 24.9618 17.2106 16.6229 14.6621 14.5422 14.2489 14.0513 13.8226 17.3945 12.9348 16.7426 14.9804 14.2058 13.5064 12.9467
threshold=0 6.4900000000000011 2235.0000000000005 187.19500000000002 895.00000000000011 81.395000000000024 0.016501189492328854 1 0.17156862745098037 895.46485260770987 -1.9850000000000134 163.27000000000001 2 1315.0000000000002 0.56696428571428581 1449.2063492063496 325.94500000000005 0.87500000000000011 565.00000000000011 -41.430000000000113 5875.0000000000009 0.81012251249996792 0.98465316004637515 3 -28.36387922384553 0.37133335432792042 0.52120012793839776 4 0.52811253602987951 825.00000000000011
decision_type=9 2 2 2 2 2 2 9 2 2 2 2 9 2 2 2 2 2 2 2 2 2 2 9 2 2 2 1 2 2
left_child=1 4 5 7 6 8 -1 10 11 21 -2 -3 13 -7 17 20 -16 -15 -9 -5 24 -8 23 -13 25 -14 -26 28 -27 -29
right_child=3 2 -4 19 -6 12 9 18 -10 -11 -12 22 15 14 16 -17 -18 -19 -20 -21 -22 -23 -24 -25 26 27 -28 29 -30 -31
leaf_value=-0.99353343175330344 0.41372902431666747 0.4649363809588451 -2.47896915608721 0.20354192375862346 -4.2404673110655393 2.476191888475114 -0.040164488203546969 1.709145326817999 0.91443963294934894 0.47779162315936574 -0.27591766758190134 2.1972166939519329 -1.6177694760772903 -5.6088747673441635 2.8046314706884998 -6.8272652306281572 -0.4209892525636818 0.051089078837219408 0.67199182502722299 -0.92673533927749219 1.2631764043147173 -0.77276856708241093 -0.40537375251117713 0.0060444522196121397 -0.046948547094104502 0.5844566256022351 -0.67095707147187955 0.87992825621689619 -0.31196186490205885 0.081012948536892407
leaf_weight=171.97438557446003 119.4489814043045 95.062265038490295 71.125968500971794 58.560991451144218 48.440876007080078 139.87289616465569 410.41335061192513 182.5646657794714 288.26387470960617 57.896086797118187 36.928050711750984 181.6241730004549 33.65412911772728 91.640115544199944 104.58429762721062 41.986576080322266 106.40856273472309 54.976691156625748 118.01184450089931 69.484651207923889 59.284929424524307 113.06900471448898 131.87266336381435 550.91278584301472 317.40740984678268 50.727388143539429 373.63863550126553 84.505895972251892 151.68502300977707 124.53600135445595
leaf_count=256 192 119 191 81 138 345 604 323 458 73 62 326 44 193 190 111 207 99 257 102 82 152 190 797 402 67 495 117 201 163
internal_value=0.00118249 -0.000837709 0.00158155 0.0142675 -0.0100623 0.0023965 -0.00769453 0.0204951 0.00796325 -0.00279339 0.0033218 0.00432127 -0.00160707 0.00592607 -0.00287873 -0.00464596 0.00824336 -0.0188843 0.0283751 -0.0068426 -0.00335262 -0.00571777 0.00212969 0.00481236 -0.00459958 0.00204783 -0.00888123 0.0048212 -0.00467277 0.0135876
internal_weight=4440.56 3855.56 3053.77 584.999 801.794 2982.64 753.353 456.954 1247.74 581.378 156.377 959.472 1734.91 497.483 357.61 1237.43 210.993 146.617 300.577 128.046 1195.44 523.482 864.41 732.537 1136.15 445.108 691.046 411.454 202.412 209.042
internal_count=7037 6020 4797 1017 1223 4606 1085 834 1890 829 254 1432 2716 1034 689 1682 397 292 580 183 1571 756 1313 1123 1489 592 897 548 268 280
cat_boundaries=0 1 2 3 4 5
cat_threshold=48 1030 32 32 214236
is_linear=0
shrinkage=0.05


Tree=54
num_leaves=31
num_cat=5
split_feature=70 24 19 29 65 61 56 104 56 18 44 82 57 18 33 28 73 42 17 23 27 44 36 53 59 67 103 29 65 52
split_gain=48.4387 30.5098 32.3309 33.0893 27.6488 23.0478 20.9523 19.2586 18.5884 21.7667 18.5143 20.2636 17.6251 20.6864 20.1585 15.4626 18.9982 13.6351 13.2561 12.8956 21.4563 21.3513 12.8529 13.6012 12.6613 11.9033 11.5345 10.8524 10.8099 11.4777
threshold=0 132.53500000000003 380.00000000000028 172.23500000000004 1 2 0.7736459244111028 0.32729171363661164 0.76122172889025796 0.86334368530020711 147.3749999999998 4868.0605000000005 0.84165487470310207 0.71291091392409844 295.00000000000006 91.560000000000045 1932.5400000000002 445.00000000000006 0.56032778296159125 423.62500000000006 48.595000000000006 58.290000000000013 565.00000000000011 -12.596393907614404 0.019545710286262303 3 0.12142857142857141 74.645000000000024 4 264.90327664399098
decision_type=9 2 2 2 1 1 2 2 2 2 2 2 2 2 2 2 2 2 2 2 2 2 2 2 2 9 2 2 1 2
left_child=1 -1 7 5 17 27 -7 -3 -6 25 11 22 14 -14 24 16 18 -2 -8 21 -21 -15 26 -24 -9 -10 -5 -4 29 -17
right_child=4 2 3 10 8 6 15 12 9 -11 -12 -13 13 19 -16 28 -18 -19 -20 20 -22 -23 23 -25 -26 -27 -28 -29 -30 -31
leaf_value=-3.2731660405335479 -0.12322072353657632 -1.4691752301215624 1.1075097371093123 -0.28660767066166654 1.5689455535390353 0.47980825986437736 -0.12329413030909216 0.53723652277851819 0.9956953265141707 0.94368442635070415 2.6171418776075002 -3.8995710307341569 0.18830264110776104 -0.30235287363008045 0.85306142540545915 -0.023468700155955348 -3.8459129479822596 1.1646029932786632 0.67196014278724059 -2.308789139145579 -0.74657354928968334 2.2039800939582803 -0.18285855745934365 1.2170859271936807 -0.49571004663290541 -0.39123473322786428 -1.2170328332860474 0.31720703976724141 -0.3137525878666047 0.37469716583978824
leaf_weight=40.491969406604767 31.649521380662918 67.977072566747665 319.04892840981483 496.25372868776321 44.2481749355793 120.64706201851368 77.070352077484131 50.106288194656372 53.288233861327171 50.147893279790878 75.959766164422035 43.398367896676064 225.80290099978447 192.51010890305042 74.337559595704079 326.89519418776035 24.032812774181366 269.33055691421032 145.80294114351273 137.44053539633751 336.12438221275806 26.641150891780853 60.218704760074615 38.702766641974449 129.62237185239792 135.52348226308823 57.016601249575615 457.31137113273144 325.70944057404995 58.904933631420135
leaf_count=111 40 110 468 666 64 177 108 74 124 101 178 83 394 266 105 496 54 525 213 230 641 47 80 51 192 181 76 705 492 80
internal_value=0.00073041 -0.00129035 -0.000841612 0.00229993 0.0140306 0.00591858 0.00119174 -0.00749404 0.00247348 -0.00295138 -0.00640219 -0.0089617 -0.00599407 -0.00921805 0.0056615 -0.00128023 0.00950075 0.024476 0.0140552 -0.0135021 -0.0181429 -0.00347374 -0.00676029 0.00983964 -0.00339627 -0.0107284 -0.00972826 0.0124884 -0.00502142 0.000764197
internal_weight=4492.22 3908.03 3867.54 2626.97 584.188 1855.42 1079.06 1240.56 283.208 238.96 771.55 695.59 1172.59 918.519 254.066 958.416 246.906 300.98 222.873 692.716 473.565 219.151 652.192 98.9215 179.729 188.812 553.27 776.36 711.51 385.8
internal_count=7132 6097 5986 3927 1035 2793 1620 2059 470 406 1134 956 1949 1578 371 1443 375 565 321 1184 871 313 873 131 266 305 742 1173 1068 576
cat_boundaries=0 1 2 3 4 5
cat_threshold=48 367173 2 4 175630
is_linear=0
shrinkage=0.05


Tree=55
num_leaves=31
num_cat=3
split_feature=27 5 73 56 71 42 96 25 73 22 29 29 70 96 97 29 55 38 5 18 71 34 18 61 65 54 47 53 43 19
split_gain=37.3545 34.2775 55.7776 26.0238 33.999 43.0544 39.9492 31.3207 24.3495 22.2938 22.4866 21.6535 23.0079 18.3476 18.0753 18.4269 19.5908 17.2758 20.7005 17.0934 15.4677 14.9885 14.4822 14.522 14.4515 14.4337 20.9827 13.0358 12.7173 12.586
threshold=6.2700000000000005 0.76388888888888895 2018.0900000000004 0.83756722569538533 42.000000000000007 905.00000000000011 1339.4557823129255 963.7600000000001 644.70500000000004 4789.115646258505 152.20500000000001 172.23500000000004 0 1499.0929705215424 990.24943310657602 203.85500000000005 0.016261237440507652 4530.3950000000013 0.48684210526315791 0.59792419374191752 165.56000000000003 435.00000000000006 0.75450029510131822 1 2 -21.33061292735136 0.018962662538686555 -11.964463165553042 -18.290000000000074 750.00000000000023
decision_type=2 2 2 2 2 2 2 2 2 2 2 2 9 2 2 2 2 2 2 2 2 2 2 1 1 2 2 2 2 2
left_child=11 2 3 7 6 -6 9 -2 -7 14 19 12 21 -10 15 16 22 18 -15 -11 27 28 23 -5 -24 26 -23 -3 -1 -12
right_child=1 20 -4 4 5 8 -8 -9 13 10 29 -13 -14 17 -16 -17 -18 -19 -20 -21 -22 25 24 -25 -26 -27 -28 -29 -30 -31
leaf_value=0.60014225215520589 0.76861968430516459 -1.4557340387976578 -3.3621399016622351 -0.92536844660213335 2.5777179148352456 -2.6918094312410958 -7.2666351528387896 -2.2387870714797331 3.1013289310598324 -0.25883294737339357 -0.18235504919116396 -1.4312909471379767 1.0289281064800917 -7.1391482164553821 -11.23386233371809 -0.69229311619247014 0.3559623075477989 1.7832992273763872 0.12308803821647239 1.5132200766005193 0.8938996600249951 -1.4135499038356465 0.14566694888245887 -0.056111628616685755 -0.14540760465741656 -1.2657890089615067 0.14160876960060417 3.6404925898669678 -0.096623133167445488 0.67515343940531902
leaf_weight=38.775329291820526 275.45118349790573 89.416467487812042 174.93926957249641 63.849421203136444 194.59715749323368 52.412171021103859 53.349894747138023 58.285424426198006 96.374317944049835 31.644530445337296 184.23518943786621 156.55621147155762 72.187561169266701 55.387547314167023 36.644966706633568 275.82795336842537 175.08058869838715 92.550500735640526 135.13348424434662 189.63114939630032 232.8248236477375 49.198448225855827 472.65586437284946 75.329113841056824 392.60163560509682 88.288259595632553 105.0137075483799 21.831178903579712 482.33486035466194 47.201320692896843
leaf_count=53 381 202 416 79 430 100 137 124 213 45 239 247 101 114 67 341 230 193 232 263 493 77 578 95 532 159 172 45 680 62
internal_value=0.00100663 0.0034485 0.00180341 0.00342572 0.00175342 0.0119168 -0.00143314 0.0165768 0.00311782 -0.000262125 0.00945655 -0.00754978 -0.0043532 0.00753033 -0.00321105 -0.00233777 0.000382931 0.00111502 -0.0074941 0.020853 0.0184289 -0.00693222 -0.00230738 -0.017277 0.000100526 -0.0172919 -0.00806201 0.00309241 -0.00224436 -0.00143958
internal_weight=4469.61 3477.26 3133.18 2958.24 2624.51 626.455 1998.05 333.737 431.858 1944.7 452.712 992.354 835.798 379.446 1491.99 1455.34 1179.52 283.072 190.521 221.276 344.072 763.611 1004.44 139.179 865.257 242.5 154.212 111.248 521.11 231.437
internal_count=7100 5611 4871 4455 3950 1282 2668 505 852 2531 609 1489 1242 752 1922 1855 1514 539 346 308 740 1141 1284 174 1110 408 249 247 733 301
cat_boundaries=0 1 2 3
cat_threshold=17 4 221322
is_linear=0
shrinkage=0.05


Tree=56
num_leaves=31
num_cat=6
split_feature=70 77 31 37 29 22 65 31 29 71 69 65 98 65 17 22 101 38 101 56 17 82 38 45 25 103 98 73 22 65
split_gain=43.4617 34.3703 31.5938 28.0108 22.8905 22.9003 22.7591 23.7667 18.5066 17.935 21.9059 28.4046 28.1804 15.823 16.5683 19.6294 15.8112 15.4552 15.3917 15.295 14.8667 13.5338 18.6694 12.2914 11.8623 11.664 10.843 16.8883 13.3089 11.1999
threshold=0 0.99958139002929769 875.00000000000011 2205.0000000000005 168.00500000000002 3400.0000000000005 1 445.00000000000006 136.33000000000007 327.60500000000008 2 3 1449.2063492063496 4 0.34491074020203116 4714.569160997733 0.64570079658622259 4429.6050000000005 0.6173657526099624 0.80980650788906772 0.62382544840540477 4828.2500000000009 5785.0000000000009 234.85500000000002 772.06500000000005 0.12142857142857141 2377.0975056689344 167.25000000000003 4041.1111111111118 5
decision_type=9 2 2 2 2 2 1 2 2 2 9 1 2 1 2 2 2 2 2 2 2 2 2 2 2 2 2 2 2 1
left_child=1 3 8 4 5 -1 7 -2 16 10 12 17 13 20 -15 18 -3 -12 -16 -8 -7 22 25 -20 -13 26 27 28 -6 -29
right_child=6 2 -4 -5 21 9 19 -9 -10 -11 11 24 -14 14 15 -17 -18 -19 23 -21 -22 -23 -24 -25 -26 -27 -28 29 -30 -31
leaf_value=-0.60361491838322934 -0.12284848474217398 0.12375370613027813 -4.2548028195901493 -2.3511678008462527 -2.7995636195918228 0.20074254975703643 1.4390518705380786 1.3439580958209179 -1.7662727019176849 -4.3703563111067689 -0.42195454383468278 2.4262024132030251 -4.4427021474394977 -0.596693304749774 0.20368445478203656 0.92809152745267631 -0.62017164782995526 1.5334548458534125 -0.20273712727185966 0.021925014533039189 0.65367082545283672 -3.0187146242790095 1.814072946906883 0.14403933260823296 1.640258273437027 -1.1596277447029697 -1.6822307432750379 -0.23462366220381911 -0.1996626025646899 2.3652779502602699
leaf_weight=102.16551832854748 29.984310299158096 205.555872797966 54.608408808708191 75.263924792408943 27.923435360193253 455.58006723225117 63.933749675750732 204.50598785281181 77.773617401719093 35.520499110221863 138.71387767791748 51.300752103328705 122.37447145581245 51.452233165502548 253.66309879720211 156.49798692762852 179.10019537806511 74.832266733050346 428.36346280574799 288.19475971162319 117.24039968848228 55.600524201989174 38.383068159222603 125.15253283083439 303.59495921432972 61.028989031910896 56.389597281813622 50.87973727285862 481.91908629238605 102.1513165384531
leaf_count=139 37 319 154 197 35 570 91 421 121 78 232 95 280 64 341 220 279 142 593 490 155 111 62 158 602 82 103 98 609 208
internal_value=0.000947279 -0.000982946 -0.012988 0.000858184 0.00154799 0.00405633 0.0135105 0.0254468 -0.00874065 0.00507902 0.00562857 0.0140451 0.00273315 0.00453081 0.000715469 0.00219851 -0.00424294 -0.000613307 -0.000943642 0.00507871 0.0110862 -0.00538495 -0.00376374 -0.00561767 0.0226404 -0.00543837 -0.00365768 -0.00186714 -0.00623954 0.0127001
internal_weight=4469.65 3883.03 517.038 3365.99 3290.73 2416.45 586.619 234.49 462.43 2314.29 2278.77 568.442 1710.32 1587.95 1015.13 963.677 384.656 213.546 807.179 352.129 572.82 874.276 818.675 553.516 354.896 780.292 719.263 662.874 509.843 153.031
internal_count=7086 6047 873 5174 4977 3669 1039 458 719 3530 3452 1071 2381 2101 1376 1312 598 374 1092 581 725 1308 1197 751 697 1135 1053 950 644 306
cat_boundaries=0 1 2 3 4 5 6
cat_threshold=48 332357 67 49994 82186 198804
is_linear=0
shrinkage=0.05


Tree=57
num_leaves=31
num_cat=6
split_feature=72 77 31 59 28 65 104 35 29 22 104 65 101 22 65 24 29 5 59 45 43 18 65 22 60 101 65 31 95 32
split_gain=39.2408 24.1557 38.3008 21.7775 20.8318 19.7222 19.2233 18.9749 17.1957 15.7208 15.2989 16.4813 15.7108 16.8607 15.7062 15.2489 15.2341 14.3178 13.6657 12.0333 11.6675 11.0839 11.3899 12.467 17.1499 10.8973 10.7211 10.7137 10.3912 14.3856
threshold=124.78500000000001 0.92270990612135406 875.00000000000011 0.034305823992384354 90.915000000000006 0 0.92133710128174207 2575.0000000000005 13.999999999999995 3560.0000000000005 0.73435599779732796 1 0.54958021755843522 4904.5804988662139 2 230.13500000000002 202.67500000000004 0.6515151515151516 0.018522228110595101 234.85500000000002 -164.86499999999998 0.59213885711059977 3 4940.2947845805002 4 0.52216337183882888 5 585.00000000000011 769.75500000000011 1095.0000000000002
decision_type=2 2 2 2 2 1 2 2 2 2 2 1 2 2 1 2 2 2 2 2 2 2 1 2 1 2 1 2 2 2
left_child=3 4 15 5 7 -1 26 9 27 -2 14 12 -12 -14 -10 16 21 -9 -8 -13 -15 -3 -23 24 -24 -26 -7 -6 -16 -30
right_child=1 2 -4 -5 8 6 18 17 10 -11 11 19 13 20 28 -17 -18 -19 -20 -21 -22 22 23 -25 25 -27 -28 -29 29 -31
leaf_value=1.5866107868928041 -0.34077733470832927 -0.90787840023564859 -4.2716167334315163 1.3670992770111754 2.1884497389075235 -0.35201627902651894 0.16651546565307776 -2.62769894414456 -1.2633666727730046 0.42111232381866093 0.80180178901160426 -0.2502017330196748 -0.045430913063289682 -0.48001788242953297 0.20721849948950322 -2.8674081023630693 -2.0008511872500061 0.6508005526480688 0.87240597180713308 0.07889628167461496 1.6528478436554062 -0.43018317187816352 0.32052246868983619 1.1222814974152424 0.13804553870575981 -0.7089560483463615 0.064416473245999126 0.50522410108408455 -1.0250819400320801 0.01297146369692186
leaf_weight=95.71120622754097 72.096668481826782 46.229675084352493 58.247461572289467 80.461151763796806 24.149662181735039 124.42566475272179 199.85420683026314 47.536629468202591 223.47612577676773 650.46778696775436 123.42034405469894 766.15960894525051 395.74480344355106 31.502286970615387 101.86566556990147 26.671359241008759 54.420774906873703 56.395070314407349 93.107988268136978 210.04603005945683 74.715350165963173 88.64359338581562 204.86683844029903 43.410783424973488 37.895860552787781 89.745318412780762 207.66949786245823 33.871575593948364 53.899011254310608 104.20533111691475
leaf_count=221 98 58 161 113 50 230 314 113 355 995 175 1158 555 62 143 51 75 108 126 298 126 132 311 51 61 141 351 76 82 212
internal_value=0.000611566 -0.00160472 -0.0103342 0.010624 0.00030645 0.00786983 0.00428833 0.00704993 -0.00229426 0.00992319 -0.00304139 -0.000688286 0.00560095 0.00176086 -0.0108369 -0.00652712 -0.00478376 -0.0129258 0.0136927 -0.00472629 0.019449 -0.00210439 0.000219056 0.00408571 0.000904354 -0.0129287 -0.00387873 0.0245546 -0.00196098 -0.0100603
internal_weight=4420.91 3619.68 650.132 801.23 2969.55 720.769 625.057 826.496 2143.06 722.564 2085.03 1601.59 625.383 501.962 483.446 591.884 565.213 103.932 292.962 976.206 106.218 510.792 464.562 375.919 332.508 127.641 332.095 58.0212 259.97 158.104
internal_count=7002 5647 1041 1355 4606 1242 1021 1314 3292 1093 3166 2374 918 743 792 880 829 221 440 1456 188 754 696 564 513 202 581 126 437 294
cat_boundaries=0 1 2 3 4 5 6
cat_threshold=577 108676 230558 17410 2 246912
is_linear=0
shrinkage=0.05


Tree=58
num_leaves=31
num_cat=6
split_feature=29 56 65 69 25 18 23 5 13 65 26 29 22 32 3 103 19 22 23 22 65 76 37 25 74 74 22 36 13 65
split_gain=34.408 36.5021 26.9025 20.2721 34.0738 19.8586 17.3733 22.604 21.1467 19.1815 17.2934 16.8714 32.1664 17.982 16.3676 20.4318 18.4506 14.8705 12.985 12.8959 12.2022 14.551 11.7696 12.7349 11.6581 11.6449 14.4624 13.5701 17.143 13.0621
threshold=117.07000000000002 0.72693228769415208 0 1 1642.4750000000001 0.59792419374191752 1404.4100000000003 0.72077922077922085 0.11805555555555557 2 63.465000000000011 133.59 5675.3401360544221 1755.0000000000002 3 0.19523809523809524 655.28333333333342 4005.3174603174607 562.82500000000016 4875.9410430839007 4 1249.1850000000002 265.00000000000006 1020.2800000000001 239.11500000000004 2451.1600000000003 5942.857142857144 335.00000000000006 0.15476190476190474 5
decision_type=2 2 1 9 2 2 2 2 2 1 2 2 2 2 9 2 2 2 2 2 1 2 2 2 2 2 2 2 2 1
left_child=1 18 24 6 5 -5 9 8 19 -2 -4 12 20 14 15 22 -16 -11 -1 -8 -7 -22 -13 -24 -3 26 27 29 -29 -12
right_child=3 2 10 4 -6 11 7 -9 -10 17 25 13 -14 -15 16 -17 -18 -19 -20 -21 21 -23 23 -25 -26 -27 -28 28 -30 -31
leaf_value=1.5356383508057179 -0.21572395230724953 1.2706660699820986 -0.14586505254829768 -0.76822814074739998 -5.9405688489167092 0.12914022680519111 -0.81438517821500589 0.36617558260499267 -3.5017932947260846 -0.020851272416825852 0.13376554884660657 -0.48403014934481448 1.0385504892322215 0.4109175868312136 -1.6114162060628265 -1.4398513983950014 0.036861654337343806 2.8337832631165485 0.035802045913897018 3.3785003320051503 -0.17800574470851088 -1.7039470957945584 0.52139134648260566 -0.20698453637124745 0.47864061970743638 -0.68624040727202384 2.2025798066788456 0.18673757063923732 0.92454468427137193 -0.15996904085026886
leaf_weight=126.42411185801029 56.363269746303558 93.074212804436684 271.4024214297533 125.31061378121376 64.061476022005081 294.79185864329338 63.278969928622246 178.57924363017082 137.769894272089 31.554864227771759 304.10361105203629 305.55514287948608 133.22723206877708 96.049921527504921 174.7440250813961 37.316736131906509 62.547091543674469 103.21505352854729 37.52320958673954 47.702750131487846 280.3348690867424 68.816590696573257 147.52106028795242 117.05759885907173 202.8305785804987 115.73554687201977 49.829257398843765 300.44636097550392 96.212439328432083 326.82182589173317
leaf_count=184 121 190 349 171 172 424 110 387 284 72 437 403 184 122 274 48 80 240 63 101 429 122 187 151 335 251 93 469 135 484
internal_value=0.000965814 0.00600269 0.00390123 -0.00287177 -0.00540779 -0.00419028 0.00495656 -0.000567834 -0.0103113 0.0175672 0.00105176 -0.00278864 0.00266301 -0.00729214 -0.00962307 -0.00495197 -0.0205079 0.0266849 0.028568 0.00593148 -0.00196384 -0.00815666 -0.00268747 0.00503274 0.0173815 0.00365024 0.00526919 0.00399353 0.0112401 -0.000562342
internal_weight=4450.2 1924.4 1760.46 2525.8 1907.33 1843.27 618.464 427.331 248.752 191.133 1464.55 1717.96 777.171 940.792 844.742 607.451 237.291 134.77 163.947 110.982 643.943 349.151 570.134 264.579 295.905 1193.15 1077.41 1027.58 396.659 630.925
internal_count=7072 2990 2743 4082 2767 2595 1315 882 495 433 2218 2424 1159 1265 1143 789 354 312 247 211 975 551 741 338 525 1869 1618 1525 604 921
cat_boundaries=0 1 2 3 4 5 6
cat_threshold=18945 32 82064 520 108614 237836
is_linear=0
shrinkage=0.05


Tree=59
num_leaves=31
num_cat=4
split_feature=70 27 34 31 22 28 61 22 45 65 65 5 59 98 36 33 18 72 57 104 5 34 24 28 37 57 34 36 94 5
split_gain=31.3683 30.9963 28.392 27.6956 20.9466 21.2433 24.9407 21.4868 19.7536 22.4524 18.8381 17.7269 17.4612 16.3708 15.1807 20.7961 17.136 13.6619 13.2226 12.8239 11.906 27.6636 20.6337 11.5722 11.3804 11.2598 20.0154 10.6026 10.5546 16.1343
threshold=0 6.4900000000000011 2775.0000000000005 895.00000000000011 3880.0000000000005 90.665000000000006 1 4820.3287981859421 316.65500000000003 2 3 0.76388888888888895 0.023609611661345453 1419.274376417234 775.00000000000011 280.00000000000017 0.73678087414553961 257.67000000000007 0.33917652876120929 0.94982398945898583 0.19375000000000003 1025.0000000000002 207.18000000000004 217.28500000000003 585.00000000000011 0.92262127274807126 355.00000000000006 325.00000000000006 878.45500000000004 0.48684210526315791
decision_type=9 2 2 2 2 2 1 2 2 1 1 2 2 2 2 2 2 2 2 2 2 2 2 2 2 2 2 2 2 2
left_child=1 3 4 12 17 28 7 20 9 -2 -8 24 23 -9 15 16 -11 -3 -12 -13 22 -22 27 25 -4 -1 -27 -7 -6 -30
right_child=8 2 11 -5 5 6 10 13 -10 14 18 19 -14 -15 -16 -17 -18 -19 -20 -21 21 -23 -24 -25 -26 26 -28 -29 29 -31
leaf_value=0.12660355999121933 2.1759528852627783 -0.53641846118529346 -5.4290830733805109 -3.6143272930546959 0.47903912075144889 -0.060370392905095119 -0.39087224292705047 2.040576800461082 1.1529390898633438 -0.2409211216371599 0.8195110286624484 -0.72601135597023125 -0.52643948994660694 0.21577508215216526 0.77748959438334575 -0.2178609493107132 0.80465329429816712 0.23992336613419898 -0.021976260244680648 2.7828633237449583 2.5965945059257538 -0.0086763740352960635 -0.38891163805533824 -1.1960692529541141 -1.4543172997948006 -0.033242205335544388 -1.463875219849593 0.37994984787412567 -0.10019523784635141 4.0158480152622689
leaf_weight=272.3699684292078 69.781959697604179 245.91603218019009 51.380903527140617 49.97028960287571 415.60384480655193 76.106279850006104 349.80255694687366 151.66080112755299 129.69971570372581 54.364375337958336 72.081486910581589 36.003118827939034 202.77710412442684 101.70132075250149 53.974992781877518 187.98900167644024 90.274613529443741 116.15690012276173 582.17032296955585 20.896788269281387 48.328556150197983 99.041428714990616 251.84978120028973 31.900489985942841 66.623249977827072 197.95769722759724 64.997343793511391 140.82519415020943 160.11464780569077 62.341717422008514
leaf_count=382 173 346 132 141 589 104 521 232 199 86 101 72 289 179 125 309 140 163 908 29 112 183 347 59 157 278 104 176 286 141
internal_value=0.000676879 -0.000967409 0.00135121 -0.00959969 0.00254162 0.00416241 0.00147892 0.00767805 0.0113532 0.00665341 -0.00388953 -0.0182074 -0.00725878 0.0199352 0.00146891 -0.00248426 0.0117687 -0.00870147 0.00119319 0.00471597 0.00263789 0.0150341 -0.0012591 -0.00275691 -0.0292608 -0.00101354 -0.0083937 0.0100436 0.0120421 0.00325229
internal_weight=4454.66 3868.58 3048.6 819.973 2873.7 2511.63 1873.57 869.513 586.085 456.385 1004.05 174.904 770.003 253.362 386.603 332.628 144.639 362.073 654.252 56.8999 616.151 147.37 468.781 567.225 118.004 535.325 262.955 216.931 638.06 222.456
internal_count=7063 6031 4778 1253 4388 3879 2863 1333 1032 833 1530 390 1112 411 660 535 226 509 1009 101 922 295 627 823 289 764 382 280 1016 427
cat_boundaries=0 1 2 3 4
cat_threshold=48 2 577 4186
is_linear=0
shrinkage=0.05


Tree=60
num_leaves=31
num_cat=7
split_feature=29 57 2 34 65 69 23 104 74 45 43 22 65 35 22 57 89 28 72 61 65 7 61 19 86 25 17 4 35 22
split_gain=29.1622 22.8153 22.9048 27.1919 22.2932 21.9981 32.1856 24.9789 21.448 18.189 17.5924 16.7445 15.7333 15.5719 14.8317 14.7222 17.0705 15.5597 14.4884 13.1481 13.1179 15.2034 14.7388 12.3472 12.1059 16.5661 17.1995 11.9465 15.2867 12.4918
threshold=101.41500000000001 0.67116058609407869 0 485.00000000000006 1 2 1146.3900000000001 0.17806641282953492 2279.2400000000002 -399.23499999999996 -0.99500000000000444 4073.5600907029484 3 2345.0000000000005 4518.6621315192751 0.91814903178720464 0.39339826839826841 92.480000000000004 138.30500000000004 4 5 1.5000000000000002 6 302.03166666666669 -14.378041350400983 797.08000000000004 0.54551163853012408 6.5000000000000009 3145.0000000000005 4554.2630385487546
decision_type=2 2 9 2 1 9 2 2 2 2 2 2 1 2 2 2 2 2 2 1 1 2 1 2 2 2 2 2 2 2
left_child=1 11 3 -3 -5 8 7 -7 12 -9 20 -1 14 -12 -2 16 23 19 -8 -17 22 -22 -4 -11 25 -19 -27 28 29 -10
right_child=5 2 10 4 -6 6 18 9 27 15 13 -13 -14 -15 -16 17 -18 24 -20 -21 21 -23 -24 -25 -26 26 -28 -29 -30 -31
leaf_value=-0.54771287632800925 -0.12826745963151787 2.3924705164931197 0.29011686170984774 -0.075698151669058689 2.3259074230116554 -1.3376780513320776 0.42400169082695921 -2.4572442102026799 -1.007650583340636 -0.51856276734190843 -0.7448825474524633 0.56851386142919302 1.3006225863303271 1.7967151285967651 0.92129559859224774 -0.32887208933170237 -0.095185475954033913 -0.10302338764221233 -3.490700572010569 0.22672145365217064 0.035025139003496977 0.44655352448937152 -0.25067535565369925 0.45566017934389258 0.48758150208388251 -0.35013609735616619 -2.0987376702885689 2.7640639617007423 -3.4083871529226855 0.91874603295628787
leaf_weight=33.691172987222672 130.87355607748032 42.816241204738617 144.51492024958134 234.13909222185612 164.7828488945961 60.061261937022209 27.639147281646729 27.740141600370407 70.78551073372364 58.852779865264893 68.312388151884079 375.37799872457981 201.63089139759541 29.098006948828697 55.883437767624855 87.893023669719696 409.97413089871407 259.86936813592911 99.541479706764221 320.25430431962013 388.40415486693382 96.47278156876564 250.30860088765621 325.86811579763889 35.458147600293159 106.85356625914574 130.47876459360123 29.57265892624855 91.702982619404793 78.844198346138
leaf_count=45 247 97 209 397 344 86 56 49 127 82 104 519 481 73 124 117 541 385 244 421 544 131 353 443 49 141 217 49 206 177
internal_value=0.000721635 0.00556475 0.00256535 0.0118656 0.00807008 -0.00267054 -0.00532562 -0.0036566 0.00518651 -0.00257649 -0.00174277 0.0159681 0.012797 -0.0219222 0.00159684 -0.00193445 0.00307621 -0.00616692 -0.0296721 0.00117884 0.000471916 0.00592235 -0.00621428 0.010641 -0.0117956 -0.0138085 -0.0233587 -0.00553295 -0.00920846 0.000643015
internal_weight=4437.7 1827.92 1418.85 441.738 398.922 2609.78 1950.48 1823.3 659.293 1763.24 977.111 409.069 388.388 97.4104 186.757 1735.5 794.695 940.807 127.181 408.147 879.7 484.877 394.824 384.721 532.66 497.202 237.332 270.905 241.333 149.63
internal_count=7058 2816 2252 838 741 4242 2831 2531 1411 2445 1414 564 852 177 371 2396 1066 1330 300 538 1237 675 562 525 792 743 358 559 510 304
cat_boundaries=0 1 2 3 4 5 6 7
cat_threshold=48 104202 32 120468 4 14806 2
is_linear=0
shrinkage=0.05


Tree=61
num_leaves=31
num_cat=3
split_feature=70 24 56 60 19 5 35 42 69 25 44 90 38 35 101 59 38 4 18 72 104 35 28 75 5 42 99 98 5 45
split_gain=34.1869 29.3902 27.3702 20.322 25.8611 19.5444 17.096 16.0794 28.5576 26.948 19.4355 13.8004 13.4982 17.8191 13.3525 13.242 15.2144 13.1854 13.1708 13.115 12.3143 12.0689 15.0776 11.8047 11.1309 15.9833 10.6511 10.6067 15.5594 14.1658
threshold=0 132.53500000000003 0.71892916681989305 1 367.32142857142861 0.59411764705882364 1055.0000000000002 2775.0000000000005 2 1642.4750000000001 101.52999999999997 0.17467581998474443 4605.0000000000009 1395.0000000000002 0.62005913527433376 0.032971589292619355 5580.0000000000009 7.5000000000000009 0.74213858682860245 210.40500000000003 0.7868351632138274 895.00000000000011 171.81500000000003 4183.3050000000012 0.34848484848484851 1815.0000000000002 42.348163265306134 1548.9795918367347 0.19375000000000003 -35.254999999999988
decision_type=9 2 2 1 2 2 2 2 9 2 2 2 2 2 2 2 2 2 2 2 2 2 2 2 2 2 2 2 2 2
left_child=1 -1 -2 4 5 11 14 8 10 15 -6 27 21 -14 -4 16 -10 18 -8 -17 -16 22 26 -9 -23 -26 -5 28 -3 -30
right_child=2 3 6 12 7 -7 17 23 9 -11 -12 -13 13 -15 20 19 -18 -19 -20 -21 -22 24 -24 -25 25 -27 -28 -29 29 -31
leaf_value=-2.4439933982446904 1.7356615223807965 -0.25529377259334318 0.4242258482649035 -0.13262851633373884 0.32792107632842687 1.4368627640849496 -0.5455580773280303 -3.7715348115026788 0.0043348958508094169 -5.9379052585125365 2.2278104139504791 -2.2897598828713215 1.2142544075571127 -0.2163852012203239 -0.85489036524718509 0.59825591757287599 1.585513693430584 1.872145565088799 0.73943483405875421 -0.059418170140237696 -0.097482713226435189 -1.3993794493703717 -1.0155236170379809 1.7753768898884319 4.1423978823658762 -2.3378397334348593 0.56574303218105493 -2.9134562760954736 -0.19077338273381486 2.9201881844508453
leaf_weight=39.163789540529251 79.593678921461105 586.37209412455559 36.93530198931694 210.72748574614525 222.49641959369183 87.887135565280914 61.297044426202774 55.998768091201782 1497.8938926458359 28.828305006027222 157.95377279818058 29.015925675630569 60.499388054013252 110.66796211898327 36.439185410737991 107.79202616214752 61.50196784734726 56.973845809698105 193.05139736831188 59.888146579265594 116.91163943707943 176.8188099116087 39.782789498567581 18.863517910242081 34.750134781002998 81.439774945378304 58.78362649679184 91.08177787065506 39.635344341397285 34.252046674489975
leaf_count=108 121 814 48 301 355 166 121 127 1948 74 369 44 95 244 46 142 80 145 409 81 142 324 76 27 81 181 94 187 78 78
internal_value=0.000362172 -0.00133707 0.0115654 -0.000902452 0.000926408 -0.00638283 0.0074422 0.0038006 0.00459875 0.00184253 0.0168289 -0.00890037 -0.00809117 0.00419457 -0.00436473 0.0026533 0.00121763 0.0146588 0.00978876 0.0160047 -0.0108649 -0.011717 -0.00482804 -0.0189763 -0.0189888 -0.00696681 -0.000586635 -0.00759369 -0.00538721 0.0162355
internal_weight=4473.3 3892.09 581.202 3852.93 3079.46 868.244 501.608 2211.22 2136.35 1755.9 380.45 780.357 773.47 171.167 190.286 1727.08 1559.4 311.322 254.348 167.68 153.351 602.303 309.294 74.8623 293.009 116.19 269.511 751.341 660.259 73.8874
internal_count=7106 6074 1032 5966 4570 1367 911 3203 3049 2325 724 1201 1396 339 236 2251 2028 675 530 223 188 1057 471 154 586 262 395 1157 970 156
cat_boundaries=0 1 2 3
cat_threshold=48 10 36
is_linear=0
shrinkage=0.05


Tree=62
num_leaves=31
num_cat=9
split_feature=70 56 65 24 60 19 65 104 26 52 38 35 71 23 74 61 65 28 56 24 39 103 43 35 19 65 104 48 61 65
split_gain=30.5761 30.6523 25.2675 22.9347 19.7996 24.5151 20.6731 19.2756 16.46 15.926 14.6372 15.3789 14.5466 24.7299 15.9529 17.81 21.6962 18.2793 14.8148 14.1897 13.9916 13.664 13.9993 13.6431 13.5306 12.8201 11.975 11.401 11.2119 14.4372
threshold=0 0.71892916681989305 1 132.53500000000003 2 387.5 3 0.9229171394619784 27.595000000000002 297.17446712018159 4654.4450000000006 895.00000000000011 64.570000000000007 2596.3750000000005 1570.5250000000003 4 5 91.850000000000009 0.94950279528980286 206.09500000000003 3665.0000000000005 1.0000000180025095e-35 -206.29999999999993 1055.0000000000002 713.43000000000006 6 0.93266027132687679 0.81932420138874462 7 8
decision_type=9 2 1 2 1 2 1 2 2 2 2 2 2 2 2 1 1 2 2 2 2 2 2 2 2 1 2 2 1 1
left_child=3 -2 23 -1 5 6 27 -4 -8 12 11 25 14 18 15 16 -7 -18 26 -17 -12 22 -11 -3 -16 -6 -14 -5 -10 -30
right_child=1 2 7 4 10 9 8 -9 28 21 20 -13 13 -15 24 19 17 -19 -20 -21 -22 -23 -24 -25 -26 -27 -28 -29 29 -31
leaf_value=-2.061875436939073 1.759322210992859 -0.053927962183711035 -0.13572683247622166 0.50851413378581689 -0.40499349350060215 0.38573493450497698 -0.83046149472089326 0.45496248705504033 0.2691629984334824 -2.1574424947496045 -2.6385008817690307 -1.4469147860653579 -0.26294902108731294 -1.711579024776593 -4.2446204020951086 0.38229182357996838 0.12677224318977878 -0.34341795128785191 2.0068143298494334 0.032875943274931534 0.64294981595639777 -1.1313313657168382 0.14320933596596783 1.5603024767456788 0.053052899605471285 0.23516406042256738 0.9845334011303486 -0.80396520731672005 0.30002944523318131 -0.50284752519052633
leaf_weight=42.858680590987206 82.038884490728378 23.01458215713501 243.67165099084377 25.196557715535164 168.25929760932922 165.17829856276512 106.19679765403271 159.83387047052383 368.11592595279217 49.79228612780571 20.467217892408371 302.41822943091393 57.822519674897194 51.135132163763046 27.679725348949432 466.65412575006485 65.331650227308273 217.70819702744484 178.54483625292778 277.61984232068062 143.11327578127384 65.119709178805351 368.03608512878418 88.661023035645485 30.600876867771149 130.91694918274879 44.187019675970078 268.95864225924015 106.24483896791935 134.24022673070431
leaf_count=115 125 32 435 48 253 206 160 249 576 94 53 613 106 103 54 610 84 277 385 387 261 91 476 216 40 202 68 427 145 223
internal_value=0.000364653 0.0107986 0.00645915 -0.00126493 -0.000862172 0.000937906 -0.00544722 0.000287076 -0.000724493 0.00406158 -0.0080023 -0.0117129 0.0064871 0.0157962 0.00401844 0.00526678 -0.00260722 -0.0108276 0.0216248 0.0100087 0.00515501 -0.00388604 -0.000565833 0.0263728 -0.0215242 -0.00367544 0.00642416 -0.0163432 0.00243481 -0.00596156
internal_weight=4479.62 597.22 515.181 3882.4 3839.54 3074.36 1008.95 403.506 714.798 2065.41 765.175 601.594 1582.46 331.69 1250.77 1192.49 448.218 283.04 280.554 744.274 163.58 482.948 417.828 111.676 58.2806 299.176 102.01 294.155 608.601 240.485
internal_count=7114 1057 932 6057 5942 4560 1579 684 1104 2981 1382 1068 2320 662 1658 1564 567 361 559 997 314 661 570 248 94 455 174 475 944 368
cat_boundaries=0 1 2 3 4 5 6 7 8 9
cat_threshold=48 579 10 132692 1 223746 355522 2 90112
is_linear=0
shrinkage=0.05


Tree=63
num_leaves=31
num_cat=2
split_feature=29 70 39 77 74 91 82 47 22 67 34 34 62 44 98 24 37 19 82 24 24 38 103 5 76 16 53 72 30 72
split_gain=27.9828 29.1304 20.3499 19.7213 16.9747 17.0507 15.7449 15.18 14.0647 13.8385 32.0595 27.5198 21.6811 23.4723 16.9982 16.4275 16.0175 15.9118 15.1348 13.6438 13.3751 15.13 12.5108 12.2566 16.3906 11.9208 15.1589 11.7728 12.5601 11.618
threshold=168.00500000000002 0 3645.0000000000005 0.8452055459819191 219.95500000000001 0.024695121951219503 2767.5520000000006 0.55226660220946022 3880.0000000000005 1 485.00000000000006 825.00000000000011 1.0000000180025095e-35 51.294999999999995 521.31519274376433 234.60500000000005 355.00000000000006 418.66071428571428 3809.6350000000007 142.15500000000003 360.4500000000001 4885.0000000000009 0.072619047619047625 0.38750000000000007 2572.2350000000006 0.24038461538461539 -12.298159702209173 226.33000000000001 0.20163567001852503 284.89500000000004
decision_type=2 9 2 2 2 2 2 2 2 9 2 2 2 2 2 2 2 2 2 2 2 2 2 2 2 2 2 2 2 2
left_child=1 2 3 4 -1 27 -5 -3 -2 11 -11 12 13 14 15 -4 18 -14 29 -10 -18 -22 25 -20 -25 -21 -27 28 -6 -12
right_child=8 7 9 6 5 -7 -8 -9 19 10 16 -13 17 -15 -16 -17 20 -19 23 22 21 -23 -24 24 -26 26 -28 -29 -30 -31
leaf_value=0.47881098085699991 -3.3194159831157481 1.7190329000665614 0.13604886916766948 -0.17844185209685648 0.015434277635238658 0.88622070850442547 -1.9461506063397858 0.59327243425917053 -0.98300547683251416 2.1496104182061289 0.077611212832242427 -5.3459029390806414 -0.94212034196440309 -1.0771415138940341 0.6108023251585778 -0.65167077794747574 0.85225293491160414 0.028384262739860413 -1.4282378839831766 -0.063614109780158398 0.64503872064239554 -2.9061583494114234 -0.93524278943995931 1.5023202605550674 -0.25590272809376202 -2.5654864114307134 0.32532673564677134 0.12197107818536423 -0.59007473911514141 1.4565583689498649
leaf_weight=117.59140393137932 44.498332887887955 89.750517532229424 472.10629813373089 402.54335628449917 182.14504784345627 58.066203027963638 59.07262647151947 73.095240414142609 36.362218528985977 74.221594467759132 147.59128554165363 38.778375387191772 66.850512802600861 46.587936371564865 217.94383746385574 36.459345579147339 336.7587598413229 63.692393928766251 86.118548527359962 878.24565771222115 26.013636723160744 28.971152976155281 87.331095233559608 28.6575708091259 38.675042718648911 35.500700652599335 31.562826886773109 295.30207394063473 320.59529106318951 48.724113404750824
leaf_count=242 68 137 672 584 223 80 118 111 91 161 271 95 90 62 288 56 601 83 148 1332 55 65 125 66 70 56 44 432 579 75
internal_value=4.30184e-06 0.00228299 0.0011899 -0.00322385 0.000811594 -0.00163511 -0.0117359 0.0222778 -0.00686412 0.00479996 0.00956794 0.000672916 0.00244289 0.00562542 0.00783163 0.00282496 0.00643191 -0.0164046 -0.00134524 -0.00571762 0.0133757 -0.00948852 -0.00465763 -0.0131094 0.00287165 -0.00298487 -0.0233038 -0.00353849 -0.00819283 0.00785029
internal_weight=4469.81 3356.31 3193.47 1435.32 973.7 856.109 461.616 162.846 1113.5 1758.15 815.732 942.419 903.64 773.097 726.509 508.566 741.51 130.543 349.767 1069 391.744 54.9848 1032.64 153.451 67.3326 945.309 67.0635 798.042 502.74 196.315
internal_count=7080 5364 5116 2258 1556 1314 702 248 1716 2858 1512 1346 1251 1078 1016 728 1351 173 630 1648 721 120 1557 284 136 1432 100 1234 802 346
cat_boundaries=0 1 2
cat_threshold=49 1
is_linear=0
shrinkage=0.05


Tree=64
num_leaves=31
num_cat=4
split_feature=29 50 3 74 56 65 28 50 17 65 24 22 54 19 16 106 29 38 25 47 73 96 28 85 45 98 5 24 50 65
split_gain=32.2057 24.2127 22.8773 33.7878 21.9835 17.5389 14.9374 13.8818 15.4011 17.4185 13.4179 14.6241 13.4201 13.9117 16.4344 18.9536 16.1341 15.1883 13.3719 12.7796 12.7595 12.2258 11.9443 11.6699 10.9831 10.2468 10.087 10.0701 11.3785 9.53363
threshold=117.07000000000002 0.26122846345757683 0 574.66500000000008 0.71892916681989305 1 217.28500000000003 -0.015601477571390548 0.66317229372884545 2 138.75500000000002 3942.4036281179146 -60.019133463122266 798.00000000000023 0.21111111111111114 0.51000000000000012 137.30000000000004 5902.8000000000002 526.55500000000018 0.56301942043042652 3853.8800000000006 616.09977324263048 161.80500000000004 -20.660738131029699 163.4550000000003 1154.875283446712 0.34848484848484851 171.67000000000002 0.0027406409144325504 3
decision_type=2 2 9 2 2 1 2 2 2 1 2 2 2 2 2 2 2 2 2 2 2 2 2 2 2 2 2 2 2 1
left_child=1 2 4 20 21 -5 10 -6 9 27 -2 22 -13 14 15 17 -16 29 -15 -10 -4 -1 24 -17 -12 -7 -27 28 -9 -14
right_child=6 -3 3 5 7 25 -8 8 19 -11 11 12 13 18 16 23 -18 -19 -20 -21 -22 -23 -24 -25 -26 26 -28 -29 -30 -31
leaf_value=1.1066838723914914 -0.75583066139073951 1.0597181224708387 1.7338013036994029 -0.079135465902393787 -0.34949288820573798 3.0406284210763035 -1.5542694449355228 0.029755008065161806 0.62487149150919952 -0.21336083849597573 -0.24402358377466771 -0.45051894033436857 -0.46431908175256797 -0.11343343654635732 0.34036710276152676 0.4369455482223259 -1.5267411658708809 1.1812566932167343 0.79214036910272512 -0.040812577412214605 -0.042309471469683051 -0.046269496846932157 -1.6738813876074674 0.041852892789881579 -1.7514124060172294 -1.1872482227621475 2.2882847382620199 -0.044977948395874282 0.49507353204446791 -0.050116144003253552
leaf_weight=73.116009145975113 40.928566172719002 109.70167687535286 101.35928413271904 282.08525593578815 210.0860415995121 37.516073912382126 44.180307507514954 135.42209635674953 76.719013959169388 389.90782874822617 275.57521790266037 80.100577637553215 415.22500543296337 36.048086076974869 66.961071714758873 263.68447616696358 159.89569872617722 73.812788426876068 79.436072781682014 45.086804434657097 17.262081250548363 29.978383660316467 36.725918292999268 514.86275687813759 33.970851317048073 24.4363843947649 77.941713780164719 213.4591138958931 91.781827941536903 422.56747734546661
leaf_count=105 99 155 231 491 312 74 86 166 98 544 405 122 657 52 112 445 276 125 115 71 37 42 56 835 49 53 157 310 120 669
internal_value=-0.000296688 0.00459943 0.00321415 0.0117121 -0.000504436 0.00530128 -0.00398394 -0.0024709 9.53395e-05 -0.00233959 -0.00347459 -0.00300198 -0.00144086 -0.000649735 -0.00166504 3.10517e-05 -0.0143014 -0.00486214 0.016204 0.0166987 0.0355051 0.0216199 -0.0125263 0.00576052 -0.0093277 0.01905 0.0122201 0.00446391 0.0118915 -0.00677781
internal_weight=4459.83 1915.86 1806.16 540.601 1265.56 421.979 2543.97 1162.46 952.377 830.571 2499.79 2458.87 2112.59 2032.49 1917.01 1690.15 226.857 911.605 115.484 121.806 118.621 103.094 346.272 778.547 309.546 139.894 102.378 440.663 227.204 837.792
internal_count=7069 2966 2811 1043 1768 775 4103 1621 1309 1140 4017 3918 3408 3286 3119 2731 388 1451 167 169 268 147 510 1280 454 284 210 596 286 1326
cat_boundaries=0 1 2 3 4
cat_threshold=1084 496394 117324 296794
is_linear=0
shrinkage=0.05


Tree=65
num_leaves=31
num_cat=8
split_feature=29 65 46 28 104 22 29 74 3 65 61 19 17 61 72 60 26 79 101 56 5 34 65 18 39 28 65 33 38 103
split_gain=25.416 22.5885 24.89 19.6388 15.7903 15.4922 15.0221 13.8993 20.1299 16.6648 13.4937 12.8628 12.5659 17.6385 11.0683 11.8858 10.8408 10.0439 10.03 11.3259 10.0083 18.0512 9.94526 9.7767 9.70963 12.0004 11.0782 13.1471 9.266 13.2845
threshold=117.07000000000002 0 0.81936563776042504 231.96000000000001 0.14485724643554487 6075.7029478458062 50.415000000000013 845.55500000000006 1 2 3 829.17000000000019 0.54895964386225005 4 127.43000000000002 5 171.72000000000003 1.0000000180025095e-35 0.84334488204522706 0.99999717154530343 0.76388888888888895 2785.0000000000005 6 0.63497273729478498 3890.0000000000009 188.18000000000004 7 275.00000000000006 4364.1250000000009 0.04880952380952381
decision_type=2 1 2 2 2 2 2 2 9 1 1 2 2 1 2 1 2 2 2 2 2 2 1 2 2 2 1 2 2 2
left_child=1 2 23 4 -2 10 -7 24 18 12 -3 20 13 -10 17 22 -12 -4 19 -9 21 28 -16 -1 25 -6 27 -26 29 -11
right_child=3 5 14 -5 7 6 -8 8 9 11 16 -13 -14 -15 15 -17 -18 -19 -20 -21 -22 -23 -24 -25 26 -27 -28 -29 -30 -31
leaf_value=-0.0025853022330892374 -1.1016132012216666 0.22493148823206469 1.2294577536934499 -3.0576703692236276 -0.017027427792383778 1.4840472036468784 -1.0933934491404032 -0.37847818637437813 -0.3306159104244813 -0.53291945560602039 -0.12048047753942921 0.61832812433856932 -0.10134413624263505 0.93415051191805853 -0.15295589677501376 -0.1923543951790645 0.72049479745788725 0.094297004416203839 -1.7846538532428822 -1.1981392370717503 3.6227192336119631 -3.9685722494991524 0.33253662886387803 1.4736270416036632 0.13394557868322751 -1.2565333246797132 0.24555059283576883 -0.45985241009542083 -0.043336602427641126 -1.3116956987843387
leaf_weight=24.249421030282974 54.157027721405029 402.33893582224846 47.217406123876572 25.698988974094391 325.94644746184349 84.51649521291256 22.528232887387276 109.09122584760189 62.642779603600502 319.74724170565605 647.18111582100391 28.955935269594193 263.64879651367664 158.88942968845367 86.00245612859726 153.2186094224453 63.462632104754448 74.509446278214455 55.358516231179237 32.740105286240578 26.260609060525894 38.309283509850502 168.18907600641251 147.07430408895016 102.29200237989426 29.046734243631363 371.04369862377644 75.774044677615166 418.4055241048336 38.259549483656883
leaf_count=40 89 615 101 50 514 140 50 164 115 486 927 39 462 244 113 252 136 108 102 57 52 96 225 271 149 45 569 135 660 52
internal_value=0.000340737 0.0046799 0.011757 -0.00294492 -0.00249978 0.000516081 0.0186881 -0.00191099 -0.00478135 -0.00250662 -0.00122704 -0.00662371 0.00486009 0.0137385 0.00656178 0.00260899 -0.00536952 0.0197915 -0.0193074 -0.0132415 -0.00782801 -0.00880728 0.0090549 0.0284889 0.0030173 -0.0034271 0.00718352 -0.0031756 -0.00715409 -0.0130591
internal_weight=4456.76 1920.49 700.461 2536.27 2510.57 1220.03 107.045 2456.41 1552.31 1355.12 1112.98 869.938 485.181 221.532 529.137 407.41 710.644 121.727 197.19 141.831 840.982 814.722 254.192 171.324 904.103 354.993 549.11 178.066 776.412 358.007
internal_count=7058 2978 1110 4080 4030 1868 190 3941 2529 2206 1678 1385 821 359 799 590 1063 209 323 221 1346 1294 338 311 1412 559 853 284 1198 538
cat_boundaries=0 1 2 3 4 5 6 7 8
cat_threshold=117253 1042 501764 2 4 2 32772 298112
is_linear=0
shrinkage=0.05


Tree=66
num_leaves=31
num_cat=4
split_feature=29 65 87 28 90 18 61 56 65 19 103 61 95 27 19 47 57 43 4 76 97 57 89 27 17 85 77 6 74 76
split_gain=29.5396 21.2677 24.4655 19.8206 16.1413 14.0369 11.8239 12.3754 10.4818 15.1865 13.0362 11.6552 16.4127 14.8422 11.6307 11.308 10.6798 10.0343 12.8456 9.94834 9.87264 9.5675 9.40803 8.88204 8.38376 10.9846 8.64197 10.3201 9.75299 8.41944
threshold=117.07000000000002 0 0.81792148691837518 231.96000000000001 0.18537609774723171 0.61548320765141296 1 0.61131389268216441 2 326.12500000000011 0.04880952380952381 3 795.21500000000003 75.485000000000028 607.08333333333337 0.8679586511361872 0.63301631653379664 -2.2799999999999723 5.5000000000000009 1597.8350000000003 1623.8095238095241 0.99594317776743957 0.63998463114754112 175.23500000000004 0.6714704200351358 -14.421822949177777 0.83686576923584488 12.500000000000002 226.81500000000003 927.7750000000002
decision_type=2 1 2 2 2 2 1 2 1 2 2 1 2 2 2 2 2 2 2 2 2 2 2 2 2 2 2 2 2 2
left_child=1 2 5 4 8 -1 21 -8 10 -10 11 12 -2 16 22 -11 -14 18 -4 -7 -15 -3 -12 -22 26 -26 27 28 -9 -28
right_child=3 6 17 -5 -6 19 7 24 9 15 14 -13 13 20 -16 -17 -18 -19 -20 -21 23 -23 -24 -25 25 -27 29 -29 -30 -31
leaf_value=-0.059445896149124877 0.24801838012638022 0.54485430077974117 0.15034180927714325 -2.9047868507624459 -2.0207584394956193 1.3816307655915006 0.97714731858957293 0.46691193260502928 -1.1937066584457277 -0.12668690750529663 -0.96231569823030727 0.21472025325780875 0.030414041762238497 1.9892460395316249 -1.1511381549709949 0.34901810563178515 -0.77925356136579182 -0.23313775489616689 0.96955039303118018 1.7134827625808169 0.83884609712047364 0.075941761421507437 0.05849473097428444 -2.3360038600297872 -0.045713395696519402 0.98263712257454827 -0.30326540833469412 0.16467070807110673 -0.17649732927668538 -0.10528925161561774
leaf_weight=27.609086319804192 103.3420185148716 191.45531962811947 411.21223872900009 24.155182331800461 42.451847031712532 114.31370028853416 46.239653632044792 29.298945352435112 208.61448714137077 691.90435448288918 42.672813385725021 971.50382439792156 37.925427138805389 39.76904733479023 37.141343027353287 72.421573787927628 167.31603607535362 79.866790130734444 49.037870496511459 32.652021437883377 33.169658541679382 250.38603056967258 47.506151005625725 26.383828401565552 37.393977284431458 39.893677294254303 162.71224398910999 44.946806102991104 292.00277896225452 130.01845934987068
leaf_count=45 149 281 589 48 74 201 73 55 377 1132 72 1505 52 85 45 108 273 136 89 74 76 408 63 57 66 58 201 69 455 205
internal_value=0.000496137 0.00514594 0.0119259 -0.00304478 -0.00261307 0.0283648 0.001082 -0.00260138 -0.0020897 -0.00610157 0.000537813 0.00195434 -0.00513858 -0.0109808 -0.0147669 -0.00290075 -0.0186592 0.00683343 0.00967236 0.03451 0.00488596 0.00762979 -0.00506844 -0.007996 -0.00417716 0.0114023 -0.00600438 -0.000885365 -0.00402454 -0.012409
internal_weight=4485.32 1939.04 714.692 2546.28 2522.12 174.575 1224.35 782.507 2479.67 972.94 1506.73 1379.41 407.906 304.564 127.32 764.326 205.241 540.117 460.25 146.966 99.3225 441.841 90.179 59.5535 736.267 77.2877 658.979 366.249 321.302 292.731
internal_count=7121 3005 1134 4116 4068 320 1871 1182 3994 1617 2377 2197 692 543 180 1240 325 814 678 275 218 689 135 133 1109 124 985 579 510 406
cat_boundaries=0 1 2 3 4
cat_threshold=117253 2 342279 4
is_linear=0
shrinkage=0.05


Tree=67
num_leaves=31
num_cat=5
split_feature=29 70 77 36 65 65 53 74 82 45 74 69 22 7 82 24 43 31 22 19 55 69 45 94 29 47 53 57 16 99
split_gain=25.6905 24.2395 20.5819 24.1646 18.9087 18.6987 15.4561 13.7137 13.0816 12.6402 12.4198 12.0481 19.8164 16.519 18.0201 15.4944 15.0192 12.7195 13.0039 11.5561 12.123 12.8781 12.4059 11.2341 11.2311 10.6103 10.454 11.4085 11.0452 11.6142
threshold=133.59 0 0.83307964075299601 310.00000000000017 1 2 -22.7930954304903 1551.7350000000004 3742.6100000000001 -201.60499999999993 836.20500000000004 3 4005.3174603174607 1.5000000000000002 4033.882000000001 221.60000000000002 -120.42 865.00000000000011 4923.4467120181416 435.85714285714283 0.052289815447710157 4 27.175000000000015 382.22715419501139 189.78500000000003 0.55226660220946022 -23.082303606228859 0.65152220817649842 0.16228070175438594 -2.3978684807256623
decision_type=2 9 2 2 1 1 2 2 2 2 2 9 2 2 2 2 2 2 2 2 2 9 2 2 2 2 2 2 2 2
left_child=1 2 5 4 -4 7 -5 -1 9 -6 23 12 -2 17 24 26 -17 -13 -19 20 21 22 -7 -8 -15 -3 -14 -28 29 -29
right_child=11 25 3 6 8 19 10 -9 -10 -11 -12 13 15 14 -16 16 -18 18 -20 -21 -22 -23 -24 -25 -26 -27 27 28 -30 -31
leaf_value=0.073909370844548058 -2.1048938000135133 1.5534834987000439 -0.58752599249079229 0.86628805448176538 -1.3697339106399995 0.19294656824110634 0.01748111695808632 -1.6566240936551282 0.19801450376155857 -0.11616741877890036 -0.85943791539293179 1.8821382355840954 -0.60600641135050426 1.8897837375550439 -1.9910102325206354 -0.24780539607031457 -2.3666509602094141 -0.12205743073348573 1.2095935649514502 0.57020777267570111 0.87598818098389164 -0.083251612505544872 1.7060646519584708 0.30514015707175873 -0.30743076469190389 0.59399826068863326 0.36118735749043085 -0.41107046718365403 -1.5710788526909178 0.070170263860398222
leaf_weight=604.44627977907658 55.388949826359749 86.167247265577316 232.31812706589699 61.279780074954033 52.840267404913902 96.326675653457642 308.03763821721077 131.1499736905098 156.14570562541485 283.38741873204708 105.98332878947258 72.824777811765671 79.795506820082664 35.17603275179863 100.23878276348114 107.03016033768654 62.684536129236221 191.73709315061569 101.87399062514305 349.52516181766987 46.392833948135376 277.29117213189602 73.745256125926971 83.173923075199127 34.792890220880508 72.634386897087097 111.72983641922474 119.30677047371864 43.486756041646004 315.56475611031055
leaf_count=912 74 131 341 90 103 203 435 283 240 395 219 156 107 70 223 155 108 376 221 567 73 391 149 132 55 108 147 145 64 387
internal_value=0.000216502 0.00283111 0.00172882 -0.00296849 -0.00899192 0.00555731 0.00484768 -0.000334271 -0.00312568 -0.00874311 0.00192747 -0.00530051 -0.00880014 0.000687168 -0.0121715 -0.00698751 -0.0204822 0.00667871 0.00203934 0.0105751 0.00577589 0.00325291 0.0136302 0.00604064 0.00730112 0.0212504 -0.00356865 -0.00127174 -0.0046317 -0.00222912
internal_weight=4452.48 3020.85 2862.04 1283.17 724.692 1578.88 558.475 735.596 492.373 336.228 497.195 1431.63 894.987 536.644 170.208 839.598 169.715 366.436 293.611 843.281 493.756 447.363 170.072 391.212 69.9689 158.802 669.884 590.088 478.358 434.872
internal_count=7060 4772 4533 1955 1079 2578 876 1195 738 498 786 2288 1187 1101 348 1113 263 753 597 1383 816 743 352 567 125 239 850 743 596 532
cat_boundaries=0 1 2 3 4 5
cat_threshold=49 8410 430856 3 32
is_linear=0
shrinkage=0.05


Tree=68
num_leaves=31
num_cat=5
split_feature=72 104 29 42 5 7 5 94 71 97 101 18 65 73 65 5 7 72 104 65 6 24 65 58 65 30 30 72 44 35
split_gain=24.0091 19.7911 17.7738 19.658 42.6765 35.9005 35.5123 28.9275 28.3584 17.5298 16.2586 22.3584 16.2436 15.4275 13.6941 13.5404 14.372 13.3569 22.6958 13.8834 13.4469 13.1569 16.6243 12.796 12.7482 12.7272 11.4137 11.273 11.2221 11.2151
threshold=124.78500000000001 0.14485724643554487 194.45500000000001 915.00000000000011 0.34848484848484851 1.0000000180025095e-35 0.17424242424242423 1376.3190362811795 310.86000000000007 1943.0839002267576 0.6173657526099624 0.50889489524400022 0 588.31000000000006 1 0.76388888888888895 1.0000000180025095e-35 270.53000000000003 0.95721974215534522 2 9.5000000000000018 188.60000000000005 3 0.021549076178741005 4 0.10012855698051697 0.35552800702210979 74.210000000000022 136.0750000000001 615.00000000000011
decision_type=2 2 2 2 2 2 2 2 2 2 2 2 1 2 1 2 2 2 2 1 2 2 1 2 1 2 2 2 2 2
left_child=12 -2 3 6 5 7 10 23 9 -6 11 -3 25 -8 28 16 -11 20 19 -19 29 22 -13 -5 -23 -1 -27 -28 -4 -12
right_child=1 2 14 4 8 -7 13 -9 -10 15 17 21 -14 -15 -16 -17 -18 18 -20 -21 -22 24 -24 -25 -26 26 27 -29 -30 -31
leaf_value=-0.044253637468978015 -1.0039133800861308 -0.42549544809557782 -0.25229152161998275 1.8180132156865512 3.0161738581543149 -4.6162805347789444 1.8702755007646061 -2.5304777228945063 -4.3197759501337831 2.7241787583606154 -0.035197763336221759 0.052093763586596259 0.068449204808204919 0.12445458477799605 -0.72501188623840607 1.3043632892841721 -1.5432153323687829 0.10543571408638092 0.38004692275290464 -0.6192157498057157 0.55462120322705466 0.63417733515512342 0.78442903834432309 -0.013426868557249351 -0.06704022720952639 1.4328192730940872 0.73510397367855385 -0.26001411941202052 2.4919625554950509 -0.39679890757245906
leaf_weight=60.199191272258759 54.954225316643715 52.351896524429321 265.73679038882256 50.419023081660271 107.62179559469223 172.16337636113167 91.571035236120224 78.788864478468895 46.357587888836861 41.249409571290016 479.69149422645569 180.57486101984978 543.41012518107891 54.024241179227829 378.87903463840485 81.326573103666306 139.90034624934196 176.22923694550991 180.19038692116737 85.344977855682373 59.04852057993412 85.135464817285538 191.19179230928421 64.841487228870392 193.80007150769234 78.177591755986214 97.161462038755417 29.77580600976944 48.84094063937664 288.09381014108658
leaf_count=93 88 68 381 84 220 399 210 189 100 72 642 236 892 104 554 139 285 245 222 129 76 130 255 106 275 134 207 57 115 389
internal_value=0.000279211 -0.00144856 -0.000993149 0.000726447 -0.00604441 -0.0184951 0.00322939 -0.00374932 0.00490417 0.0095219 0.00146971 0.00756879 0.00807357 0.0270589 -0.0081842 0.00255394 -0.00505524 -0.00191038 0.00510861 -0.00429762 -0.00566052 0.0100979 0.0162564 0.0122117 0.00188988 0.0179576 0.0245672 0.015311 -0.000229633 -0.00742882
internal_weight=4457.05 3648.33 3593.37 2899.92 782.668 366.213 2117.25 194.049 416.456 370.098 1971.65 703.054 808.724 145.595 693.457 262.476 181.15 1268.6 441.765 261.574 826.834 650.702 371.767 115.261 278.936 265.314 205.115 126.937 314.578 767.785
internal_count=7096 5713 5625 4575 1594 778 2981 379 816 716 2667 964 1383 314 1050 496 357 1703 596 374 1107 896 491 190 405 491 398 264 496 1031
cat_boundaries=0 1 2 3 4 5
cat_threshold=66135 383752 491648 13778 8842
is_linear=0
shrinkage=0.05


Tree=69
num_leaves=31
num_cat=4
split_feature=29 56 2 34 50 5 104 65 25 19 28 43 76 36 35 36 13 5 74 65 47 75 28 24 104 49 46 65 24 101
split_gain=24.6468 21.5102 24.337 24.2264 18.9057 18.5694 14.6179 13.6222 12.5955 12.0721 15.643 14.5018 12.9168 12.0337 22.1751 14.9366 15.9722 11.7372 11.6731 10.977 12.8778 11.2871 10.8563 11.3764 10.3544 11.8456 11.0116 12.5779 10.5009 12.4853
threshold=117.07000000000002 0.64037253211956369 0 485.00000000000006 0.26696134849606518 0.86607142857142871 0.17806641282953492 1 273.83500000000009 346.44333333333338 170.64500000000001 -275.91999999999979 1163.9400000000003 650.00000000000034 1195.0000000000002 365.00000000000006 0.19090909090909094 0.30952380952380959 865.43500000000006 2 0.61635780423302167 655.57000000000005 211.18500000000003 142.15500000000003 0.94626960595492504 0.068543585399813353 0.57643920519251346 3 165.82500000000002 0.82439472412826909
decision_type=2 2 9 2 2 2 2 1 2 2 2 2 2 2 2 2 2 2 2 1 2 2 2 2 2 2 2 1 2 2
left_child=1 -1 3 -3 7 -5 -2 -4 -9 10 12 -11 -8 14 15 18 -17 -16 24 -14 -21 -22 23 -13 26 -26 -10 -28 29 -29
right_child=6 2 4 5 -6 -7 9 8 13 11 -12 22 19 -15 17 16 -18 -19 -20 20 21 -23 -24 -25 25 -27 27 28 -30 -31
leaf_value=1.2798908423596431 -0.90632023483532653 1.8335264533888136 0.41195433112788893 0.26859143103769173 0.83224619099618169 1.0050532062619582 0.35697587794779406 0.41245125916166359 0.12735703923025171 -1.6295239156747798 -1.2940295965040924 -0.65863201319261178 -1.4231289854509583 2.3347640147040751 -9.4106559837441104 -0.0024819370040571444 0.93373225143741223 -1.9545237545846703 0.47815160172603477 0.083423376296365606 -1.7331577419026045 0.076414977283064192 -0.75754680208924352 0.026972702941181481 -0.21909495645282392 0.036846706727762073 0.011691107604461593 -0.30067344309386218 -0.62026028943531208 0.18501518621267135
leaf_weight=90.900912776589394 71.061378210783005 43.486976876854897 116.30130454897881 389.78590302169323 81.609597980976105 74.542431399226189 143.57259713113308 31.672479599714279 25.956768363714218 36.897729143500328 73.658510938286781 47.665435910224915 114.9711901396513 60.939335718750954 41.327275022864342 91.928848117589951 43.333936631679535 58.546613574028015 53.243123009800911 161.91702474653721 50.888510227203369 36.969449535012245 67.87284180521965 1762.1649374216795 75.818435490131378 287.01747639477253 99.700448110699654 113.18618792295456 107.81051415205002 43.060262203216553
leaf_count=147 121 99 180 695 112 182 245 40 33 67 128 104 216 125 110 114 53 123 69 292 87 84 121 2676 97 366 125 137 144 49
internal_value=-0.00017063 0.0040983 0.00292488 0.0121135 -0.000665646 0.00900989 -0.00337971 -0.00219311 -0.00388202 -0.00274322 -0.00904952 -0.000826313 -0.00592904 -0.00480985 -0.00607413 -0.00369669 0.0116782 -0.0284754 -0.00627756 -0.0109296 -0.00426677 -0.01985 -0.000216315 0.000519937 -0.00787828 -0.00179998 -0.0135374 -0.0157825 -0.021102 -0.0136187
internal_weight=4497.81 1930.17 1839.27 507.815 1331.45 464.328 2567.64 1249.84 1133.54 2496.58 581.977 1914.6 508.319 1101.87 1040.93 941.056 135.263 99.8739 805.793 364.746 249.775 87.858 1877.7 1809.83 752.55 362.836 389.714 363.757 264.057 156.246
internal_count=7141 3000 2853 976 1877 877 4141 1765 1585 4020 1052 2968 924 1545 1420 1187 167 233 1020 679 463 171 2901 2780 951 463 488 455 330 186
cat_boundaries=0 1 2 3 4
cat_threshold=48 521 443472 165952
is_linear=0
shrinkage=0.05


Tree=70
num_leaves=31
num_cat=4
split_feature=29 56 2 34 28 104 65 104 101 24 36 33 82 7 31 73 39 45 65 65 76 106 47 54 104 23 91 37 58 58
split_gain=23.7356 24.7345 19.9437 25.3324 19.7289 18.0351 17.3495 15.7745 12.6167 12.9789 17.0333 12.2463 12.2658 20.5193 22.9047 14.6642 12.1401 18.8844 16.3701 14.9547 13.3264 12.0941 11.8135 11.6757 11.5294 11.0912 10.5672 11.3723 9.85905 9.64312
threshold=53.120000000000012 0.64037253211956369 0 485.00000000000006 231.96000000000001 0.94735657350062874 1 0.11945853389692172 0.38740742502105541 164.83500000000004 335.00000000000006 1775.0000000000002 4897.5920000000015 1.0000000180025095e-35 595.00000000000011 3797.1100000000001 3870.0000000000009 -201.60499999999993 2 3 980.49000000000012 0.15000000000000005 0.7784939700462522 -36.704269644211358 0.919741575848258 412.64500000000004 0.022044573643410805 675.00000000000011 0.028153047603649405 0.037479105609024253
decision_type=2 2 9 2 2 2 1 2 2 2 2 2 2 2 2 2 2 2 1 1 2 2 2 2 2 2 2 2 2 2
left_child=1 -1 3 -3 7 8 21 -2 -4 22 -11 12 16 -14 -15 -16 17 -9 26 20 -18 -5 25 -22 -25 -10 27 -19 -29 -7
right_child=4 2 5 6 -6 29 -8 11 9 10 -12 -13 13 14 15 -17 19 18 -20 -21 23 -23 -24 24 -26 -27 -28 28 -30 -31
leaf_value=1.2452534767309205 -0.90123625268030172 1.7148792958030754 1.0047946872915774 -0.16495755752834074 -2.5138091127218463 0.38842796784437328 2.2294850757983866 -1.1379553175416965 0.037136818363399014 -0.73277882914228487 -0.00080691263378440681 0.77683051273199555 2.8511815959784799 0.27669934221701908 -2.5795020935628106 0.34791112735321267 0.14942073659332353 -0.026278698387735489 -0.2187161839544757 0.20892459145009995 0.150067324999032 1.0329618283775488 0.22365491543064753 -0.97877261250269432 -0.14362659220542043 -0.2375972754840591 1.5294367665284783 1.114961151521257 0.060352739581654193 0.0039461837550788916
leaf_weight=74.656302988529205 46.382148161530495 47.05950303375721 38.597275868058205 145.72713421285152 26.829632729291916 226.30416077375412 131.8508992344141 169.02502472698689 39.721645534038544 167.69379764795303 105.30350637435913 48.97352559864521 30.841550841927528 41.47668981552124 108.47698029875755 18.500761061906815 150.75738763809204 340.76482062041759 543.10433778166771 827.32127693295479 128.14273589849472 71.178574621677399 41.073661714792252 189.08706487715244 216.40641494095325 89.443430557847023 42.381349414587021 42.929322928190231 56.763494715094566 240.84089751541615
leaf_count=120 76 107 59 254 52 302 273 306 47 262 163 85 57 54 243 31 224 479 846 1328 197 127 48 338 287 112 60 72 118 348
internal_value=0.000370949 0.00570597 0.00415084 0.013413 -0.00212984 0.000144772 0.00910534 -0.00174826 -0.00664072 -0.00902829 -0.0157848 -0.00129412 -0.00171198 -0.0136833 -0.0205481 -0.0310854 -0.000830521 -0.00459685 -0.00204558 0.00214666 -0.00331314 -0.000117197 0.00180653 -0.00706997 -0.0112276 -0.00562089 0.00462681 0.00242815 0.0172819 0.00714672
internal_weight=4447.62 1419.45 1344.79 395.816 3028.16 948.978 348.757 3001.33 481.833 443.236 272.997 2954.95 2905.98 199.296 168.454 126.978 2706.68 1194.97 1025.94 1511.71 684.394 216.906 170.239 533.636 405.493 129.165 482.839 440.458 99.6928 467.145
internal_count=7075 2222 2102 761 4853 1341 654 4801 691 632 425 4725 4640 385 328 274 4255 1881 1575 2374 1046 381 207 822 625 159 729 669 190 650
cat_boundaries=0 1 2 3 4
cat_threshold=48 234314 124737 1942
is_linear=0
shrinkage=0.05


Tree=71
num_leaves=31
num_cat=1
split_feature=28 56 5 23 71 22 73 19 30 104 82 73 4 101 72 28 65 42 22 24 25 22 47 23 96 6 28 73 37 37
split_gain=21.7521 20.5875 17.4111 49.9487 28.0735 20.1115 19.3303 18.2418 17.6923 16.8691 15.8186 15.6214 21.2869 15.1503 17.1454 16.3501 15.1985 14.2942 14.0109 13.0935 14.3995 16.895 12.8548 11.6884 11.2849 12.3902 11.0885 10.3438 10.0225 9.89604
threshold=231.96000000000001 0.5002471524718729 0.62828947368421062 1146.3900000000001 20.120000000000001 3400.0000000000005 675.2750000000002 632.52875000000006 0.079980706980117652 0.11945853389692172 459.81700000000006 1653.4650000000004 3.5000000000000004 0.69238598639662252 134.73500000000004 95.115000000000023 0 785.00000000000011 4387.5170068027219 163.92500000000004 736.95000000000016 5801.213151927438 0.54478973199243075 63.500000000000007 1389.3424036281183 4.5000000000000009 104.12500000000001 556.7600000000001 605.00000000000011 605.00000000000011
decision_type=2 2 2 2 2 2 2 2 2 2 2 2 2 2 2 2 1 2 2 2 2 2 2 2 2 2 2 2 2 2
left_child=1 -1 3 4 5 -3 24 11 -6 -7 -4 12 28 14 -11 -15 23 22 -19 -17 -21 26 -10 -16 25 -5 -22 -20 -8 -13
right_child=-2 2 10 6 8 9 7 -9 17 13 -12 29 -14 15 16 19 -18 18 27 20 21 -23 -24 -25 -26 -27 -28 -29 -30 -31
leaf_value=1.2891218607092712 -2.1900077404219838 -0.61755248265923801 -0.40115268022447026 0.10618008214171085 -0.25363841436706941 -1.1596287750641723 -4.5688268610905824 5.0927177300587321 0.83193688935515486 0.52901213116684009 0.44568992989905215 -4.4710334670642471 1.6407745138709993 0.039572416295436598 1.7740534944096635 0.07295628054745365 -0.025471391427276304 -0.39573111685961071 -0.059449329417564915 -0.11841531248578373 -0.90183931582468979 -0.060797246629554991 1.7302740765093632 0.28260447364438052 -6.0662200461131466 -2.0050144876869895 -2.3017031193661963 3.5051841064025839 0.020131794794676951 -0.89781767677020818
leaf_weight=50.073741525411606 26.450802683830261 94.440486818552017 66.659311205148697 39.250210955739021 38.932804733514786 30.529442384839058 79.502376452088356 18.506485775113106 107.50468611717224 197.96494036912918 548.45260924100876 67.745548263192177 57.882206678390503 839.08787950873375 21.859883099794388 115.02640643715858 741.66523963212967 69.469666033983231 23.268605768680573 306.78308546543121 56.209821611642838 57.550891935825348 95.975421100854874 333.66314581036568 76.280209124088287 43.683154225349426 71.164527878165245 41.780186995863914 65.854398712515831 57.830340936779976
leaf_count=83 53 121 154 56 52 40 162 37 205 260 1085 171 101 1069 35 139 1006 132 46 425 82 75 208 457 190 114 124 90 141 137
internal_value=0.000465587 0.000736451 0.000370719 -0.000908399 0.00137241 -0.000314721 -0.0155104 -0.0088972 0.0142003 0.000458457 0.00816758 -0.0116157 -0.00304917 0.000870142 0.00479772 -0.00264814 0.00235408 0.0178768 0.0052305 -0.00890097 -0.0124535 -0.0234742 0.0262371 0.0106869 -0.0299368 -0.0171704 -0.0336329 0.0219064 -0.0132604 -0.0254802
internal_weight=4441.05 4414.6 4364.52 3749.41 3242.88 2865.95 506.535 347.321 376.931 2771.51 615.112 328.815 203.239 2740.98 1295.15 1445.82 1097.19 337.999 134.518 606.735 491.708 184.925 203.48 355.523 159.214 82.9334 127.374 65.0488 145.357 125.576
internal_count=7050 6997 6914 5675 4566 3833 1109 749 733 3712 1239 712 404 3672 1758 1914 1498 681 268 845 706 281 413 492 360 170 206 136 303 308
cat_boundaries=0 1
cat_threshold=117376
is_linear=0
shrinkage=0.05


Tree=72
num_leaves=31
num_cat=4
split_feature=27 56 33 99 23 65 67 60 65 13 76 35 25 4 6 35 37 71 25 6 19 101 53 13 32 52 36 19 58 101
split_gain=25.8325 23.3935 21.1775 18.6932 16.6724 15.6251 21.6633 16.1477 13.8055 13.3357 14.045 13.8461 13.7632 13.2107 17.0438 15.6734 16.4693 16.1317 31.187 13.8363 18.4408 12.601 12.1268 12.1835 11.9223 10.9417 15.13 10.8778 11.6859 10.8161
threshold=5.9350000000000014 0.64037253211956369 2165.0000000000005 46.371269841269914 523.03000000000009 0 1 2 3 0.24038461538461539 1608.8300000000002 1035.0000000000002 550.85500000000013 6.5000000000000009 10.500000000000002 2765.0000000000005 585.00000000000011 48.000000000000007 1642.4750000000001 6.5000000000000009 284.72222222222229 0.97957741493520445 -13.30000437163123 0.24038461538461539 975.00000000000011 15.224671201813637 125.00000000000001 682.91666666666686 0.05087248627519516 0.88891017337302025
decision_type=2 2 2 2 2 1 9 1 1 2 2 2 2 2 2 2 2 2 2 2 2 2 2 2 2 2 2 2 2 2
left_child=3 4 5 9 -2 6 -3 13 24 10 11 12 27 14 15 17 -17 18 21 29 -21 22 23 -7 -9 -14 -27 28 -1 -19
right_child=1 2 -4 -5 -6 7 -8 8 -10 -11 -12 -13 25 -15 -16 16 -18 19 -20 20 -22 -23 -24 -25 -26 26 -28 -29 -30 -31
leaf_value=0.32754580384621623 1.3741206959730463 -0.4248752003398778 1.6673027583710025 -0.72900336063430693 -0.071284730451201025 0.0036024604296418516 1.1623032667535314 0.29867634073276117 -0.37662842792613205 0.19339376347313292 -0.86695291606099689 0.36289368343386763 0.00064471626528952444 0.74917267717450509 1.4211356181433048 -3.1385021016495518 0.091771796338443332 0.68179128017696522 -5.709629094602116 -0.95759875389101701 0.93315216884843 -0.36337746470792748 0.21972481713231604 -0.33370571850428804 -0.20141732513918936 -0.12449603553053086 -1.273491573190858 -0.68582860129205159 -0.24085508424293212 4.0234374722257398
leaf_weight=169.01311361789703 54.924083203077316 66.795509815216064 44.900925815105438 136.47536148130894 28.932368293404579 1075.7874870896339 134.11527512967587 103.69621893763542 400.88788378238678 79.834844276309013 58.192163243889809 71.172108083963394 92.342278987169266 97.329232037067413 43.601724579930305 101.01839509606361 100.70777769386768 59.749924421310425 36.251150190830231 78.670776054263115 251.07902801036835 123.88605010509491 450.97293907403946 33.791316777467728 194.47198195755482 142.16089534759521 106.07145915925503 36.607610434293747 71.202490299940109 34.654197484254837
leaf_count=249 87 97 102 225 54 1376 326 144 716 98 121 107 142 177 68 218 207 138 96 130 473 166 566 45 397 184 171 47 108 75
internal_value=0.00030418 0.00229137 0.00165391 -0.00695115 0.0283834 0.00120174 0.0143808 0.000324662 -0.00633567 -0.00412065 -0.00619717 -0.00420375 -0.00661106 0.00221427 0.00148788 0.000912347 -0.0124122 0.00216554 1.26485e-05 0.0108993 0.00606735 0.00100015 0.00221863 -0.000591336 0.00184482 -0.0133415 -0.0188076 0.00166936 0.00553859 0.0277771
internal_weight=4479.3 3516.22 3432.37 963.072 83.8565 3387.47 200.911 3186.56 699.056 826.597 746.762 688.57 617.398 2487.5 2390.17 2346.57 201.726 2144.84 1720.69 424.154 329.75 1684.44 1560.55 1109.58 298.168 340.575 248.232 276.823 240.216 94.4041
internal_count=7110 5658 5517 1452 141 5415 423 4992 1257 1227 1129 1008 901 3735 3558 3490 425 3065 2249 816 603 2153 1987 1421 541 497 355 404 357 213
cat_boundaries=0 1 2 3 4
cat_threshold=2049 1 10 176900
is_linear=0
shrinkage=0.05


Tree=73
num_leaves=31
num_cat=4
split_feature=29 72 3 50 104 3 31 74 65 50 34 5 82 19 10 59 27 96 5 35 75 5 31 38 33 82 46 30 65 45
split_gain=23.1984 19.0223 18.6282 15.5706 15.03 14.0105 26.1316 13.121 12.7718 12.3585 10.9992 22.7025 14.8393 10.9298 11.3713 12.2342 11.8937 10.5418 11.4469 10.7698 10.2706 14.1731 14.4894 12.486 10.0035 9.94919 11.786 9.87391 9.80218 15.533
threshold=101.41500000000001 124.78500000000001 0 -0.0061985403187107989 0.14485724643554487 1 485.00000000000006 865.43500000000006 2 0.35324877060902715 935.00000000000011 0.30952380952380959 4065.9845000000005 346.44333333333338 5.5000000000000009 0.010916542180239002 56.735000000000007 162.13151927437642 0.38750000000000007 2345.0000000000005 2274.7300000000005 0.43650793650793651 1275.0000000000002 4505.0000000000009 80.000000000000242 3690.2195000000006 0.9854931758283747 0.5525894960641724 3 24.16499999999991
decision_type=2 2 9 2 2 9 2 2 1 2 2 2 2 2 2 2 2 2 2 2 2 2 2 2 2 2 2 2 1 2
left_child=1 2 3 -1 -2 6 -3 -4 17 10 12 -12 28 14 15 16 -10 -6 -19 -20 21 22 23 25 -15 26 -8 -21 -7 -30
right_child=4 5 7 -5 8 9 20 -9 13 -11 11 -13 -14 24 -16 -17 -18 18 19 27 -22 -23 -24 -25 -26 -27 -28 -29 29 -31
leaf_value=-0.19417184628117357 -0.8184353734800589 1.4417627566573659 0.97904470663951038 0.21346578720436044 0.47943714150012262 0.077571609981279502 1.4028836163972558 -0.12038195258337084 -1.6274718001675628 0.94978810846936668 -10.441568657197486 0.13084404623403076 2.1519910327538709 0.2805642281076679 -0.90971881619646666 0.53639337094865647 0.037028034191010306 -0.046907738905745872 2.2711025703707111 1.7915091733522091 -0.45647455014707816 3.1099684168535635 -0.76896110951883689 2.2104030726923996 -0.12224167039108239 -0.6470776131801117 -0.094341079438041223 -0.21446673434938079 0.2007149336549553 -0.15619013707262683
leaf_weight=53.921310484409332 59.164253562688828 36.693698853254318 202.13222709298134 94.790569856762886 40.015427187085152 337.22239211201668 56.617604300379753 31.610443592071533 36.780699491500854 40.065326184034348 40.25538769364357 54.30151104927063 33.626768916845322 176.65405052900314 275.16801016032696 81.981557190418243 35.072329804301262 556.19955150783062 67.329187840223312 30.53102633357048 78.468173950910568 48.698147729039192 51.134238228201866 38.96829691529274 1180.2546284198761 30.664602413773537 55.213616877794266 69.044214740395546 125.15338113903999 441.05751344561577
leaf_count=87 100 78 339 161 62 432 85 65 61 56 111 116 45 261 468 155 82 845 149 73 170 96 97 68 1832 54 67 153 164 567
internal_value=-2.82357e-05 0.00425335 0.0141854 -0.000386969 -0.00306616 0.00166602 0.00956418 0.0225102 -0.0024879 -0.00133263 -0.00240321 -0.0186561 -0.000763169 -0.00478606 -0.0117694 -0.000882155 -0.0159436 0.00291497 0.00157073 0.0130548 0.00570583 0.0101678 0.00503239 0.0116569 -0.00261348 0.00479819 0.0117165 0.00261077 -0.00197708 -0.00593941
internal_weight=4458.79 1850.6 382.455 148.712 2608.19 1468.14 396.458 233.743 2549.03 1071.68 1031.62 94.5569 937.06 1785.91 429.003 153.835 71.853 763.119 723.104 166.904 359.765 281.297 232.598 181.464 1356.91 142.496 111.831 99.5752 903.433 566.211
internal_count=7099 2858 652 248 4241 2206 715 404 4141 1491 1435 227 1208 2859 766 298 143 1282 1220 375 637 467 371 274 2093 206 152 226 1163 731
cat_boundaries=0 1 2 3 4
cat_threshold=1030 512 108801 90696
is_linear=0
shrinkage=0.05


Tree=74
num_leaves=31
num_cat=5
split_feature=5 94 71 29 43 34 28 38 22 95 61 65 104 65 27 96 25 65 53 25 108 65 55 28 19 5 53 32 17 17
split_gain=21.562 30.1325 27.5733 26.4594 18.2902 17.4909 17.1823 16.3725 16.092 28.3303 34.4323 16.0427 15.5365 14.1898 13.9992 13.2138 23.2063 13.8238 16.3228 18.7614 12.9585 17.8927 17.9045 13.9221 12.5267 12.1911 11.7109 11.5788 11.4931 11.3571
threshold=0.76388888888888895 1376.3190362811795 109.89000000000001 13.999999999999995 -99.970000000000013 2785.0000000000005 72.805000000000021 4184.5100000000011 5005.8049886621329 808.36500000000012 0 1 0.65479782276402421 2 5.9350000000000014 561.22448979591843 576.63000000000011 3 -10.867229020350361 2802.6350000000007 1.0000000180025095e-35 4 0.014389233954451302 95.115000000000023 822.18100000000015 0.56696428571428581 -11.067701750652615 1115.0000000000002 0.49508718939341628 0.59516732401395889
decision_type=2 2 2 2 2 2 2 2 2 2 1 1 2 1 2 2 2 1 2 2 2 1 2 2 2 2 2 2 2 2
left_child=1 3 -3 4 -1 11 7 -5 20 14 13 -4 -12 -11 -10 16 -2 -17 19 -19 23 -22 29 -8 28 -13 -15 -25 -24 -23
right_child=15 2 5 6 -6 -7 8 -9 9 10 12 25 -14 26 -16 17 -18 18 -20 -21 21 22 24 27 -26 -27 -28 -29 -30 -31
leaf_value=-0.070780590730103662 0.2137859487449589 -5.4825716346896982 -0.73748232257470725 -0.073077328566531471 1.6810574026400644 -2.3608326009251885 -0.061990555667959413 2.3948719977839619 0.20412812373383105 1.6134134598231036 -0.58067369355725518 -0.35467871756036901 -0.076226783505126863 0.32215733771185812 1.3023201878762494 1.7871157871648222 -0.23767277039797394 1.249820410644241 2.4378326169765758 -0.14922413054851519 -0.3017772996720911 -0.17993219511129299 -0.39685268088003128 -0.28162608654004728 -0.17656936088462347 2.6933303128047776 -0.5486150927791329 -1.0609406766901017 0.59810536987412133 0.079143723068827401
leaf_weight=41.529871270060539 40.313255131244659 71.634380668401718 191.46371941268444 42.850688323378563 74.360222563147545 110.93924976885319 773.7329628020525 50.165104672312737 73.667714282870293 84.420164495706558 82.756506994366646 77.359699413180351 273.93154345452785 204.74293500185013 101.21895848214626 102.99598577618599 46.551867067813873 48.758448868989944 22.049947112798691 152.60691337287426 291.96829029917717 264.40868249535561 30.077099442481995 428.59805554151535 37.460634022951126 74.081226646900177 41.570615410804749 64.257718414068222 282.09835416078568 262.75166422128677
leaf_count=62 45 190 368 56 163 265 997 106 95 117 124 153 417 294 139 260 56 110 40 321 442 383 43 599 52 155 68 103 426 393
internal_value=-0.000265303 -0.00138016 -0.0125459 0.000293087 0.0237861 -0.00799558 -0.000509882 0.0206831 -0.00110766 0.00476212 0.000190904 -0.00241245 -0.0105846 0.011812 0.02273 0.0106116 -0.00671937 0.0152238 0.00696921 0.00280895 -0.00318603 0.000610793 0.00418037 -0.00668961 0.0130014 0.00948026 0.00481207 -0.0132577 0.0162798 -0.00159082
internal_weight=4445.32 4032.05 525.478 3506.57 115.89 453.844 3390.68 93.0158 3297.66 862.308 687.422 342.905 356.688 330.734 174.887 413.276 86.8651 326.411 223.415 201.365 2435.35 1168.76 876.796 1266.59 349.636 151.441 246.314 492.856 312.175 527.16
internal_count=7042 6210 1131 5079 225 941 4854 162 4692 1254 1020 676 541 479 234 832 101 731 471 431 3438 1739 1297 1699 521 308 362 702 469 776
cat_boundaries=0 1 2 3 4 5
cat_threshold=2 182156 462848 13121 132304
is_linear=0
shrinkage=0.05


Tree=75
num_leaves=31
num_cat=3
split_feature=5 94 5 96 73 104 39 56 95 22 23 61 65 42 45 97 13 37 35 39 104 52 101 28 35 55 45 65 45 44
split_gain=23.6484 45.1218 33.4189 21.9846 18.5441 18.5297 17.6269 17.4152 18.4114 16.5558 23.1445 20.3859 26.7769 18.3707 17.2966 16.1017 14.9835 14.6302 20.229 14.6995 14.0148 13.9734 14.2895 16.198 15.386 12.8342 12.6011 12.5851 12.564 12.4213
threshold=0.62828947368421062 1295.7647392290253 0.17424242424242423 112.24489795918369 720.82000000000005 0.20519810772778749 465.00000000000006 0.89606341713334225 1238.8900000000001 5144.5918367346949 532.72500000000014 0 1 935.00000000000011 -295.21499999999986 675.9637188208618 0.19090909090909094 585.00000000000011 2745.0000000000005 4130.3950000000013 0.91472777821276852 335.40735827664423 0.65957479646986339 99.230000000000004 635.00000000000011 0.019049346879535505 -48.475000000000016 2 -5.6049999999999036 13.34000000000009
decision_type=2 2 2 2 2 2 2 2 2 2 2 1 1 2 2 2 2 2 2 2 2 2 2 2 2 2 2 1 2 2
left_child=1 2 3 -1 -3 -5 -2 26 -9 13 -11 25 -13 14 -7 -14 -17 18 27 -19 -8 22 -16 -24 -25 -12 -4 -6 -10 -23
right_child=6 4 7 5 17 9 20 8 28 10 11 12 15 -15 21 16 -18 19 -20 -21 -22 29 23 24 -26 -27 -28 -29 -30 -31
leaf_value=1.2395452274039684 -0.37365989527703936 -5.4638369571571435 1.2502723181099271 -0.73838327724524577 0.35728680752023023 -0.77259991013405527 0.12666367242868545 1.5661106293110068 -0.2360221061084701 0.74470414611675584 -0.13658801158208433 1.4809833380956825 0.78265495373508731 -9.3195796144221958 0.096184464491629748 0.043729012798659997 -1.2688345933730134 -0.56930977975316777 -4.1104199759703093 1.5541912337125792 0.74760269795277878 -0.0045920176561793369 0.015391300468185065 -0.12020677148633468 -1.2789628451833721 -0.70392094664455396 -0.57108914431298463 -4.7098593627783281 1.5553298027808553 -0.9413326131016353
leaf_weight=44.306148588657379 36.946535229682922 68.046459078788757 32.803376138210297 71.998297065496445 59.868888363242149 136.28185069561005 366.03294643759727 129.48374183475971 60.610134139657021 134.89381974935532 162.35147371888161 76.1271832883358 55.447346806526184 53.87718003988266 721.03577487170696 247.77898678183556 42.744216680526733 94.729328483343124 54.023025050759315 40.539395093917847 223.29836119711399 78.712554514408112 804.71115550398827 290.01485393941402 110.24036486446857 31.013918578624725 24.594466388225555 56.126794666051865 50.131573170423508 97.750409424304962
leaf_count=70 63 173 71 104 94 224 772 292 121 177 259 95 70 122 971 324 80 212 145 72 414 98 1036 391 171 44 32 124 118 120
internal_value=2.08057e-05 -0.00145199 0.000331432 -0.00117747 -0.0179657 -0.00167491 0.00902828 0.0163485 0.0222606 -0.00108173 0.00536484 0.00125376 0.00741286 -0.00319163 -0.0024973 0.000977484 -0.0037066 -0.0127047 -0.0224679 -0.000433367 0.0111286 -0.00137837 -0.000144546 -0.00347606 -0.0116959 -0.0121909 -0.00839509 -0.0106978 0.00729283 -0.014845
internal_weight=4456.52 3830.24 3456.91 3159.29 373.334 3114.98 626.278 297.623 240.225 3042.98 750.357 615.463 422.098 2292.62 2238.75 345.971 290.523 305.287 170.019 135.269 589.331 2102.47 1926 1204.97 400.255 193.365 57.3978 115.996 110.742 176.463
internal_count=7059 5810 4990 4356 820 4286 1249 634 531 4182 1049 872 569 3133 3011 474 404 647 363 284 1186 2787 2569 1598 562 303 103 218 239 218
cat_boundaries=0 1 2 3
cat_threshold=4 458752 98374
is_linear=0
shrinkage=0.05


Tree=76
num_leaves=31
num_cat=3
split_feature=29 96 50 98 28 65 6 74 36 46 4 82 57 95 79 59 101 53 54 57 106 47 61 38 99 17 88 47 61 38
split_gain=23.6798 17.668 15.7295 15.4654 13.923 14.1755 12.37 12.9801 15.1321 15.2674 11.0204 14.9194 11.7109 10.6607 10.0022 9.91011 14.6802 13.1135 11.8162 10.9181 11.8376 9.56732 9.32787 9.56426 9.31779 9.02543 8.55547 10.8299 12.2831 10.4559
threshold=210.40000000000001 112.24489795918369 0.25491559870740793 411.56462585034018 99.230000000000004 0 9.5000000000000018 2240.2050000000004 575.00000000000011 0.51959160770493451 6.5000000000000009 4221.3285000000005 0.89716139172742215 882.03226757369623 1.0000000180025095e-35 0.023609611661345453 0.65392865060450822 -24.546434791643826 -21.88697783325949 0.33917652876120929 0.51000000000000012 0.0028574033910232005 1 4636.1900000000014 78.467290249433191 0.47672258370471027 0.016001024065540152 0.31356706275837959 2 5954.1400000000012
decision_type=2 2 2 2 2 1 2 2 2 2 2 2 2 2 2 2 2 2 2 2 2 2 1 2 2 2 2 2 1 2
left_child=1 -1 4 -4 6 14 7 8 9 -3 11 12 -9 -5 -6 18 17 -17 -7 -19 -21 -11 23 -2 -24 -14 27 -23 -29 -30
right_child=22 2 3 13 5 15 -8 10 -10 21 -12 -13 25 -15 -16 16 -18 19 -20 20 -22 26 24 -25 -26 -27 -28 28 29 -31
leaf_value=1.2856999522325099 -1.0587003651004669 0.97703481660832103 -0.19162615518143067 0.75747136377855784 1.7684484028595593 0.067301044323543377 0.4060670276224656 0.99114688505724724 0.72914066395403132 -0.31962103517324963 1.2520365897438042 -3.3785709557693226 -2.1670220295946634 0.43033755019311859 0.0090865603663530699 -0.85271984306159831 -0.68394854452354181 0.48447888531457722 -0.25204138779315033 0.21920270410314091 -0.26673484107490142 -0.21693403587909757 -0.15900293426011808 -0.28103223935756189 1.7545993042289822 -0.21289661297098236 0.28352236651424506 -0.098006864753257802 0.14757676831003722 2.4061414193017669
leaf_weight=41.691122800111771 78.288242608308792 35.798081442713737 50.492027461528778 110.78804896771908 34.067944541573524 479.42243394255638 213.26154513657093 31.452671855688095 116.59995743632317 69.390389576554298 22.500715494155884 46.10822120308876 37.486545920372009 71.403950899839401 49.639073848724365 22.087731137871742 99.659318387508392 47.316469341516495 442.06581450998783 28.391381919384003 72.890876933932304 228.19365045428276 426.76462502777576 66.885014444589615 30.233093827962875 123.76012076437473 198.23306383192539 345.74535158276558 796.75817175209522 28.0609410405159
leaf_count=68 112 76 71 154 84 746 346 55 246 105 36 115 94 118 82 34 147 65 725 40 110 324 606 121 53 257 288 558 1182 47
internal_value=0.00063144 0.00207592 0.0017209 0.0143168 0.000899675 -0.00328786 0.00322874 0.00205294 0.00355005 0.00235641 -0.0083674 -0.0115193 -0.00540602 0.0211028 0.0155496 -0.0047019 -0.0131589 -0.00425594 -0.00227181 0.0010872 -0.00817632 0.00166235 -0.00858773 -0.0196289 -0.00508031 -0.0108499 0.00245208 0.00107437 0.00301689 0.00633298
internal_weight=4445.44 3843.27 3801.57 232.684 3568.89 1275.54 2293.35 2080.09 1818.78 1702.18 261.308 238.808 192.699 182.192 83.707 1191.83 270.346 170.686 921.488 148.599 101.282 1666.38 602.171 145.173 456.998 161.247 1596.99 1398.76 1170.56 824.819
internal_count=7065 6173 6105 343 5762 2033 3729 3383 2826 2580 557 521 406 272 166 1867 396 249 1471 215 150 2504 892 233 659 351 2399 2111 1787 1229
cat_boundaries=0 1 2 3
cat_threshold=2049 4 4
is_linear=0
shrinkage=0.05


Tree=77
num_leaves=31
num_cat=2
split_feature=29 70 103 15 22 50 2 34 99 13 38 5 72 49 58 6 17 17 17 24 18 71 96 45 76 38 99 76 19 89
split_gain=19.8872 21.4332 15.2098 14.7189 15.5104 14.266 14.5216 36.3678 18.3909 14.9646 26.4864 18.3154 10.949 10.7716 11.0148 10.7286 10.6796 10.5774 20.4773 12.1253 10.5437 9.6493 18.86 10.7034 11.0068 10.3013 9.57649 9.93452 11.5241 9.55177
threshold=172.23500000000004 0 0.12142857142857141 0.45000000000000007 3880.0000000000005 0.26122846345757683 1 485.00000000000006 59.56812925170069 0.15476190476190474 4885.0000000000009 0.76388888888888895 293.58500000000009 0.30010820568662394 0.018146590466308201 8.5000000000000018 0.39608172042256989 0.66543859681056017 0.69617867054405524 245.06500000000003 0.87406912892206878 122.03500000000001 1389.3424036281183 52.17000000000008 2719.1650000000004 4636.1900000000014 -60.161882086167786 1674.1150000000005 685.50000000000011 0.82834821428571448
decision_type=2 9 2 2 2 2 9 2 2 2 2 2 2 2 2 2 2 2 2 2 2 2 2 2 2 2 2 2 2 2
left_child=1 5 3 15 -5 6 8 -8 17 12 -11 -12 21 14 -10 -2 -6 19 20 26 -19 22 29 24 -23 -26 -1 28 -28 -9
right_child=2 -3 -4 4 16 -7 7 9 13 10 11 -13 -14 -15 -16 -17 -18 18 -20 -21 -22 23 -24 -25 25 -27 27 -29 -30 -31
leaf_value=-0.25339809902115606 -2.5978638500299804 0.93641266655861133 -0.78041028236605792 -2.263370435728933 -0.88631583573354755 0.50407356303311135 1.5670843779282579 -0.32471665122617177 0.21185073015074904 2.0199608271400282 -3.1101888083040565 0.58349239733168334 0.59331361366103008 0.29725290959664596 -1.2511651236699355 -0.15133829396913026 0.042382702076295686 0.54446654621275814 -0.20972806062623067 -1.063430375644294 -0.011994213393792919 0.078366578979773754 -5.6606097220787213 0.33190068414288165 -3.9473922541091855 0.76910306060106748 0.011785116562223053 -0.60521685217425358 -0.14567958646720883 0.094455752434819837
leaf_weight=48.305034905672073 41.493519723415375 151.81160809099674 71.141087248921394 37.65327875316143 63.925061091780663 186.54032814502716 80.474358797073364 209.38629445433617 23.429513365030289 100.93137456476688 46.04627488553524 38.65877577662468 227.09332519769669 27.998559847474098 100.45823714137077 125.44810605049133 710.09189474582672 101.28998005390167 40.94436939060688 27.543048650026321 32.603651463985443 239.59433826804161 49.017319440841675 154.37219175696373 44.737900286912918 17.888519480824471 1119.9700478613377 47.438400506973267 129.41253754496574 185.81668382883072
leaf_count=63 71 229 104 56 92 274 175 292 41 221 104 71 391 39 169 203 1063 137 59 44 47 489 148 339 102 39 1511 97 168 245
internal_value=0.000208102 0.00205027 -0.00581416 -0.00419144 -0.00141048 0.00116393 0.000357718 0.0041234 -0.00273943 0.00215404 0.0153089 -0.00530731 -1.10508e-05 -0.0193583 -0.0256883 -0.0177125 0.000113987 -0.001126 0.0104566 -0.00260129 0.0199191 -0.00248452 -0.00773097 0.00261977 -0.00285151 -0.0215152 -0.00192884 -0.00111461 -0.000261865 -0.00410264
internal_weight=4481.52 3431.76 1049.75 978.612 811.67 3279.95 3093.41 1394.02 1699.39 1313.54 185.636 84.7051 1127.91 151.886 123.888 166.942 774.017 1547.51 174.838 1372.67 133.894 900.813 444.22 456.593 302.221 62.6264 1345.13 1296.82 1249.38 395.203
internal_count=7083 5494 1589 1485 1211 5265 4991 2616 2375 2441 396 175 2045 249 210 274 1155 2126 243 1883 184 1654 685 969 630 141 1839 1776 1679 537
cat_boundaries=0 1 2
cat_threshold=49 14
is_linear=0
shrinkage=0.05


Tree=78
num_leaves=31
num_cat=5
split_feature=28 74 58 3 44 13 95 24 67 37 22 65 22 96 65 34 33 101 49 39 49 24 50 37 31 74 65 58 30 56
split_gain=19.8097 18.2529 23.2902 18.6611 24.7066 20.1291 19.02 18.8553 18.2969 18.6635 16.148 14.567 17.4715 17.3387 14.5044 19.8695 13.8094 12.1445 14.4865 11.7944 11.525 11.969 11.5098 14.3693 11.4651 12.0785 11.3583 11.264 10.6074 15.8972
threshold=79.580000000000027 809.47500000000014 0.14306578272350337 0 79.815000000000012 0.15476190476190474 664.03500000000008 250.10500000000005 1 875.00000000000011 3800.0000000000005 2 4875.9410430839007 506.34920634920644 3 805.00000000000011 105.00000000000001 0.6702519711909225 0.12938442075616013 2820.3950000000004 0.48112028348717267 165.60500000000005 0.018077803967570655 715.00000000000011 175.00000000000003 425.43000000000006 4 0.064138039150350171 0.66166626315808064 0.99999717154530343
decision_type=2 2 2 9 2 2 2 2 9 2 2 1 2 2 1 2 2 2 2 2 2 2 2 2 2 2 1 2 2 2
left_child=19 2 3 4 7 6 -5 11 14 10 -10 24 13 16 15 -3 -13 20 -19 -1 21 -18 23 -12 -2 27 -24 -26 29 -17
right_child=1 8 -4 5 -6 -7 -8 -9 9 -11 22 12 -14 -15 -16 28 17 18 -20 -21 -22 -23 26 -25 25 -27 -28 -29 -30 -31
leaf_value=-0.019458528227158923 0.36616223225740613 1.8301307019330708 0.88856212636876253 3.827024943192511 -1.9338097133164844 1.4887301590318445 0.042353330489189038 -1.0995745028210373 -3.1482260261770372 -6.8383028668357699 -0.43379789529666657 0.14643883645708441 0.57956575306146907 -0.61582499588799289 -0.11733769422903535 2.1827626027115246 0.42808659195987819 -0.69196812083934778 -0.17487036584375915 0.7195778284811496 -0.40741199218344804 -0.0032973853987414261 -0.37573253919871663 0.53876128457609063 -0.013416734092730566 0.24906379498312392 0.084241755576746166 -0.7814680158859233 -0.68619512701518293 -0.13461143247918414
leaf_weight=103.870336830616 182.52082186937332 45.788640514016151 80.104975342750549 21.86067596077919 35.787230789661407 78.441944196820259 258.97374179959297 31.333008050918579 42.373874992132187 46.666345074772835 353.70192718505859 188.79896524548531 140.16099286079407 90.659026205539703 948.92178709805012 89.482208460569382 37.352115869522095 90.592305928468704 143.86051854491234 283.66194094717503 73.795532137155533 166.76864764094353 72.171095877885818 32.469734817743301 141.63584777712822 241.17789077758789 207.49387852847576 31.13263863325119 97.804217860102654 90.468424737453461
leaf_count=185 248 100 120 54 53 179 497 50 64 134 571 271 183 131 1475 164 45 118 182 541 100 223 104 43 191 321 290 44 186 188
internal_value=-0.000200723 -0.00123112 0.00211419 0.00103138 -0.00131054 0.0111579 0.00521364 -0.000376324 -0.00458899 -0.0107561 -0.00873794 0.000410773 -0.00348594 -0.00640358 -0.000930436 0.00806709 -0.00374312 -0.00800258 -0.0163836 0.0106004 -0.000932267 0.00518989 -0.0068333 -0.0124277 0.00644976 0.00195481 0.000891579 -0.00813636 0.00328553 0.0104891
internal_weight=4449.83 4062.3 2034.96 1954.85 1595.58 359.276 280.834 1559.79 2027.34 754.877 708.211 1528.46 931.988 791.827 1272.47 323.543 701.168 512.369 234.453 387.532 277.916 204.121 665.837 386.172 596.467 413.946 279.665 172.768 277.755 179.951
internal_count=7055 6329 3010 2890 2160 730 551 2107 3319 1206 1072 2057 1253 1070 2113 638 939 668 300 726 368 268 1008 614 804 556 394 235 538 352
cat_boundaries=0 1 2 3 4 5
cat_threshold=28 4 190984 404492 295312
is_linear=0
shrinkage=0.05


Tree=79
num_leaves=31
num_cat=3
split_feature=61 65 22 17 65 104 73 29 30 29 79 24 50 24 26 74 18 25 5 22 26 34 101 17 52 5 104 44 32 22
split_gain=18.2841 18.7403 18.612 15.5582 15.4193 17.5347 15.3721 15.2564 14.5972 13.2705 12.7783 12.0296 12.0052 11.8522 11.642 10.4553 10.3098 10.9587 26.5408 18.0022 13.8532 12.5957 11.8268 10.1343 13.3753 9.70031 9.69723 9.66206 11.5386 10.4216
threshold=0 1 3400.0000000000005 0.67016704850413389 2 0.94982398945898583 747.71500000000003 215.49500000000003 0.36947293811734999 55.550000000000018 1.0000000180025095e-35 132.53500000000003 0.07139008959245792 210.76000000000002 158.42000000000004 364.45500000000004 0.70600833701157129 1005.5650000000002 0.56696428571428581 4818.3900226757387 122.92500000000003 2385.0000000000005 0.43431932212509999 0.45922719125951378 201.52905895691597 0.76388888888888895 0.96680497357417283 13.34000000000009 465.00000000000006 4777.7551020408173
decision_type=1 1 2 2 1 2 2 2 2 2 2 2 2 2 2 2 2 2 2 2 2 2 2 2 2 2 2 2 2 2
left_child=2 -2 -1 7 5 9 8 11 -7 10 -4 -3 26 -11 -9 -15 -6 19 -19 20 22 -20 -18 -10 -25 -23 -5 28 -13 -29
right_child=1 3 4 12 16 6 -8 14 23 13 -12 27 -14 15 -16 -17 17 18 21 -21 -22 25 -24 24 -26 -27 -28 29 -30 -31
leaf_value=-0.791733501996982 0.18687914828755794 -0.21017911789511176 1.2603099296826117 -0.13233216637404582 0.87842504311845893 0.40126333018223481 1.6688220873910908 -0.75014263335867215 -0.64618837285341302 0.04306347092948757 -0.3897599662953809 0.032521994795975222 0.49415394566188625 0.082205735595570678 3.2465085732063019 -1.1705856947416444 0.58728432854870649 -0.82213293210467819 2.4999457858386678 1.2692660654947177 1.6256938882961081 -4.0474590561527632 -0.004139445986359647 -0.23268138315935261 0.50168598121317809 2.0902321782011373 0.60606224183768376 -0.057505198241665313 -0.42540609455510608 0.19696231113913445
leaf_weight=59.871952816843987 436.66896145045757 42.929655253887177 89.845400437712669 89.627204149961472 124.30945505201817 179.25964713096619 93.067683979868889 157.1324618011713 57.242082759737968 172.10910403728485 30.796172440052032 113.01400931179523 41.015665233135223 43.73702734708786 26.301333650946617 237.22999674081802 68.698608428239822 164.01892724633217 39.395398318767548 44.537988990545273 100.04216104745865 20.206627070903778 255.85299471020699 69.557696908712387 96.512714564800262 33.414998769760132 35.051830664277077 761.44982062280178 474.08239707350731 299.24285960197449
leaf_count=86 728 83 153 168 202 220 157 217 69 252 48 176 57 89 53 423 96 324 83 66 166 46 357 90 125 85 54 1147 800 475
internal_value=0.000538164 -0.00232537 0.00412031 -0.00433126 0.00497645 0.000919706 0.00781678 -0.00565088 0.00358298 -0.00502271 0.00971405 -0.00416495 0.0103334 -0.0089467 -0.0193467 -0.015276 0.00994945 0.00778874 -0.000509413 0.0123353 0.00916305 0.0208258 0.00414877 -0.0049474 0.00130609 0.00505501 0.00261407 -0.0034842 -0.00863049 -0.000635712
internal_weight=4456.22 2476.52 1979.71 2039.85 1919.83 1069.36 495.64 1874.15 402.572 573.718 120.642 1690.72 165.695 453.076 183.434 280.967 850.477 726.168 257.036 469.132 424.594 93.017 324.552 223.312 166.07 53.6216 124.679 1647.79 587.096 1060.69
internal_count=7095 3958 3137 3230 3051 1626 661 2951 504 965 201 2681 279 764 270 512 1425 1223 538 685 619 214 453 284 215 131 222 2598 976 1622
cat_boundaries=0 1 2 3
cat_threshold=2 16901 181902
is_linear=0
shrinkage=0.05


Tree=80
num_leaves=31
num_cat=4
split_feature=28 104 22 95 69 25 25 65 65 106 89 17 55 37 39 37 49 58 27 50 32 46 65 98 24 82 4 31 22 43
split_gain=18.1235 13.8292 14.0905 20.6139 24.7949 23.4952 22.3009 19.3861 18.1828 17.4337 15.7676 13.1982 12.8162 15.427 14.0118 12.685 11.8053 11.4699 11.2558 11.2069 12.1792 10.161 11.0539 9.94293 10.0361 9.31593 17.7831 11.3927 9.17708 9.13248
threshold=231.96000000000001 0.11945853389692172 4540.1360544217696 989.67000000000007 0 1670.7950000000003 1994.3600000000004 1 2 0.51000000000000012 0.056079664570230552 0.34491074020203116 0.027212143650499804 505.00000000000006 3960.0000000000009 305.00000000000006 0.67646759883399421 0.19549191947831016 42.900000000000006 0.27606445106714655 475.00000000000006 0.51959160770493451 3 1384.3537414965988 197.62000000000003 4221.3285000000005 6.5000000000000009 2615.0000000000005 4673.2086167800462 -2.2799999999999723
decision_type=2 2 2 2 9 2 2 1 1 2 2 2 2 2 2 2 2 2 2 2 2 2 1 2 2 2 2 2 2 2
left_child=1 -1 9 10 6 7 -5 -6 -8 29 11 -4 13 28 -15 -13 17 21 19 20 -12 -11 -23 24 -16 -10 27 -27 -9 -3
right_child=-2 2 3 4 5 -7 8 12 25 16 18 15 -14 14 23 -17 -18 -19 -20 -21 -22 22 -24 -25 -26 26 -28 -29 -30 -31
leaf_value=-0.63976757756941116 -2.1906083523757398 -0.096516174624321147 -0.23528543558840412 2.2723272485744217 0.38329738248168588 -4.8570050494782011 2.0331621181721746 -0.11362398306405766 0.14691980723788076 1.2494807989841661 0.34584396650064619 0.14573376543975911 -1.3363663292705954 -0.87510071213128393 -0.20683774566033666 0.8074705131400095 -0.24414515455518382 1.2629785090885228 0.92387185191980314 0.57051103417193549 -0.085737211994126747 -0.28764545814327286 0.077890769177013833 -0.10952885842708469 1.5499221801816121 -0.63080334687058448 0.34717276984815304 -3.8141998635998364 -2.5303275428410501 -0.47101833821084971
leaf_weight=48.56228943169117 28.096186399459839 1201.5831761062145 34.593759417533875 71.273994788527489 86.016459703445435 62.717124313116074 50.555803433060646 21.90009868144989 236.00556927919388 26.309183567762375 62.140331402420998 92.917598694562912 32.552696526050568 58.825459256768227 46.197677582502365 227.15671253204346 112.44094285368919 24.027175605297089 101.73153939843178 36.80955944955349 372.32201905548573 211.32207797467709 771.25432108342648 80.028870433568954 56.257147282361984 28.484145015478134 36.381175890564919 49.379360809922218 41.51037386059761 142.48259316384792
leaf_count=82 55 1700 41 180 124 165 125 32 489 53 82 135 50 90 63 314 161 37 151 49 469 361 1210 119 83 70 62 126 95 292
internal_value=-0.000291292 -3.70482e-05 0.000257479 0.00351766 -0.00162635 -0.00944474 0.00648535 -0.00540738 0.00204003 -0.00221214 0.00883032 0.0171159 -0.0106931 -0.00782443 -0.00205737 0.0202869 0.00232056 0.00399538 0.00370185 0.000445943 -0.00179836 0.00318227 0.00236119 0.00478334 0.0150984 -0.00232188 -0.0141084 -0.0275927 -0.029771 -0.0060747
internal_weight=4451.84 4423.74 4375.18 1885.76 958.086 486.006 472.08 423.289 400.806 2489.42 927.672 354.668 337.272 304.72 241.309 320.074 1145.35 1032.91 573.003 471.272 434.462 1008.89 982.576 182.484 102.455 350.25 114.245 77.8635 63.4105 1344.07
internal_count=7065 7010 6928 3114 1873 821 1052 656 872 3814 1241 490 532 482 355 449 1822 1661 751 600 551 1624 1571 265 146 747 258 196 127 1992
cat_boundaries=0 1 2 3 4
cat_threshold=112 200704 3073 263824
is_linear=0
shrinkage=0.05


Tree=81
num_leaves=31
num_cat=1
split_feature=104 96 90 76 66 28 101 57 53 22 17 98 54 56 5 23 73 28 22 105 59 19 5 96 73 19 54 71 22 46
split_gain=16.4624 14.5077 13.969 13.0268 23.1052 15.4533 14.6394 13.283 11.8922 13.0305 12.8221 12.1748 10.9886 17.4257 10.877 26.0136 16.6012 11.3467 16.5625 10.7188 10.5725 9.55522 10.1027 16.2042 16.143 12.5553 10.2424 11.1025 11.2772 9.49059
threshold=0.91644031807940596 112.24489795918369 0.20844645550527904 1282.0650000000003 0 71.77000000000001 0.88004310340315317 0.89010293515650751 -20.900662311411647 5764.0476190476202 0.59742193452642034 665.98639455782325 -63.448197837554076 0.64037253211956369 0.34848484848484851 1146.3900000000001 487.53500000000003 102.93500000000002 5005.8049886621329 0.20416666666666669 0.026809197234837705 750.00000000000023 0.56696428571428581 970.29478458049891 1609.1750000000002 533.09523809523819 -25.040420059952812 208.27000000000001 4923.4467120181416 0.98647032379630806
decision_type=2 2 2 2 1 2 2 2 2 2 2 2 2 2 2 2 2 2 2 2 2 2 2 2 2 2 2 2 2 2
left_child=1 -1 3 4 7 -5 8 -3 9 -6 11 -10 -2 -14 15 16 17 29 -19 -12 21 22 23 25 -24 -7 -26 28 -28 -15
right_child=12 2 -4 5 6 20 -8 -9 10 -11 19 -13 13 14 -16 -17 -18 18 -20 -21 -22 -23 24 -25 26 -27 27 -29 -30 -31
leaf_value=1.2369543386003565 -0.30324904222904508 -0.62588589561302688 -1.4907226233545459 1.2329297264755157 0.4343331179393175 0.052624101993912924 -0.80504283904981411 1.2792783736368278 -0.2454534555609886 -0.14370578391407207 0.0072384507258632883 0.087558502880542483 0.96827416286316181 0.14643906038832596 0.44506374520521774 -1.6176659087201459 1.0842233763845073 -0.25967386099797879 0.30237526684037119 0.42330010441448107 -1.0244502752462403 0.15899704273327231 2.8180837013958655 -1.4555209050815521 0.73313282278300851 -0.60462588477634116 -2.1600642199508999 -2.9022408931049002 2.0564303666570964 -0.055589883286311453
leaf_weight=30.914633363485336 35.846676349639893 20.988927096128464 32.587502792477608 94.784193828701973 164.3640004992485 282.9840053319931 140.20434765517712 68.706618785858154 247.91816884279251 58.462991029024124 317.41879342496395 131.8112363666296 57.485823541879654 835.05230163037777 336.06997200846672 130.51151126623154 71.647343650460243 207.21839068830013 90.506539016962051 62.197819143533707 147.28280790150166 63.187785357236862 54.802068933844566 291.3664566129446 36.060340493917465 155.4484836012125 42.848994597792625 36.060406401753426 22.562306299805641 247.61842221021652
leaf_count=52 51 30 54 210 284 414 227 149 333 92 472 215 86 1077 633 273 113 284 113 102 247 92 111 648 70 208 96 75 39 310
internal_value=0.000170085 -0.00253682 -0.00296251 -0.0025281 0.00114868 -0.00615901 -0.000802854 0.0255686 0.00135464 0.0115111 -0.00162574 -0.00812203 0.00353759 0.00403527 0.00322255 0.00148769 0.00340956 0.00219156 -0.006453 0.00487248 -0.00778201 -0.00591431 -0.00720321 -0.00988991 0.00299127 -0.00381625 -0.0061526 -0.0142867 -0.00200679 0.00456874
internal_weight=4514.92 2502.96 2472.05 2439.46 1212.07 1227.39 1122.38 89.6955 982.173 222.827 759.346 379.729 2011.96 1976.11 1918.62 1582.55 1452.04 1380.4 297.725 379.617 1132.6 985.321 922.133 729.799 192.334 438.432 137.532 101.472 65.4113 1082.67
internal_count=7160 4220 4168 4114 1904 2210 1725 179 1498 376 1122 548 2940 2889 2803 2170 1897 1784 397 574 2000 1753 1661 1270 391 622 280 210 135 1387
cat_boundaries=0 1
cat_threshold=2
is_linear=0
shrinkage=0.05


Tree=82
num_leaves=31
num_cat=6
split_feature=29 70 3 101 103 96 77 101 2 34 65 65 72 74 16 24 47 19 37 17 61 25 57 48 102 52 73 5 96 29
split_gain=22.1977 15.2013 14.1099 16.5604 15.158 13.6216 14.3484 11.909 12.6853 20.2867 16.2622 15.6706 13.7196 13.5053 12.9946 11.872 10.5385 10.3239 10.1468 14.4996 13.8716 11.7569 14.1047 10.9733 10.4895 10.1974 9.82831 11.4328 14.016 9.72658
threshold=172.23500000000004 0 1 0.79468823759967855 0.12142857142857141 546.25850340136071 0.81898943828922199 0.21770168808269216 2 515.00000000000011 3 4 277.61500000000007 1122.0200000000002 0.16228070175438594 305.81500000000005 0.52297868261687885 655.28333333333342 785.00000000000011 0.57528854118607831 5 597.53500000000008 0.97794231441734503 0.83836177989087279 0.21904761904761902 166.81858276643996 1902.4450000000002 0.38750000000000007 1244.671201814059 136.33000000000007
decision_type=2 9 9 2 2 2 2 2 9 2 1 1 2 2 2 2 2 2 2 2 1 2 2 2 2 2 2 2 2 2
left_child=1 7 4 17 -2 -3 -7 -1 9 -9 14 -10 29 18 -11 -16 -8 -4 19 20 24 23 -23 -21 -13 -25 27 28 -14 -12
right_child=2 5 3 -5 -6 6 16 8 11 10 12 13 26 -15 15 -17 -18 -19 -20 21 -22 22 -24 25 -26 -27 -28 -29 -30 -31
leaf_value=0.85168433604252325 -0.044516023488752769 1.237778358170607 -0.36654720438091781 -1.3248852907060029 -0.83519962903027156 1.2326170625689727 0.53925180267657569 1.0533932268061734 0.11734868773570853 -0.37878215267861892 0.15867096904930236 0.1480071922938187 0.59370966401878822 -1.4988532428850629 3.6758747853939653 -0.5674460468770548 -0.53950043361012667 0.25643557239106801 1.376602168575525 0.3069274274680126 -0.27494514222042438 0.041072190247840729 -0.9021067389900076 0.18551540452913573 -0.60396527623043217 -0.050306386590300178 -0.90721258859403098 2.2333793395334425 -1.894636971004249 -0.25403717778755208
leaf_weight=44.258110970258713 725.95468603074551 38.605711102485657 91.175816401839256 98.602790102362633 56.442708790302277 40.933191940188408 31.126922279596329 97.606445252895355 418.98593631386757 377.3430227637291 391.83178703486919 140.01088443398476 190.63122244179249 138.51224222779274 29.308240741491318 23.645221531391144 50.388712525367737 51.277639657258987 35.968824088573456 30.9311643242836 287.48063758015633 62.146589994430542 87.911704942584038 354.96856382489204 35.835792139172554 299.31070658564568 27.012587279081345 50.270044952630997 29.124630630016327 72.311879441142082
leaf_count=68 1122 55 140 142 83 77 44 200 611 678 736 198 270 325 53 49 69 67 69 42 374 88 140 483 53 393 54 106 66 145
internal_value=-0.000373891 0.00157627 -0.00682669 -0.0171584 -0.00338098 0.0161028 0.00893777 0.000798516 0.000442631 0.00424867 0.00248636 -0.0021615 0.00682905 -0.00458755 -0.00523284 0.0178402 -0.00319084 -0.00696698 -0.00307634 -0.00380193 -0.0108957 0.000133043 -0.0125431 0.00290906 0.000166087 0.00153329 0.0153098 0.0181865 0.0132657 0.00154873
internal_weight=4409.91 3386.46 1023.45 241.056 782.397 161.055 122.449 3225.41 3181.15 1289.09 1191.48 1892.06 761.182 1473.08 430.296 52.9535 81.5156 142.453 1334.56 1298.6 463.327 835.269 150.058 685.21 175.847 654.279 297.038 270.026 219.756 464.144
internal_count=7000 5446 1554 349 1205 245 190 5201 5133 2357 2157 2776 1377 2165 780 102 113 207 1840 1771 625 1146 228 918 251 876 496 442 336 881
cat_boundaries=0 1 2 3 4 5 6
cat_threshold=49 520 48 37704 98825 2
is_linear=0
shrinkage=0.05


Tree=83
num_leaves=31
num_cat=1
split_feature=17 5 23 67 42 22 29 36 71 22 17 24 77 106 32 57 18 17 31 5 76 29 42 101 38 52 25 18 38 76
split_gain=15.1719 13.6409 33.6592 17.0225 26.9487 22.6923 18.3615 15.8965 14.635 14.5918 24.7127 15.6316 14.1478 13.9613 13.8624 13.7826 13.1146 12.889 12.0431 15.4299 11.6498 14.8749 13.0853 11.3498 13.4894 13.5147 11.1201 16.3211 14.3155 10.6564
threshold=0.6620335297744272 0.62828947368421062 1327.0900000000004 0 935.00000000000011 4521.0884353741503 211.05000000000001 395.00000000000006 109.89000000000001 4717.1655328798197 0.4092039754403784 241.89000000000001 0.78364253553975893 0.15000000000000005 225.00000000000003 0.054517345019194453 0.73550867857595348 0.56988112456146589 825.00000000000011 0.30952380952380959 907.69500000000005 49.999999999999993 545.00000000000011 0.8214878152607612 4561.2250000000013 8.9631972789116805 4365.2800000000016 0.75732775453277557 4645.0000000000009 1704.8200000000004
decision_type=2 2 2 9 2 2 2 2 2 2 2 2 2 2 2 2 2 2 2 2 2 2 2 2 2 2 2 2 2 2
left_child=1 2 3 5 6 13 9 -7 -4 11 -11 14 29 -1 -5 -16 -2 -10 -15 -20 22 -22 -12 24 25 -8 28 -28 -3 -9
right_child=16 26 8 4 -6 7 23 12 17 10 20 -13 -14 18 15 -17 -18 -19 19 -21 21 -23 -24 -25 -26 -27 27 -29 -30 -31
leaf_value=-0.17726440996749648 -1.445373971544099 0.11932355476787536 -4.5305505181867707 0.3867887278203565 -3.1783137909214307 1.6670067333192351 0.1362912962949949 0.49177862559827834 -0.0061205469986660432 -0.13900676498356399 0.26042819635778047 -1.4210611784230704 0.92358157907708405 0.64246821175032176 0.88244708409475714 -0.063997552125042392 0.27565492482617632 -1.8785163332673336 -1.917588281293076 1.1874616419906789 1.0296911077348383 0.3474466610160562 -0.37340848175154662 -0.75376796605704266 0.22846731624055253 -0.87703265381368889 -3.3572166529333516 0.71373066633613158 1.1376805651212778 -0.20867410304247047
leaf_weight=456.65214671194553 35.719398990273476 386.23513054847717 66.567148074507713 98.928115487098694 67.265357121825218 133.87580899894238 42.294795602560043 66.718729913234711 123.53064933419228 119.85705861449242 90.131134301424026 40.433320745825768 98.069020166993141 177.23039960861206 39.032298743724823 1013.5030923485756 455.08519072830677 129.66810812056065 39.326810151338577 38.361985415220261 60.536704808473587 178.39567287266254 31.795810580253601 56.455093502998352 46.867992788553238 88.926258563995361 29.505510553717613 24.366966664791107 106.06798574328423 119.24379722774029
leaf_count=620 69 760 174 151 183 261 54 92 245 147 119 68 153 285 56 1381 726 288 60 71 83 223 40 73 59 118 81 51 222 166
internal_value=0.000281499 -0.000743817 -0.00191446 -0.000323212 -0.00312378 0.00457242 -0.00202675 0.0138202 -0.0173604 -0.000189591 0.00716404 -0.00315546 0.00712528 -0.000858844 -0.00208246 -0.00376439 0.00857471 -0.0118757 0.00851496 -0.00789954 0.0136976 0.0201152 0.00112141 -0.0151281 -0.00893536 -0.0171594 0.0065943 -0.0149728 0.00895437 -0.00097845
internal_weight=4460.65 3969.84 3423.67 3103.9 1974.42 1129.48 1907.16 417.907 319.766 1672.61 480.716 1191.9 284.032 711.571 1151.46 1052.54 490.805 253.199 254.919 77.6888 360.859 238.932 121.927 234.544 178.089 131.221 546.176 53.8725 492.303 185.963
internal_count=7079 6284 5170 4463 2755 1708 2572 672 707 2268 612 1656 411 1036 1588 1437 795 533 416 131 465 306 159 304 231 172 1114 132 982 258
cat_boundaries=0 1
cat_threshold=4
is_linear=0
shrinkage=0.05


Tree=84
num_leaves=31
num_cat=3
split_feature=105 22 17 50 43 73 2 49 35 45 45 62 38 5 47 65 32 57 28 76 104 24 103 42 19 94 56 39 61 53
split_gain=16.3365 14.2931 17.5796 17.4016 13.7093 17.4745 12.7857 23.7234 16.5488 15.4831 13.5631 15.9891 12.738 12.7034 12.5958 12.0876 13.4389 12.8034 12.0656 11.1049 12.2711 12.2446 11.1977 16.1544 10.7776 10.4601 10.3502 10.338 10.5227 9.57778
threshold=0.67333333333333345 4540.1360544217696 0.39979374811518548 0.24656465759175086 -233.26500000000001 3336.9600000000005 0 0.012267963627316603 1275.0000000000002 693.54500000000007 245.71000000000001 1.0000000180025095e-35 4671.5100000000011 0.59411764705882364 0.0073821815094686502 1 795.00000000000011 0.024303186336839453 203.13000000000002 1583.2150000000004 0.94626960595492504 300.19500000000011 1.0000000180025095e-35 175.00000000000003 693.4916666666669 167.04591836734696 0.99842041728478959 4129.3850000000011 2 -15.082176760203801
decision_type=2 2 2 2 2 2 9 2 2 2 2 2 2 2 2 1 2 2 2 2 2 2 2 2 2 2 2 2 1 2
left_child=1 15 14 4 5 -4 8 9 12 -8 11 -9 26 24 -3 16 -1 -17 19 22 21 -21 -19 -24 -10 -12 -6 28 -22 -30
right_child=-2 2 3 -5 6 -7 7 10 13 -11 25 -13 -14 -15 -16 17 -18 18 -20 20 27 -23 23 -25 -26 -27 -28 -29 29 -31
leaf_value=-0.020180799187904875 -0.99389820381882432 -0.51827929203405299 -2.0799436753306524 0.78070523917099877 1.9662597585202093 0.35799298123642842 -0.98257885809683643 0.1072117949187657 -0.069745790061944035 0.61456600354582003 -0.17193074546653409 -0.25795759485987307 2.7600089938316206 0.88627266366468549 -0.04069686704612252 1.0498812436697833 1.8457441645206261 0.0023745609690863038 -0.91993899756976349 -0.92844294272232308 -0.29726473790338126 -0.079726466538943441 0.29025569490662434 -0.48155422068574583 0.99969703013918265 0.59338452968450783 0.055940606416592688 -0.60664259597725378 0.22623466347618115 1.1006400220642185
leaf_weight=65.467205554246902 25.055532693862915 65.441586688160896 58.191962003707886 99.849797114729881 39.560672491788864 25.423370718955994 189.2472562789917 373.84669615328312 241.31275399029255 32.094686254858971 33.00811368227005 88.092472121119499 40.141003623604774 146.96163527667522 190.68002930283546 34.396600931882858 62.639345288276672 1549.2037570029497 73.169153362512589 257.56147843599319 52.970596387982368 130.58839991688728 41.619989365339279 99.382604002952576 45.549583375453949 170.7501625418663 51.44797220826149 41.714941248297691 63.308670923113823 53.711689233779907
leaf_count=93 39 94 130 142 69 42 340 561 442 45 39 114 88 319 319 49 136 2248 130 460 76 272 53 130 71 228 91 65 99 79
internal_value=-0.000255709 -2.7353e-05 0.00325914 0.00516663 0.00385148 -0.0158354 0.00498517 0.0011582 0.0107824 -0.0130093 0.00588624 0.00114627 0.0265369 0.00626815 -0.00892121 -0.00248871 0.0119454 -0.00329601 -0.00375056 -0.00311195 -0.00895649 -0.014238 -0.00103772 -0.0145275 0.000144094 0.0166322 0.0161881 0.000726778 0.00620014 0.0145698
internal_weight=4442.39 4417.33 1891.6 1635.48 1535.63 83.6153 1452.01 887.039 564.974 221.342 665.697 461.939 131.15 433.824 256.122 2525.73 128.107 2397.63 2363.23 2290.06 599.856 388.15 1690.21 141.003 286.862 203.758 91.0086 211.706 169.991 117.02
internal_count=7063 7024 3134 2721 2579 172 2407 1327 1080 385 942 675 248 832 413 3890 229 3661 3612 3482 1051 732 2431 183 513 267 160 319 254 178
cat_boundaries=0 1 2 3
cat_threshold=48 8193 4
is_linear=0
shrinkage=0.05


Tree=85
num_leaves=31
num_cat=6
split_feature=17 101 89 3 99 29 22 65 56 35 65 29 5 61 106 5 3 98 65 23 39 5 87 103 34 38 45 31 52 33
split_gain=15.4191 14.799 14.6664 15.5269 29.2131 14.6527 13.5301 14.2202 13.302 12.9999 12.4451 14.0095 13.3449 11.7274 11.2721 10.9558 10.8079 9.61612 11.6895 11.6305 9.02781 9.02773 8.81152 8.79261 8.62326 10.3782 8.29711 8.23549 8.23204 11.6806
threshold=0.66317229372884545 0.77507419073767447 0.014185110663983853 0 58.453673469387759 101.41500000000001 3880.0000000000005 1 0.90103491350435505 3125.0000000000005 2 199.81000000000003 0.48684210526315791 3 0.51000000000000012 0.56696428571428581 4 830.61224489795927 5 391.81 4395.0000000000009 0.57518796992481214 0.97742870403726456 0.04880952380952381 515.00000000000011 4388.7650000000003 215.36000000000004 215.00000000000003 8.9631972789116805 865.00000000000011
decision_type=2 2 2 9 2 2 2 1 2 2 1 2 2 1 2 2 9 2 1 2 2 2 2 2 2 2 2 2 2 2
left_child=2 26 6 4 10 15 -1 -8 -3 14 12 -12 20 -9 23 24 -10 19 21 27 28 -19 -11 -7 -5 -26 -2 -15 -4 -30
right_child=1 8 3 5 -6 9 7 13 16 22 11 -13 -14 17 -16 -17 -18 18 -20 -21 -22 -23 -24 -25 25 -27 -28 -29 29 -31
leaf_value=-0.26539805641907183 0.23271673280243477 -2.6041052271698901 0.026570848930396809 1.2368806652109017 -1.952188151257741 -0.066258500558848257 -0.044396813995044228 -0.015735704777674189 -1.1636838073211142 -2.0195385880080976 0.017733132376400819 -0.45415246498040818 -0.32881700350558563 0.5370904867987164 0.40953562681483152 1.7112850440491685 0.53848898187541328 -0.14988169474433918 0.96068417881509449 0.67743091029769231 0.23914104752004128 1.3154881462663781 0.28256584942570412 -0.56380972466864421 -0.17387077688141661 0.70486734454154609 0.59482956961641809 -0.027614543799199254 -0.20190294633840866 -0.59826843420437192
leaf_weight=240.42768827080727 191.50125926733017 33.895203828811646 101.72420199215412 31.323041498661041 69.580087870359421 606.89941294491291 356.66832475364208 187.16725121438503 57.277165770530701 74.46812716126442 630.0327894538641 97.159370630979538 37.157491266727448 78.187142044305801 282.4783128798008 87.330260440707207 108.96657291054726 112.65824167430401 160.7041386961937 63.818172067403793 43.80009189248085 51.536829620599747 19.01304629445076 49.960712641477585 120.42139619588852 77.794261530041695 71.972117513418198 40.3833929002285 369.64071944355965 31.273072302341461
leaf_count=352 290 62 146 67 122 900 599 354 105 176 858 128 45 112 484 206 204 185 313 93 64 111 39 63 187 149 95 61 504 38
internal_value=0.000324222 0.00895857 -0.000671149 -0.00274798 -0.00645049 0.00107848 0.00371882 0.00616636 -0.00129112 -0.00179915 -0.00482136 -0.000378276 -0.0101768 0.010251 -2.95389e-05 0.010492 0.00452935 0.0143453 0.00918749 0.0235333 -0.00837957 -0.000702185 -0.019581 -0.00362138 0.00475739 0.000904904 0.0167444 0.0142702 -0.0102767 -0.0134999
internal_weight=4485.22 463.612 4021.61 2730.06 1380.37 1349.69 1291.55 1051.12 200.139 1032.82 1310.79 727.192 583.596 694.455 939.338 316.869 166.244 507.288 324.899 182.389 546.438 164.195 93.4812 656.86 229.539 198.216 263.473 118.571 502.638 400.914
internal_count=7112 756 6356 4176 1905 2271 2180 1828 371 1662 1783 986 797 1229 1447 609 309 875 609 266 752 296 215 963 403 336 385 173 688 542
cat_boundaries=0 1 2 3 4 5 6
cat_threshold=30 4302 271766 4 1044 41744
is_linear=0
shrinkage=0.05


Tree=86
num_leaves=31
num_cat=3
split_feature=28 93 56 50 39 74 22 60 58 26 32 33 3 65 34 49 82 36 76 30 59 37 44 94 4 72 58 45 36 98
split_gain=14.2476 13.5735 13.4401 11.9508 10.5288 16.9091 10.0995 13.2931 11.7748 11.5042 9.95426 13.2873 9.64078 19.2008 17.6948 16.5226 22.1102 13.1738 12.5314 12.4811 12.4193 11.2364 18.0359 11.6899 14.8821 11.0166 11.285 10.7979 10.9948 11.3177
threshold=231.96000000000001 0.16335589941972919 0.5002471524718729 0.26122846345757683 4159.7850000000008 840.60000000000014 3400.0000000000005 0 0.019042165557563603 157.19000000000003 455.00000000000006 10.000000000000457 1 2 465.00000000000006 0.010225111306979151 363.97500000000008 816.38500000000033 2572.2350000000006 0.39725602304311936 0.019919881980611405 205.00000000000003 297.69 866.19726757369619 6.5000000000000009 143.10000000000005 0.025823670929412453 230.09500000000006 380.00000000000028 800.68027210884361
decision_type=2 2 2 2 2 2 2 1 2 2 2 2 9 1 2 2 2 2 2 2 2 2 2 2 2 2 2 2 2 2
left_child=1 2 -1 6 5 -5 8 9 -4 -8 11 -9 15 19 -15 16 -12 18 -18 -14 27 22 -16 -23 -25 26 -22 28 29 -17
right_child=-2 -3 3 4 -6 -7 7 10 -10 -11 12 -13 13 14 21 20 17 -19 -20 -21 25 23 -24 24 -26 -27 -28 -29 -30 -31
leaf_value=0.77593109832168639 -1.6362879247168267 -1.3687137787526718 0.3402246215933673 0.44570277506747547 0.88778187260658825 -0.29744134044859794 -0.32901660782492714 -0.20652105812982385 -0.83913274869198173 0.11992440984307109 0.34659484797158557 0.2617745269867392 2.0784563514772829 0.89288168331624151 -0.55397896032961569 0.0047243534295731138 -0.90837319742322797 2.3646832937295517 0.29750090265104279 0.42878571307838059 0.7925417016876225 0.34168313466089706 0.63785454630674399 -0.12131683972559203 1.3267538767960376 -0.16234474384918929 -0.0065196009664674655 0.18880819965929022 0.43726221570231094 -0.70799039715197576
leaf_weight=49.728134647011757 25.047748982906342 26.745800286531448 33.21781750023365 118.97281101346016 51.736235052347183 68.077013924717903 256.92007450759411 45.067875921726227 79.704429358243942 152.00499714910984 45.924667358398438 250.4602328389883 41.577807545661926 107.4301020950079 294.08253264427185 284.62563695013523 243.55712673068047 29.22749650478363 39.407147914171219 199.9051516354084 42.176657050848007 342.69313478469849 28.323071643710136 575.87082295119762 48.024830892682076 404.44505830109119 162.45373591780663 186.36915028095245 171.61800147593021 78.023273020982742
leaf_count=83 49 44 53 168 76 103 443 66 108 337 57 364 89 174 461 380 374 64 78 440 57 466 70 1050 96 539 207 237 242 143
internal_value=0.000250804 0.000462072 0.000676397 0.000383065 0.0112598 0.00573806 -0.000243807 0.000169416 -0.0149917 -0.00826497 0.00114153 0.00993872 0.00036323 0.00308554 0.000787084 -0.00228332 -0.0118295 -0.0165945 -0.0198955 0.015817 0.000270465 -0.000832162 -0.00891524 0.00186395 -0.00221128 -0.00498562 0.00446808 0.00471287 0.00109802 -0.00383625
internal_weight=4483.42 4458.37 4431.63 4381.9 238.786 187.05 4143.11 4030.19 112.922 408.925 3621.26 295.528 3325.74 1637.91 1396.42 1687.83 358.116 312.192 282.964 241.483 1329.71 1288.99 322.406 966.589 623.896 609.075 204.63 720.636 534.267 362.649
internal_count=7118 7069 7025 6942 347 271 6595 6434 161 780 5654 430 5224 2846 2317 2378 573 516 452 529 1805 2143 531 1612 1146 803 264 1002 765 523
cat_boundaries=0 1 2 3
cat_threshold=4 1084 142337
is_linear=0
shrinkage=0.05


Tree=87
num_leaves=31
num_cat=1
split_feature=27 33 60 45 71 96 93 74 72 94 17 56 28 17 77 37 37 93 25 53 82 32 5 49 38 37 103 53 35 53
split_gain=21.0916 17.867 15.4562 13.9975 15.9569 27.6519 16.4026 16.1308 12.3344 12.0241 11.8205 11.571 17.2424 13.659 11.8766 11.4957 11.1226 10.9072 10.8244 10.7449 12.7453 11.7734 11.4143 11.0947 9.91584 9.90818 9.6459 11.7314 10.5024 13.7661
threshold=5.9350000000000014 1775.0000000000002 0 230.09500000000006 48.000000000000007 1339.4557823129255 0.018854252119223352 2479.6150000000002 61.475000000000009 157.64225623582769 0.36726188590026226 0.88981437768990579 104.53500000000001 0.52120012793839776 0.82112019387729573 585.00000000000011 565.00000000000011 0.13825225225225227 3701.7950000000005 -17.502266685448337 3579.7250000000008 895.00000000000011 0.6515151515151516 0.10286039466637711 4290.3050000000012 275.00000000000006 0.04880952380952381 -20.402810284239681 1115.0000000000002 -23.190417009096098
decision_type=2 2 1 2 2 2 2 2 2 2 2 2 2 2 2 2 2 2 2 2 2 2 2 2 2 2 2 2 2 2
left_child=17 2 3 4 5 10 7 24 18 -5 -2 -12 13 14 16 -9 -13 26 -4 20 -10 23 -23 -21 -6 -22 27 28 29 -1
right_child=1 -3 8 9 6 -7 -8 15 19 -11 11 12 -14 -15 -16 -17 -18 -19 -20 21 25 22 -24 -25 -26 -27 -28 -29 -30 -31
leaf_value=-0.27572890480052398 -0.77376843030109854 0.99799554615549801 0.61010400658697539 -0.12833461695555926 0.18796428050419323 -4.1342326108317735 -2.2776702334803547 -0.55855663343210293 -0.17657304031803386 0.43674942067365663 0.18898519287187129 -0.03659980653174557 -0.46272880650181919 -0.071324290323461534 0.64083449861316222 0.46538586578729735 0.54285461145711977 -1.0766090162968069 -0.29070746953280208 0.47287734660073966 -0.1354479421396608 -1.3143896091476379 0.017513681803677628 -0.17855834754793581 0.71520529966071678 1.0310612758110522 -0.39894159461157774 -0.092070562641241346 0.73360705059107267 0.23601557561348108
leaf_weight=78.879813209176064 34.557222336530685 63.118690460920334 80.741255864500999 116.32751023769379 248.28250713646412 35.527096703648567 21.579551368951797 118.51812091469765 204.30312067270279 430.4683542996645 255.74511921405792 223.58018693327904 131.43924850225449 555.78232227265835 44.22078874707222 72.31880621612072 85.150086671113968 31.454507932066917 43.004453405737877 45.324377506971359 51.236094236373901 179.15139438211918 52.747784271836281 66.804350525140762 257.01103822886944 61.887673750519753 88.271325841546059 647.08470484614372 35.375928118824959 90.238106489181519
leaf_count=108 47 134 170 145 487 94 44 229 381 627 343 275 184 715 53 137 110 51 110 61 85 342 112 90 535 105 130 970 64 137
internal_value=-0.000324881 0.00149398 0.00100688 0.00284188 0.000984292 -0.00218728 0.00702068 0.00835153 -0.00511167 0.00997271 -0.00102481 -0.000255209 -0.00259791 -0.000149633 0.00754266 -0.0040334 0.00407143 -0.00683932 0.00931175 -0.0078873 -0.001253 -0.0140086 -0.0204404 -0.000706657 0.013029 0.0122113 -0.00587002 -0.00423918 0.00620015 0.00101773
internal_weight=4450.13 3478.83 3415.71 2630.51 2083.71 1366 717.71 696.13 785.201 546.796 1330.47 1295.92 1040.17 908.733 352.951 190.837 308.73 971.304 123.746 661.455 317.427 344.028 231.899 112.129 505.294 113.124 939.85 851.579 204.494 169.118
internal_count=7075 5615 5481 4025 3253 1821 1432 1388 1456 772 1727 1680 1337 1153 438 366 385 1460 280 1176 571 605 454 151 1022 190 1409 1279 309 245
cat_boundaries=0 1
cat_threshold=10
is_linear=0
shrinkage=0.05


Tree=88
num_leaves=31
num_cat=3
split_feature=27 59 24 61 19 71 95 44 22 28 65 54 57 29 42 4 65 54 16 75 5 96 73 71 73 5 22 15 22 87
split_gain=13.7783 14.2142 12.4285 11.0313 14.2511 13.3369 17.0032 14.5957 11.8275 11.6233 11.5906 11.1132 11.0283 10.3357 10.5956 17.1082 10.0456 12.7969 9.42332 9.31484 19.6947 15.0416 17.6447 12.8919 12.6949 12.1568 13.237 11.2755 11.2403 9.2474
threshold=5.9350000000000014 0.023609611661345453 165.14500000000001 0 781.66700000000026 156.06000000000003 1100.9950000000001 110.26499999999994 4534.3083900226766 92.469999999999985 1 -47.752634199866328 0.37500470730799623 222.89500000000004 915.00000000000011 3.5000000000000004 2 -12.885517828315436 0.18823529411764708 2249.0250000000005 0.59411764705882364 1414.2857142857144 507.25000000000006 157.10500000000005 763.11500000000012 0.76388888888888895 4646.587301587303 0.87500000000000011 3400.0000000000005 0.8787196800802558
decision_type=2 2 2 1 2 2 2 2 2 2 1 2 2 2 2 2 1 2 2 2 2 2 2 2 2 2 2 2 2 2
left_child=1 -1 13 4 16 6 7 10 -6 -8 12 -12 -5 14 29 -16 17 -4 -3 20 21 22 23 28 -23 -21 -27 -26 -18 -2
right_child=2 18 3 5 8 -7 9 -9 -10 -11 11 -13 -14 -15 15 -17 19 -19 -20 25 -22 24 -24 -25 27 26 -28 -29 -30 -31
leaf_value=-0.021924428963298583 0.52096548134854004 -0.43598388255402298 -0.2499546535538201 0.38647660501102843 0.040253242171741026 0.29682555687659545 -0.0012292663747951239 0.89797811175899511 1.7498807191382442 -1.2128795620541397 -0.447733121155445 0.013705833532562295 -0.30363786005628274 -0.33183208010519699 -6.3906909322290462 0.65487545072328723 -0.6489274827587963 1.2540568684589433 -0.00045473016824075789 -2.3580135041069243 3.2927399012503926 -4.8826204194262548 2.0749924475673072 1.3583981074542124 -2.0298959820195579 -0.037367080718429695 1.7154961760610874 0.78761310495461945 0.13905909428319171 0.088085447584988694
leaf_weight=711.50822001695633 144.08610153198242 170.44206400215626 357.99774953722954 28.820571064949036 33.811119928956032 361.02694554626942 79.209467843174934 37.060950577259064 51.634300991892815 189.40948198735714 59.969995945692062 653.29324686527252 208.31510546803474 41.62930092215538 18.043973386287689 22.279589146375656 29.330680146813393 35.581234082579613 81.10140585899353 74.870843589305878 43.523232489824295 26.116337418556213 66.059609591960907 21.55853183567524 43.977872416377068 46.403280735015869 41.335119917988777 31.413316637277603 656.83369137346745 98.325832337141037
leaf_count=1100 189 247 569 39 52 787 167 71 91 406 78 860 275 49 49 62 36 59 110 171 102 62 140 53 81 96 80 48 864 114
internal_value=-0.000239984 -0.00553645 0.00121658 0.000264887 0.00326392 -0.00262907 -0.00506346 -0.00202932 0.0231167 -0.0162171 -0.00322973 4.23159e-05 -0.0125443 0.0105396 0.0139644 -0.0097679 0.00211387 -0.00466639 -0.0157527 0.00458229 0.00657684 0.00494448 0.00731848 0.00501171 -0.0131523 -0.00640598 0.00622298 -0.00274518 0.00381554 0.0179121
internal_weight=4464.97 963.052 3501.92 3177.55 1560.45 1617.11 1256.08 987.46 85.4454 268.619 950.399 713.263 237.136 324.365 282.735 40.3236 1475 393.579 251.543 1081.42 918.813 875.29 773.783 707.723 101.508 162.609 87.7384 75.3912 686.164 242.412
internal_count=7107 1457 5650 5187 2504 2683 1896 1323 143 573 1252 938 314 463 414 111 2361 628 357 1733 1386 1284 1093 953 191 347 176 129 900 303
cat_boundaries=0 1 2 3
cat_threshold=2 14528 148996
is_linear=0
shrinkage=0.05


Tree=89
num_leaves=31
num_cat=6
split_feature=29 70 65 96 7 73 22 72 72 65 101 101 18 7 77 71 47 61 99 72 35 48 44 82 65 29 65 37 19 87
split_gain=15.7599 16.5737 17.0699 14.2552 13.3039 17.4716 20.2621 13.3925 12.6145 12.3902 12.8429 12.2353 12.628 11.4052 11.1824 10.5814 10.0589 9.27077 11.9321 13.2651 11.1994 12.3238 10.7573 11.078 10.6802 10.3381 10.2896 14.8856 10.1505 10.1332
threshold=172.23500000000004 0 1 546.25850340136071 1.5000000000000002 112.96000000000002 4005.3174603174607 37.82500000000001 328.84500000000008 2 0.67249864861591757 0.48639856817681854 0.50889489524400022 2.5000000000000004 0.81898943828922199 340.65000000000003 0.52297868261687885 3 -25.276485260770965 277.61500000000007 585.00000000000011 0.94036925625960077 33.185000000000066 419.78200000000004 4 117.07000000000002 5 395.00000000000006 434.36507936507945 0.60630504814584618
decision_type=2 9 1 2 2 2 2 2 2 1 2 2 2 2 2 2 2 1 2 2 2 2 2 2 1 2 1 2 2 2
left_child=1 2 8 -3 5 6 -2 -6 11 -7 -11 12 -1 -9 -5 17 -16 18 28 20 -20 29 26 24 -24 -23 27 -19 -4 -22
right_child=4 3 15 14 7 9 -8 13 -10 10 -12 -13 -14 -15 16 -17 -18 22 19 -21 21 25 23 -25 -26 -27 -28 -29 -30 -31
leaf_value=-0.059362980286583072 -3.0944547661901041 0.98472686046457625 -0.00724709952418432 1.0812553972576608 0.09693030483219528 -0.3580128021741999 -0.12372317614017375 -1.4604855509206018 1.9184572863300347 0.043591069149128359 2.2441548796190149 0.045185565488552015 0.998238668733611 0.22079305560364687 0.51364080054063244 -3.105257607884254 -0.38985021402342285 0.17104048655617987 0.35017727479489696 0.80552437945323452 0.087062644498365677 0.52011577459256697 0.058011347054332418 0.068279334820229562 -0.30968488507932079 -0.25567473815796621 -0.34468903232801901 -0.44192084608122428 -0.65669853343674878 -0.714909468360165
leaf_weight=24.309044659137726 32.409613102674484 36.596662998199463 64.27753309905529 37.934878408908844 60.073876291513443 52.794467374682426 581.58169198036194 150.61358548700809 25.682299673557281 55.894238725304604 83.853596583008766 1130.073560744524 89.816630214452744 26.46412393450737 32.101604074239731 25.863768756389618 52.070099785923958 81.371271759271622 124.70958915352821 208.94821900129318 45.531954437494278 132.3703048825264 80.574470907449722 379.09818281233311 130.99602109193802 171.49783438444138 339.88092260062695 74.320909202098846 45.047082781791687 96.921732038259506
leaf_count=35 43 54 98 71 79 100 758 282 48 109 182 1814 145 35 46 51 73 131 198 332 89 208 107 632 186 284 550 140 63 170
internal_value=-0.000156595 0.00148042 0.000685627 0.0167637 -0.00553652 -0.00247543 -0.00659647 -0.015947 0.00519811 0.010666 0.0177358 0.00452307 0.0201256 -0.0228677 0.00961616 -0.00218912 -0.000541726 -0.00178408 0.00200141 0.00416972 0.000225384 -0.00347599 -0.00488326 -0.000325608 -0.00949154 0.0022127 -0.0103155 0.000749378 -0.0134684 -0.0156105
internal_weight=4473.68 3429.99 3271.29 158.703 1043.69 806.534 613.991 237.152 1269.88 192.542 139.748 1244.2 114.126 177.078 122.107 2001.41 84.1717 1975.55 889.304 779.98 571.031 446.322 1086.24 590.669 211.57 303.868 495.573 155.692 109.325 142.454
internal_count=7113 5525 5281 244 1588 1192 801 396 2042 391 291 1994 180 317 190 3239 119 3188 1442 1281 949 751 1746 925 293 492 821 271 161 259
cat_boundaries=0 1 2 3 4 5 6
cat_threshold=49 84487 196756 2 271360 163912
is_linear=0
shrinkage=0.05


Tree=90
num_leaves=31
num_cat=4
split_feature=27 35 72 19 28 65 31 5 34 25 67 6 52 65 52 55 5 53 13 38 82 54 28 25 101 67 49 45 18 58
split_gain=17.3147 17.3125 22.3886 17.8389 14.8065 13.6728 12.3277 12.3168 34.5696 19.0708 24.9785 15.6483 14.7995 13.9465 12.0455 17.0495 11.9011 12.8622 12.4327 14.4123 11.5216 11.3118 11.0529 12.182 10.9404 14.9987 14.8685 11.5726 11.4885 10.2469
threshold=5.9350000000000014 495.00000000000006 121.16500000000001 493.09523809523819 76.205000000000013 0 885.00000000000011 0.34848484848484851 1375.0000000000002 2633.8150000000001 1 9.5000000000000018 166.81858276643996 2 11.559501133786769 0.017095265926358804 0.76388888888888895 -11.672527731969243 0.13392857142857142 4855.0000000000009 3939.2350000000006 -27.199606264018581 176.04500000000004 550.85500000000013 0.53304758389997897 3 0.076722799335979516 -174.79000000000011 0.89210265802108613 0.023542955115335953
decision_type=2 2 2 2 2 1 2 2 2 2 9 2 2 1 2 2 2 2 2 2 2 2 2 2 2 9 2 2 2 2
left_child=14 2 -2 5 6 -4 -3 8 11 10 -9 13 -13 20 -1 22 18 -18 19 -11 -6 -8 29 -24 27 28 -27 -15 -26 -16
right_child=1 4 3 -5 7 -7 21 9 -10 16 -12 12 -14 24 15 -17 17 -19 -20 -21 -22 -23 23 -25 25 26 -28 -29 -30 -31
leaf_value=0.051471051510788617 0.80056909794958964 1.1623021827490321 -0.01873950752965783 -0.0030832864592419186 -0.0064351317676965896 0.49246279328627268 -0.44550192620793327 -0.38951683589856007 -3.601223360899414 -1.587755853311255 1.1870146576072784 1.1143522602925466 -0.015103374457806585 -0.34637378034528016 0.22229093089586344 -0.60962537341271961 -0.0085701589336622426 1.7778824196574647 -2.4327618567734337 2.8252487779214337 0.44714588164371777 0.58941065296358919 -0.081693094579397579 -1.123785706394189 0.093143886207045057 -1.219428067830981 -0.24322172164598899 0.35526286674905239 -0.41036514586608136 -0.092285167664996948
leaf_weight=271.74507860839367 52.578003585338593 67.446483433246613 83.751301258802414 368.29148738086224 835.83725038170815 146.4670877456665 32.110704973340034 29.040658116340637 132.69200006127357 77.125077828764915 275.21427914500237 56.215653523802757 59.835364431142807 28.223217681050301 139.10064844787121 159.47356830537319 193.0388650894165 34.975815638899803 62.818741366267204 22.987654566764832 100.15948654711246 154.07823644578457 73.531930238008499 61.685798048973083 190.14229129254818 113.04140989482403 204.92593725025654 126.73317560553551 54.326780423521996 263.88686344027519
leaf_count=433 97 120 110 481 1103 198 75 37 321 162 549 87 77 40 206 247 428 63 146 49 138 321 107 100 328 169 263 172 90 358
internal_value=0.000211557 0.00184855 0.00920495 0.00645686 0.000168541 0.0173749 0.0116993 -0.000957465 -0.00303903 0.00473789 0.0141252 -0.00119316 0.0165548 -0.00243889 -0.00570211 -0.00918051 -0.00256778 0.00480663 -0.0128879 -0.00194709 0.00159962 0.0050648 -0.00492581 -0.0172956 -0.00762403 -0.0109713 -0.0181308 0.0040333 -0.00165937 -0.000775268
internal_weight=4471.48 3502.06 651.088 598.51 2850.97 230.218 253.635 2597.33 1902.13 695.201 304.255 1769.44 116.051 1653.39 969.424 697.679 390.946 228.015 162.931 100.113 935.997 186.189 538.205 135.218 717.393 562.436 317.967 154.956 244.469 402.988
internal_count=7075 5624 886 789 4738 308 516 4222 2788 1434 586 2467 164 2303 1451 1018 848 491 357 211 1241 396 771 207 1062 850 432 212 418 564
cat_boundaries=0 1 2 3 4
cat_threshold=12678 1 495626 4
is_linear=0
shrinkage=0.05


Tree=91
num_leaves=31
num_cat=3
split_feature=29 65 50 102 24 96 88 104 19 38 65 34 5 5 97 44 23 5 26 34 58 29 65 19 103 37 39 37 91 39
split_gain=13.4374 11.4846 11.2372 12.0237 18.9679 9.69382 11.1942 9.33844 10.1806 9.31039 14.7704 11.8154 15.207 11.3545 20.7927 11.8535 10.5238 10.8374 10.1102 22.336 14.9072 11.2712 9.93697 9.62881 9.23658 9.11762 9.76523 8.90046 10.6693 10.8552
threshold=172.23500000000004 0 0.26696134849606518 0.04880952380952381 189.72500000000005 1.0000000180025095e-35 0.25844402277039852 0.17806641282953492 829.17000000000019 4391.1000000000013 1 905.00000000000011 0.34848484848484851 0.43650793650793651 1499.0929705215424 35.150000000000041 2386.2250000000004 0.72077922077922085 109.70500000000001 835.00000000000011 0.023542955115335953 60.850000000000001 2 394.64285714285717 0.12142857142857141 705.00000000000011 355.00000000000006 605.00000000000011 0.014389233954451302 4054.6050000000005
decision_type=2 1 2 2 2 2 2 2 2 2 1 2 2 2 2 2 2 2 2 2 2 2 1 2 2 2 2 2 2 2
left_child=2 -2 5 4 -4 -1 9 -3 24 10 13 25 -13 14 27 -15 17 -14 19 20 -11 -20 -22 -17 -9 26 -12 28 29 -7
right_child=1 7 3 -5 -6 6 -8 8 -10 18 11 12 16 15 -16 23 -18 -19 21 -21 22 -23 -24 -25 -26 -27 -28 -29 -30 -31
leaf_value=0.72157817786842748 0.3817177454649695 -0.92716574066951984 0.74028345550906927 -0.09531176466040564 -0.077608439850427757 -0.080580559722113781 -0.74730465984933625 -0.24760434185892813 0.11879332474350353 0.62453741039993427 -0.2917862668809329 -3.2815779378649377 -0.42322682989753702 1.601817008405324 -3.3023401990163634 0.67872747952573043 -1.6152579798468978 1.8770954155291322 0.9111013959480232 -1.7091017946954397 -0.27166373619636491 0.14248121678670031 0.10010892361843826 -0.26550513370621903 -0.73396919390533455 0.58529806023646536 -0.015582142551559743 0.37675026538559708 0.50444067210080445 0.22711768690237194
leaf_weight=23.19432133436203 150.78074072301388 29.081973537802696 86.62864151597023 64.977915972471237 42.060143858194351 398.59325774013996 25.915334075689316 762.61418810486794 51.203021541237831 92.476913660764694 77.015191286802292 86.174771934747696 76.26730677485466 63.309910446405411 33.974945068359375 46.044267490506172 79.013686001300812 36.54930804669857 219.49820010364056 98.335626229643822 84.546453952789307 346.92275266349316 170.29010388255119 33.220428794622421 53.924022942781448 36.102112889289856 923.91116039454937 82.764959529042244 34.778552711009979 156.26876117289066
leaf_count=37 264 48 118 102 66 545 45 1139 68 130 97 187 135 127 74 107 171 88 446 249 109 660 223 67 76 44 1294 111 48 229
internal_value=0.000475016 -0.00447935 0.00199314 0.013691 0.0225437 0.0012907 0.00105739 -0.00659398 -0.00573346 0.00132444 -0.000526903 -0.00383298 -0.0130158 0.00458535 0.00204152 0.0175103 -0.00517791 0.00462294 0.00528295 -0.00035106 0.00560517 0.00971569 -0.000634948 0.00462577 -0.00708965 -0.00140823 -0.00229862 0.0039698 0.00181458 0.000130718
internal_weight=4466.44 1047.6 3418.84 193.667 128.689 3225.17 3201.97 896.823 867.741 3176.06 2163.99 1315.03 278.005 848.955 706.38 142.575 191.83 112.817 1012.07 445.649 347.313 566.421 254.837 79.2647 816.538 1037.03 1000.93 672.406 589.641 554.862
internal_count=7104 1595 5509 286 184 5223 5186 1331 1283 5141 3324 2016 581 1308 1007 301 394 223 1817 711 462 1106 332 174 1215 1435 1391 933 822 774
cat_boundaries=0 1 2 3
cat_threshold=41728 76295 11392
is_linear=0
shrinkage=0.05


Tree=92
num_leaves=31
num_cat=5
split_feature=61 22 35 82 101 25 69 58 104 25 67 67 76 33 37 5 72 74 16 67 52 5 13 44 22 18 105 96 94 44
split_gain=12.7965 15.0108 30.0369 18.063 16.3254 14.9413 24.1038 17.1797 14.5187 14.2502 13.7674 13.1512 18.33 12.4439 12.3744 12.1264 11.8122 10.8863 13.1907 10.6027 10.4972 10.1773 10.0272 9.71984 9.45197 10.7126 13.1031 10.9232 10.6824 8.98464
threshold=0 4820.3287981859421 1325.0000000000002 3759.6460000000002 0.42578972917943808 778.43000000000018 1 0.14771760703147152 0.73435599779732796 1670.7950000000003 2 3 1065.2600000000002 95.000000000000014 585.00000000000011 0.76388888888888895 320.11000000000007 2001.9550000000002 0.13392857142857142 4 261.57860544217698 0.17424242424242423 0.15476190476190474 271.72500000000019 5272.5736961451257 0.74989711934156389 0.10166666666666667 516.32653061224505 162.43158730158731 21.804999999999982
decision_type=1 2 2 2 2 2 9 2 2 2 9 9 2 2 2 2 2 2 2 9 2 2 2 2 2 2 2 2 2 2
left_child=1 4 3 -3 -1 7 17 19 -8 29 13 16 -13 -5 15 -4 22 18 23 24 21 -16 -6 -7 25 26 -2 28 -27 -10
right_child=5 2 14 10 11 6 8 -9 9 -11 -12 12 -14 -15 20 -17 -18 -19 -20 -21 -22 -23 -24 -25 -26 27 -28 -29 -30 -31
leaf_value=0.69309030656530557 -0.39171241469890816 1.1804543825310645 -2.1785550210187625 0.64822136373684724 0.004542347806816594 -0.022769807305270208 -0.70616574738206916 0.75580384930450473 -0.30242600045581441 -3.5055024856328618 2.3486849751826711 -0.01912415053745491 -1.0687910796854361 -0.22194347374763554 -0.36080753973109542 1.6434332288771913 1.5709085180766984 -0.14871598720410795 1.5903930355161962 0.7276067975543854 0.64339053501244936 0.61382370725655599 0.9972323977344516 0.81808711371358245 0.43758332878165196 -0.055080407004716392 0.066712927735727942 -0.18829584871370475 0.055052010589575678 0.0086867067051078269
leaf_weight=102.63206769526005 167.32174721360207 95.155911833047867 83.460896342992783 51.597687304019928 581.94905140995979 145.16765795648098 172.97028030455112 74.287010818719864 297.15549546480179 37.879569560289383 36.162783905863762 434.54918482899666 144.88006763160229 87.610865414142609 61.272285982966423 20.212181761860847 32.512732490897179 261.19217878580093 67.411548614501953 62.455530777573586 97.333520874381065 74.400365084409714 60.346900522708893 22.232418790459633 76.899910986423492 304.78869560360909 56.763738304376602 31.084041178226471 405.15729995071888 298.16982980072498
leaf_count=161 212 135 180 65 925 337 295 110 422 95 74 608 229 113 98 45 58 570 173 105 142 159 120 54 98 407 78 41 541 404
internal_value=0.000439072 0.00345421 0.00998843 0.0223944 0.000530117 -0.00194792 -0.00563967 0.00213038 -0.0108975 -0.00752573 0.0128775 -0.00103874 -0.00656399 0.00573723 2.00054e-05 -0.0143506 0.00370555 0.00306408 0.0109383 0.000564909 0.00641402 -0.00257491 0.00221721 0.00341803 -0.000634449 -0.00197866 -0.0115581 0.000918126 0.00218836 -0.00563368
internal_weight=4445.01 1964.08 607.206 270.527 1356.87 2480.94 1302.18 1178.76 806.175 633.205 175.371 1254.24 579.429 139.209 336.679 103.673 674.809 496.004 234.812 1104.47 233.006 135.673 642.296 167.4 1042.02 965.116 224.085 741.03 709.946 595.325
internal_count=7054 3112 1011 387 2101 3942 2350 1592 1216 921 252 1940 837 178 624 225 1103 1134 564 1482 399 257 1045 391 1377 1279 290 989 948 826
cat_boundaries=0 1 2 3 4 5
cat_threshold=2 96 1 4 1
is_linear=0
shrinkage=0.05


Tree=93
num_leaves=31
num_cat=5
split_feature=22 23 69 96 55 23 50 65 43 65 29 65 65 101 38 104 76 36 28 99 37 76 53 101 23 58 4 44 25 22
split_gain=12.9223 17.1643 20.0863 25.0513 23.5367 22.7801 15.661 15.1753 14.482 16.8052 12.8616 14.3025 12.8421 12.5609 12.4147 15.7905 11.0278 10.6871 10.6123 10.0863 9.82441 9.80242 9.57847 9.41866 8.90454 13.9389 12.6456 12.1073 11.8543 10.8898
threshold=4540.1360544217696 573.04000000000008 0 1339.4557823129255 0.048003072196620554 1584.4350000000002 0.11790560855780921 1 -11.310000000000171 2 211.73500000000004 3 4 0.94209637297175197 4551.3050000000012 0.93139218846843952 1526.5150000000001 210.00000000000026 90.665000000000006 37.368854875283439 495.00000000000006 3627.8150000000005 -10.591323366338463 0.3185950312239374 907.88000000000011 0.018146590466308201 2.5000000000000004 137.70500000000001 2024.2200000000003 3400.0000000000005
decision_type=2 2 9 2 2 2 2 1 2 1 2 1 1 2 2 2 2 2 2 2 2 2 2 2 2 2 2 2 2 2
left_child=10 6 3 4 7 -4 8 17 16 -10 11 24 21 18 15 -9 19 -3 -13 -2 -16 -7 -14 -20 25 -1 -26 29 -28 -27
right_child=1 2 5 -5 -6 12 -8 14 9 -11 -12 13 22 -15 20 -17 -18 -19 23 -21 -22 -23 -24 -25 26 27 28 -29 -30 -31
leaf_value=0.25984226212147138 0.23700495433129945 1.3138848416566689 1.809546037624395 -3.7539305878866105 -0.62589930364944102 0.90633099428351471 0.5008500126971086 -1.1020713140205622 -0.38691182964619064 0.090532553177604322 -0.53452695635217329 0.40261621764021921 -0.17698224493129261 -0.2750558703236749 -1.1835018653639466 0.013982930525219574 0.69587673964271368 0.25690669752088413 0.93472757952618513 -0.077308026185723133 0.07682378847671939 -0.078479487590246325 1.5612615674333314 0.022274464197641921 -4.287376984264232 -1.124962176903425 1.0293640036302236 1.1840988039148641 -0.26473821775628043 -0.052352448921226369
leaf_weight=103.41299180686474 218.81754100322723 64.376209944486618 92.372306376695633 66.021156474947929 72.987275779247284 76.527133196592331 134.64426739513874 50.25499139726162 83.787420630455017 123.16684606671333 247.98748524487019 216.63613539934158 259.09263613820076 175.38133250176907 32.738854005932808 42.10912561416626 62.683432459831238 131.43046803772449 32.370100274682045 67.168992355465889 275.51122388243675 31.60658822953701 25.128198072314262 814.43304148316383 63.323030143976212 44.290518581867218 20.359946057200432 27.754913195967674 112.4651543200016 663.04866644740105
leaf_count=148 282 83 221 169 105 182 190 72 110 180 341 345 556 316 59 62 79 208 52 93 388 76 44 1213 139 54 39 64 245 926
internal_value=0.000362355 0.00346411 -0.000100563 -0.00528291 -0.00245667 0.007712 0.00976522 0.00082311 0.00605777 -0.00441986 -0.00198773 -0.000808336 0.00261177 0.00281069 -0.00475865 -0.020957 0.0122768 0.0118795 0.00487799 0.00811378 -5.93487e-05 0.0164385 -0.00311737 0.00235164 -0.00511918 -0.0029252 -0.0147591 -0.00534315 -0.00599339 -0.00661425
internal_weight=4431.89 1910.42 1220.16 735.429 669.408 484.727 690.268 596.421 555.624 206.954 2521.46 2273.48 392.355 1238.82 400.614 92.3641 348.67 195.807 1063.44 285.987 308.25 108.134 284.221 846.803 1034.66 838.507 196.148 735.094 132.825 707.339
internal_count=7041 3159 2225 1146 977 1079 934 872 744 290 3882 3541 858 1926 581 134 454 291 1610 375 447 258 600 1265 1615 1192 423 1044 284 980
cat_boundaries=0 1 2 3 4 5
cat_threshold=7 458948 70730 398788 7745
is_linear=0
shrinkage=0.05


Tree=94
num_leaves=31
num_cat=2
split_feature=65 96 5 42 75 57 17 51 61 22 25 7 5 106 28 55 82 17 94 76 34 5 95 5 49 30 37 17 74 25
split_gain=14.1626 15.5476 14.1652 17.2416 12.8512 12.3231 12.4403 20.4387 12.0511 11.894 15.5546 17.5795 22.0864 14.5189 17.5451 12.4024 11.8565 10.366 9.55497 9.23459 12.0152 25.5414 15.8065 12.6986 10.6725 9.53674 9.21142 14.5406 9.02413 8.88485
threshold=0 162.13151927437642 0.4494949494949495 1375.0000000000002 2399.1300000000006 0.97499475483865317 0.52246826553236803 0.15002350649233806 1 6158.0045351473937 930.48500000000013 1.0000000180025095e-35 0.81534090909090928 0.51000000000000012 100.56500000000001 0.046332737030411408 3649.6505000000002 0.39351302116629966 627.17500000000007 806.7650000000001 915.00000000000011 0.34848484848484851 2049.7400000000002 0.61805555555555569 0.61706078872368397 0.42228910242436574 575.00000000000011 0.59076559482392965 335.17000000000002 357.03500000000003
decision_type=1 2 2 2 2 2 2 2 1 2 2 2 2 2 2 2 2 2 2 2 2 2 2 2 2 2 2 2 2 2
left_child=1 -1 3 5 -4 8 18 -8 -3 13 -11 -12 -13 15 17 29 -6 -15 -7 25 24 -22 -23 -24 26 28 27 -21 -19 -2
right_child=9 2 4 -5 16 6 7 -9 -10 10 11 12 -14 14 -16 -17 -18 19 -20 20 21 22 23 -25 -26 -27 -28 -29 -30 -31
leaf_value=0.67998633460572933 0.071339742422645722 -0.0286517185292702 1.5400789019071135 -3.9811755786757033 0.63094029524447282 -0.09369678715668428 0.42099242409588417 -0.52384217478216188 0.42115844090377269 0.60800879090210036 0.90232190616235641 -1.2903278320018545 0.93099935726745009 -0.17564944925840234 -0.10484340038459315 -0.70726006595275737 -0.56425353949793478 -0.025611092924722814 0.47085320310489398 0.015907983102570356 -2.3947694562460704 3.1146147071654697 -0.33298975407945619 0.70177628236106837 -0.039361490193503816 0.45332061752261699 1.3908872960674898 0.43316021153969048 -0.34672104357985206 -0.10405968497682494
leaf_weight=54.012300461530685 92.181460112333298 97.161444038152695 82.232771426439285 33.994396463036537 84.962069034576416 89.13559752702713 45.283874481916428 231.382637783885 168.53881457448006 107.03614358603954 81.714807361364365 112.15954741835594 24.897196561098099 74.730167523026466 686.47751784324646 123.62732635438442 51.199731752276421 85.702518537640572 83.188608452677727 124.35685649514198 76.957689955830574 36.462818935513496 55.925515726208687 85.003005683422089 58.98438373208046 65.289149805903435 47.387092098593712 187.15454767644405 33.339078485965729 1285.0852322131395
leaf_count=84 115 136 184 81 192 120 73 356 227 143 149 239 44 119 1059 187 111 116 135 172 169 74 102 156 79 122 85 271 44 1948
internal_value=-0.000445786 0.004699 0.00328693 1.86293e-05 0.0144911 0.00167346 -0.0033772 -0.00994564 0.0102083 -0.00197882 0.00710569 -0.000535987 -0.01148 -0.00293423 0.000351786 -0.00647613 0.00506532 0.00482232 0.00716843 0.00638044 0.009099 0.00053083 0.0109669 0.00337506 0.0143141 -0.00353381 0.0175535 0.0144293 -0.0119563 -0.00511438
internal_weight=4465.56 1021.09 967.08 748.685 218.395 714.691 448.991 276.667 265.7 3444.47 325.808 218.772 137.057 3118.66 1617.77 1500.89 136.162 931.293 172.324 856.563 672.232 254.349 177.391 140.929 417.883 184.331 358.898 311.511 119.042 1377.27
internal_count=7092 1699 1615 1128 487 1047 684 429 363 5393 575 432 283 4818 2568 2250 303 1509 255 1390 1108 501 332 258 607 282 528 443 160 2063
cat_boundaries=0 1 2
cat_threshold=76289 4
is_linear=0
shrinkage=0.05


Tree=95
num_leaves=31
num_cat=5
split_feature=56 61 65 44 72 22 35 65 65 28 18 52 65 49 72 35 44 22 45 19 36 56 49 28 31 58 28 58 101 82
split_gain=14.0538 11.7928 16.4205 13.5112 12.7544 12.6217 16.5479 17.277 14.5065 13.8208 12.096 12.7291 16.3234 13.9918 9.90067 14.777 10.5586 9.87226 9.85782 9.76504 10.9629 11.1939 9.76096 9.48741 9.44495 9.35729 8.7152 10.3956 10.0371 8.61792
threshold=0.41763885054380495 0 1 -10.73999999999978 212.37500000000003 4579.8299319727894 1275.0000000000002 2 3 101.08500000000002 0.75942862068830408 342.60221088435384 4 -0.029903094332263097 224.53500000000003 1195.0000000000002 16.565000000000058 4388.7641723356019 128.43500000000003 693.4916666666669 425.00000000000006 0.98760922770048454 0.50436960236409401 176.04500000000004 4125.0000000000009 0.067870576366879307 90.635000000000005 0.031756533316039406 0.87341944100124025 3609.650000000001
decision_type=2 1 1 2 2 2 2 1 1 2 2 2 1 2 2 2 2 2 2 2 2 2 2 2 2 2 2 2 2 2
left_child=-1 3 4 -2 -3 8 9 -8 17 25 23 12 -12 -14 -10 16 -16 18 -5 20 21 -9 -19 24 -4 -7 -15 28 -28 -29
right_child=1 2 10 5 -6 6 7 19 14 -11 11 -13 13 26 15 -17 -18 22 -20 -21 -22 -23 -24 -25 -26 -27 27 29 -30 -31
leaf_value=0.73844254203178394 1.1819819566727503 0.81117363180800772 -0.11273065102024589 -0.22148970309497501 -0.11148391400657527 1.0332451367260262 0.866334513478347 0.83034320009048068 -0.047775774945193208 0.12662655503308748 -0.091109591571972723 -0.53847682019825849 -0.79738812059264819 0.37764612365109684 0.3376608950854415 1.3921569094621233 -0.14074526793034012 -0.34954597692467504 0.53448567477003484 1.0075322065839729 -0.67751039168777405 -0.39905258455695219 -0.70098477642642298 -1.1917077758701595 -2.5005422644350634 -0.1079535011434551 0.64419520097580762 -0.10178778571745895 -0.012853282677244239 0.084623520496673169
leaf_weight=33.496170774102211 24.428649872541428 76.16958937048912 915.08496062457561 276.78770087659359 42.878873810172081 158.74228450655937 69.282381564378738 60.678021356463432 292.66642692685127 192.47557523846626 464.87235154211521 102.66257217526436 43.307500019669533 175.43824915587902 159.07064992189407 64.291926518082619 135.5535209774971 144.48057763278484 77.545631736516953 35.067120850086212 167.49484585225582 44.552556216716766 30.84413930773735 41.185573309659958 29.260410383343697 32.709883004426956 78.41011381149292 262.26713575422764 47.763340726494789 181.19976337254047
leaf_count=57 33 168 1411 451 73 255 135 109 472 254 775 128 85 253 215 108 190 254 108 49 305 91 41 67 81 42 130 390 82 277
internal_value=0.000210589 -3.35301e-05 -0.00234065 0.0028529 0.0150666 0.00238812 0.00740984 -2.99202e-05 -0.000847074 0.0147168 -0.00327605 -0.000226207 0.00116035 0.0055097 0.00413053 0.00975946 0.0050202 -0.00691786 -0.00224676 -0.00523778 -0.00860144 0.00404594 -0.0167528 -0.00750536 -0.00648085 0.0242288 0.00718548 0.00418446 0.0168476 0.000581593
internal_weight=4460.67 4427.17 2460.5 1966.67 119.048 1942.24 761.003 377.075 1181.24 383.928 2341.45 1355.92 1253.26 788.386 651.583 358.916 294.624 529.658 354.333 307.793 272.725 105.231 175.325 985.531 944.345 191.452 745.079 569.64 126.173 443.467
internal_count=7089 7032 3920 3112 241 3079 1240 689 1839 551 3679 2120 1992 1217 985 513 405 854 559 554 505 200 295 1559 1492 297 1132 879 212 667
cat_boundaries=0 1 2 3 4 5
cat_threshold=2 513 7232 185884 274896
is_linear=0
shrinkage=0.05


Tree=96
num_leaves=31
num_cat=3
split_feature=28 28 4 13 56 34 45 65 101 18 72 104 37 38 33 45 58 17 99 67 16 44 45 79 65 5 29 43 82 59
split_gain=15.1248 12.4725 11.3455 12.3575 10.3773 9.8828 10.1936 9.10203 13.761 16.7765 11.7989 11.2822 10.1497 10.4259 13.4714 15.0699 13.4051 9.31351 12.4889 10.7817 10.5719 9.27768 9.20766 9.01975 11.6377 18.6507 9.52245 9.57113 8.89765 9.27775
threshold=231.96000000000001 71.77000000000001 2.5000000000000004 0.19090909090909094 0.5002471524718729 835.00000000000011 252.69500000000008 0 0.69238598639662252 0.49596971617009639 326.73000000000008 0.98832831656119713 1085.0000000000002 4429.6050000000005 345.00000000000006 341.08500000000009 0.022459110657730954 0.60323824672460513 45.373117913832196 1 0.11805555555555557 68.085000000000022 267.56999999999999 1.0000000180025095e-35 2 0.86607142857142871 118.45 -2.2799999999999723 3609.650000000001 0.015254881934376551
decision_type=2 2 2 2 2 2 2 1 2 2 2 2 2 2 2 2 2 2 2 9 2 2 2 2 1 2 2 2 2 2
left_child=1 2 5 -4 -3 -1 -7 11 9 -9 23 12 13 17 16 -16 -15 28 20 -20 -19 -13 -22 24 25 -10 27 -25 29 -6
right_child=-2 4 3 -5 7 6 -8 8 10 -11 -12 21 -14 14 15 -17 -18 18 19 -21 22 -23 -24 26 -26 -27 -28 -29 -30 -31
leaf_value=1.7879850845443928 -1.8149834394430642 0.47384086974765016 -0.05110704930152004 0.5633262065590543 0.037289660518969474 0.099340994464942156 2.2860565665804318 -0.3017213397918429 -1.297719397855235 0.20925255039686946 0.83598537425365582 0.019757110582493988 -1.1909352878201733 0.68147579596055585 -0.30037152539607492 1.1463915760725911 0.033048843161448363 0.60243068844666081 -0.047403845944523938 -1.7210342998084756 -0.16334499223377749 0.71923412655607832 0.1804627448985201 -0.0012719072251442755 0.058062814425147026 0.26374218265948318 -0.59051755470715506 -0.46495337865358338 -0.64041958626301687 -0.33972203664070832
leaf_weight=36.238493725657463 26.225556761026382 52.188560873270035 75.626783087849617 40.675232142210007 146.18885569274426 75.734424233436584 23.551594704389572 44.029664218425751 114.86631064116955 898.73266050219536 36.936477720737457 434.01001128554344 102.66644844412804 75.545373409986496 180.42792694270611 27.579673886299133 142.27539418637753 85.907478302717209 53.969544500112534 47.430637001991272 267.60640792548656 35.664908409118652 61.593142449855804 235.8113454580307 633.00951038300991 34.202087983489037 103.55473880469799 49.5606579631567 124.31362655758858 197.27313105762005
leaf_count=69 51 85 158 78 214 141 36 64 237 1354 70 565 246 108 322 52 219 118 106 78 407 68 80 325 1056 76 149 78 198 268
internal_value=7.83808e-06 0.000231603 0.0110387 -0.000417642 -0.000418645 0.0208701 0.0127129 -0.000698409 0.00155318 0.00608756 -0.00197292 -0.00313312 -0.00525065 -0.00414557 0.00239089 -0.00670971 0.0110815 -0.00697342 -0.00234484 -0.0180758 0.00149783 0.00362055 -0.00257834 -0.00285056 0.000243984 -0.0118714 -0.00907326 -0.00436034 -0.0120842 -0.00793552
internal_weight=4463.4 4437.17 251.827 116.302 4185.34 135.525 99.286 4133.16 2150.7 942.762 1207.94 1982.45 1512.78 1410.11 425.828 208.008 217.821 984.283 516.507 101.4 415.107 469.675 329.2 1171 782.078 149.068 388.927 285.372 467.776 343.462
internal_count=7076 7025 482 236 6543 246 177 6458 3409 1418 1991 3049 2416 2170 701 374 327 1469 789 184 605 633 487 1921 1369 313 552 403 680 482
cat_boundaries=0 1 2 3
cat_threshold=398738 4 33344
is_linear=0
shrinkage=0.05


Tree=97
num_leaves=31
num_cat=7
split_feature=19 61 52 93 104 38 3 65 34 5 65 38 74 96 24 27 33 49 5 99 65 89 10 65 57 52 38 29 23 65
split_gain=12.815 14.6278 12.4069 13.8856 11.9532 12.3761 12.9501 17.4985 13.8721 15.0236 15.3296 12.1767 12.2809 12.0956 12.7913 13.405 12.7382 11.9945 11.1513 11.0259 10.9198 14.2444 10.4891 10.0966 11.8784 9.75168 9.75645 9.48995 9.39569 10.2023
threshold=790.08500000000015 0 342.60221088435384 0.14969429347826088 0.95721974215534522 585.00000000000011 1 2 1505.0000000000002 0.56696428571428581 3 4429.6050000000005 1609.8750000000002 162.13151927437642 164.83500000000004 5.9350000000000014 805.00000000000011 0.010225111306979151 0.42481203007518792 -7.6548299319727837 4 0.31662489557226398 7.5000000000000009 5 0.62529757942356601 11.559501133786769 4645.0000000000009 203.85500000000005 152.50000000000003 6
decision_type=2 1 2 2 2 2 9 1 2 2 1 2 2 2 2 2 2 2 2 2 1 2 2 1 2 2 2 2 2 1
left_child=2 -2 3 4 5 -1 13 -8 11 22 -11 12 18 -7 15 -15 17 -16 23 -13 21 -3 -10 -9 -25 -19 -27 28 -6 -30
right_child=1 20 -4 -5 27 6 7 8 9 10 -12 19 -14 14 16 -17 -18 25 -20 -21 -22 -23 -24 24 -26 26 -28 -29 29 -31
leaf_value=0.17094449832882574 -0.089030167402633253 0.36757277462197852 -0.24670697716783538 -1.3215933475201305 -0.048975938288618438 0.42636933023899248 0.51283418358036958 0.19814958432273536 -2.5130270233833798 -0.24392012281907399 0.51228806415512806 -0.078036656723892872 1.8222051837736402 -0.048416305244985837 -1.018567057143926 0.43745505026488307 0.87049439603001422 0.073877408272585751 -0.5208183606716531 0.36284123802852247 0.73765179738668396 -0.14632640580339995 3.7504006330272079 0.051570920284369853 -0.42623968062748574 -0.3901845162445966 0.28426149911356319 -0.62764020841659096 -0.021485650956721971 0.2429868479263135
leaf_weight=92.481702744960785 79.485445156693459 44.15539912879467 297.43245893716812 30.147857934236526 185.25007721781731 46.162465125322342 226.58971256017685 234.26604615151882 122.52353446185589 141.71651424467564 109.9060533195734 52.069253534078598 34.053532049059868 159.62894943356514 146.14304642379284 60.297200784087181 40.119794264435768 74.723645567893982 26.830093577504158 282.59606862068176 122.19599716365337 40.634260654449463 17.983505114912987 107.85890224575996 301.99014294147491 275.75845335423946 30.187860637903214 80.35328021645546 249.80461268126965 747.07097032666206
leaf_count=124 111 69 405 49 238 70 510 335 275 302 242 73 66 206 247 73 90 136 38 470 180 51 39 150 442 419 43 107 407 1104
internal_value=-0.000286434 0.00994355 -0.000988551 -0.000233457 3.1475e-05 -0.00191685 -0.00258355 -5.53656e-06 -0.0020736 -0.0101018 -0.00278842 0.00093443 -0.00279378 -0.00762429 -0.00917514 0.00106029 -0.0131457 -0.015214 -0.00428049 0.00878819 0.0169451 0.00131324 -0.0231986 -0.00296491 -0.0075939 -0.0105393 -0.0144943 0.00401907 0.00514929 0.00707088
internal_weight=4460.42 286.471 4173.95 3876.51 3846.37 2583.89 2491.4 1658.38 1431.79 392.13 251.623 1039.66 704.999 833.021 786.859 219.926 566.933 526.813 670.945 334.665 206.986 84.7897 140.507 644.115 409.849 380.67 305.946 1262.48 1182.13 996.876
internal_count=7071 411 6660 6255 6206 4350 4226 2942 2432 858 544 1574 1031 1284 1214 279 935 845 965 543 300 120 314 927 592 598 462 1856 1749 1511
cat_boundaries=0 1 2 3 4 5 6 7
cat_threshold=4 1044 27649 295052 4294 327816 4680
is_linear=0
shrinkage=0.05


Tree=98
num_leaves=31
num_cat=3
split_feature=28 52 96 58 22 18 104 54 28 72 65 38 18 76 82 35 38 35 37 3 5 25 67 73 57 28 22 47 38 23
split_gain=11.8059 11.5516 11.0365 11.8973 11.8496 10.3006 11.8857 9.41234 9.25527 15.4141 8.91103 9.1321 9.08263 12.3437 11.7386 9.63353 9.50325 8.55702 10.3242 7.29327 15.6076 12.6761 19.6386 16.2304 14.0434 12.0058 10.6181 13.3391 10.9626 10.1577
threshold=201.85500000000005 49.492256235827718 112.24489795918369 0.020989189506967904 3880.0000000000005 0.79432518551682751 0.92681922558948304 -63.448197837554076 71.77000000000001 124.78500000000001 0 4885.0000000000009 0.77121905738961005 843.78500000000008 4221.3285000000005 1175.0000000000002 4055.0000000000005 1765.0000000000002 855.00000000000011 1 0.86607142857142871 997.7750000000002 2 167.25000000000003 0.96639714252174191 118.94500000000001 4904.5804988662139 0.0073821815094686502 985.00000000000011 2780.0350000000003
decision_type=2 2 2 2 2 2 2 2 2 2 1 2 2 2 2 2 2 2 2 9 2 2 9 2 2 2 2 2 2 2
left_child=2 -2 -1 4 5 -4 -7 -5 9 -9 11 -6 13 -12 16 -15 -14 -11 -19 -10 21 23 25 26 -25 -23 -21 -28 -29 -24
right_child=1 -3 3 7 10 6 -8 8 19 17 12 -13 14 15 -16 -17 -18 18 -20 20 -22 22 29 24 -26 -27 27 28 -30 -31
leaf_value=0.79072778657841525 -0.0045095702979956803 -1.1631527765308958 -0.39830852996714389 -0.3210187968414534 0.93219248360211537 -0.56982078567937722 1.3680285258904241 -0.052382277318764638 -0.10526805994564228 1.3263703409446579 -0.51591111670437895 0.077491440375511547 0.5652109351573984 0.49439503910179677 1.6893945084834372 -0.14124391443642992 -0.07473522283532362 -2.2267022585763869 2.2495670034602995 -0.026281778454007566 0.3181954746978306 -3.0331265535884455 -0.036765504059537338 -0.037167677533403776 1.5392130025755137 -0.12223642134854487 -0.58837085969832614 -0.060046313795680817 0.34799937136686626 -2.2187564031347451
leaf_weight=47.827188551425934 67.36035493016243 63.742626756429672 164.491420134902 56.618699461221695 118.72334803640842 44.224759206175804 29.698490038514137 61.12134113907814 103.84620477259159 59.847263514995575 44.530133813619614 46.742975369095802 38.43623223900795 119.88695864379406 69.669883638620377 113.54770362377167 85.399796798825264 22.334527537226677 23.786171525716782 1617.4631396383047 145.45478910207748 70.385831579566002 702.83710412681103 29.102275222539902 56.850011587142944 52.821067377924919 31.960481107234955 39.753021895885468 233.45803932845592 88.952004954218864
leaf_count=76 118 107 239 85 208 76 44 122 129 115 68 92 65 165 119 237 164 48 44 2162 337 156 1235 45 125 91 41 48 294 211
internal_value=-0.000479161 -0.0152608 -3.05466e-05 -0.000297958 0.00489974 -0.00460878 0.0108943 -0.00163748 -0.00129479 0.0101747 0.00845891 0.0181435 0.00457809 -0.0011151 0.0129928 0.00348684 0.00375579 0.0217083 0.00552312 -0.00189879 -0.00142649 -0.00222646 -0.00710444 -4.3341e-06 0.021253 -0.0256741 -0.000954653 0.00759977 0.0111751 -0.00421491
internal_weight=4450.87 131.103 4319.77 4271.94 875.352 238.415 73.9232 3396.59 3339.97 167.089 636.937 165.466 471.471 277.965 193.506 233.435 123.836 105.968 46.1207 3172.88 3069.04 2923.58 914.996 2008.59 85.9523 123.207 1922.63 305.172 273.211 791.789
internal_count=7066 225 6841 6765 1477 359 120 5288 5203 329 1118 300 818 470 348 402 229 207 92 4874 4745 4408 1693 2715 170 247 2545 383 342 1446
cat_boundaries=0 1 2 3
cat_threshold=336905 4 1
is_linear=0
shrinkage=0.05


Tree=99
num_leaves=31
num_cat=3
split_feature=28 22 95 7 47 5 96 106 17 52 28 65 65 96 59 103 53 33 65 19 58 37 82 32 47 54 57 17 89 62
split_gain=10.5211 9.80099 21.2096 18.4319 14.9172 11.4026 22.3881 11.0508 11.3958 12.4996 12.3526 10.8957 10.8765 16.6285 12.242 10.2781 12.6607 14.1727 13.738 13.3671 10.4509 10.0609 9.97702 11.8155 9.88828 10.3518 9.73139 9.32204 9.11364 10.9549
threshold=231.96000000000001 5874.8866213151932 795.21500000000003 1.5000000000000002 0.11804242904934852 0.76388888888888895 675.9637188208618 0.51000000000000012 0.39351302116629966 140.20047619047617 98.530000000000015 0 1 172.108843537415 0.023609611661345453 0.04880952380952381 -14.386509542182271 455.00000000000006 2 506.6666666666668 0.018724075034411602 585.00000000000011 3781.6615000000011 475.00000000000006 0.88858242761948592 -14.740139633737071 0.85125757820530767 0.46398307985804205 0.030076888285843501 1.0000000180025095e-35
decision_type=2 2 2 2 2 2 2 2 2 2 2 1 1 2 2 2 2 2 1 2 2 2 2 2 2 2 2 2 2 2
left_child=1 7 28 11 -5 6 -6 15 9 -9 21 -4 14 -14 26 16 18 19 -1 20 -18 27 -20 -24 25 -19 -12 -10 -3 -30
right_child=-2 2 3 4 5 -7 -8 8 10 -11 12 -13 13 -15 -16 -17 17 24 22 -21 -22 -23 23 -25 -26 -27 -28 -29 29 -31
leaf_value=-0.30939588592675826 -1.2410548860640973 0.75423744961545225 -0.41905176176167647 -1.3144379441740022 0.073616868356736018 0.8591236651026265 -1.7984873186737091 0.17200678517639789 -0.14901601808920048 -0.31201289619599976 0.20237640468188794 0.5956065759365089 0.41646437027062577 -0.002271873381543861 -0.27331740958543665 -0.36021103795132203 0.47761281509857129 -0.042902071152136047 0.0097401829057673708 0.39506664153515347 -0.018304048519352991 0.55892445109071787 0.38176568485254025 -0.46872882692718004 0.53970865318430306 -1.3228787100333066 -0.31751452508537847 0.11196789729189903 0.66756572008145987 -0.051599277600753626
leaf_weight=418.49527475237846 27.026828348636627 55.684160232543945 64.168198078870773 34.939189314842224 133.21717388927937 55.107854872941971 126.06383331120014 29.83582578599453 36.498327299952507 63.739006698131561 128.06199295818806 286.56283734738827 56.478002339601517 297.20910060405731 104.32575516402721 128.07355858385563 30.638822376728058 130.7390800267458 602.37135411798954 134.73233518004417 233.41306342184544 131.14772170782089 24.68652805685997 115.53291328251362 37.968075215816498 33.009587869048119 176.55999028682709 733.83473759889603 29.103934407234192 40.407759457826614
leaf_count=669 54 81 120 60 169 100 312 49 52 90 191 508 85 492 154 170 36 168 947 172 331 236 35 186 69 61 290 1158 42 53
internal_value=-1.24955e-05 0.000175448 0.00509606 0.0017063 -0.00642309 -0.00297864 -0.00736859 -0.000937897 0.00191574 -0.0150621 0.00287043 0.00980317 -0.00181316 0.00456694 -0.00726514 -0.00359224 -0.00259796 0.00329622 -0.00564636 0.00875935 0.00222036 0.00683264 -0.00144482 -0.0134765 -0.00750414 -0.0128348 -0.00238014 0.00465317 0.0240506 0.0119765
internal_weight=4499.63 4472.61 825.255 700.059 349.328 314.389 259.281 3647.35 1757.69 93.5748 1664.12 350.731 762.635 353.687 408.948 1889.66 1761.59 600.501 1161.09 398.784 264.052 901.481 742.591 140.219 201.717 163.749 304.622 770.333 125.196 69.5117
internal_count=7140 7086 1445 1269 641 581 481 5641 2797 139 2658 628 1212 577 635 2844 2674 837 1837 539 367 1446 1168 221 298 229 481 1210 176 95
cat_boundaries=0 1 2 3
cat_threshold=522 398556 169052
is_linear=0
shrinkage=0.05


Tree=100
num_leaves=31
num_cat=4
split_feature=18 3 29 91 65 19 65 89 53 34 49 46 38 89 54 62 28 22 19 7 29 96 56 47 73 99 34 65 34 34
split_gain=12.5612 10.6621 16.244 18.2228 16.0956 13.1069 13.6095 14.8833 11.7714 10.1385 14.464 9.74248 9.15082 14.3782 9.11804 9.66697 8.66487 8.48625 10.8469 9.56013 16.0474 10.2928 12.8673 13.4256 11.6452 8.95749 10.3411 8.56655 8.29515 12.7758
threshold=0.45142745189275896 0 79.515000000000015 0.033908045977011456 1 400.46625000000012 2 0.74527629233511605 -24.406297180242991 175.00000000000003 0.42345871121704032 0.63877054037276804 1045.0000000000002 0.49073756432247001 -20.938400887709534 1.0000000180025095e-35 152.94500000000002 4534.3083900226766 741.25000000000011 1.5000000000000002 172.23500000000004 3619.2743764172337 0.98857005002469489 0.0013695105922932503 345.37500000000006 -6.8384353741496673 1585.0000000000002 3 1265.0000000000002 1195.0000000000002
decision_type=2 9 2 2 1 2 1 2 2 2 2 2 2 2 2 2 2 2 2 2 2 2 2 2 2 2 2 1 2 2
left_child=-1 5 3 4 -3 14 9 11 -6 10 -7 -8 13 -4 15 -2 -13 -14 19 21 27 22 23 -19 -25 -24 28 -21 29 -27
right_child=1 2 12 -5 8 6 7 -9 -10 -11 -12 16 17 -15 -16 -17 -18 18 -20 20 -22 -23 25 24 -26 26 -28 -29 -30 -31
leaf_value=-0.32150166064111918 -0.017388846093385268 0.34420610451955802 1.0885696719914457 0.571076008879983 1.2295047744974412 0.058694147799519675 0.019634391791203146 0.2820992895683489 -0.00083576391491533295 0.39574625851599737 -0.67422389063113153 -0.22202563158513194 -0.098830521042841832 -0.064996687133711359 -0.4894816573119723 -0.85660065152500886 0.16927695218037916 -0.33868711598977125 1.1257386366293705 -0.44905610067067914 -1.2159040462687529 -0.38296195321231608 -0.6368811373925205 0.38806009950992931 2.1229389092875621 0.37717032801605266 -0.33124707520305496 0.68525297367356053 1.1195184719473956 -0.46905969409921866
leaf_weight=75.159781828522682 250.19529747962952 330.57756817340851 35.3202103972435 55.901819467544556 22.478613093495369 78.152399778366089 49.702917531132698 64.258454710245132 718.94905588030815 200.32508160173893 33.16363850235939 281.61501553654671 1135.0115020573139 47.856458514928818 124.26515319943428 58.75848776102066 53.592922270298004 36.523185878992081 65.911447703838348 56.0038942694664 99.113723143935204 35.914346948266029 40.165986120700836 116.62026965618134 77.218619793653488 121.15559080243111 58.541476115584373 63.000267267227173 30.599593058228493 30.07231979072094
leaf_count=114 359 559 47 87 35 100 81 107 1079 284 44 398 1846 62 216 78 81 54 104 113 201 80 60 159 156 185 133 138 60 50
internal_value=2.05891e-05 0.000369086 0.00188189 0.00670674 0.00525545 -0.00364128 0.00028123 -0.00525092 0.00104502 0.00816134 -0.00367489 -0.00908659 -0.000764804 0.0154795 -0.010614 -0.00601358 -0.0121497 -0.00145211 0.00238756 0.000710557 -0.00813988 0.00424091 0.00605971 0.0148163 0.0200559 -0.00113079 0.00252146 0.00423705 0.00840605 0.00360215
internal_weight=4446.13 4370.97 3176.94 1127.91 1072.01 1194.03 760.81 449.169 741.428 311.641 111.316 384.911 2049.03 83.1767 433.219 308.954 335.208 1965.85 830.841 764.929 218.118 546.811 510.897 230.362 193.839 280.535 240.369 119.004 181.828 151.228
internal_count=7070 6956 5208 1760 1673 1748 1095 667 1114 428 144 560 3448 109 653 437 479 3339 1493 1389 452 937 857 369 315 488 428 251 295 235
cat_boundaries=0 1 2 3 4
cat_threshold=1068 279445 33862 303242
is_linear=0
shrinkage=0.05


Tree=101
num_leaves=31
num_cat=5
split_feature=69 96 24 28 31 39 95 5 29 22 5 98 61 19 65 17 29 26 65 33 65 44 29 22 105 31 96 95 90 19
split_gain=9.61995 32.3536 18.3256 16.2281 16.2214 15.2148 14.0828 18.6958 15.4345 15.3256 13.4815 11.6972 11.5272 18.8 15.4395 14.2159 11.0899 10.7148 19.4413 10.7007 10.1188 11.1708 10.0774 10.0334 15.8987 15.1463 12.4515 12.2613 11.1966 10.76
threshold=0 1389.3424036281183 293.39500000000004 99.230000000000004 895.00000000000011 465.00000000000006 2118.6450000000004 0.62828947368421062 103.55499999999999 5861.587301587303 0.13392857142857142 2471.8820861678009 1 709.16666666666686 2 0.5724873572918906 203.85500000000005 173.60000000000005 3 370.00000000000028 4 10.630000000000054 227.59500000000006 5144.5918367346949 0.24500000000000002 175.00000000000003 611.1111111111112 508.50000000000006 0.019049346879535505 741.25000000000011
decision_type=9 2 2 2 2 2 2 2 2 2 2 2 1 2 1 2 2 2 1 2 1 2 2 2 2 2 2 2 2 2
left_child=5 2 3 10 22 -1 9 -8 -9 17 12 -3 15 14 -14 -2 20 -7 -19 -10 -16 -22 23 24 25 27 -25 -5 -28 -27
right_child=1 11 -4 4 -6 6 7 8 19 -11 -12 -13 13 -15 16 -17 -18 18 -20 -21 21 -23 -24 26 -26 29 28 -29 -30 -31
leaf_value=-0.43524909620229835 -0.21199580059054599 -3.7881294166850044 -0.80712021008769563 0.030577446830223211 -3.5022207357647748 -0.01014956866328447 -0.77392910023695272 1.076927400696853 0.38532388940726747 3.2302144697497042 1.4664793045953033 0.25769769151913807 0.37503188408398103 0.50953931530821561 -0.045574159105249736 0.088156909486282589 -0.37633867349238559 -0.39445374320061721 1.2114327213243599 -0.22990968929599936 0.57407106711207445 0.025100705426730485 -0.46572526369841616 0.39434392551331571 0.10308413803344935 -0.27484483555745065 0.055759440409543615 -1.003992131859458 -0.46603059674077763 -0.62482296605932608
leaf_weight=36.665728867053986 279.81144148111343 71.796920776367188 90.34301084280014 290.52505457401276 40.499693229794502 161.00131836533546 210.04304876923561 188.51741053164005 123.43040697276592 50.332282900810242 78.800500646233559 17.890081599354744 318.0670131444931 128.50984129309654 299.36757412552834 239.79536059498787 159.89762401580811 56.04742331802845 148.21890126168728 158.71847766637802 85.76532456278801 222.73102620244026 32.180211186408997 108.40966784954071 180.21073442697525 435.18557453155518 172.29701495170593 39.314009070396423 31.819793403148651 28.830179542303085
leaf_count=66 368 185 134 396 107 292 459 408 231 122 133 49 400 167 410 348 200 119 319 353 106 283 45 137 285 637 213 62 43 38
internal_value=-0.000346001 -0.00169171 -0.000882284 -0.000249854 -0.00437987 0.00361843 0.00471001 0.000282029 0.00581756 0.0119626 0.002847 -0.0313231 0.00192779 0.00459453 0.00245427 -0.00430449 -0.00143307 0.0083984 0.0160012 -0.00158355 0.00163031 0.00784061 -0.00342267 -0.00273142 -0.00523248 -0.008276 0.00506374 -8.44002e-05 -0.00220958 -0.0140989
internal_weight=4485.02 3352.05 3262.36 3172.02 1359.27 1132.97 1096.31 680.709 470.666 415.6 1812.75 89.687 1733.95 1214.34 1085.83 519.607 767.762 365.268 204.266 282.149 607.864 308.496 1318.77 1286.59 974.066 793.855 312.526 329.839 204.117 464.016
internal_count=7115 4746 4512 4378 1963 2369 2303 1451 992 852 2415 234 2282 1566 1399 716 999 730 438 584 799 389 1856 1811 1418 1133 393 458 256 675
cat_boundaries=0 1 2 3 4 5
cat_threshold=96 4 204936 151696 7492
is_linear=0
shrinkage=0.05


Tree=102
num_leaves=31
num_cat=3
split_feature=28 25 61 65 29 22 65 82 44 22 28 57 48 73 24 101 38 35 30 52 22 31 18 71 29 77 18 18 105 37
split_gain=11.6565 11.8571 10.2658 14.8676 14.5945 11.2511 11.1957 10.888 9.72626 9.80209 8.89371 11.0334 8.78137 11.9218 12.2711 9.40348 8.53233 14.4683 14.8398 11.3605 10.9774 9.95151 14.6925 11.8457 12.3673 9.4388 10.9065 13.0963 10.2979 10.5301
threshold=203.13000000000002 561.62000000000012 0 1 35.410000000000004 3400.0000000000005 2 3739.7735000000007 10.845000000000072 4655.8503401360549 76.205000000000013 0.65152220817649842 0.98312598491088743 755.95000000000016 260.07000000000005 0.65392865060450822 4263.3350000000009 595.00000000000011 0.38858637031057547 340.130068027211 6158.0045351473937 1175.0000000000002 0.84329928898123308 117.86000000000001 101.41500000000001 0.87208504472875048 0.90171573131439364 0.7885939222735151 0.081666666666666665 665.00000000000011
decision_type=2 2 1 1 2 2 1 2 2 2 2 2 2 2 2 2 2 2 2 2 2 2 2 2 2 2 2 2 2 2
left_child=2 -2 3 4 8 -5 7 -4 9 -1 -7 -12 15 14 -14 -6 19 -18 -19 20 25 22 -20 -23 -25 26 27 28 29 -8
right_child=1 -3 6 5 12 10 16 -9 -10 -11 11 -13 13 -15 -16 -17 17 18 21 -21 -22 23 -24 24 -26 -27 -28 -29 -30 -31
leaf_value=0.24580207165351739 0.02497854601235119 -1.1125664066596308 0.15269857409913073 -1.0148267610128101 -0.002018098984610184 1.2423179324287048 -0.29383260444284648 -0.099961488028856141 -0.0027054096578652321 1.1380061437167968 0.43626057679342622 0.11384394459080625 -0.017462250580626604 0.69194626416577132 -0.93512176152434212 -1.6996471188422064 0.25607090924456183 -0.1957296051358256 0.6918884696673957 -0.5949797721655099 0.3872314482489827 -1.1950823338181873 -0.01676794815332663 0.65940710764517696 -0.085112231411792652 -0.34599844590673429 -0.57916487070210732 0.055981455448925035 0.13628771768117928 0.065740557383912809
leaf_weight=73.243550196290016 47.044861197471619 66.095202684402466 386.3973485827446 31.240831062197685 76.824378594756126 64.003740280866623 268.65180152654648 121.43456883728504 68.293561920523643 33.806667685508728 101.26474457979202 660.08573950827122 478.58483073115349 127.05002929270267 64.749390468001366 103.38330471515656 146.85961136221886 300.24872766435146 100.04197219014168 58.456891044974327 42.16894406080246 70.042873054742813 79.382106497883797 95.714817628264427 147.28867508471012 217.64825220406055 41.879134401679039 260.66457064449787 56.480123817920685 63.860571101307869
leaf_count=97 77 120 639 45 150 123 364 205 113 44 147 1100 629 224 91 199 215 451 176 74 58 157 114 205 328 303 60 365 73 99
internal_value=0.0001448 -0.0156989 0.000557855 0.00333619 -0.000753482 0.00814804 -0.00157069 0.00498622 0.0123739 0.0217796 0.00935802 0.00785314 -0.00346846 -0.000834463 -0.00405875 -0.0132671 -0.00328753 0.000124918 -0.00254565 -0.00649521 -0.0051806 0.00279599 0.0121843 -0.00258497 0.00263685 -0.0063373 -0.00347923 -0.00188496 -0.00769626 -0.0110491
internal_weight=4452.89 113.14 4339.75 1882.53 1025.94 856.595 2457.22 507.832 175.344 107.05 825.354 761.35 850.592 670.384 543.334 180.208 1949.39 939.579 792.719 1009.81 951.353 492.47 179.424 313.046 243.003 909.184 691.536 649.657 388.992 332.512
internal_count=7045 197 6848 2962 1547 1415 3886 844 254 141 1370 1247 1293 944 720 349 3042 1646 1431 1396 1322 980 290 690 533 1264 961 901 536 463
cat_boundaries=0 1 2 3
cat_threshold=2 181902 57857
is_linear=0
shrinkage=0.05


Tree=103
num_leaves=31
num_cat=1
split_feature=28 101 93 28 76 23 5 22 18 95 38 106 105 53 27 67 28 98 74 95 53 26 29 72 37 36 42 74 19 58
split_gain=12.879 10.4971 12.4382 10.1361 12.6906 13.0747 13.8642 8.37987 13.1371 20.2352 16.6033 11.4881 11.3414 10.7916 11.3854 10.5455 11.6652 12.6 10.4401 9.65317 10.6331 9.63788 9.12671 8.96384 8.72402 8.78939 8.78592 8.42856 9.80203 12.3769
threshold=231.96000000000001 0.24405812970935684 0.13825225225225227 71.77000000000001 1226.9600000000003 1135.1350000000002 0.59411764705882364 4717.1655328798197 0.75732775453277557 4365.2800000000016 4772.3000000000011 0.51000000000000012 0.20416666666666669 -26.623553828158354 14.270000000000001 0 92.475000000000009 2626.5306122448987 1109.5250000000003 560.83500000000015 -11.869290742203184 88.970000000000013 50.415000000000013 237.24000000000004 455.00000000000006 450.00000000000028 615.00000000000011 1413.2700000000002 275.5555555555556 0.11256024950382756
decision_type=2 2 2 2 2 2 2 2 2 2 2 2 2 2 2 9 2 2 2 2 2 2 2 2 2 2 2 2 2 2
left_child=1 -1 3 4 -3 -6 -7 11 9 10 13 18 15 14 -9 16 17 -13 -5 20 21 -17 -10 -20 25 -24 -26 28 -15 -30
right_child=-2 2 -4 7 5 6 -8 8 22 -11 -12 12 -14 27 -16 19 -18 -19 23 -21 -22 -23 24 -25 26 -27 -28 -29 29 -31
leaf_value=0.54432377676403476 -1.1369918759386033 -0.020408902118600736 -1.0255562756532413 -0.040665743307839876 1.1496022956197451 -0.54627796968186149 1.5958206037330527 -0.33525452736674666 0.96857022930615744 -2.58866071276897 -0.19332365403947308 0.76299524236175742 0.35067849538960449 0.55223656522313369 0.13270207263371248 0.097142386348770066 0.00155997830512149 -0.22928324983406015 -1.3553765241535261 -0.31472023090095008 -0.33951794655632672 -0.10608254108317326 0.15271329344848611 -0.10458525941674282 0.93546544719768721 -0.66012601702770723 0.22824391744320566 0.53021645235493653 -0.037498461578631036 0.53363224445969171
leaf_weight=85.204034477472305 25.882958292961121 92.417095586657524 32.197706818580627 1149.7096280306578 65.618782922625542 42.954045251011848 45.355349451303482 26.60120478272438 102.61269477009773 27.208603039383888 319.73991343379021 103.39605295658112 141.91764377057552 42.164544552564621 38.975537076592445 322.405308842659 243.74893246591091 22.688263326883316 190.71954160928726 238.11973303556442 34.055411159992218 148.78476107120514 76.440781444311142 174.02302601933479 37.258456453680992 36.891988039016724 217.95611654222012 118.91114957630634 228.0684680044651 32.522347003221512
leaf_count=136 52 158 51 1562 128 86 104 34 193 63 576 186 241 65 69 451 424 49 381 389 47 195 118 289 47 59 398 198 302 49
internal_value=-0.000218857 -1.37871e-05 -0.000353953 -0.000123258 0.00972561 0.018519 0.00595762 -0.000718662 0.00258406 -0.00118565 0.000244274 -0.0022753 0.00126201 0.00605406 -0.012815 -0.000435029 0.00646443 0.0188112 -0.00520688 -0.00386759 4.39713e-05 0.00199401 0.00925833 -0.0125773 0.00558638 -0.00595762 0.0107127 0.00898854 0.0045583 0.000939403
internal_weight=4464.55 4438.67 4353.46 4321.27 246.345 153.928 88.3094 4074.92 1305.35 834.192 806.983 2769.57 1255.12 487.243 65.5767 1113.2 369.833 126.084 1514.45 743.365 505.245 471.19 471.16 364.743 368.547 113.333 255.215 421.667 302.755 260.591
internal_count=7100 7048 6912 6861 476 318 190 6385 2171 1356 1293 4214 1982 717 103 1741 659 235 2232 1082 693 646 815 670 622 177 445 614 416 351
cat_boundaries=0 1
cat_threshold=4
is_linear=0
shrinkage=0.05


Tree=104
num_leaves=31
num_cat=7
split_feature=17 22 50 99 65 95 3 44 27 60 65 98 74 53 65 58 96 65 53 99 77 17 104 45 94 37 59 3 42 33
split_gain=12.4926 12.9695 16.6405 12.9489 13.3173 16.3679 13.3311 13.076 12.9226 10.835 12.6412 13.7825 12.9444 11.0906 10.5399 9.90252 9.62556 8.90302 9.61103 8.59648 8.57247 8.30193 11.047 9.78427 7.91314 7.91264 7.76833 7.67733 13.8737 11.967
threshold=0.39979374811518548 4540.1360544217696 0.26696134849606518 -12.159705215419477 0 989.67000000000007 1 69.625000000000043 7.0500000000000016 2 3 2342.1768707483002 627.22500000000014 -20.250755428775623 4 0.087184576127020116 725.85034013605457 5 -24.210958023799765 41.272482993197322 0.94310708495207984 0.5638153881939133 0.92681922558948304 192.58500000000001 382.22715419501139 205.00000000000003 0.016787915104561353 6 775.00000000000011 365.00000000000006
decision_type=2 2 2 2 1 2 9 2 2 1 1 2 2 2 1 2 2 1 2 2 2 2 2 2 2 2 2 9 2 2
left_child=17 9 3 -3 6 8 20 19 26 10 11 12 21 -14 -11 -12 24 18 -1 -8 -5 -2 23 -23 -17 -10 -6 28 -7 -29
right_child=1 2 -4 4 5 27 7 -9 25 14 15 -13 13 -15 -16 16 -18 -19 -20 -21 -22 22 -24 -25 -26 -27 -28 29 -30 -31
leaf_value=-0.46531462947036178 -0.69775970931512044 -0.062801380485774425 0.41437103960072508 0.21695210296561243 0.18855263332170297 0.16290356344052948 0.0084145290264615365 -0.98847945328598785 0.21421645062147121 0.022026059401861177 0.020985356563487302 0.81592963004736418 -2.2185423425959407 -0.23622632227037565 -0.30293126248873109 0.24236499007330681 -0.43883353499228978 -0.28932343268986299 0.41931294261030871 -0.72320127763775022 -0.35327074522338864 0.10857076962129374 -0.15422139306016336 0.0679362508384969 0.63238896346500439 0.68779329684286106 -0.062540455468312925 0.7602261861992986 -5.1545326588072431 -0.034579526789789129
leaf_weight=26.959162518382072 53.57291516661644 302.27298128604889 92.814112693071365 211.60757322609425 71.239798933267593 25.520356684923172 65.979881852865219 33.292535066604614 104.71976992487907 198.61130887269974 1202.9981938451529 34.002926915884018 43.242911413311958 220.7681692391634 303.90522986650467 77.476982057094574 24.765427738428116 258.20456160604954 51.110855311155319 49.550969570875168 39.021089509129524 120.42207790911198 106.48134100437164 38.96610426902771 32.529355973005295 163.28540772199631 48.34250807762146 142.65667583048344 27.053304225206375 295.38947293162346
leaf_count=38 68 428 132 397 90 33 93 49 149 374 1777 62 74 326 547 108 50 411 85 85 53 181 134 51 44 233 65 273 66 616
internal_value=6.95381e-05 0.000824016 0.00422014 0.00301142 0.00521313 0.00859939 -0.00238719 -0.0137685 0.0163772 -0.0014874 0.000214487 -0.00564903 -0.00754389 -0.0157359 -0.00795517 0.00294267 0.0158171 -0.00919778 0.00559803 -0.00673759 0.00464 -0.00077337 0.00284491 0.0111753 0.0221572 0.0224757 0.00270943 0.00263023 -0.0139351 0.00482632
internal_weight=4466.76 4130.49 1672.75 1579.93 1277.66 878.207 399.452 148.823 387.587 2457.74 1955.23 617.456 583.454 264.011 502.517 1337.77 134.772 336.275 78.07 115.531 250.629 319.442 265.87 159.388 110.006 268.005 119.582 490.62 52.5737 438.046
internal_count=7092 6558 2762 2630 2202 1525 677 227 537 3796 2875 896 834 400 921 1979 202 534 123 178 450 434 366 232 152 382 155 988 99 889
cat_boundaries=0 1 2 3 4 5 6 7
cat_threshold=11276 1544 10 136468 144917 90120 24
is_linear=0
shrinkage=0.05


Tree=105
num_leaves=31
num_cat=6
split_feature=22 50 104 56 4 94 65 26 47 5 94 65 58 73 65 58 52 71 65 5 19 28 60 76 4 26 17 65 57 54
split_gain=9.15884 13.2715 13.5879 11.8705 12.3443 12.3617 12.4555 12.669 8.81435 8.18686 18.4418 12.3744 9.89241 8.87152 11.5035 9.4703 8.14593 8.06245 7.90083 9.76189 8.63898 11.4 10.7287 9.65419 11.2629 8.94891 9.82749 8.6898 8.54966 8.19588
threshold=4540.1360544217696 0.26122846345757683 0.99680921284131407 0.89606341713334225 4.5000000000000009 567.07240362811797 0 64.120000000000019 0.024423626363222855 0.13392857142857142 1201.5424489795921 1 0.030039989902586602 1902.4450000000002 2 0.019572806866241101 290.43331065759634 248.16000000000005 3 0.42481203007518792 346.44333333333338 179.04500000000004 4 1590.8300000000002 3.5000000000000004 121.25000000000001 0.42156519833654849 5 0.88785486285383308 -16.582893881266934
decision_type=2 2 2 2 2 2 1 2 2 2 2 1 2 2 1 2 2 2 1 2 2 2 1 2 2 2 2 1 2 2
left_child=18 2 3 4 5 6 7 -2 -3 10 11 -5 -13 16 15 -15 -11 -7 19 -1 21 23 25 -20 -25 26 -22 -24 -27 -21
right_child=1 8 -4 9 -6 17 -8 -9 -10 13 -12 12 -14 14 -16 -17 -18 -19 20 29 22 -23 27 24 -26 28 -28 -29 -30 -31
leaf_value=0.0043221420855616092 -0.26753241953018192 0.0045586766162625031 0.34680821060829176 0.1420647030282037 -0.47273976370243198 -0.56847560764912086 0.45351679405846146 0.080560335504125655 0.4607516604266273 0.9876923375092308 -2.3562282009648512 0.09497931720427602 -0.27702572927356073 0.12980844639723443 0.36204117965962301 -0.76370757416319968 -0.057813636406516447 0.69984347401076841 -0.012901869772004382 1.202375200960617 -0.50188622578718645 -0.78632970077528064 0.0011138152955631143 -2.3968961628302288 0.0091292026251107213 -0.1223396377289797 0.0040585909092177635 -0.51566615978423658 0.34041574983324169 -0.031217724087863986
leaf_weight=190.269351541996 31.331888467073441 42.081914678215981 231.84435421228409 315.57007478177547 72.908769205212593 133.57508584856987 99.644590333104134 51.252782225608826 74.48312509059906 167.51993808150291 49.371562078595161 154.63222196698189 159.83142721652985 30.395084872841835 126.57037605345249 88.414356082677841 30.479958489537239 27.570965841412544 414.06650568544865 64.102780252695084 58.347073912620544 43.320287704467773 133.15326970815659 112.01475638151169 74.142605155706406 103.07445198297501 904.39150360226631 146.14274981617928 295.39417850971222 16.880603149533272
leaf_count=318 41 60 348 448 125 210 140 69 110 375 115 223 217 61 274 187 54 68 615 150 72 77 231 211 139 151 1183 242 499 38
internal_value=0.000624057 0.00326551 0.00218985 0.000489978 -0.00672158 -0.00275412 0.00616714 -0.0080943 0.0196075 0.00316374 -0.000285347 0.00202068 -0.00496072 0.00844888 0.00209566 -0.00879645 0.0163224 -0.0128426 -0.00132706 0.00659967 -0.00228732 -0.00720695 -0.00037136 -0.00541914 -0.0148764 0.00147926 -0.00111804 -0.00911727 0.00779172 0.021382
internal_weight=4442.78 1887.48 1770.91 1539.07 416.284 343.375 182.229 82.5847 116.565 1122.78 679.405 630.034 314.464 443.38 245.38 118.809 198 161.146 2555.3 271.253 2284.05 643.544 1640.5 600.224 186.157 1361.21 962.739 279.296 398.469 80.9834
internal_count=7051 3125 2955 2607 653 528 250 110 170 1954 1003 888 440 951 522 248 429 278 3926 506 3420 1042 2378 965 350 1905 1255 473 650 188
cat_boundaries=0 1 2 3 4 5 6
cat_threshold=217164 197510 204958 10241 10 164764
is_linear=0
shrinkage=0.05


Tree=106
num_leaves=31
num_cat=2
split_feature=104 65 85 22 22 56 5 35 45 37 39 98 85 28 47 23 25 89 48 30 96 3 99 55 35 37 56 59 6 42
split_gain=11.0765 9.74292 9.73506 10.0515 17.8709 9.56228 7.99707 8.71167 7.39005 7.33976 7.8368 11.3089 20.6116 9.92455 9.82759 7.24487 10.707 13.4614 8.27651 7.35839 6.97519 7.21256 15.3243 9.87714 7.12544 9.03941 7.091 6.96037 6.83142 6.79519
threshold=0.98832831656119713 0 -21.266947417696567 3880.0000000000005 4173.4807256235836 0.56739240912064426 0.34848484848484851 2785.0000000000005 -80.115000000000308 75.000000000000014 3725.0000000000005 441.49659863945584 -17.502266685448337 76.205000000000013 0.92523435648747354 78.990000000000023 424.11000000000007 0.49073756432247001 0.94926783708433826 0.20748554228356783 152.15419501133789 1 50.490362811791336 0.081356867071152708 495.00000000000006 125.00000000000001 0.87247510194590261 0.027850344964314652 7.5000000000000009 855.00000000000011
decision_type=2 1 2 2 2 2 2 2 2 2 2 2 2 2 2 2 2 2 2 2 2 9 2 2 2 2 2 2 2 2
left_child=1 2 8 28 -5 -6 29 -8 27 -3 11 12 -11 -12 -13 -7 17 18 -17 -20 -15 23 24 26 -23 -26 -22 -1 -4 -2
right_child=6 9 3 4 5 15 7 -9 -10 10 13 14 -14 20 -16 16 -18 -19 19 -21 21 22 -24 -25 25 -27 -28 -29 -30 -31
leaf_value=0.15049949578000793 0.12839369449777394 -0.52917176723950876 -0.076621644875312728 0.85800864425620205 0.67095522010835396 0.39046952262506524 1.8975984270211286 0.21717336223418471 0.33567151913970295 -0.27826468079018413 0.49768589461592827 -0.2848837158068907 0.35062797808375595 -0.41631149785113242 0.32374809992984699 -0.33406602649084011 0.0086550847025179678 -0.61287484571562634 0.33081404693912619 -0.27819730425125044 -0.1926816377523636 0.12678902580588094 -0.72552219545503938 0.60786471936078645 -0.98779148524548865 -0.016323111808588787 0.017655194104016659 -0.83620935382660522 -0.61930037707169527 -0.12145294849943725
leaf_weight=91.033343061804771 590.64194473624229 76.149163573980331 80.517341926693916 58.873118847608566 22.283742323517799 29.04571607708931 35.137547820806503 76.779258161783218 207.15022723376751 58.268780946731567 74.314187243580818 593.1944233328104 81.458931416273117 32.211325481534004 46.349166631698608 64.361878126859665 792.02962236106396 38.701002061367035 33.879772305488586 33.241800606250763 84.683776333928108 41.614611804485321 61.998900011181831 48.350661098957062 28.262366145849228 139.27334007620811 636.62167946994305 31.256074950098991 64.65766416490078 199.54297171533108
leaf_count=159 745 122 120 95 37 44 65 155 357 75 147 996 101 43 88 84 1360 53 41 43 136 60 94 84 44 211 1040 56 94 307
internal_value=-8.53182e-05 -0.00134258 0.00163701 -0.000415536 0.00125593 -0.000299671 0.00486203 0.0173711 0.00927282 -0.00363421 -0.00305058 -0.00691998 0.00596635 -0.000422468 -0.00973538 -0.00102784 -0.00177051 -0.0131489 -0.00551964 0.0067644 -0.00164628 -0.000937084 -0.00778832 0.00155756 -0.00160385 -0.0062034 0.000111303 -0.000473799 -0.0127628 0.00309032
internal_weight=4451.88 3549.78 1547.03 1217.59 1072.42 1013.54 902.102 111.917 329.44 2002.75 1926.6 779.271 139.728 1147.33 639.544 991.26 962.214 170.184 131.483 67.1216 1073.02 1040.81 271.149 769.656 209.15 167.536 721.305 122.289 145.175 790.185
internal_count=7056 5784 2543 1971 1757 1662 1272 220 572 3241 3119 1260 176 1859 1084 1625 1581 221 168 84 1712 1669 409 1260 315 255 1176 215 214 1052
cat_boundaries=0 1 2
cat_threshold=369473 1544
is_linear=0
shrinkage=0.05


Tree=107
num_leaves=31
num_cat=3
split_feature=101 72 72 47 19 46 43 106 53 58 65 99 43 67 99 17 65 54 99 29 94 24 71 59 74 43 29 53 30 53
split_gain=9.14911 9.80072 9.62567 12.6782 9.2444 8.19014 8.14604 7.43724 9.56456 9.82008 9.7401 14.6269 13.0709 9.22435 16.3572 12.9539 9.04216 10.0374 9.4169 8.83881 8.68112 10.3529 8.64036 9.75029 8.23549 10.4052 8.03681 7.76522 8.72221 7.75237
threshold=0.24405812970935684 208.19500000000002 312.97000000000008 0.80451178202182183 592.77732142857155 0.56906893283303484 -8.7100000000000346 0.51000000000000012 -11.314164199989802 0.03322149467542581 0 -46.906530612244886 -103.42999999999999 1 17.814467120181352 0.6620335297744272 2 -47.752634199866328 -43.87821995464855 162.39500000000004 108.12500000000001 154.77500000000001 296.54000000000002 0.022268544569310603 1782.0350000000001 -106.99499999999999 203.85500000000005 -12.349156220407201 0.36821826026271598 -17.147834835134024
decision_type=2 2 2 2 2 2 2 2 2 2 1 2 2 9 2 2 1 2 2 2 2 2 2 2 2 2 2 2 2 2
left_child=1 -1 7 4 6 -3 -4 16 10 -10 12 -12 -9 22 15 -15 18 -18 -2 -14 -20 -22 23 -13 25 -23 27 29 -29 -27
right_child=2 5 3 -5 -6 -7 -8 8 9 -11 11 13 19 14 -16 -17 17 -19 20 -21 21 24 -24 -25 -26 26 -28 28 -30 -31
leaf_value=1.2520171384797381 0.18134350786447337 0.82438292099367638 0.11148580798686432 1.6314240270567202 0.67260056098924115 -0.21697966800712615 -0.39931461977481214 -0.087072157568685082 -0.031754869506584175 -0.55630410663104901 -0.35984011225435353 0.16391835808645397 0.19912834347591116 0.0024719697288936972 -0.27183104535781555 0.33833829960064893 -0.8164782298194595 -0.075707582160229062 0.91380035513167712 0.73688877329554148 0.21389033204550573 0.26727856019152191 -2.9547132118389841 0.82759172229645483 -0.89515556614339864 0.017322994868540321 -0.74529795424152145 0.45260415954209848 -0.22271107599618711 -0.19791248315611956
leaf_weight=34.841208592057228 56.103801682591438 24.591384783387184 171.10384893417358 43.955225437879562 48.665624737739563 31.582154378294945 110.15326033532619 123.68104672431946 94.155108690261841 42.093967869877815 83.220568627119064 248.26354192197323 370.04455995559692 400.2901209294796 270.52587577700615 66.670896038413048 26.141954928636551 997.0886726975441 24.049984067678452 69.03512866795063 83.54402095079422 173.14175491034985 24.465585187077522 80.349016487598419 105.33862827718258 249.54276974499226 110.50681467354298 58.26070773601532 34.949300244450569 201.05484780669212
leaf_count=54 77 40 275 79 85 48 220 204 172 64 122 454 613 571 435 94 41 1565 33 127 114 231 51 151 224 394 136 73 60 273
internal_value=0.000116995 0.015807 -0.000210053 0.00746149 0.00410076 0.00288521 0.000619294 -0.000928452 0.00136742 -0.0113891 0.00236829 -0.000254397 0.00770619 0.00128528 -0.0018965 0.00377127 -0.00295687 -0.00630569 0.00022366 0.0118874 -0.000850318 -0.0015529 0.00793118 0.0100654 -0.00306315 -0.00138688 -0.00427111 -0.00177312 0.0113636 -0.00449057
internal_weight=4457.41 91.0147 4366.4 373.878 329.923 56.1735 281.257 3992.52 1872.8 136.249 1736.55 1173.79 562.761 1090.57 737.487 466.961 2119.72 1023.23 1096.49 439.08 1040.39 1016.34 353.078 328.613 932.795 827.456 654.314 543.808 93.21 450.598
internal_count=7080 142 6938 659 580 88 495 6279 3058 236 2822 1878 944 1756 1100 665 3221 1606 1615 740 1538 1505 656 605 1391 1167 936 800 133 667
cat_boundaries=0 1 2 3
cat_threshold=315913 4 199319
is_linear=0
shrinkage=0.05


Tree=108
num_leaves=31
num_cat=4
split_feature=28 61 65 22 25 37 65 18 36 34 29 82 50 58 103 91 31 79 38 48 50 65 58 56 82 38 104 52 30 58
split_gain=10.4004 8.36782 14.0359 11.3111 19.9571 12.2049 10.6489 14.1656 10.8584 12.9174 10.2563 9.5164 8.92328 8.23272 7.97817 7.67993 7.63104 9.4189 7.53081 7.37774 7.25871 7.89706 8.09151 7.18566 6.93252 9.91513 8.37239 7.74071 8.45521 11.636
threshold=231.96000000000001 0 1 4943.0045351473937 937.61500000000012 585.00000000000011 2 0.81712688302157399 280.00000000000017 505.00000000000006 131.58000000000004 4368.527000000001 -0.046391801207711844 0.037174156692016257 1.0000000180025095e-35 0.019803921568627456 205.00000000000003 1.0000000180025095e-35 925.00000000000011 0.99309108746569663 -0.08634424264996024 3 0.018146590466308201 0.96682134255951513 419.78200000000004 605.00000000000011 0.91133830269041949 8.9631972789116805 0.38858637031057547 0.14771760703147152
decision_type=2 1 1 2 2 2 1 2 2 2 2 2 2 2 2 2 2 2 2 2 2 1 2 2 2 2 2 2 2 2
left_child=1 3 10 6 -5 13 -1 8 9 -8 15 19 -12 23 -9 20 -14 -18 -17 -7 -3 -22 -23 -6 26 -26 -4 -27 29 -29
right_child=-2 2 24 4 5 11 7 14 -10 -11 12 -13 16 -15 -16 18 17 -19 -20 -21 21 22 -24 -25 25 27 -28 28 -30 -31
leaf_value=-0.15223960419440843 -1.4319662818241783 0.60184529330741299 -0.048260246443637259 0.81949074228620589 -0.36602601950848312 -0.1991690611785856 -0.38815715327587696 0.0074180063933141586 0.54887583945580476 0.32114130345514841 -0.63098865853220443 1.5915567361223779 0.32142138462061642 -2.0633612767752312 -0.59562003414331299 0.9544670346330606 -0.0048328524964400543 -0.42212766690571341 0.061090259700847228 0.31913006944268008 0.11716754186674053 0.33363086842016831 -0.020933152105007482 0.64521666205795047 0.21634412846078277 0.060824757146286858 -0.31031624143692405 -0.22085871281418862 -0.031060033574689606 0.36329417944608622
leaf_weight=433.38307395577431 26.742620289325714 29.830387189984322 95.364868342876434 114.56469392776489 88.849312126636505 85.501397863030434 27.745518535375595 663.99577628076077 124.6104057431221 95.801161885261536 38.466716557741165 63.137573137879372 43.904257923364639 19.410462707281113 35.019968718290329 28.445858001708984 252.672886043787 51.010252773761749 30.252881526947021 194.63760212063789 233.36609436571598 27.902761399745941 301.18296846747398 23.02702397108078 39.514021933078766 224.15236847102642 83.094909563660622 426.452636256814 524.54640978574753 30.592873960733414
leaf_count=679 54 51 142 160 169 151 35 1046 182 142 65 96 58 39 48 39 434 73 49 312 378 42 456 49 48 400 122 592 921 46
internal_value=-2.73822e-06 0.000184909 -0.00175918 0.00261369 0.00841393 0.00389233 0.000138541 0.00310393 0.0133992 0.00289527 0.00265983 0.00885115 -0.00377149 -0.00907352 -0.000506591 0.00651468 -0.00124267 -0.00405957 0.0237657 0.00489892 0.004805 0.00353026 -0.00155322 -0.00385821 -0.00496182 -0.00367585 -0.0142131 -0.00448353 -0.00639796 -0.0113694
internal_weight=4457.18 4430.44 2460.75 1969.68 589.128 474.563 1380.56 947.173 248.157 123.547 1037.04 343.277 386.054 131.287 699.016 650.981 347.587 303.683 58.6987 280.139 592.282 562.452 329.086 111.876 1423.72 1245.26 178.46 1205.74 981.592 457.046
internal_count=7078 7024 3916 3108 976 816 2132 1453 359 177 1645 559 630 257 1094 1015 565 507 88 463 927 876 498 218 2271 2007 264 1959 1559 638
cat_boundaries=0 1 2 3 4
cat_threshold=2 216581 149020 1541
is_linear=0
shrinkage=0.05


Tree=109
num_leaves=31
num_cat=3
split_feature=42 29 22 103 22 18 27 65 26 105 28 76 96 71 46 34 76 101 29 65 65 82 50 24 49 17 55 54 53 26
split_gain=10.2283 9.1266 11.079 10.8176 9.77127 11.911 12.8518 13.2174 13.0549 11.1886 10.2499 10.369 13.9365 10.0367 12.2967 9.70266 9.51161 12.8709 9.12802 16.328 12.8602 13.1092 11.2829 11.1583 9.87356 9.20482 9.03817 12.7497 8.85029 8.32358
threshold=75.000000000000014 196.78500000000005 3720.0000000000005 0.072619047619047625 4780.4648526077099 0.55937604540990871 188.77000000000004 0 63.465000000000011 0.44916666666666671 98.530000000000015 1249.1850000000002 725.85034013605457 170.38000000000002 0.92505783314399725 565.00000000000011 904.34000000000015 0.72017391395017949 81.395000000000024 1 2 3649.6505000000002 -0.089444718895106398 243.10000000000002 0.18094596444856598 0.62124008365655425 0.056873315363881356 -30.882179553800828 -14.74658891659797 170.21000000000001
decision_type=2 2 2 2 2 2 2 1 2 2 2 2 2 2 2 2 2 2 2 1 1 2 2 2 2 2 2 2 2 2
left_child=-1 4 -3 26 9 13 7 16 -9 10 18 12 15 14 -6 -12 -7 -18 20 -20 21 -2 -22 24 -24 -23 27 -4 -5 -13
right_child=1 2 3 28 5 6 -8 8 -10 -11 11 29 -14 -15 -16 -17 17 -19 19 -21 22 25 23 -25 -26 -27 -28 -29 -30 -31
leaf_value=1.0172849292009876 0.41748282231048323 -2.5358920767672632 0.27518473740550109 -0.082111634703686903 -0.20508402700151934 -0.019886494499756682 -0.49739393727676601 -0.15137909267081398 0.36552695883032488 0.31694932499916001 -0.040592995862171403 -1.0352196831698954 0.85233758128272119 2.3243973266163778 0.23622682829860331 -2.0130370020181476 0.85230710102050367 0.39251780029479594 0.08499706592573375 -0.26279227700408397 0.43910998667803514 0.10268764458588749 -0.11435066349851014 0.4933653880286144 0.02298908009866665 -0.06360594892877032 -0.42609828227282809 -0.061011718853871244 -0.78069288218782107 -0.083697715199508596
leaf_weight=25.736532121896744 199.44133508205414 27.940647825598717 164.54375146329403 39.615510880947113 116.39112137258053 55.110551357269287 68.470690652728081 143.81964185833931 304.14823161065578 61.075025379657745 670.60323825478554 120.68066005408764 53.444722324609756 23.165558069944382 40.439764320850372 32.241642490029335 84.009728476405144 152.91781029105186 352.75546528398991 353.50640797615051 32.030464112758636 44.248514756560326 257.7647770345211 64.615685015916824 207.01776805520058 55.021215707063675 112.06117445230484 466.40238890051842 28.126240283250809 60.19904737174511
leaf_count=41 317 40 235 58 173 106 155 242 540 108 963 234 131 59 66 60 122 257 501 647 50 70 366 128 265 74 169 694 40 124
internal_value=-0.000244282 -0.000428459 -0.00511991 -0.00405308 0.000678925 0.00490242 0.00749218 0.00940976 0.00366933 -0.000948906 -0.00146472 -0.00560084 -0.00302878 -0.00672983 -0.0112676 -0.00490044 0.0174906 0.0224415 0.00100989 -0.0032023 0.00446853 0.0126396 -0.00010224 -0.00184757 -0.00455416 -0.00178402 -0.00230918 1.48731e-05 -0.0231806 -0.0163551
internal_weight=4417.55 4391.81 838.69 810.749 3553.12 988.473 808.477 740.006 447.968 2564.65 2503.57 937.169 756.29 179.996 156.831 702.845 292.038 236.928 1566.4 706.262 860.14 298.711 561.429 529.398 464.783 99.2697 743.007 630.946 67.7418 180.88
internal_count=7035 6994 1236 1196 5758 1720 1422 1267 782 4038 3930 1512 1154 298 239 1023 485 379 2418 1148 1270 461 809 759 631 144 1098 929 98 358
cat_boundaries=0 1 2 3
cat_threshold=496641 90118 311945
is_linear=0
shrinkage=0.05


Tree=110
num_leaves=31
num_cat=2
split_feature=28 23 5 95 7 73 28 65 22 17 46 71 24 25 30 99 22 67 37 22 22 17 59 38 94 46 46 19 30 77
split_gain=10.2844 14.3672 22.689 18.4458 16.5973 16.4537 16.0958 14.8272 12.1664 11.3364 10.9852 10.6948 18.6008 10.6025 11.4395 11.4162 13.6892 14.5351 12.0142 9.04414 8.83045 11.5034 10.9564 9.85708 9.41533 8.92904 8.77821 8.66581 8.4634 8.43583
threshold=99.230000000000004 1122.8200000000004 0.34848484848484851 2118.6450000000004 1.0000000180025095e-35 2072.5800000000004 79.580000000000027 0 3942.4036281179146 0.66317229372884545 0.99597222322067636 136.27000000000001 294.78000000000003 3382.2350000000001 0.80038633502626222 43.467687074829833 4714.569160997733 1 45.000000000000007 4369.7052154195017 4904.5804988662139 0.38333326625036795 0.032971589292619355 4545.0000000000009 142.82426303854876 0.90952830147445296 0.86832076975419115 503.09523809523819 0.098892779986091167 0.77353916333414452
decision_type=2 2 2 2 2 2 2 1 2 2 2 2 2 2 2 2 2 9 2 2 2 2 2 2 2 2 2 2 2 2
left_child=1 5 4 8 29 6 10 -5 -4 11 -1 12 20 15 -15 18 -17 27 -2 -13 22 25 23 24 -8 -22 -11 -18 -6 -3
right_child=13 2 3 7 28 -7 9 -9 -10 26 -12 19 -14 14 -16 16 17 -19 -20 -21 21 -23 -24 -25 -26 -27 -28 -29 -30 -31
leaf_value=0.77386618588605394 -1.0511270002167976 -0.80503019644411189 -0.11607293018861108 0.40532994153371221 -0.11532573921694222 -0.25509520248977541 -0.37338579630233631 -0.21533347712320394 2.7579724254037998 0.4690246130953753 -0.11560313263791927 0.01991571568526922 -0.74165823807843001 1.9516492833756545 -2.0116247466719765 -0.76448833642475555 -0.32998496415537848 2.0519811334744404 -0.0088152391131373527 0.97173645461516933 -0.11050073525312031 0.4156180675513696 0.24432838367199708 -0.2806147496212873 0.007951845556143677 0.057594398236906444 0.099169751890534036 0.056509423251454652 -5.0903180530773771 0.039112701431139388
leaf_weight=117.52015601098537 30.806681334972382 63.989124730229378 26.968866139650345 167.07279677689075 19.253789514303207 72.789578795433044 93.998159497976303 307.5282498896122 58.566227734088898 64.967175126075745 31.742595821619034 34.150028139352798 53.564040377736092 37.125261813402176 20.284983962774277 218.45552508533001 60.38132107257843 43.010727986693382 1191.8742019236088 45.359246656298637 42.435006707906723 275.23285128176212 120.66194653511047 47.941401183605194 892.04306872189045 35.657685786485672 78.379693791270256 32.182541638612747 83.873327687382698 108.73934808373451
leaf_count=210 51 131 44 358 55 87 117 650 132 90 40 70 71 89 50 404 97 101 1712 93 57 398 163 60 1155 43 110 47 200 211
internal_value=-7.12193e-05 0.0017459 -0.0037612 0.00201937 -0.0154989 0.00404046 0.00491894 -0.00183257 0.0233923 0.00359957 0.0206916 0.0024217 0.00151088 -0.00323197 0.0178744 -0.00400048 -0.0119071 0.000573404 -0.0017111 0.0203098 0.00253937 0.00945612 0.000422823 -0.001241 -0.000164549 -0.00748101 0.0170839 -0.0105864 -0.0313713 -0.00602231
internal_weight=4476.56 2842.43 835.992 560.136 275.856 2006.44 1933.65 474.601 85.5351 1784.39 149.263 1641.04 1561.53 1634.12 57.4102 1576.71 354.03 135.575 1222.68 79.5093 1507.97 353.326 1154.64 1033.98 986.041 78.0927 143.347 92.5639 103.127 172.728
internal_count=7096 4545 1781 1184 597 2764 2677 1008 176 2427 250 2227 2064 2551 139 2412 649 245 1763 163 1993 498 1495 1332 1272 100 200 144 255 342
cat_boundaries=0 1 2
cat_threshold=23827 1
is_linear=0
shrinkage=0.05


Tree=111
num_leaves=31
num_cat=1
split_feature=101 104 54 58 22 61 30 5 62 29 53 6 56 58 54 91 79 96 89 62 58 29 24 77 37 58 52 34 58 37
split_gain=12.5802 10.8767 10.5355 8.64665 8.42403 8.15149 9.39111 9.12849 8.12388 7.84461 9.19188 10.2016 7.49794 7.60973 8.95634 8.43028 11.489 10.3621 8.0075 8.75092 8.18801 9.10626 8.97813 8.35106 8.38985 7.46172 7.30795 8.39527 6.95612 7.50452
threshold=0.39619051118809001 0.98832831656119713 -58.626117770623146 0.018370823893035404 3560.0000000000005 0 0.34235811347907924 0.30952380952380959 1.0000000180025095e-35 137.30000000000004 -16.785862171041131 5.5000000000000009 0.45378875021474202 0.020989189506967904 -17.743281676245427 0.046693313953488358 1.0000000180025095e-35 361.67800453514752 0.50316455696202544 1.0000000180025095e-35 0.019859705657008304 217.57500000000002 180.76500000000001 0.78692365996643654 195.00000000000003 0.041726968606964059 291.89981859410437 775.00000000000011 0.057038894662455354 135.00000000000003
decision_type=2 2 2 2 2 1 2 2 2 2 2 2 2 2 2 2 2 2 2 2 2 2 2 2 2 2 2 2 2 2
left_child=2 4 -1 -3 9 6 -5 25 -4 10 11 -2 -6 14 18 -15 17 -17 19 20 21 22 -14 -24 -25 -8 27 -16 29 -7
right_child=1 3 8 5 12 28 7 -9 -10 -11 -12 -13 13 15 26 16 -18 -19 -20 -21 -22 -23 23 24 -26 -27 -28 -29 -30 -31
leaf_value=-0.19151510356833334 1.3777253676320185 0.48890279538801668 0.42405056416782722 0.54443474448209628 0.47616765550414047 -0.47440519772307149 0.15736494028863179 1.2805666415392878 -0.32429342090401436 -1.4939085422355207 -0.63830900995116913 -0.2760041536811258 0.66593917772067934 -0.043040983038102359 0.82221959658650412 -0.19502947680352778 0.4063680003992447 0.38078399699950155 0.53675892598589037 -0.17444516129196366 0.41190040286726914 -1.9255762007444668 0.043162067695082844 0.31611140544344213 -0.81979199111323386 -0.25320314768142355 -0.64949841054453905 0.38192897969909723 0.20376952824598221 -0.021851354524309131
leaf_weight=52.796347826719284 31.195491537451744 53.104131355881691 221.71193000674248 79.628411918878555 23.838022574782372 27.514743432402611 167.03265143930912 62.030789420008659 26.257107868790627 28.011934727430344 67.772853970527649 76.356802240014076 44.92830628156662 2344.8928199112415 63.638592839241028 27.156905680894852 27.927380740642548 52.786659702658653 31.878201931715012 87.705121919512749 64.776463508605957 26.026637241244316 83.530120223760605 22.227185934782028 88.084687381982803 92.641411542892456 24.113829225301743 100.31922087073326 116.37790475785732 266.72710512578487
leaf_count=78 58 74 346 107 41 39 217 122 40 42 89 113 76 3787 88 38 38 96 51 129 120 41 163 45 161 113 37 213 166 387
internal_value=0.000272111 -0.000438187 0.010149 0.00455497 -0.00174031 0.00327656 0.00834402 0.00453879 0.014467 -0.0116005 -0.00767499 0.00141301 -0.00109643 -0.00131193 0.00355613 -0.00257665 0.0110903 0.00144578 -0.00027962 -0.00212486 0.00161039 -0.00228755 0.000773726 -0.00389404 -0.0129249 0.000422275 0.0127168 0.0164966 -0.00167629 -0.00576905
internal_weight=4482.99 4182.22 300.765 865.057 3317.17 811.953 401.333 321.705 247.969 203.337 175.325 107.552 3113.83 3089.99 637.228 2452.76 107.871 79.9436 449.157 417.279 329.573 264.797 238.77 193.842 110.312 259.674 188.072 163.958 410.62 294.242
internal_count=7115 6651 464 1225 5426 1151 559 452 386 302 260 171 5124 5083 1124 3959 172 134 786 735 606 486 445 369 206 330 338 301 592 426
cat_boundaries=0 1
cat_threshold=2
is_linear=0
shrinkage=0.05


Tree=112
num_leaves=31
num_cat=4
split_feature=49 101 65 2 46 35 6 65 30 53 18 49 36 97 10 73 58 61 29 101 22 94 54 94 58 37 58 62 98 5
split_gain=10.4211 12.4911 16.5767 11.5876 16.6876 14.9731 13.3022 11.0114 13.2924 9.78705 11.264 10.0812 10.418 9.08856 8.63058 8.91574 8.50219 7.98123 7.83267 7.68647 7.45037 7.35048 7.01839 10.0106 7.17687 7.17212 8.96245 6.91548 9.03018 11.8108
threshold=0.7114513800069594 0.62923331042918784 0 1 0.78473172467973773 855.00000000000011 7.5000000000000009 2 0.36821826026271598 -20.900662311411647 0.52877237851662418 0.063087526869504015 650.00000000000034 536.28117913832216 7.5000000000000009 1673.6900000000003 0.0213184296108152 3 218.20500000000001 0.79468823759967855 5801.213151927438 402.52947845804994 -23.085108547155841 1415.8936848072565 0.0306223714118951 575.00000000000011 0.036036756264321602 1.0000000180025095e-35 935.3741496598642 0.76388888888888895
decision_type=2 2 1 9 2 2 2 1 2 2 2 2 2 2 2 2 2 1 2 2 2 2 2 2 2 2 2 2 2 2
left_child=1 2 16 5 17 6 -3 8 -7 -6 -11 12 13 -12 19 -16 -1 -5 -13 -9 -15 -2 23 24 -21 26 -24 28 -4 -30
right_child=21 3 27 4 9 7 -8 14 -10 10 11 18 -14 20 15 -17 -18 -19 -20 22 -22 -23 25 -25 -26 -27 -28 -29 29 -31
leaf_value=0.53588795654844645 -0.40661972743592545 0.21535602543738863 0.13234596305247939 -0.056610342837952035 0.14898260810802882 1.4896053392032202 1.2985467104042401 0.069431233493934028 0.134933051841017 0.33485005400248014 -0.042065059853785058 0.0039319016116278862 1.6324737843491193 -1.7537930212180648 2.7054000109045142 -1.18438860844875 0.1324708657386566 -0.86660834496732098 -0.61859016321686355 0.38958974932713242 -0.37461655768133006 -0.051347360634805383 -0.35371377256702208 -2.4425486063724566 -0.50776065432055906 0.1021377255084147 0.028340598931104213 -0.10879200828183642 -0.45968944701535314 0.23840339353811688
leaf_weight=46.488361239433289 86.199791967868805 85.533532902598381 421.22259080410004 85.013878181576729 116.56196305155754 42.593448579311371 40.94509382545948 292.94334775209427 306.63862656056881 51.330743789672852 169.38456544280052 700.94564718008041 31.044353932142258 82.339925095438957 34.052997097373009 21.895402386784554 376.6190797239542 116.21472860872746 66.227035686373711 37.731326133012772 93.477451831102371 192.7395653873682 199.01964680850506 53.283509120345116 44.445845350623131 199.61658783257008 152.09538014233112 142.2636608928442 132.40775425732136 56.15734039247036
leaf_count=86 122 145 595 129 173 72 98 469 668 65 215 952 67 152 52 49 562 208 87 62 160 266 301 128 61 350 212 193 245 138
internal_value=-0.000108035 0.00051372 0.00488811 -0.00118659 -0.00426377 0.00190973 0.0183901 0.000417796 0.00796405 -0.00223463 -0.00358385 -0.00461249 -0.0113165 -0.0138115 -0.00218411 0.0168946 0.0126614 -0.0176986 -0.00132464 -0.00329659 -0.0217747 -0.00946647 -0.00619114 -0.0163871 -0.00544217 -0.00368328 -0.00798555 0.000341947 0.00266237 -0.00643161
internal_weight=4477.43 4198.49 1175.16 3023.34 1512.54 1510.79 126.479 1384.32 349.232 1311.31 1194.75 1143.42 376.246 345.202 1035.08 55.9484 423.107 201.229 767.173 979.136 175.817 278.939 686.192 135.461 82.1772 550.732 351.115 752.051 609.788 188.565
internal_count=7082 6694 1819 4875 2208 2667 243 2424 740 1871 1698 1633 594 527 1684 101 648 337 1039 1583 312 388 1114 251 123 863 513 1171 978 383
cat_boundaries=0 1 2 3 4
cat_threshold=117780 48 273809 1
is_linear=0
shrinkage=0.05


Tree=113
num_leaves=31
num_cat=5
split_feature=50 65 58 49 74 87 55 52 67 35 10 49 82 59 57 65 32 65 44 65 35 102 72 47 105 54 104 58 58 102
split_gain=8.44336 12.8409 11.5545 8.48496 8.23493 8.06257 7.59038 7.55484 7.38609 17.7522 17.1988 12.197 16.8533 14.7492 13.0035 13.3763 12.0396 9.96388 10.2823 8.89818 10.5885 11.0125 8.42173 12.6106 9.45157 8.38863 8.32716 9.71003 8.3313 7.93218
threshold=0.13774058105812007 0 0.032369109719635213 0.0015864989296122502 588.44500000000005 0.81442683993889375 0.050423728813559311 197.57956916099769 1 855.00000000000011 4.5000000000000009 0.012267963627316603 343.63500000000005 0.019313911728759504 0.99998936391203153 2 2655.0000000000005 3 5.9950000000001191 4 3455.0000000000005 0.8047619047619049 124.78500000000001 0.32136453003863702 0.20416666666666669 -26.895973628261487 0.91290737491830931 0.020989189506967904 0.057599241822153556 0.34166666666666673
decision_type=2 1 2 2 2 2 2 2 9 2 2 2 2 2 2 1 2 1 2 1 2 2 2 2 2 2 2 2 2 2
left_child=8 2 7 -4 5 -3 -6 -2 9 10 -1 12 -10 25 15 22 17 -14 -19 20 21 -11 23 -15 29 -13 -21 -28 -29 -24
right_child=1 4 3 -5 6 -7 -8 -9 11 19 -12 13 16 14 -16 -17 -18 18 -20 26 -22 -23 24 -25 -26 -27 27 28 -30 -31
leaf_value=0.012380156189311721 0.58010782307452902 0.73507950229276964 0.20737958817125915 -0.24640155985641457 0.27177833503706167 0.12689478256454764 -0.11378796065652459 -0.053808369534749545 0.33493086620602103 1.7002449230640282 1.6429679331417391 0.38699705226134573 -0.10751984853435488 0.52862494150889749 -0.26549447051774139 0.053522657216500846 0.30001148182665677 -0.083165719495684701 -1.1986135512462253 -0.15887490221261658 -1.0092780902196807 -0.1008196650561331 -0.20213658031116497 -0.16117526641679092 0.20608328390576425 0.011071012227849942 0.51303583011588072 -0.043787246178131949 0.18847416555826157 -0.5064043019993506
leaf_weight=73.848491877317429 39.881224855780602 79.032072126865387 27.597889363765717 114.44520883262157 156.22281983494759 69.426906794309616 64.79739747941494 48.894665375351906 44.949818402528763 69.152323558926582 73.09846867620945 170.16224840283394 134.6857522726059 39.401056110858917 150.60531312227249 299.96860058605671 81.375650689005852 43.422566398978233 163.73253719508648 699.39292122423649 18.472024708986282 27.746395438909531 182.93270039558411 32.42598170042038 47.496390670537949 680.16662357747555 109.59643584489822 525.48062451183796 169.73349696397781 53.112348914146423
leaf_count=123 60 113 40 166 225 99 98 77 57 168 160 252 204 53 209 411 186 68 265 1359 40 72 244 40 69 1007 167 773 252 67
internal_value=0.000218721 0.00573808 -0.00356672 -0.0125652 0.0113405 0.0207553 0.00552969 0.0104292 -0.000632807 0.00175617 0.0183963 -0.0026193 -0.00974521 -0.000605066 -0.00545159 -0.00240695 -0.0128369 -0.0169515 -0.0234889 0.000246376 0.0130449 0.0207891 -0.008828 0.00621668 -0.0129505 0.00398847 -0.000816549 0.00264602 0.000465438 -0.0170454
internal_weight=4491.26 600.298 230.819 142.043 369.479 148.459 221.02 88.7759 3890.96 1766.52 146.947 2124.44 468.166 1656.27 805.942 655.337 423.217 341.841 207.155 1619.57 115.371 96.8987 355.368 71.827 283.541 850.329 1504.2 804.811 695.214 236.045
internal_count=7124 878 343 206 535 212 323 137 6246 3114 283 3132 780 2352 1093 884 723 537 333 2831 280 240 473 93 380 1259 2551 1192 1025 311
cat_boundaries=0 1 2 3 4 5
cat_threshold=407040 4 266654 426118 10240
is_linear=0
shrinkage=0.05


Tree=114
num_leaves=31
num_cat=3
split_feature=104 65 72 65 72 59 54 22 37 74 52 36 59 77 46 37 59 57 52 53 61 98 25 31 22 82 73 5 28 19
split_gain=9.65444 14.7304 9.98025 10.5907 9.69582 11.1436 16.3872 11.1356 9.53676 9.24392 10.5353 8.79193 8.07625 8.9149 7.86285 8.36576 7.74031 8.23788 7.75391 7.7186 10.1261 8.52341 8.52045 12.4318 8.48786 11.1545 9.42327 10.4206 10.8706 8.75925
threshold=0.90753712172467627 0 321.25000000000006 1 210.40500000000003 0.028802941681318004 -34.605859650583078 4273.287981859411 1075.0000000000002 617.13000000000011 14.272108843537355 380.00000000000028 0.015060044762527003 0.81689736193314288 0.80126013276184682 455.00000000000006 0.026809197234837705 0.99094754415775588 274.63001133786855 -20.534420747056981 2 955.32879818594131 797.08000000000004 695.00000000000011 3480.0000000000005 388.39550000000003 1609.1750000000002 0.51470588235294124 71.77000000000001 405.82928571428585
decision_type=2 1 2 1 2 2 2 2 2 2 2 2 2 2 2 2 2 2 2 2 1 2 2 2 2 2 2 2 2 2
left_child=1 9 3 14 5 11 -7 -6 19 10 -1 -5 -12 -14 15 -2 17 18 -11 20 21 -3 -22 -24 -21 -26 27 28 -27 -30
right_child=2 8 -4 4 7 6 -8 -9 -10 16 12 -13 13 -15 -16 -17 -18 -19 -20 24 22 -23 23 -25 25 26 -28 -29 29 -31
leaf_value=0.45317703135834225 0.75504411907933366 0.59794267175361659 0.61586924623155159 -0.081901389001078684 0.31895941102346231 -0.0041785820606989434 0.26139473319152556 -0.37144193485119004 -0.84459986719217006 0.54539380503073287 0.44949968019939424 0.23496175607780856 0.26108865856769814 -0.048544983121494134 0.056630506332293606 0.033899544474100554 -0.25008698301184895 -0.25506623969286651 -0.04032984122803214 -0.78962629337666568 0.125999370987779 0.064284549492802864 -0.62605399103928472 0.0019181063744994733 0.39028357807803471 0.86993163438939414 -0.41154857047406213 0.68566527121169907 -0.28348235742962874 -0.0036095468580256808
leaf_weight=55.842155158519745 45.110386878252029 64.781038850545883 99.093819797039032 287.27071943879128 36.627720236778259 39.624355390667915 43.542005330324173 168.97683563828468 127.3247307240963 87.310366109013557 57.799430310726166 142.4348247051239 58.266509205102921 80.334250926971436 1203.6861177235842 29.786566197872162 57.309210032224655 140.76169230043888 47.584642082452774 73.721769243478775 102.72208377718925 89.912355348467827 60.582848846912384 89.276573315262794 27.479236513376236 27.756141543388367 148.69627064466476 44.70824471116066 297.96813142299652 630.70050176978111
leaf_count=110 68 102 145 431 53 59 59 284 315 152 118 244 95 119 1687 41 101 258 77 108 146 168 87 166 34 62 274 90 487 949
internal_value=0.00102682 -0.00115886 0.00349892 0.00273039 -0.00212871 0.00151929 0.0182722 -0.011332 -0.00340956 0.00567002 0.0129869 -0.00172311 0.00753813 0.000990519 0.00543502 0.0211964 0.000297357 0.00377334 0.0126029 -0.00241615 0.00356242 0.0136367 -0.00260754 -0.0102106 -0.00436248 -0.00333189 -0.00408427 -0.00233982 -0.00344273 -0.00436428
internal_weight=4466.99 2370.84 2096.15 1997.06 718.476 512.872 83.1664 205.605 1785.63 585.208 252.242 429.706 196.4 138.601 1278.58 74.897 332.966 275.657 134.895 1658.31 407.275 154.693 252.582 149.859 1251.03 1177.31 1149.83 1001.13 956.425 928.669
internal_count=7089 4018 3071 2926 1130 793 118 337 2988 1030 442 675 332 214 1796 109 588 487 229 2673 669 270 399 253 2004 1896 1862 1588 1498 1436
cat_boundaries=0 1 2 3
cat_threshold=41537 477319 2
is_linear=0
shrinkage=0.05


Tree=115
num_leaves=31
num_cat=3
split_feature=96 17 18 49 33 31 96 25 99 5 5 94 71 37 28 85 25 73 65 65 30 34 17 38 24 65 17 33 57 47
split_gain=12.3756 11.9575 14.0878 9.34781 9.66959 8.68817 15.0123 11.9983 10.6023 8.40643 7.9055 15.9244 13.4601 15.4207 10.809 11.8136 11.5797 10.6638 10.3346 10.0114 12.8781 12.4294 9.58789 9.53462 9.38402 9.26989 9.39537 8.93764 8.76728 8.73967
threshold=112.24489795918369 0.66317229372884545 0.73550867857595348 0.7114513800069594 40.000000000000121 165.00000000000003 226.98412698412702 802.60000000000002 -23.591133786848086 0.78888888888888908 0.62828947368421062 1295.7647392290253 103.72500000000001 595.00000000000011 95.430000000000021 -20.900662311411647 1110.2850000000001 112.96000000000002 0 1 0.62338937869060251 4125.0000000000009 0.58676909874276595 4490.0800000000008 241.89000000000001 2 0.59170668417036643 115.00000000000001 0.95923522670722117 0.18901514285171103
decision_type=2 2 2 2 2 2 2 2 2 2 2 2 2 2 2 2 2 2 1 1 2 2 2 2 2 1 2 2 2 2
left_child=-1 3 -3 10 -5 -4 -7 8 -8 -9 11 14 -13 -14 18 25 17 24 -2 20 -12 -21 -23 -15 27 -16 -27 -17 -19 -20
right_child=1 2 5 4 -6 6 7 9 -10 -11 19 12 13 23 15 16 -18 28 29 21 -22 22 -24 -25 -26 26 -28 -29 -30 -31
leaf_value=0.73895655742213373 -0.018293166663741544 -1.6881912837218196 0.33263487622669108 0.26433293517875711 -0.27140062559701195 -0.86349129628853383 0.0019085650631851083 -0.12963973205008869 0.45079500061310684 1.8543281536555711 -0.38759554806044894 -3.1331028075573175 -1.7193343168577131 -1.421084676082957 0.21059804249384514 0.043138017894230531 -2.5460333533375987 -0.0043813531125859841 0.39829239562009211 0.23308483647400635 0.38589310180015701 -1.1532508787379869 0.31351828497179501 0.28263939152447792 -0.61633597053841394 -0.35876938946816567 0.48523633322771542 -0.12124312423299771 0.90582748986226713 0.052339499320204652
leaf_weight=48.967040300369263 672.44124731421471 28.294832929968834 78.082891792058945 35.596352055668831 217.47803092002869 37.917489022016525 52.213358908891678 153.79235701262951 84.373215049505234 31.151451528072357 31.831090778112411 60.766187652945518 135.28730452060699 36.556838303804398 166.18302093446255 184.1643333286047 62.357190132141113 42.19704857468605 174.5036047399044 406.57501365244389 44.799255177378654 41.881354793906212 19.666653797030449 75.079483479261398 47.80297839641571 66.415743753314018 29.414730474352837 606.27319511771202 29.852340698242188 726.80783557891846
leaf_count=79 1036 58 106 50 299 54 69 293 114 65 52 159 286 80 243 281 138 53 245 833 79 102 39 156 74 97 50 816 64 970
internal_value=0.000633182 0.000353709 0.00792658 -0.000547594 -0.00984123 0.0101378 0.00685389 0.0103629 0.0216021 0.00206243 9.48738e-05 -0.000876614 -0.0116753 -0.00648741 0.000306486 -0.00319561 -0.00573408 -0.00430619 0.00305399 0.00565199 -0.0103791 0.00832021 -0.0124422 0.00726779 -0.00589279 0.00622771 -0.00609073 -0.0045918 0.0141527 0.00651228
internal_weight=4428.72 4379.76 465.826 3913.93 253.074 437.531 359.448 321.53 136.587 184.944 3660.86 3116.1 307.69 246.924 2808.41 1234.66 972.647 910.29 1573.75 544.753 76.6303 468.123 61.548 111.636 838.241 262.013 95.8305 790.438 72.0494 901.311
internal_count=7040 6961 759 6202 349 701 595 541 183 358 5853 4748 681 522 4067 1816 1426 1288 2251 1105 131 974 141 236 1171 390 147 1097 117 1215
cat_boundaries=0 1 2 3
cat_threshold=317712 66688 487748
is_linear=0
shrinkage=0.05


Tree=116
num_leaves=31
num_cat=4
split_feature=49 98 35 3 22 76 27 65 102 59 19 38 17 56 37 36 59 33 19 71 5 95 65 39 89 65 18 36 38 5
split_gain=8.17608 8.5691 7.74713 13.2426 12.764 15.3247 11.986 14.566 12.9256 11.109 9.83609 11.6847 10.433 9.46906 8.98147 8.87498 8.53847 9.33181 8.45174 11.0303 9.09409 23.9645 11.7642 13.7463 10.7487 10.4547 9.79119 12.6938 16.2182 11.92
threshold=0.72558110091122163 636.05442176870758 495.00000000000006 0 4780.4648526077099 1147.0700000000004 5.9350000000000014 1 1.0000000180025095e-35 0.016288136220524253 321.33928571428572 1640.0000000000002 0.57748974176410617 0.95391152340363072 455.00000000000006 405.00000000000006 0.014031763836321451 425.00000000000006 811.00000000000034 327.60500000000008 0.56696428571428581 1550.5700000000002 2 4110.0800000000008 0.79516317016317017 3 0.81712688302157399 375.00000000000028 4551.3050000000012 0.34848484848484851
decision_type=2 2 2 9 2 2 2 1 2 2 2 2 2 2 2 2 2 2 2 2 2 2 1 2 2 1 2 2 2 2
left_child=2 -2 6 4 5 -4 9 8 -8 16 -10 12 -12 15 -7 -6 17 -1 19 20 21 26 23 24 -22 -23 -5 28 29 -28
right_child=1 -3 3 18 13 14 7 -9 10 -11 11 -13 -14 -15 -16 -17 -18 -19 -20 -21 22 25 -24 -25 -26 -27 27 -29 -30 -31
leaf_value=0.20212211527455015 -0.48790482898784887 -0.041875697650348091 -0.073470279812279674 0.091582148573861849 -0.66649577323851261 -1.2053252694902434 0.13440484815552339 0.25246907156708431 0.39410864204366763 -0.08905403088330105 -0.5526234119300043 0.10709056754759212 -0.078024177283626275 0.46519065272044813 -3.5615117698670433 0.31514029420825196 0.51048512281135638 -0.15592747017876124 1.6529906398739755 -1.1563902529949943 1.8073094640616079 -0.18596552911173331 0.0139957746600345 -0.014129708400234621 0.27834931627683235 -2.8118957943227452 -0.35924633626952984 0.049722524354194421 1.1838280573245983 0.71358157402755618
leaf_weight=44.309118539094925 80.375171780586243 185.16265197098255 322.27110114693642 772.84274935722351 43.337987869977951 92.645068258047104 171.98701854050159 230.85199449956417 24.971850991249084 257.45686143636703 48.709923446178436 39.758612498641014 89.692003041505814 105.83555936813354 60.227859541773796 34.140567168593407 41.494079023599625 38.960740059614182 32.81817339360714 74.303954169154167 88.028027847409248 211.47718389332294 320.19781528413296 62.891318425536156 43.152169033885002 108.34519298374653 268.69722710549831 508.78179132938385 26.012308716773987 26.090725138783455
leaf_count=58 114 255 499 1144 64 173 237 330 33 341 61 53 115 183 138 49 52 46 48 165 188 450 622 127 108 224 415 672 37 61
internal_value=0.00016281 -0.00834538 0.000701973 -0.00049235 -0.00675489 -0.0111815 0.00457201 0.00894539 0.00250091 -0.00236154 -0.00597262 -0.0100918 -0.0169549 0.00435016 -0.0242191 -0.00893145 0.00988344 0.000649978 0.00115083 0.000825848 0.00140458 -0.000175413 0.00731032 0.016638 0.0267093 -0.0126718 0.00231869 -0.00145368 -0.00924273 -0.0125823
internal_weight=4455.83 265.538 4190.29 3202.1 658.458 475.144 988.192 605.971 375.119 382.221 203.132 178.161 138.402 183.314 152.873 77.4786 124.764 83.2699 2543.64 2510.82 2436.52 1922.25 514.269 194.072 131.18 319.822 1602.42 829.582 320.8 294.788
internal_count=7062 369 6693 5367 1106 810 1326 829 499 497 262 229 176 296 311 113 156 104 4261 4213 4048 3003 1045 423 296 674 2329 1185 513 476
cat_boundaries=0 1 2 3 4
cat_threshold=1072 110750 225299 47446
is_linear=0
shrinkage=0.05


Tree=117
num_leaves=31
num_cat=3
split_feature=28 45 28 35 38 43 75 65 46 17 65 65 101 74 59 62 50 35 18 59 58 17 99 106 99 94 104 74 38 101
split_gain=9.6799 9.04625 8.86318 8.43759 9.13743 8.26391 10.7796 8.83524 8.59824 8.54208 12.3742 7.90788 17.1703 10.7794 8.23915 8.36786 7.70409 7.65154 7.51243 7.93452 9.32055 9.21176 9.89489 8.11118 7.53676 9.45387 7.49659 7.35782 7.24694 7.10371
threshold=205.10500000000002 -365.75999999999993 71.77000000000001 3625.0000000000005 4404.6350000000011 15.790000000000079 364.67500000000001 0 0.51959160770493451 0.66543859681056017 1 2 0.8002613547938684 200.33000000000001 0.010353347252669053 1.0000000180025095e-35 0.10542479459454711 2725.0000000000005 0.59213885711059977 0.032526035465294763 0.029488209507750853 0.49114137817132386 -42.144489795918354 0.15000000000000005 -22.889965986394426 157.64225623582769 0.65049356791913715 301.67500000000007 3395.0000000000005 0.8214878152607612
decision_type=2 2 2 2 2 2 2 1 2 2 1 1 2 2 2 2 2 2 2 2 2 2 2 2 2 2 2 2 2 2
left_child=2 -2 3 4 -1 8 -7 -8 -4 11 29 12 13 -10 15 17 -12 28 -15 20 23 -22 -23 -20 -24 -26 -3 -16 -14 -11
right_child=1 26 5 -5 -6 6 7 -9 9 10 16 -13 14 18 27 -17 -18 -19 19 -21 21 22 24 -25 25 -27 -28 -29 -30 -31
leaf_value=0.088613552032467888 -1.3823468148160707 0.15431488640636959 0.58654312120658003 -0.17143092309801489 0.93743917242971131 -0.70855420061394381 -0.63687461581840599 0.2219705992543638 0.48016594062666124 0.4453659706219904 -0.039258796396244126 -0.016560211945802907 0.14549465237524153 -0.10244064888609508 0.021740345585126875 0.30892598941127986 0.29599341459877593 0.69884638665157017 0.98681074845038097 0.34900737331071668 0.76186282212689072 -0.41026724863476077 0.67240108651928532 0.012694493314487687 0.37509050611839573 -0.18855695380042248 -0.38892861116617433 -0.38609937011264961 -0.4277451687399566 0.33505854602590834
leaf_weight=113.45213191211224 31.346662163734436 45.193857431411743 91.257303059101105 43.368575364351273 88.847349584102631 34.693498685956001 50.924170196056366 86.621725663542747 40.666293948888779 85.66844254732132 186.40983344614506 2605.8865491002798 30.930505782365799 38.573403030633926 29.638200834393501 43.750446289777756 45.336625516414642 25.062200158834457 71.527018204331398 58.524364978075027 47.457137688994408 44.453919529914856 35.485173672437668 47.610527575016022 28.844720721244812 94.461677759885788 30.520272433757782 140.17075805366039 91.614281356334686 47.929062560200691
leaf_count=194 60 82 188 109 173 61 107 199 83 130 294 3944 47 59 53 60 64 60 97 84 63 59 52 73 39 137 47 224 151 93
internal_value=0.000403641 -0.0144492 0.000769265 0.00999423 0.0142846 0.000216985 -0.0105028 -0.00422068 0.000686648 0.000326171 0.0075988 -0.000438511 0.00366804 0.00963948 -0.00462302 0.00249101 0.000177721 -0.00320135 0.00748921 0.00939234 0.00668536 0.00121358 -0.00341771 0.0181997 0.00241951 -0.00342408 -0.00509738 -0.0126398 -0.00834953 0.0190338
internal_weight=4456.23 107.061 4349.17 245.668 202.299 4103.5 172.239 137.546 3931.26 3840 365.344 3474.66 868.771 507.604 361.166 191.357 231.746 147.607 466.938 428.365 369.84 250.703 203.245 119.138 158.792 123.306 75.7141 169.809 122.545 133.598
internal_count=7086 189 6897 476 367 6421 367 306 6054 5866 581 5285 1341 746 595 318 358 258 663 604 520 350 287 170 228 176 129 277 198 223
cat_boundaries=0 1 2 3
cat_threshold=180624 77066 100865
is_linear=0
shrinkage=0.05


Tree=118
num_leaves=31
num_cat=2
split_feature=36 97 30 3 97 65 22 62 72 74 89 33 26 57 36 37 45 91 72 96 71 96 24 75 43 34 73 25 4 43
split_gain=8.59739 13.7669 10.3514 7.91047 16.2589 14.0685 13.8705 14.4432 16.7763 12.7474 12.4521 12.31 10.5184 10.1789 9.92557 10.7097 10.3497 9.59242 15.9 9.71395 9.82746 21.2186 12.2976 12.1471 20.4593 10.829 12.5687 14.5829 12.0502 12.1735
threshold=695.00000000000011 251.92743764172334 0.45633415854660259 0 760.77097505668951 1 4789.115646258505 1.0000000180025095e-35 121.16500000000001 627.22500000000014 0.74849397590361455 2070.0000000000005 99.00500000000001 0.62261263887782547 365.00000000000006 135.00000000000003 119.89500000000005 0.046693313953488358 220.77500000000003 162.13151927437642 76.15000000000002 1339.4557823129255 294.78000000000003 430.54500000000007 1.0000000180025095e-35 785.00000000000011 627.1400000000001 2124.7000000000003 6.5000000000000009 -228.04999999999995
decision_type=2 2 2 9 2 1 2 2 2 2 2 2 2 2 2 2 2 2 2 2 2 2 2 2 2 2 2 2 2 2
left_child=3 -2 -3 4 6 -6 7 8 -1 14 -9 17 -7 -11 16 -16 -10 19 -19 -5 21 22 23 24 -21 -22 -27 -28 29 -29
right_child=1 2 -4 11 5 12 -8 10 9 13 -12 -13 -14 -15 15 -17 -18 18 -20 20 25 -23 -24 -25 -26 26 27 28 -30 -31
leaf_value=-0.087160594936274552 -0.51079352717866378 1.7042924547175631 0.22127270073363833 0.37286853712667067 -1.943712228147227 -0.43193336958542616 0.054540061340597391 -0.47056609398654248 0.076504392560480028 0.13684322766307686 0.045961200763450984 0.99156602922435833 0.97482036732043975 -0.62974755507216007 0.062420551775153536 0.88751835560002135 -0.19430811228206296 0.68382740318478885 -0.02381950031424367 -0.0059954402512737209 0.48273328551859013 -2.9131360060477762 -0.78010161501354514 1.5792898014314269 -0.67312649058324669 -1.140112793647259 0.51305251484446757 -0.57649197269278862 0.61636758103249756 0.019326352691658145
leaf_weight=67.901459068059921 24.828328520059586 48.741154432296753 160.36750906705856 84.345456212759018 111.82378016412258 28.39847868680954 290.18977375328541 153.58745084702969 163.1274881362915 33.06298291683197 36.075534790754318 26.003778144717216 42.208426430821419 53.13250532746315 50.455678462982178 54.003122866153717 54.028095602989197 52.733932018280029 53.201338320970535 1790.5245482027531 132.90977258980274 71.464423954486847 44.759009927511215 57.95170584321022 35.013411208987236 82.143656522035599 190.11780074238777 92.617500558495522 89.541518226265907 293.3061438947916
leaf_count=85 31 79 371 125 232 44 369 199 231 47 45 63 95 77 64 70 69 83 93 2396 270 186 59 100 57 173 403 180 197 616
internal_value=0.000149928 0.00948091 0.0136604 -0.000365551 -0.0039107 -0.0176232 -0.00133371 -0.00531198 -0.00066053 0.00317087 -0.0169787 0.00094684 0.00156445 -0.0139048 0.0077473 0.0204119 0.0016552 0.000659791 0.0154437 0.000131527 -0.000358236 -0.00229636 -0.00130483 -0.000689289 -0.00140471 0.00404279 0.00170517 0.00398252 -0.000697445 -0.0045316
internal_weight=4468.57 233.937 209.109 4234.63 1137.99 182.431 955.564 665.374 475.711 407.81 189.663 3096.63 70.6069 86.1955 321.614 104.459 217.156 3070.63 105.935 2964.69 2880.35 1999.71 1928.25 1883.49 1825.54 880.636 747.727 665.583 475.465 385.924
internal_count=7109 481 450 6628 1627 371 1256 887 643 558 244 5001 139 124 434 134 300 4938 176 4762 4637 2798 2612 2553 2453 1839 1569 1396 993 796
cat_boundaries=0 1 2
cat_threshold=1068 156108
is_linear=0
shrinkage=0.05


Tree=119
num_leaves=31
num_cat=4
split_feature=29 72 70 76 105 42 104 37 37 101 53 72 77 94 67 65 99 29 65 17 101 76 46 50 89 47 28 22 16 17
split_gain=10.0085 9.54539 7.93019 10.0162 8.92748 11.6226 10.6174 10.6651 8.6081 9.51368 8.75616 8.29597 10.6726 8.26271 10.5385 12.4696 12.0533 11.012 10.7785 11.2789 11.1714 10.7011 10.2195 9.95248 9.41489 9.41209 8.90316 14.2516 11.9516 8.90439
threshold=212.20000000000002 321.25000000000006 0 885.48000000000013 0.24500000000000002 75.000000000000014 0.97334169976541085 75.000000000000014 535.00000000000011 0.94385210107401718 -15.890230151651114 311.94000000000011 0.77039680566958424 3382.7845804988669 1 2 48.180238095238288 137.30000000000004 3 0.53504232857501954 0.24405812970935684 1226.9600000000003 0.94505693279035452 0.034780511476246008 0.021054964539007053 0.026692878469274053 79.580000000000027 4986.1791383219961 0.21111111111111114 0.52378421663035302
decision_type=2 2 9 2 2 2 2 2 2 2 2 2 2 2 9 1 2 2 1 2 2 2 2 2 2 2 2 2 2 2
left_child=2 -2 4 -4 5 -1 7 -7 9 -8 -11 12 -10 14 16 17 18 -16 19 -9 -20 22 -17 24 -18 -22 -23 -28 29 -29
right_child=1 -3 3 -5 -6 6 8 13 11 10 -12 -13 -14 -15 15 21 23 -19 20 -21 25 26 -24 -25 -26 -27 27 28 -30 -31
leaf_value=1.3557499560876254 -0.16769791130702494 0.62071962614296017 -0.078533218036519525 0.40613628401975355 0.19064437544608098 -0.25477972811186023 0.029031664926952774 -0.28696363307813083 -0.070975458558227886 0.23260079937091904 -0.45577680425893363 1.5117855917927032 0.33130762913425615 -0.36142624269628953 0.94823564259178639 0.43269671186298242 -0.20407475618424106 0.03298578152155969 0.66999998553554951 0.31559369542352872 -0.48145996185369389 0.28234605529951579 -0.51965032062339844 0.097850188717477957 -1.2316050703137535 -0.018056959287670794 -0.46940931250126711 0.042115145576498494 -1.6709458281723089 2.974292402507122
leaf_weight=22.304603666067123 544.70606607198715 43.779192730784416 61.588130980730057 151.92316371202469 209.38676364719868 104.81492590904236 559.00561618804932 38.291069447994232 93.064247697591782 35.616149187088013 77.042417868971825 28.98281766474247 219.09684370458126 122.09388190507889 166.02422076463699 118.23210807144642 90.659108817577362 110.93360807001591 39.633052825927734 141.32659667730331 73.296365290880203 116.976169526577 31.971849203109741 37.321780934929848 41.644844800233841 771.45557588338852 301.57861714065075 60.242551028728485 22.20600438117981 37.237989708781242
leaf_count=37 787 85 84 240 359 181 766 53 139 49 122 44 356 280 304 282 141 180 55 193 102 243 54 57 65 1051 548 120 52 76
internal_value=0.000217655 -0.00585882 0.00113835 0.010283 0.000576812 -2.81378e-05 -0.000261491 -0.00205665 0.00403838 0.000753253 -0.0125022 0.0105063 0.00813051 -0.00135216 -0.00064923 0.00326351 -0.00371123 0.0120016 -0.00173787 0.0091343 -0.00400401 -0.000419991 0.0113743 -0.0160894 -0.022522 -0.00526649 -0.00371917 -0.00710781 0.00749049 0.0150316
internal_weight=4472.44 588.485 3883.95 213.511 3670.44 3461.05 3438.75 2425.94 1012.81 671.664 112.659 341.144 312.161 2321.13 2199.03 965.403 1233.63 276.958 1064 179.618 884.385 688.445 150.204 169.626 132.304 844.752 538.241 421.265 119.687 97.4805
internal_count=7105 872 6233 324 5909 5550 5513 4037 1476 937 171 539 495 3856 3576 1859 1717 484 1454 246 1208 1375 336 263 206 1153 1039 796 248 196
cat_boundaries=0 1 2 3 4
cat_threshold=49 1 73924 35336
is_linear=0
shrinkage=0.05


Tree=120
num_leaves=31
num_cat=3
split_feature=17 24 58 29 46 59 33 65 37 56 16 18 37 3 19 95 98 98 102 56 76 24 98 45 49 54 51 59 62 65
split_gain=8.76042 7.76616 7.76432 10.7779 9.73161 9.46866 8.65132 9.61755 9.69761 7.95678 8.21458 9.39389 13.1183 7.5316 11.1895 9.05763 8.84735 10.5299 7.28997 7.03904 7.03798 8.03528 7.85455 7.67042 7.17783 8.49621 9.64592 9.73387 8.87782 13.1354
threshold=0.66647996681902377 327.92000000000007 0.023817399987029503 14.000000000000009 0.7700568807195497 0.025568178747699004 945.00000000000011 0 615.00000000000011 0.64037253211956369 0.24038461538461539 0.74803632865317671 415.00000000000006 1 678.67750000000012 922.06500000000017 636.05442176870758 361.67800453514752 0.19523809523809524 0.85221242306853096 3569.0400000000004 132.53500000000003 226.98412698412702 -383.90499999999992 0.72558110091122163 -25.658285461886596 0.76462095025007526 0.027850344964314652 1.0000000180025095e-35 2
decision_type=2 2 2 2 2 2 2 1 2 2 2 2 2 9 2 2 2 2 2 2 2 2 2 2 2 2 2 2 2 1
left_child=2 13 3 4 -1 -6 7 -5 19 -4 20 -12 -13 18 15 16 17 -15 -2 -9 21 -11 -23 -24 25 -25 27 -27 29 -28
right_child=1 -3 9 6 5 -7 -8 8 -10 10 11 12 -14 14 -16 -17 -18 -19 -20 -21 -22 22 23 24 -26 26 28 -29 -30 -31
leaf_value=0.88120915680645318 0.18111215667377698 -0.57299875030375635 0.13302964307871826 -0.10102256064610488 0.30059362646898757 -0.28638124431101203 1.9853746038885671 -0.3641327622012952 0.58972132590289161 -0.1333027097445921 -0.50403130333751422 -0.20904945773131234 0.081123840959793372 0.58632983080894052 0.38753725002683731 -2.1885309135325608 0.27873432390710778 -0.15218427668049694 0.49704800077352884 0.021875522858793774 -0.36438703292558472 -0.23274225993241374 -1.170024816798066 0.043063612820365554 -0.10121193040279373 -0.09270021480616962 -0.75888943148975663 0.095817500620491103 0.14689153908512084 0.033417973348348083
leaf_weight=38.738782569766045 100.01750715076923 37.555164441466331 115.08863858878613 312.59055258333683 111.28630039095879 40.792229488492012 42.386299043893814 33.444720089435577 122.83920906484127 37.479135870933533 37.075756266713142 54.639613941311836 42.865941941738129 30.490247547626495 45.594338938593864 32.503728434443474 36.39300337433815 59.097356379032135 83.971941441297531 361.52111209928989 104.58454710245132 96.444095283746719 27.001644462347031 904.89194688200951 181.6610364317894 821.74232153594494 64.449503600597382 51.826765730977058 116.36972357332706 354.60470053553581
leaf_count=69 172 83 181 500 169 54 94 55 224 75 53 81 66 42 64 84 45 80 130 586 232 128 49 1346 248 1250 110 73 169 602
internal_value=0.000110921 0.00693657 -0.000602119 0.0030702 0.0138346 0.00813571 0.00071676 -0.000407919 0.00375896 -0.00189944 -0.00241188 -0.0144743 -0.0063286 0.00903764 0.00186702 -0.00432118 0.00175036 -0.00669484 0.0160191 1.55605e-05 -0.00182393 -0.00132304 -0.000994081 -0.000458677 -0.000171881 0.000579471 -0.00184857 -0.0050874 0.00343573 4.29211e-05
internal_weight=4499.95 425.623 4074.32 1063.6 190.817 152.079 872.782 830.396 517.805 3010.73 2895.64 134.581 97.5056 388.068 204.079 158.484 125.981 89.5876 183.989 394.966 2761.06 2656.47 2618.99 2522.55 2495.55 2313.88 1408.99 873.569 535.424 419.054
internal_count=7114 700 6414 1751 292 223 1459 1365 865 4663 4482 200 147 617 315 251 167 122 302 641 4282 4050 3975 3847 3798 3550 2204 1323 881 712
cat_boundaries=0 1 2 3
cat_threshold=151760 520 66112
is_linear=0
shrinkage=0.05


Tree=121
num_leaves=31
num_cat=1
split_feature=17 19 94 76 34 5 42 96 22 65 76 45 37 18 25 55 52 37 23 38 37 4 42 57 16 37 51 45 52 28
split_gain=10.4335 9.45583 8.67507 11.3151 11.79 10.1327 8.44193 8.10838 10.899 10.8435 11.0504 13.2423 10.69 10.4871 12.1802 10.2382 9.56853 17.3774 9.42157 13.1422 14.1428 9.25095 16.7383 12.185 11.8816 10.4136 9.26827 8.77874 8.576 8.77141
threshold=0.66543859681056017 770.08500000000015 477.63500000000005 609.36000000000013 355.00000000000006 0.78888888888888908 75.000000000000014 4075.7369614512477 5675.3401360544221 0 498.05000000000001 224.23500000000004 75.000000000000014 0.92819693059745878 731.82000000000005 0.14564393939393935 161.81456916099788 175.00000000000003 518.0350000000002 985.00000000000011 515.00000000000011 1.5000000000000002 1205.0000000000002 0.57139249609695419 0.21111111111111114 585.00000000000011 0.0057384614510221513 212.55000000000004 335.40735827664423 105.38500000000001
decision_type=2 2 2 2 2 2 2 2 2 1 2 2 2 2 2 2 2 2 2 2 2 2 2 2 2 2 2 2 2 2
left_child=6 2 3 -2 -5 -4 -1 8 9 10 11 -8 -11 28 -15 18 -14 27 -10 -20 -21 22 23 26 -25 -23 -22 -18 29 -12
right_child=1 -3 5 4 -6 -7 7 -9 15 12 13 -13 16 14 -16 -17 17 -19 19 20 21 25 -24 24 -26 -27 -28 -29 -30 -31
leaf_value=0.89511137406249175 -0.07429050339105317 0.78259995982949138 -0.47303903798701907 0.1370787976037196 0.52478245238577514 1.7111833572036232 0.2696500923391511 -0.5021620034872285 0.28525537593901051 -0.59387310253043213 0.0087197971150001063 -0.14263146409439573 -0.016341880783831187 1.1438126385700387 0.10022670348403935 -0.33835716965545687 0.029409658611244539 -0.24702922380527215 -0.40628962559378795 -0.53106546059371029 -0.2870486244697622 -0.0030341544474026707 -0.31248904089836388 0.59474424135595216 -0.036300426218840443 1.6055499010434098 0.048837204244395596 -0.50482149302130208 -0.45901107773201666 -0.20362503469774362
leaf_weight=27.019855260848999 27.326347351074219 28.775514453649521 145.70048816502094 146.91339349746704 50.95820552110672 28.626453325152397 98.804447069764137 79.80681899189949 90.848179042339325 64.94676499068737 877.70172023773193 33.510420471429825 791.36426483094692 46.568357050418854 131.99907270073891 24.498646825551987 216.41093164682388 244.0288250297308 37.146789848804474 85.561522737145424 51.037758231163025 54.70121206343174 182.50471286475658 209.44377674162388 51.952173754572868 120.33265791833401 112.20301440358162 47.629783019423485 119.33182016015053 210.71730099618435
leaf_count=41 35 43 292 210 69 61 210 182 126 121 1233 54 1294 68 191 38 326 376 45 191 67 102 346 295 68 259 143 64 154 343
internal_value=4.70018e-05 0.00746479 0.00547097 0.0119534 0.0161184 -0.00290306 -0.000745263 -0.000934214 -0.000611635 -0.00218336 0.000734297 0.0145449 -0.00539671 -0.000578536 0.0107312 0.00382982 -0.00444681 -0.0098016 0.00461547 0.0030744 0.00432114 0.00643235 0.00351272 0.00895536 0.0156486 0.0165597 -0.00176252 -0.000911925 -0.0022507 -0.000855601
internal_weight=4438.37 428.3 399.525 225.198 197.872 174.327 4010.07 3983.05 3903.24 2883.01 1518.63 132.315 1364.38 1386.32 178.567 1020.23 1299.43 508.07 995.732 904.884 867.737 782.175 607.141 424.637 261.396 175.034 163.241 264.041 1207.75 1088.42
internal_count=7047 710 667 314 279 353 6337 6296 6114 4434 2253 264 2181 1989 259 1680 2060 766 1642 1516 1471 1280 919 573 363 361 210 390 1730 1576
cat_boundaries=0 1
cat_threshold=127491
is_linear=0
shrinkage=0.05


end of trees

feature_importances:
vowel_class=249
base_cut_gap=166
wav_duration_ms=142
row_ratio_in_wav=127
syllable_start_ms=112
tail_patch_energy_mean=89
base_cons_gap=83
base_cutoff_abs=79
file_mean_syllable_dur_ms=78
next_base_offset=78
syllable_end_ms=74
valley_dist_from_cutoff_ms=72
file_mean_energy=69
base_cutoff_to_next_anchor_ms=64
voicing_class=64
file_voiced_ratio=63
next_base_pre=61
curr_vowel_start_ms=58
next_base_cutoff_abs=58
base_cons=57
base_ovl=56
syllable_len_ms=56
mel_voiced_onset_ms=55
onset_patch_energy_mean=55
base_offset=54
f0_voicing_mean=53
curr_phone_start_ms=51
zcr_mean=51
curr_vowel_end_ms=48
f0_voicing_near_pre=46
spectral_flux_mean=46
bridge_type=45
words_vs_alias_score_margin=44
curr_vowel_len_ms=42
db_min=42
base_pre=40
base_pre_to_expected_ms=40
energy_min=40
db_mean=40
base_offset_to_expected_ms=39
prev_base_pre=38
next_alias_type=36
mel_offset_candidate_ms=36
prev_base_offset=34
mel_vowel_nucleus_end_ms=33
curr_phone_len_ms=31
energy_mean=29
prev_alias_type=29
row_index_in_wav=28
energy_slope_pre=28
expected_anchor_ms=27
mel_cutoff_candidate_ms=27
mel_voiced_onset_to_pre_ms=27
alias_group=26
mapping_confidence=26
curr_phone_end_ms=25
alias_type=24
file_cv_ratio=24
energy_slope_post=24
file_row_count=22
file_cv_count=22
base_ovl_ratio=22
is_tense=20
mel_voiced_formant_ratio=20
db_silence_ratio=18
tail_patch_silence_ratio=17
onset_class=16
onset_patch_unvoiced_ratio=16
file_vc_cv_ratio=13
prev_base_cutoff_abs=13
used_exact_vowel_fix=13
mel_vowel_nucleus_start_ms=13
file_cv_vc_balance=12
syllable_blank_confidence=12
file_vcv_count=10
energy_max=10
mel_unvoiced_diffuse_ratio=8
onset_patch_voiced_ratio=7
mel_window_energy_mean=6
valley_energy=5
local_peak_db=5
mel_silence_sparse_ratio=5
blank_span_confidence=5
local_valley_db=4
mel_window_silence_ratio=3
mora_position=2
file_vc_count=1
next_phone_gap_ms=1
syllable_mel_silence_conf=1

parameters:
[boosting: gbdt]
[objective: regression_l1]
[metric: l1]
[tree_learner: serial]
[device_type: cpu]
[data_sample_strategy: bagging]
[data: ]
[valid: ]
[num_iterations: 500]
[learning_rate: 0.05]
[num_leaves: 31]
[num_threads: 0]
[seed: 0]
[deterministic: 0]
[force_col_wise: 0]
[force_row_wise: 0]
[histogram_pool_size: -1]
[max_depth: -1]
[min_data_in_leaf: 40]
[min_sum_hessian_in_leaf: 0.001]
[bagging_fraction: 0.85]
[pos_bagging_fraction: 1]
[neg_bagging_fraction: 1]
[bagging_freq: 1]
[bagging_seed: 3]
[bagging_by_query: 0]
[feature_fraction: 0.85]
[feature_fraction_bynode: 1]
[feature_fraction_seed: 2]
[extra_trees: 0]
[extra_seed: 6]
[early_stopping_round: 0]
[early_stopping_min_delta: 0]
[first_metric_only: 0]
[max_delta_step: 0]
[lambda_l1: 0]
[lambda_l2: 0]
[linear_lambda: 0]
[min_gain_to_split: 0]
[drop_rate: 0.1]
[max_drop: 50]
[skip_drop: 0.5]
[xgboost_dart_mode: 0]
[uniform_drop: 0]
[drop_seed: 4]
[top_rate: 0.2]
[other_rate: 0.1]
[min_data_per_group: 100]
[max_cat_threshold: 32]
[cat_l2: 10]
[cat_smooth: 10]
[max_cat_to_onehot: 4]
[top_k: 20]
[monotone_constraints: ]
[monotone_constraints_method: basic]
[monotone_penalty: 0]
[feature_contri: ]
[forcedsplits_filename: ]
[refit_decay_rate: 0.9]
[cegb_tradeoff: 1]
[cegb_penalty_split: 0]
[cegb_penalty_feature_lazy: ]
[cegb_penalty_feature_coupled: ]
[path_smooth: 0]
[interaction_constraints: ]
[verbosity: -1]
[saved_feature_importance_type: 0]
[use_quantized_grad: 0]
[num_grad_quant_bins: 4]
[quant_train_renew_leaf: 0]
[stochastic_rounding: 1]
[linear_tree: 0]
[max_bin: 255]
[max_bin_by_feature: ]
[min_data_in_bin: 3]
[bin_construct_sample_cnt: 200000]
[data_random_seed: 1]
[is_enable_sparse: 1]
[enable_bundle: 1]
[use_missing: 1]
[zero_as_missing: 0]
[feature_pre_filter: 1]
[pre_partition: 0]
[two_round: 0]
[header: 0]
[label_column: ]
[weight_column: ]
[group_column: ]
[ignore_column: ]
[categorical_feature: 0,1,2,3,60,61,64,65,66,67,69,70,84]
[forcedbins_filename: ]
[precise_float_parser: 0]
[parser_config_file: ]
[objective_seed: 5]
[num_class: 1]
[is_unbalance: 0]
[scale_pos_weight: 1]
[sigmoid: 1]
[boost_from_average: 1]
[reg_sqrt: 0]
[alpha: 0.9]
[fair_c: 1]
[poisson_max_delta_step: 0.7]
[tweedie_variance_power: 1.5]
[lambdarank_truncation_level: 30]
[lambdarank_norm: 1]
[label_gain: ]
[lambdarank_position_bias_regularization: 0]
[eval_at: ]
[multi_error_top_k: 1]
[auc_mu_weights: ]
[num_machines: 1]
[local_listen_port: 12400]
[time_out: 120]
[machine_list_filename: ]
[machines: ]
[gpu_platform_id: -1]
[gpu_device_id: -1]
[gpu_use_dp: 0]
[num_gpu: 1]

end of parameters

pandas_categorical:[["korean"], ["vcv"], ["br", "cv", "cv_head", "mono", "vc", "vcv", "vv"], ["br_standalone", "cv", "cv_glide", "cv_head", "cv_head_glide", "mono", "vc_other", "vc_sonorant", "vc_stop", "vcv", "vv"], ["other", "plosive", "sibilant", "sonorant"], ["unknown", "voiced", "voiceless"], ["liquid", "nasal", "none", "other", "stop"], ["", "a", "e", "eo", "eu", "eui", "i", "o", "u", "ui", "wa", "we", "weo", "wi", "ya", "ye", "yeo", "yo", "yu"], ["head", "mid", "tail"], ["", "vc", "vcv", "vv"], ["", "cv", "cv_head", "mono", "vc", "vcv", "vv"], ["", "cv", "mono", "vc", "vcv", "vv"], ["unknown"]]
