tree
version=v4
num_class=1
num_tree_per_iteration=1
label_index=0
max_feature_idx=62
objective=regression_l1
feature_names=language format_type alias_type alias_group row_index_in_wav row_ratio_in_wav is_head_row is_tail_row wav_duration_ms base_offset base_cons base_cutoff_abs base_pre base_ovl base_cons_gap base_cut_gap base_ovl_ratio curr_phone_start_ms curr_phone_end_ms curr_phone_len_ms curr_vowel_start_ms curr_vowel_end_ms curr_vowel_len_ms syllable_start_ms syllable_end_ms syllable_len_ms prev_phone_gap_ms next_phone_gap_ms expected_anchor_ms base_offset_to_expected_ms base_pre_to_expected_ms base_cutoff_to_next_anchor_ms energy_mean energy_min energy_max energy_slope_pre energy_slope_post valley_energy valley_dist_from_cutoff_ms db_mean db_min db_silence_ratio f0_voicing_mean f0_voicing_near_pre zcr_mean spectral_flux_mean onset_class voicing_class is_tense is_diphthong coda_type vowel_class mora_position bridge_type is_nasal_or_sonorant prev_alias_type next_alias_type prev_base_pre next_base_pre prev_base_offset next_base_offset prev_base_cutoff_abs next_base_cutoff_abs
feature_infos=none none -1:3:1:2:4:0 -1:10:8:11:3:4:6:2:1:5:7:0 [0:13] [0:1] [0:1] [0:1] [999.90929705215422:13061.315192743765] [0:12640.18] [4.25:3878.6399999999999] [50:13007.74] [0:418.06999999999999] [0:315.48000000000002] [4.25:3878.6399999999999] [0:3548.04] [0:0.82456140350877194] [0:13030] [0:13061.32] [0:4770] [0:13030] [0:13061.32] [0:4770] [0:13030] [0:13061.32] [0:4770] [0:3440] [0:3440] [0:13030] [-4090:4133.3800000000001] [-4090:4440] [-3643.23:5290] [0:1] [0:1] [0:1] [-1:1] [-1:1] [0:1] [-17.954126984127015:3726.8390022675735] [-75.475340319105271:-7.6592828628777436] [-79.124420409333894:-10.413033969870073] [0:1] [0:1] [0:1] [0.0017088174982911001:0.53410981697171378] [0:0.15567324728320511] -1:2:1:3:0 -1:1:0:2 none none none -1:6:1:5:2:3:0:4 -1:1:0:2 -1:2:0:1:3 [0:1] -1:4:0:2:5:3:1 none [0:418.06999999999999] [0:418.06999999999999] [0:9105.0900000000001] [0:12640.18] [0:9656.5400000000009] [0:13007.74]
tree_sizes=2711 2792 2794 2781 2784 2807 2807 2852 2806 2810 2823 2830 2822 2860 2854 2833 2907 2844 2877 2897 2902 2884 2879 2834 2848 2878 2861 2868 2831 2821 2848 2892 2881 2859 2894 2875 2832 2887 2868 2842 2894 2879 2875 2904 2829 2845 2830

Tree=0
num_leaves=31
num_cat=5
split_feature=13 16 12 14 2 13 47 12 47 13 10 13 13 33 57 13 16 2 5 59 16 29 13 55 8 13 14 29 12 16
split_gain=11191.6 3031.55 1114.6 532.37 429.423 521.192 311.148 219.285 251.961 215.928 214.405 215.518 138.531 132.633 119.571 200.476 114.311 98.1974 91.5479 89.3771 83.0697 75.6249 69.7072 59.4386 71.9532 59.306 48.254 45.7424 43.3727 43.2081
threshold=126.61500000000002 0.4448112706082436 240.32500000000002 105.53500000000003 0 156.465 1 228.65000000000001 2 109.95500000000001 298.69000000000005 36.195000000000007 110.65500000000002 0.00014402216091230003 173.33500000000004 112.51500000000001 0.32537650119903805 3 0.16025641025641021 586.67000000000007 0.64535787994866511 -61.799999999999976 114.19500000000001 4 5280.7709750566901 27.865000000000006 6.0000000000000044 -91.164999999999978 85.890000000000015 0.62694213863237158
decision_type=2 2 2 2 1 2 1 2 1 2 2 2 2 2 2 2 2 1 2 2 2 2 2 1 2 2 2 2 2 2
left_child=1 7 3 14 5 29 28 8 16 -4 11 -8 -12 -11 23 21 -1 20 -14 -15 -13 26 -19 24 -3 -10 -16 -28 -5 -2
right_child=4 2 9 6 -6 -7 10 -9 25 13 12 17 18 19 15 -17 -18 22 -20 -21 -22 -23 -24 -25 -26 -27 27 -29 -30 -31
leaf_value=-25.850623679161071 -25.599373674392702 -26.93192367553711 -26.44422369003296 -26.383598661422731 -28.212148666381836 -28.875373649597169 -25.672648692131041 -25.856723690032958 -25.264173695445059 -26.316948699951173 -25.016073691844941 -26.705373668670653 -24.811873698234557 -25.974973678588867 -25.306373697519302 -26.770423698425294 -26.7788236618042 -26.067798709869386 -27.039473724365234 -26.768973684310915 -28.299348735809325 -25.332673692703246 -26.880473709106447 -24.621873712539674 -25.18047369532287 -25.92087368965149 -27.671673774719238 -26.187398672103882 -28.626373863220216 -28.269798755645752
leaf_weight=92 253 58 79 64 7710 319 212 7169 864 58 482 503 69 51 58 126 335 430 88 1490 268 357 94 1001 48 399 103 124 459 42
leaf_count=92 253 58 79 64 7710 319 212 7169 864 58 482 503 69 51 58 126 335 430 88 1490 268 357 94 1001 48 399 103 124 459 42
internal_value=-26.5024 -26.4767 -26.5034 -26.4906 -26.5489 -26.5081 -26.5049 -26.4579 -26.4741 -26.5383 -26.4965 -26.5068 -26.4722 -26.5422 -26.4702 -26.4853 -26.5073 -26.5144 -26.513 -26.545 -26.5256 -26.474 -26.4976 -26.4596 -26.4982 -26.4629 -26.4932 -26.5036 -26.5395 -26.4603
internal_weight=23405 15081 6222 4544 8324 614 2669 8859 1690 1678 2146 1507 639 1599 1875 768 427 1295 157 1541 771 642 524 1107 106 1263 285 227 523 295
internal_count=23405 15081 6222 4544 8324 614 2669 8859 1690 1678 2146 1507 639 1599 1875 768 427 1295 157 1541 771 642 524 1107 106 1263 285 227 523 295
cat_boundaries=0 1 2 3 4 5
cat_threshold=2 4 4 3 12
is_linear=0
shrinkage=1


Tree=1
num_leaves=31
num_cat=5
split_feature=13 16 10 58 2 16 13 2 31 18 47 19 19 29 13 57 13 16 13 3 13 33 13 59 17 3 16 10 13 10
split_gain=10634.9 3060.12 968.191 528.82 464.057 532.069 345.818 218.965 186.654 157.856 160.245 152.969 131.517 142.21 118.642 108.317 85.6409 81.8717 81.2991 81.0242 75.8381 73.0574 69.5106 56.2714 55.5987 53.6795 52.4296 52.372 50.9842 47.545
threshold=125.96500000000002 0.44367244814330475 343.46500000000009 227.12000000000003 0 0.6314113923718313 110.355 1 -281.57499999999976 1445.0000000000002 2 50.000000000000121 150.00000000000014 -176.39500000000007 46.505000000000003 49.190000000000005 128.13500000000002 0.46524419038488452 96.665000000000006 3 113.70500000000001 0.00046689698209435008 126.61500000000002 2679.5650000000005 1065.0000000000002 4 0.45535261077595174 279.66500000000008 26.080000000000002 388.88500000000005
decision_type=2 2 2 2 1 2 2 1 2 2 1 2 2 2 2 2 2 2 2 9 2 2 2 2 2 9 2 2 2 2
left_child=1 9 3 7 5 -2 26 14 23 10 18 19 -13 -14 -3 24 17 22 -1 -5 -17 -8 -6 -9 -15 -11 -4 -21 -27 -23
right_child=4 2 6 11 16 -7 21 8 -10 25 -12 12 13 15 -16 20 -18 -19 -20 27 -22 29 -24 -25 -26 28 -28 -29 -30 -31
leaf_value=-0.24805880546569822 0.85546869516372692 0.39023243308067318 0.064453720450401347 0.83518369913101198 -0.018488841056823802 -2.2527313327789309 0.18524745941162113 -0.14857884407043453 1.4292536848783495 0.65933618068695066 0.76878618717193603 -1.111381311416626 1.8410936760902405 -0.32070624351501459 -1.709657578468323 0.29836493015289317 -1.6358925819396974 -0.68789262771606452 0.64481117248535158 -0.19154944717884065 -0.38160136461257932 -0.26155131578445429 0.040107440948486332 1.6916736921668054 -1.3690813732147218 0.67753117442131039 -0.020546317696571316 1.624343686103821 -0.10945634603500363 0.17834870100021372
leaf_weight=253 293 111 167 205 44 342 41 223 1707 7249 679 557 152 196 160 446 7519 159 60 286 145 1384 61 42 230 387 44 82 71 41
leaf_count=253 293 111 167 205 44 342 41 223 1707 7249 679 557 152 196 160 446 7519 159 60 286 145 1384 61 42 230 387 44 82 71 41
internal_value=-0.000124272 0.0252313 -0.0015517 0.0104359 -0.0450582 -0.00348837 -0.0340191 0.0277084 0.0334006 0.0443787 0.0256048 -0.00641583 -0.013847 -0.00431993 -0.0144128 -0.0110619 -0.0483832 -0.0204545 -0.00399361 0.0159686 0.00279188 -0.042633 0.0138095 -0.0054717 -0.0302817 0.0467951 0.0258294 0.00132275 0.0277778 -0.0445263
internal_weight=23336 14918 6219 4542 8418 635 1677 2243 1972 8699 992 2299 1726 1169 271 1017 7783 264 313 573 591 1466 105 265 426 7707 211 368 458 1425
internal_count=23336 14918 6219 4542 8418 635 1677 2243 1972 8699 992 2299 1726 1169 271 1017 7783 264 313 573 591 1466 105 265 426 7707 211 368 458 1425
cat_boundaries=0 1 2 3 4 5
cat_threshold=2 1 4 163 3376
is_linear=0
shrinkage=0.05


Tree=2
num_leaves=31
num_cat=3
split_feature=16 13 4 16 53 13 13 8 58 12 47 12 13 13 16 13 13 5 12 33 39 19 55 8 13 16 13 8 14 13
split_gain=10338.7 2884.67 1754.18 814.094 622.693 359.318 280.608 254.821 223.91 196.264 211.302 156.107 91.1304 160.246 89.323 74.0152 73.3072 223.995 185.602 78.3116 57.0844 54.3867 49.5603 67.8423 51.6999 43.9938 43.0988 45.3015 45.0044 42.5711
threshold=0.44367244814330475 112.19500000000001 1.0000000180025095e-35 0.63640171060434136 0 36.195000000000007 129.81500000000003 4493.4013605442187 227.12000000000003 228.65000000000001 1 88.010000000000005 124.855 126.61500000000002 0.32537650119903805 24.555000000000003 129.39500000000001 0.16025641025641021 264.17500000000007 0.00014402216091230003 -16.728137636892303 440.00000000000017 2 4883.0272108843546 108.075 0.43892063965557043 109.605 5280.7709750566901 112.08000000000003 108.37500000000001
decision_type=2 2 2 2 1 2 2 2 2 2 1 2 2 2 2 2 2 2 2 2 2 2 1 2 2 2 2 2 2 2
left_child=6 4 3 -3 5 -2 9 -7 22 10 14 20 25 -14 -1 -12 17 -4 19 -19 -9 26 23 -6 -24 -11 27 -10 -28 -27
right_child=1 2 16 -5 8 7 -8 11 21 12 15 -13 13 -15 -16 -17 -18 18 -20 -21 -22 -23 24 -25 -26 29 28 -29 -30 -31
leaf_value=0.58465464812517165 0.74632449471950535 1.6215389827489854 0.43450376596674317 -2.3323234314918517 -0.47941648063063624 2.2514726667404177 -0.039672913551330603 0.029287131786346343 0.025969999626278908 0.62501939797401429 1.1657418776452542 -1.569648442864418 -0.012739331483841099 0.036302075386047329 -0.24288090181350697 0.51460436844825741 -1.6130979681015014 0.023274279944598675 0.076352105140686008 -0.31547375762462604 -0.86116229677200329 0.35369356012344366 1.298131000429392 1.5274826263189318 0.00017622864246380487 0.10451935791969298 0.063276232838630805 0.088763488560914899 -0.040061249375343257 0.083619346857070911
leaf_weight=91 317 823 87 339 64 151 90 416 432 6701 792 872 105 155 334 454 7143 88 69 1928 65 202 1023 62 57 127 40 85 96 124
leaf_count=91 317 823 87 339 64 151 90 416 432 6701 792 872 105 155 334 454 7143 88 69 1928 65 202 1023 62 57 127 40 85 96 124
internal_value=0.000184296 -0.0261265 -0.0397681 0.0181583 0.0106904 -0.0106226 0.042288 -0.0208777 0.0294302 0.043178 0.0277379 -0.0277531 0.0467554 0.0176923 -0.00270588 0.038122 -0.0469941 -0.0389503 -0.0422302 -0.0449901 -0.00488565 0.01 0.0434494 0.0102941 0.046789 0.0478423 0.00298622 0.00957447 -0.0220588 0.0272908
internal_weight=23332 14359 10477 1162 3882 1821 8973 1504 2061 8883 1671 1353 7212 260 425 1246 9315 2172 2085 2016 481 855 1206 126 1080 6952 653 517 136 251
internal_count=23332 14359 10477 1162 3882 1821 8973 1504 2061 8883 1671 1353 7212 260 425 1246 9315 2172 2085 2016 481 855 1206 126 1080 6952 653 517 136 251
cat_boundaries=0 1 2 3
cat_threshold=1 4 4
is_linear=0
shrinkage=0.05


Tree=3
num_leaves=31
num_cat=3
split_feature=16 12 13 14 11 13 47 13 12 13 19 57 13 16 12 13 12 47 3 16 41 13 13 13 13 13 15 29 12 12
split_gain=10286.3 2815.07 872.835 542.669 414.816 411.128 318.044 286.387 235.497 235 167.17 135.748 182.333 124.667 106.74 106.198 104.571 101.941 101.907 105.199 87.693 79.5956 72.8573 68.7275 152.87 67.7847 62.3831 86.8861 58.5038 54.9591
threshold=0.44933176241555062 237.79500000000004 131.93500000000003 100.895 949.70500000000004 150.95500000000001 0 124.41500000000001 228.65000000000001 22.735000000000003 69.999999999999901 173.33500000000004 110.355 0.44016432173688036 137.34500000000003 111.83500000000002 245.40500000000003 1 2 0.60674112602986907 0.083683473389355709 40.875000000000007 108.075 129.81500000000003 126.61500000000002 114.86500000000002 224.99000000000004 -85.079999999999913 250.83500000000004 143.905
decision_type=2 2 2 2 2 2 1 2 2 2 2 2 2 2 2 2 2 1 9 2 2 2 2 2 2 2 2 2 2 2
left_child=7 2 3 11 5 -3 14 8 9 -1 -8 29 26 -10 21 -6 -15 -11 25 -20 -18 -5 -16 24 -9 -12 27 -13 -7 -2
right_child=1 4 -4 6 15 28 10 23 13 17 18 12 -14 16 22 -17 20 -19 19 -21 -22 -23 -24 -25 -26 -27 -28 -29 -30 -31
leaf_value=1.1171450346961618 1.326245173484087 0.80861830936074286 -2.0267572934865949 0.67555460729002947 -0.0010675265885890185 0.034578273278474826 0.16047381585836407 -0.0068815486550331435 0.5967684013724327 -0.20631182696819295 0.14063826036974794 -1.0583648464381696 -0.26132611175179471 0.07879339765310292 1.296384447275102 -1.1432430498600006 -0.047161552202701532 0.48299504819065331 -0.19504912202358238 -2.0038811291158196 0.37776745676994339 -0.40646033351421362 -0.003317482719570464 -0.024214278936386082 0.036586962461471549 -0.5870985183298586 3.2592143786534664 0.51168763591349131 -1.3519930117130281 1.5465540350794793
leaf_weight=857 151 235 729 157 125 48 448 144 6743 323 322 89 135 217 385 8170 141 527 305 582 63 285 93 153 161 135 211 250 284 883
leaf_count=857 151 235 729 157 125 48 448 144 6743 323 322 89 135 217 385 8170 141 527 305 582 63 285 93 153 161 135 211 250 284 883
internal_value=5.35309e-05 -0.0270147 0.00234496 0.0106861 -0.0441097 -0.00273369 -0.00324484 0.0407386 0.0427291 0.0260398 -0.0155134 0.0326643 0.0154015 0.0467058 0.0206522 -0.0469379 0.0203088 0.00741176 -0.0243304 -0.034058 -0.00539216 0.00294118 0.0370293 0.00218341 0.0159016 -0.00460385 0.0281818 0.0148968 -0.0385542 0.0441006
internal_weight=23351 14022 5160 4431 8862 567 2712 9329 8871 1707 1792 1719 685 7164 920 8295 421 850 1344 887 204 442 478 458 305 457 550 339 332 1034
internal_count=23351 14022 5160 4431 8862 567 2712 9329 8871 1707 1792 1719 685 7164 920 8295 421 850 1344 887 204 442 478 458 305 457 550 339 332 1034
cat_boundaries=0 1 2 3
cat_threshold=1 4 3072
is_linear=0
shrinkage=0.05


Tree=4
num_leaves=31
num_cat=6
split_feature=13 16 10 3 16 58 13 13 12 2 13 8 16 31 29 3 13 13 13 12 13 12 46 16 57 55 8 31 59 55
split_gain=9801.55 2686.18 925.686 437.887 437.043 434.13 387.458 283.086 231.223 218.715 204.85 167.896 143.914 141.264 107.166 178.973 97.8508 94.901 111.232 92.512 78.5455 72.9498 66.6419 65.84 62.8994 59.6345 69.5897 56.6497 56.2604 53.4868
threshold=123.96500000000002 0.44240850745206756 345.67000000000007 0 0.46340377767136215 227.12000000000003 165.17000000000002 109.605 228.65000000000001 1 22.735000000000003 5468.2539682539691 0.7449746570449548 -281.57499999999976 -179.62500000000003 2 46.505000000000003 131.56000000000003 126.61500000000002 85.890000000000015 129.81500000000003 256.66500000000008 3 0.44367244814330475 173.33500000000004 4 5155.782312925171 123.02999999999999 2574.0800000000004 5
decision_type=2 2 2 9 2 2 2 2 2 1 2 2 2 2 2 9 2 2 2 2 2 2 1 2 2 1 2 2 2 1
left_child=1 8 5 6 17 9 -2 -4 10 16 -1 12 14 28 24 -16 -3 18 -5 -17 -20 -9 -12 -22 -7 26 -15 -21 -11 -24
right_child=3 2 7 4 -6 11 -8 21 -10 13 22 -13 -14 25 15 19 -18 -19 20 27 23 -23 29 -25 -26 -27 -28 -29 -30 -31
leaf_value=1.056637780243382 0.67645617022037541 0.3032729475687444 0.035253705721087769 -0.0061375002139806515 -1.4398309355139731 1.6276343299502134 -5.1243476625084883 -0.1608879462420939 0.54877998549997808 -0.10973649048209176 0.63222439284794041 -0.98370689617693419 -1.9533613984838132 -0.50725786949694152 -0.62174667050003996 0.51165777808438972 -1.419644163069725 -0.17940357795953743 0.035257625782489831 -0.18676994027322166 -0.022953592455387018 0.12604651625216015 -0.319746159325838 0.029242707574367623 -0.092092804664373334 1.2315152285353095 1.2473091701225938 0.34965383615389456 0.87824119887970387 0.1893644164072722
leaf_weight=867 289 116 203 227 7533 251 194 1313 6779 217 215 310 204 73 333 328 159 137 165 536 68 85 255 42 76 1565 51 240 52 338
leaf_count=867 289 116 203 227 7533 251 194 1313 6779 217 215 310 204 73 333 328 159 137 165 536 68 85 255 42 76 1565 51 240 52 338
internal_value=0.000114121 0.0251545 -9.81675e-05 -0.0420277 -0.0447323 0.0114941 0.00456389 -0.0327608 0.0434114 0.0271608 0.0267761 -0.00386304 0.00152439 0.0329268 0.00612245 0.000243563 -0.0145614 -0.00508607 0.00498008 0.00996409 0.0263636 -0.0407725 0.00866337 -0.00636364 0.0319572 0.0384547 0.00298507 0.00064433 -0.000557621 -0.000248756
internal_weight=23221 14566 6112 8655 8172 4511 483 1601 8454 2233 1675 2278 1968 1958 1764 1437 275 639 502 1104 275 1398 808 110 327 1689 124 776 269 593
internal_count=23221 14566 6112 8655 8172 4511 483 1601 8454 2233 1675 2278 1968 1958 1764 1437 275 639 502 1104 275 1398 808 110 327 1689 124 776 269 593
cat_boundaries=0 1 2 3 4 5 6
cat_threshold=28 1 88 10 4 4
is_linear=0
shrinkage=0.05


Tree=5
num_leaves=31
num_cat=3
split_feature=13 16 12 2 16 14 16 3 13 12 12 13 12 8 5 57 13 12 47 12 14 13 13 14 29 13 13 41 8 8
split_gain=9637.11 2473.64 824.925 509.318 465.85 431.305 424.268 288.182 313.416 255.226 224.975 222.798 189.721 183.315 165.391 148.007 200.701 143.199 88.6151 81.196 84.9066 74.9784 186.459 67.9809 74.1852 66.7682 63.1651 58.7758 58.2805 56.3834
threshold=123.33500000000002 0.43775710459336237 243.76500000000001 0 0.61366622491591272 105.53500000000003 0.46210127770418769 1 110.65500000000002 228.65000000000001 255.81500000000003 20.845000000000002 134.18000000000004 4493.4013605442187 0.16025641025641021 173.33500000000004 113.95500000000001 90.075000000000003 2 143.905 6.0000000000000044 126.61500000000002 129.81500000000003 6.0000000000000044 -91.164999999999978 42.740000000000002 169.28000000000003 0.025751547303271404 5468.2539682539691 5468.2539682539691
decision_type=2 2 2 1 2 2 2 9 2 2 2 2 2 2 2 2 2 2 1 2 2 2 2 2 2 2 2 2 2 2
left_child=1 9 5 4 -2 15 21 8 12 11 -4 -1 25 -9 -10 19 23 29 -13 20 -3 -5 -23 -17 -25 -7 -6 -12 -20 -15
right_child=3 2 10 6 26 7 -8 13 14 -11 27 18 -14 17 -16 16 -18 -19 28 -21 -22 22 -24 24 -26 -27 -28 -29 -30 -31
leaf_value=1.0247656420623401 0.89011457989805953 3.682336499925178 -0.136668469584286 -0.0071589985162317411 -0.022030232816994302 0.43226724775636943 -1.3533143566948174 2.6316051301689747 0.60705702386746863 0.56699099156555544 -0.26574425157013515 -0.20411173782318637 0.6671894756916128 0.050946863928934417 -0.17249343601495007 2.7336778754058444 -0.20446348378542983 -1.6307986501998579 0.4601131999084242 1.4917357943449134 -0.40339499128088346 0.037819767190814174 -0.035330874304175273 -0.77644746146241583 0.39669446880857495 -0.17292757418854957 -2.2896374811273814 0.33207676574823264 -0.068572935338925597 -0.77243401431784042
leaf_weight=772 290 73 1228 327 119 166 7512 107 63 6534 88 302 796 418 325 227 140 651 483 924 93 172 222 131 352 424 254 87 64 67
leaf_count=772 290 73 1228 327 119 166 7512 107 63 6534 88 302 796 418 325 227 140 651 483 924 93 172 222 131 352 424 254 87 64 67
internal_value=-7.47512e-05 0.0250396 0.00166667 -0.0410522 0.00141159 0.0112467 -0.0444195 -0.000580046 0.0123318 0.0432679 -0.032181 0.0255089 0.0235209 -0.0189545 -0.0273196 0.0296392 0.014 -0.025 0.00783274 0.0418349 0.00963855 -0.00783634 0.00685279 0.0247887 0.0141822 0.0020339 -0.0355228 0.0208571 0.0198355 -0.00443299
internal_weight=23411 14515 6360 8896 663 4957 8233 3017 1774 8155 1403 1621 1386 1243 388 1940 850 1136 849 1090 166 721 394 710 483 590 373 175 547 485
internal_count=23411 14515 6360 8896 663 4957 8233 3017 1774 8155 1403 1621 1386 1243 388 1940 850 1136 849 1090 166 721 394 710 483 590 373 175 547 485
cat_boundaries=0 1 2 3
cat_threshold=2 3460 4
is_linear=0
shrinkage=0.05


Tree=6
num_leaves=31
num_cat=5
split_feature=13 16 12 2 58 16 16 12 12 38 13 2 16 31 13 13 13 12 13 3 13 8 47 3 16 8 39 9 16 41
split_gain=9316.98 2486.78 813.916 524.767 485.178 455.147 441.922 250.585 235.988 228.681 212.425 207.468 163.418 119.111 100.922 159.95 97.5328 89.9099 84.9069 77.9601 77.3924 74.1085 73.4346 64.4686 107.558 64.0646 63.1822 63.0453 55.8605 53.9811
threshold=122.69500000000001 0.43443117986464291 242.05500000000004 0 227.12000000000003 0.47252567831723746 0.61366622491591272 255.81500000000003 228.65000000000001 256.9490929705218 20.845000000000002 1 0.6314113923718313 -355.46499999999986 131.56000000000003 126.61500000000002 112.19500000000001 282.97000000000008 46.505000000000003 2 171.04500000000004 5093.287981859411 3 4 0.62216415323951058 4787.00680272109 -18.293429010623772 298.62000000000006 0.45212427386134618 0.025751547303271404
decision_type=2 2 2 1 2 2 2 2 2 2 2 1 2 2 2 2 2 2 2 9 2 2 1 9 2 2 2 2 2 2
left_child=1 8 4 6 11 14 -2 16 10 23 -1 18 19 -13 15 17 21 -5 -3 25 -8 -4 -12 24 -6 -11 -21 -15 -27 -9
right_child=3 2 7 5 9 -7 20 29 -10 12 22 13 -14 27 -16 -17 -18 -19 -20 26 -22 -23 -24 -25 -26 28 -28 -29 -30 -31
leaf_value=0.97839260893736091 0.87535884637320349 0.21732306121655026 0.090793597336612741 0.10778348780211965 0.80226304923289193 -1.3061236449635922 -0.0076219239041774856 -0.17597287661596966 0.54754144065213362 1.307165825642806 -0.19395891608829424 -0.079600389950539363 -1.6857492891887356 0.21094179242743991 -0.16514492128857938 0.023303766433507359 -0.14651004152743496 -0.0081010102765544552 -1.4704988176390603 0.47080889317393865 -3.3129056604767744 -0.018614987445251786 0.42087884456882318 0.039988861159987281 -2.0077532183941709 0.039759103753229753 -0.40086926912893406 1.0976299911305123 -0.37397632475444242 0.3354431766371444
leaf_weight=774 313 109 59 42 336 7451 122 95 6240 53 283 141 450 196 255 297 1103 380 149 208 257 289 510 890 54 74 96 1758 315 100
leaf_count=774 313 109 59 42 336 7451 122 95 6240 53 283 141 450 196 255 297 1103 380 149 208 257 289 510 890 54 74 96 1758 315 100
internal_value=-0.000792769 0.0244153 0.00150579 -0.0402819 0.0118555 -0.0436929 0.00185185 -0.0288578 0.0434162 -0.00359451 0.0260689 0.028113 -0.0193144 0.0332304 -0.0116016 -0.00201669 -0.0360096 -0.0218009 -0.0141791 -0.00495979 -0.0344327 -0.012931 0.00788146 0.0110937 0.02775 -0.0181416 0.0143312 0.0365916 -0.0255784 0.024359
internal_weight=23399 14282 6475 9117 4829 8425 692 1646 7807 2476 1567 2353 1196 2095 974 719 1451 422 258 746 379 348 793 1280 390 442 304 1954 389 195
internal_count=23399 14282 6475 9117 4829 8425 692 1646 7807 2476 1567 2353 1196 2095 974 719 1451 422 258 746 379 348 793 1280 390 442 304 1954 389 195
cat_boundaries=0 1 2 3 4 5
cat_threshold=2 1 1112 4 2474
is_linear=0
shrinkage=0.05


Tree=7
num_leaves=31
num_cat=3
split_feature=13 16 14 2 16 13 12 12 12 3 13 13 12 8 12 12 59 55 31 16 16 12 12 59 15 8 13 13 13 12
split_gain=8998.39 2503.67 797.106 519.524 423.963 384.559 348.876 245.619 219.472 210.954 209.73 181.522 192.8 180.493 172.229 163.828 117.87 108.642 118.748 91.3509 83.1736 79.9635 72.6899 124.605 70.5641 66.2941 64.0894 148.226 76.426 63.0947
threshold=122.33500000000002 0.43331154196769195 101.17500000000001 0 0.48192711726907328 175.93500000000003 242.74500000000003 228.65000000000001 256.45500000000004 1 18.965000000000003 105.70500000000001 134.18000000000004 4493.4013605442187 237.79500000000004 88.010000000000005 311.74500000000006 2 -355.46499999999986 0.59246391669200194 0.45785406820399727 286.99500000000006 190.41000000000003 348.74500000000006 145.94500000000002 5468.2539682539691 124.41500000000001 131.56000000000003 126.61500000000002 83.75500000000001
decision_type=2 2 2 1 2 2 2 2 2 9 2 2 2 2 2 2 2 1 2 2 2 2 2 2 2 2 2 2 2 2
left_child=1 7 14 5 21 19 9 10 -8 11 -1 12 29 -11 17 25 -13 -3 -19 -2 -16 -5 23 -6 -12 -15 -23 28 -28 -4
right_child=3 2 6 4 22 -7 8 -9 -10 13 24 16 -14 15 20 -17 -18 18 -20 -21 -22 26 -24 -25 -26 -27 27 -29 -30 -31
leaf_value=0.95763522823443115 0.9097252991325171 0.19271504908398571 0.28551163591586681 0.061731793517399595 0.13874333913831977 -4.4846782321661367 -0.11318461193031126 0.53126435088118473 0.29348711896352614 2.2314140049131459 0.028671093024574646 0.6729243995687314 0.94950324384456053 0.13499573758199804 0.084787177599376762 -1.3291146705297525 -0.034481607977788896 -0.099569887135430871 1.3865175117468624 0.018589323397016421 -0.099875051603139309 -0.0093908033798083337 -1.2703674428789868 -0.75994178791811606 0.4145635633522865 -0.71511349736422636 -0.0054675957719430464 -0.16640205766102201 0.018438579256241105 -0.26679630859577835
leaf_weight=709 246 374 248 146 80 230 1156 6121 152 125 680 98 593 390 158 730 543 69 1266 200 210 272 7042 186 190 61 157 334 263 370
leaf_count=709 246 374 248 146 80 230 1156 6121 152 125 680 98 593 390 158 730 543 69 1266 200 210 272 7042 186 190 61 157 334 263 370
internal_value=-0.00130134 0.0235589 0.000817668 -0.0399738 -0.0433098 0.00247813 -0.0110837 0.0428831 -0.0327982 -0.00208993 0.0253008 0.00875403 0.0201899 -0.0174012 0.0264083 -0.0235817 -0.0127145 0.0330895 0.0396654 0.0295964 -0.00461957 -0.0154437 -0.047838 -0.0221805 0.00885057 0.000110865 -0.0203704 -0.0128647 0.00690476 0.000647249
internal_weight=23399 14243 6543 9156 8480 676 4466 7700 1308 3158 1579 1852 1211 1306 2077 1181 641 1709 1335 446 368 1172 7308 266 870 451 1026 754 420 618
internal_count=23399 14243 6543 9156 8480 676 4466 7700 1308 3158 1579 1852 1211 1306 2077 1181 641 1709 1335 446 368 1172 7308 266 870 451 1026 754 420 618
cat_boundaries=0 1 2 3
cat_threshold=2 3460 12
is_linear=0
shrinkage=0.05


Tree=8
num_leaves=31
num_cat=5
split_feature=13 16 14 3 16 13 47 12 13 57 13 13 5 58 3 16 10 57 5 13 12 55 16 12 47 19 58 13 13 13
split_gain=8899.94 2389.39 741.158 549.02 436.889 346.538 328.852 250.728 199.652 198.176 196.748 157.205 239.255 144.028 139.516 137.838 120.64 98.5944 89.0573 197.684 83.8441 78.1649 75.1011 71.9849 65.0484 63.7989 62.7642 62.2248 175.896 72.821
threshold=121.61500000000002 0.43131090576985803 100.895 0 0.48340678794874825 179.12000000000003 1 228.65000000000001 18.965000000000003 173.33500000000004 111.44500000000001 112.51500000000001 0.16025641025641021 227.12000000000003 2 0.66280389248195626 386.44500000000005 236.82500000000002 0.14835164835164832 137.43500000000003 285.97500000000008 3 0.4565553845581623 70.425000000000026 4 481.0299999999998 1.0000000180025095e-35 133.19500000000002 126.61500000000002 129.81500000000003
decision_type=2 2 2 9 2 2 1 2 2 2 2 2 2 2 9 2 2 2 2 2 2 1 2 2 1 2 2 2 2 2
left_child=1 7 9 5 20 -2 13 8 -1 21 23 14 -13 17 -8 -16 -14 -4 19 -6 -5 -3 -12 -11 -10 -15 -19 28 -22 -30
right_child=3 2 6 4 18 -7 11 -9 24 10 22 12 16 25 15 -17 -18 26 -20 -21 27 -23 -24 -25 -26 -27 -28 -29 29 -31
leaf_value=0.89022596714695901 0.51960463099168575 -0.044798855218782664 1.019409579996879 0.058269937975026311 0.14604107304144875 -4.4298002327663868 0.0081005041299532007 0.51306488927851646 -0.13786404941178959 2.819539835042403 0.14193876560343305 0.47940352403952691 -0.14652532029863946 -0.044927078163757808 -0.038175729611300557 -1.8889509528587796 0.17354804209774635 -0.072268597117430569 -1.2103741371107699 -0.94826747933095723 -0.0085161242086138952 1.3308564337405064 -0.12507071137306564 0.1567614384870275 0.38788002682086981 0.43745116766940095 1.0012233332441398 -0.1695973888240605 0.029241646860201521 -0.0059183299653085449
leaf_weight=710 376 107 399 172 136 171 929 5924 308 212 52 120 917 482 864 361 42 123 6926 534 512 955 246 472 548 165 84 323 158 143
leaf_count=710 376 107 399 172 136 171 929 5924 308 212 52 120 917 482 864 361 42 123 6926 534 512 955 246 472 548 165 84 323 158 143
internal_value=-0.00185548 0.0234237 0.001317 -0.0393556 -0.0423155 0.00942549 -0.0100535 0.0426969 0.0249042 0.026272 0.0100815 -0.0184813 -0.0340593 0.0116919 -0.0106778 -0.0216599 -0.0423879 0.0292079 -0.0469589 -0.0295522 -0.0156728 0.0412429 -0.0238255 0.0248538 0.00864486 -0.00471406 0.00120773 -0.0205986 -0.0132226 0.0171096
internal_weight=23471 14020 6530 9451 8904 547 4486 7490 1566 2044 982 3233 1079 1253 2154 1225 959 606 7596 670 1308 1062 298 684 856 647 207 1136 813 301
internal_count=23471 14020 6530 9451 8904 547 4486 7490 1566 2044 982 3233 1079 1253 2154 1225 959 606 7596 670 1308 1062 298 684 856 647 207 1136 813 301
cat_boundaries=0 1 2 3 4 5
cat_threshold=28 1 1152 12 4
is_linear=0
shrinkage=0.05


Tree=9
num_leaves=31
num_cat=4
split_feature=13 12 13 61 5 2 3 12 13 12 8 13 13 60 14 13 13 12 8 12 14 13 47 8 14 47 13 19 41 29
split_gain=8651.09 740.729 1382.45 992.249 987.286 565.093 529.994 420.959 321.698 298.949 229.979 384.611 212.527 171.532 147.17 119.682 110.878 84.9932 79.4559 109.663 78.85 96.3474 71.5321 63.2896 63.2817 55.3377 48.8185 45.639 40.2185 40.1904
threshold=121.29500000000002 255.19000000000003 104.99500000000002 943.0100000000001 0.16025641025641021 0 1 63.000000000000007 182.28500000000003 81.625000000000014 5218.276643990931 138.60500000000005 112.51500000000001 1089.3000000000002 160.11500000000004 126.61500000000002 129.39500000000001 296.23500000000007 5468.2539682539691 83.75500000000001 116.95500000000001 148.26000000000002 2 5468.2539682539691 111.68500000000002 3 36.195000000000007 845 1.0000000180025095e-35 274.87500000000006
decision_type=2 2 2 2 2 1 9 2 2 2 2 2 2 2 2 2 2 2 2 2 2 2 1 2 2 1 2 2 2 2
left_child=1 2 3 7 14 8 -5 -1 20 25 -7 15 24 22 -4 -12 -17 23 19 -15 21 -2 -9 -18 -6 -8 -27 -21 29 -3
right_child=5 28 4 6 12 10 9 13 -10 -11 11 -13 -14 18 -16 16 17 -19 -20 27 -22 -23 -24 -25 -26 26 -28 -29 -30 -31
leaf_value=0.76172354097078809 0.90342228370949074 0.52889789974508694 1.3829519439098861 0.59317290222464014 0.055424793906576578 -0.97097599090373243 -0.41626891232106922 -0.25858029712107522 -4.1427482685371251 -0.98156793391402886 -0.0085118129687283602 -3.069555385241804 -0.12988908243485781 0.16480739022973748 -1.8868296677593486 0.033604573863199864 0.02128084798596408 -0.10081635409566091 -0.75045166848901745 -0.28675557022677234 -1.71081147931885 0.0029526989367926861 0.41823601975778041 -0.52864784411298238 -0.017483117802361826 0.64151276063730345 0.012873656972786486 0.62689792549429346 0.3907910783868831 -0.23262391541756078
leaf_weight=492 292 912 617 4408 223 5307 101 125 207 267 760 1984 1270 310 44 194 253 178 314 1012 41 162 408 43 705 423 111 43 2027 40
leaf_count=492 292 912 617 4408 223 5307 101 125 207 267 760 1984 1270 310 44 194 253 178 314 1012 41 162 408 43 705 423 111 43 2027 40
internal_value=-0.00219783 0.0229425 0.0168905 0.0275393 -0.0129591 -0.0391625 0.0400942 0.00288462 0.00421348 0.00482456 -0.0426108 -0.0325322 -0.0290719 -0.00641953 0.0406203 -0.0127451 0.00269461 -0.0103376 -0.0142644 -0.00904762 0.0261616 0.0321586 0.0182927 0.00608108 -0.0108836 0.0235433 0.0299625 -0.0167299 0.0450319 0.0365546
internal_weight=23273 13852 10873 8014 2859 9421 5310 2704 702 902 8719 3412 2198 2212 661 1428 668 474 1679 1365 495 454 533 296 928 635 534 1055 2979 952
internal_count=23273 13852 10873 8014 2859 9421 5310 2704 702 902 8719 3412 2198 2212 661 1428 668 474 1679 1365 495 454 533 296 928 635 534 1055 2979 952
cat_boundaries=0 1 2 3 4
cat_threshold=2 3328 4 4
is_linear=0
shrinkage=0.05


Tree=10
num_leaves=31
num_cat=4
split_feature=13 16 14 2 16 16 47 12 13 57 19 12 58 44 13 55 57 12 5 15 13 13 8 13 12 13 55 5 58 12
split_gain=8236.06 2329.03 685.976 572.304 567.317 311.441 297.99 238.949 189.279 179.994 160.946 154.937 135.13 131.707 123.383 95.7539 95.209 94.5022 200.452 94.4301 91.8753 77.0072 79.7248 68.585 86.0111 79.9139 67.5925 64.031 57.2155 57.0986
threshold=120.81500000000001 0.42918567261379614 103.06500000000001 0 0.50759408195735933 0.60674112602986907 1 228.65000000000001 16.275000000000002 173.33500000000004 50.000000000000121 88.010000000000005 227.12000000000003 0.075018112609516255 124.41500000000001 2 230.01500000000001 193.72500000000005 0.16025641025641021 145.94500000000002 190.47500000000002 114.62500000000001 5280.7709750566901 131.93500000000003 292.27500000000003 126.61500000000002 3 0.16025641025641021 252.29500000000004 143.905
decision_type=2 2 2 1 2 2 1 2 2 2 2 2 2 2 2 1 2 2 2 2 2 2 2 2 2 2 1 2 2 2
left_child=1 7 9 5 14 -2 12 8 -1 29 -8 -11 16 15 -5 -12 -4 18 -6 26 -7 -13 -23 25 -25 -16 -10 -17 -14 -3
right_child=3 2 6 4 17 20 10 -9 19 11 13 21 28 -15 23 27 -18 -19 -20 -21 -22 22 -24 24 -26 -27 -28 -29 -30 -31
leaf_value=0.83217361689771252 0.78570329443574216 0.49481076313014899 0.93984420269576219 -0.012641609351564399 0.13976217690951423 -0.015486851156836502 0.025152902874598926 0.49235836203820615 0.66000220618318195 1.3259409462523477 -0.094972825246938092 0.059565417540861712 -0.039571722211660103 -0.14270463830893726 -0.0079428443014807112 0.45322896040670058 0.013155944784645969 -1.1452816024812851 -0.81502696289218557 0.41576762727143468 -4.0011728077012112 -0.15384333442371237 0.18265910624979736 0.037858290120918528 -0.089088634424635063 0.015095343693532116 -0.060971727209503258 -0.018021732203020058 0.31201751344992756 1.1876659862477574
leaf_weight=620 320 155 379 771 97 211 586 5601 126 277 1243 557 368 910 235 72 221 6720 244 186 184 173 45 115 473 353 599 410 265 917
leaf_count=620 320 155 379 771 97 211 586 5601 126 277 1243 557 368 910 235 72 221 6720 244 186 184 173 45 115 473 353 599 410 265 917
internal_value=-0.0025925 0.0223705 0.000912131 -0.0377918 -0.0411843 0.00544828 -0.010238 0.0421621 0.0246571 0.0242938 -0.0182397 0.00960076 0.010665 -0.0235104 -0.0173344 -0.0153913 0.0276667 -0.047819 -0.0221408 0.0101537 -0.0241772 -0.00187097 -0.0270642 -0.00714286 -0.0192177 0.00493197 0.002 0.00365854 -0.00545024 0.0387127
internal_weight=23433 13710 6578 9723 9008 715 4454 7132 1531 2124 3221 1052 1233 2635 1947 1725 600 7061 341 911 395 775 218 1176 588 588 725 482 633 1072
internal_count=23433 13710 6578 9723 9008 715 4454 7132 1531 2124 3221 1052 1233 2635 1947 1725 600 7061 341 911 395 775 218 1176 588 588 725 482 633 1072
cat_boundaries=0 1 2 3 4
cat_threshold=2 1 17 48
is_linear=0
shrinkage=0.05


Tree=11
num_leaves=31
num_cat=5
split_feature=13 16 3 16 10 58 16 13 12 13 2 8 13 12 5 13 16 29 13 5 2 13 3 8 12 55 13 16 13 12
split_gain=8034.72 2281.94 615.168 545.351 486.299 333.158 296.732 286.021 208.348 189.555 145.944 139.412 127.734 117.771 116.992 198.167 114.799 105.89 238.645 222.954 164.249 96.9843 91.5896 148.317 77.9093 75.8835 72.8206 69.6731 60.0728 71.5106
threshold=120.33500000000002 0.42804718755885346 0 0.50759408195735933 350.32500000000005 227.12000000000003 0.45357635395061596 146.79500000000004 228.65000000000001 16.275000000000002 1 5468.2539682539691 124.41500000000001 254.20500000000001 0.14835164835164832 139.61500000000004 0.75600828429742517 -160.36500000000004 98.175000000000026 0.24038461538461539 2 31.805000000000003 3 4176.2471655328809 92.815000000000012 4 195.38500000000002 0.6314113923718313 132.26500000000001 292.27500000000003
decision_type=2 2 9 2 2 2 2 2 2 2 1 2 2 2 2 2 2 2 2 2 1 2 9 2 2 1 2 2 2 2
left_child=1 8 7 12 5 10 13 -2 9 -1 24 16 -4 -6 15 -5 21 -12 19 -19 -20 -7 -23 -24 -3 -11 27 -9 -14 -30
right_child=2 4 3 14 6 11 -8 26 -10 25 17 -13 28 -15 -16 -17 -18 18 20 -21 -22 22 23 -25 -26 -27 -28 -29 29 -31
leaf_value=0.791019810896186 0.84066812905085342 0.13487640658201272 -0.012200448804728304 0.11927404517585494 -0.0095557804692703932 0.6105950249329144 -0.11703099971687846 -0.068733850399684299 0.4787558657246902 0.31224120912156245 1.3122827021941585 -0.68159483700651136 0.00389221455006048 0.32602166627125745 -1.0879675498230412 -0.82293528467431232 -1.7749518042337187 -0.015118168770418095 -0.057557958049691396 0.86781690330823924 1.4138921655267638 0.10288152133883824 1.3230244883401099 -0.36327568849899133 -1.6791826773017953 -0.19405946161244592 -3.8020515433384903 0.071767999202060825 0.039783588097609096 -0.088510638128051697
leaf_weight=635 291 158 929 163 760 162 846 61 5466 531 594 312 579 241 6567 452 142 329 253 708 110 1272 81 469 106 365 130 100 106 470
leaf_count=635 291 158 929 163 760 162 846 61 5466 531 594 312 579 241 6567 452 142 329 253 708 110 1272 81 469 106 365 130 100 106 470
internal_value=-0.0029032 0.0220901 -0.0372665 -0.040373 0.000863518 0.00941227 -0.0208717 0.0126689 0.0419394 0.0256368 0.0232507 -0.00340443 -0.0178983 -0.00244755 -0.0469507 -0.0260976 0.00117592 0.0277944 0.0204286 0.0326422 -0.0144628 0.00428427 0.000987925 -0.0158929 -0.0116788 0.0108259 -0.0221649 0.000310559 -0.00679654 -0.0182292
internal_weight=23388 13540 9848 9266 6543 4696 1847 582 6997 1531 2258 2438 2084 1001 7182 615 2126 1994 1400 1037 363 1984 1822 550 264 896 291 161 1155 576
internal_count=23388 13540 9848 9266 6543 4696 1847 582 6997 1531 2258 2438 2084 1001 7182 615 2126 1994 1400 1037 363 1984 1822 550 264 896 291 161 1155 576
cat_boundaries=0 1 2 3 4 5
cat_threshold=28 1 8 3335 49
is_linear=0
shrinkage=0.05


Tree=12
num_leaves=31
num_cat=5
split_feature=13 16 2 16 8 13 19 25 12 13 29 13 3 13 2 13 12 59 2 13 15 16 13 12 19 3 8 25 13 12
split_gain=7768.31 2117.01 626.828 588.239 452.342 321.197 222.404 343.53 221.221 179.875 155.508 144.106 131.651 121.851 132.075 116.217 93.2525 156.678 88.9336 87.5723 82.6549 78.3476 114.136 108.975 101.137 73.3713 70.8764 67.3143 65.9461 64.97
threshold=119.83500000000002 0.4259923401851517 0 0.50759408195735933 5405.7596371882091 147.40500000000003 464.99999999999994 390.00000000000017 226.25000000000003 16.275000000000002 -176.39500000000007 124.41500000000001 1 112.78500000000001 2 102.91500000000001 193.72500000000005 324.74000000000007 3 190.47500000000002 144.67500000000004 0.43230298645704585 97.780000000000015 143.905 69.999999999999901 4 4661.7460317460327 80.000000000000128 114.38500000000001 81.625000000000014
decision_type=2 2 1 2 2 2 2 2 2 2 2 2 9 2 1 2 2 2 1 2 2 2 2 2 2 9 2 2 2 2
left_child=1 8 5 11 6 -2 7 10 9 -1 18 -4 29 14 -6 -16 17 -5 -3 -7 -11 -9 23 24 -23 -12 -26 -27 -14 -8
right_child=2 4 3 16 13 19 12 21 -10 20 25 -13 28 -15 15 -17 -18 -19 -20 -21 -22 22 -24 -25 26 27 -28 -29 -30 -31
leaf_value=0.75146882035137663 0.80363472248655199 0.059040328196075902 -0.011899517887841604 0.11281042684040195 -0.064483301611001395 -0.00081485837502714986 0.30314712163177193 0.39789727524987573 0.47368356899491659 0.017302268162678658 -0.44563173148893959 -0.006189085097599723 0.6965512110900115 -0.096217852592949182 0.80162838508454937 -0.0047509043899655271 -1.0260690960379439 -0.60557717511086473 1.2631685632697534 -3.6110115901492268 0.39457578107201174 0.22298002256367619 -0.091680048703114997 0.44277534625302239 0.054400425522057996 0.47505121371261583 -0.57470900020201099 0.012348862204176038 0.013527968988371698 -0.31106061369398247
leaf_weight=639 353 232 1079 101 568 203 113 89 5160 663 148 1129 913 523 133 532 6678 244 539 191 187 227 834 124 188 321 326 551 125 158
leaf_count=639 353 232 1079 101 568 203 113 89 5160 663 148 1129 913 523 133 532 6678 244 539 191 187 227 834 124 188 321 326 551 125 158
internal_value=-0.00351725 0.0215113 -0.0368611 -0.0404015 0.00155027 0.00733157 0.00936989 0.00291981 0.0414574 0.0244795 0.0183975 -0.0179348 0.0270053 -0.0202164 -0.0116383 0.00362963 -0.0475224 -0.0221739 0.0353437 -0.0236041 0.00941176 -0.0125839 -0.0149794 -0.00225434 -0.00951417 0.00558824 -0.0217899 0.0111111 0.0349237 -0.0044484
internal_weight=23271 13293 9978 9231 6644 747 4888 3579 6649 1489 1791 2208 1309 1756 1233 665 7023 345 771 394 850 1788 1699 865 741 1020 514 872 1038 271
internal_count=23271 13293 9978 9231 6644 747 4888 3579 6649 1489 1791 2208 1309 1756 1233 665 7023 345 771 394 850 1788 1699 865 741 1020 514 872 1038 271
cat_boundaries=0 1 2 3 4 5
cat_threshold=2 94 18 8 72
is_linear=0
shrinkage=0.05


Tree=13
num_leaves=31
num_cat=2
split_feature=13 16 2 16 8 16 12 19 25 13 29 13 3 13 4 13 12 5 13 16 13 12 19 16 5 9 16 9 15 8
split_gain=7459.06 2079.26 609.792 608.054 500.725 310.24 221.502 211.942 286.04 167.242 141.995 116.344 113.161 112.349 109.558 156.34 95.9928 221.195 92.8364 87.5319 108.174 116.162 84.2631 81.5729 77.3247 98.1904 80.7341 76.5075 70.7863 70.6054
threshold=119.34500000000001 0.42420903946710825 0 0.49175589561822058 5405.7596371882091 0.59917309959082055 228.65000000000001 481.0299999999998 385.00000000000006 16.275000000000002 -170.82999999999996 124.41500000000001 1 113.08500000000002 1.0000000180025095e-35 102.09500000000001 202.36500000000004 0.16025641025641021 199.63500000000002 0.43331154196769195 97.780000000000015 143.905 69.999999999999901 0.44016432173688036 0.16025641025641021 260.02000000000004 0.46874802631190299 1069.1500000000003 142.02000000000001 3905.8956916099778
decision_type=2 2 1 2 2 2 2 2 2 2 2 2 9 2 2 2 2 2 2 2 2 2 2 2 2 2 2 2 2 2
left_child=1 6 5 11 7 -2 9 8 10 -1 27 -4 -9 14 -6 -16 17 -5 -7 -10 21 22 -21 -17 25 -22 -26 -3 -11 -24
right_child=2 4 3 16 13 18 -8 12 19 28 -12 -13 -14 -15 15 23 -18 -19 -20 20 24 -23 29 -25 26 -27 -28 -29 -30 -31
leaf_value=0.71899616866376392 0.75900459365138973 1.2136456891228655 -0.0093394279432471809 0.11524710360476612 -0.97234245110256845 -0.003214627250133262 0.46632438749341287 -0.30132562949104458 0.3409787927659757 0.034972303051291932 0.1020425074189328 -0.0029480948009803498 0.54428083698985263 -0.092406982851485256 0.79065644678010749 -0.014428895703798085 -0.93476567938301935 -0.69357971067327928 -3.430461010641765 0.19801894633121242 -2.1010454620917609 0.39941244377736035 0.089323191717892325 0.0019596762755890395 -0.022694999737572809 0.99166926407310185 -0.093887594067406266 0.22087362325954288 0.35689565701536097 -0.52751631039829661
leaf_weight=631 334 472 1139 111 331 247 4910 112 140 673 892 948 1143 506 131 481 6886 298 168 248 57 145 215 413 223 116 481 306 177 367
leaf_count=631 334 472 1139 111 331 247 4910 112 140 673 892 948 1143 506 131 481 6886 298 168 248 57 145 215 413 223 116 481 306 177 367
internal_value=-0.00384747 0.0209643 -0.0361021 -0.0395443 0.00167429 0.00744401 0.0414254 0.0100366 0.00395958 0.0244767 0.0192216 -0.0157882 0.0277689 -0.0204082 -0.0129056 -0.00482927 -0.0463948 -0.0228606 -0.0213253 -0.00883534 -0.0117171 -0.00025641 -0.00746988 -0.0123043 -0.0244584 0.00549133 -0.0318182 0.0348329 0.01 -0.0178694
internal_weight=23301 13170 10131 9382 6779 749 6391 4917 3662 1481 1670 2087 1255 1862 1356 1025 7295 409 415 1992 1852 975 830 894 877 173 704 778 850 582
internal_count=23301 13170 10131 9382 6779 749 6391 4917 3662 1481 1670 2087 1255 1862 1356 1025 7295 409 415 1992 1852 975 830 894 877 173 704 778 850 582
cat_boundaries=0 1 2
cat_threshold=2 10
is_linear=0
shrinkage=0.05


Tree=14
num_leaves=31
num_cat=2
split_feature=13 16 13 8 5 13 16 13 11 31 12 12 16 13 12 12 5 8 13 2 13 5 13 5 9 3 12 12 12 25
split_gain=6675.19 1920.69 656.31 471.129 359.427 393.863 327.839 308.103 250.15 221.231 213.413 177.118 142.323 123.242 107.244 214.041 161.284 219.292 243.737 101.151 112.632 100.039 86.7285 107.598 86.2468 84.3041 82.5268 71.7607 153.494 71.1002
threshold=118.84000000000002 0.42352168425206899 130.22500000000002 5405.7596371882091 0.14835164835164832 146.79500000000004 0.52046528409599924 126.61500000000002 1024.3950000000002 -196.08499999999989 228.65000000000001 55.620000000000012 0.65762917369598439 113.08500000000002 65.535000000000011 143.905 0.16025641025641021 4290.1133786848086 94.590000000000018 0 101.78500000000001 0.32051282051282054 115.72500000000001 0.48076923076923078 955.99500000000012 1 241.93500000000003 254.20500000000001 280.3300000000001 681.07500000000016
decision_type=2 2 2 2 2 2 2 2 2 2 2 2 2 2 2 2 2 2 2 1 2 2 2 2 2 9 2 2 2 2
left_child=1 10 7 9 5 -4 -6 8 -2 12 11 -1 22 19 -11 25 -17 18 21 -5 -21 -18 -3 -24 -13 -16 -9 -10 29 -29
right_child=2 3 4 13 6 -7 -8 26 27 14 -12 24 -14 -15 15 16 17 -19 -20 20 -22 -23 23 -25 -26 -27 -28 28 -30 -31
leaf_value=0.67794557090061958 0.89941203781911261 0.051756264192212242 0.10460156217706143 -0.054944603228816648 -0.039606773809969201 -0.5936963996522735 -1.0244522229895521 -0.086158556346647694 -0.19245255160176811 2.734849679449892 0.45286501743152457 0.29088972959901488 -1.1720732544680421 -0.08828664515300276 -0.6900668540697471 1.099743708345903 -0.38162290287413897 0.50133454596773075 -0.05146989362103014 0.76284691247804937 -0.0048834874884148508 0.32470176399755862 0.99589183853832042 -0.10682695088360337 -0.028670411746589155 0.054007412251155532 0.02042254049921759 0.11515950363772981 -0.0072933944276364574 -0.43921732695684251
leaf_weight=651 144 1000 340 573 749 723 5846 143 629 341 4786 272 340 489 181 644 51 617 479 117 631 213 68 163 547 813 497 139 1133 40
leaf_count=651 144 1000 340 573 749 723 5846 143 629 341 4786 272 340 489 181 644 51 617 479 117 631 213 68 163 547 813 497 139 1133 40
internal_value=-0.00310159 0.0208076 -0.0329818 0.00224702 -0.0404805 -0.0134995 -0.0448294 -0.0119083 -0.021223 0.0102851 0.0407449 0.0240816 -0.00518778 -0.019558 0.0175651 0.014543 0.0239521 0.0141912 -0.00410498 -0.01162 0.000659631 0.0344697 0.00272136 -0.0248918 0.00860806 -0.00442656 0.0184375 -0.0259402 -0.0192835 0.023743
internal_weight=23359 12976 10383 6720 7658 1063 6595 2725 2085 4910 6256 1470 1571 1810 3339 2998 2004 1360 743 1321 748 264 1231 231 819 994 640 1941 1312 179
internal_count=23359 12976 10383 6720 7658 1063 6595 2725 2085 4910 6256 1470 1571 1810 3339 2998 2004 1360 743 1321 748 264 1231 231 819 994 640 1941 1312 179
cat_boundaries=0 1 2
cat_threshold=18 72
is_linear=0
shrinkage=0.05


Tree=15
num_leaves=31
num_cat=5
split_feature=13 16 3 13 11 16 13 8 12 13 16 12 12 12 3 13 12 3 12 57 12 4 13 55 8 16 16 12 10 47
split_gain=6008.77 1494.34 353.182 351.359 547.039 506.693 425.805 360.646 313.699 381.65 312.508 231.914 220.097 338.872 163.334 158.269 149.391 144.532 89.5587 139.562 83.9986 76.6866 226.747 76.1797 136.386 75.9664 145.237 134.319 86.1242 104.17
threshold=131.31500000000003 0.40608007528546491 0 114.62500000000001 1157.5500000000004 0.42006049093507097 126.61500000000002 5405.7596371882091 257.21500000000009 118.37500000000001 0.52234027055343535 266.21500000000009 143.905 74.845000000000013 1 118.61500000000002 280.3300000000001 2 204.76500000000001 161.60500000000005 241.37500000000003 1.0000000180025095e-35 101.47500000000001 3 4108.1405895691614 0.61366622491591272 0.4799341368993027 253.34500000000003 205.86000000000004 4
decision_type=2 2 9 2 2 2 2 2 2 2 2 2 2 2 9 2 2 9 2 2 2 2 2 1 2 2 2 2 2 1
left_child=1 14 11 5 -5 -3 8 12 -6 -10 -4 -2 13 -7 -1 23 -11 -15 19 -12 -8 -9 -23 24 -16 26 27 -14 -27 -30
right_child=2 3 10 4 6 7 20 21 9 16 18 -13 25 17 15 -17 -18 -19 -20 -21 -22 22 -24 -25 -26 28 -28 -29 29 -31
leaf_value=0.087138548390916351 0.10890900856418445 0.2210899004624981 -0.043313345808117992 0.91182807791586384 -0.13634690625895926 0.64772291860659903 -0.086950592671161439 -0.91808379937970042 0.068659019120206291 0.047945413043059659 0.033489676485457663 -3.2292531401270632 0.01244604353895138 -0.47707246406370962 -0.1817116995569503 -0.0094664626121008233 -0.0073331327660836722 0.03368323411096448 -0.99780484529954705 -2.906568011575497 0.017695223365003798 0.57841691329851075 -0.011640659011269251 0.56553989741074029 0.54343990179764212 -0.033262540747197637 1.0188428914965795 0.39615898097323365 -1.4747735143452816 0.65339288477317559
leaf_weight=495 373 1458 737 504 1318 690 129 322 345 186 127 182 679 620 172 82 1135 843 5781 203 733 165 1211 3277 250 116 715 331 43 198
leaf_count=495 373 1458 737 504 1318 690 129 322 345 186 127 182 679 620 172 82 1135 843 5781 203 733 165 1211 3277 250 116 715 331 43 198
internal_value=-0.00304868 0.0141693 -0.0403012 0.00495273 -0.00632184 0.0115884 -0.0127405 0.0050986 -0.0216823 -0.00726291 -0.04338 -0.00150442 0.0129044 0.00169531 0.0394761 0.0429834 -0.0194928 -0.0119275 -0.0471527 -0.0218182 0.0182135 -0.0143698 -0.00922965 0.0446202 0.0226852 0.0244957 0.0288406 0.0166337 0.0035014 0.0205394
internal_weight=23420 16017 7403 11741 4350 7391 3846 5933 2984 1666 6848 555 4235 2153 4276 3781 1321 1463 6111 330 862 1698 1376 3699 422 2082 1725 1010 357 241
internal_count=23420 16017 7403 11741 4350 7391 3846 5933 2984 1666 6848 555 4235 2153 4276 3781 1321 1463 6111 330 862 1698 1376 3699 422 2082 1725 1010 357 241
cat_boundaries=0 1 2 3 4 5
cat_threshold=30 72 248 4 4
is_linear=0
shrinkage=0.05


Tree=16
num_leaves=31
num_cat=2
split_feature=13 16 5 22 16 19 13 13 13 16 59 12 13 16 3 13 10 13 12 16 12 16 13 12 12 12 12 16 3 16
split_gain=5899.64 1372.59 356.105 314.083 285.218 268.864 221.068 184.855 288.243 372.025 261.075 297.703 236.956 176.542 171.42 172.913 163.69 145.646 144.388 141.21 120.439 102.39 186.276 171.642 141.457 100.002 80.0158 83.7563 119.112 86.8706
threshold=132.26500000000001 0.40425997231366978 0.14835164835164832 320.00000000000017 0.52559804856445702 974.83000000000004 146.79500000000004 128.13500000000002 113.08500000000002 0.42006049093507097 306.24000000000007 256.66500000000008 118.37500000000001 0.61728962154309397 0 117.91500000000001 203.84000000000003 115.11500000000002 101.42500000000003 0.74045756162282961 281.06000000000006 0.51035232654961071 117.91500000000001 254.20500000000001 134.18000000000004 268.90500000000003 253.84500000000003 0.44016432173688036 1 0.62694213863237158
decision_type=2 2 2 2 2 2 2 2 2 2 2 2 2 2 9 2 2 2 2 2 2 2 2 2 2 2 2 2 9 2
left_child=1 14 6 13 -4 7 -2 8 9 -5 -10 -12 -13 21 -1 -16 -11 -7 -15 26 -14 22 23 -3 -23 -8 27 -18 -29 -30
right_child=2 3 4 5 -6 17 25 -9 10 16 11 12 20 18 15 -17 19 -19 -20 -21 -22 24 -24 -25 -26 -27 -28 28 29 -31
leaf_value=0.08620644030822576 0.076731392287459163 0.085276006557606907 -0.052656829964565333 0.080135426801677845 -0.9924145725169915 0.5136991467895472 -0.044062085311307092 0.017413599213050013 0.73866896907731761 0.69056417891275468 -0.10484190428889058 0.068226041461315043 0.054797471876554399 0.69666522425244104 0.53572664884948362 -0.012168005504969416 -0.012095403848494524 -0.020636633321633371 -0.078165044846177617 -1.7796776750735093 -0.0071832624677629301 -0.18355379778809422 -0.013712210822930438 0.48115182781391974 0.55850073681280277 -2.3857908951080149 0.38124843948772685 0.012904708167334534 -0.067877695543685765 -1.0871099295146085
leaf_weight=488 274 1243 658 789 5482 599 373 666 251 295 1107 315 144 226 3468 55 684 201 568 218 1038 170 380 476 1062 347 120 877 579 267
leaf_count=488 274 1243 658 789 5482 599 373 666 251 295 1107 315 144 226 3468 55 684 201 568 218 1038 170 380 476 1062 347 120 877 579 267
internal_value=-0.00252348 0.0140857 -0.0404401 0.00578819 -0.0449349 9.81595e-05 -0.0126761 -0.00289796 -0.00540096 0.0035649 -0.0174256 -0.0221198 -0.00758183 0.0170303 0.0394789 0.0432918 -0.004375 0.027625 -0.00415617 -0.00817851 -0.0178511 0.0220805 0.0153645 0.0223677 0.0335227 -0.0272222 -0.00484765 -0.00683423 -0.000957632 -0.0142523
internal_weight=23420 16286 7134 12275 6140 8150 994 7350 6684 3829 2855 2604 1497 4125 4011 3523 3040 800 794 2745 1182 3331 2099 1719 1232 720 2527 2407 1723 846
internal_count=23420 16286 7134 12275 6140 8150 994 7350 6684 3829 2855 2604 1497 4125 4011 3523 3040 800 794 2745 1182 3331 2099 1719 1232 720 2527 2407 1723 846
cat_boundaries=0 1 2
cat_threshold=72 3329
is_linear=0
shrinkage=0.05


Tree=17
num_leaves=31
num_cat=4
split_feature=13 16 13 10 12 29 5 3 16 16 13 13 12 13 13 12 11 13 55 13 5 16 3 30 9 12 37 13 3 13
split_gain=5566.24 1357.08 1187.7 377.679 353.26 334.132 315.765 308.189 262.738 228.379 215.522 281.886 198.641 187.474 186.517 185.415 180.644 156.637 193.114 138.196 165.752 126.8 101.939 101.9 76.2385 75.6226 66.9511 64.0147 58.0423 54.9905
threshold=133.49500000000003 0.41843578111910129 117.75500000000001 351.61500000000007 254.57500000000002 -182.33999999999995 0.14835164835164832 0 0.52943432403011437 0.66280389248195626 129.39500000000001 113.37000000000002 217.34000000000003 117.91500000000001 148.74000000000004 55.620000000000012 1157.5500000000004 97.470000000000013 1 129.39500000000001 0.16025641025641021 0.46697742918497454 2 -10.014999999999985 955.99500000000012 265.26500000000004 0.00014402216091230003 109.605 3 101.24500000000002
decision_type=2 2 2 2 2 2 2 9 2 2 2 2 2 2 2 2 2 2 1 2 2 2 9 2 2 2 2 2 9 2
left_child=1 2 12 5 10 16 14 17 -8 27 11 29 15 -6 -2 -1 -3 18 23 20 -19 -22 25 -7 -17 -16 -23 28 -9 -5
right_child=6 3 -4 4 13 7 8 9 -10 -11 -12 -13 -14 -15 22 24 -18 19 -20 -21 21 26 -24 -25 -26 -27 -28 -29 -30 -31
leaf_value=0.61517611330351518 0.042398584670918997 0.95623400139707293 -0.0077513483250740483 0.014128666905685705 0.31806935907420719 -0.21446477163839264 -0.056225751248896221 0.47134522802889461 -1.0851396544476757 -1.7801985728074563 0.01551357152768329 -0.10852824483673978 0.44723158475570346 -0.00068049847810804922 0.068665868192417712 0.26278920804267386 0.02021477041053963 0.39650979799680575 0.065687722936232359 0.019210493777277016 0.028089972377051353 0.28279217028352871 -1.1276909082730169 0.56055088727270863 -0.049846416244798422 -0.62000959916034759 -0.079599828147932428 1.0574608249755311 -0.15650145266984766 -0.0077201261068160498
leaf_weight=650 287 690 844 72 456 52 673 207 5088 453 212 999 4221 901 164 234 993 189 762 378 336 57 421 801 459 88 683 57 776 1238
leaf_count=650 287 690 844 72 456 52 673 207 5088 453 212 999 4221 901 164 234 993 189 762 378 336 57 421 801 459 88 683 57 776 1238
internal_value=-0.00218207 0.0132656 0.0313358 0.00203646 -0.0102888 0.00946534 -0.0406115 0.00268365 -0.0450356 -0.0160679 -0.0213606 -0.0257904 0.0397196 0.01028 -0.0140625 0.022971 0.0286096 0.0112913 0.0223839 0.000456482 -0.00747036 -0.0150558 -0.0284547 0.0385284 0.00497835 -0.00229008 -0.0266216 -0.00326923 -0.00625636 -0.0105344
internal_weight=23441 16720 6408 10312 3878 6434 6721 4751 5761 1493 2521 2309 5564 1357 960 1343 1683 3258 1615 1643 1265 1076 673 853 693 252 740 1040 983 1310
internal_count=23441 16720 6408 10312 3878 6434 6721 4751 5761 1493 2521 2309 5564 1357 960 1343 1683 3258 1615 1643 1265 1076 673 853 693 252 740 1040 983 1310
cat_boundaries=0 1 2 3 4
cat_threshold=3488 50 22 3
is_linear=0
shrinkage=0.05


Tree=18
num_leaves=31
num_cat=2
split_feature=13 16 5 11 13 13 3 23 12 13 16 16 13 19 13 13 13 25 29 12 13 12 16 15 8 22 8 12 3 13
split_gain=5296.76 1274.63 295.992 278.51 404.711 618.829 484.419 351.066 335.472 327.328 313.394 276.215 236.021 233.691 179.155 167.203 159.346 158.495 142.286 131.689 125.351 116.119 95.5573 92.7512 92.5342 141.857 114.075 101.158 91.7619 89.9727
threshold=134.65000000000001 0.40363400608479089 0.14835164835164832 1157.5500000000004 113.37000000000002 126.61500000000002 0 345.00000000000006 256.66500000000008 118.16500000000001 0.41896283106983617 0.52821968577668932 116.99500000000002 481.0299999999998 81.250000000000014 149.57500000000002 13.410000000000002 80.000000000000128 -54.309999999999938 280.3300000000001 97.470000000000013 255.19000000000003 0.55739333358753484 155.34 5061.0770975056703 320.00000000000017 5218.276643990931 252.64500000000001 1 69.465000000000018
decision_type=2 2 2 2 2 2 9 2 2 2 2 2 2 2 2 2 2 2 2 2 2 2 2 2 2 2 2 2 9 2
left_child=1 12 15 7 6 8 10 18 -6 -10 -5 -4 14 17 16 -2 -1 -12 29 -11 -15 -19 -8 -18 25 -7 -26 -27 -17 -3
right_child=2 3 11 4 5 24 22 -9 9 19 13 -13 -14 20 -16 28 23 21 -20 -21 -22 -23 -24 -25 26 27 -28 -29 -30 -31
leaf_value=0.61897459238536023 0.033010174251966264 -0.039550785494210053 -0.051158170110953805 0.19213853693437841 -0.10446566160448399 -0.0025867726677816453 -0.082256132533571613 0.80806727996039318 0.059005937996023231 0.048393982961628626 0.43971825411962728 -1.2781328472013662 -0.014421689294747254 0.80994709909050511 0.48167453550221362 0.035434804280321155 -0.026035648273885138 -0.0063153612771572835 0.7700790699760186 -0.0066573661398914297 0.020087956985524614 0.37396165603292175 -1.5273843760524677 0.39736236849316403 -0.10223442893094817 0.023434163142296429 0.010838508271519311 -0.037762999652952801 -0.8931169324764654 -1.3580434828346861
leaf_weight=538 283 392 645 1392 1566 357 285 1154 415 193 415 4884 77 607 2630 147 504 2282 160 1263 465 135 412 167 96 782 457 55 511 169
leaf_count=538 283 392 645 1392 1566 357 285 1154 415 193 415 4884 77 607 2630 147 504 2282 160 1263 465 135 412 167 96 782 457 55 511 169
internal_value=-0.0017237 0.0129538 -0.0402164 0.00544744 0.00245594 -0.00777392 0.0113049 0.02328 -0.0200902 -0.00579904 0.0164531 -0.0446283 0.0379724 0.00922131 0.0397109 -0.0142933 0.02378 0.00169492 -0.00409154 -0.0169643 0.0291045 -0.00320645 -0.0276521 0.00752608 0.0164568 0.0242881 -0.00045208 0.0355436 -0.0281155 -0.0159537
internal_weight=23438 16968 6470 13052 11177 5184 5993 1875 3437 1871 5296 5529 3916 3904 3839 941 1209 2832 721 1456 1072 2417 697 671 1747 1194 553 837 658 561
internal_count=23438 16968 6470 13052 11177 5184 5993 1875 3437 1871 5296 5529 3916 3904 3839 941 1209 2832 721 1456 1072 2417 697 671 1747 1194 553 837 658 561
cat_boundaries=0 1 2
cat_threshold=3489 20
is_linear=0
shrinkage=0.05


Tree=19
num_leaves=31
num_cat=2
split_feature=13 16 5 13 16 8 16 12 12 10 16 2 3 13 13 16 13 16 12 13 13 10 5 13 4 13 12 13 13 13
split_gain=5001.55 1185.81 349.336 334.311 314.945 274.736 428.545 308.745 359.514 331.649 236.599 270.854 187.072 186.97 268.722 182.786 156.588 156.124 181.75 163.296 150.084 141.596 164.627 137.222 118.537 126.632 104.695 94.7434 93.2609 97.5272
threshold=135.72500000000002 0.40481189198048889 0.16025641025641021 116.45500000000001 0.53917394146025088 5468.2539682539691 0.41730962218559803 286.99500000000006 255.19000000000003 352.02500000000003 0.61728962154309397 0 1 129.39500000000001 112.78500000000001 0.74844417380556283 71.290000000000006 0.50167359356867058 134.18000000000004 116.45500000000001 113.70500000000001 123.77000000000002 0.16025641025641021 118.16500000000001 1.0000000180025095e-35 100.71500000000002 270.12500000000006 100.71500000000002 126.61500000000002 129.81500000000003
decision_type=2 2 2 2 2 2 2 2 2 2 2 1 9 2 2 2 2 2 2 2 2 2 2 2 2 2 2 2 2 2
left_child=1 3 15 12 -4 7 -7 8 9 10 17 21 -1 14 27 26 -13 19 -19 -3 24 -12 -23 -10 -8 -26 -2 -11 -9 -30
right_child=2 5 4 -5 -6 6 20 28 23 13 11 16 -14 -15 -16 -17 -18 18 -20 -21 -22 22 -24 -25 25 -27 -28 -29 29 -31
leaf_value=0.067001733521510162 0.035000958107740225 0.11663191373194214 -0.043142006501789079 -0.013700604830009944 -1.597590691225629 0.040281644419934808 -0.93755625056290381 -0.0061320249984812671 0.36021472744322303 0.1206601121837915 3.0398788529636982 0.11523893416865683 0.4623793446803488 0.013809253592012107 -0.10429764660343821 -2.8093979833853311 -1.6148194253644601 0.020461256053858536 0.045869773561915399 -0.11605302560286682 -0.11240558853816172 0.3395497220498051 -0.027671697146715246 0.01058158455396363 0.60857385785586304 -0.0062660959880891376 -0.34820031329364803 -0.0079310932209201834 0.020262227652862386 -0.010567673832423009
leaf_weight=465 476 1313 714 138 4654 372 239 1094 1182 98 238 209 3468 294 713 251 457 552 2234 192 425 206 764 427 109 1042 203 520 154 168
leaf_count=465 476 1313 714 138 4654 372 239 1094 1182 98 238 209 3468 294 713 251 457 552 2234 192 425 206 764 427 109 1042 203 520 154 168
internal_value=-0.000960592 0.0130879 -0.0390441 0.0366372 -0.0439456 0.00571451 -0.0104481 0.00898289 0.0122619 0.00781772 0.0131144 -0.00170758 0.0393211 -0.0122769 -0.0202479 -0.0107527 -0.027071 0.0195875 0.0265973 0.0066113 -0.0204683 0.0123974 0.00402062 0.0337787 -0.012518 -0.00586447 0.00272459 0.0038835 -0.0127825 0.0108696
internal_weight=23371 17073 6298 4071 5368 13002 2187 10815 9399 7790 6165 1874 3933 1625 1331 930 666 4291 2786 1505 1815 1208 970 1609 1390 1151 679 618 1416 322
internal_count=23371 17073 6298 4071 5368 13002 2187 10815 9399 7790 6165 1874 3933 1625 1331 930 666 4291 2786 1505 1815 1208 970 1609 1390 1151 679 618 1416 322
cat_boundaries=0 1 2
cat_threshold=28 72
is_linear=0
shrinkage=0.05


Tree=20
num_leaves=31
num_cat=3
split_feature=13 16 16 5 12 16 8 13 13 5 12 12 3 12 3 46 13 57 12 41 16 13 58 8 12 13 13 12 12 4
split_gain=4770.93 1180.94 321.403 330.218 306.779 587.557 550.496 232.248 258.847 441.974 242.38 263.212 190.454 176.478 164.56 156.849 121.736 112.628 137.469 102.052 100.459 100.158 99.1973 91.6581 98.4335 87.1348 84.2556 91.5163 82.1882 70.9163
threshold=137.43500000000003 0.40151764539305207 0.54169640969771871 0.16025641025641021 289.25500000000005 0.41730962218559803 5405.7596371882091 131.31500000000003 115.92500000000003 0.13392857142857142 158.34000000000003 63.000000000000007 0 274.00500000000005 1 2 113.70500000000001 207.18500000000003 256.14000000000004 0.089087301587301507 0.73651276330822424 115.43500000000002 152.99000000000004 5061.0770975056703 252.98500000000004 123.96500000000002 129.39500000000001 253.84500000000003 92.815000000000012 1.0000000180025095e-35
decision_type=2 2 2 2 2 2 2 2 2 2 2 2 9 2 9 1 2 2 2 2 2 2 2 2 2 2 2 2 2 2
left_child=1 12 -2 13 5 -3 7 8 10 -10 11 -7 -1 20 22 -11 29 -12 -19 -18 -4 -14 -13 24 -9 -6 27 -17 -16 -8
right_child=2 4 3 -5 25 6 16 23 9 15 17 14 21 -15 28 26 19 18 -20 -21 -22 -23 -24 -25 -26 -27 -28 -29 -30 -31
leaf_value=0.055557203258439936 -0.025132157015103476 0.14817745364309953 0.02978988570799861 -1.8398112238030195 -0.0075881928094798214 1.6118306660964674 -0.71057856926034446 0.024498033548765365 0.70995114192781317 -0.11127711972738662 0.64014969481552908 0.65667283364319462 0.45291228540672401 -2.7069906471585696 -0.058377527192927658 -0.052060687056287594 -0.10533491207170798 0.0066741023816849323 0.33674747622464418 0.24721224740214237 -0.71299111038943019 -0.010968600513204585 -0.009436938935872009 -0.048061310938532033 -0.057772687488720824 -0.00010977824313158636 0.0083293595467061731 0.00083308133966140127 -1.0459841195955506 -0.003871380857518503
leaf_weight=482 698 1800 420 4504 913 454 319 1008 414 526 962 345 3117 298 463 595 537 712 305 47 115 41 1070 145 55 576 298 432 335 1377
leaf_count=482 698 1800 420 4504 913 454 319 1008 414 526 962 345 3117 298 463 595 537 712 305 47 115 41 1070 145 55 576 298 432 335 1377
internal_value=-0.000926679 0.0124077 -0.0392129 -0.0433858 0.0056765 0.00829166 0.00372632 0.00982264 0.00628708 -0.00757174 0.0130435 0.00320585 0.0377198 -0.0144658 -0.00390872 -0.0180173 -0.0179825 0.0263012 0.0147001 -0.0376712 0.00271028 0.0421402 0.00635088 0.0300497 0.0351364 -0.0157488 -0.00857678 -0.0154333 -0.0219059 -0.0112028
internal_weight=23363 17328 6035 5337 13688 12199 10399 8119 6911 2265 4646 2667 3640 833 2213 1851 2280 1979 1017 584 535 3158 1415 1208 1063 1489 1325 1027 798 1696
internal_count=23363 17328 6035 5337 13688 12199 10399 8119 6911 2265 4646 2667 3640 833 2213 1851 2280 1979 1017 584 535 3158 1415 1208 1063 1489 1325 1027 798 1696
cat_boundaries=0 1 2 3
cat_threshold=72 3335 8
is_linear=0
shrinkage=0.05


Tree=21
num_leaves=31
num_cat=3
split_feature=13 13 2 13 3 12 12 13 11 12 3 8 8 12 13 17 8 23 14 13 10 13 13 12 19 57 59 12 13 12
split_gain=4496.8 763.808 591.499 630.26 460.495 277.636 267.312 823.326 666.445 245.766 240.424 228.618 223.319 220.444 216.207 187.745 126.335 121.924 120.928 112.607 93.8026 89.6929 86.6533 191.676 109.427 103.048 81.7464 80.8754 75.4044 78.5241
threshold=139.13500000000002 113.95500000000001 0 126.61500000000002 1 255.44500000000002 253.34500000000003 100.46500000000002 1508.7350000000004 55.620000000000012 2 5061.0770975056703 4108.1405895691614 286.99500000000006 64.39500000000001 845.00000000000011 5218.276643990931 605.00000000000011 115.69000000000004 130.22500000000002 331.18500000000006 129.39500000000001 182.28500000000003 272.61500000000007 464.99999999999994 89.720000000000013 3550.2650000000003 252.64500000000001 117.26500000000001 280.3300000000001
decision_type=2 2 1 2 9 2 2 2 2 2 9 2 2 2 2 2 2 2 2 2 2 2 2 2 2 2 2 2 2 2
left_child=1 4 18 5 6 -4 7 8 15 -6 -2 19 -11 28 -14 -1 -13 -9 -3 -5 -17 -18 23 25 -25 -12 -19 -21 -7 -30
right_child=10 2 3 11 9 13 -8 17 -10 12 22 16 14 -15 -16 20 21 26 -20 27 -22 -23 -24 24 -26 -27 -28 -29 29 -31
leaf_value=0.28634466314418566 0.016780334349148874 0.77031980076575257 -0.098393057664232231 -0.0045580064299485913 0.41601285111480291 0.060430446818837247 0.4165587981126091 1.0936347853383681 0.41141667838431267 1.072741618702034 -0.016019309985805832 -0.093207871129650149 -0.026531756968835387 -0.0065970067452969516 -1.5106768192188431 -0.050716934938891178 0.027067330337634046 -0.00652087062078639 -1.711251677687293 0.020055670236446589 0.48174419160223858 -0.020481413647426727 -5.2227223823824049 -0.0040132960731796173 -0.21333235286208671 -0.49376010779846879 0.50547441525949144 -0.024486903874201008 0.027728230560718627 -0.0083797334060813355
leaf_weight=463 303 591 1427 291 437 315 1721 105 3459 196 188 154 1159 1293 494 915 190 1957 40 1181 75 515 2186 484 373 2216 100 95 250 180
leaf_count=463 303 591 1427 291 437 315 1721 105 3459 196 188 154 1159 1293 494 915 190 1957 40 1181 75 515 2186 484 373 2216 100 95 250 180
internal_value=-0.00114118 0.0113986 -0.00217725 -0.00712591 0.019389 -0.0208225 0.0245713 0.0202997 0.0316164 -0.00065331 -0.0395304 0.0124073 -0.00862628 -0.00897939 -0.0146098 0.00320028 -0.00832363 -0.00541166 0.0434477 0.0237715 -0.00909091 0.000638298 -0.0419003 -0.0368139 -0.0165111 -0.0440516 -0.00809431 0.0301724 0.0126846 -0.000930233
internal_weight=23353 17603 6522 5891 11081 3465 8795 7074 4912 2286 5750 2426 1849 2038 1653 1453 859 2162 631 1567 990 705 5447 3261 857 2404 2057 1276 745 430
internal_count=23353 17603 6522 5891 11081 3465 8795 7074 4912 2286 5750 2426 1849 2038 1653 1453 859 2162 631 1567 990 705 5447 3261 857 2404 2057 1276 745 430
cat_boundaries=0 1 2 3
cat_threshold=2 3364 22
is_linear=0
shrinkage=0.05


Tree=22
num_leaves=31
num_cat=3
split_feature=13 16 11 23 16 13 11 41 13 13 12 2 2 12 46 13 11 12 12 21 10 16 12 13 29 12 13 12 12 12
split_gain=4388.47 1203.26 327.771 333.703 323.867 300.426 253.172 232.335 295.469 341.929 275.805 256.577 198.937 184.124 174.247 165.957 242.131 230.503 162.53 139.814 135.103 121.981 238.311 154.95 116.623 110.256 108.093 105.57 96.1326 83.8105
threshold=139.61500000000004 0.40481189198048889 1129.8150000000003 325.00000000000006 0.54807025006060595 115.92500000000003 915.20000000000016 0.014185110663983853 113.70500000000001 127.46500000000002 290.93000000000006 0 1 217.34000000000003 2 99.925000000000026 1604.45 253.34500000000003 81.625000000000014 1335.0000000000002 361.90500000000003 0.52821968577668932 254.94500000000002 117.26500000000001 -94.284999999999954 268.90500000000003 100.18500000000002 264.17500000000007 151.67000000000004 281.77500000000003
decision_type=2 2 2 2 2 2 2 2 2 2 2 1 1 2 1 2 2 2 2 2 2 2 2 2 2 2 2 2 2 2
left_child=1 5 3 24 -2 13 25 8 11 27 12 -4 18 14 -1 16 -13 -17 -9 -14 -11 22 26 -24 -3 -6 -21 -10 -5 -29
right_child=4 2 7 28 6 -7 -8 10 9 20 -12 15 19 -15 -16 17 -18 -19 -20 21 -22 -23 23 -25 -26 -27 -28 29 -30 -31
leaf_value=0.46172311477232147 -0.021138000430660497 -0.88872010121078626 -0.69918308755352787 0.19528885670389615 0.03864165613059907 -0.011373567061298218 -1.9320631765259195 0.13307622717988715 -0.097033112617183725 0.013705977810675131 -0.0046001244326175699 -0.044113244672904721 -0.016013513852723937 0.38834585877021177 0.040544320753992752 -0.0055907332829274736 0.25768826982171 0.36833248095539145 -1.1018545650470999 0.089208056384085854 -0.085926089587481158 0.032348584435769823 0.34055031178610595 0.0045999282679623837 0.090912489641806191 -0.77882262861357465 -0.0063843672679692711 0.072084419338553474 0.73856426706933742 -0.0089931701642548493
leaf_weight=515 630 218 421 269 275 139 4582 335 1267 636 1246 432 279 2715 703 1479 834 336 307 245 263 1352 570 483 422 141 1004 120 963 191
leaf_count=515 630 218 421 269 275 139 4582 335 1267 636 1246 432 279 2715 703 1479 834 336 307 245 263 1352 570 483 422 141 1004 120 963 191
internal_value=-0.000868561 0.0113334 0.00422762 0.0236645 -0.039339 0.0351916 -0.0435974 0.00114407 -0.00577856 -0.0189948 0.0082546 0.00356939 0.0139344 0.0377447 0.0215928 0.00858945 0.0225118 -0.00107438 -0.0118098 0.0181207 0.00561735 0.0207718 0.0137706 0.0312915 -0.005625 -0.00625 -0.0010008 -0.0330165 0.0388799 -0.00691318
internal_weight=23372 17744 13672 1872 5628 4072 4998 11800 5979 2477 5821 3502 4575 3933 1218 3081 1266 1815 642 3933 899 3654 2302 1053 640 416 1249 1578 1232 311
internal_count=23372 17744 13672 1872 5628 4072 4998 11800 5979 2477 5821 3502 4575 3933 1218 3081 1266 1815 642 3933 899 3654 2302 1053 640 416 1249 1578 1232 311
cat_boundaries=0 1 2 3
cat_threshold=2 1 10
is_linear=0
shrinkage=0.05


Tree=23
num_leaves=31
num_cat=8
split_feature=13 16 8 3 13 13 13 3 8 13 5 16 55 13 41 16 3 16 58 16 47 18 8 46 47 16 8 19 52 9
split_gain=4018.45 1231.44 360.802 501.201 532.498 443.513 409.564 389.893 306.082 349.258 295.677 303.081 258.097 215.004 212.888 210.631 193.81 166.211 158.898 152.48 97.0998 85.062 82.9007 81.7483 81.5919 72.3623 67.9833 64.7507 62.3338 58.3573
threshold=141.71500000000003 0.40302789763711705 5061.0770975056703 0 129.39500000000001 113.95500000000001 93.415000000000006 1 5405.7596371882091 99.925000000000026 0.16025641025641021 0.55578095808717842 2 115.43500000000002 0.014185110663983853 0.65762917369598439 3 0.46874802631190299 258.29500000000007 0.75600828429742517 4 1445.0000000000002 5218.276643990931 5 6 0.44016432173688036 5468.2539682539691 434.99999999999994 7 237.67000000000004
decision_type=2 2 2 9 2 2 2 9 2 2 2 2 1 2 2 2 9 2 2 2 1 2 2 1 1 2 2 2 1 2
left_child=1 13 3 29 6 7 12 8 22 -10 19 -12 -5 16 18 26 -1 -8 -7 20 -2 24 -4 28 -18 -11 -9 -22 -16 -3
right_child=10 2 5 4 -6 14 17 15 9 25 11 -13 -14 -15 23 -17 21 -19 -20 -21 27 -23 -24 -25 -26 -27 -28 -29 -30 -31
leaf_value=0.052078714906260086 0.089828047020812471 -0.024049333195605274 -0.0017081721265647333 -0.057881033803351391 0.017801363678465167 -0.086661864168623121 0.017092585564773801 0.049233449505194038 0.085516641119295675 -0.0077216202042169613 -0.023542904467231552 -2.0755918296185705 0.76608756196266881 -0.011737636257705832 0.016748502880500383 -1.3639983739113895 -0.24469929153899381 -0.06929528491759776 -0.0029912871967242797 -2.1708393502066659 0.0023540082545329358 0.39225355610422313 0.39424458344879104 -0.004236601772020343 0.3682459854045812 0.0025732398028204709 -0.021548684524535136 -0.51662119174353127 -1.4286434631098091 0.73386398743259118
leaf_weight=496 229 69 156 790 1530 1066 305 1026 384 801 499 4015 434 78 559 420 129 1115 452 230 226 2838 1461 1609 275 378 423 105 60 1157
leaf_count=496 229 69 156 790 1530 1066 305 1026 384 801 499 4015 434 78 559 420 129 1115 452 230 226 2838 1461 1609 275 378 423 105 60 1157
internal_value=-0.000473944 0.0107906 0.00401198 0.0141852 0.00585564 -0.00223422 -0.00771558 0.00743712 0.0180564 0.00233525 -0.0387255 -0.0436642 0.0134804 0.0360063 -0.0152696 -0.0106706 0.0377207 -0.0259859 -0.0297101 -0.0105063 0.00357143 0.0421279 0.0333643 -0.00543088 0.0207921 -0.0111535 -0.00169082 -0.0137462 0.00993641 0.0421521
internal_weight=23315 18011 14195 5400 4174 8795 2644 5049 3180 1563 5304 4514 1224 3816 3746 1869 3738 1420 1518 790 560 3242 1617 2228 404 1179 1449 331 619 1226
internal_count=23315 18011 14195 5400 4174 8795 2644 5049 3180 1563 5304 4514 1224 3816 3746 1869 3738 1420 1518 790 560 3242 1617 2228 404 1179 1449 331 619 1226
cat_boundaries=0 1 2 3 4 5 6 7 8
cat_threshold=286 1312 13 72 2 9 4 2
is_linear=0
shrinkage=0.05


Tree=24
num_leaves=31
num_cat=6
split_feature=13 16 8 55 13 13 12 13 16 5 55 3 13 12 3 61 16 12 13 13 13 2 16 13 16 5 18 16 19 47
split_gain=3882.35 1181.14 352.526 507.974 547.802 444.206 567.934 323.215 270.984 273.874 257.318 220.756 503.445 216.37 183.347 177.802 162.023 149.122 141.397 139.062 125.774 112.893 98.7175 98.3185 96.1845 86.8098 84.6539 78.6172 75.1071 74.0703
threshold=143.73500000000004 0.40151764539305207 5061.0770975056703 0 130.22500000000002 113.95500000000001 253.34500000000003 91.985000000000014 0.56031039859099241 0.14835164835164832 1 2 99.665000000000006 258.94000000000005 3 1277.4200000000003 0.46874802631190299 274.00500000000005 116.99500000000002 69.465000000000018 114.62500000000001 4 0.41843578111910129 125.36500000000002 0.44016432173688036 0.080128205128205107 1445.0000000000002 0.76069266706122096 494.99999999999994 5
decision_type=2 2 2 1 2 2 2 2 2 2 1 9 2 2 9 2 2 2 2 2 2 1 2 2 2 2 2 2 2 1
left_child=1 14 3 -3 7 6 11 10 28 17 -5 12 21 15 -1 25 -9 27 -15 -13 26 -4 -20 -18 -14 -7 29 -10 -2 -16
right_child=8 2 5 4 -6 13 -8 16 9 -11 -12 19 24 18 20 -17 23 -19 22 -21 -22 -23 -24 -25 -26 -27 -28 -29 -30 -31
leaf_value=0.03591316897098009 0.026088377454993331 0.69120091679029017 0.072953493826598145 -0.049863106686662211 0.020141125562928866 -1.5166817133755417 0.33392859550852699 0.038561015191659734 0.046801609695507555 -2.7747044020456446 1.087944278921142 -0.070483027820513661 -0.0076209266782544917 0.04181776677843612 -0.20666419421057933 -0.084653195450113211 -0.082068823034622179 -2.49680868487056 -0.0065370415898685866 -1.513460146683455 -0.010681054125723045 0.3643597276835262 -0.0019266385474846716 -0.0033588364121975192 0.0039338920279116786 0.11158396426165824 0.38266587887121661 -0.71145198886508954 -0.077910911941557803 0.31841121710005105
leaf_weight=485 346 1194 277 777 1644 43 919 338 367 3764 373 797 1269 275 123 1040 1008 258 941 376 48 773 1441 309 786 124 2715 68 210 277
leaf_count=485 346 1194 277 777 1644 43 919 338 367 3764 373 797 1269 275 123 1040 1008 258 941 376 48 773 1441 309 786 124 2715 68 210 277
internal_value=0.000147657 0.0107999 0.00448177 0.014292 0.00644763 -0.00162786 0.00791803 -0.0069697 -0.038849 -0.0429549 0.0133913 0.000257129 0.00723917 -0.0144669 0.0362664 -0.0320215 -0.0211178 -0.0140693 -0.00649228 -0.0181319 0.0406083 0.0354286 -0.0104114 -0.0290433 -0.00712895 0.0158683 0.0419743 0.0037931 -0.00593525 0.0205
internal_weight=23365 18352 14704 5643 4449 9061 5197 2805 5013 4457 1150 4278 3105 3864 3648 1207 1655 693 2657 1173 3163 1050 2382 1317 2055 167 3115 435 556 400
internal_count=23365 18352 14704 5643 4449 9061 5197 2805 5013 4457 1150 4278 3105 3864 3648 1207 1655 693 2657 1173 3163 1050 2382 1317 2055 167 3115 435 556 400
cat_boundaries=0 1 2 3 4 5 6
cat_threshold=3 12 3489 72 1 4
is_linear=0
shrinkage=0.05


Tree=25
num_leaves=31
num_cat=4
split_feature=13 16 8 55 13 13 12 16 12 18 12 3 5 3 13 13 2 13 61 16 13 13 22 18 12 30 16 30 16 4
split_gain=3579.6 1162.74 365.659 445.538 538.448 399.279 626.248 265.509 257.398 257.298 202.369 197.816 189.093 167.23 460.282 141.152 123.756 112.362 97.0606 96.1575 90.302 222.546 80.3042 76.4811 73.4012 72.8005 71.2795 70.576 69.1024 77.308
threshold=146.79500000000004 0.40082697599223877 5061.0770975056703 0 131.31500000000003 114.19500000000001 253.34500000000003 0.56533854009850348 77.260000000000005 785.00000000000011 258.94000000000005 1 0.16025641025641021 2 99.305000000000021 64.39500000000001 3 116.99500000000002 1212.7650000000001 0.41843578111910129 116.73500000000001 125.36500000000002 320.00000000000017 1445.0000000000002 256.66500000000008 -10.014999999999985 0.78852609712514454 716.76999999999998 0.59917309959082055 1.5000000000000002
decision_type=2 2 2 1 2 2 2 2 2 2 2 9 2 9 2 2 1 2 2 2 2 2 2 2 2 2 2 2 2 2
left_child=1 11 3 -3 8 6 13 -2 -5 26 12 -1 -7 14 16 -15 25 -12 -16 -19 28 -22 -23 -13 -6 -4 -9 -21 29 -10
right_child=7 2 5 4 24 10 -8 9 20 -11 17 23 -14 15 18 -17 -18 19 -20 27 21 22 -24 -25 -26 -27 -28 -29 -30 -31
leaf_value=0.031927419702071268 -0.016940921776701146 0.61862423309230419 -0.22469127423195126 1.3490985949185879 0.023920135099439934 0.075094155810839253 0.30334466955542755 0.052363277871972702 -0.22473129074506135 -2.8599569480071718 0.036132980947795178 0.19178035364592599 -0.080933915634535766 -0.053132723129579777 0.3625686808708018 -1.4270911197917291 0.35636436426821277 -0.0061377069811431543 -0.0045022261380770704 0.00047965689378024482 -0.11690828780929047 -0.012314988486761713 0.01246676476917692 0.36250758769331126 -0.017454131999038936 0.22380599976164017 -3.1071817066376073 -0.34493419776312673 -0.038320484856958187 0.042253909865202437
leaf_weight=469 488 1285 81 365 1561 176 961 216 249 3856 262 400 1037 797 103 402 747 934 2054 1411 496 234 239 2674 72 204 52 115 771 638
leaf_count=469 488 1285 81 365 1561 176 961 216 249 3856 262 400 1037 797 103 402 747 934 2054 1411 496 234 239 2674 72 204 52 115 771 638
internal_value=0.000691678 0.0104045 0.00438989 0.0141117 0.0068069 -0.00179879 0.00709478 -0.0387684 -0.00578209 -0.0428952 -0.0138882 0.0361981 -0.0308739 -0.000911577 0.00507971 -0.0167494 0.0325581 -0.00631888 -0.00804358 -0.00963415 -0.0112486 -0.0233746 0.00116279 0.0407588 0.0299143 0.00355932 0.00447761 -0.00190039 -0.00416164 0.00535513
internal_weight=23349 18737 15194 5910 4625 9284 5349 4612 2992 4124 3935 3543 1213 4388 3189 1199 1032 2722 2157 2460 2627 969 473 3074 1633 285 268 1526 1658 887
internal_count=23349 18737 15194 5910 4625 9284 5349 4612 2992 4124 3935 3543 1213 4388 3189 1199 1032 2722 2157 2460 2627 969 473 3074 1633 285 268 1526 1658 887
cat_boundaries=0 1 2 3 4
cat_threshold=3 72 3489 1
is_linear=0
shrinkage=0.05


Tree=26
num_leaves=31
num_cat=6
split_feature=13 16 8 13 12 57 13 11 16 12 41 3 3 13 3 13 16 58 2 13 55 13 16 12 12 16 2 61 8 13
split_gain=3270.99 1058.29 403.372 381.06 610.528 330.614 552.079 242.97 288.719 205.847 196.836 194.612 188.607 349.652 155.648 141.576 138.119 129.466 125.953 122.058 132.896 126.808 119.559 115.687 112.366 108.433 94.0041 86.8222 84.9511 78.7292
threshold=149.17500000000004 0.40082697599223877 5061.0770975056703 114.19500000000001 255.19000000000003 29.200000000000006 131.31500000000003 949.70500000000004 0.56702822330064928 55.620000000000012 1.0000000180025095e-35 0 1 99.015000000000015 2 113.70500000000001 0.63978636131033884 258.29500000000007 3 92.585000000000022 4 125.36500000000002 0.52821968577668932 290.11500000000007 280.3300000000001 0.47430824505043956 5 1212.7650000000001 4493.4013605442187 134.65000000000001
decision_type=2 2 2 2 2 2 2 2 2 2 2 9 9 2 9 2 2 2 1 2 1 2 2 2 2 2 1 2 2 2
left_child=1 11 5 4 12 -3 9 24 -9 -7 17 -1 13 18 28 -13 -14 -5 -4 20 -16 25 -8 26 -2 -21 -12 -15 -11 -24
right_child=7 2 3 10 -6 6 22 8 -10 14 23 15 16 27 19 -17 -18 -19 -20 21 -22 -23 29 -25 -26 -27 -28 -29 -30 -31
leaf_value=0.032148527490883615 0.054980849038650352 0.6381795362888778 0.037742055199513659 -0.076032574992274615 0.2924774343610424 2.6305477454209845 -0.020688027860504301 -0.0027093382352351373 -3.45103345468296 -0.020043518316915334 0.032915112550146119 0.33735719295448918 -0.014942803075222067 0.3658056333182006 0.19821819129507087 -0.024405688571257935 -1.2554378550305199 -0.0042547480770357641 0.35637741525974587 -0.0063839652770717242 -0.11276571598521486 0.0028532282129610565 0.013292089565947407 -0.005299364464204182 -1.8951836150966237 -0.085727586585485946 -0.01092086875625391 -0.0030057521223438854 0.38664283118195936 0.045743215714544407
leaf_weight=481 260 1125 301 1110 918 194 132 381 3466 150 709 3013 1161 100 227 43 408 479 659 323 683 445 664 1478 89 851 234 1776 197 1285
leaf_count=481 260 1125 301 1110 918 194 132 381 3466 150 709 3013 1161 100 227 43 408 479 659 323 683 445 664 1478 89 851 234 1776 197 1285
internal_value=0.00189787 0.0106602 0.00506439 -0.00152684 0.00724216 0.0148662 0.00950301 -0.0380839 -0.0417078 -0.00397394 -0.0131671 0.0353548 -0.000488082 0.00720309 -0.00733658 0.0399543 -0.0143445 -0.0268408 0.0317708 -0.0116384 0.00296703 -0.0199197 0.0293849 -0.00419248 0.00186246 -0.0285349 0.00949099 -0.00533049 0.0236695 0.0325038
internal_weight=23342 19146 15609 9333 5323 6276 5151 4196 3847 3070 4010 3537 4405 2836 2876 3056 1569 1589 960 2529 910 1619 2081 2421 349 1174 943 1876 347 1949
internal_count=23342 19146 15609 9333 5323 6276 5151 4196 3847 3070 4010 3537 4405 2836 2876 3056 1569 1589 960 2529 910 1619 2081 2421 349 1174 943 1876 347 1949
cat_boundaries=0 1 2 3 4 5 6
cat_threshold=72 1441 2304 1 16 8
is_linear=0
shrinkage=0.05


Tree=27
num_leaves=31
num_cat=4
split_feature=13 16 8 16 13 12 55 13 18 16 12 5 12 13 13 2 13 16 13 57 11 13 4 12 8 12 12 46 13 2
split_gain=2924.46 937.844 512.958 565.479 329.677 660.329 308.229 279.111 246.52 250.404 158.191 202.308 152.736 165.537 159.226 134.622 414.862 191.914 130.762 130.596 139.99 134.141 102.131 97.7424 154.805 96.6618 90.9584 89.7554 89.2613 88.2594
threshold=152.90000000000001 0.40082697599223877 3968.3900226757373 0.50167359356867058 114.19500000000001 253.34500000000003 0 116.73500000000001 895.00000000000011 0.5854735779292457 257.21500000000009 0.16025641025641021 217.34000000000003 10.260000000000002 113.37000000000002 1 98.640000000000015 0.63978636131033884 146.79500000000004 92.125000000000014 1466.2050000000002 141.19500000000002 1.0000000180025095e-35 280.3300000000001 5468.2539682539691 233.70500000000001 282.97000000000008 2 27.865000000000006 3
decision_type=2 2 2 2 2 2 1 2 2 2 2 2 2 2 2 1 2 2 2 2 2 2 2 2 2 2 2 1 2 1
left_child=1 12 3 7 5 15 18 29 26 -10 11 22 13 -1 -14 16 -4 28 19 21 -21 -5 -6 24 -12 -18 -2 -25 -17 -3
right_child=8 2 4 6 10 -7 -8 -9 9 -11 23 -13 14 -15 -16 17 25 -19 -20 20 -22 -23 -24 27 -26 -27 -28 -29 -30 -31
leaf_value=0.86949010198291266 0.064113959519765909 -0.013178414403409278 0.38866809176027212 0.64409656733310472 -1.4744765517561369 0.28953743007732297 -0.10026342424268933 -0.1020751908802608 -0.002573871323473398 -3.9342564706695153 0.069785389023764036 -0.074326811108890931 0.31161434475085659 0.022511787747460633 -0.018551389484128888 0.32514880948679675 0.23678436363256489 -0.92267776896627685 0.083206620228385486 -0.014048453897442493 0.018860563027280366 -0.025997849050114041 0.12796471892445282 0.0078446460865819745 -0.35634634623128036 -0.0028463939886671954 -2.12184998454032 -0.0057076582018301463 -0.012882042877897071 0.66873412141151312
leaf_weight=468 246 545 639 831 47 1053 585 436 329 2935 529 1061 2288 706 48 208 184 607 875 174 2425 55 175 495 90 1717 67 1876 1445 191
leaf_count=468 246 545 639 831 47 1053 585 436 329 2935 529 1061 2288 706 48 208 184 607 875 174 2425 55 175 495 90 1717 67 1876 1445 191
internal_value=0.00384483 0.011378 0.00631349 0.0177456 -0.000592534 0.00711601 0.0251466 -0.0134812 -0.0377551 -0.0418199 -0.0111514 -0.0258379 0.0348148 0.0201022 0.0422089 -0.00075 0.00713725 -0.00960352 0.0296796 0.0254089 0.0197576 0.0419865 0.0175676 -0.0048495 0.0128433 -0.00455024 0.00463259 -0.00946858 -0.000816697 0.00529891
internal_weight=23330 19753 16243 6117 10126 5853 4945 1172 3577 3264 4273 1283 3510 1174 2336 4800 2540 2260 4360 3485 2599 886 222 2990 619 1901 313 2371 1653 736
internal_count=23330 19753 16243 6117 10126 5853 4945 1172 3577 3264 4273 1283 3510 1174 2336 4800 2540 2260 4360 3485 2599 886 222 2990 619 1901 313 2371 1653 736
cat_boundaries=0 1 2 3 4
cat_threshold=49 12 9 8
is_linear=0
shrinkage=0.05


Tree=28
num_leaves=31
num_cat=7
split_feature=13 16 8 16 13 12 55 13 3 3 12 8 8 18 16 2 12 16 47 13 8 18 3 59 9 13 13 14 2 30
split_gain=2837.46 951.574 503.873 506 386.948 657.589 299.456 289.449 195.305 182.293 394.823 167.275 155.58 153.971 145.495 134.476 203.554 109.221 98.0646 96.3208 86.9874 84.8738 78.6234 75.367 92.8859 72.38 71.631 107.513 89.1722 77.3134
threshold=169.28000000000003 0.39792671464356716 4787.00680272109 0.50167359356867058 114.62500000000001 253.34500000000003 0 116.73500000000001 1 2 239.71500000000003 5468.2539682539691 5218.276643990931 875.00000000000011 0.65762917369598439 3 284.42500000000007 0.59033820454843222 4 122.33500000000002 5008.9909297052163 1525.0000000000002 5 834.13000000000022 1179.2000000000003 112.78500000000001 98.175000000000026 130.57500000000002 6 -13.054999999999948
decision_type=2 2 2 2 2 2 1 2 9 9 2 2 2 2 2 1 2 2 1 2 2 2 9 2 2 2 2 2 1 2
left_child=1 8 3 7 5 9 -5 22 -1 10 26 12 20 -2 -11 16 19 -15 -8 -14 -6 -10 -3 -20 -25 -7 28 -28 29 -4
right_child=13 2 4 6 11 25 18 -9 21 14 -12 -13 15 17 -16 -17 -18 -19 23 -21 -22 -23 -24 24 -26 -27 27 -29 -30 -31
leaf_value=0.039810309735053506 0.0090123968131367253 0.70748514179552369 -0.30944234693973449 -0.018859516501481724 -0.0083213620374436911 0.31257667759694885 0.055557944904777661 -0.097134055788232407 0.19529252728192784 -0.012722782828946145 -0.0027131448167932782 -0.13038025641507717 0.0038964389131634471 0.017897138952167779 -1.1237582916765845 -3.1758486093739098 -0.004530329767803121 -4.0587937997239303 0.41300152091934345 0.12431600773342968 -0.070138949648642784 0.32745862675037429 0.00049319531492244553 -0.016330250694241589 0.019383645031998853 0.0087206106207032615 0.341782659462391 -0.014558332575693901 0.38171022031862994 0.24525201225888671
leaf_weight=488 184 101 73 807 251 1067 1910 444 436 1539 1754 423 532 111 443 159 2256 2457 784 430 545 2281 728 125 1730 187 182 173 659 194
leaf_count=488 184 101 73 807 251 1067 1910 444 436 1539 1754 423 532 111 443 159 2256 2457 784 430 545 2281 728 125 1730 187 182 173 659 194
internal_value=0.00460282 0.0109439 0.00635574 0.0172198 -0.000271464 0.00780577 0.0239544 -0.0111155 0.0359906 -0.000289017 0.00740558 -0.0112924 -0.00825545 -0.0430959 -0.0120482 -0.00356826 -0.00127014 -0.0462617 0.0288989 0.0179834 -0.0281407 0.0411624 0.00633293 0.0227169 0.0172237 0.0401914 0.0285324 0.00943662 0.0358531 0.0099278
internal_weight=23453 20701 17496 6629 10867 6271 5356 1273 3205 5017 3035 4596 4173 2752 1982 3377 3218 2568 4549 962 796 2717 829 2639 1855 1254 1281 355 926 267
internal_count=23453 20701 17496 6629 10867 6271 5356 1273 3205 5017 3035 4596 4173 2752 1982 3377 3218 2568 4549 962 796 2717 829 2639 1855 1254 1281 355 926 267
cat_boundaries=0 1 2 3 4 5 6 7
cat_threshold=44 72 1313 28 4 10 1
is_linear=0
shrinkage=0.05


Tree=29
num_leaves=31
num_cat=8
split_feature=13 16 8 16 13 12 55 13 3 3 3 12 8 16 8 2 12 13 2 16 13 29 59 3 47 8 13 13 10 20
split_gain=2628.07 894.736 462.986 454.067 360.631 677.793 286.127 262.294 195.201 162.662 158.474 353.328 157.607 155.938 140.821 131.571 175.711 124.595 123.787 115.565 96.6556 92.0974 88.0466 85.4003 79.4121 78.4469 76.2253 98.2232 89.9468 75.6048
threshold=169.28000000000003 0.39792671464356716 4787.00680272109 0.50167359356867058 114.62500000000001 253.34500000000003 0 116.99500000000002 1 2 3 238.53000000000003 5468.2539682539691 0.6314113923718313 5218.276643990931 4 283.64500000000004 69.465000000000018 5 0.69320278803984581 122.33500000000002 -160.36500000000004 586.67000000000007 6 7 4987.437641723357 135.72500000000002 91.015000000000015 241.95000000000002 1065.0000000000002
decision_type=2 2 2 2 2 2 1 2 9 9 9 2 2 2 2 1 2 2 1 2 2 2 2 9 1 2 2 2 2 2
left_child=1 8 3 7 5 10 -5 23 -1 -2 11 18 14 -11 25 16 20 29 19 -4 -16 -8 24 -3 -10 -6 27 -23 -29 -12
right_child=9 2 4 6 12 -7 21 -9 22 13 17 -13 -14 -15 15 -17 -18 -19 -20 -21 -22 26 -24 -25 -26 -27 -28 28 -30 -31
leaf_value=0.027797608288657651 0.032299717991057263 0.60200294966414547 0.14734036565538755 -0.025103658885018379 -0.010010699545655477 0.25115823018402783 0.059513880745681827 -0.097124650352555186 -0.30092813861669687 -0.014001015166589071 0.056782409054631527 -0.0031340612910075727 -0.11055487941792137 -3.8746411163179673 0.0033132997370175945 -3.1711660297088651 -0.0044055688608205306 -1.2562072695867508 0.33293519352359113 -0.73138219082683775 0.12705915798790299 1.4277540148825836 0.31878569760630654 -0.0086047960653151453 0.23853940560262035 -0.06812422171597099 0.048834204144592698 -0.01698766649424539 0.010765488516349109 -0.25238434686514849
leaf_weight=479 162 164 350 809 256 1262 2694 408 93 200 573 2218 427 2396 514 158 2304 403 920 121 428 225 2212 674 389 527 598 318 689 367
leaf_count=479 162 164 350 809 256 1262 2694 408 93 200 573 2218 427 2396 514 158 2304 403 920 121 428 225 2212 674 389 527 598 318 689 367
internal_value=0.00402777 0.0101701 0.00571896 0.0161803 -0.000637237 0.00722562 0.0225295 -0.0109952 0.0345887 -0.0418057 -0.00111066 0.00435203 -0.0112267 -0.0447429 -0.00827561 -0.00387779 -0.00162776 -0.0157058 0.0241193 0.00280665 0.0165605 0.027393 0.0397559 0.00501193 0.0205394 -0.0273946 0.0187978 0.0116883 0.0050149 -0.00585106
internal_weight=23338 20580 17407 6579 10828 6214 5333 1246 3173 2758 4952 3609 4614 2596 4187 3404 3246 1343 1391 471 942 4524 2694 838 482 783 1830 1232 1007 940
internal_count=23338 20580 17407 6579 10828 6214 5333 1246 3173 2758 4952 3609 4614 2596 4187 3404 3246 1343 1391 471 942 4524 2694 838 482 783 1830 1232 1007 940
cat_boundaries=0 1 2 3 4 5 6 7 8
cat_threshold=44 72 22 3489 28 1 2058 4
is_linear=0
shrinkage=0.05


Tree=30
num_leaves=31
num_cat=6
split_feature=13 16 8 55 8 54 8 12 3 12 16 3 13 12 16 3 13 2 13 13 13 39 24 38 46 13 39 15 14 13
split_gain=2524.68 915.603 450.902 355.22 350.963 306.821 276.281 379.439 713.523 299.734 190.057 182.457 152.671 142.633 123.364 114.063 110.593 189.307 113.347 172.159 112.815 97.0013 96.5187 83.9261 79.6123 79.3382 89.8875 73.0945 71.7419 70.3275
threshold=179.12000000000003 0.39698530675329163 5061.0770975056703 0 5218.276643990931 1.0000000180025095e-35 5405.7596371882091 280.3300000000001 1 104.47000000000001 0.50435902295284019 2 116.99500000000002 262.60500000000008 0.40929425567273509 3 146.79500000000004 4 134.65000000000001 90.725000000000009 146.17000000000004 -23.553268713252066 1485.0000000000002 261.63998866213166 5 114.62500000000001 -24.942073262537317 198.52500000000006 97.900000000000034 132.26500000000001
decision_type=2 2 2 1 2 2 2 2 9 2 2 9 2 2 2 9 2 1 2 2 2 2 2 2 1 2 2 2 2 2
left_child=1 11 3 -3 -4 13 7 8 21 -10 12 -1 -7 16 -8 -2 17 29 19 -19 -20 -6 -13 -23 -9 -16 -27 -25 -21 -5
right_child=15 2 4 5 6 10 14 24 9 -11 -12 22 -14 -15 25 -17 -18 18 20 28 -22 23 -24 27 -26 26 -28 -29 -30 -31
leaf_value=0.069786087786377321 0.043205096163887194 -0.1279000357931297 -0.066109823971385859 0.59110120516668163 0.28435125266673672 0.0039642983703386042 0.018876343279027454 0.012020819905012381 0.054372554098433223 -1.5385106225767222 0.094912239490956382 0.18169770995971202 -0.10094298503836906 -0.028977451263724953 -0.0042169046670647251 -3.687209033036249 0.075326620729341445 1.0670306313240452 0.032296889581155244 -0.011441064038584026 -0.017791143855986392 0.23585759371779438 0.29514641053254026 -0.093944969780897308 -0.0052609011614597641 0.17400690359376272 -0.11910604727048338 0.093119749945007782 0.0069724024239956606 0.00061242397475194112
leaf_weight=639 109 1284 829 945 1466 242 313 455 788 505 430 287 308 254 2211 2278 1089 304 792 726 67 608 2165 205 2252 76 514 107 954 109
leaf_count=639 109 1284 829 945 1466 242 313 455 788 505 430 287 308 254 2211 2278 1089 304 792 726 67 608 2165 205 2252 76 514 107 954 109
internal_value=0.00366136 0.00921908 0.00486458 0.0141924 -0.00191209 0.0191172 0.000810526 0.0067648 0.0172194 -0.0127015 -0.00653061 0.0343416 -0.026 0.0239504 -0.0114001 -0.0450566 0.0258123 0.0218758 0.0149842 0.00846774 0.0302095 0.0333472 0.0404955 0.0207609 -0.00744366 -0.0147269 -0.0310169 -0.000320513 0.00220238 0.0399436
internal_weight=23311 20924 17833 7504 10329 6220 9500 6386 3679 1293 980 3091 550 5240 3114 2387 4986 3897 2843 1984 859 2386 2452 920 2707 2801 590 312 1680 1054
internal_count=23311 20924 17833 7504 10329 6220 9500 6386 3679 1293 980 3091 550 5240 3114 2387 4986 3897 2843 1984 859 2386 2452 920 2707 2801 590 312 1680 1054
cat_boundaries=0 1 2 3 4 5 6
cat_threshold=12 3328 76 18 6 1
is_linear=0
shrinkage=0.05


Tree=31
num_leaves=31
num_cat=2
split_feature=16 16 10 10 3 29 58 5 3 10 22 16 16 16 11 10 8 24 5 8 10 30 31 8 16 15 8 17 19 8
split_gain=1783.77 796.628 579.133 488.229 298.146 275.717 271.835 236.312 192.526 181.924 150.822 144.88 131.339 119.756 118.557 103.29 90.4538 89.2558 86.496 91.0316 83.6849 82.5209 78.0019 77.2743 137.93 71.8172 58.3645 63.5753 54.7793 53.6286
threshold=0.63978636131033884 0.39792671464356716 324.85500000000008 352.82500000000005 0 -165.92500000000004 252.98500000000004 0.14835164835164832 1 100.21000000000002 330.00000000000017 0.45535261077595174 0.79628212949619492 0.48968644474816764 1573.0800000000002 365.82500000000005 4720.2947845805002 1485.0000000000002 0.16025641025641021 5468.2539682539691 261.29500000000007 -12.070000000000162 -23.205000000000155 5061.0770975056703 0.49868998296689304 20.330000000000016 4833.6054421768722 1495.0000000000002 884.83000000000004 4820.5328798185956
decision_type=2 2 2 2 9 2 2 2 9 2 2 2 2 2 2 2 2 2 2 2 2 2 2 2 2 2 2 2 2 2
left_child=1 8 4 5 9 13 11 12 -1 -2 -8 15 26 -3 28 -5 -6 -10 19 -11 -20 -16 -12 24 -13 -23 -4 -28 -7 -27
right_child=2 3 7 6 16 14 10 -9 17 18 22 23 -14 -15 21 -17 -18 -19 20 -21 -22 25 -24 -25 -26 29 27 -29 -30 -31
leaf_value=0.066296783397058467 2.5923637987710131 0.014441048684108004 0.097798009379737039 0.28864727329143963 4.7911864227167156 -0.042971750074131787 0.18318979809464764 -3.5432824616546812 0.16974516984409319 0.15730587064204862 -0.0027320443445518097 -0.082211346777290029 -1.2378287180034662 0.062076263138210311 -0.2722194753554758 -0.0022403563984649821 -1.3566809556703292 0.27757008403916122 0.028408467675234663 -0.48596351898350232 -0.29234072556830065 0.0017841823255604794 0.0291852418831283 -0.056912511802208604 0.0039853968954172815 0.011515250122050702 -1.9666626362127517 0.10306691757098002 0.29551630412415675 0.36837310448616334
leaf_weight=637 209 859 157 212 67 1292 606 1941 289 386 1500 254 147 2642 89 2436 705 2260 667 44 392 930 951 1103 582 1159 104 69 127 634
leaf_count=637 209 859 157 212 67 1292 606 1941 289 386 1500 254 147 2642 89 2436 705 2260 667 44 392 930 951 1103 582 1159 104 69 127 634
internal_value=0.00340725 0.0104838 -0.0234656 0.00576873 -0.00643725 0.0146275 -0.00319205 -0.0408602 0.0332392 0.00532787 0.00835787 -0.0108895 -0.00932914 0.0250071 0.00603876 -0.0032855 -0.0319693 0.0393318 -0.00077233 0.0181395 -0.00845137 0.0119844 0.00283558 -0.0212739 -0.00980861 0.0135329 0.00818182 -0.0118497 -0.00574348 0.0193809
internal_weight=23450 18562 4888 15376 2470 7732 7644 2418 3186 1698 3057 4587 477 3501 4231 2648 772 2549 1489 430 1059 2812 2451 1939 836 2723 330 173 1419 1793
internal_count=23450 18562 4888 15376 2470 7732 7644 2418 3186 1698 3057 4587 477 3501 4231 2648 772 2549 1489 430 1059 2812 2451 1939 836 2723 330 173 1419 1793
cat_boundaries=0 1 2
cat_threshold=3344 76
is_linear=0
shrinkage=0.05


Tree=32
num_leaves=31
num_cat=4
split_feature=13 16 22 12 11 12 12 55 3 16 13 13 12 13 29 13 10 9 3 13 13 30 46 12 13 9 16 29 16 13
split_gain=2344.82 849.496 285.876 289.602 249.843 209.834 205.96 187.918 157.737 158.676 158.144 186.038 166.449 153.567 153.456 161.856 136.945 151.663 90.3752 91.9342 191.777 85.431 84.2463 78.9882 75.0565 72.9255 79.0207 68.1721 67.3685 59.4018
threshold=190.47500000000002 0.39414196529457407 369.99999999999994 252.64500000000001 1129.8150000000003 280.3300000000001 55.620000000000012 0 1 0.69320278803984581 114.86500000000002 121.29500000000002 253.34500000000003 111.83500000000002 -163.3249999999999 138.06500000000003 352.82500000000005 1179.2000000000003 2 99.015000000000015 134.65000000000001 772.73500000000024 3 240.64500000000001 34.365000000000009 380.50500000000005 0.78852609712514454 216.84999999999999 0.44367244814330475 95.695000000000007
decision_type=2 2 2 2 2 2 2 1 9 2 2 2 2 2 2 2 2 2 9 2 2 2 1 2 2 2 2 2 2 2
left_child=1 7 3 4 14 -5 -4 22 10 -10 12 -12 23 -14 15 -3 17 -6 24 -20 -21 -13 -1 27 -19 26 -2 -8 -25 -18
right_child=25 2 6 5 16 -7 8 -9 9 -11 11 21 13 -15 -16 -17 29 18 19 20 -22 -23 -24 28 -26 -27 -28 -29 -30 -31
leaf_value=0.22308075957586235 0.13483626249236311 0.54150998211741264 2.0461219683780474 0.091972442351905326 -0.081617424493884011 -0.0063986760043119872 0.0068909113601250743 0.29351058389660656 -0.017128417025206132 -1.4439421686037515 -0.0091658588396837711 0.0030629135472857172 0.27952899706665252 -0.0066387580833094269 -0.018107808967485185 -0.017209357702818198 0.042765574712722999 0.14763337369898971 0.24416736823532334 -0.0034535933310959168 0.036213915409378572 -0.16370487348482998 0.011196087702854208 -0.0052541094920073306 -2.0786047408502797 -3.3661183385719471 -1.513184907544538 0.40955551864774942 0.0032489141374620447 -0.017632351994135043
leaf_weight=470 60 704 232 1845 761 338 979 1805 1719 440 1362 2809 516 193 393 170 43 96 754 1299 667 333 543 773 145 2034 68 290 340 1140
leaf_count=470 60 704 232 1845 761 338 979 1805 1719 440 1362 2809 516 193 393 170 43 96 754 1299 667 333 543 773 145 2034 68 290 340 1140
internal_value=0.0028365 0.00790444 0.00397743 0.0108019 0.00526572 0.0264544 -0.00173243 0.0334634 -0.00283986 -0.0147303 0.000558843 -0.00541741 0.00926885 0.030536 0.0250592 0.0367277 0.000152905 0.00486298 0.00997974 0.0125641 0.0069176 0.00127307 0.0156891 0.00293871 -0.0189243 -0.0467623 -0.0101563 0.0114657 -0.00678347 -0.0146661
internal_weight=23321 21159 18341 8355 6172 2183 9986 2818 9754 2159 7595 4504 3091 709 1267 874 4905 3722 2961 2720 1966 3142 1013 2382 241 2162 128 1269 1113 1183
internal_count=23321 21159 18341 8355 6172 2183 9986 2818 9754 2159 7595 4504 3091 709 1267 874 4905 3722 2961 2720 1966 3142 1013 2382 241 2162 128 1269 1113 1183
cat_boundaries=0 1 2 3 4
cat_threshold=13 1300 224 10
is_linear=0
shrinkage=0.05


Tree=33
num_leaves=31
num_cat=5
split_feature=13 16 8 12 12 10 3 13 13 3 16 22 58 3 13 46 13 24 13 16 10 12 62 20 16 8 8 12 46 29
split_gain=2335.04 786.024 259.267 324.224 441.564 369.813 267.849 217.424 214.918 204.953 143.41 135.634 123.246 136.379 101.104 98.2332 96.2078 95.8257 91.8102 119.056 81.7006 101.139 79.5456 79.2907 99.3142 71.7386 70.5819 68.9116 67.3041 58.9037
threshold=190.47500000000002 0.3930582455051575 5405.7596371882091 280.3300000000001 253.34500000000003 352.82500000000005 0 82.495000000000019 112.19500000000001 1 0.40028887100992416 615.00000000000011 232.74500000000003 2 114.86500000000002 3 146.79500000000004 1505.0000000000002 134.65000000000001 0.79628212949619492 100.21000000000002 158.34000000000003 1314.5350000000003 1395.0000000000002 0.43892063965557043 5468.2539682539691 4735.7709750566901 241.23500000000004 4 -182.33999999999995
decision_type=2 2 2 2 2 2 9 2 2 9 2 2 2 9 2 1 2 2 2 2 2 2 2 2 2 2 2 2 1 2
left_child=1 9 3 4 5 6 7 -3 -6 -1 -4 16 13 -8 23 -5 -10 -11 22 -20 -15 26 29 -12 27 -16 -22 -25 -7 -14
right_child=-2 2 10 15 8 28 12 -9 11 17 14 -13 18 20 25 -17 -18 -19 19 -21 21 -23 -24 24 -26 -27 -28 -29 -30 -31
leaf_value=0.055233129235050707 -3.1978124216433494 0.033137312622636021 0.03430501912848305 0.016533062893407013 0.26692801547006739 -0.0085471268422576685 0.56802793369999971 -2.9205486472089506 0.012886480195782469 0.16823736197215886 -0.054855026270704599 -0.064462666728282159 0.4633393772455473 2.1637728162469236 -0.025913627092711791 -0.005852544438272567 0.063595403893665289 0.2803350651921937 0.032262093640516909 -2.5030720422122523 -0.018648317242837154 0.044544079729471164 -0.001529197754611289 0.00014209198852288552 0.00489916805123567 -0.13906850496680309 0.1581808444584695 -0.0084776430167853075 -0.055096625771975473 0.10045718556459189
leaf_weight=616 2136 459 175 482 1220 770 805 344 711 262 561 319 158 150 158 2467 995 1845 838 59 337 1297 2612 622 742 429 335 605 706 220
leaf_count=616 2136 459 175 482 1220 770 805 344 711 262 561 319 158 150 158 2467 995 1845 838 59 337 1297 2612 622 742 429 335 605 706 220
internal_value=0.00250693 0.00750505 0.00382752 0.00656896 0.0101297 0.00447745 0.00891778 -0.0182657 0.025963 0.0325927 -0.00890036 0.0159753 0.0121317 0.0199042 -0.0113731 -0.00832486 0.0215709 0.0399386 0.00631592 0.0203456 0.0130343 0.010386 0.00210702 -0.00703557 -0.00231082 -0.0300681 -0.00535714 -0.0110432 -0.0184282 0.023545
internal_weight=23435 21299 18576 15284 12335 9090 7614 803 3245 2723 3292 2025 6811 2924 3117 2949 1706 2107 3887 897 2119 1969 2990 2530 1969 587 672 1227 1476 378
internal_count=23435 21299 18576 15284 12335 9090 7614 803 3245 2723 3292 2025 6811 2924 3117 2949 1706 2107 3887 897 2119 1969 2990 2530 1969 587 672 1227 1476 378
cat_boundaries=0 1 2 3 4 5
cat_threshold=193 76 2314 1 6
is_linear=0
shrinkage=0.05


Tree=34
num_leaves=31
num_cat=2
split_feature=13 16 22 12 5 8 12 55 13 12 8 15 16 10 13 13 13 13 13 5 4 16 13 16 52 13 8 24 13 16
split_gain=2171.49 742.747 213.378 202.182 242.841 203.081 200.236 184.777 184.022 194.436 178.453 166.558 149.062 145.743 138.629 133.244 130.98 126.215 121.373 157.725 120.673 107.772 96.6528 129.304 92.1154 83.7576 81.0443 71.648 70.7534 67.6643
threshold=199.63500000000002 0.3930582455051575 350.00000000000028 252.64500000000001 0.14835164835164832 3968.3900226757373 280.3300000000001 0 115.11500000000002 253.34500000000003 5468.2539682539691 333.74500000000006 0.78162816966303905 353.31500000000005 111.44500000000001 156.465 139.61500000000004 137.43500000000003 97.470000000000013 0.24038461538461539 1.0000000180025095e-35 0.52419292012323704 130.22500000000002 0.47430824505043956 1 97.780000000000015 5218.276643990931 885.00000000000011 156.465 0.44016432173688036
decision_type=2 2 2 2 2 2 2 1 2 2 2 2 2 2 2 2 2 2 2 2 2 2 2 2 1 2 2 2 2 2
left_child=1 7 3 4 5 17 28 26 9 11 12 24 13 21 -11 16 18 -3 19 -6 -7 -10 23 -20 25 -4 -1 -2 -5 -27
right_child=27 2 8 6 15 20 -8 -9 10 14 -12 -13 -14 -15 -16 -17 -18 -19 22 -21 -22 -23 -24 -25 -26 29 -28 -29 -30 -31
leaf_value=-0.014054540115992964 0.050212218818812819 0.50930011091257144 0.041039741224901061 0.096953712700878478 -0.14813900926670218 -0.2262373398607215 -0.0061457011680923664 0.26754330659200781 -0.0056915791421552342 0.23207449972831881 -0.14645100556174828 1.3679224191103492 -2.8575843102063474 -0.0064450276123697138 -0.0014112548644834356 -2.9368412557207173 0.042995535040542168 -0.013126729278387206 -0.0010067694349865876 0.13730466154516191 0.22994652100809515 0.021014796462370457 0.0045362869235766826 -0.036613814713176221 -0.042487189845575028 -0.0039006093330019812 0.17280581935550146 -3.0379218005611821 0.0058685225686673451 0.003994319545242409
leaf_weight=407 72 783 944 1570 464 409 346 1726 735 613 371 272 261 3114 287 161 358 156 830 839 148 1269 720 868 1311 973 580 1905 185 698
leaf_count=407 72 783 944 1570 464 409 346 1726 735 613 371 272 261 3114 287 161 358 156 830 839 148 1269 720 868 1311 973 580 1905 185 698
internal_value=0.00256471 0.00719693 0.00364731 0.00993365 0.00507322 0.022393 0.0232032 0.0316439 -0.000894174 0.00602197 -0.00702609 0.00150071 -0.00471277 -0.00283314 0.0271111 -0.00103774 0.000723216 0.0365815 -0.0020559 0.0102456 -0.00152603 0.00768463 -0.00868486 -0.0151943 -0.00112073 0.0043021 0.0138917 -0.0475721 0.030057 -0.0024237
internal_weight=23375 21398 18685 7837 5736 1496 2101 2713 10848 5098 5750 4198 5379 5118 900 4240 4079 939 3721 1303 557 2004 2418 1698 3926 2615 987 1977 1755 1671
internal_count=23375 21398 18685 7837 5736 1496 2101 2713 10848 5098 5750 4198 5379 5118 900 4240 4079 939 3721 1303 557 2004 2418 1698 3926 2615 987 1977 1755 1671
cat_boundaries=0 1 2
cat_threshold=13 2
is_linear=0
shrinkage=0.05


Tree=35
num_leaves=31
num_cat=3
split_feature=13 16 11 8 13 12 13 16 15 12 55 29 16 12 13 13 11 13 2 34 2 13 8 13 39 23 12 13 12 8
split_gain=1966.47 697.68 219.377 239.99 231.916 472.579 411.352 388.742 201.673 186.642 186.613 165.623 210.895 154.554 116.316 107.073 105.647 161.982 99.9623 97.5742 93.8148 84.8148 77.4099 76.4658 84.164 71.3206 71.612 70.2043 66.8491 62.7781
threshold=201.98500000000004 0.3930582455051575 1129.8150000000003 3968.3900226757373 114.86500000000002 255.19000000000003 123.96500000000002 0.79628212949619492 301.57500000000005 281.06000000000006 0 322.56500000000011 0.56892403656173507 255.44500000000002 173.44000000000003 137.43500000000003 1508.7350000000004 97.470000000000013 1 0.61116646986738299 2 132.26500000000001 5218.276643990931 94.095000000000013 -15.809768255101693 495.00000000000006 301.22500000000008 116.45500000000001 238.98500000000004 4795.8503401360558
decision_type=2 2 2 2 2 2 2 2 2 2 1 2 2 2 2 2 2 2 1 2 1 2 2 2 2 2 2 2 2 2
left_child=1 10 3 15 5 8 13 11 16 -7 22 12 -8 -6 21 18 19 20 -3 -4 -18 -14 -1 -12 -25 26 -2 -15 29 -22
right_child=25 2 4 -5 6 9 7 -9 -10 -11 23 -13 14 27 -16 -17 17 -19 -20 -21 28 -23 -24 24 -26 -27 -28 -29 -30 -31
leaf_value=-0.01803319460017656 0.1359002070934679 -0.031456428435548391 0.34332340317342913 -0.0027989703170521185 -0.071950683327358253 0.23036204381764946 0.0019677075773827826 -2.7175980234453139 1.4571588984257102 -0.010879191761890006 0.28594113897358903 -0.09486711279651204 -0.061189146781780224 0.039212102700737897 -0.47806724045875915 0.012217633615460244 0.0066137482994870211 -0.0020616263886079622 0.49363108218758356 -0.13025276670716296 0.06260928656146654 0.05707392247983023 0.16694403606619407 0.10169114183461199 -0.045908865222577956 -2.8860257105331231 -1.59400766779103 -0.0050194664856151767 -0.0072904694435913077 0.21152457200554317
leaf_weight=404 56 117 122 978 1129 1217 3339 445 283 140 1267 678 83 147 147 326 667 2763 812 1212 324 1599 578 414 50 1763 55 1485 114 646
leaf_count=404 56 117 122 978 1129 1217 3339 445 283 140 1267 678 83 147 147 326 667 2763 812 1212 324 1599 578 414 50 1763 55 1485 114 646
internal_value=0.0025899 0.00687424 0.0034491 0.0181594 0.00146312 0.00797276 -0.00392179 0.00313941 0.00206328 0.0346721 0.030575 0.00656859 0.00961687 -0.0200109 0.0232641 0.0326295 6.83995e-05 0.00372175 0.0412809 -0.0122939 0.0156196 0.0269917 0.0127016 0.0404078 0.0232759 -0.0465315 -0.00765766 -0.0101716 0.0245887 0.0290722
internal_weight=23360 21486 18773 2233 16540 7488 9052 6291 6131 1357 2713 5846 5168 2761 1829 1255 5848 4514 929 1334 1751 1682 982 1731 464 1874 111 1632 1084 970
internal_count=23360 21486 18773 2233 16540 7488 9052 6291 6131 1357 2713 5846 5168 2761 1829 1255 5848 4514 929 1334 1751 1682 982 1731 464 1874 111 1632 1084 970
cat_boundaries=0 1 2 3
cat_threshold=13 24 3
is_linear=0
shrinkage=0.05


Tree=36
num_leaves=31
num_cat=6
split_feature=13 16 11 3 13 13 12 8 23 3 2 12 12 16 16 8 12 12 13 2 13 58 13 13 18 3 2 13 39 13
split_gain=1924.5 649.749 215.719 275.781 303.735 415.005 346.677 242.705 218.728 197.525 187.913 184.16 176.56 172.644 161.558 135.888 154.384 131.991 116.014 98.786 98.2231 106.801 106.767 115.914 92.2736 90.8655 75.9348 75.5738 85.9633 72.7886
threshold=207.13500000000002 0.39048628757602016 1129.8150000000003 0 115.43500000000002 123.96500000000002 255.19000000000003 3968.3900226757373 1265.0000000000002 1 2 237.41500000000005 280.3300000000001 0.56533854009850348 0.56892403656173507 5218.276643990931 83.75500000000001 255.81500000000003 136.84000000000003 3 152.19000000000003 251.35500000000005 149.17500000000004 148.74000000000004 1515.0000000000002 4 5 93.745000000000019 -15.809768255101693 99.305000000000021
decision_type=2 2 2 9 2 2 2 2 2 9 1 2 2 2 2 2 2 2 2 1 2 2 2 2 2 9 1 2 2 2
left_child=1 9 7 4 6 17 11 18 -7 -1 14 15 -8 -5 -10 16 -4 -6 19 -3 22 -22 23 -16 -11 -9 -17 -26 -29 -18
right_child=-2 2 3 13 5 8 12 25 10 24 -12 -13 -14 -15 20 26 29 -19 -20 -21 21 -23 -24 -25 27 -27 -28 28 -30 -31
leaf_value=0.032026269702066366 -2.741724425006467 -0.039492258435703503 0.99838778409325535 0.032484092082379769 -0.078730253196066358 -0.26542405019250842 0.20972881672481902 -0.21443127541850179 0.0021195697935130656 0.15327926757257712 -0.050231768070489839 -0.0017754430740890116 -0.0065872580351145522 -1.4137251036091563 0.033815965800139479 0.083569280784088207 0.0027032313611941028 -0.0043513053567600934 0.011606751934687232 0.46923501030457682 -0.11809719214753756 0.089037748588090437 0.093781452972341847 -0.015007232537279692 0.27404407496771965 0.065140387442661263 0.32615723301475763 0.12649652229421929 -0.038613402887962694 -0.14785778629189333
leaf_weight=594 1714 113 360 348 986 550 1285 270 3201 248 466 2947 183 592 855 305 1135 1575 333 852 317 404 438 63 1263 692 697 364 45 165
leaf_count=594 1714 113 360 348 986 550 1285 270 3201 248 466 2947 183 592 855 305 1135 1575 333 852 317 404 438 63 1263 692 697 364 45 165
internal_value=0.00269264 0.00673104 0.00359084 0.0016477 0.00320537 -0.00296443 0.0109298 0.0180973 0.00394026 0.0306285 0.00682451 0.00526832 0.0325613 -0.0245263 0.0095121 0.0148009 0.0060241 -0.0199336 0.0322034 0.0409845 0.02039 0.0054785 0.0283186 0.0186275 0.038342 -0.000935551 0.0293413 0.0427632 0.0240831 -0.002
internal_weight=23360 21646 19132 16872 15932 8855 7077 2260 6294 2514 5744 5609 1468 940 5278 2662 1660 2561 1298 965 2077 721 1356 918 1920 962 1002 1672 409 1300
internal_count=23360 21646 19132 16872 15932 8855 7077 2260 6294 2514 5744 5609 1468 940 5278 2662 1660 2561 1298 965 2077 721 1356 918 1920 962 1002 1672 409 1300
cat_boundaries=0 1 2 3 4 5 6
cat_threshold=3489 76 12 24 8 1
is_linear=0
shrinkage=0.05


Tree=37
num_leaves=31
num_cat=3
split_feature=13 16 3 8 13 16 16 12 13 3 10 8 29 10 12 29 16 16 59 16 24 12 41 13 4 16 13 12 12 3
split_gain=1896.56 647.793 198.687 220.367 317.9 275.663 234.787 218.875 203.1 193.116 186.4 158.241 156.086 142.175 137.734 134.646 116 115.614 91.8814 89.9706 89.2292 85.4419 89.4138 71.5338 67.78 110.317 79.7727 67.014 63.5814 71.998
threshold=207.13500000000002 0.38793016268452479 0 5405.7596371882091 116.45500000000001 0.50167359356867058 0.76864707539199617 253.34500000000003 111.44500000000001 1 359.28500000000003 5218.276643990931 -182.33999999999995 364.94500000000005 253.34500000000003 200.04499999999999 0.40302789763711705 0.39962239573878583 228.72000000000003 0.54169640969771871 1505.0000000000002 250.42000000000004 0.19727575982209036 117.51500000000001 1.0000000180025095e-35 0.44016432173688036 115.43500000000002 238.53000000000003 83.75500000000001 2
decision_type=2 2 9 2 2 2 2 2 2 9 2 2 2 2 2 2 2 2 2 2 2 2 2 2 2 2 2 2 2 9
left_child=1 9 19 4 7 14 10 12 -9 -1 -7 18 13 -4 23 28 -10 27 -12 -3 -11 24 -23 -6 -19 -26 -27 -5 -14 -30
right_child=-2 2 3 17 5 6 -8 8 16 20 11 -13 15 -15 -16 -17 -18 21 -20 -21 -22 22 -24 -25 25 26 -28 -29 29 -31
leaf_value=0.033606354235833337 -2.604638203756144 0.069773338413981187 0.47959622315100819 0.037230339828903961 -0.00067121025272260943 0.018642551222162497 -1.7323360692430272 0.22080965326676699 -0.014931052366509512 0.1397412635582724 0.083919488212524318 0.052680266754229876 0.15631625920423603 -0.037819281438718377 -0.0038493587252833809 0.20014218943521367 0.027019831669462847 -0.33322285671802376 -0.042878331871849085 -2.8279068131481142 0.25144188447540666 -0.14514221543327005 0.25531416995674283 -0.093105274666939408 -0.0046526287875583439 0.0059881097348450044 -0.046648229939471444 -0.0066171652763419965 -0.26082773548361332 -0.00093794532039730432
leaf_weight=580 1746 108 853 171 111 4171 375 1266 139 232 122 359 651 193 2573 878 361 351 871 295 1530 445 42 381 1418 698 170 87 411 1725
leaf_count=580 1746 108 853 171 111 4171 375 1266 139 232 122 359 651 193 2573 878 361 351 871 295 1530 445 42 381 1418 698 170 87 411 1725
internal_value=0.00241282 0.00647053 0.00344603 0.00419499 0.00672927 0.000630369 0.00695151 0.0151691 0.0301812 0.031298 0.00955097 -0.00658284 0.0095415 0.0265774 -0.0115334 0.0046794 0.0032 -0.00736251 -0.0168681 -0.0308717 0.039447 -0.0100192 -0.0292608 -0.0357724 -0.00646568 -0.00332458 0.0107143 0.0248062 -0.000699677 -0.00486891
internal_weight=23313 21567 19225 18822 15440 8963 5898 6477 1766 2342 5523 1352 4711 1046 3065 3665 500 3382 993 403 1762 3124 487 492 2637 2286 868 258 2787 2136
internal_count=23313 21567 19225 18822 15440 8963 5898 6477 1766 2342 5523 1352 4711 1046 3065 3665 500 3382 993 403 1762 3124 487 492 2637 2286 868 258 2787 2136
cat_boundaries=0 1 2 3
cat_threshold=64 76 172
is_linear=0
shrinkage=0.05


Tree=38
num_leaves=31
num_cat=5
split_feature=13 16 17 3 3 23 16 58 12 8 10 55 13 41 16 10 55 13 9 41 61 12 4 12 8 3 60 13 8 13
split_gain=1766.84 634.851 221.089 198.953 185.861 171.617 165.414 157.555 240.673 205.972 162.565 141.978 135.283 132.825 111.881 110.394 92.1697 88.733 135.485 88.3303 83.3018 78.2764 76.5674 78.3019 76.4791 74.1451 71.97 90.3008 76.6629 71.2812
threshold=207.13500000000002 0.38793016268452479 845.00000000000011 0 1 365.00000000000006 0.60674112602986907 252.69500000000002 278.70500000000004 5218.276643990931 100.21000000000002 2 136.20500000000001 0.054200940070505257 0.4870349774308142 72.625000000000014 3 94.965000000000018 1189.7950000000003 0.016461184121392754 857.62500000000011 263.00500000000005 1.0000000180025095e-35 327.35500000000008 5468.2539682539691 4 4094.3100000000009 134.65000000000001 4108.1405895691614 171.04500000000004
decision_type=2 2 2 9 9 2 2 2 2 2 2 1 2 2 2 2 1 2 2 2 2 2 2 2 2 9 2 2 2 2
left_child=1 4 5 7 -1 25 19 10 9 11 -4 -9 -7 16 -10 -8 -12 18 -18 -5 -6 26 23 -2 -11 -3 27 28 -15 -29
right_child=22 2 3 6 20 12 15 8 14 24 13 -13 -14 21 -16 -17 17 -19 -20 -21 -22 -23 -24 -25 -26 -27 -28 29 -30 -31
leaf_value=0.069337688931443084 0.10444114986681399 -0.18459845389480584 2.0412052104214582 -0.013055511022654544 0.046187055584348304 0.36023298287857641 2.2783096279060864 0.02413067315444959 -0.0038042390105866631 0.17256470398080312 0.22089099922584632 -0.35829177392372547 0.0065037257190289745 -0.0056951769852979341 0.05566446769928142 -0.99947805146252289 -0.13887790973226721 -0.0090037915098196038 0.041979526842758831 0.10192797056262518 0.24836978119173037 -0.0040074954661474043 -2.4744062935683369 -1.2778757570467705 -0.0089127028410322506 0.085306851614842139 0.39029177441466772 0.030742866063117449 0.010386612777272753 -0.53649167750972071
leaf_weight=672 79 258 165 1149 140 1104 44 1098 1705 1645 108 407 406 1087 391 816 383 4174 489 506 1556 961 1566 77 98 690 189 719 729 40
leaf_count=672 79 258 165 1149 140 1104 44 1098 1705 1645 108 407 406 1087 391 816 383 4174 489 506 1556 961 1566 77 98 690 189 719 729 40
internal_value=0.00252654 0.00639008 0.00340117 0.00136366 0.0308277 0.0174125 -0.0115842 0.00363245 0.0104416 0.0189655 -0.000386997 0.00541528 0.0278808 -0.00130082 -0.00276718 -0.0294186 -0.00649981 -0.00749604 0.00699541 -0.00238671 0.0395662 0.00589262 -0.0462253 -0.0128205 0.0306655 0.000738397 0.0101664 0.00798058 0.00192731 0.0224638
internal_weight=23451 21729 19361 16903 2368 2458 2515 14388 5344 3248 9044 1505 1510 8879 2096 860 5154 5046 872 1655 1696 3725 1722 156 1743 948 2764 2575 1816 759
internal_count=23451 21729 19361 16903 2368 2458 2515 14388 5344 3248 9044 1505 1510 8879 2096 860 5154 5046 872 1655 1696 3725 1722 156 1743 948 2764 2575 1816 759
cat_boundaries=0 1 2 3 4 5
cat_threshold=1320 92 16 2 8
is_linear=0
shrinkage=0.05


Tree=39
num_leaves=31
num_cat=6
split_feature=13 13 5 13 2 55 29 19 13 2 58 10 55 13 2 51 27 13 13 10 41 57 14 19 17 58 11 13 4 5
split_gain=1768.72 368.482 263.796 275.66 272.11 223.101 220.59 291.639 170.935 158.764 166.443 112.16 111.279 149.059 130.434 130.404 111.55 87.8014 93.1134 81.7779 80.9538 71.1709 69.2858 69.0356 68.786 67.9098 65.5437 63.6998 63.2589 62.7116
threshold=207.13500000000002 115.92500000000003 0.14835164835164832 122.69500000000001 0 1 -179.62500000000003 481.0299999999998 93.195000000000007 2 252.98500000000004 360.67500000000007 3 93.745000000000019 4 5 30.000000000000117 139.61500000000004 156.465 100.21000000000002 0.2512626262626263 255.76500000000001 133.73500000000004 974.83000000000004 355.00000000000006 262.41500000000008 4303.2500000000009 112.19500000000001 1.0000000180025095e-35 0.21111111111111114
decision_type=2 2 2 2 1 1 2 2 2 1 2 2 1 2 1 1 2 2 2 2 2 2 2 2 2 2 2 2 2 2
left_child=1 6 24 20 -5 11 8 12 -1 -10 26 17 13 14 -8 -14 25 -6 -19 -9 -4 -13 29 -21 -3 -15 -11 -25 -2 -7
right_child=28 2 3 4 5 22 7 19 9 10 -12 21 15 16 -16 -17 -18 18 -20 23 -22 -23 -24 27 -26 -27 -28 -29 -30 -31
leaf_value=0.25695129594684113 -0.4989555385682678 -0.18492031616017651 -0.027749113248893134 -2.6995535512566491 0.0026091574385265662 -1.7239098544062934 0.031831086546831332 2.3184716582032494 0.42636164060333037 -0.0027963649577095852 0.16481563585590472 -0.026851793508266653 0.16567714097087927 -0.0040700661767512974 0.19479158435516522 -0.070781899991541899 0.32189858004516414 0.038431824453100207 -0.097293601702516247 0.039331174748473252 -0.0031629610016260302 0.0045979804100374725 0.01697099775030253 0.18673231876890051 0.11069503776267596 0.053092256937453897 0.2452993263819081 -0.030277617206771981 -2.3506859788899201 -0.028571755902693674
leaf_weight=791 147 91 1233 261 1706 343 401 316 591 1257 688 812 283 1479 526 2514 164 1563 204 1441 841 952 109 962 1268 265 118 66 1561 428
leaf_count=791 147 91 1233 261 1706 343 401 316 591 1257 688 812 283 1479 526 2514 164 1563 204 1441 841 952 109 962 1268 265 118 66 1561 428
internal_value=0.00232454 0.00618512 -0.00098359 -0.00427118 0.000878018 0.0030439 0.0121143 0.00775217 0.0227721 0.0166918 0.00996141 0.00696589 0.00120739 0.00817223 0.0246494 -0.00586035 0.000209644 0.0121941 0.0200057 0.0209874 -0.0201061 -0.00328798 -0.0201124 0.0179222 0.0194628 -0.00349771 -3.63636e-05 0.027821 -0.0466628 -0.0256161
internal_weight=23381 21673 9811 8452 6378 6117 11862 8417 3445 2654 2063 5237 5632 2835 927 2797 1908 3473 1767 2785 2074 1764 880 2469 1359 1744 1375 1028 1708 771
internal_count=23381 21673 9811 8452 6378 6117 11862 8417 3445 2654 2063 5237 5632 2835 927 2797 1908 3473 1767 2785 2074 1764 880 2469 1359 1744 1375 1028 1708 771
cat_boundaries=0 1 2 3 4 5 6
cat_threshold=1 26 6 50 1 17
is_linear=0
shrinkage=0.05


Tree=40
num_leaves=31
num_cat=1
split_feature=13 16 17 2 16 11 16 13 12 13 13 12 13 62 61 12 40 13 13 29 12 16 13 13 12 12 5 9 12 5
split_gain=1744.63 599.67 201.059 183.868 198.121 180.773 229.64 267.887 282.516 243.768 182.532 164.509 163.089 150.569 136.684 131.098 126.197 92.631 87.8609 130.998 84.7508 82.8029 80.606 80.2758 95.411 74.0191 81.979 68.1442 67.0294 64.7819
threshold=207.13500000000002 0.38793016268452479 845.00000000000011 0 0.69320278803984581 1438.7800000000002 0.56533854009850348 115.43500000000002 254.94500000000002 110.92500000000003 122.69500000000001 254.57500000000002 94.095000000000013 1452.115 857.62500000000011 83.75500000000001 -27.544877118900782 171.04500000000004 136.20500000000001 -168.29999999999993 39.285000000000004 0.40302789763711705 156.465 146.79500000000004 104.47000000000001 287.92000000000007 0.16025641025641021 955.99500000000012 248.43500000000003 1.0000000180025095e-35
decision_type=2 2 2 1 2 2 2 2 2 2 2 2 2 2 2 2 2 2 2 2 2 2 2 2 2 2 2 2 2 2
left_child=1 14 13 5 16 17 7 8 12 -10 11 -9 -7 18 20 -6 -5 -4 19 -3 -1 -11 23 24 -8 26 -24 -22 -14 -2
right_child=29 2 3 4 15 6 22 10 9 21 -12 -13 28 -15 -16 -17 -18 -19 -20 -21 27 -23 25 -25 -26 -27 -28 -29 -30 -31
leaf_value=0.17660054115030618 -0.52129837432355686 0.35273710562119637 -0.030831122872922202 0.058004286870651178 2.0051409323530081 0.076468574820087121 1.2455630635072787 -0.076874462238827948 0.20296130375714611 -0.015451870268222834 0.0010834881727787681 -0.002970289140410465 -0.0034711562353805015 -0.0031511898003319773 0.22214033437650249 -1.3444466224264819 -0.021818232336850676 -2.5889481494561331 0.0060544373214648228 0.19002446669976961 0.13146383395600833 0.029275095425368703 0.17536074828059789 0.05897052421330571 0.023562550465610954 0.061077192641728575 -0.3142358273078788 -0.057787434418187816 0.0036844631396709461 -2.2331516799454243
leaf_weight=123 149 613 951 1030 45 506 195 699 933 139 3346 1357 2028 853 1706 610 1176 168 338 577 226 194 82 1028 1193 190 294 297 639 1554
leaf_count=123 149 613 951 1030 45 506 195 699 933 139 3346 1357 2028 853 1706 610 1176 168 338 577 226 194 82 1028 1193 190 294 297 639 1554
internal_value=0.00212359 0.00597604 0.00305463 0.00112777 -0.0103971 0.00349771 0.00518209 0.00149883 0.0105992 0.0305687 -0.00597927 -0.0177043 0.00263158 0.0166527 0.0298044 -0.0345802 -0.00326383 -0.015773 0.0260471 0.032437 0.0102167 -0.00615616 0.0173374 0.0213162 0.0134726 0.000353357 -0.0125 0.00143403 -0.00230596 -0.0465942
internal_weight=23239 21536 19184 16803 2861 13942 12823 9841 4439 1266 5402 2056 3173 2381 2352 655 2206 1119 1528 1190 646 333 2982 2416 1388 566 376 523 2667 1703
internal_count=23239 21536 19184 16803 2861 13942 12823 9841 4439 1266 5402 2056 3173 2381 2352 655 2206 1119 1528 1190 646 333 2982 2416 1388 566 376 523 2667 1703
cat_boundaries=0 1
cat_threshold=12
is_linear=0
shrinkage=0.05


Tree=41
num_leaves=31
num_cat=4
split_feature=13 16 17 17 13 12 2 16 13 62 55 13 2 16 13 29 34 13 8 13 16 55 13 8 4 12 13 22 25 21
split_gain=1697.3 554.643 178.858 179.723 188.976 424.701 263.903 272.293 232.134 156.147 148.396 112.453 109.773 100.007 97.7112 144.562 94.2096 91.6398 141.159 106.325 154.467 89.8177 74.6068 68.7703 64.4966 71.4402 60.2121 95.7202 59.5325 57.8497
threshold=207.13500000000002 0.38529953052589516 845.00000000000011 1275.0000000000002 110.92500000000003 253.34500000000003 0 0.55878870991110163 94.095000000000013 1452.115 1 158.12000000000003 2 0.40363400608479089 135.72500000000002 -168.29999999999993 0.62543520950496367 115.43500000000002 5468.2539682539691 122.69500000000001 0.4799341368993027 3 145.40500000000003 5218.276643990931 1.0000000180025095e-35 327.35500000000008 132.87500000000003 320.00000000000017 94.999999999999901 2455.0000000000005
decision_type=2 2 2 2 2 2 1 2 2 2 1 2 1 2 2 2 2 2 2 2 2 1 2 2 2 2 2 2 2 2
left_child=1 10 9 11 5 8 -6 13 12 14 23 16 29 -8 15 -3 -4 -15 19 20 -19 -9 -16 -1 25 -2 27 -21 -10 -5
right_child=24 2 3 4 6 -7 7 21 28 -11 -12 -13 -14 17 22 -17 -18 18 -20 26 -22 -23 -24 -25 -26 -27 -28 -29 -30 -31
leaf_value=-0.022232765721874961 0.16023163543017491 0.35459039213428001 0.2696869070189587 0.047133171145049779 -2.4700335371214708 0.18475204457535113 -0.015004118889644147 -0.03931939980546631 0.50124551575080412 -0.0058595337137109741 0.21545801612572635 -2.0768336105309659 0.034288217459249017 0.0043232647861092491 -0.037692609595610049 0.16537417040947888 -0.047478673446111411 -0.0029854212997253884 -0.11435853153865949 -0.0086836445751508513 -0.10891284071894516 0.033852792421170008 0.038463147030626393 0.14813350418716703 -2.1214940959481532 -1.1672741612341084 -0.0062935213023944669 0.006030958012214694 -0.0045168398559229054 0.60591491455742907
leaf_weight=331 69 634 214 337 275 1112 257 275 252 902 1332 245 690 813 91 589 1718 1513 203 392 342 2481 265 508 1530 83 1570 1312 2438 610
leaf_count=331 69 634 214 337 275 1112 257 275 252 902 1332 245 690 813 91 589 1718 1513 203 392 342 2481 265 508 1530 83 1570 1312 2438 610
internal_value=0.00219176 0.00594212 0.00327701 0.0014517 0.00341581 0.0108384 -0.000863988 0.00061082 0.00375549 0.0158202 0.0299171 -0.011966 0.0186011 -0.0050453 0.0253008 0.0320114 -0.00791925 -0.00376729 -0.00615154 -0.00453305 -0.014097 0.0137518 0.00224719 0.0128975 -0.046195 -0.0151316 0.000885767 0.00739437 -0.00527881 0.0295193
internal_weight=23383 21701 19530 17049 14872 5439 9433 9158 4327 2481 2171 2177 1637 6402 1579 1223 1932 6145 5332 5129 1855 2756 356 839 1682 152 3274 1704 2690 947
internal_count=23383 21701 19530 17049 14872 5439 9433 9158 4327 2481 2171 2177 1637 6402 1579 1223 1932 6145 5332 5129 1855 2756 356 839 1682 152 3274 1704 2690 947
cat_boundaries=0 1 2 3 4
cat_threshold=1 13 28 32
is_linear=0
shrinkage=0.05


Tree=42
num_leaves=31
num_cat=3
split_feature=13 12 13 12 13 2 10 12 13 9 12 8 8 13 13 13 2 13 13 13 12 4 9 8 13 39 12 8 3 8
split_gain=1680.17 326.011 224.113 296.036 270.573 267.856 239.108 159.852 322.618 312.312 271.983 150.82 134.667 123.091 116.083 120.935 147.56 169.269 115.973 115.75 101.142 96.4048 88.6726 79.3773 70.1718 64.4939 63.8411 62.7087 60.4592 66.2552
threshold=207.13500000000002 46.220000000000006 115.92500000000003 254.94500000000002 110.65500000000002 0 353.93500000000006 143.905 93.195000000000007 810.49500000000012 217.34000000000003 5468.2539682539691 4837.902494331066 122.69500000000001 173.44000000000003 146.79500000000004 1 135.72500000000002 81.250000000000014 129.39500000000001 254.57500000000002 1.0000000180025095e-35 237.67000000000004 5468.2539682539691 151.55500000000004 -26.287894290883134 295.74500000000006 4837.902494331066 2 5218.276643990931
decision_type=2 2 2 2 2 1 2 2 2 2 2 2 2 2 2 2 1 2 2 2 2 2 2 2 2 2 2 2 9 2
left_child=1 -1 3 7 -5 -4 14 18 10 22 12 13 -9 20 15 16 17 -7 23 -18 -8 27 -10 28 -17 -11 -21 -2 29 -3
right_child=21 2 5 4 -6 6 11 8 9 25 -12 -13 -14 -15 -16 24 19 -19 -20 26 -22 -23 -24 -25 -26 -27 -28 -29 -30 -31
leaf_value=1.931242039087957 0.10322026728171352 -0.23728743567857338 -2.3555502197417364 0.18512934501930403 -0.0016714340008889828 0.23066631982232688 -0.097852793203544064 -0.038021340754533998 -0.54960515219044481 0.051417468572456264 0.18973477297370211 -0.18220760019968055 0.78173015407110558 0.00071140749965366019 -0.67098056669757478 0.056357815046551712 -0.011167675600228667 -0.034424402876273956 -0.47838421954761207 0.0075788462446739757 -0.0036488190502398155 -2.0154193911507456 0.45879570150945359 -0.09917586321815311 0.032242419941130154 -0.0027269986062833599 -0.060206712146204835 -1.1166106809829799 0.1990808102131906 0.039597610398564069
leaf_weight=691 98 344 281 1314 557 400 307 524 43 670 1043 253 201 2665 220 762 1014 98 550 1964 1116 1577 533 309 491 3423 124 56 862 822
leaf_count=691 98 344 281 1314 557 400 307 524 43 670 1043 253 201 2665 220 762 1014 98 550 1964 1116 1577 533 309 491 3423 124 56 862 822
internal_value=0.00184454 0.00564617 0.00452848 0.00934792 0.0274987 -0.00103662 0.000424448 0.00570571 0.0100901 0.00320197 0.0282805 -0.00818936 0.00475862 -0.00587084 0.00779618 0.00940655 0.00475 0.0297244 -0.00406997 0.000642674 -0.0177442 -0.0455517 0.0376736 0.000791613 0.0227853 -0.00164916 0.00737548 -0.00779221 0.00438856 -0.00306122
internal_weight=23312 21581 20890 11195 1871 9695 9414 9324 6437 4669 1768 4341 725 4088 5073 4853 3600 498 2887 3102 1423 1731 576 2337 1253 4093 2088 154 2028 1166
internal_count=23312 21581 20890 11195 1871 9695 9414 9324 6437 4669 1768 4341 725 4088 5073 4853 3600 498 2887 3102 1423 1731 576 2337 1253 4093 2088 154 2028 1166
cat_boundaries=0 1 2 3
cat_threshold=1 2 248
is_linear=0
shrinkage=0.05


Tree=43
num_leaves=31
num_cat=3
split_feature=13 16 55 12 16 15 29 12 20 61 13 8 8 31 13 4 13 13 51 2 13 12 13 13 12 13 8 12 4 13
split_gain=1654.08 498.542 158.507 158.429 290.226 174.045 166.791 284.248 121.167 110.513 115.928 106.091 120.725 110.882 101.472 99.8864 95.2457 113.84 106.456 94.8525 90.7198 130.643 109.912 89.9496 87.1462 85.5412 85.3182 82.1238 79.1694 78.1484
threshold=207.13500000000002 0.38529953052589516 0 55.620000000000012 0.77186091933820311 224.99000000000004 -165.92500000000004 236.98500000000004 445.00000000000006 3697.2850000000003 146.79500000000004 5468.2539682539691 5218.276643990931 46.42000000000008 115.92500000000003 1.0000000180025095e-35 160.42500000000004 129.39500000000001 1 2 115.11500000000002 248.43500000000003 123.33500000000002 151.55500000000004 174.08000000000001 111.44500000000001 4787.00680272109 277.04500000000007 1.0000000180025095e-35 91.985000000000014
decision_type=2 2 1 2 2 2 2 2 2 2 2 2 2 2 2 2 2 2 1 1 2 2 2 2 2 2 2 2 2 2
left_child=1 2 -1 -3 6 -6 7 8 -5 10 20 12 16 -14 28 -2 17 18 -8 25 21 -9 -22 -12 -10 -15 -19 -11 -13 -30
right_child=15 3 -4 4 5 -7 11 9 24 27 23 14 13 19 -16 -17 -18 26 -20 -21 22 -23 -24 -25 -26 -27 -28 -29 29 -31
leaf_value=0.044169565252648903 -0.44402658789862032 1.082474923156389 0.19773435203795967 -0.83803467849187752 -1.874332738896997 0.15940587163003209 0.62527102093832498 -0.0049965964269197199 0.069033099880010523 0.18547273408424456 0.047207617422566628 -0.29376503718200059 0.002296631271889549 0.25142611932959752 -0.15640043227428643 -1.9146484215932085 -0.36215248314680903 0.011714438809727314 -0.027942338841585014 -0.0015762947229394531 -0.011953681322091647 0.039564463541838762 0.00040283127248663675 0.015345485297186202 0.30279397806818215 0.015518044109927055 -0.01928837850959635 0.00031442204296112665 0.32552349835902639 -0.0017798427010504714
leaf_weight=835 158 374 1308 55 592 225 173 852 201 359 584 217 3309 465 258 1572 196 1231 2495 354 953 928 1867 749 932 265 302 203 68 1250
leaf_count=835 158 374 1308 55 592 225 173 852 201 359 584 217 3309 465 258 1572 196 1231 2495 354 953 928 1867 749 932 265 302 203 68 1250
internal_value=0.00155165 0.00531944 0.0282081 0.00279848 0.00216685 -0.026989 0.00347093 0.00907848 0.0315657 0.00496536 0.00295803 -0.000600019 0.00166098 0.00752333 -0.0116843 -0.0454913 -0.00419604 -0.00260652 -0.00884558 0.0214022 -0.000804348 0.00803371 -0.00638298 0.0159415 0.0350838 0.0314865 0.00825179 0.0261566 -0.00680782 -0.0022003
internal_weight=23330 21600 2143 19457 19083 817 18266 7683 1188 6495 5933 10583 8790 4393 1793 1730 4397 4201 2668 1084 4600 1780 2820 1333 1133 730 1533 562 1535 1318
internal_count=23330 21600 2143 19457 19083 817 18266 7683 1188 6495 5933 10583 8790 4393 1793 1730 4397 4201 2668 1084 4600 1780 2820 1333 1133 730 1533 562 1535 1318
cat_boundaries=0 1 2 3
cat_threshold=13 1 8
is_linear=0
shrinkage=0.05


Tree=44
num_leaves=31
num_cat=6
split_feature=13 12 3 13 8 13 12 5 13 11 12 17 11 13 4 13 12 12 4 57 2 58 8 13 8 46 47 13 47 3
split_gain=1618.34 281.644 210.442 183.408 147.045 239.55 443.269 316.812 228.043 218.188 133.238 137.918 130.579 203.358 106.194 276.051 98.475 96.5263 93.8951 92.9537 83.1479 82.5142 68.25 105.817 63.0638 61.4712 88.0164 59.7415 48.5789 55.8906
threshold=207.13500000000002 39.285000000000004 0 111.83500000000002 5468.2539682539691 110.355 250.19500000000002 0.13392857142857142 123.96500000000002 1359.6200000000001 242.62500000000003 335.00000000000006 1508.7350000000004 93.745000000000019 1.0000000180025095e-35 91.985000000000014 250.61500000000004 217.34000000000003 1.0000000180025095e-35 221.54500000000004 1 145.69500000000002 5093.287981859411 117.91500000000001 4837.902494331066 2 3 89.605000000000004 4 5
decision_type=2 2 9 2 2 2 2 2 2 2 2 2 2 2 2 2 2 2 2 2 1 2 2 2 2 1 1 2 1 9
left_child=1 -1 4 25 5 6 12 10 22 -10 11 -7 21 17 -6 -16 -17 27 24 -15 -5 -3 23 -9 -2 -4 -27 -14 -23 -30
right_child=18 2 3 20 14 7 -8 8 9 -11 -12 -13 13 19 15 16 -18 -19 -20 -21 -22 28 -24 -25 -26 26 -28 -29 29 -31
leaf_value=2.0624324205699067 0.12026058331256025 0.68770427584154237 0.046894234322981725 -0.020112033040520318 -0.13429740089563466 -0.82949885722595385 0.18074245801916514 -0.010071016070467743 -2.0285348580833706 0.0074119257166032071 0.016510680756526064 0.26926019003106488 0.54185176603942053 0.18832976288932868 0.25445331360324247 -0.0011036736715849926 -0.1361452644837666 0.16595834533757403 -1.8189160005135478 -0.014160705960035092 -2.1350377123334612 0.073222967686120646 -0.0035544970798747858 -0.081617045374103192 -1.0365757455258078 -0.0015609549599085782 -1.1185594072060192 -0.026381264451346934 0.073670909705066553 -0.078776836171623191
leaf_weight=609 99 201 766 694 394 49 1437 434 220 5094 554 793 391 297 273 1777 204 578 1559 730 302 852 2313 356 58 760 151 156 387 951
leaf_count=609 99 201 766 694 394 49 1437 434 220 5094 554 793 391 297 273 1777 204 578 1559 730 302 852 2313 356 58 760 151 156 387 951
internal_value=0.00129058 0.0049832 0.00401629 -0.00907566 0.00591567 0.0077471 0.0156355 0.00293998 -0.000718783 0.00557019 0.025 0.0375297 0.00797931 0.0169145 -0.00498489 -0.00079858 -0.0072943 0.0316 -0.0454545 0.000827653 -0.0261044 -6.27353e-05 -0.0114889 -0.0241772 -0.00859873 0.0009839 -0.0077633 0.0165448 -0.00287671 -0.00881913
internal_weight=23439 21723 21114 2673 18441 15793 5980 9813 8417 5314 1396 842 4543 2152 2648 2254 1981 1125 1716 1027 996 2391 3103 790 157 1677 911 547 2190 1338
internal_count=23439 21723 21114 2673 18441 15793 5980 9813 8417 5314 1396 842 4543 2152 2648 2254 1981 1125 1716 1027 996 2391 3103 790 157 1677 911 547 2190 1338
cat_boundaries=0 1 2 3 4 5 6
cat_threshold=1310 16 3 2 2 6
is_linear=0
shrinkage=0.05


Tree=45
num_leaves=31
num_cat=5
split_feature=13 10 3 8 13 12 2 13 13 10 55 10 13 9 8 4 13 58 8 4 13 2 13 8 12 46 8 13 13 12
split_gain=1585.02 245.295 184.653 178.714 219.018 420.477 301.125 205.136 179.177 153.539 224.59 160.478 145.831 144.117 118.699 113.759 250.909 112.83 107.085 98.0865 87.1554 82.2982 75.9893 64.4574 62.5673 59.7257 58.8658 91.8651 62.553 62.5209
threshold=207.13500000000002 55.390000000000008 0 5468.2539682539691 110.355 249.83500000000004 1 123.96500000000002 134.65000000000001 361.90500000000003 2 279.66500000000008 111.83500000000002 1025.3300000000002 4864.965986394559 1.0000000180025095e-35 91.985000000000014 152.99000000000004 4760.5668934240375 1.0000000180025095e-35 115.72500000000001 3 151.55500000000004 4837.902494331066 98.815000000000012 4 5218.276643990931 118.16500000000001 122.69500000000001 277.04500000000007
decision_type=2 2 9 2 2 2 1 2 2 2 1 2 2 2 2 2 2 2 2 2 2 1 2 2 2 1 2 2 2 2
left_child=1 -1 12 4 5 9 8 26 14 10 11 -4 25 18 -6 -5 -17 -12 -9 23 -18 -14 -10 -2 -19 -3 27 -8 -29 -28
right_child=19 2 3 15 6 -7 7 13 22 -11 17 -13 21 -15 -16 16 20 24 -20 -21 -22 -23 -24 -25 -26 -27 29 28 -30 -31
leaf_value=2.4141058979132803 0.11424755414693238 0.051575723117302678 0.017036497447382806 -0.10081061773039911 0.28546111574533084 0.17230540172324482 -0.0094563858044284469 -1.9703134204529336 -0.033482843906928662 -0.019506685622792921 0.65331906204946533 0.1800274438262556 -0.018275774380808942 0.0077784638146425784 -1.0845049988371227 0.24627768702063815 -0.00093921177763807158 0.049008646735322708 0.049541160830121105 -1.7279702004878701 -0.094637984049449037 -2.0282858267167883 0.10254632047663126 -0.98675003026260988 -0.17121320180977995 -0.016978550484521373 0.01009778980215117 -0.096409356285443615 -0.00058293200168719756 -0.0041131354266413572
leaf_weight=358 100 580 663 472 653 1456 550 219 154 535 299 988 685 5346 42 271 1686 1066 75 1581 285 278 208 56 1170 983 640 336 92 1553
leaf_count=358 100 580 663 472 653 1456 550 219 154 535 299 988 685 5346 42 271 1686 1066 75 1581 285 278 208 56 1170 983 640 336 92 1553
internal_value=0.00107784 0.00476598 0.00407564 0.00578347 0.00779371 0.0151773 0.00317187 0.000130371 0.0282568 0.00793264 0.0111562 0.0254365 -0.00859621 0.00585106 0.0433813 -0.00607959 -0.00138269 0.00174853 -0.0282313 -0.0448762 -0.00758498 -0.0239356 0 -0.00705128 -0.00210197 0.000799744 -0.0100442 -0.0202454 -0.0376168 -0.00549476
internal_weight=23380 21643 21285 18759 16045 6177 9868 8811 1057 4721 4186 1651 2526 5640 695 2714 2242 2535 294 1737 1971 963 362 156 2236 1563 3171 978 428 2193
internal_count=23380 21643 21285 18759 16045 6177 9868 8811 1057 4721 4186 1651 2526 5640 695 2714 2242 2535 294 1737 1971 963 362 156 2236 1563 3171 978 428 2193
cat_boundaries=0 1 2 3 4 5
cat_threshold=2241 2 50 16 3
is_linear=0
shrinkage=0.05


Tree=46
num_leaves=31
num_cat=7
split_feature=13 10 13 12 13 2 10 8 12 8 3 13 2 3 12 52 13 13 13 13 2 13 2 13 13 8 13 5 12 13
split_gain=1554.78 234.052 168.062 261.269 305.867 239.65 171.643 166.6 264.684 144.157 142.461 132.789 260.813 122.712 255.075 124.916 122.687 112.304 108.175 99.767 100.653 157.785 95.9471 90.9746 84.8295 83.1679 102.713 80.2825 73.5705 70.1668
threshold=212.38000000000002 55.390000000000008 116.45500000000001 250.19500000000002 109.605 0 353.93500000000006 3968.3900226757373 204.76500000000001 5468.2539682539691 1 95.325000000000003 2 3 236.39500000000001 4 175.93500000000003 91.325000000000003 81.250000000000014 146.79500000000004 5 134.65000000000001 6 121.29500000000002 129.39500000000001 5280.7709750566901 179.12000000000003 0.21111111111111114 98.815000000000012 151.55500000000004
decision_type=2 2 2 2 2 1 2 2 2 2 9 2 1 9 2 1 2 2 2 2 1 2 1 2 2 2 2 2 2 2
left_child=1 -1 3 7 22 -4 16 8 10 23 28 27 -13 14 15 -9 19 -16 -15 20 21 -7 -5 -8 -22 -25 -27 -10 -3 -21
right_child=-2 2 5 4 -6 6 9 13 11 -11 -12 12 -14 18 17 -17 -18 -19 -20 29 24 -23 -24 25 -26 26 -28 -29 -30 -31
leaf_value=2.3299410150189508 -1.6415716904634765 0.23057424938948312 -1.9414871275046288 0.19811493319797649 0.0003653912491811795 0.17324047176673602 -0.0058938071988270842 0.31269651166400153 -0.09070832145132357 -0.18645518933250715 0.75696211934962698 0.34131800458979361 -0.018349205542529036 -0.041364698109524145 0.06546379647072316 0.011594063632042358 -0.63166179847018789 -0.0038254164129595484 -0.92890247296076112 0.044488705330827473 -0.008573296996949864 -0.033258292378120037 -0.0040402610502945357 -0.01291332981139881 0.0050042408690869067 0.0018171474112421038 0.080583119711743478 0.16360575271680775 -0.046559352825726319 0.014042725137348101
leaf_weight=352 1622 211 280 1359 982 365 1096 963 74 237 282 303 429 1610 103 627 225 2673 336 760 994 113 158 1491 2086 1284 220 654 936 521
leaf_count=352 1622 211 280 1359 982 365 1096 963 74 237 282 303 429 1610 103 627 225 2673 336 760 994 113 158 1491 2086 1284 220 654 936 521
internal_value=0.000920929 0.00444669 0.00378065 0.00781197 0.0221489 -0.00109595 0.000287173 0.00391805 0.0138629 -0.00702403 -0.00143457 0.0288356 0.0137978 -0.000633714 0.00402194 0.02 0.00653633 -0.00511527 -0.0110429 0.00821451 0.00390669 0.025 0.0362228 -0.00482767 0.000550162 -0.000317195 0.00797872 0.043956 -0.00929127 0.0201795
internal_weight=23346 21724 21372 11700 2499 9672 9392 9201 2889 4328 1429 1460 732 6312 4366 1590 5064 2776 1946 4839 3558 478 1517 4091 3080 2995 1504 728 1147 1281
internal_count=23346 21724 21372 11700 2499 9672 9392 9201 2889 4328 1429 1460 732 6312 4366 1590 5064 2776 1946 4839 3558 478 1517 4091 3080 2995 1504 728 1147 1281
cat_boundaries=0 1 2 3 4 5 6 7
cat_threshold=1 1025 2 3365 2 2 12
is_linear=0
shrinkage=0.05


end of trees

feature_importances:
base_ovl=386
base_pre=204
base_ovl_ratio=172
wav_duration_ms=98
alias_group=75
alias_type=54
row_ratio_in_wav=39
base_cons=36
prev_alias_type=31
base_offset_to_expected_ms=25
voicing_class=21
base_cutoff_abs=20
next_base_pre=20
row_index_in_wav=19
curr_phone_len_ms=19
base_cons_gap=17
prev_base_pre=16
base_offset=14
db_silence_ratio=12
base_cut_gap=11
onset_class=11
prev_base_offset=11
curr_phone_start_ms=9
curr_phone_end_ms=9
curr_vowel_len_ms=8
base_cutoff_to_next_anchor_ms=8
db_mean=7
prev_base_cutoff_abs=7
syllable_start_ms=6
syllable_len_ms=6
base_pre_to_expected_ms=6
syllable_end_ms=5
curr_vowel_start_ms=3
energy_min=3
mora_position=3
next_base_cutoff_abs=3
curr_vowel_end_ms=2
energy_max=2
valley_dist_from_cutoff_ms=2
vowel_class=2
next_base_offset=2
next_phone_gap_ms=1
valley_energy=1
db_min=1
zcr_mean=1
bridge_type=1
is_nasal_or_sonorant=1

parameters:
[boosting: gbdt]
[objective: regression_l1]
[metric: l1]
[tree_learner: serial]
[device_type: cpu]
[data_sample_strategy: bagging]
[data: ]
[valid: ]
[num_iterations: 500]
[learning_rate: 0.05]
[num_leaves: 31]
[num_threads: 0]
[seed: 0]
[deterministic: 0]
[force_col_wise: 0]
[force_row_wise: 0]
[histogram_pool_size: -1]
[max_depth: -1]
[min_data_in_leaf: 40]
[min_sum_hessian_in_leaf: 0.001]
[bagging_fraction: 0.85]
[pos_bagging_fraction: 1]
[neg_bagging_fraction: 1]
[bagging_freq: 1]
[bagging_seed: 3]
[bagging_by_query: 0]
[feature_fraction: 0.85]
[feature_fraction_bynode: 1]
[feature_fraction_seed: 2]
[extra_trees: 0]
[extra_seed: 6]
[early_stopping_round: 0]
[early_stopping_min_delta: 0]
[first_metric_only: 0]
[max_delta_step: 0]
[lambda_l1: 0]
[lambda_l2: 0]
[linear_lambda: 0]
[min_gain_to_split: 0]
[drop_rate: 0.1]
[max_drop: 50]
[skip_drop: 0.5]
[xgboost_dart_mode: 0]
[uniform_drop: 0]
[drop_seed: 4]
[top_rate: 0.2]
[other_rate: 0.1]
[min_data_per_group: 100]
[max_cat_threshold: 32]
[cat_l2: 10]
[cat_smooth: 10]
[max_cat_to_onehot: 4]
[top_k: 20]
[monotone_constraints: ]
[monotone_constraints_method: basic]
[monotone_penalty: 0]
[feature_contri: ]
[forcedsplits_filename: ]
[refit_decay_rate: 0.9]
[cegb_tradeoff: 1]
[cegb_penalty_split: 0]
[cegb_penalty_feature_lazy: ]
[cegb_penalty_feature_coupled: ]
[path_smooth: 0]
[interaction_constraints: ]
[verbosity: -1]
[saved_feature_importance_type: 0]
[use_quantized_grad: 0]
[num_grad_quant_bins: 4]
[quant_train_renew_leaf: 0]
[stochastic_rounding: 1]
[linear_tree: 0]
[max_bin: 255]
[max_bin_by_feature: ]
[min_data_in_bin: 3]
[bin_construct_sample_cnt: 200000]
[data_random_seed: 1]
[is_enable_sparse: 1]
[enable_bundle: 1]
[use_missing: 1]
[zero_as_missing: 0]
[feature_pre_filter: 1]
[pre_partition: 0]
[two_round: 0]
[header: 0]
[label_column: ]
[weight_column: ]
[group_column: ]
[ignore_column: ]
[categorical_feature: 0,1,2,3,46,47,50,51,52,53,55,56]
[forcedbins_filename: ]
[precise_float_parser: 0]
[parser_config_file: ]
[objective_seed: 5]
[num_class: 1]
[is_unbalance: 0]
[scale_pos_weight: 1]
[sigmoid: 1]
[boost_from_average: 1]
[reg_sqrt: 0]
[alpha: 0.9]
[fair_c: 1]
[poisson_max_delta_step: 0.7]
[tweedie_variance_power: 1.5]
[lambdarank_truncation_level: 30]
[lambdarank_norm: 1]
[label_gain: ]
[lambdarank_position_bias_regularization: 0]
[eval_at: ]
[multi_error_top_k: 1]
[auc_mu_weights: ]
[num_machines: 1]
[local_listen_port: 12400]
[time_out: 120]
[machine_list_filename: ]
[machines: ]
[gpu_platform_id: -1]
[gpu_device_id: -1]
[gpu_use_dp: 0]
[num_gpu: 1]

end of parameters

pandas_categorical:[["japanese"], ["vcv"], ["cv", "cv_head", "vc", "vcv", "vv"], ["cv_fricative", "cv_head_fricative", "cv_head_other", "cv_head_plosive", "cv_head_sonorant", "cv_other", "cv_plosive", "cv_sonorant", "vc_other", "vc_sonorant", "vcv", "vv"], ["fricative", "other", "plosive", "sonorant"], ["unknown", "voiced", "voiceless"], ["none"], ["", "a", "e", "i", "n", "o", "u"], ["head", "mid", "tail"], ["", "vc", "vcv", "vv"], ["", "cv", "cv_head", "vc", "vcv", "vv"], [""]]
