tree
version=v4
num_class=1
num_tree_per_iteration=1
label_index=0
max_feature_idx=30
objective=regression_l1
feature_names=language format_type voicebank_id wav_norm alias_norm occurrence_index row_index_in_wav source_mode source_detail token_source source_confidence onset_ms voiced_onset_ms nucleus_start_ms nucleus_end_ms nucleus_span_ms tail_ms tail_margin_ms blank_confidence voiced_confidence unvoiced_confidence boundary_confidence mel_window_energy_mean mel_window_silence_ratio mel_window_voiced_ratio prev_gap_ms next_gap_ms neighbor_boundary_gap_ms file_row_count file_mean_energy file_voiced_ratio
feature_infos=none none -1:5:4:2:8:1:6:10:12 -1:30:3:12:13:1:27:21:23:25:26:4:28:7:17:33:15:9:31:0:6:32:8:19:24:29:2:22:10:16:11:14:5:20:18:178:93:34:74:70:78:91:80:92:179 -1:92:1:154:2:31:0:63:100:107:15:157:3:13:19:22:24:29:33:46:47:52:54:70:75:76:98:106:112:118:126:127:130:137:139:141:146:150:151:160:166:169:175:12:14:16:18:28:62:71:72:74:77:83:91:102:103:104:105:119:120:123:129:131:135:136:142:147:152:153:161:162:163:165:170:171:174:176:21:30:40:42:45:48:53:56:57:58:59:61:69:85:86:87:88:89:95:117:121:122:125:138:144:158:164:23:26:39:60:81:82:90:128:159:17:64:133:20:41:149:173 [0:3] [0:6] none none none none [8.3727980103650257:4237.526608837713] [8.3727980103650257:4489.8799587658905] [25.00350000000001:4489.8799587658905] [159.31056955024786:5815.0524413224066] [23.8066102131138:3232.3165386904766] [209.62316006354217:5989.751545855228] [0.93728124999984164:1842.7883707852875] [0.0079346560846559992:1] [0.1948054180371448:0.97902983749055161] [0.029992999999999902:0.81141497502005899] [0.85999999999999999:0.93501049999999997] [0.00012186270992769999:0.28127465041922167] [0.0163226210024239:1] [0:0.95105168504183279] [-1487.4886352040819:2122.2466747797016] [-498.76825372168855:813.56012499999997] [0:2122.2466747797016] [1:9] [0.0014241460163772:0.25528820651549372] [0:0.83241448779325433]
tree_sizes=2924 2812 2638 2922 2953 3022 2920 3054 2922 2840 2852 2953 2955 3133 3169 3061 2964 3060 3058 3067 3071 3055 3279 3267 3169 3255 3275 3042 3170 3381 3070 3178 3184 3174 3069 3369 3275 2966 3174 3277 3279 3166 3395 3176 3372 3383 3266 3379 3169

Tree=0
num_leaves=28
num_cat=0
split_feature=26 17 15 15 16 15 17 29 29 28 26 29 26 27 22 20 17 26 23 26 11 29 13 29 16 23 11
split_gain=216.894 90.2194 45.7132 35.2595 19.7389 19.4935 24.6391 15.4824 10.417 9.83621 10.509 7.96236 6.17554 4.20703 4.17384 3.43626 3.39624 2.41896 2.72256 2.47892 2.37527 2.10125 1.05093 0.965021 0.672224 0.444468 1.42109e-14
threshold=158.63599192176869 10.199901472768717 237.94963840806295 153.72652602689757 1593.5513012383283 200.71289867423002 9.210559498636032 0.012495158094601401 0.0078675723007331517 6.0000000000000009 0.45227949669197193 0.027356529796111254 117.37697198133789 178.27366491354476 0.028265919604109253 0.10621218571024051 45.315221301020422 205.2274233438973 0.73119803476946343 191.58234479316027 1141.5453935305477 0.021837109383929552 3004.1695435233346 0.014148456628630702 1651.0684425187208 0.6475623582766441 2041.4883384353745
decision_type=2 2 2 2 2 2 2 2 2 2 2 2 2 2 2 2 2 2 2 2 2 2 2 2 2 2 2
left_child=1 2 7 4 -3 8 13 -1 -2 24 14 12 -4 15 -11 -7 -12 18 -10 -20 -9 -22 -18 -19 -5 -25 -26
right_child=5 3 11 9 -6 6 -8 20 17 10 16 -13 -14 -15 -16 -17 22 23 19 -21 21 -23 -24 25 26 -27 -28
leaf_value=59.232637717560806 61.470973873138426 63.551942336759524 59.651671123504642 57.01132869720459 57.558407402038576 62.264736224713332 61.103716850280762 63.89861431121826 61.94548587799072 57.240134765172456 60.090080139387688 57.723499165510241 61.630517028609852 62.876097508611885 62.69095516204834 62.872963916798824 57.4966423034668 62.433396339416504 62.60758113861084 62.15726718902588 62.441371210306954 63.298007295772351 60.26692714691162 63.935013008117679 56.460189490248531 62.832678604125974 58.344688987731935
leaf_weight=33.611960649490356 31.075000762939453 38.262440919876099 44.740120649337769 29.663360357284546 35.929320335388184 55.554641246795654 48.096641063690186 34.423640727996826 32.318000793457031 23.879680156707764 38.583960771560669 26.585280418395996 29.561440706253052 30.263320684432983 23.338560104370117 32.74932074546814 43.548080444335938 29.832000732421875 34.804000854492188 32.318000793457031 29.020320653915405 34.533440828323364 40.842480182647705 30.533880710601807 96.506921529769897 68.365001678466797 27.228320121765137
leaf_count=29 25 31 41 28 35 46 40 29 26 24 33 24 24 25 24 27 42 24 28 26 24 28 42 25 87 55 28
internal_value=61.5217 61.5031 61.5279 61.4887 61.5197 61.5493 61.536 61.5473 61.5579 61.4815 61.4898 61.5025 61.5109 61.5482 61.5099 61.5427 61.4821 61.5616 61.5557 61.5615 61.5573 61.5516 61.4765 61.5661 61.4723 61.5685 61.4707
internal_weight=1056.17 630.259 232.476 397.783 74.1918 425.91 166.664 131.589 259.246 323.591 170.193 100.887 74.3016 118.567 47.2182 88.304 122.975 228.171 99.44 67.122 97.9774 63.5538 84.3906 128.731 153.399 98.8989 123.735
internal_count=920 573 199 374 66 347 138 110 209 308 165 89 65 98 48 73 117 184 80 54 81 52 84 104 143 80 115
is_linear=0
shrinkage=1


Tree=1
num_leaves=26
num_cat=0
split_feature=17 15 15 29 29 26 16 17 12 26 11 25 26 30 6 16 15 20 25 17 16 12 24 18 25
split_gain=234.941 60.841 55.8873 30.502 26.1504 17.9055 15.5341 16.9053 11.0467 10.3157 10.0257 8.12731 7.95443 6.36539 5.51274 10.2008 5.75623 5.3416 3.70442 3.17752 2.23668 4.9703 2.20191 1.48618 0.144308
threshold=16.288234124498107 229.83840539965948 156.61017729497283 0.018836131522604504 0.012827068323745052 212.19211810568348 2450.1165633503406 9.210559498636032 1392.8522402555507 205.2274233438973 1775.5668856292518 238.58700241111742 155.71550820178746 0.2550349311304711 3.5000000000000004 3346.4941357015741 251.36030952380943 0.1913557301454826 177.66148129251704 8.7380956650238222 2058.8583482502004 1382.2295332979968 0.17504409171075838 0.13760521620106372 199.40332878717001
decision_type=2 2 2 2 2 2 2 2 2 2 2 2 2 2 2 2 2 2 2 2 2 2 2 2 2
left_child=1 4 3 -2 5 8 7 12 -1 11 -10 13 17 18 20 16 -16 -3 -6 22 21 23 -15 -4 -11
right_child=2 6 14 -5 9 -7 -8 -9 10 24 -12 -13 -14 19 15 -17 -18 -19 -20 -21 -22 -23 -24 -25 -26
leaf_value=0.49041946324156299 -2.7408970642089847 -0.75963847062165468 -7.4468513274920216 1.7787037659011742 2.2063035031217946 0.71647275209426897 -9.0361749582755131 -1.6965747295493405 -1.106919760579488 1.1661346568454218 0.16919501671541345 0.70086119544583103 0.99938330222427174 1.7294604234771751 -1.4531797027587894 -1.5581198406219483 0.0035960483551026102 0.024805805950604599 1.0423157215118408 0.9241143608093263 -3.7939977500126285 -4.0144854381049555 1.9378475973510974 -6.7937113289966078 1.335095844268799
leaf_weight=45.449881076812744 33.662920475006104 47.014400959014893 27.879240274429321 55.284081220626831 30.424080610275269 31.075000762939453 32.631640195846558 32.478760719299316 28.479200601577759 29.561440706253052 29.561440706253052 55.664441347122192 31.776880741119385 67.282761573791504 25.934360265731812 37.92516016960144 27.228320121765137 34.153080701828003 29.832000732421875 30.533880710601807 106.98416137695312 26.04416036605835 30.80444073677063 60.518760919570923 65.879001617431641
leaf_count=37 31 40 27 46 26 25 33 27 24 24 24 45 26 55 25 39 28 29 24 25 100 24 25 55 53
internal_value=-0.000494002 0.0180206 -0.0305907 0.00437755 0.0273721 0.00871555 -0.00690281 9.30251e-05 -0.00127875 0.0347564 -0.0157344 0.0293153 0.00923483 0.0342637 -0.0405433 -0.0301894 -0.0160569 0.000932368 0.0208531 0.0405463 -0.0448026 -0.0399438 0.044931 -0.0455997 0.0486976
internal_weight=1054.06 652.602 401.461 88.947 474.548 134.566 178.055 145.423 103.491 339.982 58.0406 244.542 112.944 188.877 312.514 91.0878 53.1627 81.1675 60.2561 128.621 221.426 114.442 98.0872 88.398 95.4404
internal_count=917 542 375 77 387 110 155 122 85 277 48 200 95 155 298 92 53 69 50 105 206 106 80 82 77
is_linear=0
shrinkage=0.05


Tree=2
num_leaves=24
num_cat=1
split_feature=17 16 3 15 21 29 17 28 14 15 16 15 14 30 14 17 30 15 23 20 22 21 30
split_gain=220.877 57.8805 57.8758 39.5952 33.5971 23.8298 16.9813 13.1981 12.8402 11.3179 10.2271 12.3308 11.8679 8.88651 9.4438 8.60058 7.63075 2.89051 2.03023 2.39776 0.953769 0.861836 0.59664
threshold=19.483698223777512 2450.1165633503406 0 156.61017729497283 0.87546883659438601 0.014331477430631503 8.844422479480615 6.0000000000000009 2189.0612935397962 201.49338796768689 3346.4941357015741 229.57346907604133 1812.791869326519 0.18489976916474138 1610.671647717423 3.1050805663971919 0.062575917846863865 221.67660687885817 0.76407785336356782 0.10437566867334046 0.0094755177054545014 0.88572788964177207 0.17731620633254352
decision_type=2 2 9 2 2 2 2 2 2 2 2 2 2 2 2 2 2 2 2 2 2 2 2
left_child=1 2 16 5 20 -2 8 21 13 -8 11 -9 -13 14 -6 -15 -1 -17 19 -18 -4 -5 -20
right_child=3 -3 4 7 6 -7 9 10 -10 -11 -12 12 -14 15 -16 17 18 -19 22 -21 -22 -23 -24
leaf_value=0.59176474163950032 -3.1405522636275269 -8.1785556725748219 1.3357986365024954 -4.9595919659999366 0.32681866996845443 0.92422280617028663 -0.026341900203119994 -3.0542712473624256 1.1015545338332788 -1.1016448056185981 -1.3541641392707824 -6.2522019206249118 0.34937391614913943 2.2154879994140293 -1.2014909860898837 0.30271100836868181 0.84303530049969311 -0.28904988162424433 1.2616365184145222 1.6715223563003296 1.3057488287754255 -4.271715263240365 1.5439614304644909
leaf_weight=42.262001037597656 25.23248028755188 41.222840309143066 33.561000823974609 24.209080457687378 34.694200754165649 53.499961137771606 37.721320867538452 31.827840566635132 31.396520614624023 50.853201150894165 38.897600173950195 39.709280252456665 45.273360252380371 37.611520767211914 41.450320959091187 28.208640575408936 42.262001037597656 29.18108057975769 31.075000762939453 53.449001312255859 29.290880680084229 130.97364163398743 93.225002288818359
leaf_count=34 24 41 27 21 29 45 31 28 27 42 40 40 46 32 34 24 34 25 25 43 24 123 75
internal_value=-0.000226357 0.0174519 0.021289 -0.0300574 0.00718685 0.00161613 0.000232347 -0.0380786 0.00821815 -0.0180287 -0.027794 -0.0203995 -0.0104577 0.00282608 -0.0099001 0.0130263 0.0385765 0.000847225 0.0437853 0.0383117 0.0405421 -0.048398 0.048
internal_weight=1047.09 657.465 616.242 389.623 353.969 78.7324 291.117 310.891 202.542 88.5745 155.708 116.81 84.9826 171.146 76.1445 95.0012 262.273 57.3897 220.011 95.711 62.8519 155.183 124.3
internal_count=914 547 506 367 295 69 244 298 171 73 154 114 86 144 63 81 211 49 177 77 51 144 100
cat_boundaries=0 2
cat_threshold=427831446 2
is_linear=0
shrinkage=0.05


Tree=3
num_leaves=27
num_cat=0
split_feature=17 15 15 29 29 16 28 18 21 25 17 27 27 16 23 14 15 25 17 17 27 19 14 25 20 12
split_gain=201.126 70.7346 52.9047 29.4998 22.0624 18.1533 10.7386 10.2601 9.00817 8.33521 8.10588 7.89903 6.98894 6.52363 5.71893 5.56184 4.68742 5.82816 4.64762 3.55786 2.89633 3.79803 2.79912 1.4461 0.728744 2.84217e-14
threshold=16.288234124498107 228.93136213652511 173.09895902267826 0.014148456628630702 0.013478602033083051 2450.1165633503406 6.0000000000000009 0.55272624939729276 0.9204734162935464 238.58700241111742 9.210559498636032 91.365751275510334 158.54960410649758 3346.4941357015741 0.46555987474354826 1570.2139562185346 255.08934728472346 34.102827220089189 62.303171874999869 5.9297894845957453 197.80920467643492 0.77796329955191845 1298.7903938137758 1.0000000180025095e-35 0.16181437608875129 1193.7015487812193
decision_type=2 2 2 2 2 2 2 2 2 2 2 2 2 2 2 2 2 2 2 2 2 2 2 2 2 2
left_child=1 4 3 -2 7 10 24 15 20 12 16 -5 -10 14 18 -1 -3 -18 -8 -17 21 22 -6 -20 -4 -26
right_child=2 5 6 11 8 -7 13 -9 9 -11 -12 -13 -14 -15 -16 19 17 -19 23 -21 -22 -23 -24 -25 25 -27
leaf_value=0.37531935009381806 -2.9835246504461508 0.087652104239527406 -7.2281134180555178 0.25949544956138126 1.3884166354901244 -7.8899485318763585 -0.014052449870109385 0.43029903784334328 1.7368810908996366 0.30347425301919984 -1.597540475126759 2.2044712803891069 0.62714176960591539 -1.2864559323072435 -1.7753719478857855 -0.15049991909568772 2.7236549660833198 -0.7419397757499957 -5.0117029543544085 -0.36552513311277046 1.2125994484028113 1.6592218289520888 0.53492164187529745 -5.0246445189481621 -4.2363302242425211 -3.7777027229801377
leaf_weight=37.019440889358521 29.392800331115723 41.450320959091187 27.667520523071289 27.126400470733643 35.776440858840942 35.819520235061646 29.984880208969116 55.664441347122192 54.742961168289185 30.80444073677063 32.478760719299316 32.047440767288208 55.825201272964478 36.952720165252686 29.773160457611084 29.99276065826416 27.557720422744751 42.152200937271118 23.338560104370117 29.561440706253052 63.393001556396484 49.720001220703125 37.290000915527344 24.42080020904541 31.067120313644409 91.315321207046509
leaf_count=30 28 34 24 24 29 36 30 45 46 25 27 26 46 38 27 25 25 35 24 24 51 40 30 24 30 85
internal_value=2.65367e-05 0.0167692 -0.0287856 0.00509808 0.0267857 -0.0100105 -0.038975 0.0110586 0.0340953 0.0245798 -0.00206923 0.0254357 0.030988 -0.0292449 -0.0230161 0.00120387 0.00435112 -0.00356621 -0.0158799 -0.00825651 0.0413207 0.0368398 0.0295857 -0.0255665 -0.0483432 -0.05
internal_weight=1042.34 659.249 383.087 88.5666 479.79 179.459 294.52 152.238 327.552 141.373 143.639 59.1738 110.568 144.47 107.517 96.5736 111.16 69.7099 77.7442 59.5542 186.179 122.786 73.0664 47.7594 150.05 122.382
internal_count=908 548 360 78 391 157 282 124 267 117 121 50 92 143 105 79 94 60 78 49 150 99 59 48 139 115
is_linear=0
shrinkage=0.05


Tree=4
num_leaves=27
num_cat=1
split_feature=17 26 15 3 21 16 17 15 17 28 26 13 28 25 25 17 29 15 29 26 22 21 24 26 15 11
split_gain=200.001 48.3443 47.2756 27.8814 32.5834 19.9041 16.0742 17.2642 13.1188 12.8143 14.0236 11.1228 18.4673 6.89748 7.13357 6.58543 5.695 10.4751 2.42809 2.24346 2.07443 0.889035 0.863955 0.639257 0.0979038 1.42109e-14
threshold=21.782182220748158 41.240374999999979 142.8827047962524 0 0.87889528829580499 1593.5513012383283 8.844422479480615 201.49338796768689 12.883800431558031 6.0000000000000009 0.45227949669197193 1972.898073129252 6.0000000000000009 104.60263267350332 291.67317400855524 64.686343348398069 0.020120933213954206 188.76878972659838 0.0095075084424189518 215.8003392781101 0.020036888651176202 0.88788958886321268 0.16447467876039304 206.79632047665567 256.66401238429785 590.38974149659873
decision_type=2 2 2 9 2 2 2 2 2 2 2 2 2 2 2 2 2 2 2 2 2 2 2 2 2 2
left_child=1 11 5 4 19 -2 16 -8 13 21 -11 12 -1 -5 18 20 17 -6 -15 -3 -12 -4 23 -20 -17 -23
right_child=2 3 9 8 6 -7 7 -9 -10 10 15 -13 -14 14 -16 24 -18 -19 22 -21 -22 25 -24 -25 -26 -27
leaf_value=-2.9730470011000616 2.1417924971322209 1.4994987291837676 -4.119083360121488 1.512330431922793 0.97386360702550867 -2.207971317565359 0.19049620579445092 -0.93403465412998976 -0.12799922211673787 -0.28714917224088837 -0.72153095330589823 -8.4870160409099906 1.4481515002469558 0.54856154928256873 0.53963567463453399 -1.7827644108688834 0.57262235758627122 -0.61235772069086059 1.445695316493075 1.1201500978335435 -0.71844747056126623 -2.3308386877007701 0.86515639108709907 1.1666532882246743 -5.5496205849743818 -4.3105676012904333
leaf_weight=33.502160549163818 42.262001037597656 29.832000732421875 23.397400379180908 36.478320837020874 32.318000793457031 28.149800300598145 29.832000732421875 29.020320653915405 30.80444073677063 41.113040208816528 25.23248028755188 28.741880178451538 33.823680400848389 33.561000823974609 35.776440858840942 35.607800483703613 56.797641277313232 55.284081220626831 100.68300247192383 38.262440919876099 28.471320152282715 30.145640134811401 34.533440828323364 29.832000732421875 23.338560104370117 94.020921468734741
leaf_count=30 34 24 21 30 26 27 24 24 25 42 24 29 32 27 29 33 47 46 81 31 29 31 28 24 24 85
internal_value=0.000234156 0.0165713 -0.0291707 0.0220745 0.00917266 0.00771567 -0.000517987 -0.0225431 0.0323045 -0.03779 -0.0276891 -0.0162531 -0.00513687 0.0368916 0.0400393 -0.0368112 0.0084587 0.000463277 0.0437415 0.0394449 -0.0241457 -0.0483153 0.0462344 0.0480952 -0.0483503 -0.05
internal_weight=1040.82 669.083 371.739 573.015 271.346 70.4118 203.252 58.8523 301.669 301.327 153.763 96.0677 67.3258 270.864 234.386 112.65 144.4 87.6021 198.609 68.0944 53.7038 147.564 165.048 130.515 58.9464 124.167
internal_count=907 557 350 466 222 61 167 48 244 289 152 91 62 219 189 110 119 72 160 55 53 137 133 105 57 116
cat_boundaries=0 2
cat_threshold=1315078728 1
is_linear=0
shrinkage=0.05


Tree=5
num_leaves=28
num_cat=0
split_feature=17 15 15 29 29 25 16 28 26 26 17 25 26 30 17 22 26 17 29 15 29 25 16 23 20 20 11
split_gain=195.478 60.5762 44.2112 29.6884 28.9005 16.3367 14.6971 14.2667 11.4904 10.8246 8.85374 7.69521 6.31846 5.8742 6.07002 9.74818 5.65889 4.88664 4.52527 6.45442 4.29662 3.25435 2.74392 1.48238 0.739386 0.367618 1.42109e-14
threshold=19.483698223777512 229.83840539965948 156.61017729497283 0.012495158094601401 0.014148456628630702 136.55328443877536 2489.9845008503407 6.0000000000000009 155.71550820178746 0.45227949669197193 61.536327207099482 319.1998307823132 235.06724396474289 0.27144294337453295 3.2474970422478013 0.0062744994102241006 119.97200000000011 9.210559498636032 0.016153722211031157 281.01132164115648 0.034897909738809511 208.0559721067315 1586.9911781462588 0.73119803476946343 0.16226451690267593 0.19899967484826273 2128.1891347789119
decision_type=2 2 2 2 2 2 2 2 2 2 2 2 2 2 2 2 2 2 2 2 2 2 2 2 2 2 2
left_child=1 3 4 5 -2 -1 8 24 18 -9 -11 12 13 14 -5 -16 -6 21 -3 -20 23 -7 -22 -15 -4 -12 -26
right_child=2 6 7 11 16 17 -8 9 -10 10 25 -13 -14 20 15 -17 -18 -19 19 -21 22 -23 -24 -25 26 -27 -28
leaf_value=-3.3120279615199397 -2.9414380427804545 -1.2832046329180156 -6.480879781274905 1.1546590418307596 0.34302442646937786 0.61228639633215287 -7.713606831366957 -1.507352163381259 0.30665465343501008 -0.68975973749070529 -4.8345440519786216 0.25765250529923733 1.2768797255360682 1.4953678744692347 1.2337540456112583 -0.14145089301773037 0.98160648134383899 -0.050392851510708249 -0.28457224586038582 0.42432505575134399 2.1095986021806619 0.20093021040274994 0.71034668326316541 1.335868844500913 -3.8386991273480215 -1.443424536863084 -2.2095352825104189
leaf_weight=29.18108057975769 27.17736029624939 33.180640697479248 27.396960496902466 30.533880710601807 27.126400470733643 34.804000854492188 34.305960178375244 44.030360221862793 33.019880771636963 47.328040361404419 25.23248028755188 37.019440889358521 54.692001342773438 38.693760871887207 41.991441011428833 42.152200937271118 30.80444073677063 33.561000823974609 50.853201150894165 27.126400470733643 36.478320837020874 33.019880771636963 29.832000732421875 53.449001312255859 100.01632142066956 39.979840278625488 24.311000108718872
leaf_count=25 26 28 24 25 24 28 35 45 27 47 24 30 44 32 34 35 25 27 42 24 30 27 24 43 92 40 25
internal_value=-0.000622158 0.0157272 -0.0286283 0.0247252 0.00327346 0.00426453 -0.00924778 -0.0374351 -0.00224912 -0.026847 -0.0350702 0.0320474 0.0344876 0.0313814 0.0227621 0.0158325 0.02323 0.0137531 -0.00994215 -0.00336149 0.0376194 0.0214748 0.0279138 0.044604 -0.0483615 -0.0470176 -0.05
internal_weight=1067.3 673.894 393.403 495.408 85.1082 130.566 178.486 308.295 144.18 156.571 112.54 364.842 327.823 273.131 114.678 84.1436 57.9308 101.385 111.16 77.9796 158.453 67.8239 66.3103 92.1428 151.724 65.2123 124.327
internal_count=932 560 372 404 75 107 156 297 121 156 111 297 267 223 94 69 49 82 94 66 129 55 54 75 141 64 117
is_linear=0
shrinkage=0.05


Tree=6
num_leaves=27
num_cat=0
split_feature=17 15 15 16 26 14 11 30 26 30 28 16 17 25 26 16 17 25 30 14 27 24 25 11 21 11
split_gain=210.203 59.8096 42.7616 29.2937 20.1184 17.4978 19.9141 15.1591 13.1681 10.7879 9.69301 6.84338 6.87403 6.79628 6.56501 6.55659 6.33803 15.2185 6.16698 5.18622 4.97486 2.01155 7.47228 1.17887 0.869727 1.42109e-14
threshold=23.403317278520948 229.83840539965948 152.03464430205477 1593.5513012383283 41.240374999999979 1642.3485576996193 1133.9322249587633 0.17731620633254352 224.36406734243727 0.034753240673633008 6.0000000000000009 3346.4941357015741 62.303171874999869 328.04775987051624 6.8212102632969628e-13 1583.8728278061224 9.0300551061045553 192.02839981578276 0.36418884770889492 1987.0372185374151 116.22287500000017 0.081092486622440521 184.94285513040663 1351.3728762578119 0.88788958886321268 494.87586139455794
decision_type=2 2 2 2 2 2 2 2 2 2 2 2 2 2 2 2 2 2 2 2 2 2 2 2 2 2
left_child=1 4 3 -2 -1 6 -3 8 9 -6 24 12 -12 16 -14 -11 21 -18 20 -17 -7 23 -23 -9 -4 -26
right_child=2 5 10 -5 7 18 -8 13 -10 15 11 -13 14 -15 -16 19 17 -19 -20 -21 -22 22 -24 -25 25 -27
leaf_value=-2.2681945579538163 1.9479785433866406 -0.55677011840356128 -3.3775862550939815 -2.0401778972775606 -0.22888867139143301 -4.7072125468953692 0.976283427295493 0.94677011953567447 1.111631908565976 0.63211040301265575 -0.34860570180826633 -1.0780252645381931 -3.0447684286675303 0.1395407344690292 -3.8689653575939431 -0.34248268556238592 -0.21187777832273014 0.91271360594532747 -1.9771415936908487 0.22054177751355974 -0.03035701650470949 1.6244472180931124 0.44885442648280655 1.5426633553050904 -2.0223617969483305 -3.8048435401905616
leaf_weight=33.553120374679565 38.533000946044922 36.368520736694336 23.667960405349731 37.172320365905762 29.832000732421875 42.524680614471436 30.80444073677063 29.561440706253052 31.075000762939453 50.963001251220703 35.388200283050537 39.87004017829895 25.55400013923645 33.290440797805786 45.602760553359985 32.318000793457031 39.505440950393677 41.019001007080078 40.740560531616211 33.561000823974609 31.235760688781738 45.720441102981567 37.019440889358521 79.281441926956177 26.255880117416382 91.534921407699585
leaf_count=32 31 31 21 36 24 39 25 24 25 41 35 41 26 27 43 26 32 33 38 27 26 37 30 64 27 83
internal_value=0.000715599 0.0167662 -0.030115 0.00332265 0.0254426 -0.00791029 0.012349 0.0280426 0.0164336 0.0101695 -0.0389084 -0.0298902 -0.0232776 0.0347994 -0.032234 0.0170213 0.0374083 0.0256379 -0.0197955 0.00660377 -0.0111717 0.0423556 0.0364793 0.0468225 -0.0482426 -0.05
internal_weight=1061.95 698.374 363.579 75.7053 516.7 181.674 67.173 483.147 177.749 146.674 287.874 146.415 106.545 305.398 71.1568 116.842 272.107 80.5244 114.501 65.879 73.7604 191.583 82.7399 108.843 141.459 117.791
internal_count=924 581 343 67 422 159 56 390 143 118 276 145 104 247 69 94 220 65 103 53 65 155 67 88 131 110
is_linear=0
shrinkage=0.05


Tree=7
num_leaves=28
num_cat=1
split_feature=26 17 3 26 16 29 15 11 28 15 28 16 20 5 19 20 21 30 22 14 11 15 6 22 20 20 11
split_gain=178.801 54.4811 34.1578 29.5191 22.2417 19.4927 18.8562 18.6933 16.879 17.0821 15.7014 10.6964 7.63278 11.1976 6.55083 5.25674 4.4036 6.60283 7.68465 2.43012 2.28925 1.99382 1.65733 1.57291 1.50905 1.50078 1.42109e-14
threshold=116.22287500000017 5.6236875000000746 0 203.82120257778504 1217.8132538265311 0.014148456628630702 230.65795631377537 625.92405752513935 6.0000000000000009 238.54180735036849 6.0000000000000009 3334.5231069982242 0.15879455894710451 1.0000000180025095e-35 0.78507599100875425 0.091227260564439153 0.9204734162935464 0.33618715722991183 0.0034422271105707006 1561.9961291190664 1016.5027150679575 201.49338796768689 2.5000000000000004 0.021465382824679306 0.15465964215758152 0.050451021735642705 1013.5293992177809
decision_type=2 2 9 2 2 2 2 2 2 2 2 2 2 2 2 2 2 2 2 2 2 2 2 2 2 2 2
left_child=1 8 16 5 7 21 19 -3 -1 -10 24 12 -12 14 -14 -7 20 18 -18 -5 -2 -4 -22 -13 -6 -20 -26
right_child=2 4 3 6 10 15 -8 -9 9 -11 11 23 13 -15 -16 -17 17 -19 25 -21 22 -23 -24 -25 26 -27 -28
leaf_value=-2.6935962840145411 0.3363758031790518 -4.3848347994101475 -0.63415137002241784 1.0527980683392 -6.54049282252819 -0.24539200572428635 -0.9893185233541314 1.5078985116347505 1.6823084409125837 -0.81541241376601836 -1.9871761369897414 -1.2088130281620388 -0.88426987813377389 -7.0718878117379944 0.92430621072766606 0.3993544829494145 0.013206242912377287 -0.15219231561394864 1.1354240173042514 0.82460930959858691 1.4455420963828862 -0.93687689734742696 0.40557332592766371 -0.8456658515002915 -1.9212437071009139 0.37566331984544599 -4.2583489569016573
leaf_weight=31.93764066696167 34.804000854492188 26.526440143585205 29.020320653915405 48.206441164016724 29.722200632095337 37.019440889358521 33.341400623321533 28.479200601577759 53.229401111602783 29.984880208969116 34.20404052734375 35.980280160903931 39.928880453109741 25.283440113067627 26.314720392227173 54.582201242446899 33.290440797805786 30.533880710601807 31.075000762939453 38.262440919876099 48.477001190185547 40.748440980911255 44.477441072463989 23.338560104370117 31.227880239486694 40.748440980911255 92.558321237564087
leaf_count=27 28 27 24 39 25 30 29 24 45 30 31 37 38 26 24 45 27 25 25 31 39 33 36 24 31 33 86
internal_value=-0.000792177 -0.0221066 0.0191183 0.00604167 -0.0309575 -0.00770278 0.0250581 -0.00146847 0.0081435 0.0200028 -0.0357485 -0.0259413 -0.0176844 -0.0101534 0.000651112 0.00746329 0.0316466 0.026574 0.0325195 0.0373753 0.0395095 -0.0276148 0.043605 -0.0434426 -0.0475708 0.0417235 -0.05
internal_weight=1053.3 508.716 544.587 281.181 393.564 161.37 119.81 55.0056 115.152 83.2143 338.558 185.05 125.731 91.527 66.2436 91.6016 263.406 135.648 105.114 86.4689 127.758 69.7688 92.9544 59.3188 153.508 71.8234 123.786
internal_count=919 475 444 231 373 132 99 51 102 75 322 180 119 88 62 75 213 110 85 70 103 57 75 61 142 58 117
cat_boundaries=0 2
cat_threshold=295743634 2
is_linear=0
shrinkage=0.05


Tree=8
num_leaves=27
num_cat=0
split_feature=17 15 15 16 29 14 17 6 16 26 29 16 30 30 25 26 22 18 25 12 14 15 26 26 6 24
split_gain=200.967 56.4913 35.471 22.7531 18.2784 14.1134 11.3306 8.94906 14.2236 8.11866 10.9872 5.86706 6.73228 5.93662 5.39668 5.05867 4.18327 11.2265 3.45074 3.30591 3.34436 7.49715 3.21703 2.96377 2.79127 1.12023
threshold=19.483698223777512 229.83840539965948 156.61017729497283 1711.2237484772229 0.012827068323745052 2517.1100919430278 9.210559498636032 3.5000000000000004 3344.8928686685217 217.77317735893044 0.0077581819870444508 1579.9812071395306 0.2494156418463612 0.35737935799319731 196.29731731576888 154.30937670068036 0.062227475489978958 0.12590953148620557 123.90109555439859 1259.2936509353747 1150.470790890151 177.01233220975635 181.15355501420757 180.76468292180576 3.5000000000000004 0.29746829134584241
decision_type=2 2 2 2 2 2 2 2 2 2 2 2 2 2 2 2 2 2 2 2 2 2 2 2 2 2
left_child=1 4 3 -2 9 6 15 16 -9 10 -1 19 22 23 -12 18 17 -4 -3 20 -6 -22 -13 -14 -15 -19
right_child=2 5 7 -5 11 -7 -8 8 -10 -11 14 12 13 24 -16 -17 -18 25 -20 -21 21 -23 -24 -25 -26 -27
leaf_value=-0.78837785114595771 1.1780989624407336 0.22234037684036659 -2.6339332443780421 -2.1263463109855336 2.1548437916830081 -6.8754750195271672 -1.5392561299989622 -0.20419094100387164 -0.89767129164512482 0.53808974824943412 0.561855584256437 -0.12207311394711123 0.6757617119273267 0.11691852606116773 -0.13710079186848034 0.6086237560847606 -1.8251815217458682 -3.8801306508547118 -0.50029169499380755 1.6958906444949939 0.079181854956557565 0.84999618854588077 0.23550586466871004 0.79084816515954803 0.5732079551415179 -4.0897161248476221
leaf_weight=30.965200662612915 45.720441102981567 52.578480958938599 24.150240182876587 38.144760370254517 40.09752082824707 35.007840156555176 34.964760780334473 45.112600326538086 39.87004017829895 33.561000823974609 50.151321172714233 29.561440706253052 38.262440919876099 29.290880680084229 31.776880741119385 29.290880680084229 100.22016072273254 51.606040954589844 35.505880832672119 43.234441041946411 29.561440706253052 39.505440950393677 30.80444073677063 39.7760009765625 31.075000762939453 42.04240083694458
leaf_count=26 37 46 24 37 34 36 29 45 41 27 41 24 31 24 26 24 100 45 29 35 24 32 25 32 25 36
internal_value=-0.000352465 0.0159185 -0.0291612 -0.000383377 0.0247289 -0.00748341 -0.000904739 -0.0371263 -0.0233632 0.00989023 0.00347158 0.0309174 0.0252584 0.0313355 0.0130612 0.00653772 -0.0424911 -0.0361028 0.000551994 0.0382983 0.0336638 0.0269956 0.0113251 0.0404432 0.0195615 -0.0439413
internal_weight=1071.84 684.971 386.867 83.8652 497.623 187.348 152.34 303.001 84.9826 146.454 112.893 351.169 198.77 138.404 81.9282 117.375 218.019 117.799 88.0844 152.399 109.164 69.0669 60.3659 78.0384 60.3659 93.6484
internal_count=935 570 365 74 406 164 128 291 86 120 93 286 161 112 67 99 205 105 75 125 90 56 49 63 49 81
is_linear=0
shrinkage=0.05


Tree=9
num_leaves=26
num_cat=1
split_feature=17 15 15 16 29 28 14 25 3 15 26 27 16 17 26 24 28 6 13 22 15 15 14 16 11
split_gain=195.98 53.3667 39.2768 26.737 19.3225 18.8901 18.3162 11.4528 11.0858 20.8342 9.52724 9.50333 9.28221 8.67986 11.6983 8.1764 7.69716 6.19996 3.04668 3.90873 2.68042 1.05915 0.577878 0.185754 1.42109e-14
threshold=19.483698223777512 229.83840539965948 152.03464430205477 1711.2237484772229 0.0082721793252989017 6.0000000000000009 2517.1100919430278 22.549768762733724 0 198.38745816154827 220.48517456198206 127.47025000000004 3362.0190618737302 61.536327207099482 1.0000000180025095e-35 0.0055609545405463012 6.0000000000000009 1.5000000000000002 1396.1055097789119 0.0034422271105707006 176.7549645249243 201.77325233843553 1200.6972862984362 1642.4933549972459 2041.4883384353745
decision_type=2 2 2 2 2 2 2 2 9 2 2 2 2 2 2 2 2 2 2 2 2 2 2 2 2
left_child=1 4 3 -2 -1 23 7 -3 9 10 15 17 13 -7 -15 -6 -10 -9 22 -20 -21 -22 -18 -4 -25
right_child=2 6 5 -5 8 12 -8 11 16 -11 -12 -13 -14 14 -16 -17 18 -19 19 20 21 -23 -24 24 -26
leaf_value=-0.10624496610138541 1.6903529587519845 3.4296479541642286 -6.1187687572132843 -2.0656550029894158 0.4090889228072257 -0.193981393953678 -6.5317012685508091 -1.421297946774142 0.70078671608442533 -0.23394740032056799 0.58377664773686966 0.11807618408254834 -1.1034888121716804 -0.51943313605216879 -3.7765470108665564 -0.18602447638836994 1.2600225967635383 -0.13277358416278459 0.57588959514358784 0.63190886979937011 1.2056544260292925 1.0060681218344931 1.402326632329671 -3.2742998269348313 -1.6046398174429937
leaf_weight=53.339201211929321 49.449441194534302 34.20404052734375 27.287160396575928 31.337680339813232 33.019880771636963 47.869160413742065 38.195720195770264 29.561440706253052 54.582201242446899 37.991880893707275 29.561440706253052 30.80444073677063 28.200760126113892 26.526440143585205 47.277080535888672 41.019001007080078 47.826081037521362 54.311641216278076 32.318000793457031 32.047440767288208 37.290000915527344 43.234441041946411 47.234001159667969 94.020921468734741 30.416200160980225
leaf_count=44 40 31 25 30 27 47 39 24 45 31 24 25 29 27 45 33 40 45 26 26 30 35 38 85 31
internal_value=0.000161092 0.0163324 -0.0284503 0.00251179 0.0250142 -0.036744 -0.0063823 0.00154204 0.0284885 0.0134402 0.0260039 -0.00603159 -0.0241536 -0.0181631 -0.0289183 0.016423 0.0341083 -0.0147546 0.0391215 0.0345579 0.0389582 0.0438255 0.0460772 -0.0491808 -0.05
internal_weight=1058.93 676.541 382.385 80.7871 489.464 301.598 187.077 148.882 436.124 141.592 103.6 114.678 149.873 121.673 73.8035 74.0389 294.532 83.8731 239.95 144.89 112.572 80.5244 95.0601 151.724 124.437
internal_count=922 563 359 70 399 289 164 125 355 115 84 94 148 119 72 60 240 69 195 117 91 65 78 141 116
cat_boundaries=0 1
cat_threshold=1180696648
is_linear=0
shrinkage=0.05


Tree=10
num_leaves=26
num_cat=1
split_feature=26 17 28 3 15 25 29 25 16 15 22 21 25 20 20 25 24 26 17 26 15 22 30 30 11
split_gain=157.255 47.8528 26.3926 24.7079 19.2113 19.0957 18.9782 17.6524 15.65 14.6416 11.7746 7.90395 7.03835 6.83486 6.4722 6.35523 8.40518 6.17317 5.65586 6.45216 3.08448 2.26734 1.93502 1.76045 0.540435
threshold=116.22287500000017 10.310093749999966 6.0000000000000009 0 238.54180735036849 199.40332878717001 0.013826472673927451 29.957477040816404 3362.0190618737302 230.65795631377537 0.0034422271105707006 0.9262759708479279 145.04665680778524 0.14088477794312163 0.21668574771992119 87.867682237858972 0.48581043178976696 158.63599192176869 8.4128459902013919 155.71550820178746 211.12830335884351 0.020473811812051153 0.34493117559523817 0.17731620633254352 1365.0248451409632
decision_type=2 2 2 9 2 2 2 2 2 2 2 2 2 2 2 2 2 2 2 2 2 2 2 2 2
left_child=1 4 20 5 6 12 -1 -6 13 10 11 -5 -2 -4 -15 -16 -17 -12 19 -11 -3 -8 23 -19 -25
right_child=3 2 8 9 7 -7 21 -9 -10 18 17 -13 -14 14 15 16 -18 22 -20 -21 -22 -23 -24 24 -26
leaf_value=-4.8840533612587063 -0.18847549382274867 -3.0558526972611606 -2.1905526498254599 0.76370850282871572 0.87948586316921618 0.22366912734646616 1.2102204278384021 -3.4663153294627942 -1.0483143715630963 -0.080170344512247679 0.11523961415642195 -0.084516405877794659 -0.7436908533054245 0.66862532668105568 -5.414790781928204 -0.66396037651954076 0.48195358446733672 0.97554656195284795 -1.3815382601767325 0.58837284527106781 -2.9441248426801101 1.0037337248421461 0.72102979680550527 0.78807684534974953 1.2781059761048519
leaf_weight=28.910520553588867 29.451640605926514 26.585280418395996 27.989040374755859 55.935001373291016 27.989040374755859 55.123321294784546 31.235760688781738 34.905920505523682 34.035400152206421 34.533440828323364 42.693320989608765 47.234001159667969 41.179760932922363 43.979400396347046 24.852120161056519 36.901760339736938 27.126400470733643 39.7760009765625 28.208640575408936 31.235760688781738 129.13856172561646 29.99276065826416 45.991001129150391 29.832000732421875 55.935001373291016
leaf_count=25 25 24 26 45 26 45 26 32 35 28 35 38 34 43 25 36 24 32 24 26 120 25 37 24 45
internal_value=-0.0012071 -0.0212783 -0.0314606 0.0176128 0.00204982 -0.00244791 0.0168479 -0.0191584 -0.0191978 0.0232398 0.0289376 0.0150602 -0.0198551 -0.0126801 -0.00794941 -0.0157123 -0.00738256 0.0356207 0.00646931 0.0145025 -0.0468072 0.0326129 0.0398551 0.0430693 0.0471014
internal_weight=1040.77 503.642 350.608 537.129 153.034 125.755 90.139 62.895 194.884 411.374 317.396 103.169 70.6314 160.849 132.86 88.8803 64.0282 214.227 93.9778 65.7692 155.724 61.2285 171.534 125.543 85.767
internal_count=905 467 333 438 134 104 76 58 189 334 256 83 59 154 128 85 60 173 78 54 144 51 138 101 69
cat_boundaries=0 1
cat_threshold=1176502280
is_linear=0
shrinkage=0.05


Tree=11
num_leaves=27
num_cat=1
split_feature=17 15 28 16 3 26 19 14 11 29 27 17 15 26 30 16 21 18 24 11 18 17 11 20 22 20
split_gain=159.809 46.7626 36.9882 25.1141 17.713 23.4297 18.3498 17.1905 17.7974 15.8553 17.9141 9.64527 11.9713 8.74113 8.68798 8.57139 5.85504 4.35412 10.117 2.41562 2.00242 1.49372 1.10621 2.18962 0.758503 0.176381
threshold=19.483698223777512 237.94963840806295 6.0000000000000009 3346.4941357015741 0 223.64293665857215 0.65408118898636414 1997.1352826915909 1098.5358390921335 0.018836131522604504 62.909241797353395 8.844422479480615 198.38745816154827 123.03599781169534 0.10978976413978277 2410.9579881266022 0.88030983112874517 0.30726066446539341 0.014852607709750552 2181.3959529606032 0.48631649199432253 7.4982499999999854 1762.7780969387761 0.054362502853638306 0.019634719698697605 0.16226451690267593
decision_type=2 2 2 2 9 2 2 2 2 2 2 2 2 2 2 2 2 2 2 2 2 2 2 2 2 2
left_child=1 4 16 9 19 6 -6 8 -3 15 -11 14 20 -9 -8 -4 -2 -16 -19 22 -13 -7 23 -1 -5 -18
right_child=2 7 3 24 5 21 11 13 -10 10 -12 12 -14 -15 17 -17 25 18 -20 -21 -22 -23 -24 -25 -26 -27
leaf_value=1.0774885939287895 -1.3737448256121363 -1.1405206169995499 -2.46366537854805 -1.1248006083168922 1.2117143871419913 1.3008517917807563 -0.85330604278649891 -5.7771950676507862 0.82601900387198846 -1.9886303187765888 1.3883898185001642 0.034089910734888838 -0.48047476404952189 -0.12174188174013041 0.59431270562056626 -0.032325050265758652 -5.8516789356401606 0.45265574425414101 -0.52720024761861028 0.32680866361138988 -0.075858815298142451 0.66599403498371346 1.4483906825457042 1.4202388498530696 -0.90306449571836367 -2.6686088723420318
leaf_weight=41.019001007080078 28.910520553588867 33.88252067565918 36.690040588378906 25.283440113067627 29.561440706253052 47.9358811378479 34.153080701828003 38.846640348434448 49.610201120376587 45.061640501022339 41.391480684280396 29.020320653915405 33.721760749816895 39.987720727920532 46.583081007003784 34.847080230712891 27.667520523071289 50.853201150894165 29.832000732421875 32.047440767288208 32.318000793457031 30.80444073677063 38.533000946044922 29.832000732421875 23.338560104370117 103.84724116325378
leaf_count=33 25 29 33 26 24 39 29 38 41 43 37 24 28 35 39 35 24 42 24 26 26 25 31 24 24 99
internal_value=-5.45104e-05 0.0144991 -0.0265632 -0.0125769 0.0219874 0.0147374 0.00849292 -0.00885308 0.00695768 -0.00290628 0.0115022 0.00419355 -0.00844161 -0.0255981 0.0116343 -0.020319 -0.0445763 0.0176433 0.0106162 0.0370268 0.00471457 0.0392934 0.0431818 0.0394737 -0.044 -0.0490549
internal_weight=1035.58 668.542 367.038 206.612 506.215 364.783 286.043 162.327 83.4927 157.99 86.4531 256.481 95.0601 78.8344 161.421 71.5371 160.425 127.268 80.6852 141.431 61.3383 78.7403 109.384 70.851 48.622 131.515
internal_count=903 557 346 198 414 300 236 143 70 148 80 212 78 73 134 68 148 105 66 114 50 64 88 57 50 123
cat_boundaries=0 2
cat_threshold=8392850 2
is_linear=0
shrinkage=0.05


Tree=12
num_leaves=27
num_cat=1
split_feature=17 14 3 28 19 29 16 26 28 27 12 22 15 21 17 17 14 20 21 24 18 22 25 26 27 14
split_gain=152.789 33.2994 33.5038 31.6279 25.9933 20.0591 21.3638 16.1684 14.8536 9.31252 11.2166 7.94644 7.76792 7.48026 7.14579 6.84854 9.47498 5.7322 4.92065 4.73389 4.43971 3.17418 3.31152 3.27572 0.93225 1.42109e-14
threshold=23.403317278520948 2517.1100919430278 0 6.0000000000000009 0.65132556988925661 0.017567043955649505 3344.8928686685217 254.1267706425447 6.0000000000000009 88.368723160300775 1947.4815334120551 0.0034422271105707006 184.22611463076638 0.92966841952505952 5.6236875000000746 4.0975883887155087 1642.3485576996193 0.22568485781180006 0.87970881992768024 0.013004632052251051 0.27799128890069169 0.0056512896693585004 207.25971785055535 171.43187847964921 174.78900199674788 3229.8978783696384
decision_type=2 2 9 2 2 2 2 2 2 2 2 2 2 2 2 2 2 2 2 2 2 2 2 2 2 2
left_child=1 2 11 18 -4 19 12 8 20 14 15 13 -7 -1 -10 -11 -17 -14 -2 -5 -6 24 23 -23 -13 -20
right_child=3 -3 4 5 7 6 -8 -9 9 10 -12 21 17 -15 -16 16 -18 -19 25 -21 -22 22 -24 -25 -26 -27
leaf_value=0.76605310983113384 -2.5317704499292684 -5.645516912644319 1.0238510395958558 -1.4930552740674443 -1.6993306860139861 1.4949860380795954 -0.92841810111995327 1.6042334142579613 1.8972246299099589 -0.91620435520845267 0.27818502447284144 1.1436572713162605 0.63681031286029111 -0.037955801152106977 -0.15090450848630965 0.13389132839003112 -0.58024648203595397 -1.3388412049355987 -3.5760227055352689 -0.73813674596135037 -5.9632006034183336 0.6297315285784979 0.28418141768463773 1.0165807037279018 0.6642614006878127 -1.2437711408197369
leaf_weight=43.505001068115234 25.993200540542603 36.952720165252686 41.450320959091187 40.740560531616211 30.694640636444092 41.450320959091187 27.228320121765137 34.533440828323364 41.552240610122681 29.832000732421875 41.991441011428833 29.832000732421875 29.012440204620361 39.7760009765625 26.855840444564819 52.907881259918213 42.262001037597656 29.984880208969116 96.506921529769897 35.548960208892822 27.938080549240112 39.7760009765625 43.505001068115234 45.991001129150391 29.832000732421875 28.471320152282715
leaf_count=35 22 38 34 38 26 34 28 28 38 24 34 24 29 32 24 43 34 30 87 36 24 32 35 37 24 29
internal_value=-0.00194913 0.0119443 0.0146 -0.0285349 0.00423102 -0.0156939 -0.00357328 -0.0003616 -0.00416272 0.00144585 -0.00491923 0.0275276 0.00707539 0.0156716 0.0169838 -0.0124298 -0.00587738 -0.00457929 -0.0458833 -0.0359786 -0.0266803 0.0342105 0.0298077 0.0355072 0.04375 -0.05
internal_weight=1034.12 679.188 642.235 354.937 370.018 203.965 127.676 328.568 294.034 235.401 166.993 272.217 100.448 83.281 68.4081 125.002 95.1699 58.9973 150.971 76.2895 58.6327 188.936 129.272 85.767 59.664 124.978
internal_count=899 566 528 333 309 195 121 275 247 197 135 219 93 67 62 101 77 59 138 74 50 152 104 69 48 116
cat_boundaries=0 2
cat_threshold=427832470 2
is_linear=0
shrinkage=0.05


Tree=13
num_leaves=29
num_cat=0
split_feature=17 28 15 16 14 29 11 16 20 24 22 17 20 25 22 24 25 17 25 15 16 30 17 24 27 23 18 18
split_gain=160.347 43.6572 36.291 22.7109 13.8138 12.4564 10.5775 12.855 9.92763 9.48524 9.45051 9.39017 9.05423 6.6426 5.71512 6.44913 7.14498 9.18423 4.81877 5.18545 4.75774 8.71153 4.58682 2.08173 1.54106 1.28131 1.01488 0.200104
threshold=21.782182220748158 6.0000000000000009 229.83840539965948 3362.0190618737302 2639.0610381218166 0.012827068323745052 912.4343670452497 1599.5485338799647 0.035547940987358313 0.0092322643343051031 0.05445231567736996 9.210559498636032 0.21805056414089871 140.00478358843546 0.024684594602000901 0.00059266130694695014 223.41618381150172 10.005164235543477 184.94285513040663 192.12170463426222 1617.2416106296553 0.21547884778911564 6.5609687499999731 0.29746829134584241 149.48599533860866 0.93324829931972786 0.51439002992656935 0.059542618393511208
decision_type=2 2 2 2 2 2 2 2 2 2 2 2 2 2 2 2 2 2 2 2 2 2 2 2 2 2 2 2
left_child=2 23 5 6 11 8 -3 -8 22 -9 14 20 -11 -14 15 25 17 18 24 -20 -4 -22 -1 -2 -17 -7 -18 -25
right_child=1 3 4 -5 -6 10 7 9 -10 12 -12 -13 13 -15 -16 16 26 -19 19 -21 21 -23 -24 27 -26 -27 -28 -29
leaf_value=0.45658186955299274 -3.7433504818646441 -4.2680720398377057 0.45343663874292628 -0.8650058588657249 -5.7058601524226376 1.0502109158355006 1.0986520510597939 -1.4184025103640723 -0.14166805780724481 0.46067586050557524 -0.2583692014738786 -0.95816555669846704 -1.7068799052433468 0.12284519490474324 2.039258012710532 1.4271900567441849 -0.061742905165048968 0.039542318634179258 1.0034087828518026 -0.010285030742879587 -1.1020092652147688 0.24485148609272922 0.0601601514667955 -1.1815825837787501 1.2259100756875974 1.0241181887808255 0.27011311144048389 -2.3410489457782617
leaf_weight=45.179321050643921 33.180640697479248 26.36568021774292 44.79896092414856 33.062960147857666 35.278400182723999 30.80444073677063 45.179321050643921 27.287160396575928 49.06908106803894 29.283000230789185 28.479200601577759 36.207760810852051 28.471320152282715 24.852120161056519 36.748880863189697 32.478760719299316 29.832000732421875 34.533440828323364 29.832000732421875 29.561440706253052 29.99276065826416 33.341400623321533 45.991001129150391 24.961920261383057 33.290440797805786 47.665321111679077 29.561440706253052 105.2000412940979
leaf_count=37 28 26 38 34 36 25 37 25 41 29 24 30 29 25 30 27 24 28 24 24 25 29 37 24 27 39 24 99
internal_value=-0.000585852 -0.0267188 0.0138787 -0.0118876 -0.0054139 0.0207677 -0.00494251 3.54027e-05 0.00811268 -0.00919504 0.0256596 0.00144114 -0.000752363 -0.0130193 0.028015 0.0257175 0.0213122 0.0268188 0.0331172 0.0227933 0.00882076 0 0.0178724 -0.0461951 0.0424402 0.0380172 0.00650624 -0.049045
internal_weight=1060.49 377.844 682.646 214.502 179.619 503.027 181.439 155.073 140.239 109.894 362.787 144.341 82.6064 53.3234 334.308 297.559 219.09 159.696 125.163 59.3934 108.133 63.3342 91.1703 163.343 65.7692 78.4698 59.3934 130.162
internal_count=925 356 569 205 158 411 171 145 115 108 296 122 83 54 272 242 178 130 102 48 92 54 74 151 54 64 48 123
is_linear=0
shrinkage=0.05


Tree=14
num_leaves=29
num_cat=1
split_feature=17 28 5 3 16 26 29 26 26 15 17 11 12 15 29 20 21 15 11 18 15 29 11 20 20 29 20 6
split_gain=143.674 43.0246 29.3427 26.3234 25.2206 24.864 12.0241 12.2643 18.0878 11.1469 8.03629 9.04052 13.9043 7.99165 7.47498 7.14004 5.56826 5.42756 5.3967 4.50609 4.47508 3.79857 2.99281 2.5928 3.91109 1.83969 0.579216 1.42109e-14
threshold=19.483698223777512 6.0000000000000009 1.0000000180025095e-35 0 3362.0190618737302 204.59490150777646 0.013914429472126151 60.084178263637803 1.0000000180025095e-35 172.2603619779812 8.844422479480615 1952.7752070578233 1383.9719331582733 211.46145216836723 0.013164988458118301 0.054362502853638306 0.87970881992768024 264.14025914115638 997.12592207207967 0.39968334119246807 135.44328049785847 0.042567574368158008 1001.28597670928 0.075677836117308467 0.033314960024711106 0.013981849644459752 0.15879455894710451 1.0000000180025095e-35
decision_type=2 2 2 9 2 2 2 2 2 2 2 2 2 2 2 2 2 2 2 2 2 2 2 2 2 2 2 2
left_child=2 16 3 14 6 9 19 8 -8 -5 11 12 22 -12 15 -1 -2 -4 -16 -3 -9 23 -11 24 -20 -7 -18 -28
right_child=1 4 17 5 -6 25 7 20 -10 10 13 -13 -14 -15 18 -17 26 -19 21 -21 -22 -23 -24 -25 -26 -27 27 -29
leaf_value=0.53550541503907334 -1.0614166145461528 -0.62147949230646127 -5.0779480593909714 0.98700460604799078 -0.9506575212543894 0.34367604219352832 1.2179102572387153 1.4113167331188265 -2.7906164144177232 -0.071052125308036895 -0.10985358265783279 0.43703960052303992 -1.559392837032562 -1.0474921132621646 0.58497721535355363 -0.11455569255905403 -4.317563192831555 -1.4358599332320723 0.77188121988606329 -1.7926062473326407 0.025818423185720009 0.84424149073658872 0.10729037214486291 0.88115919264285525 0.90975722290906447 0.76698251059120826 -2.221761423797235 -2.3615507203127293
leaf_weight=48.477001190185547 28.910520553588867 24.961920261383057 23.338560104370117 51.82564115524292 34.035400152206421 37.290000915527344 27.49888014793396 34.964760780334473 43.277520418167114 32.368960618972778 29.561440706253052 31.396520614624023 35.505880832672119 29.290880680084229 31.075000762939453 29.832000732421875 27.126400470733643 23.60912013053894 48.477001190185547 25.773600339889526 31.337680339813232 42.262001037597656 32.478760719299316 48.206441164016724 37.290000915527344 54.150881290435791 50.515920400619507 58.193520784378052
leaf_count=39 25 24 24 43 35 30 28 29 42 28 24 27 29 24 25 24 24 24 39 24 30 34 27 39 30 44 50 54
internal_value=-0.000523348 -0.024772 0.0135432 0.0164314 -0.010398 0.00614507 -0.00322143 0.00447525 -0.01 -0.00205092 -0.00764159 -0.000779764 -0.00810574 -0.0230029 0.027285 0.0150794 -0.0441283 -0.0245678 0.0332117 -0.0240165 0.0199273 0.0365992 0.00566573 0.040722 0.0355072 0.0285463 -0.048369 -0.05
internal_weight=1053.03 386.596 666.436 619.488 221.85 333.869 187.814 137.079 70.7764 242.428 190.602 131.75 100.354 58.8523 285.619 78.309 164.746 46.9477 207.31 50.7355 66.3024 176.235 64.8477 133.973 85.767 91.4409 135.836 108.709
internal_count=919 365 554 506 212 276 177 129 70 202 159 111 84 48 230 63 153 48 167 48 59 142 55 108 69 74 128 104
cat_boundaries=0 2
cat_threshold=2558571666 2
is_linear=0
shrinkage=0.05


Tree=15
num_leaves=28
num_cat=1
split_feature=17 28 3 16 26 15 16 11 16 15 17 11 29 16 20 15 21 23 12 27 18 12 18 29 16 15 12
split_gain=148.938 45.2327 28.0272 26.0785 19.4865 16.7846 13.075 11.7916 7.2855 9.47617 6.92089 9.15135 9.28529 6.5838 5.65733 5.57272 5.39435 9.69441 5.29972 4.99387 4.51043 3.56825 2.71743 2.51137 1.26913 0.43987 1.42109e-14
threshold=20.368656488533137 6.0000000000000009 0 3346.4941357015741 203.82120257778504 156.61017729497283 1152.8976328698579 2203.6213148656502 1540.93118579932 327.09134385629255 9.0300551061045553 2122.4276747448989 0.013981849644459752 1946.6289300920446 0.030880327358038154 198.38745816154827 0.91765115527078944 0.56703514739229044 1394.8195362652179 87.429311789271551 0.32950833190472834 2963.5333402336742 0.600068715289653 0.022737392181457153 3369.9778571428574 176.26631744832812 2388.4387402757206
decision_type=2 2 9 2 2 2 2 2 2 2 2 2 2 2 2 2 2 2 2 2 2 2 2 2 2 2 2
left_child=2 20 7 5 6 19 -4 14 -7 21 11 12 -8 22 -1 -12 23 -18 -14 -3 26 -10 -6 -16 -5 -25 -2
right_child=1 3 4 24 13 8 10 -9 9 -11 15 -13 18 -15 16 -17 17 -19 -20 -21 -22 -23 -24 25 -26 -27 -28
leaf_value=0.80448867440028948 -2.2368191682353307 0.010287790861518731 1.9624167176553926 -0.59040551769113814 0.97156099711072774 -3.4555378544047928 -1.4615432563580666 -0.064788259431564812 -2.2658293773122664 2.8448402646476403 -0.1062345505811287 0.39581523162871285 0.20046363010257195 0.036945162286250999 0.78330155697872006 -0.87097705111935797 0.71447609013947544 -0.10764127504895882 -0.30170363514813092 1.351083433967128 -3.2406555036546045 -0.018126674638967801 0.32093830901028014 1.2312440496104025 -0.90961582150587439 0.80947956701075974 -0.94645260047420054
leaf_weight=43.505001068115234 93.801321268081665 27.396960496902466 29.773160457611084 24.311000108718872 44.748001098632812 33.553120374679565 53.068641185760498 27.287160396575928 26.585280418395996 24.311000108718872 30.80444073677063 36.799840688705444 47.826081037521362 47.986840963363647 34.804000854492188 46.151761054992676 53.449001312255859 47.234001159667969 39.556400775909424 31.506320714950562 45.500840902328491 29.173200130462646 32.047440767288208 29.832000732421875 25.283440113067627 31.075000762939453 24.311000108718872
leaf_count=35 87 24 27 25 36 32 44 25 24 25 25 32 40 41 28 38 43 38 34 26 39 30 26 24 26 25 25
internal_value=-0.000106909 -0.0248976 0.01404 -0.0102027 0.005253 -0.00101706 -0.00185507 0.0263021 -0.0122459 -0.00404996 -0.00552676 -9.06962e-05 -0.00590608 0.0218506 0.030829 -0.0180475 0.0272152 0.0191358 0.00411263 0.0206431 -0.0448473 -0.0154079 0.0309293 0.0357143 -0.0421569 0.0418367 -0.05
internal_weight=1061.68 385.733 675.949 222.12 408.763 172.526 283.98 267.186 113.623 80.0695 254.207 177.251 140.451 124.782 239.899 76.9562 196.394 100.683 87.3825 58.9033 163.613 55.7585 76.7954 95.711 49.5944 60.907 118.112
internal_count=924 363 561 212 343 161 240 218 111 79 213 150 118 103 193 63 158 81 74 50 151 54 62 77 51 49 112
cat_boundaries=0 2
cat_threshold=427856018 2
is_linear=0
shrinkage=0.05


Tree=16
num_leaves=27
num_cat=1
split_feature=17 28 19 3 16 26 16 20 28 17 29 26 26 18 11 12 23 14 11 23 18 20 14 20 30 18
split_gain=124.663 42.351 29.9285 27.5 19.5183 17.6092 16.2302 15.5355 13.9011 10.9264 9.95489 9.419 13.1365 6.48462 6.01305 5.35496 4.88635 4.86251 8.35956 8.32833 3.74397 3.33378 3.20498 2.31502 1.61649 0.159993
threshold=19.483698223777512 6.0000000000000009 0.65132556988925661 0 3362.0190618737302 227.01953832875145 2009.1988197278915 0.055647317377594811 6.0000000000000009 3.2474970422478013 0.013914429472126151 60.084178263637803 1.0000000180025095e-35 0.4177029590949663 1775.5668856292518 1267.8311896258504 0.89953961382532821 1642.3485576996193 1023.3895135481405 0.51826656588561359 0.39968334119246807 0.065001643431099557 1563.4719237725687 0.17487695218515034 0.11972581043030421 0.67980452376250222
decision_type=2 2 2 9 2 2 2 2 2 2 2 2 2 2 2 2 2 2 2 2 2 2 2 2 2 2
left_child=2 13 25 6 10 8 16 -8 15 -10 20 12 -12 24 -7 -5 21 18 -11 -19 -3 -4 -13 -23 -2 -1
right_child=1 4 3 5 -6 14 7 -9 9 17 11 22 -14 -15 -16 -17 -18 19 -20 -21 -22 23 -24 -25 -26 -27
leaf_value=1.7845903734870885 -6.5248223935263043 -0.39105241794637496 1.0114366956645184 -1.130740608612437 -0.79425704350829107 1.4062994646808116 0.4756896579976701 -0.17655286748173712 0.80666992098595702 -0.18926961924173646 0.14109762913423954 1.3508164339742184 -2.361288748263791 -3.0324761700791307 -0.00075869818128574415 -5.8843932008463851 0.70772600247692985 -0.077334072969335685 0.1402073735004605 -0.41317427891901864 -1.6902464394331582 0.32571647023962313 0.13419340372593602 1.8704256368954348 -1.3639819810018488 0.61588979565911051
leaf_weight=30.533880710601807 27.828280448913574 24.691360235214233 49.720001220703125 31.235760688781738 31.118080139160156 34.804000854492188 53.068641185760498 43.014840841293335 53.821480989456177 39.395640850067139 28.471320152282715 35.776440858840942 40.089640378952026 28.479200601577759 28.098840475082397 27.126400470733643 57.178001403808594 48.688720941543579 35.505880832672119 49.178881168365479 27.989040374755859 31.075000762939453 32.470880270004272 29.832000732421875 117.68100142478943 29.832000732421875
leaf_count=25 25 24 40 26 32 28 44 37 47 33 29 29 39 24 25 24 46 42 29 40 26 25 32 24 111 24
internal_value=-0.00241397 -0.024722 0.0106831 0.00736867 -0.0101749 -0.00206052 0.0191505 0.00348924 -0.00740529 -0.00180058 -0.00414795 0.00296361 -0.0101258 -0.0431669 0.021824 -0.0291655 0.0292593 -0.00792878 0.00165951 -0.015267 -0.0226163 0.0353933 0.0161132 0.027551 -0.0474373 0.0442709
internal_weight=1066.71 394.595 672.11 611.744 220.607 347.856 263.888 96.0835 284.953 226.591 189.489 136.808 68.561 173.988 62.9028 58.3622 167.805 172.769 74.9015 97.8676 52.6804 110.627 68.2473 60.907 145.509 60.3659
internal_count=930 371 559 510 211 294 216 81 241 191 179 129 68 160 53 50 135 144 62 82 50 89 61 49 136 49
cat_boundaries=0 2
cat_threshold=318813334 2
is_linear=0
shrinkage=0.05


Tree=17
num_leaves=28
num_cat=1
split_feature=17 28 5 19 3 14 17 17 20 26 25 21 17 20 26 25 26 20 26 24 11 11 17 24 25 17 17
split_gain=110.452 38.2337 28.5231 20.1958 24.7131 19.2148 11.6268 10.9642 10.3218 10.2853 8.95249 11.5588 11.9763 7.49048 6.67691 6.32963 6.22212 9.68449 5.89097 5.30352 4.81626 4.15007 3.07424 2.37976 1.77081 1.76695 0.662567
threshold=23.403317278520948 6.0000000000000009 1.0000000180025095e-35 0.64783318782000265 0 3303.1654880952383 60.218279418429923 9.0300551061045553 0.190675751669063 1.0000000180025095e-35 253.79185548939998 0.93498389795918346 3.749124999999879 0.054362502853638306 123.72112499999993 126.12411014842361 157.56272139602927 0.034122768946389957 48.749182392794872 0.29470764496274698 2996.4691847675826 1421.5633243354191 4.3975831866445114 0.026643990929705156 58.022630102041042 9.210559498636032 45.859927489978197
decision_type=2 2 2 2 9 2 2 2 2 2 2 2 2 2 2 2 2 2 2 2 2 2 2 2 2 2 2
left_child=2 19 3 25 13 6 15 8 10 -8 11 22 -13 23 -10 -3 -9 -18 -11 -2 -17 -14 -6 -5 -4 -1 -21
right_child=1 5 24 4 7 -7 9 16 14 18 -12 12 21 -15 -16 20 17 -19 -20 26 -22 -23 -24 -25 -26 -27 -28
leaf_value=1.1998646170686464 -2.9213638603046159 -1.1592958652926304 -4.4495742214818401 0.82034897071512314 0.34839244160580929 -0.82579992388736734 0.087185641951841641 -0.84496920162370392 0.18527323720403868 -2.8659633925080241 -0.4836573016309535 1.2667496653157249 -0.065010088425895424 0.48484124990071953 0.94411421920648897 0.38672994627749757 -0.14954012108491899 0.11243279982769715 -0.15468524448822693 -3.4803749913558342 0.0072781503552388216 -0.13111326364735809 0.68319802590385792 0.88445668647171161 -5.5497252731847659 1.0724651520637767 -0.89282405474504278
leaf_weight=29.290880680084229 33.451200723648071 26.746040344238281 24.311000108718872 48.477001190185547 29.561440706253052 27.228320121765137 28.741880178451538 55.985961198806763 44.908761024475098 30.416200160980225 41.881640911102295 42.85408091545105 28.479200601577759 56.907441377639771 31.075000762939453 32.208200693130493 50.963001251220703 31.075000762939453 39.176040649414062 28.749760627746582 26.255880117416382 39.505440950393677 33.561000823974609 29.832000732421875 24.581560134887695 34.533440828323364 96.550000905990601
leaf_count=24 28 25 25 39 24 28 29 47 37 31 35 36 24 46 25 27 41 25 35 24 27 32 27 24 25 28 94
internal_value=-0.00277112 -0.024762 0.00921819 0.0120781 0.00906681 -0.010804 -0.00498942 0.00277693 0.00833333 -0.0167039 0.00275406 0.00775048 -0.00197581 0.0268697 0.0241821 0.00852929 -0.00876988 0 -0.027096 -0.043294 0.0177465 -0.0150248 0.0248292 0.0388889 -0.0275684 0.0387387 -0.048016
internal_weight=1047.31 369.524 677.784 628.891 565.067 210.773 183.544 429.851 291.827 98.3341 215.843 173.961 110.839 135.216 75.9838 85.2101 138.024 82.038 69.5922 158.751 58.4641 67.9846 63.1224 78.309 48.8926 63.8243 125.3
internal_count=912 348 564 514 462 202 174 353 240 95 178 143 92 109 62 79 113 66 66 146 54 56 51 63 50 52 118
cat_boundaries=0 2
cat_threshold=16781458 2
is_linear=0
shrinkage=0.05


Tree=18
num_leaves=28
num_cat=1
split_feature=17 28 15 16 17 29 25 18 26 20 20 3 24 22 16 26 27 26 19 11 18 13 25 17 19 29 26
split_gain=114.626 45.2996 23.4612 20.1571 18.3411 15.3269 12.1756 11.7389 11.0056 13.4066 10.0847 9.11074 10.2858 13.3445 8.99008 9.86217 8.3249 8.2844 7.45878 6.12841 6.03128 5.66466 4.87187 4.83215 1.75948 1.38494 1.10149
threshold=16.288234124498107 6.0000000000000009 238.54180735036849 3357.4921195901366 60.218279418429923 0.012827068323745052 34.102827220089189 0.43798910258154072 119.97200000000011 0.15296694757799767 0.041946387661308752 0 0.014852607709750552 0.012387394222864551 1600.6823905100862 178.11351334269128 109.44076471633913 1.0000000180025095e-35 0.4688888740936164 2142.6315503659885 0.17533151220789236 1005.4405294015229 116.222875 4.9006350544077586 0.78647841080450487 0.010743185046578702 203.14479736286799
decision_type=2 2 2 2 2 2 2 2 2 2 2 9 2 2 2 2 2 2 2 2 2 2 2 2 2 2 2
left_child=2 7 5 4 16 10 -4 25 22 -10 23 12 -7 -14 21 19 20 -6 -19 -16 -3 -13 -8 -1 -17 -2 -23
right_child=1 3 6 -5 17 11 8 -9 9 -11 -12 14 13 -15 15 24 -18 18 -20 -21 -22 26 -24 -25 -26 -27 -28
leaf_value=0.59146354931600076 -6.0515119506536523 0.46182823070844353 3.2066190394935528 -0.64773905041464275 1.145086191279399 0.37743780163931218 -3.1153597075444801 -0.65004799739490626 -0.69913394004610996 0.25971961253372711 -0.17648316653203253 0.63746016110866732 -0.2400010002191095 0.42283738713385122 -0.092365667259702106 -0.18196122748768603 0.75228412598814687 -0.045981452930727335 -3.480998117366104 0.28116552873260642 -0.368782100596453 1.3719980637767202 -0.9947074578373547 0.020099023366989766 0.89991563149887988 -1.5546024798879563 1.0429113053043051
leaf_weight=29.561440706253052 31.557280540466309 27.879240274429321 33.231600522994995 33.062960147857666 27.49888014793396 56.095761299133301 25.773600339889526 28.208640575408936 33.07084059715271 29.561440706253052 52.798081159591675 36.639080762863159 38.262440919876099 29.020320653915405 33.561000823974609 29.832000732421875 36.097960710525513 25.23248028755188 35.607800483703613 36.748880863189697 42.685440540313721 49.720001220703125 27.667520523071289 53.178441286087036 31.075000762939453 115.73612141609192 31.075000762939453
leaf_count=24 28 27 30 34 28 46 24 24 29 24 44 31 31 24 27 24 31 24 33 30 40 40 24 43 25 109 25
internal_value=-0.00174047 -0.022713 0.0111446 -0.00801798 -0.0018972 0.0162696 -0.00627806 -0.0418093 -0.013918 0.000303645 0.00187468 0.0215139 0.00792144 -0.00461857 0.0268596 0.0189457 0.0120579 -0.018747 -0.029041 0.00618761 0.00206712 0.0379896 -0.0305855 0.0127695 0.0336735 -0.0474683 0.0453846
internal_weight=1060.44 403.567 656.872 228.065 195.002 507.567 149.305 175.502 116.073 62.6323 135.538 372.029 123.379 67.2828 248.651 131.217 106.663 88.3392 60.8403 70.3099 70.5647 117.434 53.4411 82.7399 60.907 147.293 80.795
internal_count=923 378 545 217 183 414 131 161 101 53 111 303 101 55 202 106 98 85 57 57 67 96 48 67 49 137 65
cat_boundaries=0 1
cat_threshold=1411391560
is_linear=0
shrinkage=0.05


Tree=19
num_leaves=28
num_cat=1
split_feature=17 28 14 3 14 19 17 26 26 11 12 26 18 14 14 27 14 20 20 30 20 27 24 15 16 20 11
split_gain=129.284 38.3135 26.1611 24.4048 18.4498 16.5246 15.3215 11.7495 9.83782 9.77413 12.3111 9.41012 8.57186 8.19475 13.7478 7.89314 7.68298 6.59968 15.9993 6.34696 6.13789 6.55265 5.75205 2.22381 1.74113 0.870378 0.121419
threshold=19.483698223777512 6.0000000000000009 2655.5678947704087 0 3303.1654880952383 0.64085513623681345 60.218279418429923 235.06724396474289 1.0000000180025095e-35 2094.9222504251707 1394.8195362652179 48.749182392794872 0.43798910258154072 1485.657420475731 1200.6972862984362 82.969432823129253 1575.9563059863474 0.054362502853638306 0.17973215688571517 0.19392132147670388 0.033770803862008252 190.7675555360336 0.023922902494331055 208.862047442017 3323.3259523809525 0.17513609471228092 1062.0936985131682
decision_type=2 2 2 9 2 2 2 2 2 2 2 2 2 2 2 2 2 2 2 2 2 2 2 2 2 2 2
left_child=2 12 3 17 6 -5 16 9 -8 10 13 -10 25 14 15 -7 -3 20 22 -12 21 23 -19 -1 -18 -2 -27
right_child=1 4 -4 5 -6 7 8 -9 11 -11 19 -13 -14 -15 -16 -17 24 18 -20 -21 -22 -23 -24 -25 -26 26 -28
leaf_value=0.8343982482346306 -2.7348109217686893 1.0082956061488946 -5.00198265061527 1.3950029531321089 -1.1832348903134602 1.1139743047032789 -0.074272055367032949 0.79334798096111681 -2.5486153170143178 0.30136008853018414 -1.2266040297862639 -0.33039749176454175 -0.93387969649599034 0.22989498971704125 -3.081409540377591 -0.21254896482676672 0.12083838792904651 -0.12588857701615339 1.5502634265589335 -0.25408751784930994 0.93301139532252586 0.30059177488292654 0.3921668057841185 0.57263636013340358 -0.14416539834973713 -0.58021773061167881 -1.8906234415765555
leaf_weight=32.318000793457031 33.933480501174927 38.262440919876099 34.305960178375244 29.020320653915405 25.283440113067627 26.314720392227173 29.714320182800293 43.505001068115234 33.604080200195312 45.991001129150391 42.312960863113403 41.391480684280396 27.938080549240112 51.284521102905273 35.776440858840942 31.506320714950562 30.365240335464478 32.318000793457031 39.505440950393677 45.771400928497314 53.449001312255859 41.991441011428833 41.019001007080078 33.561000823974609 25.283440113067627 23.879680156707764 78.403041124343872
leaf_count=26 31 31 35 24 26 24 30 35 34 37 36 37 24 43 29 26 29 26 32 39 43 34 33 27 26 24 72
internal_value=-0.000322507 -0.0232241 0.0131439 0.015475 -0.00977198 0.006055 -0.00465116 0.00297494 -0.0178026 -0.000794186 -0.00495262 -0.0274495 -0.0415727 0.00400958 -0.00479263 0.0102808 0.0100125 0.0263691 0.0180555 -0.0196937 0.0338191 0.0269538 0.00423729 0.0367925 -0.00184612 -0.0467472 -0.0490493
internal_weight=1048.01 388.059 659.951 625.645 223.904 351.483 198.621 322.462 104.71 278.957 232.966 74.9956 164.154 144.882 93.5975 57.821 93.9111 274.162 112.842 88.0844 161.319 107.87 73.337 65.879 55.6487 136.216 102.283
internal_count=913 364 549 514 213 293 187 269 101 234 197 71 151 122 79 50 86 221 91 75 130 87 59 53 55 127 96
cat_boundaries=0 2
cat_threshold=193015962 2
is_linear=0
shrinkage=0.05


Tree=20
num_leaves=28
num_cat=1
split_feature=17 28 3 12 23 16 11 29 11 27 11 20 26 30 25 29 17 17 11 23 24 23 20 23 29 17 17
split_gain=110.754 43.8558 27.3321 16.6458 18.1761 14.9966 10.5194 9.84384 11.5671 9.82142 9.53813 8.36871 7.28173 8.34286 7.235 6.84103 5.49679 5.09775 6.15222 5.9045 4.86498 4.81555 4.31947 3.89228 3.35559 1.42546 1.09298
threshold=16.288234124498107 6.0000000000000009 0 1417.3387104591841 0.89953961382532821 3357.4921195901366 2203.6213148656502 0.0087386381612455516 912.4343670452497 167.32719784415829 986.38531317508148 0.16181437608875129 201.37677999515691 0.3473161783672668 109.63518819052139 0.011604630986422051 3.6814655390948023 6.565055490301007 1809.6399203297954 0.77947845804988669 0.068764172335600865 0.79833711262282703 0.21805056414089871 0.39436424976494672 0.021242554856398903 47.796138980227177 8.844422479480615
decision_type=2 2 9 2 2 2 2 2 2 2 2 2 2 2 2 2 2 2 2 2 2 2 2 2 2 2 2
left_child=2 11 6 12 9 7 10 -3 -9 16 -1 -2 13 20 22 -12 -5 18 19 -17 21 -4 -10 -16 -18 -13 -19
right_child=1 5 3 4 -6 -7 -8 8 14 -11 15 25 -14 -15 23 17 24 26 -20 -21 -22 -23 -24 -25 -26 -27 -28
leaf_value=-0.018222423165111225 -1.5581833929339621 -1.5455993472989136 -0.25478670972869216 0.6375213981746779 0.29096398169839438 -0.63200958753094205 -0.14061976123059142 -2.8130174181411789 0.2040925115847958 -0.61119004843149394 -0.020661464005843479 -2.533764218821807 0.5330903471377163 0.57132994912482371 0.43269489977656905 0.80469270083570243 -0.47120490936960091 0.82877301411989279 -0.025013309261638028 0.96507189785085401 0.37486092209224714 -0.22739568551757722 -2.824842680207067 0.033920298677891494 -2.4947434425675854 -1.3541208952284502 0.62321576575641235
leaf_weight=33.561000823974609 37.772280693054199 27.126400470733643 29.290880680084229 29.18108057975769 48.637761116027832 36.952720165252686 28.259600400924683 29.553560256958008 29.663360357284546 50.472841024398804 38.533000946044922 42.634480714797974 55.935001373291016 32.098400592803955 39.117200374603271 45.991001129150391 30.694640636444092 42.262001037597656 29.832000732421875 36.047000885009766 42.85408091545105 28.208640575408936 29.122240304946899 41.662040710449219 28.098840475082397 93.742480993270874 29.832000732421875
leaf_count=27 33 24 24 25 40 38 26 29 28 43 31 38 45 28 38 37 26 34 24 29 36 24 28 37 25 90 24
internal_value=-0.00129927 -0.0217996 0.0113574 0.00210363 -0.00840459 -0.00762207 0.0227054 -0.00211996 0.00236495 -0.0176419 0.026699 -0.0407842 0.0126509 0.00626277 0.00838227 0.0304469 -0.00755482 0.0344595 0.0277778 0.0348485 -0.00083421 -0.0103382 -0.00496264 0.0180938 -0.0163599 -0.0465526 0.0448276
internal_weight=1067.14 407.347 659.79 375.472 187.085 233.198 284.318 196.245 169.118 138.447 256.058 174.149 188.387 132.452 139.565 222.497 87.9746 183.964 111.87 82.038 100.354 57.4995 58.7856 80.7792 58.7935 136.377 72.094
internal_count=931 383 548 316 159 222 232 184 160 119 206 161 157 112 131 179 76 148 90 66 84 48 56 75 51 128 58
cat_boundaries=0 2
cat_threshold=411209878 2
is_linear=0
shrinkage=0.05


Tree=21
num_leaves=28
num_cat=1
split_feature=26 3 17 28 21 6 12 6 14 25 17 24 15 20 26 20 24 26 14 21 25 24 12 15 25 22 14
split_gain=106.499 52.3439 51.0877 20.563 14.4749 11.4568 11.3689 11.3771 11.2881 10.5954 10.2616 9.00002 13.0816 12.7701 8.50581 8.39769 8.29573 6.94202 6.76863 4.28743 4.15524 3.34633 3.25676 2.81069 1.30839 0.275927 0.11527
threshold=37.515424708444932 0 21.782182220748158 6.0000000000000009 0.87433895327656841 4.5000000000000009 1394.8195362652179 1.5000000000000002 1185.2150363077699 176.17335204081613 45.315221301020422 0.026643990929705156 237.94963840806295 0.054362502853638306 206.60938509269457 0.17513609471228092 0.017380437023294105 199.94579207498103 1559.8387276958917 0.8830317922589036 184.94285513040663 0.3613788107835727 1813.4215357424039 273.49531016156465 174.08325989021492 0.021795363653273753 1633.3742022632493
decision_type=2 9 2 2 2 2 2 2 2 2 2 2 2 2 2 2 2 2 2 2 2 2 2 2 2 2 2
left_child=3 4 6 15 24 10 7 8 -3 19 -5 13 20 17 16 -1 -8 22 -9 -4 -13 -12 -6 -7 -2 -11 -17
right_child=1 2 9 5 11 23 14 18 -10 25 21 12 -14 -15 -16 26 -18 -19 -20 -21 -22 -23 -24 -25 -26 -27 -28
leaf_value=-0.43374445786179727 0.16865548454937629 0.66636107566089553 -0.16948592319832717 0.18517811146839255 0.8567665714505438 -2.5847554175081138 -0.088354994588687855 1.7208654709844535 -0.94602899426511411 -2.2754448606979945 -1.1655055000827437 1.166586741481719 0.064275692750235439 -0.11724676820864739 0.37472144664889617 -4.1263816481702582 -0.64697495058202925 -0.25004509832340177 0.13880781216438365 -1.687365490945804 0.58400578154327132 -3.8740743488475538 0.053406748715156452 -0.36081392379924859 1.3328410555587089 -1.7351898165885364 -0.63515532059230517
leaf_weight=38.685880422592163 27.126400470733643 50.151321172714233 32.25916051864624 42.846200466156006 41.019001007080078 28.200760126113892 33.561000823974609 32.047440767288208 33.561000823974609 27.938080549240112 23.879680156707764 50.963001251220703 48.257400989532471 55.284081220626831 55.444841146469116 24.42080020904541 31.075000762939453 29.832000732421875 29.020320653915405 31.827840566635132 41.991441011428833 25.824560165405273 29.290880680084229 26.255880117416382 47.9358811378479 29.020320653915405 71.046960592269897
leaf_count=37 24 41 29 41 33 29 27 26 27 24 24 41 41 46 47 24 25 24 24 28 34 26 24 27 39 24 70
internal_value=-0.000583006 0.00917003 -0.00388294 -0.0268632 0.0222283 -0.013946 0.00831495 0.0177491 0.00577779 -0.0308941 -0.00323899 0.0178629 0.027 0.00956153 -0.00305969 -0.041018 -0.0153846 0.0202103 0.0341595 -0.0169481 0.0379651 -0.0186968 0.0287853 -0.0321429 0.0424411 -0.0465854 -0.0489814
internal_weight=1038.77 757.606 385.906 281.161 371.7 147.007 264.861 144.78 83.7123 121.045 92.5504 296.638 141.212 155.426 120.081 134.154 64.636 100.142 61.0678 64.087 92.9544 49.7042 70.3099 54.4566 75.0623 56.9584 95.4678
internal_count=906 628 322 278 306 147 217 118 68 105 91 243 116 127 99 131 52 81 50 57 75 50 57 56 63 48 94
cat_boundaries=0 2
cat_threshold=2325910162 2
is_linear=0
shrinkage=0.05


Tree=22
num_leaves=30
num_cat=2
split_feature=17 28 3 21 28 15 3 14 17 12 29 29 15 15 27 19 20 29 19 26 18 24 23 19 22 23 30 25 20
split_gain=93.0481 42.3422 27.3789 15.7561 12.5735 12.4803 11.9221 11.0233 11.8275 8.88879 11.3816 10.428 7.45948 7.33367 6.7524 6.43318 6.16761 10.9066 6.97394 6.12104 5.31323 5.16565 4.55709 3.67503 4.28867 3.64898 2.57358 2.5077 0.191796
threshold=24.982325680272201 6.0000000000000009 0 0.87546883659438601 6.0000000000000009 237.94963840806295 1 3279.0348095238096 59.827145356995068 1729.6845080782316 0.024567125069179702 0.025585902567286753 146.8904432915696 221.67660687885817 78.377934020516719 0.54358766848869677 0.030880327358038154 0.012328272401613253 0.69963629346734224 0.45227949669197193 0.44763286922457307 0.088888888888888865 0.89953961382532821 0.7892508424307616 0.006885105213790951 0.26899092970521549 0.23770817674856592 85.118282100095271 0.17885574157206161
decision_type=2 2 9 2 2 2 9 2 2 2 2 2 2 2 2 2 2 2 2 2 2 2 2 2 2 2 2 2 2
left_child=2 25 5 12 14 16 13 8 21 10 -8 -11 -4 20 -5 -10 -1 -18 -19 -17 -6 -3 -22 24 -20 28 -9 -27 -2
right_child=1 7 3 4 6 -7 9 26 15 11 -12 -13 -14 -15 -16 19 17 18 23 -21 22 -23 -24 -25 -26 27 -28 -29 -30
leaf_value=0.4078252228782262 -0.47588072063772047 1.0508349344407339 0.16547943306210727 -0.44804247047018358 0.074543524859149821 -0.50453756552646156 0.090943920314559279 -0.50654917781172826 0.010876935461288007 0.08749622606454073 0.85932504146708022 -0.14603428016484368 0.70063815213754743 -1.7752209036356068 -4.0683968465517362 -1.5194979331260297 -0.040347178880045576 1.3769967635948952 0.53164972919646658 -2.8451628572976464 -0.1647469975242718 0.070308413912435697 -0.2789079364105515 1.0683872654173581 -0.1116382044557117 -3.5323893372033268 -0.29059005308407465 -2.180274583051371 -1.6089200883649746
leaf_weight=42.262001037597656 23.879680156707764 30.584840536117554 36.047000885009766 39.826960802078247 35.235320806503296 39.556400775909424 53.229401111602783 25.283440113067627 34.255000352859497 48.418160915374756 35.396080732345581 33.341400623321533 29.561440706253052 28.369400501251221 32.25916051864624 23.60912013053894 36.047000885009766 31.075000762939453 33.561000823974609 28.961480379104614 31.075000762939453 33.933480501174927 34.533440828323364 51.935441255569458 31.075000762939453 26.585280418395996 29.173200130462646 29.561440706253052 68.349240779876709
leaf_count=34 24 27 29 34 29 34 45 26 33 42 30 29 24 25 29 24 29 25 27 27 25 31 28 42 25 24 30 24 65
internal_value=-0.00127614 -0.0221738 0.00925517 0.00126937 -0.0026891 0.0215482 0.00182185 -0.00749452 -0.000553151 0.0102004 0.021768 -0.00109108 0.0238884 -0.00929632 -0.0214371 -0.0126022 0.0268954 0.0229332 0.0289531 -0.0235884 -0.0036978 0.0156618 -0.0121085 0.0233425 0.0153846 -0.0425344 -0.0267857 -0.0324848 -0.0486523
internal_weight=1056.98 354.176 702.805 437.293 371.684 265.512 299.598 205.801 151.344 170.385 88.6255 81.7596 65.6084 129.213 72.0861 86.8256 225.955 183.693 147.646 52.5706 100.844 64.5183 65.6084 116.571 64.636 148.376 54.4566 56.1467 92.2289
internal_count=920 335 585 369 316 216 253 198 142 146 75 71 53 107 63 84 182 148 119 51 82 58 53 94 52 137 56 48 89
cat_boundaries=0 2 3
cat_threshold=423826454 2 1176510976
is_linear=0
shrinkage=0.05


Tree=23
num_leaves=30
num_cat=1
split_feature=17 28 14 3 19 14 17 26 27 11 30 16 18 28 26 19 25 14 11 27 26 14 27 20 26 17 20 25 12
split_gain=93.4166 29.9646 27.3744 27.9258 13.3108 10.2502 10.2829 9.49191 8.2403 8.14098 10.706 7.45055 7.40308 7.03868 6.51216 11.4802 6.26245 5.57421 5.11635 6.85137 5.09383 4.77149 3.53145 3.24589 4.7136 2.486 1.64342 1.61527 0.424604
threshold=19.483698223777512 6.0000000000000009 2639.0610381218166 0 0.64783318782000265 3300.0669551201386 60.218279418429923 227.01953832875145 195.85925795115796 986.38531317508148 0.10978976413978277 1152.8976328698579 0.28948743452455333 6.0000000000000009 1.0000000180025095e-35 0.33365784575588409 82.969432823129253 1575.9563059863474 1237.7480383076479 119.5168114169286 178.11351334269128 2027.6248804608661 189.96643680201547 0.13600211887643343 171.43187847964921 5.7893697820860561 0.17513609471228092 146.86421397489929 2244.1230319267511
decision_type=2 2 2 9 2 2 2 2 2 2 2 2 2 2 2 2 2 2 2 2 2 2 2 2 2 2 2 2 2
left_child=2 12 3 9 -5 6 17 8 11 -1 -11 -6 26 -13 -8 -16 -14 -3 -15 21 -21 -20 23 24 -12 -26 -2 -19 -28
right_child=1 5 -4 4 7 -7 14 -9 -10 10 22 13 16 18 15 -17 -18 27 19 20 -22 -23 -24 -25 25 -27 28 -29 -30
leaf_value=-0.078987398309422835 -0.64557448140421592 1.1085513813295489 -4.5123517535270823 0.64062581070658098 1.6471328864067254 -0.62879055243588056 0.3960805767107185 0.60710179005433784 -0.35606403433478362 -0.05517856921249447 0.10955443464379649 -1.0228280278282968 -2.5991893556470824 -0.35017192093836763 -0.024564135161137476 -2.7029047144327638 -2.7650371161666896 -0.13943092282718403 0.6987472485574302 -0.18577988146378904 0.048272102298001558 -0.13499769828884142 0.57805821855290773 0.70099778629812382 0.84936252101538701 0.5399025563069898 -2.221699868768658 0.42008288775529296 -0.43411855738063371
leaf_weight=29.832000732421875 24.691360235214233 30.80444073677063 38.195720195770264 33.992320775985718 25.612840414047241 32.090520143508911 28.741880178451538 40.477880954742432 32.639520645141602 44.748001098632812 38.533000946044922 55.123321294784546 26.585280418395996 37.450760841369629 32.039560317993164 38.254560470581055 29.290880680084229 25.663800239562988 35.937200784683228 48.477001190185547 29.020320653915405 28.639960527420044 52.206001281738281 47.234001159667969 31.075000762939453 31.075000762939453 61.761760950088501 24.42080020904541 25.283440113067627
leaf_count=24 24 25 39 28 23 33 29 33 28 36 31 45 24 31 31 36 24 25 30 39 24 25 42 38 25 25 56 24 26
internal_value=-0.00143578 -0.0213064 0.00965312 0.0120995 0.00263507 -0.00881634 -0.00417338 -0.000332271 -0.00346863 0.0237944 0.027665 -0.000498691 -0.0371052 -0.00329367 -0.014976 -0.0231745 -0.0222456 0.0090528 0.00150489 0.0058386 -0.00418438 0.0178669 0.0326087 0.0365546 0.0314815 0.04 -0.0445361 -0.0012409 -0.0477657
internal_weight=1059.9 379.628 680.27 642.074 367.371 212.016 179.925 333.379 292.901 274.703 244.871 260.261 167.613 234.649 99.036 70.2941 55.8762 80.889 179.525 142.074 77.4973 64.5772 200.123 147.917 100.683 62.15 111.737 50.0846 87.0452
internal_count=923 357 566 527 306 203 170 278 245 221 197 217 154 194 96 67 48 74 149 118 63 55 161 119 81 50 106 49 82
cat_boundaries=0 1
cat_threshold=428028050
is_linear=0
shrinkage=0.05


Tree=24
num_leaves=29
num_cat=1
split_feature=17 28 3 27 29 27 16 17 15 15 30 20 11 14 14 14 21 11 20 20 17 24 29 23 30 27 22 17
split_gain=80.4296 32.9988 17.9155 16.1293 21.927 14.6633 13.1835 12.7057 12.5504 8.97723 7.84483 6.34105 7.23558 8.11115 5.97142 6.08373 5.94476 5.64193 5.00622 8.75267 6.63475 4.5643 3.7274 3.08422 2.20124 1.86209 0.782483 0.0991675
threshold=15.169408195029634 6.0000000000000009 0 62.909241797353395 0.012696991800755102 158.54960410649758 2024.4751840986403 3.6814655390948023 193.27764494066506 161.10629502939574 0.28321364860774129 0.34867801409871307 2992.4234806340905 1812.791869326519 1642.3485576996193 1485.657420475731 0.93498389795918346 1760.6277492783845 0.046281510526203558 0.20562064680135225 6.5609687499999731 0.088888888888888865 0.019799931762980703 0.26899092970521549 0.34686131233153644 193.25485943716356 0.10634157539838576 152.52394157041383
decision_type=2 2 9 2 2 2 2 2 2 2 2 2 2 2 2 2 2 2 2 2 2 2 2 2 2 2 2 2
left_child=2 8 6 11 -5 7 18 24 -2 -7 25 12 13 -3 15 -9 -8 -16 22 20 -20 -6 -1 26 -4 -11 -10 -28
right_child=1 3 5 4 21 9 16 14 23 10 -12 -13 -14 -15 17 -17 -18 -19 19 -21 -22 -23 -24 -25 -26 -27 27 -29
leaf_value=0.75903013508428652 -0.14661579674512062 -3.5443452497995098 1.3384792674611103 -0.44988484977711929 0.37768044057941474 0.18775537813995494 0.2197590108984418 -0.45495245346984881 -2.1213592638622139 -0.42615698957626996 -0.042438758273181991 0.080660495393425083 -0.51765894948680291 0.011561295446280618 -0.59615177724528612 0.51633323826247735 -0.24431053536261005 0.039332214665085907 -0.14363603587132162 1.6229392953238198 0.50165875571562923 0.51746427853328647 0.71457935598994171 -2.4126570158690166 1.6896505444890089 -0.31931686271261661 -1.0190645978979649 -0.29801115676663509
leaf_weight=58.421001434326172 27.396960496902466 39.117200374603271 40.09752082824707 30.31428050994873 27.667520523071289 38.423200845718384 48.477001190185547 43.124640941619873 42.203160762786865 30.80444073677063 42.152200937271118 24.42080020904541 24.311000108718872 41.49340033531189 31.776880741119385 36.748880863189697 42.744280815124512 38.744720697402954 29.832000732421875 29.832000732421875 33.561000823974609 37.984000444412231 43.505001068115234 45.771400928497314 29.18108057975769 28.208640575408936 36.7919602394104 23.338560104370117
leaf_count=47 24 38 34 27 24 32 39 36 37 25 35 24 25 41 26 30 37 34 24 24 27 36 35 39 25 24 37 24
internal_value=-0.000295075 -0.0178882 0.0106268 -0.00522624 0.0103048 0.00278108 0.0196849 0.0109107 -0.0341436 -0.00981347 -0.0176279 -0.0167495 -0.0220906 -0.0148799 0.00274932 0.0121109 0.00468106 -0.00785376 0.027707 0.0193333 0.00882353 0.0265454 0.0353659 -0.0398944 0.028628 -0.0293953 -0.0447199 -0.0483828
internal_weight=1046.44 400.81 645.634 225.308 95.9658 359.262 286.372 219.674 175.502 139.588 101.165 129.342 104.922 80.6106 150.395 79.8735 91.2213 70.5216 195.151 93.225 63.393 65.6515 101.926 148.105 69.2786 59.0131 102.334 60.1305
internal_count=910 376 534 215 87 301 233 185 161 116 84 128 104 79 126 66 76 60 157 75 51 60 82 137 59 49 98 61
cat_boundaries=0 2
cat_threshold=151041686 2
is_linear=0
shrinkage=0.05


Tree=25
num_leaves=30
num_cat=0
split_feature=17 28 5 19 17 30 25 23 17 16 27 15 29 23 12 11 6 11 25 17 14 26 26 23 24 18 29 30 12
split_gain=103.021 35.6268 26.0999 19.9606 16.9617 14.7952 11.7606 11.4665 10.6925 19.8816 9.37046 9.3311 9.02437 7.337 7.16464 7.96361 6.9084 10.9883 6.61082 5.70703 5.46171 4.68184 5.27574 4.01256 3.14587 2.23833 1.7121 0.664798 0.433609
threshold=19.483698223777512 6.0000000000000009 1.0000000180025095e-35 0.65132556988925661 11.247375000000035 0.24953146057951484 253.79185548939998 0.80976676384839663 59.827145356995068 3323.3259523809525 75.340995162629511 198.38745816154827 0.015094216628523701 0.25213302620626316 1356.7929817176873 1762.7780969387761 1.5000000000000002 1427.1462762094231 124.6250600130452 6.5609687499999731 2639.0610381218166 6.8212102632969628e-13 33.594251830029414 0.78544433646474476 0.088888888888888865 0.21545191460964139 0.032633194317598056 0.26911798770215639 1349.4222721187903
decision_type=2 2 2 2 2 2 2 2 2 2 2 2 2 2 2 2 2 2 2 2 2 2 2 2 2 2 2 2 2
left_child=2 13 3 28 5 6 7 14 9 24 25 -6 -10 27 -5 -16 -12 -18 -15 -9 -4 -14 -23 26 -3 -7 -19 -2 -1
right_child=1 8 20 4 11 10 -8 19 12 -11 16 -13 21 18 15 -17 17 23 -20 -21 -22 22 -24 -25 -26 -27 -28 -29 -30
leaf_value=1.2131377490568167 -3.0508157437259764 0.98234707681339128 -1.0179392823171654 0.11187196872350702 -0.0086534102934095539 2.0352898004892217 -0.52157255055735807 0.80507423202844741 -1.4685253725850997 -0.40616958470581288 -0.058899881746979521 -0.60842610924159501 1.2392335565590586 -2.5005246874206826 -0.54507550439713082 -0.020635644728427851 0.52613015896659998 -0.0045438006862253853 -3.0526968147705604 0.10010626401850714 -4.5015607268337616 -0.59706722456661476 -0.014113600393440607 0.55255258854118827 0.099107916888632991 1.1146616248613974 0.12181974347528311 -0.39871244814436968 0.50900551585603682
leaf_weight=29.290880680084229 27.126400470733643 29.612400531768799 23.338560104370117 45.449881076812744 46.963441133499146 31.235760688781738 33.721760749816895 53.880321264266968 27.718480348587036 35.007840156555176 33.992320775985718 29.290880680084229 23.60912013053894 33.772720575332642 44.908761024475098 31.075000762939453 41.991441011428833 37.019440889358521 30.533880710601807 49.449441194534302 30.416200160980225 28.471320152282715 28.961480379104614 29.561440706253052 28.259600400924683 27.667520523071289 32.318000793457031 73.152600526809692 29.832000732421875
leaf_count=24 24 26 24 37 38 26 28 44 26 36 28 24 24 30 37 25 34 30 25 40 31 29 27 24 26 24 26 73 24
internal_value=-0.000418255 -0.0218056 0.0110766 0.0139403 0.0110649 0.014464 0.00622033 0.0103514 -0.00771624 0.00474312 0.0235785 -0.0108783 -0.0183564 -0.039067 -6.61925e-05 -0.00945918 0.0177691 0.0226504 -0.0258842 0.0225941 -0.0223612 -0.00993323 -0.0176384 0.0135517 0.0227353 0.0408268 0.00697563 -0.0475209 0.0415904
internal_weight=1047.63 366.226 681.403 627.648 568.525 492.271 258.485 224.763 201.64 92.8798 233.786 76.2543 108.76 164.586 121.434 75.9838 174.883 140.89 64.3066 103.33 53.7548 81.0419 57.4328 98.8989 57.872 58.9033 69.3374 100.279 59.1229
internal_count=914 346 568 513 465 403 211 183 194 88 192 62 106 152 99 62 142 114 55 84 55 80 56 80 52 50 56 97 48
is_linear=0
shrinkage=0.05


Tree=26
num_leaves=30
num_cat=1
split_feature=17 3 28 11 14 23 25 16 24 11 6 14 26 11 25 30 14 20 20 11 26 11 14 26 15 17 17 18 19
split_gain=81.3178 25.182 25.1153 22.2611 14.3254 10.5756 9.98146 9.78427 9.55336 10.1696 9.04362 15.9466 8.33423 6.99879 8.6072 6.63458 6.49777 5.49126 5.48735 5.07407 4.93665 4.63821 6.83489 4.49705 2.85881 2.71424 1.61158 1.16531 0.0983439
threshold=20.368656488533137 0 6.0000000000000009 2203.6213148656502 1141.7669941376275 0.25213302620626316 176.17335204081613 3372.561472712478 0.013004632052251051 912.4343670452497 1.5000000000000002 1559.8387276958917 130.96820346703205 2094.9222504251707 135.01240943877522 0.082078805873764607 2384.1831891227575 0.37471234461756225 0.29667117961114803 1904.1939281462585 154.30937670068036 1003.93340022616 2003.7461470025512 116.22287500000017 198.87452669488565 3.2995876548367282 74.045218749999904 0.47131954263515424 0.93926633462583708
decision_type=2 9 2 2 2 2 2 2 2 2 2 2 2 2 2 2 2 2 2 2 2 2 2 2 2 2 2 2 2
left_child=1 3 5 15 -3 26 -7 8 -4 -10 12 -12 -6 14 23 -1 -15 18 19 -11 -18 -17 25 -13 -16 -23 -2 -27 -28
right_child=2 4 7 -5 10 6 -8 -9 9 17 11 13 -14 16 24 21 20 -19 -20 -21 -22 22 -24 -25 -26 27 28 -29 -30
leaf_value=0.0102313284800303 -2.1400305260019343 1.2156772494165953 -0.57233897453876426 -0.44149743471918923 -2.8799604914292978 0.31985836888694091 -2.5436402528326725 -0.56721386333828405 -2.1296172699251557 -1.4795662703288024 0.8255395482055754 -2.3213217414559906 -0.39629767761555629 0.32012381576352378 -0.38056634503464687 0.43119119788923116 0.071976952627101229 0.63988613447092202 -0.21300195340549452 0.45715186654127005 -0.09294103070501919 0.62936510708567472 0.32035129560517178 0.084134004952149344 -0.091543364702253535 0.86095268770148226 -0.4394696326106966 1.1423079929211675 -0.34152377720948535
leaf_weight=37.290000915527344 39.987720727920532 39.176040649414062 44.418600797653198 30.475040435791016 47.175160884857178 30.204480409622192 29.290880680084229 24.311000108718872 28.040000200271606 28.800720453262329 35.505880832672119 27.287160396575928 35.776440858840942 28.318440675735474 29.561440706253052 42.262001037597656 27.396960496902466 25.071720361709595 26.526440143585205 31.388640165328979 29.882960557937622 34.804000854492188 55.935001373291016 36.047000885009766 46.692881107330322 29.832000732421875 41.763960361480713 49.720001220703125 24.311000108718872
leaf_count=30 35 35 39 28 41 28 24 25 28 26 29 25 29 23 24 34 24 23 27 32 26 28 45 29 38 24 41 40 25
internal_value=-0.00108966 0.00942562 -0.0197285 0.0204682 0.000784588 -0.0342689 -0.017396 -0.00818605 -0.00425215 0.0021649 -0.00246066 0.0021148 -0.01684 -0.00279563 -0.00969831 0.0261194 0.00846084 0.00891824 0.00295953 0.0113094 -0.00122535 0.0295322 0.0332117 0.00392521 -0.0210135 0.0402174 -0.0437336 0.0453125 -0.0485283
internal_weight=1037.25 663.138 374.115 280.318 382.82 165.558 59.4954 208.557 184.246 139.828 343.644 260.693 82.9516 225.187 139.588 249.843 85.5984 111.788 86.7158 60.1894 57.2799 212.553 170.291 63.3342 76.2543 114.356 106.063 79.552 66.075
internal_count=905 552 353 229 323 153 52 200 175 136 288 218 70 189 116 201 73 108 85 58 50 171 137 54 62 92 101 64 66
cat_boundaries=0 2
cat_threshold=419509398 2
is_linear=0
shrinkage=0.05


Tree=27
num_leaves=28
num_cat=2
split_feature=28 3 14 14 15 17 25 23 21 17 29 11 15 25 3 20 25 25 14 17 24 16 24 19 17 20 27
split_gain=79.033 44.51 38.2376 23.023 19.0185 15.6219 13.0996 11.277 10.6847 9.65913 9.1626 11.5629 8.41568 12.9165 8.30591 7.98919 6.78555 5.40177 6.99605 5.31037 4.20381 3.83228 2.38829 2.31179 1.99471 1.20737 1.17123
threshold=4.5000000000000009 0 2021.3811707420587 2248.539620209302 239.19345642006797 3.1050805663971919 159.63739042515155 0.22468386754101041 0.8779334483183131 15.743911149252996 0.016581646967052752 1001.28597670928 290.92523724489826 119.97200000000011 1 0.031518117009343212 161.27538921346959 308.15496964750815 2389.7228250125131 9.1130708590840204 0.088888888888888865 1633.6227187797672 0.020320948892377452 0.78813099119299146 8.5858609653957974 0.17885574157206161 79.851082482993277
decision_type=2 9 2 2 2 2 2 2 2 2 2 2 2 2 9 2 2 2 2 2 2 2 2 2 2 2 2
left_child=7 5 4 -4 14 -2 12 25 20 16 -6 -12 13 -5 15 -3 -10 18 -8 -17 -7 22 24 -11 -16 -1 -24
right_child=1 2 3 6 10 8 17 -9 9 23 11 -13 -14 -15 21 19 -18 -19 -20 -21 -22 -23 26 -25 -26 -27 -28
leaf_value=-0.43907287483534962 1.2975926123115569 -0.06164254626851573 -0.94213253046309464 -4.1233270226171976 -0.41986418198902131 -0.0045507290534360176 0.046709428960677007 -0.70822903761379485 -0.23806706534521471 -1.5654866989724825 -1.115921989715839 0.53201538388984515 0.21188266261129415 -0.012746800523244062 0.6279727998348017 0.65214426007381832 -0.56189117402225275 0.023294899847722664 0.3553631745597855 0.01840606043465165 -0.56800073797028228 0.49534236807801718 1.8206870563173141 -6.6323193955116686 0.18339080865795909 -3.0020128099003673 1.0689311111953601
leaf_weight=27.608680248260498 43.285400867462158 29.832000732421875 43.936321020126343 23.60912013053894 39.717160701751709 37.070400714874268 34.804000854492188 36.741000413894653 43.395200967788696 27.667520523071289 25.773600339889526 30.31428050994873 26.255880117416382 39.819080352783203 33.290440797805786 54.692001342773438 40.368080854415894 42.583520889282227 36.258720636367798 52.206001281738281 30.31428050994873 51.935441255569458 29.722200632095337 33.502160549163818 29.832000732421875 63.428200483322144 49.720001220703125
leaf_count=27 37 24 36 24 35 32 28 35 36 24 24 27 27 39 27 44 34 36 32 42 27 42 25 30 24 63 40
internal_value=0.000106594 0.00517306 0.011823 -0.0036489 0.0210585 -0.0123494 0.00344326 -0.0367647 -0.0184138 -0.0260619 0.00143863 0.0144505 -0.010843 -0.0206973 0.0267334 0.0135541 -0.0150314 0.0147172 0.0231557 0.0209302 -0.00196392 0.0335751 0.0395374 -0.0411667 0.0322773 -0.0462011 0.045306
internal_weight=1057.68 929.905 674.302 247.267 427.035 255.603 203.33 127.778 212.318 144.933 95.805 56.0879 89.6841 63.4282 331.23 136.73 83.7633 113.646 71.0627 106.898 67.3847 194.5 142.565 61.1697 63.1224 91.0369 79.4422
internal_count=921 796 576 222 354 220 186 125 183 124 86 51 90 63 268 110 70 96 60 86 59 158 116 54 51 90 65
cat_boundaries=0 1 2
cat_threshold=1141424457 274740240
is_linear=0
shrinkage=0.05


Tree=28
num_leaves=29
num_cat=1
split_feature=17 28 19 14 3 26 16 29 27 11 16 27 29 17 14 26 24 14 15 29 15 17 22 24 15 17 18 19
split_gain=68.6819 30.8904 21.2163 16.1542 15.475 13.8234 10.6098 9.40307 9.03259 13.3154 17.2283 9.37959 9.21645 6.3814 5.72078 5.52971 8.9057 4.96134 7.67504 4.2022 3.92951 2.62527 2.58958 2.5684 5.73731 2.38376 1.20099 0.135146
threshold=16.862181760204127 6.0000000000000009 0.63671902198885466 2655.5678947704087 0 57.046357708358535 1642.4933549972459 0.011688046942267201 75.184147138531912 1267.9959093022351 1566.3482234716448 191.71585708324577 0.013826472673927451 4.0084221750082643 1209.2333500212587 205.2274233438973 0.27127667306238734 1501.64389382176 294.21506686772739 0.018836131522604504 146.8904432915696 5.9297894845957453 0.004741064429398951 0.017380437023294105 196.20284927721096 448.41434153027006 0.1335523878630954 0.74755307112297464
decision_type=2 2 2 2 9 2 2 2 2 2 2 2 2 2 2 2 2 2 2 2 2 2 2 2 2 2 2 2
left_child=2 6 -1 4 19 17 -2 -7 12 11 -11 14 -6 -14 -10 16 23 -3 -19 22 -9 -21 -4 24 -12 26 -8 -28
right_child=1 5 3 -5 8 7 25 20 9 10 15 -13 13 -15 -16 -17 -18 18 -20 21 -22 -23 -24 -25 -26 -27 27 -29
leaf_value=1.1208329956657108 -1.4501894651684928 -3.1573687867865723 0.54016773487093206 -4.1169790879727959 -0.25038162833073535 -0.96171183826805984 -0.33484970036484896 1.0115960872206091 0.016415922899628656 0.58152636743827912 0.044373957512642906 -0.35668785735887482 1.8880657728946089 0.14860092661379659 -1.0626456138360039 0.24591122378740338 0.12951463274131739 -0.53821583014520769 0.059015215954084613 0.97185427221908505 0.047004663452027633 0.47965248269142152 -0.067296140479091812 -0.084732106676625563 -0.28033348558180593 -0.11127505116224755 -1.7823581185889816 -6.1818088043438157
leaf_weight=50.151321172714233 39.336800575256348 27.338120222091675 29.832000732421875 34.305960178375244 28.479200601577759 27.396960496902466 41.603200435638428 41.881640911102295 33.561000823974609 29.832000732421875 32.318000793457031 31.667080640792847 43.014840841293335 39.717160701751709 29.832000732421875 50.421881198883057 38.262440919876099 44.571480274200439 38.897600173950195 36.047000885009766 40.791520357131958 41.019001007080078 29.832000732421875 54.692001342773438 33.992320775985718 24.581560134887695 35.666640758514404 26.314720392227173
leaf_count=41 36 27 24 35 24 24 40 35 27 24 26 27 37 35 24 41 31 45 40 29 40 33 24 44 28 25 30 24
internal_value=-0.000382312 -0.0170978 0.00935108 0.0068083 0.00877194 -0.00481803 -0.0332904 0.00773218 0.00384767 -0.000169347 0.00611453 -0.0160026 0.0162788 0.0247239 -0.00490196 0.00105655 -0.00351208 -0.0172848 -0.0112299 0.0228726 0.0161449 0.0322581 0.0145833 -0.0101607 -0.00354503 -0.0402619 -0.0435837 -0.0479946
internal_weight=1055.36 388.38 666.977 616.826 582.52 220.877 167.503 110.07 445.79 334.579 239.519 95.0601 111.211 82.732 63.393 209.687 159.265 110.807 83.4691 136.73 82.6732 77.066 59.664 121.002 66.3103 128.166 103.585 61.9814
internal_count=920 366 554 513 478 211 155 99 368 272 194 78 96 72 51 170 129 112 85 110 75 62 48 98 54 119 94 54
cat_boundaries=0 1
cat_threshold=83890322
is_linear=0
shrinkage=0.05


Tree=29
num_leaves=31
num_cat=1
split_feature=3 17 14 24 17 6 11 16 14 15 12 20 21 17 22 27 16 25 18 22 16 20 23 14 13 12 21 22 20 15
split_gain=67.9881 35.3191 21.766 13.5214 13.1169 16.358 25.7561 11.3389 15.7544 10.5609 10.4471 7.77124 7.36817 7.69345 7.16983 6.98934 5.5593 4.95373 4.51817 7.30749 4.96535 4.34687 3.9788 3.55772 2.8382 2.36105 2.30197 2.13793 1.00034 0.125149
threshold=0 9.4101323845754923 1605.6923994472793 0.50617851411502213 6.565055490301007 1.5000000000000002 1399.766424185287 2688.2128852040819 3256.2865806597629 203.4947189578269 1380.3748900978233 0.050451021735642705 0.88938161399468674 5.6401376544547484 0.0089785275275474519 105.34295283439714 1586.9911781462588 55.159485192336895 0.20504006149909301 0.028909126698346103 2392.9834280284963 0.10437566867334046 0.24588417377533023 3326.9188337585042 990.38667543270196 1069.5224873298091 0.91735334151176884 0.0056512896693585004 0.05695523729945396 385.94136226948257
decision_type=9 2 2 2 2 2 2 2 2 2 2 2 2 2 2 2 2 2 2 2 2 2 2 2 2 2 2 2 2 2
left_child=2 4 12 7 5 15 -7 9 -9 16 -6 27 28 -14 -8 -2 24 25 19 -13 -20 -15 -16 -19 -3 -5 -11 -4 -1 -27
right_child=1 3 11 17 10 6 14 8 -10 26 -12 18 13 21 22 -17 -18 23 20 -21 -22 -23 -24 -25 -26 29 -28 -29 -30 -31
leaf_value=1.0062806847672179 -0.84765754231494261 -0.062114264416552017 0.52912688334881042 -0.31810721534660646 0.40836112382479972 1.1139370691606956 0.23593554710639242 0.56569896519226082 -0.16450768219590872 -1.6155107152593027 -0.0015973953297159305 0.066057320987154375 1.0429409404149359 -0.12304392347754406 -0.2395389208134942 -0.68547938663056163 -0.32091455765596977 -0.40120137720496046 0.022883862768748472 -0.34159571985779469 -0.28166112437007051 0.45120710225668792 -0.770291597544843 -0.25065302546690094 0.1850280392409708 -4.9255544773867719 -1.635838253154267 0.47858017174782247 1.2530653583484501 -0.23253694564377325
leaf_weight=29.832000732421875 30.424080610275269 29.290880680084229 32.047440767288208 23.60912013053894 36.748880863189697 44.638200998306274 45.881201028823853 23.879680156707764 27.228320121765137 33.180640697479248 39.936760902404785 33.39236044883728 29.722200632095337 30.80444073677063 29.451640605926514 42.312960863113403 50.421881198883057 46.25368070602417 46.151761054992676 34.364800453186035 43.116760492324829 26.585280418395996 28.479200601577759 29.173200130462646 29.832000732421875 24.691360235214233 38.583960771560669 31.506320714950562 34.533440828323364 24.691360235214233
leaf_count=24 26 24 26 24 30 37 38 24 28 28 33 31 25 25 25 36 41 42 38 32 41 24 24 30 24 24 33 26 28 24
internal_value=-0.000582324 -0.00995557 0.0163447 -0.0201897 0.00279468 -0.00338332 0.00613461 -0.0126609 0.00814025 -0.0185244 0.0206141 0.00676219 0.0313777 0.0218986 -0.00752219 -0.0228086 -0.00875721 -0.0319793 0.00079159 0.0105266 -0.00659756 0.0112052 -0.0192162 -0.0229933 0.00164478 -0.0412651 -0.0334335 0.0215141 0.0442065 -0.0474829
internal_weight=1050.77 678.709 372.057 380.836 297.873 221.187 148.45 232.417 51.108 181.309 76.6856 220.579 151.477 87.1119 103.812 72.737 109.545 148.419 157.026 67.7572 89.2685 57.3897 57.9308 75.4269 59.1229 72.9918 71.7646 63.5538 64.3654 49.3827
internal_count=915 595 320 346 249 186 124 202 52 150 63 194 126 74 87 62 89 144 142 63 79 49 49 72 48 72 61 52 52 48
cat_boundaries=0 2
cat_threshold=2861636114 2
is_linear=0
shrinkage=0.05


Tree=30
num_leaves=28
num_cat=1
split_feature=3 17 15 14 27 18 14 19 17 19 25 26 6 24 22 18 12 14 19 26 15 13 17 14 27 30 17
split_gain=61.7786 51.4863 32.2323 14.1236 12.4272 12.2731 12.2021 11.1546 10.2634 9.70323 13.0953 9.56996 9.44987 7.74532 6.71069 6.73846 6.64211 11.448 5.68576 4.83421 4.6289 3.49187 3.09371 2.86068 2.1232 3.70741 0.414333
threshold=0 15.743911149252996 237.94963840806295 1628.4670138180275 170.83690551605198 0.17533151220789236 1570.2139562185346 0.77656433834512162 3.6814655390948023 0.66020578670300811 153.34545323129274 202.14218430699398 1.5000000000000002 0.0067166106949108012 0.027335373719870406 0.33314158785817199 1961.7395055272116 3361.2401062441922 0.82158709530108354 67.466511277607211 201.49338796768689 1009.4857059370871 6.5609687499999731 2079.191723301868 50.441361500504293 0.11631402626933431 9.1130708590840204
decision_type=9 2 2 2 2 2 2 2 2 2 2 2 2 2 2 2 2 2 2 2 2 2 2 2 2 2 2
left_child=2 3 6 4 14 18 21 -8 -5 10 19 20 -6 -9 15 -2 23 -18 -4 -3 -10 -1 -15 24 25 -11 -23
right_child=1 9 5 8 12 -7 7 13 11 16 -12 -13 -14 22 -16 -17 17 -19 -20 -21 -22 26 -24 -25 -26 -27 -28
leaf_value=0.66449368008103349 -0.074575782345270111 -0.52278208368022505 0.11535007800956953 0.57329042403602271 -0.19337500155138329 -0.34396901435728611 -0.34879717245325353 0.032697827290405782 -0.3648745427189436 -5.0067862880481133 -0.61213334972586042 -0.0031163152121615025 0.24925089524539845 0.60983804746571835 1.711890057446674 0.40807445894320699 0.048455399695448348 -0.38784409480199461 -0.27413568310106839 0.11116286420281121 -0.26288110194534076 0.25132262070574357 0.90715740258300337 -0.86373559737372974 -3.7601694218506609 -0.20695454407854208 0.97601707155042805
leaf_weight=50.853201150894165 45.340080976486206 24.150240182876587 48.900440692901611 53.28036093711853 42.152200937271118 45.332200527191162 42.905040740966797 43.234441041946411 29.832000732421875 24.961920261383057 52.307920932769775 41.881640911102295 29.561440706253052 40.477880954742432 29.561440706253052 52.096201181411743 23.879680156707764 27.228320121765137 27.17736029624939 31.718040466308594 51.82564115524292 29.832000732421875 29.561440706253052 37.552680492401123 41.932600736618042 33.282560348510742 29.832000732421875
leaf_count=42 38 24 45 47 35 43 38 35 24 24 46 35 24 33 24 43 24 28 26 29 43 24 24 35 37 32 24
internal_value=-0.000859525 -0.00997424 0.0148107 0.00218073 0.0113276 -0.00616381 0.0249144 0.0159177 -0.00809864 -0.0256782 -0.0137379 -0.0160096 -0.00531193 0.0241415 0.0207237 0.0143929 -0.0325183 -0.0171244 0.00610762 0.00309517 -0.025976 0.0376282 0.0344138 -0.0382306 -0.0338187 -0.0276424 0.0458333
internal_weight=1060.65 672.545 388.106 375.531 198.711 121.41 266.696 156.179 176.82 297.014 108.176 123.539 71.7136 113.274 126.998 97.4363 188.838 51.108 76.0778 55.8683 81.6576 110.517 70.0393 137.73 100.177 58.2445 59.664
internal_count=926 592 334 313 164 114 220 130 149 279 99 102 59 92 105 81 180 52 71 53 67 90 57 128 93 56 48
cat_boundaries=0 2
cat_threshold=2730637842 2
is_linear=0
shrinkage=0.05


Tree=31
num_leaves=29
num_cat=1
split_feature=3 15 17 26 14 19 29 11 19 23 14 14 23 14 14 12 14 25 18 18 23 27 27 25 25 22 29 26
split_gain=54.9983 29.0424 26.3603 12.9077 10.475 9.22045 8.13117 9.58437 7.1875 7.03496 6.48397 16.2735 6.44914 5.74795 5.71405 11.0876 9.77595 5.0659 4.96932 8.42709 6.64469 4.89552 4.85202 3.88339 3.47888 4.42846 3.19229 2.30578
threshold=0 220.33010108418378 16.862181760204127 303.31045323129246 2355.0221063004878 0.65132556988925661 0.019838232025203153 1809.6399203297954 0.67054356849560937 0.27568922305764415 2248.539620209302 3326.9188337585042 0.88987731844874707 1393.1301254618804 2307.6108824018279 2189.7773711893128 1628.4670138180275 150.86533762265017 0.41469970602911649 0.54178003096422822 0.92025699168556319 170.38636453738744 37.267252393172733 129.49729209509181 85.118282100095271 0.038624984169480008 0.020228824841922954 123.90109555439859
decision_type=9 2 2 2 2 2 2 2 2 2 2 2 2 2 2 2 2 2 2 2 2 2 2 2 2 2 2 2
left_child=1 4 3 5 18 -2 12 13 9 -4 24 -12 21 -8 16 -16 23 -11 26 -20 -21 -7 -17 -3 25 -10 -1 -18
right_child=2 14 8 -5 -6 6 7 -9 10 17 11 -13 -14 -15 15 22 27 -19 19 20 -22 -23 -24 -25 -26 -27 -28 -29
leaf_value=0.55045958523721894 0.0055343926883914211 1.0285419405110552 0.18878799417400743 0.90428550796190776 0.020061198991967795 -0.66719691216685073 -0.2823184304661116 -0.43294992543311839 -3.9402669681056866 -0.038743509018906157 0.00025029860981821972 -0.36845189006189488 -0.037040619734430652 0.30500715804505391 0.18808432434671765 -0.23888523183076613 -0.8172715452913597 -0.77194096830705661 -0.0054184950671340108 0.98145037640264121 0.24127733599120021 -0.53107421240439123 0.10346419772221865 -0.010784363883619363 -2.9434122025800331 -3.572160950758128 0.97861002992326007 -0.21607965217506228
leaf_weight=29.020320653915405 26.804880619049072 32.529720544815063 25.934360265731812 28.208640575408936 54.90372109413147 52.798081159591675 28.910520553588867 32.529720544815063 25.934360265731812 32.419920444488525 31.659200191497803 37.223280191421509 56.797641277313232 48.096641063690186 28.479200601577759 36.952720165252686 28.749760627746582 30.153520584106445 58.421001434326172 39.7760009765625 38.533000946044922 28.749760627746582 27.067560195922852 32.318000793457031 34.153080701828003 43.006960391998291 50.69244122505188 31.075000762939453
leaf_count=24 22 29 25 24 47 44 25 29 25 30 32 38 47 40 24 38 24 26 47 32 31 24 27 26 29 42 41 25
internal_value=-0.000645999 0.0115128 -0.0111948 -0.0013638 0.022655 -0.00467146 -0.00768385 0.0024933 -0.0230563 -0.0114788 -0.0290146 -0.0171372 -0.0157417 0.012106 -0.00187867 0.0075371 -0.0088646 -0.020554 0.0276029 0.0218182 0.0325397 -0.0247512 -0.0040087 0.00458338 -0.0369504 -0.0304857 0.0375252 -0.0234417
internal_weight=1051.9 488.518 563.381 302.896 271.346 274.687 247.882 109.537 260.485 88.5078 171.977 68.8825 138.345 77.0072 217.172 92.4995 124.672 62.5734 216.443 136.73 78.309 81.5478 64.0203 64.8477 103.094 68.9413 79.7128 59.8248
internal_count=917 415 502 255 222 231 209 94 247 81 166 70 115 65 193 89 104 56 175 110 63 68 65 55 96 67 65 49
cat_boundaries=0 2
cat_threshold=730054162 2
is_linear=0
shrinkage=0.05


Tree=32
num_leaves=29
num_cat=1
split_feature=3 17 15 16 23 19 18 14 18 29 11 11 24 22 21 22 14 13 26 11 27 11 15 23 24 24 18 29
split_gain=46.3068 27.8974 22.7489 17.6887 13.7766 12.3215 10.3243 9.87304 9.14429 8.13887 6.16151 6.15137 6.54747 12.0775 5.82468 9.8643 15.0087 9.53447 5.58373 5.31175 4.95393 4.88329 4.74615 4.62396 4.59342 3.95192 3.89235 0.489748
threshold=0 11.716812941526884 245.27690380527204 1637.2179323979592 0.88312547241118688 0.65132556988925661 0.27799128890069169 1141.7669941376275 0.28948743452455333 0.013981849644459752 1351.3728762578119 2182.7843027099461 0.021490414347557153 0.0031633638020095007 0.93498389795918346 0.14242621469057393 1403.1372979068585 1108.6207733114481 96.108464025684398 2122.4276747448989 43.24306681349163 1518.2722749751231 213.96186188188497 0.5447588126159556 0.46015855359570595 0.50617851411502213 0.43798910258154072 0.017805814072066304
decision_type=9 2 2 2 2 2 2 2 2 2 2 2 2 2 2 2 2 2 2 2 2 2 2 2 2 2 2 2
left_child=2 3 7 8 9 18 25 -1 -2 -5 -10 12 13 -9 17 16 -16 -7 20 27 -3 -18 26 24 -11 -4 -14 -19
right_child=1 5 6 4 -6 14 -8 11 10 23 -12 -13 22 -15 15 -17 21 19 -20 -21 -22 -23 -24 -25 -26 -27 -28 -29
leaf_value=1.1592362627467536 0.57558372833504834 0.091426076420511038 0.092320049219945591 -1.7094355753523862 0.069230538675671222 -0.26667122688806599 -0.37822677356369105 0.4156719786053728 -0.028924679998107567 -0.04231326848088697 0.25594057803466352 -0.0097965176342018692 1.1105075669297677 -0.05009631766364251 -1.8356823171622771 -0.19163409848177784 0.036739865763052042 -4.132495229949086 0.02834522624516396 -0.20030557495036147 -0.17710718804799816 -0.35544540224426413 0.42946892053366953 -0.84108080712165734 -1.5230073743045143 -0.50649755248904105 0.69581382331614072 -2.6859098630862794
leaf_weight=28.749760627746582 56.527081251144409 29.283000230789185 48.52008056640625 30.965200662612915 48.096641063690186 34.474600553512573 26.475480318069458 29.832000732421875 52.798081159591675 28.479200601577759 35.235320806503296 47.606480836868286 37.019440889358521 52.206001281738281 32.149360418319702 29.173200130462646 26.746040344238281 38.042840719223022 55.554641246795654 29.392800331115723 35.878360509872437 25.773600339889526 47.234001159667969 28.910520553588867 27.667520523071289 27.17736029624939 31.075000762939453 28.749760627746582
leaf_count=24 47 29 46 26 40 31 25 24 44 24 29 42 30 42 30 30 25 33 46 28 33 24 38 25 24 26 25 24
internal_value=0.000544404 -0.00728012 0.0143831 0.0036775 -0.00755584 -0.0167407 -0.00536708 0.0222807 0.0164307 -0.016883 0.00635384 0.0190276 0.0229189 0.0121212 -0.0231938 -0.0149261 -0.00628676 -0.0303973 -0.0036705 -0.0384835 -0.0135997 0.0101837 0.0305998 -0.00889267 -0.000527261 0.00403263 0.0390476 -0.046278
internal_weight=1049.79 673.898 375.896 308.68 164.119 365.218 102.173 273.723 144.56 116.022 88.0334 244.973 197.366 82.038 244.502 113.842 84.669 130.66 120.716 96.1854 65.1614 52.5196 115.328 85.0572 56.1467 75.6974 68.0944 66.7926
internal_count=914 592 322 259 139 333 97 225 120 99 73 201 159 66 225 109 79 116 108 85 62 49 93 73 48 72 55 57
cat_boundaries=0 2
cat_threshold=830610130 2
is_linear=0
shrinkage=0.05


Tree=33
num_leaves=29
num_cat=1
split_feature=3 17 26 15 14 28 12 16 14 30 25 21 12 23 23 12 14 23 30 18 22 21 15 15 20 26 25 22
split_gain=38.4233 39.0208 20.2704 12.6543 14.2343 11.3816 15.6126 10.6757 22.3276 10.3245 9.95959 9.51361 9.4039 11.9776 9.18578 6.71299 8.09152 6.38122 6.18829 6.13998 7.26675 5.54479 5.40048 4.18802 3.68351 3.05479 3.94835 2.10565
threshold=0 24.982325680272201 206.60938509269457 237.94963840806295 1559.8387276958917 6.0000000000000009 1350.4695133306211 2688.2128852040819 3253.5587624470768 0.20482450352901646 39.312528061224732 0.89591144541383982 997.93403188775528 0.85181749467463763 0.55653817082388524 1760.6277492783845 1485.657420475731 0.5627429543245871 0.24277577668391298 0.4544099452580429 0.013158631462929452 0.91379143320015355 271.34976403061216 235.61534619472766 0.19034532164796894 145.7460259377664 195.92435013168128 0.0026196550767560007
decision_type=9 2 2 2 2 2 2 2 2 2 2 2 2 2 2 2 2 2 2 2 2 2 2 2 2 2 2 2
left_child=3 2 5 4 25 6 -2 15 -9 -5 -11 -6 -7 17 -4 16 21 23 -16 20 -13 -3 -12 -14 -10 -1 -27 -15
right_child=1 7 14 9 11 12 -8 8 24 10 22 19 13 27 18 -17 -18 -19 -20 -21 -22 -23 -24 -25 -26 26 -28 -29
leaf_value=1.1936752309373402 -0.23976337598479988 -1.2445110258009369 1.448842829298957 -0.49452749873193541 -0.25634545386697827 0.31491810273112519 -4.0846539575515557 0.090851782247019133 -0.34044759063471125 3.8634871477906665 -0.32408531303969018 0.46761572688471181 0.34575303823164105 0.21073938264779063 0.26866080305890788 -1.3126343430479857 -1.0341698244902693 -0.23994801941395383 -0.055485140192325227 -0.022414174346269536 0.0073803219028624294 -3.9748622808292318 0.087704046758948107 -0.57784049408320248 -0.16617436576597769 0.41210700994667565 0.97533675248221385 -0.015283176654191844
leaf_weight=36.478320837020874 51.986401081085205 39.717160701751709 32.208200693130493 36.039120435714722 35.556840658187866 29.020320653915405 28.098840475082397 45.002800226211548 26.255880117416382 29.984880208969116 41.552240610122681 39.505440950393677 34.533440828323364 29.020320653915405 51.935441255569458 41.881640911102295 38.474160671234131 55.825201272964478 41.611080884933472 34.804000854492188 43.936321020126343 29.663360357284546 26.04416036605835 29.882960557937622 40.140600204467773 33.561000823974609 29.832000732421875 36.478320837020874
leaf_count=30 44 35 27 34 31 24 25 46 27 30 38 32 28 24 42 35 34 46 35 28 36 28 24 26 41 27 24 30
internal_value=0.00108553 -0.00605286 0.00328393 0.0134597 0.0203667 -0.00388461 -0.0199716 -0.021323 -0.00960225 0.00135428 0.00980069 0.0108225 0.0021143 -0.00202136 0.0200914 -0.0300429 -0.0234458 -0.0113925 0.0121621 0.0176416 0.025 -0.0336442 -0.00083821 -0.000669581 -0.0280311 0.0350648 0.0284314 0.015182
internal_weight=1069.03 681.736 420.601 387.294 253.674 294.846 80.0852 261.136 111.399 133.62 97.5813 153.803 214.761 185.74 125.755 149.736 107.855 120.242 93.5465 118.246 83.4418 69.3805 67.5964 64.4164 66.3965 99.8713 63.393 65.4986
internal_count=931 597 351 334 208 247 69 246 114 126 92 127 178 154 104 132 97 100 77 96 68 63 62 54 68 81 51 54
cat_boundaries=0 2
cat_threshold=2853346326 2
is_linear=0
shrinkage=0.05


Tree=34
num_leaves=28
num_cat=2
split_feature=3 3 21 17 26 6 21 14 12 20 25 20 11 30 22 30 19 18 17 14 18 25 18 22 14 30 19
split_gain=35.6095 17.8617 18.2783 17.9672 16.9404 11.3106 10.4396 10.4194 11.4791 13.1451 9.51437 7.97147 7.41286 8.1113 6.78415 8.10055 7.07789 6.25659 6.112 6.03308 5.25229 3.83177 3.51446 7.49443 4.31512 4.87455 0.922952
threshold=0 1 0.87546883659438601 24.383721938775583 43.893089263207237 4.5000000000000009 0.86598485830152183 3326.9188337585042 2465.3339457603147 0.2409513072691197 226.11545323504359 0.32164922634102594 2173.4243849070749 0.051562298299256661 0.0045052645989535007 0.25374415391156463 0.90542645628621832 0.16314390725874514 14.86516950920293 1798.8360414540819 0.4208008925763877 189.98626483103706 0.29121289940210054 0.015531029849005552 1972.552664413947 0.27057880787928384 0.71024527969425877
decision_type=9 9 2 2 2 2 2 2 2 2 2 2 2 2 2 2 2 2 2 2 2 2 2 2 2 2 2
left_child=4 3 11 20 5 -1 21 8 9 12 22 18 13 -4 -15 17 19 -16 -3 -17 -2 -6 23 -8 25 -24 -5
right_child=1 2 7 26 6 -7 10 -9 -10 -11 -12 -13 -14 14 15 16 -18 -19 -20 -21 -22 -23 24 -25 -26 -27 -28
leaf_value=0.1125625664830656 0.078281447173834812 1.4106956427138617 -0.26687492485024006 -2.1996620419861532 0.3962873879494182 -0.79661640683645141 -0.051519059134947809 -0.23284124280477345 0.2952229510241246 -1.3750135435353736 -0.027273997298994823 -0.15786564747767892 -0.11199415329434195 0.44607734501702939 0.049744760219359863 0.037672618642984823 -0.033196626190126255 -0.45907490604954804 0.036162540949769888 0.37953825175629119 -0.4028061167518342 0.80178617267812169 0.32336373042172117 0.2654099425222769 0.54389558677253669 -0.078749469466932356 -5.7298275735783442
leaf_weight=48.951400518417358 31.667080640792847 33.019880771636963 41.340520858764648 26.585280418395996 27.396960496902466 27.228320121765137 29.020320653915405 32.361080169677734 24.852120161056519 46.955560684204102 50.151321172714233 26.585280418395996 38.583960771560669 43.124640941619873 39.936760902404785 47.877040863037109 28.851680278778076 53.499961137771606 42.254120588302612 35.556840658187866 47.9358811378479 33.290440797805786 44.748001098632812 37.611520767211914 57.609321355819702 31.075000762939453 27.989040374755859
leaf_count=47 27 27 35 24 24 28 24 33 25 43 41 24 33 36 33 42 28 45 39 31 39 27 36 32 47 25 26
internal_value=0.00259297 -0.00441619 -0.000192526 -0.0200697 0.0144474 -0.00631047 0.0199984 -0.00467974 -0.00247506 -0.0046519 0.0154861 0.0188609 -0.00111752 0.00162014 0.00502734 0.0012475 0.0102982 -0.00962902 0.0271735 0.0176802 -0.00641594 0.0386024 0.0203677 0.0109898 0.0250507 0.0172131 -0.0436629
internal_weight=1056.06 668.977 534.799 134.177 387.083 76.1797 310.903 432.94 400.579 375.727 250.215 101.859 328.771 290.187 248.847 205.722 112.286 93.4367 75.274 83.4339 79.603 60.6874 200.064 66.6318 133.432 75.823 54.5743
internal_count=921 590 474 116 331 75 256 384 351 326 205 90 283 250 215 179 101 78 66 73 66 51 164 56 108 61 50
cat_boundaries=0 2 3
cat_threshold=2847947282 2 540745
is_linear=0
shrinkage=0.05


Tree=35
num_leaves=31
num_cat=2
split_feature=3 15 26 22 3 12 17 30 11 14 14 15 14 26 17 22 25 22 16 17 17 24 17 14 28 19 29 17 16 15
split_gain=46.9273 26.2518 21.1589 14.636 15.7018 14.5184 11.4902 10.7809 9.00296 8.85772 7.74395 7.42075 10.1727 7.09032 6.16331 9.20403 8.35964 9.21004 5.50982 9.13794 5.46722 6.94729 4.74146 4.68991 4.32972 5.07168 3.7827 3.26209 2.99591 2.92876
threshold=0 235.61534619472766 203.82120257778504 0.0011401183146171501 1 1392.8522402555507 11.716812941526884 0.44393098396530845 1080.6135842300848 1209.2333500212587 1942.4747679461846 189.98288176114855 2402.0843454546489 202.56526409545577 9.1130708590840204 0.010780760372478703 184.10426712485594 0.0054974551447591015 1617.2416106296553 56.79700000000026 50.070116020716462 0.40755538403718922 7.4982499999999854 1436.9858072868767 6.0000000000000009 0.79377318799706253 0.14596466262731309 7.9072972876566618 1205.982902937513 268.0399765619797
decision_type=9 2 2 2 9 2 2 2 2 2 2 2 2 2 2 2 2 2 2 2 2 2 2 2 2 2 2 2 2 2
left_child=1 9 3 -2 11 6 23 28 -4 27 22 -5 -13 14 16 -16 -11 -18 -3 -20 24 -22 -10 -6 -7 -26 -23 -1 -8 -30
right_child=2 18 8 4 5 20 7 -9 10 13 -12 12 -14 -15 15 -17 17 -19 19 -21 21 26 -24 -25 25 -27 -28 -29 29 -31
leaf_value=0.53147110600937963 0.52866708383302952 -0.10792028491978307 -0.1325842500345181 0.90477913742680549 -0.33434341672563522 -3.8918007930403671 -0.4551241150726078 0.094258285751141396 1.1350027081319454 0.85782332618343815 -0.086341884479242959 -0.15522085080691925 0.077022231457903087 0.41304377837432826 -0.099839416308833515 0.094733485203141052 0.4739174703028482 -0.034408925637018584 -0.56512668881532346 0.035467991702715196 0.051331728312344185 -1.0222458037560884 -0.27380531441789774 0.44709999585562099 -0.34141580931621934 -0.21318057173037205 -0.064113572953087006 0.5794139562459909 -3.4611581320582143 -1.7719900029916282
leaf_weight=31.235760688781738 19.778200387954712 25.503040313720703 33.290440797805786 28.208640575408936 30.965200662612915 42.203160762786865 31.608240365982056 24.961920261383057 37.019440889358521 41.991441011428833 50.472841024398804 59.66400146484375 26.746040344238281 44.748001098632812 30.533880710601807 28.369400501251221 29.561440706253052 30.533880710601807 48.900440692901611 29.173200130462646 25.663800239562988 49.002360343933105 29.561440706253052 28.208640575408936 29.882960557937622 35.447040557861328 24.311000108718872 44.477441072463989 28.910520553588867 30.584840536117554
leaf_count=26 17 24 27 24 26 37 30 24 30 34 43 48 25 36 25 25 24 25 45 30 25 49 24 24 26 32 25 36 25 27
internal_value=0.00190013 0.0155618 -0.00613362 -0.0110338 -0.0127145 -0.0173306 -0.00719943 -0.0163412 0.0102812 0.0238861 0.0168062 0.00383716 -0.00309707 0.0185052 0.0136116 0.000732251 0.0210428 0.0090826 -0.00555556 -0.0121466 -0.0267668 -0.018287 0.0280035 0.0107316 -0.0345719 -0.026508 -0.0261245 0.0385079 -0.0243178 -0.0309266
internal_weight=1051.52 385.028 666.491 516.147 496.368 381.75 175.239 116.066 150.344 281.451 117.054 114.619 86.41 205.738 160.99 58.9033 102.087 60.0953 103.577 78.0736 206.51 98.9772 66.5809 59.1738 107.533 65.33 73.3134 75.7132 91.1036 59.4954
internal_count=918 330 588 464 447 350 156 106 124 231 97 97 73 169 133 50 83 49 99 75 194 99 54 50 95 58 74 62 82 52
cat_boundaries=0 2 3
cat_threshold=631249558 2 33719360
is_linear=0
shrinkage=0.05


Tree=36
num_leaves=30
num_cat=2
split_feature=26 3 27 3 26 15 25 20 25 12 24 11 15 11 11 19 29 26 25 20 11 23 23 6 12 20 6 25 22
split_gain=41.9148 21.8071 16.7554 15.4684 14.003 15.2726 14.8737 11.8588 12.7969 10.3179 9.05027 7.91222 7.44195 10.3371 9.83117 7.42998 6.8216 5.87719 5.24307 4.87291 4.34747 4.18843 4.11068 4.03346 3.77682 9.74448 2.39485 1.79812 1.56462
threshold=116.22287500000017 0 105.34295283439714 1 43.893089263207237 304.99192017431977 215.8003392781101 0.19726188483438614 199.40332878717001 1035.0090410927148 0.0073129251700679507 1062.0936985131682 224.88101551870753 1904.1939281462585 1437.6477230677394 0.72457505947680501 0.020056483936710154 202.56526409545577 78.935469651815552 0.039041847778992458 1360.6546654448443 0.15205341395817581 0.10681783824640967 1.5000000000000002 1394.8195362652179 0.046281510526203558 1.5000000000000002 154.32391234168861 0.013378733933630652
decision_type=2 9 2 9 2 2 2 2 2 2 2 2 2 2 2 2 2 2 2 2 2 2 2 2 2 2 2 2 2
left_child=1 9 4 24 5 11 20 8 12 -1 15 -3 13 14 17 -10 -7 -5 -13 -12 -6 -4 -18 -9 26 -26 -2 -11 -14
right_child=3 2 21 7 6 16 -8 23 10 27 19 18 28 -15 -16 -17 22 -19 -20 -21 -22 -23 -24 -25 25 -27 -28 -29 -30
leaf_value=-0.70637554344035502 0.56814547228656131 0.070812602960683077 -0.26067085877493262 0.016097895827441259 1.5695638991906808 -0.42737328533388164 -0.10682804460027598 0.090905317456885251 0.60593591196688912 -2.4510027233676555 -0.12758887472785921 -4.6449283327559368 -0.74684273031753967 -0.10444802758933328 0.86594152304201089 -0.0028606356687915281 0.029262298482036188 -0.2743581919933476 -0.30383887658671704 0.20301545300396456 0.093149400745237906 -0.25765979685928014 2.3237208657969011 0.21360509089742533 0.3824951921569536 -0.065168541847943837 0.93637950539465542 -2.0756422250183735 -1.3372484656649157
leaf_weight=30.694640636444092 31.075000762939453 25.23248028755188 41.113040208816528 49.449441194534302 30.533880710601807 37.172320365905762 42.583520889282227 27.777320623397827 32.318000793457031 44.740120649337769 29.561440706253052 32.631640195846558 27.667520523071289 34.533440828323364 34.804000854492188 48.206441164016724 23.879680156707764 29.832000732421875 39.387760400772095 28.479200601577759 45.602760553359985 30.475040435791016 28.741880178451538 51.82564115524292 36.047000885009766 31.075000762939453 29.832000732421875 40.368080854415894 29.722200632095337
leaf_count=26 25 24 42 40 25 36 36 23 26 41 24 33 24 28 28 39 24 24 38 24 43 28 29 43 29 25 24 34 25
internal_value=0.000706878 -0.00988757 -0.00352781 0.0101684 0.00147669 -0.00704792 0.0149074 0.00505973 0.00116073 -0.0278977 0.0129096 -0.0207765 -0.00674179 -0.000836367 0.00641863 0.0237583 0.00782096 -0.0033063 -0.0292182 -0.0021416 0.0281429 -0.0253957 0.0194039 0.0225728 0.0247647 0.0185185 0.0357143 -0.0392698 -0.0220347
internal_weight=1045.36 493.157 377.354 552.206 305.766 187.046 118.72 424.177 344.574 115.803 138.565 97.2519 206.009 148.619 114.085 80.5244 89.7939 79.2814 72.0194 58.0406 76.1366 71.5881 52.6216 79.603 128.029 67.122 60.907 85.1082 57.3897
internal_count=910 459 358 451 288 184 104 348 282 101 113 95 169 120 92 65 89 64 71 48 68 70 53 66 103 54 49 75 49
cat_boundaries=0 2 4
cat_threshold=614665 1 25174034 1
is_linear=0
shrinkage=0.05


Tree=37
num_leaves=27
num_cat=2
split_feature=3 3 14 15 24 30 16 15 11 16 29 17 29 11 20 27 11 18 12 23 14 17 13 30 27 18
split_gain=32.8592 17.1691 19.8904 16.3561 11.5074 13.5707 11.4036 11.1159 9.09159 20.1528 12.3712 9.63547 8.40573 6.97426 6.36692 5.54058 9.64064 5.42347 5.40562 4.87555 4.3284 4.02759 5.50694 3.27837 5.1054 2.4108
threshold=0 1 2003.7461470025512 228.93136213652511 0.0055609545405463012 0.063513949309448869 2714.2479417517011 214.60702417156341 1769.6394129509533 1835.846192176871 0.012898057384004952 11.163830471508847 0.011604630986422051 2162.4775370480479 0.18206960724522506 37.267252393172733 1952.7752070578233 0.1335523878630954 2075.319270833334 0.12037037037037036 3326.9188337585042 8.5858609653957974 1407.7981952238531 0.25527501684636122 168.86008747303688 0.600068715289653
decision_type=9 9 2 2 2 2 2 2 2 2 2 2 2 2 2 2 2 2 2 2 2 2 2 2 2 2
left_child=3 2 7 12 5 -3 -4 21 9 10 -6 -12 -1 23 -13 17 -17 -5 -10 -11 -20 22 -2 -14 -25 -7
right_child=1 4 6 15 8 25 -8 -9 18 19 11 14 13 -15 -16 16 -18 -19 20 -21 -22 -23 -24 24 -26 -27
leaf_value=-0.0088129712231364669 -0.020260061380917096 -0.76079327376241024 -0.36720306235946271 0.017898951641724638 -3.4555139077438981 0.28057651480195506 0.092737188188068143 -0.22594901633338429 -1.3169146049127478 -0.005980762211045554 0.015837913424446848 -2.8508719751070006 0.63729285103909439 -0.00011582550906058393 -0.47048136830838044 -0.011050055056366564 0.082915951524855203 -0.2840413755251156 -0.1083060212993491 0.28361781151570747 -0.23944675064806165 0.36545204745354448 0.32594041486511149 0.76456165194668824 0.31521106799966392 -0.034429801081032559
leaf_weight=45.449881076812744 33.561000823974609 27.667520523071289 57.609321355819702 29.283000230789185 33.933480501174927 37.772280693054199 28.200760126113892 47.014400959014893 34.474600553512573 27.608680248260498 45.069520950317383 34.745160579681396 46.151761054992676 43.124640941619873 39.607360601425171 45.449881076812744 39.336800575256348 29.44376015663147 42.465840339660645 31.557280540466309 27.228320121765137 49.449441194534302 32.318000793457031 50.421881198883057 58.421001434326172 31.506320714950562
leaf_count=37 27 24 47 29 31 33 29 40 31 27 38 31 38 36 36 37 36 30 42 28 28 40 26 41 47 26
internal_value=0.00175296 -0.00502231 0.00527521 0.0131271 -0.0111788 0.00362401 -0.0139828 0.0157794 -0.0160633 -0.0101321 -0.0196957 -0.0121257 0.0213557 0.0258045 -0.0231832 7.65086e-05 0.00825278 -0.011728 -0.0281638 0.0146564 -0.020153 0.024133 0.0160377 0.0307529 0.0260177 0.015446
internal_weight=1048.87 661.789 248.153 387.083 413.636 96.9461 85.8101 162.343 316.69 212.521 153.356 119.422 243.569 198.119 74.3525 143.513 84.7867 58.7268 104.169 59.166 69.6942 115.328 65.879 154.995 108.843 69.2786
internal_count=915 584 209 331 375 83 76 133 292 191 136 105 199 162 67 132 73 59 101 55 70 93 53 126 88 59
cat_boundaries=0 2 3
cat_threshold=566409362 2 234948452
is_linear=0
shrinkage=0.05


Tree=38
num_leaves=29
num_cat=1
split_feature=26 3 20 18 11 15 17 23 11 30 17 15 17 16 20 22 27 30 19 27 27 17 17 20 24 27 13 11
split_gain=39.3138 28.3036 12.0019 11.7975 11.5749 10.5581 11.0393 9.57611 8.22947 7.24035 6.36518 8.80395 10.277 7.73868 6.88658 6.08204 6.06415 5.76608 5.96312 5.17748 3.52785 3.47915 7.19147 2.9912 2.92019 2.60322 2.05513 1.66473
threshold=33.594251830029414 0 0.21805056414089871 0.046065229058772306 2363.886688350341 179.60706152201644 12.883800431558031 0.9438145628621819 2565.0137967687083 0.051562298299256661 8.4355312500000554 237.94963840806295 11.40684081649397 2392.9834280284963 0.075677836117308467 0.039914022645207554 72.875315231186974 0.25527501684636122 0.8708855746722558 152.43019480041656 86.177085091733389 6.565055490301007 3.8929257608715493 0.072349186011904723 0.086671365242793813 75.340995162629511 1554.0136453761081 1062.0936985131682
decision_type=2 9 2 2 2 2 2 2 2 2 2 2 2 2 2 2 2 2 2 2 2 2 2 2 2 2 2 2
left_child=2 10 3 -1 17 7 9 26 16 -7 19 12 -12 14 -14 -4 -8 -5 -19 20 -2 22 25 -23 -24 -11 27 -3
right_child=1 5 15 4 -6 6 8 -9 -10 21 11 -13 13 -15 -16 -17 -18 18 -20 -21 -22 23 24 -25 -26 -27 -28 -29
leaf_value=-0.79660030291616957 -1.3265846389108522 0.73987328572686983 -0.39930844876342014 -0.57356100009403377 -2.3865406019323916 -0.015657897111429266 -0.17123836677228846 -0.11906212777123458 0.052843495889468531 1.4561711724428861 -0.081713471650838587 -0.73591024561958029 0.36329457261510428 -0.24307828196163436 -0.022388434792940615 -3.3869273824873627 -0.47901288332753345 0.61680556146344401 -0.0056817241004932795 -0.037205017225761597 1.1441690627969729 0.16963982080509657 0.43906240543306335 0.33087190430742341 -0.22434033180321289 0.21861025440099047 0.22727406830242716 0.94515993106555818
leaf_weight=31.769000291824341 28.639960527420044 39.7760009765625 39.979840278625488 49.221960544586182 28.200760126113892 43.505001068115234 30.533880710601807 37.290000915527344 28.471320152282715 30.533880710601807 34.533440828323364 28.639960527420044 34.804000854492188 34.255000352859497 29.832000732421875 45.112600326538086 32.74932074546814 46.626160383224487 29.44376015663147 53.609761238098145 41.450320959091187 51.935441255569458 31.075000762939453 29.832000732421875 29.561440706253052 39.234880924224854 29.020320653915405 29.832000732421875
leaf_count=31 25 32 40 47 29 35 25 30 29 25 28 25 28 33 24 45 27 46 30 44 34 42 25 24 24 32 24 24
internal_value=0.00315172 0.00891683 -0.0132491 -0.00610938 -0.000369138 0.0161026 0.0118137 0.0282506 -0.00306411 0.0171528 -0.00367236 -0.0103203 -0.00492109 0.00327915 0.0134615 -0.0287936 -0.013108 0.00614496 0.0147732 0.00474055 0.0136867 0.0209629 0.0158929 0.0290486 0.00329798 0.0268392 0.0364112 0.0410714
internal_weight=1039.47 769.115 270.354 185.262 153.493 483.35 347.432 135.918 91.7545 255.678 285.764 162.064 133.424 98.891 64.636 85.0924 63.2832 125.292 76.0699 123.7 70.0903 212.173 130.405 81.7674 60.6364 69.7688 98.6283 69.608
internal_count=907 639 268 183 152 398 288 110 81 207 241 138 113 85 52 85 52 123 76 103 59 172 106 66 49 57 80 56
cat_boundaries=0 1
cat_threshold=1445511240
is_linear=0
shrinkage=0.05


Tree=39
num_leaves=30
num_cat=2
split_feature=3 15 22 3 30 21 26 12 24 14 16 22 12 15 11 11 26 18 17 24 26 18 17 25 20 15 6 30 17
split_gain=32.0479 20.6818 19.9075 14.0165 18.9036 14.8334 11.0549 10.882 10.1557 8.95668 10.2589 8.73276 8.18668 7.01697 6.83881 5.76902 7.23414 5.73787 5.63172 5.44768 5.09082 4.56728 4.4457 4.4361 3.36058 2.58829 2.49956 2.26545 0.991689
threshold=0 241.69879357993184 0.0017957507167363003 1 0.11073507584062971 0.86285354771240863 90.616204469350592 1402.0409033464259 0.057947331253836908 3326.9188337585042 2731.6964944727897 0.019330922167858002 1809.6399203297954 172.2603619779812 1567.6139487503544 1767.9944418728376 176.59071822120271 0.24173710609105603 7.7479824119335499 0.55509041223326949 104.25619172980376 0.33461224294495295 9.0300551061045553 112.26651472100629 0.19686182998006332 323.67330048126615 1.5000000000000002 0.27927556957259198 4.9006350544077586
decision_type=9 2 2 9 2 2 2 2 2 2 2 2 2 2 2 2 2 2 2 2 2 2 2 2 2 2 2 2 2
left_child=1 7 28 8 6 11 24 13 -4 10 12 -6 14 -1 25 -9 22 19 -10 23 -14 -15 -17 -3 -5 26 27 -7 -2
right_child=2 17 3 4 5 9 -8 15 18 -11 -12 -13 20 21 -16 16 -18 -19 -20 -21 -22 -23 -24 -25 -26 -27 -28 -29 -30
leaf_value=0.93551509501109731 0.58909602343155643 -0.8165620780982501 -0.013371487549019005 -4.0724700999553427 0.3222581335849739 -0.069401352351943488 -0.033004785055940448 -0.12647739567706076 -0.69189480892341804 -0.19583496315797441 0.05257568020450696 1.5715847581478615 -1.0942831492676763 0.39414348057875381 0.4963811108789063 0.62641183134017342 -0.0074207966732856793 -0.11420891411056111 -2.6285514331163471 -0.24878835470594007 -0.072354048647425631 0.017829545973350493 0.0064027277170933599 0.12052806896758364 -3.0588340494881674 0.48351005489300231 -0.0036025359281868286 -0.42442602352391356 0.15263880928680323
leaf_weight=57.879881381988525 29.722200632095337 27.989040374755859 54.362601041793823 26.314720392227173 41.501280784606934 29.722200632095337 46.151761054992676 33.561000823974609 27.126400470733643 30.416200160980225 41.113040208816528 26.585280418395996 30.153520584106445 29.561440706253052 35.505880832672119 31.776880741119385 38.533000946044922 38.254560470581055 50.033640623092651 28.420360326766968 29.290880680084229 42.262001037597656 27.396960496902466 27.396960496902466 26.36568021774292 25.503040313720703 39.505440950393677 33.07084059715271 30.263320684432983
leaf_count=47 25 26 47 24 36 25 38 27 24 31 42 24 26 24 29 26 31 36 47 27 24 34 24 24 26 24 32 29 25
internal_value=0.00289408 0.0141628 -0.00387641 -0.0067137 -0.00229884 0.00293787 -0.0217318 0.0224784 -0.0204642 -0.00192805 0.00103354 0.0239691 -0.00320201 0.0327499 0.00258116 0.0123294 0.0184726 -0.0024559 -0.0336823 0.00486829 -0.0190897 0.0223099 0.0294513 0.014 -0.0373837 -0.00281195 -0.00636475 -0.012564 0.0235129
internal_weight=1035.74 383.032 652.708 592.722 461.2 362.368 98.8322 260.971 131.523 294.281 263.865 68.0866 222.752 129.703 163.307 131.268 97.7068 122.061 77.16 83.8064 59.4444 71.8234 59.1738 55.386 52.6804 127.802 102.298 62.793 59.9855
internal_count=904 326 578 528 410 322 88 213 118 262 231 60 189 105 139 108 81 113 71 77 50 58 50 50 50 110 86 54 50
cat_boundaries=0 2 3
cat_threshold=2780862486 3 1075855369
is_linear=0
shrinkage=0.05


Tree=40
num_leaves=30
num_cat=1
split_feature=3 17 16 5 11 29 11 14 19 15 14 17 20 18 19 28 26 27 27 25 13 17 22 16 27 18 18 29 26
split_gain=31.3842 13.6136 13.4918 12.2213 10.7364 9.73701 9.91459 11.4288 9.66714 13.8756 9.62313 7.21878 8.18769 6.508 5.65689 12.7767 5.05143 6.60601 4.92528 4.91122 4.66968 6.09159 4.5632 3.18464 2.62439 7.89967 2.13405 2.1271 1.99943
threshold=0 12.883800431558031 1210.2353439169497 1.0000000180025095e-35 1013.5293992177809 0.013826472673927451 1080.6135842300848 1628.4670138180275 0.65132556988925661 439.92717793367342 1545.6075896640984 8.4128459902013919 0.041946387661308752 0.095386738164222662 0.29849656198983926 7.5000000000000009 34.869841006180657 120.35902127320266 20.267800217838047 187.42433305367788 1745.0141568877552 8.844422479480615 0.013158631462929452 3438.6777827380956 75.184147138531912 0.26593024524180547 0.47506574936889989 0.017525399379989651 197.96363607418314
decision_type=9 2 2 2 2 2 2 2 2 2 2 2 2 2 2 2 2 2 2 2 2 2 2 2 2 2 2 2 2
left_child=2 3 26 5 -4 11 -7 28 14 18 -6 12 -2 23 -3 -16 -12 27 -10 -9 -19 22 -22 -11 -20 -26 -1 -18 -8
right_child=1 8 4 -5 10 6 7 19 9 13 16 -13 -14 -15 15 -17 17 20 24 -21 21 -23 -24 -25 25 -27 -28 -29 -30
leaf_value=0.46549902047879188 -0.006988486922977444 -0.20951513883052578 -2.8555753019495658 -3.5435561893190397 1.244341507914853 -0.072378620544322578 0.3978494843703364 0.66992658763085511 -4.5933116254849988 -0.017445888008726929 -0.061879313100208222 0.12666008883013596 -0.72308258675509618 0.17753176097463674 -0.99123607540021619 0.11536594293973551 -0.024929143645470737 -0.057834789434733837 -0.28039467312567107 -0.011811283521007073 0.75204530280807946 -0.042816293673231698 0.038051778338688849 -0.12671987107790877 -1.5605952844434572 -0.36169756378226919 0.71869520170351819 0.57494467357743706 0.54248355749111077
leaf_weight=43.124640941619873 47.665321111679077 30.745600461959839 20.589880466461182 31.388640165328979 26.103000640869141 47.284960985183716 31.506320714950562 40.477880954742432 34.576520204544067 30.796560287475586 41.654160261154175 33.561000823974609 31.776880741119385 25.283440113067627 31.016160488128662 37.984000444412231 35.556840658187866 39.7760009765625 32.910080671310425 48.908321142196655 31.075000762939453 39.936760902404785 34.533440828323364 23.60912013053894 30.31428050994873 33.451200723648071 32.318000793457031 45.9321608543396 33.290440797805786
leaf_count=36 39 28 17 32 21 40 26 33 35 30 42 27 26 26 28 36 31 32 28 40 25 33 28 24 27 28 26 40 27
internal_value=0.00223552 -0.00445795 0.013261 0.00229809 0.00905392 0.00526752 0.0118568 0.0179993 -0.0121223 -0.0181872 0.0114938 -0.0064801 -0.014694 -0.00172957 0.000703669 0.00865204 0.00867584 0.0116151 -0.0281794 0.00640902 0.00522517 0.0107274 0.0200992 -0.0114703 -0.0223869 -0.0283053 0.0325936 0.0230103 0.0339879
internal_weight=1047.15 656.547 390.6 345.86 315.157 314.471 201.468 154.183 310.687 210.941 294.567 113.003 79.4422 79.6891 99.7458 69.0002 268.464 226.81 131.252 89.3862 145.321 105.545 65.6084 54.4057 96.6756 63.7655 75.4426 81.489 64.7968
internal_count=911 580 331 290 269 258 166 126 290 198 252 92 65 80 92 64 231 189 118 73 118 86 53 54 83 55 62 71 53
cat_boundaries=0 2
cat_threshold=650285078 3
is_linear=0
shrinkage=0.05


Tree=41
num_leaves=29
num_cat=2
split_feature=3 26 3 15 30 24 25 14 15 25 26 26 21 26 24 17 18 11 25 25 27 14 20 14 25 20 15 28
split_gain=37.5159 17.3985 15.7464 12.2593 10.4951 14.8609 15.3367 10.2948 9.86928 8.03114 8.02266 9.11795 9.19509 6.42431 10.2763 5.8124 5.35462 5.23962 5.04609 4.37009 6.80773 4.36429 4.08732 3.60066 2.86651 5.04201 1.25164 1.03553
threshold=0 211.53625158133494 1 186.36966560373415 0.56270593761948728 0.031584062196307057 154.32391234168861 1976.2940071215987 246.16401394531059 231.23224883002396 3.0280949264122232 123.72112499999993 0.90454819213194282 16.054591911590936 0.020320948892377452 8.844422479480615 0.20134737221773433 1157.6972775434231 186.82144662527426 123.72112499999993 153.76687237676614 3326.9188337585042 0.046281510526203558 1926.8233347496082 37.413557914264182 0.21630994697950143 201.77325233843553 1.5000000000000002
decision_type=9 2 9 2 2 2 2 2 2 2 2 2 2 2 2 2 2 2 2 2 2 2 2 2 2 2 2 2
left_child=8 2 3 7 5 6 -4 -2 9 19 -10 12 -12 -5 18 -7 -16 -3 -15 -1 -21 -6 26 -19 27 -26 -22 -17
right_child=1 17 4 13 21 15 -8 -9 10 -11 11 -13 -14 14 16 24 -18 23 -20 20 22 -23 -24 -25 25 -27 -28 -29
leaf_value=0.25022824033132984 0.9255211573576152 -0.066247666933701876 0.12308518875286412 -2.770067073033772 0.059686396735145732 -1.0811613142053453 -0.26106038266410297 -0.016675171958070934 3.2423580976020006 0.011406727466348921 0.0061632708002292702 -0.059691069504556896 -1.9776035370776084 -0.086894991113983397 0.54971790883965388 -4.363646044210749 -0.022251724577352125 0.40620911113043051 -0.18595824743384848 0.38128238348471494 0.4265458132423014 -0.034702767520091382 0.14026008685590982 -0.088336754721419358 -4.9078535369256624 -0.34672005309347825 0.16326623953689712 -2.9781524990707009
leaf_weight=42.583520889282227 48.477001190185547 28.318440675735474 31.557280540466309 25.122680187225342 33.062960147857666 42.744280815124512 41.611080884933472 34.905920505523682 35.007840156555176 53.609761238098145 34.415760278701782 28.749760627746582 33.611960649490356 53.339201211929321 26.855840444564819 24.801160335540771 37.180200815200806 49.178881168365479 30.80444073677063 49.88076114654541 33.561000823974609 28.200760126113892 44.748001098632812 46.202720880508423 35.125520706176758 30.855400562286377 31.075000762939453 28.741880178451538
leaf_count=36 39 23 28 25 34 37 35 32 36 44 34 24 29 44 24 23 31 40 25 41 27 29 36 40 30 27 25 29
internal_value=0.00302173 -0.00411239 -0.00796257 0.001338 -0.0155305 -0.0208509 -0.00214363 0.0171432 0.015209 0.0213349 0.00448838 -0.00293141 -0.0129085 -0.00618933 -0.00222546 -0.0292862 0.0128682 0.0127793 -0.0137122 0.0259038 0.029708 0.00238095 0.0227273 0.0183864 -0.0349452 -0.0279699 0.0307692 -0.0435408
internal_weight=1064.33 677.086 553.386 256.685 296.7 235.437 73.1684 83.3829 387.243 255.458 131.785 96.7775 68.0277 173.302 148.18 162.268 64.036 123.7 84.1436 201.848 159.265 61.2637 109.384 95.3816 119.524 65.9809 64.636 53.543
internal_count=927 595 492 220 272 209 63 71 332 209 123 87 63 149 124 146 55 103 69 165 129 63 88 80 109 57 52 52
cat_boundaries=0 2 3
cat_threshold=563263510 3 3590325984
is_linear=0
shrinkage=0.05


Tree=42
num_leaves=31
num_cat=1
split_feature=3 5 17 23 14 26 15 24 17 19 18 25 20 18 29 22 18 22 15 19 24 26 18 15 14 26 21 24 22 30
split_gain=29.7785 13.2962 14.295 10.7989 7.82276 7.52626 7.28092 7.94483 6.98644 8.71746 6.65069 6.36944 7.72332 8.78776 6.94833 8.12341 6.29364 6.08581 5.64135 7.3531 5.32174 5.08367 5.22819 5.01452 5.99273 4.71407 4.47225 5.33274 3.44342 3.71721
threshold=0 1.0000000180025095e-35 25.784300743173393 0.14800694392531127 1224.6106267582782 6.7894503707946123 183.75945738315701 0.037084278155706703 613.78717337174237 0.4688888740936164 0.600068715289653 231.23224883002396 0.032166641923653858 0.43026354594460042 0.06359935700625631 0.015531029849005552 0.60460055197163276 0.012145882777345901 191.03892166241488 0.78560470547673411 0.0023809523809523504 174.95069775042523 0.21545191460964139 439.92717793367342 3326.9188337585042 177.66148129251704 0.91735334151176884 0.32951968666254389 0.022078395160147302 0.33522398498457395
decision_type=9 2 2 2 2 2 2 2 2 2 2 2 2 2 2 2 2 2 2 2 2 2 2 2 2 2 2 2 2 2
left_child=4 2 3 -2 25 -3 7 16 9 17 11 12 -6 14 15 -14 -5 -4 -8 -20 -21 22 -22 26 -25 -1 27 -11 -17 -30
right_child=1 5 8 6 10 -7 18 -9 -10 23 -12 -13 13 -15 -16 28 -18 -19 19 20 21 -23 -24 24 -26 -27 -28 -29 29 -31
leaf_value=0.838055311869907 0.90802500855756496 -3.1359825148908564 -0.27302906858704201 0.29899495169452733 0.6916108830747475 -1.0081467699063609 -0.18116756630951467 -0.0790664454494273 0.048401277141359202 -0.29774794840849345 0.4447313029360892 -0.18577770228489732 -0.12193885068110132 -0.1289317301237034 -0.19703024026154403 0.10900610565423184 -0.018665569170893549 0.1601889151723615 0.087285918761020626 -0.18719296389426426 0.061085783444547175 0.049211509886676823 -0.22671401480924264 0.060163082841756338 -0.14638167965951465 0.18767010437744674 -4.3454350081413855 -1.1323964153354267 0.021640840876151302 0.17831353296889318
leaf_weight=48.418160915374756 43.124640941619873 25.283440113067627 28.098840475082397 41.019001007080078 33.019880771636963 23.879680156707764 30.263320684432983 46.963441133499146 25.283440113067627 31.016160488128662 33.180640697479248 44.477441072463989 33.88252067565918 27.828280448913574 27.396960496902466 27.126400470733643 50.963001251220703 32.039560317993164 28.318440675735474 50.041521072387695 34.533440828323364 32.047440767288208 28.479200601577759 28.581120252609253 28.471320152282715 36.047000885009766 27.828280448913574 46.414440631866455 28.259600400924683 27.828280448913574
leaf_count=42 36 26 25 33 27 24 25 38 26 28 28 36 29 25 24 24 41 31 23 42 28 26 24 28 29 29 25 43 26 25
internal_value=0.00418713 -0.0020626 -0.000148862 0.00587022 0.0154336 -0.0271415 0.00290227 0.0117271 -0.00952137 -0.0123522 0.011868 0.00907457 0.0127903 0.00854552 0.0135007 0.0188042 0.0202703 0.00390885 -0.00311772 0.000358378 -0.00418997 0.0027575 -0.00548849 -0.0183771 -0.00643986 0.0292071 -0.0248473 -0.0186687 0.0272076 0.0201342
internal_weight=1050.11 682.65 633.487 385.753 367.465 49.1631 342.629 138.945 247.733 222.45 283 249.819 205.342 172.322 144.494 117.097 91.982 60.1384 203.683 173.42 145.102 95.0601 63.0126 162.311 57.0524 84.4652 105.259 77.4306 83.2143 56.0879
internal_count=916 601 551 316 315 50 280 112 235 209 244 216 180 153 128 104 74 56 168 143 120 78 52 153 57 71 96 71 75 51
cat_boundaries=0 2
cat_threshold=595830806 2
is_linear=0
shrinkage=0.05


Tree=43
num_leaves=29
num_cat=2
split_feature=3 3 17 19 22 29 23 27 17 19 15 25 17 27 23 24 16 14 23 24 28 25 20 30 12 21 11 11
split_gain=30.7366 11.1207 15.2342 11.0429 10.9906 10.2178 14.2959 13.2823 8.39902 7.50794 7.09829 6.73897 6.37061 10.6264 7.30713 5.61926 5.3632 15.1334 5.30776 5.13555 4.92963 4.80992 4.83721 3.86557 3.45979 1.94383 2.63584 1.67168
threshold=0 1 49.381784406193795 0.78560470547673411 0.0014260512322023002 0.017496538976671052 0.38658588435374158 170.38636453738744 13.121937499999946 0.48760338161370242 237.94963840806295 233.61941333858422 8.4355312500000554 78.377934020516719 0.13532218442932728 0.0038332793434834003 1983.3948102757447 1587.8818034127487 0.17827252112966399 0.0023809523809523504 7.5000000000000009 214.44397222379766 0.16987111175897338 0.12130397193655956 1363.3450697278915 0.8997993498002731 1373.9616700680274 1871.106428571429
decision_type=9 9 2 2 2 2 2 2 2 2 2 2 2 2 2 2 2 2 2 2 2 2 2 2 2 2 2 2
left_child=3 2 8 11 -3 6 24 9 -2 -7 16 19 18 14 -14 23 17 -5 -11 -1 -12 -9 -23 -8 -6 26 -21 -18
right_child=1 4 -4 10 5 7 15 21 -10 12 20 -13 13 -15 -16 -17 27 -19 -20 25 -22 22 -24 -25 -26 -27 -28 -29
leaf_value=0.13203301233908107 -0.44987278418503956 0.50801699540525436 -2.1392570680131007 0.26458729046962004 -2.4422471416538691 0.49601689050784192 -0.0047670299265273252 -0.45441868673018337 0.02718292964751683 0.80531951686450842 0.042275085282711178 0.040208540153701372 -0.010195937738684708 -0.51775149932836051 0.42334065182392566 0.1758469345408345 0.48724226626291894 -0.14724332789684463 0.092812631833506729 0.65418280566955911 -0.2038561482127868 0.048645933528970176 -0.12524899486230326 -0.062761185116031987 -1.3760585732392514 0.67754925351371542 0.29372169142419829 0.17783638728958095
leaf_weight=37.611520767211914 49.610201120376587 25.452080488204956 38.525120496749878 31.235760688781738 26.855840444564819 29.071280479431152 43.98728084564209 39.125080823898315 29.722200632095337 30.80444073677063 36.741000413894653 45.179321050643921 38.144760370254517 28.098840475082397 23.879680156707764 49.500401020050049 29.832000732421875 37.019440889358521 46.473280906677246 33.290440797805786 54.092041015625 28.749760627746582 38.034960269927979 41.450320959091187 34.474600553512573 36.960600614547729 26.585280418395996 31.235760688781738
leaf_count=32 41 22 36 26 24 26 38 33 25 25 35 37 37 25 24 42 24 30 40 27 47 24 38 34 31 33 24 26
internal_value=0.003056 -0.00375417 -0.01701 0.0137418 -0.000510602 -0.00215617 -0.0110401 0.00361015 -0.00592625 0.011304 0.00657928 0.0232853 0.00723086 -0.00180127 0.0097547 -0.00194258 0.0141036 0.00447233 0.0177644 0.0288993 -0.00413339 -0.0106627 -0.00250704 -0.00970903 -0.0310562 0.0349895 0.0294237 0.0248684
internal_weight=1041.74 641.96 117.858 399.783 524.103 498.651 196.268 302.382 79.3324 196.472 220.156 179.627 167.401 90.1233 62.0244 134.938 129.323 68.2552 77.2777 134.448 90.833 105.91 66.7847 85.4376 61.3304 96.8363 59.8757 61.0678
internal_count=906 565 102 341 463 441 169 272 66 177 188 153 151 86 61 114 106 56 65 116 82 95 62 72 55 84 51 50
cat_boundaries=0 2 3
cat_threshold=2818784022 2 16793673
is_linear=0
shrinkage=0.05


Tree=44
num_leaves=31
num_cat=2
split_feature=3 15 6 16 3 15 16 26 22 24 26 19 14 27 15 17 15 16 25 19 18 12 23 26 14 26 14 26 18 21
split_gain=31.0824 22.2191 16.581 31.4173 20.7451 10.2083 17.233 11.447 9.24505 12.9483 11.4804 8.77855 8.33062 7.28431 6.33679 6.23741 8.66158 6.20045 11.2242 6.08541 5.94307 5.54916 5.49716 4.81395 4.14132 3.93122 3.40026 2.69709 2.36423 1.79281
threshold=0 179.60706152201644 1.5000000000000002 1633.6227187797672 1 469.7113594812925 1150.05053282216 11.247374999999979 0.0045911568362696003 0.0092322643343051031 123.72112499999993 0.79005353994538563 1570.2139562185346 123.02757939663526 268.0399765619797 50.462889006647096 201.91775917981263 1270.5631067176873 176.17335204081613 0.88256267381581832 0.15424997939097126 1377.9580674616304 0.46208528388866799 152.67082098140932 2352.1308380244991 80.200244709269001 2586.0022782512506 185.9061209596662 0.05608647183072326 0.90185473363770197
decision_type=9 2 2 2 9 2 2 2 2 2 2 2 2 2 2 2 2 2 2 2 2 2 2 2 2 2 2 2 2 2
left_child=1 12 5 21 11 6 7 -2 -3 23 14 25 -1 -13 24 16 27 18 -8 -7 -18 -4 -12 -10 -11 -5 -17 -6 -21 -19
right_child=2 8 3 4 15 19 17 -9 9 10 22 13 -14 -15 -16 26 20 29 -20 28 -22 -23 -24 -25 -26 -27 -28 -29 -30 -31
leaf_value=1.2641031157234328 -1.555716972708769 0.40355156533849201 0.69998936750580387 0.06753095928902049 -1.2323184623369117 0.20901463529431441 -0.028060460154364947 0.58395139334727664 -0.18195655997033838 -0.87765193200720659 0.35936853703863092 0.17462159830521784 0.27615216674361215 -0.055800525473781393 0.039484708382098055 -1.8296543265941971 -1.0847506985265429 -4.5518785969906554 -0.34855367185864883 -0.14270154860902123 0.19626081723372979 0.13230977018443468 0.0075472260003714101 -0.10221937144088855 0.05135157567085518 0.1450763540479528 -0.37499514846346077 -0.038356454530955021 0.017508127435438704 -3.2243917884007511
leaf_weight=59.393441438674927 23.60912013053894 39.7760009765625 59.554201364517212 23.879680156707764 30.424080610275269 27.17736029624939 42.422760963439941 32.208200693130493 31.396520614624023 34.533440828323364 45.720441102981567 35.01572060585022 29.071280479431152 31.776880741119385 48.410280466079712 26.855840444564819 27.828280448913574 27.016600370407104 45.991001129150391 28.851680278778076 34.043280601501465 33.561000823974609 53.449001312255859 29.832000732421875 25.663800239562988 42.04240083694458 23.338560104370117 29.832000732421875 29.173200130462646 26.585280418395996
leaf_count=48 24 32 49 24 26 26 35 27 27 28 37 31 26 26 47 24 25 25 37 28 30 27 43 24 25 36 24 24 30 24
internal_value=0.00380158 0.0147098 -0.00273554 0.00380146 -0.00395858 -0.0120279 -0.0182596 0.00527926 0.0087507 0.00542388 0.0113788 0.0106027 0.0371726 -0.00137371 0.000148019 -0.0149224 -0.00968985 -0.0275112 -0.0193764 0.00244144 0.00345079 0.0292226 0.0236784 -0.0147839 -0.0106826 0.0243457 -0.0306265 -0.0231828 -0.00670361 -0.040929
internal_weight=1078.43 397.246 681.187 398.152 305.037 283.035 197.833 55.8173 308.781 269.005 207.777 132.715 88.4647 66.7926 108.608 172.322 122.128 142.016 88.4138 85.2022 61.8716 93.1152 99.1694 61.2285 60.1972 65.9221 50.1944 60.2561 58.0249 53.6019
internal_count=939 337 602 346 270 256 172 51 263 231 180 117 74 57 100 153 105 121 72 84 55 76 80 51 53 60 48 50 58 49
cat_boundaries=0 2 3
cat_threshold=646123286 2 1075884096
is_linear=0
shrinkage=0.05


Tree=45
num_leaves=31
num_cat=1
split_feature=3 15 18 24 30 16 20 15 18 17 16 14 17 26 29 20 17 27 22 20 17 24 15 26 30 13 11 29 14 19
split_gain=26.2177 16.0146 12.8287 10.6671 10.657 10.2175 9.72734 9.08482 15.0241 8.44963 8.19792 12.773 9.37844 10.5245 9.1181 7.8508 7.7809 7.54868 6.82596 12.7063 6.70462 6.17837 5.38363 4.62058 5.64437 4.47834 4.21768 5.54709 2.87503 2.35745
threshold=0 240.36344368574538 0.17533151220789236 0.19206139245821788 0.18823231533179308 1569.8415470930515 0.17885574157206161 172.2603619779812 0.43798910258154072 8.4355312500000554 1460.8873530013946 1541.1574781914817 6.5432240756748579 194.62496212953309 0.020120933213954206 0.21044862546438134 122.9282163052717 37.267252393172733 0.0044220212906125505 0.080630497787110858 34.686567355522932 0.026643990929705156 189.22404986516963 75.426025613409038 0.40167205148568857 1528.4785908173271 1803.6675616496602 0.025055480418011204 1675.3800527664555 0.79377318799706253
decision_type=9 2 2 2 2 2 2 2 2 2 2 2 2 2 2 2 2 2 2 2 2 2 2 2 2 2 2 2 2 2
left_child=1 5 15 10 28 7 17 -1 -9 -8 12 -12 -2 -14 18 -3 23 -6 29 -20 25 -21 -16 24 -11 -7 -27 -28 -5 -13
right_child=3 2 -4 4 6 20 9 8 -10 16 11 14 13 -15 22 -17 -18 -19 19 21 -22 -23 -24 -25 -26 26 27 -29 -30 -31
leaf_value=0.92539846748546961 -0.57059002235542355 0.19165251162387092 -0.25369893787122333 -4.4316990537996608 0.01663272106366678 -0.10326430559684532 1.4451869510767226 0.50656249695456479 -0.070150729852045401 0.2607213547263959 0.39583485504885485 -0.0049872498475391326 0.1415670836603303 -0.1172707838437816 0.027461823958811027 -0.17712586330623203 0.064579279995990654 -1.0799312706121484 -0.2789767417996149 -0.60397623044272797 -0.64663639446265209 0.15722018200119686 0.35862377116649696 -0.74849460054346661 -0.042081870063124922 0.57442643078368094 -0.01289772086663981 0.23098729857247699 -0.93082789640027197 0.27135495373167801
leaf_weight=54.150881290435791 30.263320684432983 47.06536078453064 42.144320487976074 26.04416036605835 23.338560104370117 33.561000823974609 42.744280815124512 29.020320653915405 32.318000793457031 25.23248028755188 32.047440767288208 33.561000823974609 42.312960863113403 29.832000732421875 36.748880863189697 30.796560287475586 32.902200222015381 33.933480501174927 46.853641033172607 27.557720422744751 27.667520523071289 26.585280418395996 29.882960557937622 39.015280723571777 34.847080230712891 41.991441011428833 39.505440950393677 30.263320684432983 29.99276065826416 31.396520614624023
leaf_count=44 25 42 40 24 24 27 37 24 26 24 26 27 36 24 30 30 33 31 39 25 24 24 26 34 35 34 32 25 25 27
internal_value=0.00477176 0.0145219 -0.000472142 -0.00150662 -0.00873184 0.0212627 -0.00400541 0.0327793 0.019603 0.00185576 0.0041226 0.00877106 -0.0078895 0.00191043 0.00469351 0.0115551 -0.00440098 -0.0218883 -0.00157952 -0.00971193 0.0135741 0.00678592 0.0203172 -0.011396 -0.00269546 0.0178692 0.0226791 0.0151436 -0.028301 0.0110648
internal_weight=1063.58 408.484 120.006 655.092 288.05 288.478 232.013 115.489 61.3383 174.741 367.042 264.633 102.408 72.145 232.586 77.8619 131.997 57.272 165.954 100.997 172.989 54.143 66.6318 99.0948 60.0796 145.321 111.76 69.7688 56.0369 64.9575
internal_count=924 348 112 576 267 236 218 94 50 163 309 224 85 60 198 72 126 55 142 88 142 49 56 93 59 118 91 57 49 54
cat_boundaries=0 2
cat_threshold=2730694806 2
is_linear=0
shrinkage=0.05


Tree=46
num_leaves=30
num_cat=2
split_feature=3 15 18 16 18 29 3 19 28 26 28 26 28 15 21 20 24 14 11 15 11 26 27 27 27 24 18 21 16
split_gain=27.0389 21.4953 14.0666 10.9108 9.74923 8.9023 10.8077 11.614 11.2133 6.98077 7.69104 7.08917 10.5373 14.7726 6.69992 6.61896 6.41579 5.56724 5.11517 4.44691 4.97269 3.91504 3.74382 3.49007 2.93265 2.9314 2.52968 2.3007 0.827454
threshold=0 237.94963840806295 0.037136121840040302 2009.1988197278915 0.11272353974429676 0.005478155391361701 1 0.592566590073203 7.5000000000000009 206.60938509269457 7.5000000000000009 168.76095035570521 6.0000000000000009 254.40989242298613 0.90424977207721946 0.032847589363875405 0.50617851411502213 1220.5185962489213 1793.2451170334405 176.26631744832812 1278.0863880659665 127.45248852040811 46.59483943142488 71.414930353093737 200.96650785592377 0.034627739984882756 0.28458156718378408 0.93498389795918346 1198.4470350336949
decision_type=9 2 2 2 2 2 9 2 2 2 2 2 2 2 2 2 2 2 2 2 2 2 2 2 2 2 2 2 2
left_child=1 3 -2 19 16 -4 8 23 -7 11 -11 12 13 -9 -5 -13 -3 -14 -19 28 -21 -10 -15 -8 -23 -6 -20 -24 -1
right_child=2 4 5 14 25 6 7 9 21 10 -12 15 17 22 -16 -17 -18 18 26 20 -22 24 27 -25 -26 -27 -28 -29 -30
leaf_value=1.2426911616778176 -0.75718976817752193 0.11686259509939567 -1.6113917923365308 -0.17555937419613327 -0.18857602937613477 -4.1618771481534118 0.035146580174961174 -1.590330720826804 -0.26359341810642006 0.60355411248531654 0.21794653597161631 -0.35193243619866021 0.34435085557459266 0.066182936796202532 0.14942518518130848 -0.06144998053140608 -0.14207912110073551 -0.050610683542158079 0.48209133196567894 0.028078020368118004 0.43166060021123731 0.019195320907706093 0.059069936241326837 0.49059325581044111 -0.0044619979403933028 -0.4424520566298405 0.0049684265148131623 -0.1630482524975449 0.25966092538677499
leaf_weight=33.019880771636963 25.663800239562988 28.639960527420044 27.016600370407104 32.368960618972778 28.639960527420044 31.176920413970947 24.961920261383057 48.469120740890503 40.148480653762817 30.533880710601807 56.256521224975586 34.262880802154541 29.612400531768799 42.956000566482544 47.9358811378479 50.69244122505188 25.23248028755188 31.1259605884552 25.663800239562988 45.449881076812744 54.692001342773438 33.721760749816895 25.071720361709595 39.987720727920532 29.290880680084229 43.49712061882019 27.667520523071289 25.393240213394165 33.290440797805786
leaf_count=27 25 25 25 28 25 29 24 44 36 25 47 28 26 40 39 41 24 27 25 37 44 28 23 35 24 40 24 25 27
internal_value=0.00370825 0.0143173 -0.00228727 0.0232814 -0.00210044 -0.000896029 0.000314884 0.0037682 -0.0117549 0.000853068 0.0135132 -0.00236995 0.00178394 -0.00731222 0.00814454 -0.0148851 0.013993 0.0130986 0.00655787 0.0305842 0.023934 -0.00468851 0.0043085 0.023545 0.00308649 -0.0141191 0.0159584 -0.00492619 0.0406274
internal_weight=1052.44 372.767 679.674 246.757 126.01 654.01 626.993 492.655 134.338 427.705 86.7904 340.915 255.96 141.89 80.3048 84.9553 53.8724 114.07 84.4573 166.452 100.142 103.161 93.421 64.9496 63.0126 72.1371 53.3313 50.465 66.3103
internal_count=917 316 601 202 114 576 551 434 117 375 72 303 234 132 67 69 49 102 76 135 81 88 88 59 52 65 49 48 54
cat_boundaries=0 2 3
cat_threshold=2952990358 3 2146313
is_linear=0
shrinkage=0.05


Tree=47
num_leaves=31
num_cat=1
split_feature=3 22 29 21 25 15 25 23 29 25 15 23 15 19 18 27 29 17 11 27 15 11 17 17 15 14 14 27 27 18
split_gain=23.8401 10.6005 9.1375 9.46065 9.2554 8.85515 10.1494 8.40073 8.26106 7.85409 7.5615 6.37392 7.42734 5.85161 5.68369 5.63214 7.23615 7.13564 5.62406 6.07817 7.64905 7.04932 5.89691 5.25055 5.09703 5.16573 4.16956 3.72562 2.16888 0.676512
threshold=0 0.038624984169480008 0.019006004868721404 0.8706103630225257 195.92435013168128 108.67855006998424 308.15496964750815 0.91086275780153347 0.022395328806414105 217.69343125143953 203.4947189578269 0.51091117450564461 165.37433452688961 0.7801261870727042 0.28948743452455333 86.177085091733389 0.14596466262731309 47.796138980227177 2234.3799585001566 110.28574096243871 263.01565476190473 1785.8159283631819 7.9072972876566618 36.172985325929524 240.36344368574538 1461.9142365451587 2031.0272721088438 85.675564079381971 183.99016058919224 0.24895942291084788
decision_type=9 2 2 2 2 2 2 2 2 2 2 2 2 2 2 2 2 2 2 2 2 2 2 2 2 2 2 2 2 2
left_child=5 2 3 23 10 -1 9 -6 -3 18 13 26 -13 -5 15 17 -17 -10 19 20 29 22 -21 -2 -12 -26 27 -4 -14 -7
right_child=1 8 11 4 7 6 -8 -9 14 -11 24 12 28 -15 -16 16 -18 -19 -20 21 -22 -23 -24 -25 25 -27 -28 -29 -30 -31
leaf_value=0.70682353275629572 0.5227011744723653 -3.499875363937802 0.37987415550557951 -0.575623470833873 -0.64128531698863622 1.2555559902360232 -0.85464470732156794 -0.05607517651539258 -0.0027683985514412868 0.12677629880402633 -0.22907754103288624 -0.075248020287526723 -0.020548204759429853 0.34685079341405267 0.38518477662840395 -2.0557400047939911 0.0099906763900878166 -0.041852299708485634 -0.035093038108723641 -0.14422980455541179 -0.0125768233643694 0.25121267711688111 0.088191053112965545 -0.29670190629552556 -1.3993544969973772 0.1814051985648856 0.032094873663497836 0.67939580004516031 0.16261317071753184 0.74096290410704535
leaf_weight=34.262880802154541 30.263320684432983 31.718040466308594 26.855840444564819 29.18108057975769 38.96432089805603 29.290880680084229 35.396080732345581 38.423200845718384 26.04416036605835 42.422760963439941 44.908761024475098 35.776440858840942 27.938080549240112 30.533880710601807 25.503040313720703 40.199440479278564 25.283440113067627 41.222840309143066 39.168160200119019 55.393881320953369 29.392800331115723 44.748001098632812 39.7760009765625 26.906800270080566 27.557720422744751 49.010240793228149 30.635800361633301 29.832000732421875 34.262880802154541 32.478760719299316
leaf_count=28 25 29 24 25 32 24 30 32 24 35 37 29 24 25 24 38 26 41 40 45 28 36 32 26 25 44 29 24 28 27
internal_value=0.00466528 -0.000963192 0.00283608 -0.00233654 -0.0064061 0.0144845 0.0124759 -0.0208806 -0.0110345 0.0153486 -0.000223984 0.0116501 0.0028955 0.0143443 -0.00636661 -0.0105199 -0.0209581 -0.000358482 0.0122089 0.0151785 0.0252248 0.00863296 0.000937334 0.01607 -0.00738542 0.000458338 0.0214728 0.0295047 0.0133361 0.0352155
internal_weight=1073.35 691.021 501.05 315.749 258.579 382.33 348.067 77.3875 189.971 312.671 181.192 185.301 97.9774 59.715 158.253 132.75 65.4829 67.267 270.248 231.08 91.1624 139.918 95.1699 57.1701 121.477 76.568 87.3236 56.6878 62.201 61.7696
internal_count=936 611 429 271 220 325 297 64 182 267 156 158 81 50 153 129 64 65 232 192 79 113 77 51 106 69 77 48 52 51
cat_boundaries=0 2
cat_threshold=3376617494 2
is_linear=0
shrinkage=0.05


Tree=48
num_leaves=29
num_cat=2
split_feature=3 30 3 20 26 6 26 28 11 21 27 12 17 17 14 22 26 17 17 17 26 25 20 25 25 13 16 24
split_gain=24.0754 11.1397 10.7706 9.92233 9.59689 10.8323 9.77735 8.41064 11.9888 7.09303 11.483 7.03055 9.78321 6.47619 10.966 8.13666 6.55308 6.18112 7.8077 5.83524 5.75777 7.4427 5.44568 5.28316 3.66255 5.13278 3.56747 2.66226
threshold=0 0.059511566942305055 1 0.047411431480988857 94.753781343453298 1.5000000000000002 173.48048127648624 7.5000000000000009 1787.2950542715132 0.8653174579003845 85.675564079381971 1392.8522402555507 122.9282163052717 2.8118437499999946 1436.9858072868767 0.015086908062695753 174.08325989021492 4.5510590697277857 6.565055490301007 11.999610140180836 205.2274233438973 208.0559721067315 0.22139124815205649 176.17335204081613 108.72462500000002 2509.8582219387763 1557.0760412181442 0.015337616528092651
decision_type=9 2 9 2 2 2 2 2 2 2 2 2 2 2 2 2 2 2 2 2 2 2 2 2 2 2 2 2
left_child=9 3 7 -2 11 6 -6 -3 -9 10 -1 19 24 -11 16 20 -15 -7 -19 -4 21 23 -17 -16 -13 -26 -21 -20
right_child=1 2 4 -5 5 17 -8 8 -10 13 -12 12 -14 14 15 22 -18 18 27 26 -22 -23 -24 -25 25 -27 -28 -29
leaf_value=-0.024475548010341533 -0.043913743926093353 -1.5304643613146236 0.43644292580105992 -1.5173828965814371 0.1155280808347571 0.49189044377356733 -0.071909066103378202 -0.48697041599330931 0.14765447276451199 0.98065767140963467 0.82743973072263732 -3.0193354309307443 0.045578145453673669 -0.45218325757893169 -0.039026684622329437 0.50981914664440142 -0.064269475896027481 -0.020561317309806527 0.29238336363599565 -0.64705286323798572 0.31664107761994215 -0.17047685372921459 0.020627273871997254 0.0052934960297179147 -0.010072810880698183 -0.22740397061581907 0.088252213614872399 0.06705496120074704
leaf_weight=28.149800300598145 28.479200601577759 52.739240884780884 31.93764066696167 48.739680767059326 30.263320684432983 46.151761054992676 31.075000762939453 36.639080762863159 31.988600492477417 36.097960710525513 48.637761116027832 34.255000352859497 30.686760187149048 38.313400745391846 46.202720880508423 49.390600919723511 29.832000732421875 37.290000915527344 29.290880680084229 38.795680522918701 33.290440797805786 29.561440706253052 39.768120527267456 39.7760009765625 31.016160488128662 26.255880117416382 29.933920383453369 51.715841054916382
leaf_count=27 24 47 27 44 25 38 25 31 29 31 40 33 31 33 40 43 24 30 24 36 27 24 37 32 28 27 28 44
internal_value=0.00440481 -0.00170924 0.000678594 -0.0195577 0.00427149 0.0116321 -0.00629994 -0.0119693 -0.00141698 0.0135661 0.0276235 -0.00299344 -0.011053 0.0108084 0.00844658 0.0135104 -0.00923816 0.0183207 0.0122659 0.00679119 0.00635473 0.00107582 0.0254552 0.0085169 -0.0192443 -0.011509 -0.00141488 0.0209812
internal_weight=1066.27 647.254 570.035 77.2189 448.668 225.787 61.3383 121.367 68.6277 419.02 76.7876 222.881 122.214 342.233 306.135 237.989 68.1454 164.448 118.297 100.667 148.831 115.54 89.1587 85.9787 91.527 57.272 68.7296 81.0067
internal_count=929 571 503 68 396 186 50 107 60 358 67 210 119 291 260 203 57 136 98 91 123 96 80 72 88 55 64 68
cat_boundaries=0 2 3
cat_threshold=788741138 2 1076379649
is_linear=0
shrinkage=0.05


end of trees

feature_importances:
tail_margin_ms=140
nucleus_span_ms=110
next_gap_ms=108
nucleus_end_ms=92
onset_ms=77
prev_gap_ms=76
unvoiced_confidence=74
tail_ms=71
file_mean_energy=65
blank_confidence=56
neighbor_boundary_gap_ms=55
wav_norm=53
mel_window_voiced_ratio=51
mel_window_energy_mean=47
file_voiced_ratio=44
file_row_count=43
voiced_confidence=41
mel_window_silence_ratio=41
voiced_onset_ms=35
boundary_confidence=35
row_index_in_wav=18
nucleus_start_ms=12
occurrence_index=6

parameters:
[boosting: gbdt]
[objective: regression_l1]
[metric: l1]
[tree_learner: serial]
[device_type: cpu]
[data_sample_strategy: bagging]
[data: ]
[valid: ]
[num_iterations: 450]
[learning_rate: 0.05]
[num_leaves: 31]
[num_threads: 0]
[seed: 0]
[deterministic: 0]
[force_col_wise: 0]
[force_row_wise: 0]
[histogram_pool_size: -1]
[max_depth: -1]
[min_data_in_leaf: 24]
[min_sum_hessian_in_leaf: 0.001]
[bagging_fraction: 0.85]
[pos_bagging_fraction: 1]
[neg_bagging_fraction: 1]
[bagging_freq: 1]
[bagging_seed: 3]
[bagging_by_query: 0]
[feature_fraction: 0.9]
[feature_fraction_bynode: 1]
[feature_fraction_seed: 2]
[extra_trees: 0]
[extra_seed: 6]
[early_stopping_round: 0]
[early_stopping_min_delta: 0]
[first_metric_only: 0]
[max_delta_step: 0]
[lambda_l1: 0]
[lambda_l2: 0]
[linear_lambda: 0]
[min_gain_to_split: 0]
[drop_rate: 0.1]
[max_drop: 50]
[skip_drop: 0.5]
[xgboost_dart_mode: 0]
[uniform_drop: 0]
[drop_seed: 4]
[top_rate: 0.2]
[other_rate: 0.1]
[min_data_per_group: 100]
[max_cat_threshold: 32]
[cat_l2: 10]
[cat_smooth: 10]
[max_cat_to_onehot: 4]
[top_k: 20]
[monotone_constraints: ]
[monotone_constraints_method: basic]
[monotone_penalty: 0]
[feature_contri: ]
[forcedsplits_filename: ]
[refit_decay_rate: 0.9]
[cegb_tradeoff: 1]
[cegb_penalty_split: 0]
[cegb_penalty_feature_lazy: ]
[cegb_penalty_feature_coupled: ]
[path_smooth: 0]
[interaction_constraints: ]
[verbosity: -1]
[saved_feature_importance_type: 0]
[use_quantized_grad: 0]
[num_grad_quant_bins: 4]
[quant_train_renew_leaf: 0]
[stochastic_rounding: 1]
[linear_tree: 0]
[max_bin: 255]
[max_bin_by_feature: ]
[min_data_in_bin: 3]
[bin_construct_sample_cnt: 200000]
[data_random_seed: 1]
[is_enable_sparse: 1]
[enable_bundle: 1]
[use_missing: 1]
[zero_as_missing: 0]
[feature_pre_filter: 1]
[pre_partition: 0]
[two_round: 0]
[header: 0]
[label_column: ]
[weight_column: ]
[group_column: ]
[ignore_column: ]
[categorical_feature: 0,1,2,3,4,7,8,9]
[forcedbins_filename: ]
[precise_float_parser: 0]
[parser_config_file: ]
[objective_seed: 5]
[num_class: 1]
[is_unbalance: 0]
[scale_pos_weight: 1]
[sigmoid: 1]
[boost_from_average: 1]
[reg_sqrt: 0]
[alpha: 0.9]
[fair_c: 1]
[poisson_max_delta_step: 0.7]
[tweedie_variance_power: 1.5]
[lambdarank_truncation_level: 30]
[lambdarank_norm: 1]
[label_gain: ]
[lambdarank_position_bias_regularization: 0]
[eval_at: ]
[multi_error_top_k: 1]
[auc_mu_weights: ]
[num_machines: 1]
[local_listen_port: 12400]
[time_out: 120]
[machine_list_filename: ]
[machines: ]
[gpu_platform_id: -1]
[gpu_device_id: -1]
[gpu_use_dp: 0]
[num_gpu: 1]

end of parameters

pandas_categorical:[["japanese"], ["cvvc"], ["Dabi_CVVC", "Dokunagi Gyokuro JP_CVVC", "Ktr_CVVC", "Nasi_CVVC", "ROKI CVVC V2", "Sato Yanagi_JA CVVC", "TARO \u3010CVVC\u3011", "nowano Test_CVVC", "\u504f\u97ff\u30a8\u30eb_4\u97f3\u968eCVVC", "\u5712\u97f3\u30a2\u30ce\u30cd_\u3042\u308b\u3075\u3041_CVVC", "\u5c0f\u65e5\u5411\u307e\u3088\u3044_\u767d\u663c\u5922_CVVC", "\u8840\u6b4c\u30e1\u30a4\u30ca_CVVC-", "\u8f5f\u97f3\u30ed\u30ad CVVC\u591a\u97f3\u968e(\u4eee\u914d\u5e03)"], ["aaiauae", "babibubebobanba", "byabyubyebyobya", "chachichuchechochanchi", "dadidudedodanda", "eeoenea", "fafifufefofanfu", "gagigugegoganga", "gyagyugyegyogya", "hahihuhehohanha", "hyahyuhyehyohya", "iiuieio", "jajijujejojanji", "kakikukekokanka", "kyakyukyekyokya", "mamimumemomanma", "myamyumyemyomya", "naninunenonanna", "nnaninu", "nyanyunyenyonya", "oonoaoi", "papipupepopanpa", "pyapyupyepyopya", "rarirureroranra", "ryaryuryeryorya", "sasisusesosansa", "shashishusheshoshanshi", "tatitutetotanta", "tsatsitsutsetsotsantsu", "uueuoun", "vavivuvevovanvu", "wawiwewowauwanwa", "yayuyeyoyaiyanya", "zazizuzezozanza", "\u3042\u3042", "\u3042\u30421", "\u3042\u30422", "\u3042\u3042\u3044\u3042\u3046", "\u3042\u304b\u304f\u3051\u30532", "\u3042\u304c\u3050\u3052\u30542", "\u3042\u3055\u3059\u305b\u305d2", "\u3042\u3056\u305a\u305c\u305e2", "\u3042\u305f\u3068\u3045\u3066\u3068", "\u3042\u305f\u3068\u3045\u3066\u30682", "\u3042\u3060\u3069\u3045\u3067\u30692", "\u3042\u306a\u306c\u306d\u306e", "\u3042\u306a\u306c\u306d\u306e2", "\u3042\u306f\u3078\u307b\u306f", "\u3042\u306f\u3078\u307b\u306f1", "\u3042\u306f\u3078\u307b\u306f2", "\u3042\u3070\u3076\u3079\u307c", "\u3042\u3070\u3076\u3079\u307c2", "\u3042\u3071\u3077\u307a\u307d2", "\u3042\u307e\u3080\u3081\u30822", "\u3042\u3084\u3086\u3044\u3047\u3088", "\u3042\u3084\u3086\u3044\u3047\u30882", "\u3042\u3089\u308b\u308c\u308d2", "\u3042\u308f\u3046\u3045\u3046\u3047\u3046\u3049", "\u3042\u30fcbk", "\u3042\u5438\u3044\u5438\u3046\u5438\u304b", "\u3042\u9577", "\u3044\u30442", "\u3044\u3044\u304a\u3042\u3048", "\u3044\u3044\u304a\u3042\u30482", "\u3044\u3051\u3044\u3052\u304d", "\u3044\u3051\u3044\u3052\u304d1", "\u3044\u305b\u3044\u305c\u3057", "\u3044\u305b\u3044\u305c\u30572", "\u3044\u3066\u3044\u3067\u30612", "\u3044\u306d\u3044\u3081\u306b2", "\u3044\u30fcbk", "\u3046\u3043\u3046\u3043\u304a\u3072\u3087\u30842", "\u3046\u3044\u3046\u304a\u3048", "\u3046\u3044\u3046\u304a\u30481", "\u3046\u3046", "\u3046\u30462", "\u3046\u3046\u3042\u304a\u30442", "\u3046\u3075\u3041\u3075\u3043\u3075\u3047\u3075\u3049", "\u3046\u30fcbk", "\u3046\u5438\u304f\u5410", "\u3048\u3048", "\u3048\u30482", "\u3048\u3048\u3044\u3048\u3046", "\u3048\u3048\u3044\u3048\u30461", "\u3048\u304e\u3048\u305c", "\u3048\u304e\u3048\u305c2", "\u3048\u3064\u3043\u3048\u307f2", "\u3048\u3067\u3043", "\u3048\u3084\u3048\u3074", "\u3048\u3093\u3048\u3048\u304a\u3048\u3042\u3048", "\u3048\u3093\u304a\u3093\u30932", "\u3048\u30fcbk", "\u3048\u5438\u304a\u5438\u3093\u5438\u304b", "\u304a\u304a", "\u304a\u304a2", "\u304a\u304d\u3083\u304d\u304d\u3085\u304d\u30471", "\u304a\u304e\u3083\u304e\u304e\u3085\u304e\u30471", "\u304a\u304e\u3083\u304e\u304e\u3085\u304e\u30472", "\u304a\u3057\u3083\u3057\u3057\u3085\u3057\u30471", "\u304a\u3057\u3083\u3057\u3057\u3085\u3057\u30472", "\u304a\u3058\u3083\u3058\u3058\u3085\u3058\u3047", "\u304a\u3061\u3083\u3061\u3061\u3085\u3061\u3047", "\u304a\u3064\u3041\u3064\u3043\u3064\u3064\u30471", "\u304a\u3066\u3083\u3066\u3043\u3066\u3085\u3066\u3047", "\u304a\u3066\u3083\u3066\u3043\u3066\u3085\u3066\u30471", "\u304a\u3067\u3083\u3067\u3043\u3067\u3085\u3067\u3047", "\u304a\u306b\u3083\u306b\u306b\u3085\u306b\u30472", "\u304a\u3073\u3083\u3073\u3073\u3085\u3073\u3047", "\u304a\u3073\u3083\u3073\u3073\u3085\u3073\u30471", "\u304a\u307f\u3083\u307f\u307f\u3085\u307f\u30471", "\u304a\u307f\u3083\u307f\u307f\u3085\u307f\u30472", "\u304a\u308a\u3083\u308a\u308a\u3085\u308a\u3047", "\u304a\u308a\u3083\u308a\u308a\u3085\u308a\u30472", "\u304a\u3094\u3041\u3094\u3043\u3094\u3094\u3047", "\u304a\u30fcbk", "\u304a\u5438\u3053\u5410", "\u304b\u304f\u3051\u3053\u591c", "\u304b\u304f\u3051\u3053\u663c", "\u304c\u304e\u3050\u3052\u3054\u304c", "\u304c\u3050\u3052\u3054\u591c", "\u304c\u3050\u3052\u3054\u663c", "\u304d\u3085\u304d\u3047\u304d\u3087\u591c", "\u304e\u3085\u304e\u3047\u304e\u3087\u591c", "\u304e\u3085\u304e\u3047\u304e\u3087\u663c", "\u304f\u3043\u304f\u3047\u304f\u3049\u3066\u3085\u591c", "\u3050\u3043\u3050\u3047\u3050\u3049\u3067\u3085\u591c", "\u3050\u3043\u3050\u3047\u3050\u3049\u3067\u3085\u663c", "\u3055\u3059\u305b\u305d\u591c", "\u3055\u3059\u305b\u305d\u663c", "\u3057\u3057\u3085\u3057\u3047\u3057\u3087\u591c", "\u3057\u3057\u3085\u3057\u3047\u3057\u3087\u663c", "\u3058\u3058\u3085\u3058\u3047\u3058\u3087\u591c", "\u3058\u3058\u3085\u3058\u3047\u3058\u3087\u663c", "\u3059\u3043\u3055\u3059\u305b\u305d\u3055\u3093\u3055", "\u305a\u3043\u305a\u305c\u305e\u591c", "\u305f\u3068\u3045\u3066\u3068\u591c", "\u305f\u3068\u3045\u3066\u3068\u663c", "\u3061\u3061\u3085\u3061\u3047\u3061\u3087\u591c", "\u3064\u3043\u3064\u3064\u3047\u3064\u3049\u591c", "\u3066\u3085\u3066\u3085", "\u3067\u3043\u3069\u3045\u3067\u3069\u591c", "\u3067\u3043\u3069\u3045\u3067\u3069\u663c", "\u3067\u3085\u3067\u3085", "\u306a\u306c\u306d\u306e\u591c", "\u306a\u306c\u306d\u306e\u663c", "\u306b\u3085\u306b\u3047\u306b\u3087\u591c", "\u306b\u3085\u306b\u3047\u306b\u3087\u663c", "\u306f\u3075\u3078\u307b\u591c", "\u3070\u3076\u3079\u307c\u591c", "\u3070\u3076\u3079\u307c\u663c", "\u3071\u3077\u307a\u307d\u591c", "\u3071\u3077\u307a\u307d\u663c", "\u3072\u3085\u3072\u3047\u3072\u3087\u591c", "\u3073\u3085\u3073\u3047\u3073\u3087\u591c", "\u3073\u3085\u3073\u3047\u3073\u3087\u663c", "\u3074\u3085\u3074\u3047\u3074\u3087\u591c", "\u3075\u3043\u3075\u3075\u3047\u3075\u3049\u591c", "\u307e\u3080\u3081\u3082\u591c", "\u307f\u3085\u307f\u3047\u307f\u3087\u591c", "\u3084\u3086\u3044\u3047\u3088\u3084", "\u3084\u3086\u3044\u3047\u3088\u591c", "\u3084\u3086\u3044\u3047\u3088\u663c", "\u3089\u308b\u308c\u308d\u591c", "\u3089\u308b\u308c\u308d\u663c", "\u308a\u3085\u308a\u3047\u308a\u3087\u591c", "\u308a\u3085\u308a\u3047\u308a\u3087\u663c", "\u308f\u3046\u3043\u3046\u3047\u3046\u3049\u591c", "\u308f\u3046\u3043\u3046\u3047\u3046\u3049\u663c", "\u3093\u3058\u3087\u3056\u3093\u30561", "\u3093\u3061\u3087\u305f\u3093\u305f", "\u3093\u3066\u3087\u3093\u3067\u30871", "\u3093\u3066\u3087\u3093\u3067\u30872", "\u3093\u3072\u306f\u3093\u306f", "\u3093\u3072\u306f\u3093\u306f2", "\u3093\u3075\u306f\u3093\u3094\u3049", "\u3093\u307f\u3087\u307e\u3093\u307e", "\u3093\u307f\u3087\u307e\u3093\u307e2", "\u3093\u308a\u3087\u3089\u3093\u30891", "\u3093\u3093", "\u3093\u30931", "\u3093\u30932", "\u3093\u3094\u3093\u306f", "\u3093\u5438\u3093\u5410", "\u3094\u3041\u3094\u3094\u3047\u3094\u3049\u591c", "\u3094\u3041\u3094\u3094\u3047\u3094\u3049\u663c", "\u606f", "\u606f2"], ["1", "2", "a", "aa", "aaiau", "ababubebo", "ahahehoha", "ananuneno", "atatuteto", "awawuwewo", "ayayuyeyo", "ba", "be", "bi", "bo", "br", "bu", "bye", "byo", "byu", "cha", "che", "chi", "cho", "chu", "da", "de", "dede", "di", "do", "du", "e", "edi", "ee", "eeieu", "egieze", "eneeoeae", "eyaepi", "fa", "fe", "fi", "fo", "fu", "ga", "gagigugegoga", "ge", "gi", "go", "gu", "gue", "gui", "guo", "gye", "gyo", "gyu", "ha", "he", "hi", "ho", "hu", "hye", "hyo", "hyu", "i", "ii", "iioae", "ikeigeki", "iseizeshi", "ja", "je", "ji", "jo", "ju", "ka", "ke", "ki", "ko", "ku", "kue", "kui", "kuo", "kye", "kyo", "kyu", "ma", "me", "mi", "mo", "mu", "mye", "myo", "myu", "n", "na", "nchotanta", "ne", "nfuhanvo", "nhihanha", "ni", "nmyomanma", "nn", "nnha", "no", "nu", "nye", "nyo", "nyu", "o", "obyabibyubye", "ochachichuche", "odedidede", "ojajijuje", "oo", "oryariryurye", "otetitete", "ovavive", "pa", "pe", "pi", "po", "pu", "pye", "pyo", "pyu", "ra", "re", "ri", "ro", "ru", "rye", "ryo", "ryu", "sa", "se", "sha", "she", "shi", "sho", "shu", "si", "sisasusesosansa", "so", "su", "ta", "te", "tete", "ti", "to", "tsa", "tse", "tsi", "tso", "tsu", "tu", "u", "ufafifefo", "uiuoe", "uu", "va", "ve", "vi", "vo", "vu", "wa", "we", "wi", "wo", "ya", "yayuyeyoya", "ye", "yo", "yu", "za", "ze", "zi", "zo", "zu", "\u3094"], ["textgrid"], ["textgrid+audio_fused"], ["filename"]]
