tree
version=v4
num_class=1
num_tree_per_iteration=1
label_index=0
max_feature_idx=74
objective=regression_l1
feature_names=language format_type alias_type alias_group row_index_in_wav row_ratio_in_wav is_head_row is_tail_row wav_duration_ms base_offset base_cons base_cutoff_abs base_pre base_ovl base_cons_gap base_cut_gap base_ovl_ratio curr_phone_start_ms curr_phone_end_ms curr_phone_len_ms curr_vowel_start_ms curr_vowel_end_ms curr_vowel_len_ms syllable_start_ms syllable_end_ms syllable_len_ms prev_phone_gap_ms next_phone_gap_ms expected_anchor_ms base_offset_to_expected_ms base_pre_to_expected_ms base_cutoff_to_next_anchor_ms energy_mean energy_min energy_max energy_slope_pre energy_slope_post valley_energy valley_dist_from_cutoff_ms db_mean db_min db_silence_ratio f0_voicing_mean f0_voicing_near_pre zcr_mean spectral_flux_mean onset_class voicing_class is_tense is_diphthong coda_type vowel_class mora_position bridge_type is_nasal_or_sonorant prev_alias_type next_alias_type prev_base_pre next_base_pre prev_base_offset next_base_offset prev_base_cutoff_abs next_base_cutoff_abs mapping_confidence used_alias_occurrence_mapping used_exact_vowel_fix used_nuclei_fallback used_alias_based_syllables words_vs_alias_score_margin jump_blocked_flag mapping_reason_code local_peak_db local_valley_db mel_window_energy_mean mel_window_silence_ratio
feature_infos=none none -1:0:1 -1:1:2:0:3 [0:23] [0:1] [0:1] none [0:8160] [944:6231.6400000000003] [141.46000000000001:298.31] [1186.5799999999999:6483.9500000000007] [37.149999999999999:173.78] [5.0800000000000001:88.269999999999996] [33.540000000000006:149.99000000000001] [26.449999999999989:220.00000000000003] [0.079933008526187496:0.66649048625792806] [980:6300] [1050:6880] [9.9999999999997726:3010] [1010:6300] [1040:6880] [29.999999999999091:3010] [520:6290] [1060:6880] [30:3010] none [0:1740] [1010:6300] [-142:28.840000000000146] [-22.489999999999782:202.62000000000037] [-4401.3299999999999:2756.0300000000002] [0:1] [0:1] [0:1] [-0.32412148433181709:1] [-0.31941502079215611:0.7589590709170877] [0:1] [0:402.81641723356097] [-37.588423285502643:0] [-93.956797914033842:0] [0:0.1666666666666666] [0:1] [0:1] [0:0.49390416784802949] [0:0.0850263663864914] -1:1:3:0:2 -1:1:2:0 [0:1] [0:1] none -1:8:1:13:7:2:14:3:17:9:0:6:10:11:16:15:12:5 -1:1:0:2 none [0:1] -1:1:2:0:3 none [0:194.41] [0:360] [0:6232.6700000000001] [0:6198] [0:6484.3199999999997] [0:6400.3699999999999] [0.78000520133827089:1] none [0:1] none none [-8.9279999999999973:873.322] none none [-37.588423285502643:0] [-93.956797914033842:0] [0:1] [0:0.1666666666666666]
tree_sizes=1690 1648 1745 1684 1668 1716 1674 1678 1796 1656 1738 1674 1711 1752 1758 1846 1832 1769 1926 1670 1681 1677 1834 1673 1902 1593 1850 1675 1934 1754 1590 1595 1657 1668 1749 1760 1872 1694 1752 1775 1695 1822 1761 1667 1948 1605 1764 1783 1659 1752 1844 1758 1847 1760 1604 1762 1764 1685 1669 1759 1709 1829 1846 1770 1692 1752 1906 1851 1844 1611 1766 1854 1849 1702 1763 1771 1672 1704 1858 1763 1779 1947 1688 1856 1771 1787 1608 1762 1788 1785 1712 1703 1628 1788 1584 1856 1778 1753 1709 1796 1587 1685 1691 1878

Tree=0
num_leaves=19
num_cat=2
split_feature=15 29 29 39 2 68 47 10 32 16 30 23 16 30 61 33 32 39
split_gain=135.91 64.8984 53.1728 40.2139 25.4763 26.9331 20.2921 16.2931 15.0576 9.12561 7.62222 6.4841 6.39319 6.26141 5.45506 5 0.994114 0.627273
threshold=37.580000000000005 -59.34500000000002 -81.70500000000014 -25.432370989556691 0 50.448000000000015 1 198.23000000000005 0.83347795602888375 0.19708908622875962 11.500000000000002 2945.0000000000005 0.18982780372365382 10.134999999999993 1227.6900000000003 0.65606667974830002 0.92842783560238951 -27.226489570036232
decision_type=2 2 2 2 9 2 1 2 2 2 2 2 2 2 2 2 2 2
left_child=2 3 4 9 -1 -6 7 -5 -8 -2 -9 14 -3 17 -4 -15 -16 -11
right_child=1 12 11 6 5 -7 8 10 -10 13 -12 -13 -14 15 16 -17 -18 -19
leaf_value=0.96370001137256622 0.32692500725388529 0.64512501060962679 0.62962501347064981 0.40767500698566439 0.69757499992847438 -0.017574998736381575 0.65157499611377712 -0.2361249893903733 0.27340000569820405 -0.56332502067089085 0.11547501385211945 0.76587500870227809 0.38002500534057615 0.14375000298023222 1.2648750334978103 -0.40437497794628152 0.96262500584125521 -0.43207499682903294
leaf_weight=52 40 51 43 40 58 65 41 60 48 92 45 45 43 40 95 40 44 40
leaf_count=52 40 51 43 40 58 65 41 60 48 92 45 45 43 40 95 40 44 40
internal_value=0.367296 0.35181 0.389639 0.344455 0.368929 0.356524 0.35938 0.347845 0.378174 0.330595 0.3375 0.405606 0.38984 0.326462 0.409808 0.3375 0.414622 0.319773
internal_weight=982 580 402 486 175 123 234 145 89 252 105 227 94 212 182 80 139 132
internal_count=982 580 402 486 175 123 234 145 89 252 105 227 94 212 182 80 139 132
cat_boundaries=0 1 2
cat_threshold=1 2
is_linear=0
shrinkage=1


Tree=1
num_leaves=18
num_cat=3
split_feature=15 29 29 47 33 2 32 8 21 30 15 16 63 12 63 2 63
split_gain=126.261 73.9543 51.9228 36.5867 28.8428 16.4792 15.7488 10.2686 9.69697 8.72081 8.0539 7.50371 6.48319 4.80519 5.5165 1.85566 0.597479
threshold=36.664999999999999 -67.329999999999913 -83.03499999999984 0 0.50320980088378919 1 0.84505321907817754 5671.3605442176877 2575.0000000000005 10.915000000000193 39.20000000000001 0.32061271225338367 0.91622544546154283 86.085000000000022 0.91865585304988107 2 0.93737073010294591
decision_type=2 2 2 1 2 9 2 2 2 2 2 2 2 2 2 9 2
left_child=2 3 5 7 10 -1 -5 13 -7 -6 12 15 -3 14 -2 16 -4
right_child=1 4 11 6 9 8 -8 -9 -10 -11 -12 -13 -14 -15 -16 -17 -18
leaf_value=0.55411497578024871 -0.3976837350428104 0.35999874591827397 1.0645149849355222 0.18012125357985498 -0.066864998508244747 0.052678749114274982 -0.24368311673402787 -0.46283374920487408 -0.40797125235199927 -0.014401250258088111 0.0054399993829429144 0.54576251313090329 0.034498749505728482 -1.4649962677061559 -0.46769375815987591 0.51658749982714658 0.42933748647570608
leaf_weight=41 54 51 79 40 40 66 52 63 44 61 46 40 62 111 45 50 40
leaf_count=41 54 51 79 40 40 66 52 63 44 61 46 40 62 111 45 50 40
internal_value=-0.000253807 -0.01384 0.0233333 -0.0283562 0.00653846 0.000993377 -0.00108696 -0.0375458 -0.00909091 -0.0143564 0.0198113 0.0394737 0.0269912 -0.0428571 -0.0348485 0.0440828 0.047479
internal_weight=985 625 360 365 260 151 92 273 110 101 159 209 113 210 99 169 119
internal_count=985 625 360 365 260 151 92 273 110 101 159 209 113 210 99 169 119
cat_boundaries=0 1 2 3
cat_threshold=2 1 1
is_linear=0
shrinkage=0.05


Tree=2
num_leaves=19
num_cat=1
split_feature=47 29 13 38 23 37 14 16 8 37 36 13 30 5 9 35 12 5
split_gain=109.804 72.6327 28.7618 30.2828 21.2521 19.609 15.1515 12.6162 12.5925 9.32976 7.93091 6.72421 5.96656 3.12443 2.95299 2.91774 2.36791 0.222222
threshold=0 -66.759999999999863 44.390000000000008 207.33587301587298 1115.0000000000002 0.38573671295045203 107.27500000000002 0.38150601217168573 5671.3605442176877 0.15931260585459997 -0.019050189693663146 13.300000000000002 10.915000000000193 0.39565217391304358 2096.1450000000004 0.16217315616947539 86.085000000000022 0.31372549019607848
decision_type=1 2 2 2 2 2 2 2 2 2 2 2 2 2 2 2 2 2
left_child=1 8 3 4 6 11 -2 10 9 -1 -6 -3 -7 14 15 -12 -11 -16
right_child=2 5 -4 -5 7 12 -8 -9 -10 16 13 -13 -14 -15 17 -17 -18 -19
leaf_value=-0.40990955271571877 0.39076232551783324 0.20181881599966439 -0.56385426117852333 -0.073535843685269359 0.31828048381954432 -0.042702999531291433 -0.13371268869191408 0.29669880175590518 -0.30309206505864861 -0.38761205234378582 0.30184481381624939 0.090792564683593813 0.021791313224472104 0.37273492442816503 1.0951646420247854 0.74355924759060155 -1.5683076179847122 0.6285151850357652
leaf_weight=51 40 43 56 47 51 41 48 65 60 65 53 46 43 42 50 41 98 40
leaf_count=51 40 43 56 47 51 41 48 65 60 65 53 46 43 42 50 41 98 40
internal_value=0.000714286 -0.0175615 0.0160413 0.020021 0.024186 0.00780347 0.00227273 0.0298246 -0.0335766 -0.0392523 0.0344765 0.0241573 -0.00952381 0.0384956 0.0413043 0.0351064 -0.045092 0.0477778
internal_weight=980 447 533 477 430 173 88 342 274 214 277 89 84 226 184 94 163 90
internal_count=980 447 533 477 430 173 88 342 274 214 277 89 84 226 184 94 163 90
cat_boundaries=0 1
cat_threshold=2
is_linear=0
shrinkage=0.05


Tree=3
num_leaves=18
num_cat=1
split_feature=47 29 13 33 10 8 38 10 39 18 22 18 58 35 39 36 32
split_gain=116.186 80.9333 27.9179 23.5853 20.9822 20.3967 18.3458 14.3004 13.0139 10.1905 12.1367 8.16456 6.49221 4.25703 2.54981 1.85996 0.0663866
threshold=0 -66.759999999999863 25.765000000000004 0.0015153936455428003 190.38000000000002 5671.3605442176877 184.80119047619053 197.79500000000004 -23.952005426726892 2575.0000000000005 414.99999999999994 3515.0000000000005 80.610000000000014 0.098816811673790167 -26.231166699545032 0.054002409999693059 0.88864421103577096
decision_type=1 2 2 2 2 2 2 2 2 2 2 2 2 2 2 2 2
left_child=1 7 6 -4 -3 13 12 -1 -6 -7 -11 15 -2 -5 -14 16 -9
right_child=2 4 3 5 8 9 -8 11 -10 10 -12 -13 14 -15 -16 -17 -18
leaf_value=-0.094443457487598068 0.22169013960547748 0.44221538196508769 0.43123943017087885 -0.21368142570406201 -0.049462427236652007 0.35789919751174754 0.095357038081530482 -0.74803349984772505 0.12831564455856567 -0.15087931544035676 0.25254196595437828 -0.30431846416331831 0.32225262959189716 -0.31634330493919549 0.97030911652408547 -0.63826133225150405 -1.2344810902062804
leaf_weight=40 69 44 61 40 70 66 50 40 52 48 41 69 42 41 76 48 79
leaf_count=40 69 44 61 40 70 66 50 40 52 48 41 69 42 41 76 48 79
internal_value=0.000409836 -0.018552 0.0161049 0.00589226 0.00903614 -0.00127119 0.028903 -0.0351449 -0.00163934 0.00935484 -0.00168539 -0.0398305 0.0360963 -0.0216049 0.0432203 -0.0458084 -0.0491597
internal_weight=976 442 534 297 166 236 237 276 122 155 89 236 187 81 118 167 119
internal_count=976 442 534 297 166 236 237 276 122 155 89 236 187 81 118 167 119
cat_boundaries=0 1
cat_threshold=2
is_linear=0
shrinkage=0.05


Tree=4
num_leaves=18
num_cat=1
split_feature=15 30 13 68 3 68 45 32 33 8 71 12 71 58 33 32 22
split_gain=131.846 67.2476 44.0045 36.0151 33.9106 20.3354 16.8458 11.4612 10.8926 13.1636 5.63009 4.05883 3.9072 2.13312 2.28918 1.13049 0.213953
threshold=36.664999999999999 10.664999999999965 23.515000000000004 31.834999999999994 0 41.590500000000013 0.025819913283490804 0.81728326372799553 0.43002786246387575 5671.3605442176877 -24.834227281655625 73.535000000000011 -27.310798725738753 90.015000000000015 0.66087353171041918 0.91393618396399212 465.00000000000006
decision_type=2 2 2 2 9 2 2 2 2 2 2 2 2 2 2 2 2
left_child=4 3 10 -2 12 -6 -7 -5 -4 -10 -3 -9 -1 -13 -15 16 -14
right_child=1 2 8 7 5 6 -8 11 9 -11 -12 13 15 14 -16 -17 -18
leaf_value=0.35260712701397945 0.075064885598029943 0.11320894248230383 0.051429694292861976 -0.22931405910603703 0.61570954951027412 0.14506932673459874 -0.26306387501419526 -0.052908156890270779 -0.97056734178645532 -0.079368639339247038 0.39907088362029519 -0.97832947774326451 0.8855554033880868 -0.25176110816401431 -0.59456252907237039 0.76896247481384083 0.80354796561637909
leaf_weight=56 53 57 70 75 61 46 60 40 42 46 55 100 46 42 41 40 40
leaf_count=56 53 57 70 75 61 46 60 40 42 46 55 100 46 42 41 40 40
internal_value=-0.00123711 -0.0150564 0.0037037 -0.0294872 0.0233524 0.00536723 -0.00754717 -0.0362416 -0.0132911 -0.025 0.0276786 -0.0419283 0.0375 -0.045082 -0.0391566 0.0444444 0.0476744
internal_weight=970 621 270 351 349 167 106 298 158 88 112 223 182 183 83 126 86
internal_count=970 621 270 351 349 167 106 298 158 88 112 223 182 183 83 126 86
cat_boundaries=0 1
cat_threshold=3
is_linear=0
shrinkage=0.05


Tree=5
num_leaves=19
num_cat=2
split_feature=15 30 16 2 68 33 68 32 2 57 33 14 12 13 39 5 30 38
split_gain=131.165 65.3029 39.7061 38.4129 35.7513 19.1317 16.5789 11.3231 11.2952 12.9507 9.75238 8.91105 8.49597 6.66503 5.71788 0.932145 0.861702 0.8
threshold=36.664999999999999 11.785000000000084 0.28916071404580773 0 41.608500000000006 0.51885119283922421 41.590500000000013 0.85008773714100594 1 70.705000000000027 0.34093750822802049 121.48500000000003 83.515000000000015 13.300000000000002 -27.310798725738753 0.31372549019607848 4.4849999999999008 195.59556689342392
decision_type=2 2 2 9 2 2 2 2 9 2 2 2 2 2 2 2 2 2
left_child=3 4 13 14 7 11 -5 -2 9 -6 -8 -4 17 -3 -1 -16 -10 -11
right_child=1 2 5 6 8 -7 10 -9 16 12 -12 -13 -14 -15 15 -17 -18 -19
leaf_value=0.35282631402750547 0.16645199585709208 0.52265133814271758 -0.035756045553562231 0.58619711173256028 -0.01067000389011636 -0.43586598806073096 -0.31259255955322418 -0.078733012753136225 -1.2405136908962877 -0.25792031641740398 0.073193960621238216 0.20502157174553037 -0.10718496358394058 0.11084529917739344 0.91697908294315555 0.69652865290973243 -1.2111380240337635 -0.29737816484352159
leaf_weight=58 40 54 40 58 43 74 63 52 81 40 45 41 43 41 71 61 47 40
leaf_count=58 40 54 40 58 43 74 63 52 81 40 45 41 43 41 71 61 47 40
internal_value=-0.000705645 -0.0143082 0.0056 0.0235955 -0.0272021 -0.01 0.0060241 0 -0.0357143 -0.0271084 -0.00555556 0.00679012 -0.0353659 0.0310526 0.0389474 0.044697 -0.046875 -0.045
internal_weight=992 636 250 356 386 155 166 92 294 166 108 81 123 95 190 132 128 80
internal_count=992 636 250 356 386 155 166 92 294 166 108 81 123 95 190 132 128 80
cat_boundaries=0 1 2
cat_threshold=1 1
is_linear=0
shrinkage=0.05


Tree=6
num_leaves=18
num_cat=1
split_feature=47 29 13 33 62 57 14 24 68 27 14 39 39 58 30 36 33
split_gain=122.11 67.819 32.1614 22.1335 18.3615 16.039 15.1319 12.7612 11.7737 9.41437 7.22456 6.76531 4.43625 3.77465 2.05706 1.9696 1.64323
threshold=0 -66.759999999999863 25.765000000000004 0.0015153936455428003 2280.6900000000005 81.355000000000004 123.66500000000001 2705.0000000000005 41.608500000000006 105.00000000000001 109.92500000000003 -22.006931505188369 -22.109733523149298 114.77000000000002 10.734999999999902 1.0000000180025095e-35 0.6322207226026032
decision_type=1 2 2 2 2 2 2 2 2 2 2 2 2 2 2 2 2
left_child=1 8 4 -4 -2 10 11 -7 -1 -8 -5 -3 15 14 -6 -10 -17
right_child=2 6 3 5 13 7 9 -9 12 -11 -12 -13 -14 -15 -16 16 -18
leaf_value=-0.3921291815091717 0.078143924633582953 0.022870461379712815 0.3987557135979346 -0.12591919376060698 0.71365726216004743 0.40013119747744547 0.0097755651214041506 -0.071888849930656903 -0.81559457721875184 -0.034965822490376976 -0.31716957164027931 0.35609054313349642 -0.3751783281990495 0.35059468418260664 0.50824635575910659 -0.63653824175877005 -0.59093102762274208
leaf_weight=66 75 41 65 55 71 63 51 69 81 40 43 40 42 41 47 46 48
leaf_count=66 75 41 65 55 71 63 51 69 81 40 43 40 42 41 47 46 48
internal_value=-0.00111789 -0.0201099 0.0152174 0.00423729 0.0290598 -0.00304348 0.00465116 0.00833333 -0.035159 -0.00934066 -0.0183673 0.0203704 -0.0407834 0.0386792 0.0432203 -0.0442857 -0.0393617
internal_weight=984 455 529 295 234 230 172 132 283 91 98 81 217 159 118 175 94
internal_count=984 455 529 295 234 230 172 132 283 91 98 81 217 159 118 175 94
cat_boundaries=0 1
cat_threshold=2
is_linear=0
shrinkage=0.05


Tree=7
num_leaves=18
num_cat=1
split_feature=15 29 2 8 33 30 14 13 32 30 13 39 44 30 38 36 10
split_gain=131.103 49.7183 31.8867 25.272 29.6724 20.9004 14.1387 11.0402 9.96791 11.9572 8.10526 6.47265 7.64621 4.87805 4.33528 4.75152 0.220225
threshold=37.580000000000005 -59.34500000000002 0 5671.3605442176877 0.013023936142458751 5.5900000000000327 105.91000000000001 16.480000000000004 0.86606874956153412 7.3199999999999372 13.300000000000002 -21.426731324452934 0.037000283527076801 10.85500000000002 199.38326530612247 0.023409528674930905 192.68500000000003
decision_type=2 2 9 2 2 2 2 2 2 2 2 2 2 2 2 2 2
left_child=2 3 8 4 13 6 -4 -6 16 -10 -3 12 -5 -2 -9 -16 -1
right_child=1 10 5 11 7 -7 -8 14 9 -11 -12 -13 -14 -15 15 -17 -18
leaf_value=0.80329428694379246 -0.22481128610245149 0.23167855821438615 0.051097637787445138 0.22131882597892727 -0.03321753136585813 0.33914434814718208 -0.35740334003744495 -0.71061675744732855 0.076565710873714901 0.57961291259816095 0.012221829338852332 -0.18308851487420108 -0.064670196988965006 0.081158190822142443 -0.54881591961669884 -0.45428271177178736 0.50585855398167312
leaf_weight=49 41 57 51 52 53 79 54 114 64 55 42 50 50 41 48 40 40
leaf_count=49 41 57 51 52 53 79 54 114 64 55 42 50 50 41 48 40 40
internal_value=-0.000714286 -0.0156463 0.0216837 -0.0221881 -0.029822 0.00652174 -0.00809524 -0.0382353 0.0350962 0.0256303 0.0166667 -0.00526316 0.00196078 -0.00365854 -0.0435644 -0.0352273 0.0477528
internal_weight=980 588 392 489 337 184 105 255 208 119 99 152 102 82 202 88 89
internal_count=980 588 392 489 337 184 105 255 208 119 99 152 102 82 202 88 89
cat_boundaries=0 1
cat_threshold=1
is_linear=0
shrinkage=0.05


Tree=8
num_leaves=20
num_cat=3
split_feature=47 10 16 30 58 31 10 68 30 10 63 2 62 13 31 16 45 29 2
split_gain=113.165 59.8011 25.5137 20.5851 18.6751 19.8764 14.45 13.3308 13.0592 11.9271 9.29221 14.0051 10.5548 9.03438 4.60195 5.04167 2.06574 1.37702 0.572727
threshold=0 197.09500000000006 0.3483083656454487 12.08999999999992 75.480000000000004 205.94000000000008 193.15500000000003 43.411999999999999 11.500000000000002 194.55500000000004 0.90521284665151047 1 3461.1850000000004 33.940000000000005 238.15000000000001 0.32289409242298833 0.027068418007038356 -69.974999999999895 2
decision_type=1 2 2 2 2 2 2 2 2 2 2 9 2 2 2 2 2 2 9
left_child=1 3 4 7 6 9 -2 -1 14 -6 11 12 -4 -10 18 -16 17 -7 -3
right_child=2 8 10 -5 5 16 -8 -9 13 -11 -12 -13 -14 -15 15 -17 -18 -19 -20
leaf_value=0.073013542756702451 0.19830488512202993 -0.29617337727739584 0.46310255415491097 0.44167207470997472 0.38006711328145704 0.79770216646962078 -0.11221772624339366 -0.031556654797565219 -0.046974873741458596 -0.08694107734736066 -0.11355572379097466 -0.31256144616340764 0.0073751751373772366 -0.76870785313886203 -0.3840955250124351 -0.30024329964799901 0.51735270346853823 0.53960920204676011 -1.4083583709307612
leaf_weight=43 40 40 50 44 51 74 40 65 52 40 44 76 42 45 48 48 40 43 70
leaf_count=43 40 40 50 44 51 74 40 65 52 40 44 76 42 45 48 48 40 43 70
internal_value=-0.0019598 -0.0203297 0.0135185 0.00526316 0.0222561 0.0290323 0.00125 -0.00648148 -0.0331683 0.0104396 0 0.00535714 0.0184783 -0.0180412 -0.0402913 -0.0322917 0.0398089 0.0431624 -0.0472727
internal_weight=995 455 540 152 328 248 80 108 303 91 212 168 92 97 206 96 157 117 110
internal_count=995 455 540 152 328 248 80 108 303 91 212 168 92 97 206 96 157 117 110
cat_boundaries=0 1 2 3
cat_threshold=2 1 1
is_linear=0
shrinkage=0.05


Tree=9
num_leaves=18
num_cat=1
split_feature=15 68 39 29 68 2 29 39 68 8 61 45 32 8 10 62 12
split_gain=118.408 58.5207 38.7994 26.4609 22.2302 21.2179 14.1382 10.9756 10.4052 10.215 9.39394 6.10255 9.28336 3.84985 2.45 0.69436 0.614286
threshold=36.664999999999999 22.14800000000001 -20.647915705328035 -83.03499999999984 50.592500000000008 0 -72.000000000000213 -26.517258383316758 2.6045000000000074 5671.3605442176877 1786.0550000000001 0.016011674093986152 0.84914356679625624 5530.7482993197291 193.37500000000003 3328.9200000000005 88.680000000000021
decision_type=2 2 2 2 2 9 2 2 2 2 2 2 2 2 2 2 2
left_child=3 8 5 4 -1 9 -4 -6 -2 10 14 15 -13 16 -3 -5 -7
right_child=1 2 6 11 7 13 -8 -9 -10 -11 -12 12 -14 -15 -16 -17 -18
leaf_value=0.39477799170009692 0.47683926430598139 -0.024687915173910772 -0.24623342059452324 0.6806973735898344 -0.25237416785703631 -0.4551061243122595 0.14308193940664798 0.019408565088459562 0.025281259402126312 -0.012103530564996391 -0.24299673510454556 0.65643862119866991 0.23691297101397099 -0.65767257257044387 -0.042875057539660394 0.45254709536075294 -1.3220181906460597
leaf_weight=68 52 40 50 53 41 40 60 41 73 78 63 43 65 47 40 40 86
leaf_count=68 52 40 50 53 41 40 60 41 73 78 63 43 65 47 40 40 86
internal_value=-0.00204082 -0.0150238 -0.022619 0.0212251 0.00533333 -0.0299492 0.00363636 -0.0121951 0.0156 -0.0196833 -0.0276224 0.0330846 0.025 -0.0430636 -0.01625 0.0424731 -0.047619
internal_weight=980 629 504 351 150 394 110 82 125 221 143 201 108 173 80 93 126
internal_count=980 629 504 351 150 394 110 82 125 221 143 201 108 173 80 93 126
cat_boundaries=0 1
cat_threshold=1
is_linear=0
shrinkage=0.05


Tree=10
num_leaves=19
num_cat=0
split_feature=15 68 12 29 30 8 68 38 9 62 40 38 71 44 71 43 13 16
split_gain=103.933 45.4315 31.4248 24.5506 23.263 22.1904 14.0628 10.9091 10.6329 12.0914 9.84653 6.513 5.07329 4.47806 4.10065 6.14327 1.50249 0.602479
threshold=36.664999999999999 2.6045000000000074 84.355000000000018 -83.99499999999999 10.134999999999993 5671.3605442176877 50.592500000000008 204.54689342403634 2414.3450000000003 2781.2850000000003 -31.411554964692836 197.32866213151922 -26.517258383316758 0.018854550609583156 -27.523718749511023 0.88170976728054595 21.265000000000004 0.36656050149591896
decision_type=2 2 2 2 2 2 2 2 2 2 2 2 2 2 2 2 2 2
left_child=3 -2 4 6 10 13 -1 -7 9 -6 -3 -12 -8 -4 -5 16 -16 -15
right_child=1 2 5 14 8 7 12 -9 -10 -11 11 -13 -14 17 15 -17 -18 -19
leaf_value=0.40750208935645066 0.42692104648311774 -0.0096638412083708061 -0.54247689510247932 0.4569864333401798 0.018317072626822008 -0.58774740484910337 -0.1996042590641196 0.072326364148061414 0.17931176116436598 -0.073859911648622073 -0.10840491471787872 -0.24681099887747271 0.010053602465217294 -0.50795049093673084 0.56613909109967764 0.37902545731867066 0.49703651908496865 -1.4301640387479937
leaf_weight=58 49 45 42 54 55 54 40 45 54 42 77 40 42 40 46 58 45 81
leaf_count=58 49 45 42 54 55 54 40 45 54 42 77 40 42 40 46 58 45 81
internal_value=-0.0024302 -0.0145833 -0.0185217 0.0196793 -0.00782748 -0.0312977 0.00357143 -0.0126263 0.00629139 -0.00360825 -0.0209877 -0.0286325 -0.0097561 -0.042638 0.0307882 0.0265101 0.0346154 -0.0475207
internal_weight=967 624 575 343 313 262 140 99 151 97 162 117 82 163 203 149 91 121
internal_count=967 624 575 343 313 262 140 99 151 97 162 117 82 163 203 149 91 121
is_linear=0
shrinkage=0.05


Tree=11
num_leaves=18
num_cat=1
split_feature=15 68 2 29 39 15 68 33 58 45 68 32 34 23 13 30 13
split_gain=92.4335 50.1397 29.7619 27.224 19.7177 16.2481 14.9874 11.591 12.5014 9.82987 9.2517 8.79487 5.25292 4.17402 2.46979 2.46154 0.236735
threshold=36.664999999999999 22.14800000000001 0 -79.605000000000004 -23.715231173353605 39.589999999999996 41.590500000000013 0.42316761772496453 74.865000000000023 0.023247628338929006 1.0000000180025095e-35 0.91393618396399212 0.97470391150218194 1955.0000000000002 21.595000000000002 4.4849999999999008 52.985000000000007
decision_type=2 2 9 2 2 2 2 2 2 2 2 2 2 2 2 2 2
left_child=2 10 11 7 12 -6 -4 8 -3 -8 -2 15 -5 -14 -15 -1 -9
right_child=1 3 6 4 5 -7 9 16 -10 -11 -12 -13 13 14 -16 -17 -18
leaf_value=0.4253840725213916 0.45541617026326037 -0.51858988395534145 0.49098932968247261 -0.042883601608671912 0.1751205756681414 -0.089843559589617455 0.070349044947438572 -0.93235328553738206 -0.024736206001361439 -0.18962404611091366 0.044234238655305957 0.19332377866199948 -0.056924309474461809 -0.05325355051216081 -0.41306502976120285 0.70751208667192156 -1.8306799444781399
leaf_weight=52 46 42 58 48 75 58 40 40 47 70 74 64 50 46 42 52 58
leaf_count=52 46 42 58 48 75 58 40 40 47 70 74 64 50 46 42 52 58
internal_value=-0.0027027 -0.0140575 0.0184524 -0.0209486 -0.012069 0.00263158 0.00357143 -0.0360963 -0.0230337 -0.00727273 0.015 0.0333333 -0.0225806 -0.0275362 -0.0340909 0.0423077 -0.0479592
internal_weight=962 626 336 506 319 133 168 187 89 110 120 168 186 138 88 104 98
internal_count=962 626 336 506 319 133 168 187 89 110 120 168 186 138 88 104 98
cat_boundaries=0 1
cat_threshold=1
is_linear=0
shrinkage=0.05


Tree=12
num_leaves=19
num_cat=3
split_feature=47 10 37 46 30 30 5 30 13 13 10 8 27 2 60 19 60 9
split_gain=78.3296 48.7835 21.3734 19.7554 18.6265 15.7156 15.3973 14.6853 12.7368 12.0474 10.6083 6.72221 6.67992 4.98596 4.01187 1.68265 2.06104 1.37991
threshold=0 197.09500000000006 0.011939842382953101 1 11.500000000000002 18.26499999999999 0.31372549019607848 5.5900000000000327 34.955000000000005 33.940000000000005 191.26500000000001 5671.3605442176877 215.00000000000003 2 3555.0050000000006 375.00000000000006 2086.2800000000002 1902.6000000000001
decision_type=1 2 2 1 2 2 2 2 2 2 2 2 2 9 2 2 2 2
left_child=1 6 14 7 12 8 -1 10 -5 -6 -4 -12 15 -9 17 -3 -17 -2
right_child=2 4 3 5 9 -7 -8 13 -10 -11 11 -13 -14 -15 -16 16 -18 -19
leaf_value=0.19633052617787947 0.24493670697181083 -0.92032792295697752 0.17882293758184034 -0.14924670081221353 0.031273258729364976 0.066089511509474883 -0.012901080349364481 0.53599184406414735 -0.017444168438945251 -0.62640719551662094 -0.14079434426157988 0.050701561704286593 -0.2863217052336266 0.22852267789248912 0.31174167350967014 -0.59053994700015267 -0.24459039074118394 0.57305257969842482
leaf_weight=65 40 65 40 50 54 50 72 53 45 40 55 48 47 44 61 40 44 42
leaf_count=65 40 65 40 50 54 50 72 53 45 40 55 48 47 44 61 40 44 42
internal_value=-0.00246073 -0.0183841 0.0104167 0.00428571 -0.03 -0.01 0.00620438 0.0128 -0.0226316 -0.0117021 0.00314685 -0.00533981 -0.0387755 0.0283505 0.0269231 -0.0439597 -0.0392857 0.0341463
internal_weight=955 427 528 385 290 145 137 240 95 94 143 103 196 97 143 149 84 82
internal_count=955 427 528 385 290 145 137 240 95 94 143 103 196 97 143 149 84 82
cat_boundaries=0 1 2 3
cat_threshold=2 2 1
is_linear=0
shrinkage=0.05


Tree=13
num_leaves=19
num_cat=1
split_feature=15 68 10 2 30 33 14 14 14 30 32 15 31 9 33 42 31 12
split_gain=86.407 47.1786 32.4808 30.0156 24.0127 21.7413 18.489 11.8117 13.6683 10.1633 13.3726 10.1593 6.88387 6.75256 6.4183 5.17944 1.47581 0.063964
threshold=36.664999999999999 1.0000000180025095e-35 197.24500000000003 0 9.6449999999999836 0.52264869363677458 117.03500000000001 111.045 121.49500000000002 7.56000000000006 0.91393618396399212 33.160000000000018 261.94499999999999 2066.1450000000004 0.76246624089859305 0.96870827824406625 -156.13999999999996 85.620000000000019
decision_type=2 2 2 9 2 2 2 2 2 2 2 2 2 2 2 2 2 2
left_child=3 -2 7 9 6 13 -4 -3 15 10 -1 12 -5 -6 -7 -9 -8 -18
right_child=1 2 4 11 5 14 16 8 -10 -11 -12 -13 -14 -15 -16 -17 17 -19
leaf_value=0.46720936694574072 0.37592844344624254 -0.072240798018450472 -0.31619821148341754 -0.17815039327148119 -0.091377720064056409 -0.19440460402740029 -0.31001426084115125 0.15077746320925081 -0.015248375220030419 0.58594663929232782 -0.00548315364759926 0.15548194609209079 0.081195389628941891 0.09907249518046185 -0.49161435982181906 0.039225344534894992 -0.30466423941792498 -0.77901384678636931
leaf_weight=76 44 49 56 52 40 58 42 49 50 71 41 66 45 61 40 43 40 71
leaf_count=76 44 49 56 52 40 58 42 49 50 71 41 66 45 61 40 43 40 71
internal_value=-0.0027163 -0.0136081 -0.0172788 0.0172365 -0.0252451 -0.0128141 -0.0370813 -0.00026178 0.00704225 0.0308511 0.0217949 0.00153374 -0.00876289 0.00346535 -0.0295918 0.0184783 -0.0460784 -0.0490991
internal_weight=994 643 599 351 408 199 209 191 142 188 117 163 97 101 98 92 153 111
internal_count=994 643 599 351 408 199 209 191 142 188 117 163 97 101 98 92 153 111
cat_boundaries=0 1
cat_threshold=1
is_linear=0
shrinkage=0.05


Tree=14
num_leaves=19
num_cat=2
split_feature=47 29 57 16 51 33 12 14 44 14 12 35 58 13 57 72 32 16
split_gain=67.7443 53.4739 19.2487 19.5903 18.7162 16.0228 13.5835 13.5111 13.0784 7.80576 7.46775 7.45521 7.22847 6.32854 6.0577 4.95317 3.31417 3.02098
threshold=0 -66.759999999999863 79.13000000000001 0.37674643356997123 1 0.12942244780497442 100.10000000000001 121.49500000000002 0.035299121066061756 109.72500000000001 71.745000000000019 0.019327390034337501 83.950000000000017 37.365000000000002 75.300000000000026 -29.700245885387698 0.90763787027974108 0.27778484810728582
decision_type=1 2 2 2 9 2 2 2 2 2 2 2 2 2 2 2 2 2
left_child=1 6 3 5 17 9 8 10 14 -2 -3 -6 -7 -13 -1 -9 -10 -4
right_child=2 7 4 -5 11 12 -8 15 16 -11 -12 13 -14 -15 -16 -17 -18 -19
leaf_value=0.015052605792758911 0.5510795773952476 0.33083886028435561 0.78829771718673136 -0.31259114779802855 0.33496916275111555 -0.072601852292465699 -1.3780123639390183 0.018037567906134349 -0.29962563414035526 0.11087880881350119 0.024825261084492335 -0.047813618329683144 0.059986502291656141 0.19907014767936709 -0.16497757369313751 -0.038887721738258448 -0.36492280817896949 0.3498352517915681
leaf_weight=53 46 41 49 53 49 59 72 42 45 42 40 75 48 48 52 48 61 63
leaf_count=53 46 41 49 53 49 59 72 42 45 42 40 75 48 48 52 48 61 63
internal_value=-0.00233266 -0.0165198 0.00977444 -0.000403226 0.018662 0.00692308 -0.0298587 0.00555556 -0.0234597 0.0227273 0.0203704 0.00659341 -0.00607477 0.000406504 -0.0109524 -0.00777778 -0.0358491 0.0336066
internal_weight=986 454 532 248 284 195 283 171 211 88 81 172 107 123 105 90 106 112
internal_count=986 454 532 248 284 195 283 171 211 88 81 172 107 123 105 90 106 112
cat_boundaries=0 1 2
cat_threshold=2 82374
is_linear=0
shrinkage=0.05


Tree=15
num_leaves=20
num_cat=1
split_feature=13 14 58 8 51 57 17 19 57 10 30 68 13 58 29 10 45 15 32
split_gain=59.0228 36.9753 47.8697 28.3759 21.6458 13.9621 13.8591 15.3443 12.2204 9.90124 8.01925 7.92633 7.58824 9.41049 7.55929 6.06767 5.448 2.66984 0.229787
threshold=44.390000000000008 130.65000000000001 68.510000000000005 5890.0907029478467 0 83.280000000000015 3595.0000000000005 85.000000000000014 88.110000000000014 198.63000000000002 9.7400000000000109 83.300000000000125 31.475000000000005 75.375000000000014 -74.005000000000095 194.55500000000004 0.025717562219167753 35.745000000000012 0.93861551663513165
decision_type=2 2 2 2 9 2 2 2 2 2 2 2 2 2 2 2 2 2 2
left_child=1 2 9 18 5 12 7 -6 15 -1 -3 -12 13 -4 -15 -9 17 -7 -2
right_child=3 10 4 -5 6 16 -8 8 -10 -11 11 -13 -14 14 -16 -17 -18 -19 -20
leaf_value=-0.017482404215762498 -1.2095697539541126 -0.26568292599609861 -0.013674831117649822 0.015678422058092955 -0.10169173821044186 0.58035843296523459 0.27026956945573638 -0.0020620613411844457 -0.065549727419410675 -0.32780857323572588 -0.16532312648281078 0.038230527338781434 -0.036293073879425951 0.43484946096634652 0.13025873863766937 0.30312479531076719 0.24165172840451873 0.32597310571025639 -1.6171560423332645
leaf_weight=41 54 44 44 43 61 45 46 49 42 49 50 41 47 40 79 68 43 60 40
leaf_count=41 54 44 44 43 61 45 46 49 42 49 50 41 47 40 79 68 43 60 40
internal_value=-0.0020284 0.00288575 0.00742297 -0.0324818 0.0123397 0.0201087 0.00108696 -0.00409091 0.00408805 -0.0266667 -0.0211111 -0.0126374 0.012381 0.0174847 0.0247899 0.0123932 0.0324324 0.0385714 -0.0478723
internal_weight=986 849 714 137 624 358 266 220 159 90 135 91 210 163 119 117 148 105 94
internal_count=986 849 714 137 624 358 266 220 159 90 135 91 210 163 119 117 148 105 94
cat_boundaries=0 1
cat_threshold=152006
is_linear=0
shrinkage=0.05


Tree=16
num_leaves=20
num_cat=2
split_feature=47 10 58 30 51 57 5 72 39 13 32 23 21 31 16 63 38 30 9
split_gain=66.6528 49.4081 25.5336 21.5127 17.5159 18.4019 14.9908 13.2188 12.3371 8.71057 8.62187 8.41917 6.85819 6.13514 5.85293 5.17712 3.83507 2.52123 1.01284
threshold=0 197.99500000000003 73.200000000000017 11.500000000000002 1 86.045000000000016 0.21980676328502413 -24.851919468381535 -23.526966990728351 31.475000000000005 0.93913949677476882 2175.0000000000005 4045.0000000000005 238.15000000000001 0.32524917380274138 0.8954572661923027 183.16265306122457 9.8250000000000473 2897.0000000000005
decision_type=1 2 2 2 9 2 2 2 2 2 2 2 2 2 2 2 2 2 2
left_child=1 6 -2 13 7 9 -1 10 -5 15 11 -4 -13 18 -15 -6 -8 -7 -3
right_child=2 3 4 8 5 17 16 -9 -10 -11 -12 12 -14 14 -16 -17 -18 -19 -20
leaf_value=0.20505956669932504 -0.09359395907637591 -0.77031624617595185 0.17743105294435649 -0.5290899683654201 0.24458862022574543 0.49703272347014704 -0.030819493707249013 0.34441151016670751 0.10782942141556107 -0.028853010277281134 -0.12129693291470914 -0.15220412960149449 0.073245376425829609 -0.30209684699329575 -0.33963753331719004 0.1551300023887098 0.00029557687048452076 0.47417874678337296 -0.36414986662224663
leaf_weight=72 71 69 61 47 45 50 40 50 43 44 46 42 40 47 48 40 47 49 40
leaf_count=72 71 69 61 47 45 50 40 50 43 44 46 42 40 47 48 40 47 49 40
internal_value=-0.00297679 -0.0171082 0.00892193 -0.0292517 0.0131692 0.0226891 0.00534591 0.00301205 -0.00888889 0.0112403 -0.00291005 0.00314685 -0.00731707 -0.0382353 -0.0289474 0.0205882 -0.00862069 0.039899 -0.0463303
internal_weight=991 453 538 294 467 228 159 239 90 129 189 143 82 204 95 85 87 99 109
internal_count=991 453 538 294 467 228 159 239 90 129 189 143 82 204 95 85 87 99 109
cat_boundaries=0 1 2
cat_threshold=2 177705
is_linear=0
shrinkage=0.05


Tree=17
num_leaves=19
num_cat=1
split_feature=15 68 2 40 10 58 33 39 68 38 63 30 35 57 44 44 45 5
split_gain=60.6181 50.0571 26.3019 24.0322 19.8637 12.7767 20.1981 11.8746 10.3122 9.77371 8.58413 6.18267 6.00981 5.71449 13.649 3.95866 1.34519 0.470491
threshold=36.664999999999999 2.6045000000000074 0 -22.919092693863622 202.90500000000003 79.955000000000027 0.52264869363677458 -27.310798725738753 41.590500000000013 175.13343537414985 0.83301844823354376 9.5050000000001109 0.059991875851160309 86.975000000000009 0.035299121066061756 0.044088460447972759 0.022425406837344203 0.17857142857142852
decision_type=2 2 9 2 2 2 2 2 2 2 2 2 2 2 2 2 2 2
left_child=2 -2 7 4 12 16 -7 -1 -4 -10 -5 -8 -3 14 -14 17 -6 -9
right_child=1 3 8 10 5 6 11 15 9 -11 -12 -13 13 -15 -16 -17 -18 -19
leaf_value=0.092922925154443059 0.31129840871883213 -0.067716311889167755 0.40745589035070717 -0.095119657549859724 -0.73141264604435774 0.010194386347069241 -0.6091216756166381 0.68325508203279262 0.035452247861008514 -0.29118038577717803 0.11030643728456169 -0.25878705059754381 0.054630727288639436 -0.055350384349998533 -0.033526061077789292 0.32524325545866889 -0.36467919111783331 0.49800343952114479
leaf_weight=47 51 61 59 45 59 59 44 41 69 45 60 61 46 51 50 44 43 40
leaf_count=47 51 61 59 45 59 59 44 41 69 45 60 61 46 51 50 44 43 40
internal_value=-0.00394872 -0.0131746 0.0128986 -0.0173575 -0.0221519 -0.031203 -0.022561 0.0267442 -0.000867052 -0.00964912 0.00428571 -0.0357143 -0.0105769 -0.00510204 0.00208333 0.0348 -0.045098 0.041358
internal_weight=975 630 345 579 474 266 164 172 173 114 105 105 208 147 96 125 102 81
internal_count=975 630 345 579 474 266 164 172 173 114 105 105 208 147 96 125 102 81
cat_boundaries=0 1
cat_threshold=1
is_linear=0
shrinkage=0.05


Tree=18
num_leaves=21
num_cat=1
split_feature=13 58 15 8 12 51 29 57 63 8 38 8 60 61 29 29 10 68 38 58
split_gain=51.7941 40.2307 35.518 31.3697 23.9646 22.6335 15.0825 11.8181 11.346 10.7445 10.0921 9.47917 7.54604 6.06036 4.47422 3.86262 3.64301 3.30875 2.14661 0.966337
threshold=44.390000000000008 70.540000000000006 36.664999999999999 6870.9750566893426 79.295000000000002 0 -93.989999999999768 83.280000000000015 0.84690759568075691 5890.0907029478467 184.94853741496607 5671.3605442176877 2843.4450000000002 1885.9200000000003 -62.105000000000011 -71.589999999999904 195.76000000000002 82.560499999999919 197.25352607709763 94.370000000000019
decision_type=2 2 2 2 2 9 2 2 2 2 2 2 2 2 2 2 2 2 2 2
left_child=1 4 6 19 -1 9 -3 12 -7 10 14 16 -8 -14 -4 -9 -10 -18 -12 -2
right_child=3 2 5 -5 -6 8 7 15 11 -11 18 -13 13 -15 -16 -17 17 -19 -20 -21
leaf_value=0.06972283931676522 -1.2095400600196922 -0.028960762319390446 0.021151294563380486 0.015491241169603232 -0.22003905593917344 0.07738592120890854 0.34156032423237326 0.30875918260799756 -0.020721794143845354 0.26646539334699454 -0.15335965562211423 -0.021943633940946852 -0.038748986308625 0.28537479372353386 0.22314343219358063 0.70847920716630786 -0.30389877683432931 -0.13169641448902611 -0.0002288154189926589 -1.0744216362790884
leaf_weight=40 61 48 41 44 73 40 46 71 40 43 40 65 41 44 43 44 43 41 41 40
leaf_count=40 61 48 41 44 73 40 46 71 40 43 40 65 41 44 43 44 43 41 41 40
internal_value=-0.00308392 0.00165877 0.00595075 -0.0306897 -0.0261062 -0.00308924 0.0193878 0.0243902 -0.0135983 0.0087156 0.00333333 -0.0193122 0.0141221 0.00529412 0.0154762 0.036087 -0.0274194 -0.0333333 -0.00925926 -0.0460396
internal_weight=989 844 731 145 113 437 294 246 229 208 165 189 131 85 84 115 124 84 81 101
internal_count=989 844 731 145 113 437 294 246 229 208 165 189 131 85 84 115 124 84 81 101
cat_boundaries=0 1
cat_threshold=35310
is_linear=0
shrinkage=0.05


Tree=19
num_leaves=18
num_cat=2
split_feature=47 12 30 58 51 16 10 57 40 33 32 17 16 33 14 38 62
split_gain=49.7959 36.5872 24.8613 21.2026 23.5121 15.6598 15.3911 13.946 9.64846 8.20023 6.9976 6.6517 3.96616 4.45905 3.87527 6.59476 3.03504
threshold=0 100.10000000000001 10.134999999999993 73.315000000000012 1 0.37674643356997123 195.55500000000004 74.88000000000001 -27.171919671141293 0.58118319080493797 0.93041550151768371 2185.0000000000005 0.32289409242298833 0.59918024944525905 107.00000000000001 184.94853741496607 3193.4850000000001
decision_type=1 2 2 2 9 2 2 2 2 2 2 2 2 2 2 2 2
left_child=1 2 6 -2 8 14 -1 -4 10 -9 11 -5 13 -8 -6 16 -16
right_child=3 -3 7 4 5 -7 12 9 -10 -11 -12 -13 -14 -15 15 -17 -18
leaf_value=-0.0076908760409319836 -0.10687389663052163 -1.1110336905102434 0.33388314767609539 0.22016957124555511 0.1800192619411273 0.001842423761048706 -0.27262100693050456 0.02009372983521146 0.21367531248056146 -0.28866774040157245 -0.093137960742198003 -0.046441473760089585 -0.28356513331030148 -0.13765641510897828 0.45845945010627109 0.22984210268369265 0.42357741680942618
leaf_weight=76 65 69 62 44 40 62 46 65 63 41 44 65 45 40 74 40 40
leaf_count=76 65 69 62 44 40 62 46 65 63 41 44 65 45 40 74 40 40
internal_value=-0.00270133 -0.0150901 -0.00893333 0.0075419 0.0112288 0.0210526 -0.0205314 0.00535714 -0.00132743 -0.00566038 -0.00816993 -0.00137615 -0.030916 -0.0372093 0.028866 0.0324675 0.0385965
internal_weight=981 444 375 537 472 256 207 168 216 106 153 109 131 86 194 154 114
internal_count=981 444 375 537 472 256 207 168 216 106 153 109 131 86 194 154 114
cat_boundaries=0 1 2
cat_threshold=2 171561
is_linear=0
shrinkage=0.05


Tree=20
num_leaves=18
num_cat=1
split_feature=15 68 2 12 40 8 60 12 30 8 68 10 63 38 35 33 39
split_gain=54.7793 39.6426 23.1895 22.4344 13.8688 12.2148 12.7063 11.2171 10.7514 16.1898 10.6425 10.2597 9.0372 7.43143 6.98979 5.10493 4.03967
threshold=36.664999999999999 2.6045000000000074 0 100.10000000000001 -22.919092693863622 5671.3605442176877 3119.9400000000005 81.745000000000019 7.6599999999998554 5671.3605442176877 50.592500000000008 199.08000000000001 0.83301844823354376 208.95276643990942 0.037236999423959853 0.58118319080493797 -27.669071665926069
decision_type=2 2 9 2 2 2 2 2 2 2 2 2 2 2 2 2 2
left_child=2 -2 8 4 5 11 -7 -4 9 -1 -9 14 -6 16 -3 -5 -13
right_child=1 3 7 15 12 6 -8 10 -10 -11 -12 13 -14 -15 -16 -17 -18
leaf_value=-0.010791171595849237 0.29277236702803727 -0.060186031349190428 0.39504896031306691 -0.7353965661252766 -0.1359989036258214 0.080545256868994386 -0.060305087475011801 0.086025946868407976 0.42947085012092084 0.44507567054382186 -0.19727147828229386 -0.33119759607768962 0.11533380405092833 -0.081792652171685437 -0.0035398748814674144 -1.3028023486294784 -0.24116502510551305
leaf_weight=60 52 45 41 41 43 76 63 73 69 56 61 58 66 40 66 45 42
leaf_count=60 52 45 41 41 43 76 63 73 69 56 61 58 66 40 66 45 42
internal_value=-0.00225677 -0.0110675 0.0133333 -0.0147863 -0.0107214 -0.0151282 -0.00323741 0.000285714 0.0256757 0.0163793 -0.00671642 -0.0217131 0.00504587 -0.0307143 -0.0103604 -0.0383721 -0.038
internal_weight=997 637 360 585 499 390 139 175 185 116 134 251 109 140 111 86 100
internal_count=997 637 360 585 499 390 139 175 185 116 134 251 109 140 111 86 100
cat_boundaries=0 1
cat_threshold=1
is_linear=0
shrinkage=0.05


Tree=21
num_leaves=18
num_cat=1
split_feature=15 29 8 30 51 10 68 10 8 44 30 63 10 40 32 30 15
split_gain=49.2159 30.6777 31.3778 16.6115 15.0089 13.3316 12.7582 12.605 11.5455 11.4177 15.2587 6.92057 5.2747 5.07329 4.93835 4.65788 4.25772
threshold=36.664999999999999 -81.999999999999872 5890.0907029478467 6.1250000000000009 0 189.96000000000001 32.610500000000009 199.79000000000005 5671.3605442176877 0.035299121066061756 9.6449999999999836 0.91048946805045528 214.66500000000005 -26.288801467341493 0.9118624548435309 15.904999999999974 32.664999999999999
decision_type=2 2 2 2 9 2 2 2 2 2 2 2 2 2 2 2 2
left_child=3 2 12 5 7 -1 -5 15 -7 10 -6 -9 -2 -12 -11 -3 -8
right_child=1 4 -4 6 9 8 16 11 -10 14 13 -13 -14 -15 -16 -17 -18
leaf_value=0.27684028868596883 -0.35003291257327185 0.038906972815031332 0.051093557176282001 0.18623085994357813 -0.12454611719919879 -0.078551222744432214 0.5096981540223785 0.011879842779234196 0.23014840518762966 -0.057300012330065077 -0.0071103640795063816 -0.072974194985845661 -0.91658125149666592 0.31141597875756583 -0.23607289366074041 0.27094313346783672 0.2142962934883853
leaf_weight=57 62 68 47 45 49 69 49 61 71 45 42 43 76 40 48 48 53
leaf_count=57 62 68 47 45 49 69 49 61 71 45 42 43 76 40 48 48 53
internal_value=-0.00241521 -0.0107313 -0.0278378 0.0127907 -0.0036036 0.00329949 0.0255102 0.00565217 -0.005 -0.0123932 -0.00343511 -0.00673077 -0.0398551 0.0097561 -0.0263441 0.0172414 0.0352941
internal_weight=973 629 185 344 444 197 147 220 140 224 131 104 138 82 93 116 102
internal_count=973 629 185 344 444 197 147 220 140 224 131 104 138 82 93 116 102
cat_boundaries=0 1
cat_threshold=49638
is_linear=0
shrinkage=0.05


Tree=22
num_leaves=20
num_cat=1
split_feature=16 8 8 12 15 16 40 15 12 11 30 30 25 35 38 35 68 2 57
split_gain=48.0354 33.8013 57.3215 19.5908 13.6908 13.6695 13.2094 11.6574 10.9453 8.02659 7.64212 6.59687 5.90099 7.13742 5.51446 5.1938 4.73544 3.73236 3.65015
threshold=0.52014256948622561 5530.7482993197291 5405.7596371882091 86.975000000000009 35.745000000000012 0.326326226171819 -31.169013560744776 35.740000000000002 84.145000000000024 3329.7050000000004 8.2000000000001609 11.785000000000084 525.00000000000011 0.28580038393281865 186.73938775510217 0.059991875851160309 50.448000000000015 0 78.00500000000001
decision_type=2 2 2 2 2 2 2 2 2 2 2 2 2 2 2 2 2 9 2
left_child=1 2 4 6 -1 12 14 -5 -7 17 -6 15 13 -3 -4 -8 -2 -10 -12
right_child=16 5 3 7 10 8 11 -9 9 -11 18 -13 -14 -15 -16 -17 -18 -19 -20
leaf_value=0.4423148056476176 -0.57730915821929385 0.049081993392104596 0.14383682818428947 -0.1207532235851842 -0.16576360757450714 -0.12987201651778474 -0.13739341380133113 -0.49767593051735892 0.064619097746764873 0.28546699613307397 0.2958451798196875 -0.0093116885685034512 0.4449714136433473 0.28126033985989296 -0.021940170061471698 -0.096515815346535264 -1.2530577787638351 -0.16070647565327867 0.012987222363443716
leaf_weight=55 41 45 42 43 40 45 52 79 51 41 40 46 52 51 52 64 54 44 46
leaf_count=55 41 45 42 43 40 45 52 79 51 41 40 46 52 51 52 64 54 44 46
internal_value=-0.00462869 -0.00101351 -0.00849732 -0.0195767 0.0146409 0.0117021 -0.0117188 -0.0360656 0.00248619 0.00955882 0.00555556 -0.0203704 0.022973 0.015625 0.00319149 -0.0267241 -0.0384211 0.00157895 0.0139535
internal_weight=983 888 559 378 181 329 256 122 181 136 126 162 148 96 94 116 95 95 86
internal_count=983 888 559 378 181 329 256 122 181 136 126 162 148 96 94 116 95 95 86
cat_boundaries=0 1
cat_threshold=1
is_linear=0
shrinkage=0.05


Tree=23
num_leaves=18
num_cat=2
split_feature=47 13 58 10 51 13 40 30 8 37 68 8 38 30 39 37 12
split_gain=55.5131 35.2663 18.8137 16.1136 15.2964 14.1022 13.1207 13.0317 12.4209 10.4881 11.2296 8.44042 6.43467 4.95901 8.02441 3.68383 0.235052
threshold=0 33.520000000000003 73.200000000000017 189.79000000000005 1 32.845000000000006 -29.597487121646711 6.4750000000001373 5530.7482993197291 0.34781069087492161 83.861000000000004 5921.3378684807258 181.51201814058973 8.6349999999997653 -25.989310670461922 0.024602471745060205 100.22500000000001
decision_type=1 2 2 2 9 2 2 2 2 2 2 2 2 2 2 2 2
left_child=1 3 -2 -1 6 13 11 -5 16 -9 -11 -4 -8 15 -15 -6 -3
right_child=2 8 4 7 5 -7 12 9 -10 10 -12 -13 -14 14 -16 -17 -18
leaf_value=0.13186209856057213 -0.069032263529732033 -0.54796473236426579 -0.1648299878014908 -0.20453061360667385 0.66514899648745462 0.0030490456866528754 0.15812311824341752 0.033213955012170039 -0.3551417714756453 -0.12477778081592571 0.010422382696751421 -8.6812145126979886e-05 -0.042182791840761215 0.16939712726780431 0.11734628042446493 0.27919476556307687 -1.1669493720973032
leaf_weight=46 62 40 42 69 42 74 78 77 44 66 47 53 46 41 60 43 57
leaf_count=46 62 40 42 69 42 74 78 77 44 66 47 53 46 41 60 43 57
internal_value=-0.00420466 -0.0172646 0.00656192 -0.00770492 0.00991649 0.0177778 -0.000218341 -0.0125483 -0.0379433 -0.00578947 -0.0154867 -0.0142105 0.0104839 0.0258065 0.0183168 0.0347059 -0.0479381
internal_weight=987 446 541 305 479 260 219 259 141 190 113 95 124 186 101 85 97
internal_count=987 446 541 305 479 260 219 259 141 190 113 95 124 186 101 85 97
cat_boundaries=0 1 2
cat_threshold=2 146977
is_linear=0
shrinkage=0.05


Tree=24
num_leaves=21
num_cat=0
split_feature=16 73 8 30 10 16 58 16 40 63 73 60 35 61 33 58 22 38 22 9
split_gain=43.8064 29.7024 27.9715 20.3384 17.0388 14.1522 12.5285 12.1222 11.9014 9.07989 7.40787 6.57594 6.39931 5.19234 4.41818 4.12405 3.92735 5.72267 4.59649 1.25
threshold=0.53115419772653782 0.81816791177937198 5671.3605442176877 11.785000000000084 192.77500000000003 0.326326226171819 81.345000000000013 0.36846781799648592 -29.176381546486329 0.90341426198482855 0.95468477520091533 3048.0950000000007 0.13880956226727423 2239.5250000000005 0.40630310743255277 80.285000000000011 335.00000000000006 181.09030612244874 525.00000000000011 2943.1950000000002
decision_type=2 2 2 2 2 2 2 2 2 2 2 2 2 2 2 2 2 2 2 2
left_child=1 4 3 7 15 14 12 10 -5 -7 16 -8 -6 -2 -4 -1 -3 -18 -19 -13
right_child=13 2 5 8 6 9 11 -9 -10 -11 -12 19 -14 -15 -16 -17 17 18 -20 -21
leaf_value=0.4568907988712454 -1.2007350875757656 -0.091266496698582097 0.10180316394120906 0.17509598943725951 -0.25005499528849351 0.19871512263549995 0.19061677554727396 -0.81435629758364603 -0.03765990230135411 -0.12337407508463914 0.012540148625054356 -0.068220406186372637 0.026888306788994148 -0.74494768522169208 0.35706808545571117 0.14107416758032379 -0.017129864067939714 -0.13223865274241789 -0.038449592031347478 0.065441419566655321
leaf_weight=42 42 42 48 47 41 72 58 41 42 43 41 40 40 45 40 64 51 50 41 40
leaf_count=42 42 42 48 47 41 72 58 41 42 43 41 40 40 45 40 64 51 50 41 40
internal_value=-0.00350515 -0.000169875 -0.00716846 -0.0156338 0.0118462 0.00763547 0.00388128 -0.0225564 0.00505618 -0.00391304 -0.018 0.0130435 -0.0117284 -0.0373563 0.0227273 0.0283019 -0.0222826 -0.0183099 -0.0258242 0.00375
internal_weight=970 883 558 355 325 203 219 266 89 115 225 138 81 87 88 106 184 142 91 80
internal_count=970 883 558 355 325 203 219 266 89 115 225 138 81 87 88 106 184 142 91 80
is_linear=0
shrinkage=0.05


Tree=25
num_leaves=17
num_cat=1
split_feature=16 8 15 16 30 33 30 8 32 30 42 40 47 8 62 10
split_gain=40.8172 43.7777 26.15 20.6818 20.7999 19.1845 16.9068 21.6296 13.0157 12.004 9.49323 9.33333 9.25863 4.08687 2.63523 0.872727
threshold=0.4060476246292431 7720.0000000000009 37.580000000000005 0.19458990541817248 8.5050000000001109 0.019801333834231053 6.3649999999997826 5671.3605442176877 0.81889980067314461 14.875000000000002 0.9472789095306603 -29.048350675145667 0 5468.2539682539691 3170.4650000000006 223.33000000000001
decision_type=2 2 2 2 2 2 2 2 2 2 2 2 1 2 2 2
left_child=2 12 5 9 13 14 7 -7 -6 -4 -8 -10 15 -5 -1 -2
right_child=1 -3 3 4 8 6 10 -9 11 -11 -12 -13 -14 -15 -16 -17
leaf_value=0.58130513974226983 -0.73044040453964831 0.16125315117567648 -0.0024461514539627586 -0.23213884463727466 0.078093651033574726 -0.080688228545857582 0.047400377180137281 0.26278096694620784 1.3214671075489904e-05 0.28332238569064305 0.24907906469267932 -0.11509694334339149 -0.45806194322749794 -0.095866868452450127 0.25632659033920863 -1.0149586378883937
leaf_weight=51 40 51 65 66 78 78 45 58 64 46 61 48 78 60 41 48
leaf_count=51 40 51 65 66 78 78 45 58 64 46 61 48 78 60 41 48
internal_value=-0.00276074 -0.0218894 0.00269382 -0.00550351 -0.0120253 0.0131737 0.00578512 -0.00588235 -0.00157895 0.0130631 0.0207547 -0.0125 -0.0343373 -0.0277778 0.0326087 -0.0454545
internal_weight=978 217 761 427 316 334 242 136 190 111 106 112 166 126 92 88
internal_count=978 217 761 427 316 334 242 136 190 111 106 112 166 126 92 88
cat_boundaries=0 1
cat_threshold=2
is_linear=0
shrinkage=0.05


Tree=26
num_leaves=20
num_cat=1
split_feature=13 8 15 68 2 8 12 63 30 33 15 15 68 33 57 13 16 57 12
split_gain=46.0602 47.175 25.5642 29.2127 17.5545 13.0596 14.4734 19.4491 10.7115 10.2204 9.00487 8.43454 6.40197 6.25809 4.24286 3.23992 4.82852 0.996226 0.971082
threshold=44.390000000000008 6870.9750566893426 36.664999999999999 1.0000000180025095e-35 0 5671.3605442176877 86.350000000000009 0.84576909272747036 1.2649999999998729 0.55324796009176358 39.985000000000007 33.165000000000013 41.590500000000013 0.724614192120829 72.75500000000001 12.805000000000001 0.26234667680021156 89.725000000000009 78.390000000000015
decision_type=2 2 2 2 9 2 2 2 2 2 2 2 2 2 2 2 2 2 2
left_child=2 17 4 -4 8 6 7 -5 -1 18 14 12 -6 15 -7 -9 -17 -2 -10
right_child=1 -3 3 5 11 10 -8 13 9 -11 -12 -13 -14 -15 -16 16 -18 -19 -20
leaf_value=0.0031646140034235163 -0.98701246908367501 0.21734664709257548 0.25401691379381558 0.10611273774144664 0.16814409955015586 0.024115941716575919 -0.2760422350553921 0.0033257867208584036 0.22901064096439594 0.11858459070202346 -0.053273385229173666 0.25003243222416582 -0.16535646670292259 -0.072161266882533326 0.20270450801674642 -0.088919341440486091 -0.016345353551680122 -0.8139086715574898 0.72675588941002411
leaf_weight=41 66 40 49 41 45 40 77 48 40 47 44 50 42 69 44 54 53 40 46
leaf_count=41 66 40 49 41 45 40 77 48 40 47 44 50 42 69 44 54 53 40 46
internal_value=-0.00286885 -0.0287671 0.00168675 -0.00510597 0.0130225 -0.00893617 -0.0140351 -0.00849057 0.0235632 0.0304511 0.0046875 -0.000364964 -0.00977011 -0.0142857 0.0142857 -0.00870968 -0.0135514 -0.0462264 0.0406977
internal_weight=976 146 830 519 311 470 342 265 174 133 128 137 87 224 84 155 107 106 86
internal_count=976 146 830 519 311 470 342 265 174 133 128 137 87 224 84 155 107 106 86
cat_boundaries=0 1
cat_threshold=1
is_linear=0
shrinkage=0.05


Tree=27
num_leaves=18
num_cat=2
split_feature=16 33 8 16 51 39 30 12 47 62 57 59 57 44 10 12 12
split_gain=40.1773 25.424 37.0322 20.4461 19.0491 14.5805 19.8099 10.6849 9.59436 9.48406 8.63171 7.70233 5.9452 5.43294 4.54606 3.79282 2.61324
threshold=0.53115419772653782 0.0042047609650249515 5671.3605442176877 0.40510115501557203 0 -26.665042291971563 11.785000000000084 84.355000000000018 1 3853.6400000000003 77.940000000000012 1971.1600000000001 92.345000000000013 0.036433229373405103 194.12500000000003 81.745000000000019 82.395000000000024
decision_type=2 2 2 2 9 2 2 2 1 2 2 2 2 2 2 2 2
left_child=1 8 3 5 15 6 7 13 -1 10 -6 -2 16 -3 -7 -4 -10
right_child=11 2 4 -5 9 14 -8 -9 12 -11 -12 -13 -14 -15 -16 -17 -18
leaf_value=0.0013793127774562987 -1.0659627459867698 -0.035208725092264581 0.36575351797885131 -0.61505352833485483 -0.071112600993046199 -0.04498172576096994 0.096101989065462107 -0.16642082040428108 0.11520121198498497 -0.058990306481909088 0.16673547891113319 -0.40354758268866214 0.29014115472640883 0.011419998444901549 -0.1638425928689988 0.19895356838112727 0.12413921513443181
leaf_weight=76 46 67 43 46 51 42 70 69 40 57 64 40 44 68 57 65 42
leaf_count=76 46 67 43 46 51 42 70 69 40 57 64 40 44 68 57 65 42
internal_value=-0.00339412 -0.000277469 -0.00479256 -0.0142005 0.00928571 -0.0103217 -0.00437956 -0.0122549 0.0153465 -0.00164835 0.00652174 -0.0360465 0.0238095 -0.00407407 -0.0267677 0.0245763 0.0158537
internal_weight=987 901 699 419 280 373 274 204 202 172 115 86 126 135 99 108 82
internal_count=987 901 699 419 280 373 274 204 202 172 115 86 126 135 99 108 82
cat_boundaries=0 1 2
cat_threshold=83078 2
is_linear=0
shrinkage=0.05


Tree=28
num_leaves=21
num_cat=1
split_feature=16 58 14 51 68 57 31 13 61 59 63 14 13 44 17 33 35 13 13 57
split_gain=42.6688 29.9517 33.6167 21.6899 14.8145 13.2972 12.7924 12.6074 9.99965 8.66667 8.61367 10.3641 7.85864 7.81159 7.03302 5.38083 5.37275 4.61831 5.39429 2.71882
threshold=0.53115419772653782 70.280000000000015 130.66500000000005 0 83.300000000000125 73.750000000000014 603.07000000000028 20.655000000000005 1333.7500000000002 1971.1600000000001 0.89370724699096304 109.89000000000001 36.500000000000007 0.037000283527076801 1145.0000000000002 0.5753095114614124 0.12830565502688768 10.410000000000002 17.065000000000005 87.325000000000017
decision_type=2 2 2 9 2 2 2 2 2 2 2 2 2 2 2 2 2 2 2 2
left_child=1 14 3 5 15 16 12 17 10 -2 11 -9 13 -7 -1 -4 -3 -5 -19 -10
right_child=9 2 4 7 -6 6 -8 8 19 -11 -12 -13 -14 -15 -16 -17 -18 18 -20 -21
leaf_value=-0.12395945076071567 -1.0734974295140254 -0.076117033100861445 -0.14156325981568543 0.32696707172691702 0.00074318931689392191 0.034349219136351132 0.30245596656890844 0.24274851031764719 0.21713886244250885 -0.44908855572369166 -0.20607002676714795 -0.031014762286017586 0.15431183317974606 -0.12166579240315692 -0.036325924910406385 -0.30270271107133628 -0.0083753604497326713 0.081951591895291442 0.37047266160909631 0.26080863688776307
leaf_weight=55 49 59 41 41 61 48 44 44 42 42 43 50 44 44 49 45 45 56 43 40
leaf_count=55 49 59 41 41 61 48 44 44 42 42 43 50 44 44 49 45 45 56 43 40
internal_value=-0.00309645 0.000223714 0.0035443 0.00847589 -0.0180272 -0.00204082 0.00611111 0.0163957 0.00936073 -0.0357143 0.00109489 0.00957447 -0.00147059 -0.00978261 -0.025 -0.0313953 -0.0163462 0.0285714 0.0227273 0.0231707
internal_weight=985 894 790 643 147 284 180 359 219 91 137 94 136 92 104 86 104 140 99 82
internal_count=985 894 790 643 147 284 180 359 219 91 137 94 136 92 104 86 104 140 99 82
cat_boundaries=0 1
cat_threshold=244225
is_linear=0
shrinkage=0.05


Tree=29
num_leaves=19
num_cat=0
split_feature=13 8 15 57 68 15 8 34 16 15 17 30 39 12 30 38 73 44
split_gain=40.7164 33.9842 29.3907 23.3906 22.1634 14.6183 11.1688 15.1873 10.2469 9.9057 9.85107 7.49739 6.81844 4.58526 4.35201 4.31783 4.1122 0.504396
threshold=45.125000000000007 5890.0907029478467 36.664999999999999 78.50500000000001 1.0000000180025095e-35 32.170000000000009 5530.7482993197291 0.92277591874897646 0.19708908622875962 39.99000000000003 3135.0000000000005 13.350000000000138 -27.013027295262908 83.045000000000002 9.6449999999999836 168.64687074829934 0.88203464152822553 0.037850864757584306
decision_type=2 2 2 2 2 2 2 2 2 2 2 2 2 2 2 2 2 2
left_child=2 17 3 5 -4 -1 7 14 -9 11 15 -8 13 -10 -6 -5 -7 -2
right_child=1 -3 4 10 6 16 9 8 12 -11 -12 -13 -14 -15 -16 -17 -18 -19
leaf_value=-0.060238990734923982 -0.92370612439261834 0.083045533577659675 0.24972504848753416 0.3789735158414641 -0.17223214833837047 0.34689959176902585 -0.0040507567031463857 -0.010751064718231213 -0.1092197995164927 -0.056993017596255691 0.020697973997394661 0.20819564478509439 -0.21648635495880086 -0.086507798786176968 0.077077389540024924 0.25173844067286522 -0.011094706076714346 -0.92061401867488457
leaf_weight=59 40 44 46 44 40 65 55 75 50 42 45 47 59 45 65 74 42 51
leaf_count=59 40 44 46 44 40 65 55 75 50 42 45 47 59 45 65 74 42 51
internal_value=-0.00374494 -0.0292593 0.000293083 0.0120061 -0.00706107 -0.00120482 -0.010251 -0.0152695 -0.0224891 0.00138889 0.0254601 0.00980392 -0.0298701 -0.0215789 0.00047619 0.0330508 0.00981308 -0.0467033
internal_weight=988 135 853 329 524 166 478 334 229 144 163 102 154 95 105 118 107 91
internal_count=988 135 853 329 524 166 478 334 229 144 163 102 154 95 105 118 107 91
is_linear=0
shrinkage=0.05


Tree=30
num_leaves=17
num_cat=0
split_feature=16 73 8 12 16 12 15 29 43 40 59 15 39 43 40 16
split_gain=38.3289 33.4104 39.0569 14.1331 13.7924 11.3869 10.9493 11.0644 10.3228 9.75381 9.10707 8.33387 5.05358 4.73226 7.86006 3.9766
threshold=0.53115419772653782 0.7415454406548353 5671.3605442176877 86.975000000000009 0.326326226171819 87.435000000000016 35.745000000000012 -62.105000000000011 0.95428660294927192 -29.048350675145667 1939.4900000000002 37.589999999999996 -23.248596243712836 0.96220371392242965 -30.853812893056922 0.31653309957383097
decision_type=2 2 2 2 2 2 2 2 2 2 2 2 2 2 2 2
left_child=1 6 3 9 12 -6 -1 15 -7 13 -2 -5 -4 -3 -15 -8
right_child=10 2 4 11 5 8 7 -9 -10 -11 -12 -13 -14 14 -16 -17
leaf_value=0.31368504780786144 -0.95735084708191076 -0.029042335764410423 0.3384811541070345 -0.11833614174803074 -0.082132586357323345 -0.024897409093094937 -0.080490891299012088 0.19995574814007686 0.31575586889440088 -0.070242230648294643 -0.31473046954841349 -0.47275181373848696 0.14782324339705852 0.043076603351583392 -0.017741096556430368 0.05994630819990443
leaf_weight=72 46 79 57 78 64 51 51 59 42 73 44 44 54 45 69 62
leaf_count=72 46 79 57 78 64 51 51 59 42 73 44 44 54 45 69 62
internal_value=-0.00333333 -0.000222222 -0.00609756 -0.0162371 0.00858209 -0.000955414 0.0155738 0.00872093 0.0102151 -0.00977444 -0.0344444 -0.0303279 0.0220721 -0.00388601 0.00263158 -0.000442478
internal_weight=990 900 656 388 268 157 244 172 93 266 90 122 111 193 114 113
internal_count=990 900 656 388 268 157 244 172 93 266 90 122 111 193 114 113
is_linear=0
shrinkage=0.05


Tree=31
num_leaves=17
num_cat=1
split_feature=33 16 61 51 68 13 68 15 36 44 68 15 12 38 68 57
split_gain=39.7081 26.9734 17.5352 15.1456 15.9672 14.0804 10.6108 9.88568 9.83551 9.77857 10.0223 9.18754 12.3308 7.78846 4.04076 3.62528
threshold=0.0042047609650249515 0.52890779489752504 3462.6700000000005 0 83.897500000000022 18.740000000000006 26.647499999999994 35.745000000000012 -0.012614648918842749 0.0350155939892259 77.90000000000002 37.580000000000005 83.515000000000015 178.2381632653061 34.02000000000001 83.280000000000015
decision_type=2 2 2 9 2 2 2 2 2 2 2 2 2 2 2 2
left_child=11 2 3 6 5 -5 -2 -7 -8 -10 13 15 -13 -11 -9 -1
right_child=1 -3 -4 4 -6 7 8 14 9 10 -12 12 -14 -15 -16 -17
leaf_value=0.32432339985061126 0.018698934371717376 -0.75772659167345846 0.24174661567234015 0.058121747174921523 0.081981752600485555 0.012706741623211127 -0.1523466299341168 -0.12589098147056568 -0.10850542123129817 -0.00036484367017245448 0.02482944827152439 0.077382987306443565 -0.070036766425592853 -0.17597919094354664 -0.23954116035145345 0.35419498613666955
leaf_weight=43 60 79 43 72 62 67 67 43 64 40 56 74 47 64 54 42
leaf_count=43 60 79 43 72 62 67 67 43 64 40 56 74 47 64 54 42
internal_value=-0.00445241 -0.00966278 -0.00650289 -0.00855162 0 -0.0059322 -0.015374 -0.0140244 -0.0197595 -0.0147321 -0.008125 0.0150485 0.00619835 -0.0173077 -0.0242268 0.0276471
internal_weight=977 771 692 649 298 236 351 164 291 224 160 206 121 104 97 85
internal_count=977 771 692 649 298 236 351 164 291 224 160 206 121 104 97 85
cat_boundaries=0 1
cat_threshold=44811
is_linear=0
shrinkage=0.05


Tree=32
num_leaves=18
num_cat=0
split_feature=13 33 8 16 25 15 16 42 14 57 68 38 40 58 12 13 57
split_gain=33.4524 22.7933 22.1797 19.9484 13.2737 14.6087 12.1407 13.6234 9.21604 9.1686 9.20748 7.23083 6.63179 7.39392 6.02669 5.80493 4.23705
threshold=52.985000000000007 0.0042047609650249515 5671.3605442176877 0.22309394008821273 420.00000000000017 36.664999999999999 0.326326226171819 0.98908088327668409 125.48500000000003 92.910000000000011 41.590500000000013 188.31209750566907 -30.773547778468018 73.200000000000017 89.555000000000021 30.550000000000001 88.390000000000015
decision_type=2 2 2 2 2 2 2 2 2 2 2 2 2 2 2 2 2
left_child=1 8 3 12 -5 -6 11 14 9 10 -1 -4 13 -3 -8 -7 -2
right_child=16 2 6 4 5 15 7 -9 -10 -11 -12 -13 -14 -15 -16 -17 -18
leaf_value=0.20862360070389696 -1.0003964731420403 -0.010765602339716906 0.38021129431395606 -0.14472929843741103 0.017919342803523992 -0.070840330697901618 -0.19942271568154876 0.1224547561184257 -0.047519951428694862 0.27726745802360625 -0.040331065088085531 0.0073557423342326183 -0.016224581089217007 0.13756826522721005 -0.015396730070013033 -0.33014802678950517 -0.23513955054174299
leaf_weight=64 42 41 75 77 60 77 46 67 42 44 57 41 67 42 49 47 40
leaf_count=64 42 41 75 77 60 77 46 67 42 44 57 41 67 42 49 47 40
internal_value=-0.00357873 -0.00078125 -0.00515239 -0.0125304 -0.0208812 -0.013587 0.0057554 -0.00308642 0.0137681 0.0190909 0.0119835 0.0181034 0.002 0.0114458 -0.0152632 -0.0233871 -0.0341463
internal_weight=978 896 689 411 261 184 278 162 207 165 121 116 150 83 95 124 82
internal_count=978 896 689 411 261 184 278 162 207 165 121 116 150 83 95 124 82
is_linear=0
shrinkage=0.05


Tree=33
num_leaves=18
num_cat=0
split_feature=40 8 16 39 12 10 13 27 16 12 57 16 22 57 19 57 12
split_gain=31.7648 31.7147 30.9703 22.793 12.9231 11.3807 9.63349 8.17169 7.42749 7.2278 6.42485 5.80361 5.75694 5.56687 4.60051 3.35473 1.94698
threshold=-23.624761620906217 5671.3605442176877 0.40510115501557203 -21.390366266169384 83.155000000000015 192.77500000000003 13.705000000000002 120.00000000000013 0.26202292869490923 86.975000000000009 90.685000000000016 0.1383691788852556 424.99999999999994 77.940000000000012 335.00000000000006 76.465000000000018 100.26500000000001
decision_type=2 2 2 2 2 2 2 2 2 2 2 2 2 2 2 2 2
left_child=1 2 6 4 13 -2 11 8 -8 -10 15 -1 14 -3 -6 -7 -4
right_child=5 3 16 -5 12 10 7 -9 9 -11 -12 -13 -14 -15 -16 -17 -18
leaf_value=-0.01116316544949052 0.24145349337807043 0.15393922809185742 -0.42936786742099697 -0.19425693958948773 -0.022888142408406344 0.052043393421866313 -0.072940889303217113 -0.0019565010189972463 -0.0050037058708834008 -0.16071796806087946 0.087044964200178487 0.042792474526874728 -0.03912583619408401 0.30279214699278828 0.20666068291350898 -0.08382709643041375 -0.91966220140226551
leaf_weight=56 62 50 41 62 61 54 71 68 52 74 52 60 45 49 50 41 51
leaf_count=56 62 50 41 62 61 54 71 68 52 74 52 60 45 49 50 41 51
internal_value=-0.00465465 -0.00924051 -0.0174419 0.00299685 0.00960784 0.0126794 -0.0111549 -0.0164151 -0.0215736 -0.0142857 0.00510204 0.000862069 0.000641026 0.0237374 0.00675676 -0.00263158 -0.0434783
internal_weight=999 790 473 317 255 209 381 265 197 126 147 116 156 99 111 95 92
internal_count=999 790 473 317 255 209 381 265 197 126 147 116 156 99 111 95 92
is_linear=0
shrinkage=0.05


Tree=34
num_leaves=19
num_cat=1
split_feature=40 8 16 15 15 16 61 63 47 10 13 16 29 12 68 10 10 32
split_gain=36.5954 36.2274 22.6066 11.2438 17.8893 10.3749 11.4203 10.606 10.3883 10.3718 8.64052 8.24381 5.38683 4.70655 7.49905 3.98232 3.10955 1.65225
threshold=-23.624761620906217 5671.3605442176877 0.40510115501557203 35.745000000000012 32.170000000000009 0.34096250294927438 1281.3800000000003 0.89006863335028075 0 192.77500000000003 13.705000000000002 0.1383691788852556 -73.999999999999872 87.590000000000018 42.8645 194.24000000000004 231.02000000000001 0.90763787027974108
decision_type=2 2 2 2 2 2 2 2 1 2 2 2 2 2 2 2 2 2
left_child=1 2 3 4 -1 8 -7 -8 -3 -2 11 -5 -12 14 -11 -6 -4 -14
right_child=9 5 16 10 15 6 7 -9 -10 13 12 -13 17 -15 -16 -17 -18 -19
leaf_value=-0.085378596101942872 0.25063159296346671 0.37502659106406339 -0.51524232723170849 -0.0285460876432393 0.019431754936088022 -0.26378319756446578 0.17803754380066716 -0.038288107659885912 -0.0031465994867420802 -0.11519005014756736 -0.13026248644607122 0.019296401898738096 -0.087650616674494058 0.17573290409259804 0.070382741718168718 0.19465883548648044 -0.79188044615370934 -0.17611766798414061
leaf_weight=42 62 73 48 40 40 54 71 44 60 48 76 52 50 45 49 43 41 46
leaf_count=42 62 73 48 40 40 54 71 44 60 48 76 52 50 45 49 43 41 46
internal_value=-0.00365854 -0.00858974 -0.0171548 -0.0119537 0.0004 0.00496689 -0.00325444 0.00565217 0.0154135 0.0151961 -0.017803 -0.00543478 -0.0244186 0.00774648 0.00154639 0.0138554 -0.0398876 -0.0322917
internal_weight=984 780 478 389 125 302 169 115 133 204 264 92 172 142 97 83 89 96
internal_count=984 780 478 389 125 302 169 115 133 204 264 92 172 142 97 83 89 96
cat_boundaries=0 1
cat_threshold=4
is_linear=0
shrinkage=0.05


Tree=35
num_leaves=19
num_cat=1
split_feature=12 58 15 51 14 29 63 12 29 24 33 19 57 61 45 57 58 44
split_gain=29.7476 27.372 19.7015 15.1864 16.4544 11.4394 9.27818 9.19099 8.21129 7.85918 10.8569 6.3375 6.27357 6.26786 5.6006 4.1958 3.68398 3.23096
threshold=105.77000000000002 68.510000000000005 35.745000000000012 0 130.01000000000002 -93.194999999999922 0.88492451505792558 74.575000000000003 -61.914999999999957 3375.0000000000005 0.17821323176387063 399.99999999999972 78.00500000000001 1754.0600000000002 0.015803258235108003 80.155000000000015 111.63000000000001 0.043237879217465212
decision_type=2 2 2 9 2 2 2 2 2 2 2 2 2 2 2 2 2 2
left_child=1 6 5 4 7 -3 -1 -4 11 10 -9 15 17 -13 -14 -5 -15 -7
right_child=-2 2 3 8 -6 12 -8 9 -10 -11 -12 13 14 16 -16 -17 -18 -19
leaf_value=-0.26623459977527447 -0.64297325928770388 -0.11389348922332042 0.068669817334780101 -0.15065775108913848 -0.12396122235589968 -0.0036416319181806324 -0.02814252792194686 0.098007354196212093 0.019486413614695438 0.088452218497547988 -0.087472541601834194 -0.11858389327713231 0.40980745846993455 -0.064093290156912897 0.1315786181626086 -0.081098429037256115 0.018896445078800839 0.17823080754051929
leaf_weight=44 62 54 66 44 43 45 56 48 57 43 43 41 64 47 56 52 72 41
leaf_count=44 62 54 66 44 43 45 56 48 57 43 43 41 64 47 56 52 72 41
internal_value=-0.00357873 -0.00131004 0.00171569 -0.00359712 0.00573123 0.0130769 -0.026 0.012 -0.0106811 0.00447761 -0.00384615 -0.0148438 0.0184466 -0.00875 0.0258333 -0.025 -0.00294118 0.00813953
internal_weight=978 916 816 556 243 260 100 200 313 134 91 256 206 160 120 96 119 86
internal_count=978 916 816 556 243 260 100 200 313 134 91 256 206 160 120 96 119 86
cat_boundaries=0 1
cat_threshold=49609
is_linear=0
shrinkage=0.05


Tree=36
num_leaves=20
num_cat=1
split_feature=13 21 51 57 12 43 42 31 32 60 48 30 30 25 44 61 60 58 12
split_gain=25.8291 16.9549 18.6495 13.2834 14.7339 9.83283 11.0276 9.30534 9.28301 7.62068 7.3385 5.46254 5.73437 10.6719 5.3909 4.86233 8.05336 7.48301 4.82118
threshold=58.980000000000011 4695.0000000000009 0 85.920000000000016 75.780000000000015 0.73832440796268328 0.93750988091225207 696.26500000000021 0.86404911843683008 2922.3150000000005 1.0000000180025095e-35 13.814999999999829 7.1449999999999827 454.99999999999994 0.054011908137227053 1751.5600000000002 3195.4000000000005 117.74000000000002 84.080000000000013
decision_type=2 2 9 2 2 2 2 2 2 2 2 2 2 2 2 2 2 2 2
left_child=1 2 3 4 8 14 -7 11 -1 -5 15 12 13 -6 18 -8 17 -17 -4
right_child=-2 -3 5 9 7 6 10 -9 -10 -11 -12 -13 -14 -15 -16 16 -18 -19 -20
leaf_value=0.097553878570944885 -0.87323081272416836 0.21383185468416804 0.0017144692881678305 0.017325365708652951 -0.0046191795622944152 -0.12682105891304205 -0.088044320208196414 0.07606981133915823 -0.001022956754354623 0.32504172705315865 0.041088093443132939 -0.27676340899351609 0.0086992857156150908 -0.30139228735371848 0.078802053583772347 -0.078270386716891308 -0.099997046997855249 0.024742113185092476 -0.066309565753196686
leaf_weight=46 43 41 63 67 48 51 54 42 40 47 45 44 43 44 58 40 74 45 50
leaf_count=46 43 41 63 67 48 51 54 42 40 47 45 44 43 44 58 40 74 45 50
internal_value=-0.0051269 -0.00339703 -0.00482797 0.00290023 -0.002443 -0.0114286 -0.0169903 -0.00927602 0.0151163 0.0175439 -0.0127907 -0.0142458 -0.00925926 -0.0163043 -0.00204678 -0.0166667 -0.0122642 -0.00176471 -0.00840708
internal_weight=985 942 901 421 307 480 309 221 86 114 258 179 135 92 171 213 159 85 113
internal_count=985 942 901 421 307 480 309 221 86 114 258 179 135 92 171 213 159 85 113
cat_boundaries=0 1
cat_threshold=115140
is_linear=0
shrinkage=0.05


Tree=37
num_leaves=18
num_cat=1
split_feature=10 51 40 16 15 8 68 18 32 25 32 60 9 30 30 38 37
split_gain=28.0398 21.7761 23.4033 11.9697 10.8621 10.7719 10.4103 9.16825 8.7474 7.8869 6.54636 6.13451 8.16667 5.77988 5.60667 4.43341 4.27724
threshold=229.71500000000003 0 -23.624761620906217 0.52890779489752504 37.585000000000001 5671.3605442176877 96.196500000000029 1545.0000000000002 0.89983181963338266 454.99999999999994 0.94771248574729328 3028.0200000000004 3084.0700000000002 8.6349999999997653 10.225000000000025 181.24936507936516 0.52751715234968366
decision_type=2 9 2 2 2 2 2 2 2 2 2 2 2 2 2 2 2
left_child=1 6 3 5 -4 7 8 -3 9 14 -10 -7 -13 -11 -1 -9 -17
right_child=-2 2 4 -5 -6 11 -8 15 10 13 -12 12 -14 -15 -16 16 -18
leaf_value=0.17615301743377129 -0.38846978101449681 -0.11866311763340583 0.29177776666435734 -0.61049733039176268 -0.0033257797550126258 0.088675045247995507 0.10402196227891132 0.00030759776723350286 -0.033905676737141337 -0.077880417104739683 0.034106894333132902 -0.040807865300884399 0.06846909432338065 0.074642240895346421 0.044558580641069781 -0.0017213040595059738 -0.096819296737719107
leaf_weight=60 68 72 57 44 67 69 45 67 44 46 42 56 42 52 40 48 65
leaf_count=60 68 72 57 44 67 69 45 67 44 46 42 56 42 52 40 48 65
internal_value=-0.00284553 -0.000545852 -0.00628141 -0.0115551 0.0129032 -0.00894988 0.00958702 -0.0154762 0.00633803 0.0121212 -0.00697674 0.000898204 -0.00714286 0.00204082 0.022 -0.00944444 -0.0154867
internal_weight=984 916 587 463 124 419 329 252 284 198 86 167 98 98 100 180 113
internal_count=984 916 587 463 124 419 329 252 284 198 86 167 98 98 100 180 113
cat_boundaries=0 1
cat_threshold=114884
is_linear=0
shrinkage=0.05


Tree=38
num_leaves=19
num_cat=1
split_feature=2 68 10 14 25 30 35 58 16 5 10 43 22 68 44 57 45 18
split_gain=32.9093 34.7538 20.1102 16.7854 14.2086 12.5781 11.5331 9.13518 12.4351 7.9868 8.01922 6.21818 6.10153 5.92956 4.44451 4.14652 4.11136 3.51347
threshold=0 31.925000000000008 229.71500000000003 123.66500000000001 335.00000000000006 11.785000000000084 0.023347758631392004 70.540000000000006 0.41989681446466776 0.19615384615384618 195.26000000000002 0.99723949087200958 344.99999999999983 63.325999999999993 0.036433229373405103 95.055000000000021 0.013165447538872301 1515.0000000000002
decision_type=9 2 2 2 2 2 2 2 2 2 2 2 2 2 2 2 2 2
left_child=3 6 7 4 -1 13 -2 17 12 15 -11 -7 -9 -5 -12 -6 -15 -3
right_child=1 2 -4 5 9 11 -8 8 -10 10 14 -13 -14 16 -16 -17 -18 -19
leaf_value=-0.019476170712456432 -0.0096079488535276703 -0.095429437391827285 -0.62255252843021991 -0.067107497430943228 0.35480686478474349 -0.011559249941827835 0.46900731299545362 -0.084590819700614758 -0.47053307896683522 -0.00039920973759142168 0.072058270334592667 0.095834091587803497 0.073363878517418907 0.014699311714955508 0.42068453343684314 0.16890470973502156 -0.024930068256530311 -0.18458636872638901
leaf_weight=45 44 44 48 55 58 40 51 58 74 75 43 55 72 41 42 43 44 41
leaf_count=45 44 44 48 55 58 40 51 58 74 75 43 55 72 41 42 43 44 41
internal_value=-0.00220966 -0.0125 -0.0200297 0.00600739 0.0137255 -0.00404255 0.0142105 -0.0150519 -0.00931373 0.0181992 0.01125 0.01 0 -0.0135714 0.0217647 0.0292079 -0.00529412 -0.0288235
internal_weight=973 432 337 541 306 235 95 289 204 261 160 95 130 140 85 101 85 85
internal_count=973 432 337 541 306 235 95 289 204 261 160 95 130 140 85 101 85 85
cat_boundaries=0 1
cat_threshold=1
is_linear=0
shrinkage=0.05


Tree=39
num_leaves=19
num_cat=1
split_feature=10 58 51 15 59 18 30 63 15 16 68 32 68 40 16 33 33 19
split_gain=29.4422 18.6875 20.1095 15.4889 14.338 13.5574 8.57962 7.16061 7.34578 7.43794 6.44647 8.92305 9.31446 8.79629 5.75275 5.4387 4.81264 2.35471
threshold=236.49500000000003 69.175000000000011 0 38.374999999999993 2958.6150000000002 1535.0000000000002 9.6449999999999836 0.9255727307920707 39.979999999999983 0.35292919192883671 112.87200000000001 0.90437792205707035 41.590500000000013 -42.141841609612932 0.34937179875939794 0.55904194470915503 0.54889384064901503 384.99999999999994
decision_type=2 2 9 2 2 2 2 2 2 2 2 2 2 2 2 2 2 2
left_child=1 5 4 10 7 -1 -5 8 9 -3 11 12 -4 -14 15 -8 -13 -15
right_child=-2 2 3 6 -6 -7 14 -9 -10 -11 -12 16 13 17 -16 -17 -18 -19
leaf_value=-0.1038299165626449 -0.67845334730156281 -0.013305245728777323 0.29063062524642863 -0.15063905864825702 0.1055252329406095 -0.027749175766854251 0.063101852929890331 -0.13135547182464452 0.035401415061075879 -0.4278219833457268 0.3256720448404255 -0.02629405009108441 -0.11588281205270788 0.050990386605688311 -0.040847103432774604 -0.0092065786751765327 0.019259323922757629 0.15002957083323468
leaf_weight=52 43 64 78 42 44 63 58 50 46 46 40 48 46 45 65 40 54 46
leaf_count=52 43 64 78 42 44 63 58 50 46 46 40 48 46 45 65 40 54 46
internal_value=-0.00257732 -0.000701187 0.00197044 0.00716783 -0.00961538 -0.0195652 -0.00365854 -0.015534 -0.0102564 -0.0172727 0.0135854 0.0111987 0.0169767 0.00912409 0.00153374 0.00918367 -0.000980392 0.0181319
internal_weight=970 927 812 562 250 115 205 206 156 110 357 317 215 137 163 98 102 91
internal_count=970 927 812 562 250 115 205 206 156 110 357 317 215 137 163 98 102 91
cat_boundaries=0 1
cat_threshold=137761
is_linear=0
shrinkage=0.05


Tree=40
num_leaves=18
num_cat=1
split_feature=13 51 8 32 22 61 30 14 39 29 8 25 25 16 17 11 57
split_gain=27.8474 13.9596 14.687 22.7649 9.5958 13.0723 8.44338 8.69963 7.7977 8.98097 10.4705 7.74998 5.49446 5.41283 5.14465 4.50373 4.39384
threshold=52.64500000000001 0 5671.3605442176877 0.7415454406548353 375.00000000000006 1375.2850000000005 6.6649999999999645 117.52000000000002 -26.648777742994124 -66.009999999999977 5468.2539682539691 644.99999999999989 430.00000000000028 0.2834176807355821 3015.0000000000005 2212.1900000000005 85.920000000000016
decision_type=2 9 2 2 2 2 2 2 2 2 2 2 2 2 2 2 2
left_child=1 6 3 13 -4 -6 7 12 9 10 -5 14 -1 -3 15 -8 -2
right_child=16 2 4 8 5 -7 11 -9 -10 -11 -12 -13 -14 -15 -16 -17 -18
leaf_value=-0.08897185831305035 -0.71193558465264994 0.12964515762586623 0.37492778099696272 -0.0057355755535349771 -0.034963428548759092 0.26996724886295093 -0.0064552804663229324 -0.12289723531450228 -0.097287622826247866 0.022584499284363031 -0.11938035417041233 0.028302829861797843 -0.0048742893367743345 0.025004973172989678 0.0094931458023431066 -0.055653821582663993 -0.26228570593195738
leaf_weight=43 43 74 60 54 61 58 44 48 53 56 41 53 75 52 53 60 40
leaf_count=43 43 74 60 54 61 58 44 48 53 56 41 53 75 52 53 60 40
internal_value=-0.00423554 -0.00163842 0.00375723 -0.00242424 0.0153631 0.00714286 -0.00880829 -0.0174699 -0.0127451 -0.00695364 -0.0163158 -0.00238095 -0.0101695 0.0142857 -0.00796178 -0.0144231 -0.0319277
internal_weight=968 885 509 330 179 119 376 166 204 151 95 210 118 126 157 104 83
internal_count=968 885 509 330 179 119 376 166 204 151 95 210 118 126 157 104 83
cat_boundaries=0 1
cat_threshold=145961
is_linear=0
shrinkage=0.05


Tree=41
num_leaves=20
num_cat=0
split_feature=13 18 68 15 68 31 62 18 59 31 61 14 59 12 23 61 39 68 35
split_gain=28.0222 16.6859 15.6257 21.2561 12.0136 10.9114 12.6392 10.3054 7.96817 9.76038 10.91 7.25295 6.58305 5.56879 5.0641 4.97195 6.64293 4.44011 3.76068
threshold=58.980000000000011 4545.0000000000009 3.5039999999999965 35.745000000000012 121.02050000000001 247.89999999999989 3286.5650000000005 1535.0000000000002 2077.4550000000004 596.81000000000006 1751.5600000000002 129.12000000000003 1608.4800000000002 87.27500000000002 3375.0000000000005 2116.2900000000004 -23.120169920564511 50.32950000000001 0.086757558250161168
decision_type=2 2 2 2 2 2 2 2 2 2 2 2 2 2 2 2 2 2 2
left_child=1 2 -1 4 5 6 17 13 9 11 -11 15 -7 -5 18 16 -9 -4 -10
right_child=-2 -3 3 7 -6 12 -8 8 14 10 -12 -13 -14 -15 -16 -17 -18 -19 -20
leaf_value=0.1292039376451086 -0.7915296130891355 0.2090187108293812 0.039947246122771812 -0.01209963420863891 0.22966494631284695 0.0046268022616708926 -0.20385222856892524 0.044692040845229875 -0.019343856775246682 -0.10810885088533539 0.00054007774942127777 -0.042208936200570785 0.41329875632077445 -0.1917949317183375 -0.14610976137743972 0.21027475399390685 -0.050590353056359921 -0.026570786525071735 -0.038617556795582181
leaf_weight=57 47 45 41 41 53 77 40 61 65 53 60 42 41 45 63 42 42 40 45
leaf_count=57 47 45 41 41 53 77 40 61 65 53 60 42 41 45 63 42 42 40 45
internal_value=-0.0038 -0.00194124 -0.0034141 -0.00511163 0.00582192 0.00104603 -0.00950413 -0.0108229 -0.00792812 -0.003 -0.0146018 0.0040107 0.0118644 -0.0267442 -0.016474 0.00931034 0.00339806 0.00185185 -0.01
internal_weight=1000 953 908 851 292 239 121 559 473 300 113 187 118 86 173 145 103 81 110
internal_count=1000 953 908 851 292 239 121 559 473 300 113 187 118 86 173 145 103 81 110
is_linear=0
shrinkage=0.05


Tree=42
num_leaves=19
num_cat=3
split_feature=10 68 24 51 2 16 15 39 47 30 39 16 38 15 27 30 38 27
split_gain=25.1802 14.9677 14.9299 17.7894 11.9435 10.4894 10.4198 13.1697 8.49829 8.42723 8.28006 5.5827 5.49451 7.05975 4.79883 4.17241 3.92706 2.39024
threshold=236.49500000000003 1.0000000180025095e-35 4930.0000000000009 0 1 0.41989681446466776 39.20000000000001 -27.05751253583642 2 5.0700000000000509 -23.715231173353605 0.29324833870023187 179.92787981859411 35.244999999999983 175.00000000000003 8.6349999999997653 188.2122562358276 85.000000000000014
decision_type=2 2 2 9 9 2 2 2 1 2 2 2 2 2 2 2 2 2
left_child=1 -1 3 8 6 12 7 16 15 -9 -8 -10 13 -6 -11 -3 -5 -13
right_child=-2 2 -4 4 5 -7 10 9 11 14 -12 17 -14 -15 -16 -17 -18 -19
leaf_value=0.20584472007644941 -0.49643917110213281 -0.035881165311997136 0.18885940655534456 -0.0012348305940422578 -0.075162091241040008 -0.51469732514407174 -0.0032130628240166549 -0.0052521319853804371 0.22137484308525504 0.2385866264322335 -0.070895257054012714 -0.0094270834659671635 -0.14602650010234397 0.041804650825572678 0.028155196209439792 0.01801742692269729 -0.048734281442494982 0.094887191110645128
leaf_weight=47 42 58 40 41 45 71 48 47 58 62 59 41 70 67 42 58 44 41
leaf_count=47 42 58 40 41 45 71 48 47 58 62 59 41 70 67 42 58 44 41
internal_value=-0.00259939 -0.000905218 -0.00235426 -0.00375587 -0.00841584 -0.0167984 -0.00247813 0.00338983 0.00714286 0.0122517 -0.0154206 0.0157143 -0.0104396 -0.00357143 0.0201923 -0.00258621 -0.0123529 0.00731707
internal_weight=981 939 892 852 596 253 343 236 256 151 107 140 182 112 104 116 85 82
internal_count=981 939 892 852 596 253 343 236 256 151 107 140 182 112 104 116 85 82
cat_boundaries=0 1 2 3
cat_threshold=114756 1 2
is_linear=0
shrinkage=0.05


Tree=43
num_leaves=18
num_cat=0
split_feature=10 21 16 58 30 12 58 15 16 30 63 15 38 8 38 42 42
split_gain=27.2753 15.3129 12.211 11.27 11.8649 13.6511 10.4237 9.75092 9.13356 7.95728 9.84443 6.74893 9.4542 6.5526 4.75562 4.45408 3.58485
threshold=236.49500000000003 4695.0000000000009 0.2834176807355821 81.050000000000011 -1.7499999999998861 79.295000000000002 147.23500000000004 37.585000000000001 0.33417385252718296 17.310000000000176 0.86294230769230784 37.589999999999996 177.05181405895692 5468.2539682539691 190.30826530612242 0.94312269922602276 0.92732314796858806
decision_type=2 2 2 2 2 2 2 2 2 2 2 2 2 2 2 2 2
left_child=1 2 6 7 -5 -6 9 -4 13 10 -1 12 -12 -7 15 -10 -14
right_child=-2 -3 3 4 5 8 -8 -9 14 -11 11 -13 16 -15 -16 -17 -18
leaf_value=0.12026932471724033 -0.46639957680544203 0.19769256725894374 -0.081552444756763445 -0.13873182164004197 -0.062580134101520843 0.036635210222930682 -0.055332828855538078 -0.25857018979220109 0.0024897056119466579 0.1619238837280558 -0.026036032825552002 -0.022563394652469718 0.0095878561931274867 0.33060887237789638 0.022212511611863661 -0.1302842405283112 0.13624142216638058
leaf_weight=53 48 42 77 57 51 42 44 66 57 53 55 77 44 45 77 41 40
leaf_count=53 48 42 77 57 51 42 44 66 57 53 55 77 44 45 77 41 40
internal_value=-0.00283798 -0.00092291 -0.0023322 -0.00730994 -0.0027027 0.00111821 0.00464481 -0.0192308 0.00572519 0.00776398 0.00427509 -0.000462963 0.00611511 0.0189655 -0.000857143 -0.00816327 0.0166667
internal_weight=969 921 879 513 370 313 366 143 262 322 269 216 139 87 175 98 84
internal_count=969 921 879 513 370 313 366 143 262 322 269 216 139 87 175 98 84
is_linear=0
shrinkage=0.05


Tree=44
num_leaves=21
num_cat=1
split_feature=15 10 22 51 31 30 38 68 68 40 30 22 10 12 44 42 30 39 60 34
split_gain=27.1656 19.9732 14.2024 17.8708 12.985 12.2279 12.8553 9.11816 7.62909 10.9394 6.11891 6.02132 5.84009 11.058 4.64896 4.57539 4.39804 4.16017 3.95122 2.55204
threshold=37.585000000000001 236.49500000000003 115.00000000000001 0 224.51500000000013 5.5900000000000327 192.74326530612248 41.803000000000004 50.159500000000001 -27.409074721380865 8.4200000000000745 355.00000000000006 191.96000000000004 73.535000000000011 0.047490785370002807 0.93750988091225207 15.71499999999992 -23.314574506203627 1945.4050000000002 0.97696514925113787
decision_type=2 2 2 9 2 2 2 2 2 2 2 2 2 2 2 2 2 2 2 2
left_child=5 2 18 17 7 8 12 -5 -1 11 -9 -10 13 -7 -13 -14 19 -4 -2 -6
right_child=1 -3 3 4 16 6 -8 10 9 -11 -12 14 15 -15 -16 -17 -18 -19 -20 -21
leaf_value=0.10897608512961404 -0.23107474669032282 -0.46163112797996092 0.0059507537250118939 0.058853364387251153 -0.068148897910825609 0.17857948880301358 -0.0081725866606848201 -0.082531957523293203 -0.10656893656961529 0.094392713506298076 0.0090354996543694065 -0.11510007963586176 0.11556703418728072 -0.022228833089830771 0.039865818404761381 0.27177099392477011 -0.019728432528867135 0.099002410274920391 -0.052854871218506454 -0.16013365135223909
leaf_weight=68 41 44 66 47 41 41 42 46 45 44 40 40 59 49 47 57 49 42 41 53
leaf_count=68 41 44 66 47 41 41 42 46 45 44 40 40 59 49 47 57 49 42 41 53
internal_value=-0.00289421 -0.0109804 -0.00793991 -0.00390625 -0.0104895 0.0054878 0.0133065 0.00037594 -0.00245902 -0.00795455 -0.00930233 -0.0151515 0.0184466 0.00888889 -0.00747126 0.0258621 -0.0213287 0.0127119 -0.0268293 -0.0276596
internal_weight=1002 510 466 384 276 492 248 133 244 176 86 132 206 90 87 116 143 108 82 94
internal_count=1002 510 466 384 276 492 248 133 244 176 86 132 206 90 87 116 143 108 82 94
cat_boundaries=0 1
cat_threshold=229636
is_linear=0
shrinkage=0.05


Tree=45
num_leaves=17
num_cat=1
split_feature=8 13 32 16 35 39 40 42 39 31 15 30 47 29 44 42
split_gain=17.318 26.1976 14.2675 9.25637 8.48586 8.33508 7.12526 9.22314 10.1721 6.36673 6.35185 5.94106 5.72371 7.26638 4.74846 4.81667
threshold=5671.3605442176877 33.520000000000003 0.7415454406548353 0.25470485929592218 0.068744081000104512 -26.027184062001616 -25.408178765227373 0.88207530178013849 -21.390366266169384 -113.48499999999989 37.585000000000001 11.875000000000115 0 -73.590000000000018 0.050042529061525308 0.97047580439766856
decision_type=2 2 2 2 2 2 2 2 2 2 2 2 1 2 2 2
left_child=1 2 3 -1 -3 11 7 -2 9 -9 -5 12 13 -4 15 -11
right_child=6 4 5 10 -6 -7 -8 8 -10 14 -12 -13 -14 -15 -16 -17
leaf_value=0.15163080909421767 0.29484375072033603 -0.25591010386551716 0.027334707041722164 0.10324338609300221 -0.43921476859827319 -0.078834408863577898 0.10730190264977908 -0.060094889620071396 -0.067171871286664159 0.0099739194261074804 -0.022141232094473329 0.028341577477442082 -0.067075863089565327 -0.017249026533096377 -0.046912952732757023 0.07546001618841594
leaf_weight=58 47 77 41 54 57 60 56 59 45 48 72 71 79 68 41 60
leaf_count=58 47 77 41 54 57 60 56 59 45 48 72 71 79 68 41 60
internal_value=-0.00377644 -0.00871272 -0.00347913 0.0076087 -0.0283582 -0.00987461 0.00505618 0.002 -0.00177866 0.00288462 0 -0.00598456 -0.0106383 -0.00321101 0.00838926 0.0138889
internal_weight=993 637 503 184 134 319 356 300 253 208 126 259 188 109 149 108
internal_count=993 637 503 184 134 319 356 300 253 208 126 259 188 109 149 108
cat_boundaries=0 1
cat_threshold=2
is_linear=0
shrinkage=0.05


Tree=46
num_leaves=19
num_cat=2
split_feature=13 21 51 68 27 40 29 10 40 2 42 45 29 19 29 29 63 73
split_gain=19.2612 14.3316 14.8635 13.1083 11.4306 11.3961 11.1982 10.6231 8.77123 7.69802 7.34626 9.01665 8.47451 5.76471 8.61401 4.84769 4.05 4.02539
threshold=58.980000000000011 4545.0000000000009 0 96.196500000000029 75.000000000000014 -31.268959894632445 -74.845000000000013 197.24500000000003 -39.683868471978755 1 0.98593907785131873 0.010135122112600502 -72.454999999999913 335.00000000000006 -82.224999999999895 -67.329999999999913 0.8981977275921823 0.85204193599911371
decision_type=2 2 9 2 2 2 2 2 2 9 2 2 2 2 2 2 2 2
left_child=1 2 5 4 7 9 -6 8 -4 16 11 -7 -12 -9 -15 -8 -1 -10
right_child=-2 -3 3 -5 6 10 15 13 17 -11 12 -13 -14 14 -16 -17 -18 -19
leaf_value=0.076827380510227861 -0.66012595712086419 0.18543518018078126 -0.030056444981972352 0.15041512169499691 0.29507028150885722 -0.026342111997857999 -0.036968654979993514 -0.14565094003573656 0.13060776522891199 -0.055153029494658015 0.010221710090965841 -0.16728528610546345 -0.03982222726631255 0.071140645032999258 -0.097885287350130259 0.032366958985878068 0.0029980883878203638 0.0040434929871139063
leaf_weight=40 48 41 67 63 45 48 45 51 44 52 68 46 65 42 60 74 40 43
leaf_count=40 48 41 67 63 45 48 45 51 44 52 68 46 65 42 60 74 40 43
internal_value=-0.00244399 -0.000856531 -0.00218365 0.003125 0.000318471 -0.0098916 0.0109756 -0.00537459 0.0038961 0.00151515 -0.0169604 -0.0276596 -0.0093985 -0.0147059 -0.00784314 0.00294118 0.01125 0.0143678
internal_weight=982 934 893 534 471 359 164 307 154 132 227 94 133 153 102 119 80 87
internal_count=982 934 893 534 471 359 164 307 154 132 227 94 133 153 102 119 80 87
cat_boundaries=0 1 2
cat_threshold=16033 1
is_linear=0
shrinkage=0.05


Tree=47
num_leaves=19
num_cat=1
split_feature=10 21 51 58 13 13 10 40 29 15 13 10 68 40 32 15 57 63
split_gain=25.3599 13.9448 12.8969 10.4459 6.98183 6.1549 9.85192 8.03678 8.08609 7.43924 7.10746 7.98397 5.18518 12.3659 10.0622 8.64379 7.26461 4.9529
threshold=236.49500000000003 4695.0000000000009 0 72.915000000000006 19.185000000000002 11.740000000000002 186.27500000000003 -39.683868471978755 -91.024999999999963 35.745000000000012 26.995000000000005 215.06000000000003 41.608500000000006 -39.485063219219718 0.88602178106132345 37.585000000000001 81.495000000000019 0.93273506254563066
decision_type=2 2 9 2 2 2 2 2 2 2 2 2 2 2 2 2 2 2
left_child=1 2 12 4 -4 -5 -7 -8 -9 -10 17 -12 14 -14 15 -1 -15 -11
right_child=-2 -3 3 5 -6 6 7 8 9 10 11 -13 13 16 -16 -17 -18 -19
leaf_value=0.31821899390175751 -0.40124812561945389 0.15965320194192364 -0.0028461538310244894 0.051387362042631252 -0.15298924993224383 -0.080913201854436248 0.13384082878512923 -0.32197352143178359 0.13483311437662213 -0.10608645679263495 -0.080013938203132698 0.03216388327460553 -0.099260517972947993 -0.0004661628889949754 -0.063619295824269839 0.008451339647310192 0.1470513120094685 -0.0046239334365171941
leaf_weight=45 45 41 41 43 69 41 66 50 75 58 52 53 41 74 47 51 49 53
leaf_count=45 45 41 41 43 69 41 66 50 75 58 52 53 41 74 47 51 49 53
internal_value=-0.00221328 -0.000474183 -0.00176211 -0.00597381 -0.02 -0.00295316 -0.0046875 -0.00233415 -0.00542522 -0.00223368 -0.00694444 0.00238095 0.00646688 0.000609756 0.0136364 0.0229167 0.00853659 -0.0157658
internal_weight=994 949 908 601 110 491 448 407 341 291 216 105 307 164 143 96 123 111
internal_count=994 949 908 601 110 491 448 407 341 291 216 105 307 164 143 96 123 111
cat_boundaries=0 1
cat_threshold=41284
is_linear=0
shrinkage=0.05


Tree=48
num_leaves=18
num_cat=4
split_feature=12 40 40 51 14 16 51 38 2 24 42 16 35 22 2 13 12
split_gain=18.7362 11.118 12.3152 10.5253 13.1324 9.59952 10.0225 10.0087 9.23602 9.30556 9.18665 8.80196 7.58754 5.83333 4.71779 4.35672 1.93275
threshold=109.98500000000001 -27.352596109646328 -29.048350675145667 0 117.61000000000003 0.23496781119445892 1 188.2122562358276 2 1605.0000000000002 0.99995514624660331 0.38150601217168573 0.019327390034337501 445.00000000000006 3 27.485000000000003 78.890000000000015
decision_type=2 2 2 9 2 2 9 2 9 2 2 2 2 2 9 2 2
left_child=1 2 5 4 -3 7 15 -1 11 -10 14 13 -4 -8 16 -7 -5
right_child=-2 3 12 10 -6 6 8 -9 9 -11 -12 -13 -14 -15 -16 -17 -18
leaf_value=0.18278633283379336 -0.45680693604617173 0.066653958637725857 -0.019049740957177555 0.064770785353276544 -0.13356162620093551 -0.013623560553250336 -0.054288895786191387 -0.0034000611970449236 -0.058470244814648978 -0.39651548996635833 0.24939699014911476 0.093636937620619545 -0.12239325960985883 0.0019367566331677023 -0.0098025692971694944 0.10216529084883048 0.11490894583921214
leaf_weight=79 42 60 51 42 51 53 40 73 77 68 48 40 55 56 43 70 40
leaf_count=79 42 60 51 42 51 53 40 73 77 68 48 40 55 56 43 70 40
internal_value=-0.00303644 -0.00158562 -0.00513595 0.00669014 -0.0053719 -0.00215827 -0.00618812 0.00855263 -0.0111684 -0.0203448 0.0139344 -0.00220588 -0.0207547 -0.0104167 0.0076 0.0056391 0.0146341
internal_weight=988 946 662 284 111 556 404 152 281 145 173 136 106 96 125 123 82
internal_count=988 946 662 284 111 556 404 152 281 145 173 136 106 96 125 123 82
cat_boundaries=0 1 2 3 4
cat_threshold=15044 106502 1 1
is_linear=0
shrinkage=0.05


Tree=49
num_leaves=19
num_cat=2
split_feature=13 18 51 68 32 8 12 39 2 27 12 18 43 10 58 15 32 68
split_gain=21.2564 14.0437 10.7149 16.3292 11.9881 14.4026 10.5654 8.86995 8.31103 7.553 7.20074 6.8692 6.31064 6.08405 5.37778 4.76499 4.17242 2.69732
threshold=58.980000000000011 4555.0000000000009 0 102.5185 0.7415454406548353 5671.3605442176877 75.780000000000015 -26.027184062001616 1 95.000000000000014 82.285000000000011 2065.0000000000005 0.89733630144018417 192.77500000000003 81.345000000000013 37.580000000000005 0.87325416682031765 43.903000000000006
decision_type=2 2 9 2 2 2 2 2 9 2 2 2 2 2 2 2 2 2
left_child=1 2 6 4 13 7 -1 16 10 11 -8 -7 -12 -4 -15 -10 -6 -18
right_child=-2 -3 3 -5 5 9 8 -9 15 -11 12 -13 -14 14 -16 -17 17 -19
leaf_value=-0.039730969714229403 -0.5915880992139414 0.17311232731327553 0.17669295796990614 0.181152680393769 -0.05487979347007288 0.058734684775173122 -0.046947124400236809 -0.11454938718686983 -0.36938478427242494 0.14177692241319267 -0.016441826471624659 -0.078416632901343333 0.055570971256669037 -0.083889846004580854 0.070629351470849505 -0.10917847365298075 0.0025928942110299948 -0.02247921329071785
leaf_weight=67 45 40 59 62 54 45 69 49 41 54 46 41 73 45 45 52 51 47
leaf_count=67 45 40 59 62 54 45 69 49 41 54 46 41 73 45 45 52 51 47
internal_value=-0.00309645 -0.00148936 -0.00277778 0.00160142 -0.00142857 -0.00659824 -0.00949721 -0.0151741 -0.00551601 0.00571429 0.000531915 -0.00348837 0.00798319 0.0104027 0.00222222 -0.0177419 -0.00921053 -0.00306122
internal_weight=985 940 900 552 490 341 348 201 281 140 188 86 119 149 90 93 152 98
internal_count=985 940 900 552 490 341 348 201 281 140 188 86 119 149 90 93 152 98
cat_boundaries=0 1 2
cat_threshold=146977 1
is_linear=0
shrinkage=0.05


Tree=50
num_leaves=20
num_cat=1
split_feature=12 8 16 15 25 58 63 11 63 30 19 25 40 32 18 2 40 21 17
split_gain=16.5156 10.1479 11.249 11.0576 10.6359 8.34084 8.17985 7.83939 9.50303 6.62278 6.8669 9.52081 6.52852 6.36684 5.8182 4.45601 3.41972 3.2 2.76679
threshold=109.98500000000001 7720.0000000000009 0.43382446951560921 39.20000000000001 644.99999999999989 70.540000000000006 0.87023762081903844 2660.9250000000006 0.82854580826366886 7.7250000000001373 525.00000000000011 430.00000000000028 -29.217117146286267 0.93260066697559485 1535.0000000000002 0 -31.169013560744776 4055.0000000000005 1985.0000000000002
decision_type=2 2 2 2 2 2 2 2 2 2 2 2 2 2 2 9 2 2 2
left_child=1 2 3 5 15 14 7 18 -9 13 11 -11 -4 16 -1 -5 -8 -3 -7
right_child=-2 17 12 4 -6 6 9 8 -10 10 -12 -13 -14 -15 -16 -17 -18 -19 -20
leaf_value=-0.068470093524941336 -0.36906303950919472 0.023438548467237433 -0.32726455477861632 -0.080096854468832301 0.014238366111909428 0.16314290439613643 -0.01747398398933259 -0.13233328108343195 0.12483124107616334 -0.00061416292692433321 -0.030246486834887166 0.12542367363643867 -0.11172248134700853 0.015629187299793613 0.0067969406503592626 -0.061449513135981175 -0.079827043890639215 0.12099146454208294 0.17591503974264122
leaf_weight=57 43 40 50 74 43 51 40 45 54 63 42 64 56 45 44 43 41 40 44
leaf_count=57 43 40 50 74 43 51 40 45 54 63 42 64 56 45 44 43 41 40 44
internal_value=-0.00342186 -0.00202991 -0.0036215 -0.00146667 -0.013125 0.00169492 0.00439673 0.0123711 0.00252525 -0.000847458 0.0056213 0.0114173 -0.0188679 -0.00952381 -0.0113861 -0.0209402 -0.0179012 0.015 0.0226316
internal_weight=979 936 856 750 160 590 489 194 99 295 169 127 106 126 101 117 81 80 95
internal_count=979 936 856 750 160 590 489 194 99 295 169 127 106 126 101 117 81 80 95
cat_boundaries=0 1
cat_threshold=1
is_linear=0
shrinkage=0.05


Tree=51
num_leaves=19
num_cat=2
split_feature=12 21 11 68 25 51 30 14 68 60 18 29 59 8 60 32 2 40
split_gain=20.6889 11.7552 13.3338 10.7315 7.2858 8.12616 7.26241 8.24961 8.09534 8.08805 6.67762 8.60641 8.8452 13.8182 6.92132 5.72404 5.52482 5.09399
threshold=112.82000000000001 4630.0000000000009 3955.6600000000003 1.0000000180025095e-35 125.00000000000001 0 12.08999999999992 123.72500000000002 41.590500000000013 3119.9400000000005 1455.0000000000002 -89.324999999999974 1008.84 5671.3605442176877 2931.0600000000004 0.89571057679199184 1 -41.752155968977782
decision_type=2 2 2 2 2 9 2 2 2 2 2 2 2 2 2 2 9 2
left_child=1 2 3 -1 -5 6 7 8 -6 -8 -7 -12 17 14 15 -14 -10 -13
right_child=-2 -3 -4 4 5 10 9 -9 16 -11 11 12 13 -15 -16 -17 -18 -19
leaf_value=0.18614814118355755 -0.41963648466578896 0.12608484802779785 -0.17200784519551449 -0.12106520166065292 0.10667610057914297 0.059424477877686725 0.13947577901671987 -0.077237956432413379 -0.0055396468615700025 -0.11687680686514385 -0.095930482523632898 -0.10341586624283786 -0.029510461219462405 0.21210297419603213 0.077910032393485554 0.0046523059818665505 -0.20594721793381399 0.0038267244897434273
leaf_weight=44 41 40 44 54 43 48 46 65 79 41 48 47 42 66 77 40 63 62
leaf_count=44 41 40 44 54 43 48 46 65 79 41 48 47 42 66 77 40 63 62
internal_value=-0.0030303 -0.00152792 -0.00269527 -0.00132948 -0.00261876 -0.00136897 -0.00706052 -0.0116 -0.00621622 0.00517241 0.00318182 0.00104712 0.00389222 0.00955556 0.00157233 -0.00853659 -0.0119718 -0.00779817
internal_weight=990 949 909 865 821 767 337 250 185 87 430 382 334 225 159 82 142 109
internal_count=990 949 909 865 821 767 337 250 185 87 430 382 334 225 159 82 142 109
cat_boundaries=0 1 2
cat_threshold=153123 1
is_linear=0
shrinkage=0.05


Tree=52
num_leaves=20
num_cat=2
split_feature=54 30 38 68 2 30 63 44 68 61 61 68 51 58 16 18 13 20 38
split_gain=19.9362 14.1853 10.963 11.3402 9.79604 8.08732 14.0411 13.2245 7.02626 6.74816 8.5575 6.55752 7.67055 10.6361 9.70971 5.80136 3.75215 2.72749 2.56742
threshold=1.0000000180025095e-35 9.3750000000000018 178.99017006802708 22.970499999999998 0 1.1349999999999911 0.9130603210218674 0.045222568755316113 157.67250000000001 1788.7400000000002 1302.4100000000001 91.885500000000022 1 76.210000000000022 0.34971008165128009 2565.0000000000005 33.275000000000006 3005.0000000000005 164.74343537414964
decision_type=2 2 2 2 9 2 2 2 2 2 2 2 9 2 2 2 2 2 2
left_child=2 -2 8 -4 -3 16 7 -7 11 10 -8 12 13 -1 15 -14 -5 -17 -15
right_child=1 4 3 5 -6 6 9 -9 -10 -11 -12 -13 14 18 -16 17 -18 -19 -20
leaf_value=-0.0048302687039146978 -0.17638818139954968 0.016216397972765983 0.044629264451242712 -0.13260483563550962 -0.19480346680140764 0.15978228330251121 -0.016153751167693908 -0.045997967265781009 0.32567343209739297 -0.06398585132937229 0.014923567021381534 -0.022933741811958976 0.11711201440165248 0.26011404594769783 -0.10948978455291113 -0.036120469748972407 -0.026921881352270562 0.03599440924517501 0.18501762085609555
leaf_weight=40 73 60 61 40 44 49 49 49 40 41 52 41 56 41 67 43 41 40 40
leaf_count=40 73 60 61 40 44 49 49 49 40 41 52 41 56 41 67 43 41 40 40
internal_value=-0.00149948 -0.0166667 0.00189873 -0.00418848 -0.00480769 -0.00794393 -0.00333333 0.0112245 0.00759804 -0.0133803 -0.00643564 0.00543478 0.00779817 0.0171756 0.00138889 0.00899281 -0.0216049 0.00060241 0.0290123
internal_weight=967 177 790 382 104 321 240 98 408 142 101 368 327 121 206 139 81 83 81
internal_count=967 177 790 382 104 321 240 98 408 142 101 368 327 121 206 139 81 83 81
cat_boundaries=0 1 2
cat_threshold=1 34054
is_linear=0
shrinkage=0.05


Tree=53
num_leaves=19
num_cat=1
split_feature=8 16 63 51 44 8 22 13 42 45 45 60 59 39 22 22 19 59
split_gain=18.6411 21.4877 10.245 9.12754 9.09683 10.2297 6.62745 5.97301 10.7212 5.71738 5.83333 5.16096 8.02701 7.26402 4.69951 4.26667 3.2 3.0805
threshold=5671.3605442176877 0.45620553202889241 0.85464375129122561 0 0.027643889991494152 7720.0000000000009 355.00000000000006 10.785000000000002 0.91998577524893321 0.031206904660634655 0.023553283620246904 2926.2050000000004 2829.4900000000002 -26.436649994164636 364.99999999999994 424.99999999999994 530.00000000000023 1128.9050000000002
decision_type=2 2 2 9 2 2 2 2 2 2 2 2 2 2 2 2 2 2
left_child=1 2 6 17 -5 14 -1 8 -4 10 11 13 -13 -9 -6 -8 -17 -2
right_child=3 -3 7 4 5 -7 15 9 -10 -11 -12 12 -14 -15 -16 16 -18 -19
leaf_value=-0.038377863468024312 0.061390953535414697 -0.46810209561609223 0.057771037582438213 -0.022005269570367948 0.15179316913738561 0.1654521238596357 0.055600038125203893 -0.010043072689372235 -0.0083251305995273705 -0.1049547804937494 0.0047431979160263765 0.028172291760337712 -0.090438910733610822 -0.090019467793828953 -0.023827047593175322 -0.0083200297849892035 0.13048202026129113 0.21792558734039594
leaf_weight=50 58 77 41 69 53 41 40 55 52 44 40 58 56 41 69 40 40 56
leaf_count=50 58 77 41 69 53 41 40 55 52 44 40 58 56 41 69 40 40 56
internal_value=-0.00326531 -0.00835962 -0.00493716 0.00606936 0 0.00644172 0.00529412 -0.00943152 0.0016129 -0.0129252 -0.01 -0.0133333 -0.00614035 -0.021875 -0.000819672 0.0116667 0.005 0.0169355
internal_weight=980 634 557 346 232 163 170 387 93 294 250 210 114 96 122 120 80 114
internal_count=980 634 557 346 232 163 170 387 93 294 250 210 114 96 122 120 80 114
cat_boundaries=0 1
cat_threshold=82950
is_linear=0
shrinkage=0.05


Tree=54
num_leaves=17
num_cat=1
split_feature=15 51 30 16 35 14 72 10 27 63 32 13 10 33 19 38
split_gain=15.8793 12.8786 12.3637 11.8649 11.8412 11.6487 15.7884 7.0936 6.35206 6.90947 6.30582 4.57841 4.38706 4.23847 3.99641 3.66908
threshold=36.664999999999999 0 1.1349999999999911 0.43382446951560921 0.15549167108083703 130.48000000000002 -23.624761620906217 200.64500000000004 29.99999999999989 0.91658982368296515 0.76303674786612241 26.995000000000005 198.49500000000003 0.17821323176387063 105.00000000000001 187.93411564625845
decision_type=2 9 2 2 2 2 2 2 2 2 2 2 2 2 2 2
left_child=2 3 12 4 15 6 10 8 -4 -10 -3 -7 -1 -12 -15 -2
right_child=1 5 7 -5 -6 11 -8 -9 9 -11 13 -13 -14 14 -16 -17
leaf_value=0.0023626245734806317 -0.027160033325506483 0.047261955169935387 0.10718074320163878 -0.46791171859992037 0.020459609241709566 -0.12426283674213234 0.17750765483535444 0.42712399425481051 -0.063388541553286978 0.13470778482278334 -0.02802408951455139 -0.021230024527944959 -0.12404366469834126 -0.075565225196208105 0.0051225822152916045 -0.11526949187157576
leaf_weight=71 69 48 75 63 72 41 64 60 51 47 60 57 40 45 76 55
leaf_count=71 69 48 75 63 72 41 64 60 51 47 60 57 40 45 76 55
internal_value=-0.00171026 -0.00630769 0.00697674 -0.014684 -0.00918367 -0.000374065 0.00460751 0.0135193 0.0083815 0 -0.00152838 -0.0153061 -0.00675676 -0.0058011 -0.000413223 -0.0185484
internal_weight=994 650 344 259 196 391 293 233 173 98 229 98 111 181 121 124
internal_count=994 650 344 259 196 391 293 233 173 98 229 98 111 181 121 124
cat_boundaries=0 1
cat_threshold=16004
is_linear=0
shrinkage=0.05


Tree=55
num_leaves=19
num_cat=0
split_feature=16 16 15 45 63 30 19 68 14 14 38 39 32 42 27 25 42 34
split_gain=15.6911 10.3878 10.4063 11.9686 13.2224 9.78053 9.49667 8.798 8.67456 6.12739 7.42508 5.99496 5.31003 5.01429 4.56171 6.62427 4.19847 3.07522
threshold=0.52425592365287388 0.14784945999250287 37.585000000000001 0.029815842961002554 0.94267537981714244 9.3750000000000018 465.00000000000006 59.651500000000006 117.21500000000002 123.87500000000001 194.72183673469411 -27.744166214512898 0.86203487000037737 0.89511051430978306 235.00000000000003 495.00000000000006 0.98292500201497424 0.96225081681256863
decision_type=2 2 2 2 2 2 2 2 2 2 2 2 2 2 2 2 2 2
left_child=1 12 3 4 6 9 13 -2 -7 10 -4 -5 -1 17 15 -10 -15 -3
right_child=7 2 5 11 -6 8 -8 -9 14 -11 -12 -13 -14 16 -16 -17 -18 -19
leaf_value=0.19250170631932761 -0.023074319330411087 0.13054791994573178 -0.053703080183618801 -0.072768140390078423 -0.018127690618684311 -0.11652061273276622 0.27939106103548478 -0.48556389497681729 0.001435139895773551 -0.14588021873280482 0.022292386155669031 0.0047722440403038307 0.0040296187925743304 -0.016833803832323167 -0.0052012153428201207 0.042062441709658761 0.097378489619189074 0.095798818703982047
leaf_weight=49 53 48 52 46 44 65 59 45 60 62 40 51 53 63 57 51 41 43
leaf_count=49 53 48 52 46 44 65 59 45 60 62 40 51 53 63 57 51 41 43
internal_value=-0.00142566 0.000678733 -0.00127877 0.00443038 0.00939597 -0.00710594 0.0137795 -0.0204082 -0.000643777 -0.0168831 -0.00869565 -0.0108247 0.0156863 0.00846154 0.00535714 0.0112613 0.000961538 0.017033
internal_weight=982 884 782 395 298 387 254 98 233 154 92 97 102 195 168 111 104 91
internal_count=982 884 782 395 298 387 254 98 233 154 92 97 102 195 168 111 104 91
is_linear=0
shrinkage=0.05


Tree=56
num_leaves=19
num_cat=0
split_feature=16 72 36 14 72 31 21 38 30 10 68 30 68 68 38 63 16 31
split_gain=16.7027 10.575 13.3723 13.6814 8.7963 7.99091 6.8213 11.8303 9.66964 6.51365 7.96845 4.5764 7.82176 4.47383 4.12405 3.70552 3.68497 5.15281
threshold=0.52890779489752504 -27.456250594309687 0.017824445999749503 130.48000000000002 -31.268959894632445 1.0000000180025095e-35 2635.0000000000005 181.67484126984098 1.4099999999999684 192.05000000000004 82.600000000000122 11.785000000000084 45.007000000000012 59.45000000000001 185.74132653061216 0.8535048873042671 0.25470485929592218 249.38500000000002
decision_type=2 2 2 2 2 2 2 2 2 2 2 2 2 2 2 2 2 2
left_child=1 4 3 16 6 14 7 15 -8 -7 -11 12 -9 -2 -6 -1 -3 -18
right_child=13 2 -4 -5 5 9 8 11 -10 10 -12 -13 -14 -15 -16 -17 17 -19
leaf_value=0.08516756290659136 -0.13558246002134844 0.11501316908769593 0.10868878320154747 -0.092408121645367824 -0.044229764168579648 -0.017683340518051451 -0.025008128399189634 -0.011866377216607738 0.070001052764575675 -0.025753987208385665 0.051587350211030683 -0.0014875250159192223 -0.0903309481023577 -0.50451198189001933 -0.13115235876952003 0.0021509954348036238 -0.024453800315349983 0.097428963341333219
leaf_weight=40 48 54 42 55 43 40 48 53 64 68 50 42 46 45 45 78 40 79
leaf_count=40 48 54 42 55 43 40 48 53 64 68 50 42 46 45 45 78 40 79
internal_value=-0.00295918 -0.000845547 0.00740741 0.00263158 -0.00445705 -0.0117886 0.000404313 -0.00405405 0.0107143 -0.00506329 0.000847458 -0.0138298 -0.019697 -0.0231183 -0.0238636 0.00762712 0.00953757 0.00462185
internal_weight=980 887 270 228 617 246 371 259 112 158 118 141 99 93 88 118 173 119
internal_count=980 887 270 228 617 246 371 259 112 158 118 141 99 93 88 118 173 119
is_linear=0
shrinkage=0.05


Tree=57
num_leaves=18
num_cat=1
split_feature=13 8 44 51 61 20 23 12 10 58 23 30 60 61 63 16 29
split_gain=15.2347 8.78284 10.3122 9.71915 7.48511 15.2057 13.0225 12.1563 7.32688 8.50656 6.62618 9.23921 6.45682 11.6259 6.27842 5.92342 3.94733
threshold=58.980000000000011 5671.3605442176877 0.027927417068330004 0 1751.5600000000002 2025.0000000000002 2045.0000000000002 75.925000000000011 212.71500000000003 83.420000000000016 1935.0000000000002 7.5200000000000964 2156.8100000000004 1879.9200000000003 0.84496944236798688 0.36656050149591896 -76.569999999999922
decision_type=2 2 2 9 2 2 2 2 2 2 2 2 2 2 2 2 2
left_child=1 3 -3 10 5 7 -6 -5 9 -8 -1 -12 16 -14 -9 -15 -4
right_child=-2 2 12 4 6 -7 8 14 -10 -11 11 -13 13 15 -16 -17 -18
leaf_value=-0.1348250515667144 -0.41982736476724086 -0.005034693686594505 0.074877668824195484 0.014598971407628204 0.056563058444207052 -0.024208553346030351 -0.052099355887733803 0.0056069276663716751 -0.10169948100710063 0.094597239383086784 -0.07915335742077001 0.037612395424233031 -0.054812244727646675 0.0058993979026768064 -0.059905365693002581 0.15396605019636925 0.24661274000544814
leaf_weight=45 43 78 44 74 42 40 45 51 59 74 58 45 69 50 76 47 41
leaf_count=45 43 78 44 74 42 40 45 51 59 74 58 45 69 50 76 47 41
internal_value=-0.00229358 -0.000959488 0.0056231 -0.0045156 -0.0007431 -0.00684647 0.00590909 -0.00124378 0 0.00714286 -0.0151899 -0.0092233 0.0105578 0.00481928 -0.0106299 0.0159794 0.0217647
internal_weight=981 938 329 609 461 241 220 201 178 119 148 103 251 166 127 97 85
internal_count=981 938 329 609 461 241 220 201 178 119 148 103 251 166 127 97 85
cat_boundaries=0 1
cat_threshold=6658
is_linear=0
shrinkage=0.05


Tree=58
num_leaves=18
num_cat=0
split_feature=16 14 68 68 61 31 22 57 10 10 35 14 30 68 39 13 13
split_gain=19.5863 11.8422 16.1087 10.3688 9.69329 9.04802 12.6911 8.91326 10.2369 7.62448 7.17834 6.07614 7.91541 5.63511 4.32143 3.9497 2.75936
threshold=0.52890779489752504 131.92500000000004 83.300000000000125 3.6045000000000016 3462.6700000000005 -94.575000000000259 324.99999999999994 73.530000000000015 195.50000000000003 198.63000000000002 0.15391618924098688 110.54500000000003 6.1250000000000009 59.45000000000001 -22.506916589084579 21.660000000000004 13.300000000000002
decision_type=2 2 2 2 2 2 2 2 2 2 2 2 2 2 2 2 2
left_child=1 3 -3 -1 5 6 -5 11 10 -8 -9 -7 -13 -2 -10 16 -14
right_child=13 2 -4 4 -6 7 9 8 14 -11 -12 12 15 -15 -16 -17 -18
leaf_value=0.086078032876685126 -0.12606272478389866 -0.12482672273027103 0.03752383511313831 -0.12960245277699983 0.19084956516766752 0.040481144293397137 0.066850489965730564 0.077151141012147803 0.25761651262094348 -0.05829719959862515 -0.015844582149479782 -0.15704140914105855 0.0013178539141437226 -0.45829501455715627 0.1397381505035806 0.027037209573028964 -0.030210830455160667
leaf_weight=61 46 78 61 72 44 66 67 56 56 49 63 50 42 43 56 40 41
leaf_count=61 46 78 61 72 44 66 67 56 56 49 63 50 42 43 56 40 41
internal_value=-0.000655903 0.00155211 -0.0118705 0.00399738 0.0022792 0.000759878 -0.00851064 0.00446809 0.0114719 0.00172414 0.0012605 -0.00230126 -0.00722543 -0.0230337 0.0223214 -0.000406504 -0.00662651
internal_weight=991 902 139 763 702 658 188 470 231 116 119 239 173 89 112 123 83
internal_count=991 902 139 763 702 658 188 470 231 116 119 239 173 89 112 123 83
is_linear=0
shrinkage=0.05


Tree=59
num_leaves=19
num_cat=2
split_feature=13 13 42 12 51 12 16 2 15 31 61 37 12 15 10 42 19 29
split_gain=12.2016 8.9888 9.28416 7.11957 7.79741 11.3015 8.9297 8.45257 12.2328 8.33333 8.25023 7.01867 6.35294 6.05 5.90606 3.80952 2.89967 1.8
threshold=54.845000000000006 10.410000000000002 0.91998577524893321 102.57500000000002 0 78.570000000000007 0.2834176807355821 1 35.745000000000012 193.23000000000005 2122.7950000000005 0.41577742603061035 87.590000000000018 35.745000000000012 194.37000000000003 0.91998577524893321 414.99999999999994 -64.019999999999968
decision_type=2 2 2 2 9 2 2 9 2 2 2 2 2 2 2 2 2 2
left_child=1 2 -1 4 6 15 14 8 -7 -8 12 13 -11 -9 17 -6 -10 -3
right_child=-2 3 -4 -5 5 7 9 11 16 10 -12 -13 -14 -15 -16 -17 -18 -19
leaf_value=0.07490819122602535 -0.40851067827524157 0.024488522871770391 0.000103203410313224 0.095984770859702098 -0.032581745116456153 0.27822287337148194 -0.079333838937533041 -0.14663347580201164 -0.018488504912986137 -0.11052011986874953 0.073736685052938455 -0.18322191753484091 0.039966475778997347 0.025685349094377554 0.048982675278314791 -0.056142208702122304 0.0032830787239729099 -0.0052956974316872296
leaf_weight=43 63 40 59 41 42 54 72 40 52 54 42 46 48 40 69 70 69 40
leaf_count=43 63 40 59 41 42 54 72 40 52 54 42 46 48 40 69 70 69 40
internal_value=-0.00172764 -0.000271444 0.0137255 -0.00201465 -0.00308483 -0.00768322 0.00226667 -0.00282392 0.00428571 -0.00416667 0.00277778 -0.0126984 -0.00490196 -0.00375 0.011745 -0.0214286 -0.00454545 0.0025
internal_weight=984 921 102 819 778 413 365 301 175 216 144 126 102 80 149 112 121 80
internal_count=984 921 102 819 778 413 365 301 175 216 144 126 102 80 149 112 121 80
cat_boundaries=0 1 2
cat_threshold=115046 1
is_linear=0
shrinkage=0.05


Tree=60
num_leaves=18
num_cat=1
split_feature=21 16 58 44 73 68 68 51 58 12 45 25 15 36 10 45 68
split_gain=13.4727 16.4388 10.5675 9.36713 12.0124 7.35812 7.27703 7.63939 7.51286 9.80609 6.97677 6.71152 5.09684 5.39275 4.21585 3.79065 2.33103
threshold=4585.0000000000009 0.35292919192883671 147.23500000000004 0.053444853983555411 0.88813282493530177 142.64700000000002 3.6045000000000016 0 83.420000000000016 77.545000000000016 0.016011674093986152 614.99999999999989 39.165000000000013 -0.011463206153391548 196.22500000000005 0.014514117788543852 50.159500000000001
decision_type=2 2 2 2 2 2 2 9 2 2 2 2 2 2 2 2 2
left_child=1 2 5 4 14 6 -1 8 9 -8 -10 12 13 -9 -3 -6 -15
right_child=-2 3 -4 -5 15 -7 7 11 10 -11 -12 -13 -14 16 -16 -17 -18
leaf_value=0.1419378879360633 0.11154748448781118 0.0098086516487991618 -0.046587715534479823 0.0086540657851031256 -0.13731410324481894 0.24744654130126964 0.025839353206664376 0.010902386975543993 0.075485061271477222 -0.077898629378558515 0.029587072450478404 0.014551556955787838 -0.094178931308814856 -0.0019554552016185891 -0.12547642863274039 -0.24046523003448803 -0.044928960278197774
leaf_weight=46 45 49 77 72 63 43 69 40 40 77 43 68 41 40 68 48 58
leaf_count=46 45 49 77 72 63 43 69 40 40 77 43 68 41 40 68 48 58
internal_value=-0.00339412 -0.00467091 -0.000155763 -0.0143333 -0.0192982 0.00221239 0.000574713 -0.0012605 0.00523013 -0.00136986 0.0174699 -0.00719844 -0.0125698 -0.00797101 -0.00811966 -0.0310811 -0.0142857
internal_weight=987 942 642 300 228 565 522 476 229 146 83 247 179 138 117 111 98
internal_count=987 942 642 300 228 565 522 476 229 146 83 247 179 138 117 111 98
cat_boundaries=0 1
cat_threshold=16748
is_linear=0
shrinkage=0.05


Tree=61
num_leaves=20
num_cat=0
split_feature=8 38 39 54 15 15 60 61 62 11 14 42 31 31 23 33 63 13 23
split_gain=10.9264 14.4491 9.31991 8.0352 7.43191 9.51648 6.35352 5.62655 11.3504 5.20295 4.76097 6.27178 9.02283 4.35122 4.08163 3.95319 3.87544 3.6537 2.58505
threshold=5671.3605442176877 181.51201814058973 -25.911923333386806 1.0000000180025095e-35 32.170000000000009 35.745000000000012 2931.0600000000004 2356.0950000000007 3429.1950000000002 3917.1800000000007 132.55500000000004 0.99979537131527618 223.18000000000009 299.32999999999998 1545.0000000000002 0.68247597398638682 0.82804194320897395 27.635000000000002 2405.0000000000005
decision_type=2 2 2 2 2 2 2 2 2 2 2 2 2 2 2 2 2 2 2
left_child=1 3 10 4 -1 6 -6 8 13 -9 11 12 -3 14 -2 16 -7 -15 -18
right_child=7 2 -4 -5 5 15 -8 9 -10 -11 -12 -13 -14 17 -16 -17 18 -19 -20
leaf_value=-0.020689007626297242 0.059225460729330687 0.015925349659727316 -0.13687493152809763 -0.10199000021312626 0.045363704730245633 -0.030318151087335501 0.38070056632834337 0.24655352250680879 -0.053409729884712966 0.010675008580438839 0.01230954913729141 -0.14707184457747022 -0.026089624918193534 0.23126699371910273 -0.017827668225118765 -0.063838785666613537 0.010036360658193473 0.062463450754498641 0.13385866567099858
leaf_weight=47 49 49 48 44 54 40 41 47 53 52 56 47 65 46 49 51 49 43 46
leaf_count=47 49 49 48 44 54 40 41 47 53 52 56 47 65 46 49 51 49 43 46
internal_value=-0.000614754 -0.0044741 -0.0133962 0.00188172 0.00457317 0.00765125 0.0205263 0.00663717 0.0025 0.0166667 -0.00898618 -0.013354 -0.00701754 0.00828877 0.00102041 0.00107527 0.00555556 0.0162921 0.0110526
internal_weight=976 637 265 372 328 281 95 339 240 99 217 161 114 187 98 186 135 89 95
internal_count=976 637 265 372 328 281 95 339 240 99 217 161 114 187 98 186 135 89 95
is_linear=0
shrinkage=0.05


Tree=62
num_leaves=20
num_cat=3
split_feature=21 11 32 16 16 57 44 51 38 59 55 51 14 14 14 38 59 21 14
split_gain=12.6859 10.9296 9.28917 7.30366 6.15683 8.43956 5.72382 5.53728 6.27136 5.84723 4.97274 4.78216 8.05346 4.58622 7.36667 3.97503 3.11612 3.02619 2.67401
threshold=4585.0000000000009 4000.8100000000004 0.86817057203288484 0.15576761229057667 0.33546611335717602 84.700000000000003 0.0477743124468386 0 178.67359410430848 1499.9000000000003 1 2 117.32000000000001 117.03500000000001 109.04000000000001 188.2122562358276 1875.0450000000003 3435.0000000000005 120.73500000000001
decision_type=2 2 2 2 2 2 2 9 2 2 1 9 2 2 2 2 2 2 2
left_child=1 2 3 -1 7 6 -6 8 -4 15 11 12 -5 14 -12 -9 -13 -11 -10
right_child=-2 -3 4 10 5 -7 -8 9 18 17 13 16 -14 -15 -16 -17 -18 -19 -20
leaf_value=0.086773613340377018 0.14000437776586694 -0.1455537041816212 -0.017807821892592935 0.083721340462169114 -0.20506134097870082 -0.00019692137917249331 -0.053077524703296679 0.091452579456472186 0.08231941447065011 -0.055799577838608796 0.0034673139187907211 0.0027145006553164278 -0.10940196522620554 0.012138882411109898 -0.19110927611428402 -0.014204833921764283 0.097620224652265414 -0.038681612882970784 0.012081826513658073
leaf_weight=57 41 41 40 67 63 64 41 40 41 40 68 40 51 41 52 42 73 46 40
leaf_count=57 41 41 40 67 63 64 41 40 41 40 68 40 51 41 52 42 73 46 40
internal_value=-0.00161943 -0.00279831 -0.00165563 0.00345212 -0.00667396 -0.0142857 -0.0230769 -0.00224913 0.00572519 -0.00786517 0.00102041 0.00560166 -0.0015625 -0.00555556 -0.0108333 0.00121951 0.0126016 -0.0174419 0.0141975
internal_weight=988 947 906 449 457 168 104 289 121 168 392 231 118 161 120 82 113 86 81
internal_count=988 947 906 449 457 168 104 289 121 168 392 231 118 161 120 82 113 86 81
cat_boundaries=0 1 2 3
cat_threshold=90370 6 28772
is_linear=0
shrinkage=0.05


Tree=63
num_leaves=19
num_cat=1
split_feature=30 13 29 68 30 30 51 68 39 57 9 15 31 38 57 29 39 14
split_gain=12.6074 13.5585 10.4119 12.2758 16.7004 15.6161 11.5134 12.2657 10.233 8.37189 8.04806 6.85958 6.00137 5.47317 5.47198 3.22203 2.45 2.43507
threshold=11.875000000000115 55.105000000000011 -69.680000000000049 41.590500000000013 4.4849999999999008 6.6649999999999645 0 59.600500000000018 -27.697745613149902 68.225000000000009 2958.1200000000003 37.585000000000001 195.83500000000018 177.36712018140614 85.920000000000016 -74.845000000000013 -24.651101490607655 119.95000000000002
decision_type=2 2 2 2 2 2 9 2 2 2 2 2 2 2 2 2 2 2
left_child=1 2 3 5 6 -1 7 -5 17 -4 11 -10 -6 -8 -13 -14 -11 -2
right_child=8 -3 9 4 12 -7 13 -9 10 16 -12 14 15 -15 -16 -17 -18 -19
leaf_value=0.22696737836186706 0.056119402770444429 -0.42727278214255282 -0.0028714272807206179 -0.058794589319658079 -0.0078205867313309013 -0.011107748423235121 -0.12176417823689732 0.035003855753959048 0.063373209155478352 -0.083383603837116863 0.096739088679363941 -0.11105729602537383 0.04388879635595036 -0.14245143983317227 0.0037828148308300339 0.0073984207886602432 -0.036000392398671768 0.12438377563259434
leaf_weight=60 40 48 55 50 42 52 58 56 56 40 51 79 59 61 47 42 40 44
leaf_count=60 40 48 55 50 42 52 58 56 56 40 51 79 59 61 47 42 40 44
internal_value=-0.00173469 -0.00565611 -0.00365854 -0.000208333 -0.00461957 0.0142857 -0.0131111 0 0.00646688 -0.0159259 0.00107296 -0.00384615 0.00874126 -0.0228682 -0.0103175 0.0153465 -0.02625 0.0214286
internal_weight=980 663 615 480 368 112 225 106 317 135 233 182 143 119 126 101 80 84
internal_count=980 663 615 480 368 112 225 106 317 135 233 182 143 119 126 101 80 84
cat_boundaries=0 1
cat_threshold=13445
is_linear=0
shrinkage=0.05


Tree=64
num_leaves=18
num_cat=1
split_feature=30 14 8 13 14 30 36 39 36 51 8 19 45 32 15 22 14
split_gain=9.98957 24.4663 11.3354 9.961 11.565 12.1351 9.92697 12.3996 9.77765 8.68864 7.99324 6.81594 10.364 4.79698 4.09271 4.86594 3.27602
threshold=9.2849999999999699 123.75000000000001 7800.0000000000009 23.010000000000002 117.24500000000002 13.000000000000002 0.030992378265864304 -28.87230971402953 0.15430800790294108 0 5671.3605442176877 364.99999999999994 0.017732957988876002 0.88907556130895404 35.740000000000002 465.00000000000006 115.39000000000001
decision_type=2 2 2 2 2 2 2 2 2 9 2 2 2 2 2 2 2
left_child=1 2 6 11 -5 -6 7 -1 13 16 -7 -2 -13 -8 -11 -16 -9
right_child=3 -3 -4 4 5 10 8 9 -10 14 -12 12 -14 -15 15 -17 -18
leaf_value=-0.099721879090064691 0.13675178748950209 -0.13395232686710265 0.12729590166108937 -0.12566773413193172 0.066628950727120412 -0.05257235908866989 -0.018153026337618706 0.030860078394174109 0.010723304106181317 0.06602430670543244 0.087620589820614964 0.060220186868429976 -0.012808770917875911 -0.11347431490155005 -0.030673411527285435 0.0034339290566776704 0.05192021536970487
leaf_weight=42 71 78 46 70 51 63 57 65 58 44 48 72 58 40 45 44 41
leaf_count=42 71 78 46 70 51 63 57 65 58 44 48 72 58 40 45 44 41
internal_value=-0.00166163 -0.00607143 -0.00186722 0.00404157 -0.00301724 0.00432099 -0.0043578 0.00124555 -0.0145161 0.00564854 -0.00495495 0.0121891 0.00538462 -0.0242268 -0.00314685 -0.00955056 0.0155172
internal_weight=993 560 482 433 232 162 436 281 155 239 111 201 130 97 133 89 106
internal_count=993 560 482 433 232 162 436 281 155 239 111 201 130 97 133 89 106
cat_boundaries=0 1
cat_threshold=25866
is_linear=0
shrinkage=0.05


Tree=65
num_leaves=19
num_cat=0
split_feature=13 73 16 61 62 42 58 30 30 29 60 18 73 60 73 30 23 12
split_gain=10.8771 7.0468 8.48485 7.84712 8.09661 9.18599 10.119 7.29102 7.5313 6.14967 5.91436 5.62424 5.99871 5.17664 7.02092 7.56802 4.15517 4.88086
threshold=58.980000000000011 0.74694292682359464 0.24549392132637232 1747.3200000000002 2719.3500000000008 0.76882472399430135 72.915000000000006 8.1650000000000791 14.875000000000002 -70.430000000000049 2946.6800000000007 2565.0000000000005 0.96737702705752993 3048.0950000000007 0.87057100973343948 8.4200000000000745 1545.0000000000002 86.910000000000011
decision_type=2 2 2 2 2 2 2 2 2 2 2 2 2 2 2 2 2 2
left_child=1 2 -1 4 5 -3 -7 10 -9 -6 -4 -5 13 -13 -15 -16 17 -8
right_child=-2 3 7 11 9 6 16 8 -10 -11 -12 12 -14 14 15 -17 -18 -19
leaf_value=0.17056183989516974 -0.36087920089516889 -0.073389881374248317 0.046059317663905731 0.04055623711605412 -0.019506907473078174 -0.019565115658264499 0.11378170357754498 0.063297503190764395 -0.0095470376704214106 -0.094241210500711312 -0.13610426098073891 -0.04236576455903221 0.076652189963207135 0.073998881677512951 -0.084759777333792655 0.011715780408331523 -0.010279327873793398 0.0082885555392016586
leaf_weight=65 45 41 44 40 40 78 40 53 42 45 48 52 52 66 68 52 40 55
leaf_count=65 45 41 44 40 40 78 40 53 42 45 48 52 52 66 68 52 40 55
internal_value=-0.0015528 -0.000380022 0.00674603 -0.00306428 -0.00840708 -0.00393701 0.000234742 0.0013369 0.0110526 -0.0217647 -0.00869565 0.00242424 0 -0.00336134 0.000537634 -0.00666667 0.00851852 0.0142105
internal_weight=966 921 252 669 339 254 213 187 95 85 92 330 290 238 186 120 135 95
internal_count=966 921 252 669 339 254 213 187 95 85 92 330 290 238 186 120 135 95
is_linear=0
shrinkage=0.05


Tree=66
num_leaves=21
num_cat=2
split_feature=13 13 58 2 10 58 60 2 14 30 30 31 38 16 58 25 40 38 45 68
split_gain=10.824 7.29743 10.3629 9.66055 8.55386 8.74936 7.48132 7.22464 7.85131 7.15661 7.96612 6.75138 6.22761 5.64011 4.9343 4.81605 4.54949 8.2723 5.96656 2.76144
threshold=58.980000000000011 13.300000000000002 80.285000000000011 0 186.27500000000003 88.15000000000002 3129.2250000000004 1 109.99500000000002 8.5050000000001109 14.804999999999838 203.30499999999998 188.2122562358276 0.1383691788852556 84.495000000000019 454.99999999999994 -29.990129191712636 179.12410430839 0.027254822319397052 83.300000000000125
decision_type=2 2 2 9 2 2 2 9 2 2 2 2 2 2 2 2 2 2 2 2
left_child=1 3 6 13 -4 11 16 8 -7 12 19 -6 -10 -1 -13 -9 17 -3 -19 -11
right_child=-2 2 4 -5 5 7 -8 15 9 10 -12 14 -14 -15 -16 -17 -18 18 -20 -21
leaf_value=-0.011335539848872324 -0.35923777623201902 0.040729687640575746 -0.09339297607729663 0.27261918667758794 -0.0037881742302194807 0.094198511721395317 -0.12404334650636946 -0.012331577413995799 0.0042621999418591466 0.033771935724292802 -0.05058894604578526 0.17571618718865545 -0.079549383254906569 0.01828839757208911 0.019418202070897107 -0.3058800890455276 -0.057590922545032446 0.0085309160650512087 -0.072274355874302212 0.06305767590504241
leaf_weight=41 44 43 54 59 50 45 43 52 54 40 40 49 45 45 43 40 71 43 41 45
leaf_count=41 44 43 54 59 50 45 43 52 54 40 40 49 45 45 43 40 71 43 41 45
internal_value=-0.000759878 0.000371156 -0.00150376 0.0106897 0.00224417 0.00427435 -0.010166 0.000138504 0.00427509 0.000446429 0.0084 0.0147887 -0.00959596 0 0.0228261 -0.0119565 -0.00606061 -0.000393701 -0.00952381 0.0170588
internal_weight=987 943 798 145 557 503 241 361 269 224 125 142 99 86 92 92 198 127 84 85
internal_count=987 943 798 145 557 503 241 361 269 224 125 142 99 86 92 92 198 127 84 85
cat_boundaries=0 1 2
cat_threshold=1 1
is_linear=0
shrinkage=0.05


Tree=67
num_leaves=20
num_cat=0
split_feature=16 38 23 58 38 58 43 18 68 32 61 58 13 39 21 61 10 10 45
split_gain=12.1003 10.2022 11.4859 14.629 8.63623 7.21868 12.3508 8.20023 6.64361 10.549 6.00296 5.51105 5.12787 9.63553 4.50126 4.19296 3.30052 5.91844 2.70688
threshold=0.52890779489752504 178.99017006802708 1115.0000000000002 140.98500000000004 176.90750566893419 83.065000000000012 0.63131391216259292 2275.0000000000005 23.563500000000005 0.93778137960436558 2169.6300000000006 88.15000000000002 33.275000000000006 -25.147936828880933 1505.0000000000002 3119.5550000000007 195.55500000000004 205.84500000000006 0.024336476792189556
decision_type=2 2 2 2 2 2 2 2 2 2 2 2 2 2 2 2 2 2 2
left_child=1 4 14 8 5 6 7 -1 -4 12 -2 -7 13 18 -3 -5 -13 -18 -10
right_child=10 2 3 15 -6 11 -8 -9 9 -11 -12 16 -14 -15 -16 -17 17 -19 -20
leaf_value=0.084429459001734264 -0.41754895250491164 -0.042469607885905217 0.053164856314456138 -0.088239521289711423 0.17967897423370222 0.06289431106061677 -0.078334962916149609 -0.014393945559594369 -0.0094334249332333146 0.042224480276001473 -0.061267625018410703 -0.0045092524353770981 0.018779995440757535 -0.052858061878483742 -0.13765530978955232 -0.0065880045131888392 0.28462367857360599 -0.010229441261208817 0.0095477415158683136
leaf_weight=41 44 40 49 41 55 47 59 65 42 73 48 63 42 44 54 43 54 57 41
leaf_count=41 44 40 49 41 55 47 59 65 42 73 48 63 42 44 54 43 54 57 41
internal_value=-0.0011976 0.000549451 -0.00458422 -0.000666667 0.00600907 0.00336788 -0.00454545 0.00566038 0.00463918 0.00123967 -0.0184783 0.00927602 -0.0056213 -0.0106299 -0.0202128 -0.0190476 0.00517241 0.0103604 -0.00060241
internal_weight=1002 910 469 375 441 386 165 106 291 242 92 221 169 127 94 84 174 111 83
internal_count=1002 910 469 375 441 386 165 106 291 242 92 221 169 127 94 84 174 111 83
is_linear=0
shrinkage=0.05


Tree=68
num_leaves=20
num_cat=3
split_feature=21 51 14 2 13 35 68 68 38 30 30 51 29 30 14 68 12 68 32
split_gain=14.1264 11.3114 12.8611 11.7694 9.08346 8.16827 7.64425 7.99152 7.51111 7.46775 7.23876 6.23009 6.42991 8.93876 5.87436 12.0471 5.64366 5.58086 3.08592
threshold=4555.0000000000009 0 134.83000000000001 1 31.055000000000003 -0.037959971611743193 123.56850000000001 3.8325000000000049 178.9453174603174 6.3649999999997826 9.6449999999999836 2 -74.845000000000013 2.1999999999999322 113.83000000000003 50.402500000000011 82.820000000000007 50.809500000000007 0.86203487000037737
decision_type=2 9 2 9 2 2 2 2 2 2 2 9 2 2 2 2 2 2 2
left_child=1 3 5 4 8 -3 7 -7 -1 -10 -4 14 13 -13 15 -9 -16 -5 -14
right_child=-2 2 10 17 -6 6 -8 11 9 -11 -12 12 18 -15 16 -17 -18 -19 -20
leaf_value=0.0054505470389933815 0.10753492443749497 -0.032027761852779849 -0.12307205629333247 -0.12620942569834143 0.041662628554398853 0.032646864408682141 0.12304774016612213 0.070213391214708779 -0.099757850587012614 -0.0074452994307666722 -0.009105914486805736 -0.030680094863942211 -0.044080423085242286 0.072450978343023789 0.0031033793355951245 -0.046933189599144942 0.14923092924094902 -0.45878914156604034 -0.033218472105325816
leaf_weight=54 40 43 40 55 48 53 47 56 41 40 55 59 55 44 77 41 60 40 46
leaf_count=54 40 43 40 55 48 53 47 56 41 40 55 59 55 44 77 41 60 40 46
internal_value=-0.00160966 -0.00283019 0.000728863 -0.0111111 -0.00409836 0.0035284 0.00520446 0.00336049 -0.0107407 -0.0203704 -0.0163158 0.00114155 -0.00514019 0.00339806 0.00655738 -0.00257732 0.0135036 -0.0257895 -0.0143564
internal_weight=994 954 676 278 183 581 538 491 135 81 95 438 204 103 234 97 137 95 101
internal_count=994 954 676 278 183 581 538 491 135 81 95 438 204 103 234 97 137 95 101
cat_boundaries=0 1 2 3
cat_threshold=7937 1 57388
is_linear=0
shrinkage=0.05


Tree=69
num_leaves=17
num_cat=2
split_feature=16 8 60 35 47 35 38 16 29 11 12 16 51 44 35 35
split_gain=12.4737 9.25541 7.12096 6.99655 8.89087 6.81321 6.82046 6.76509 6.27365 6.09676 6.96464 7.00652 4.96829 6.74569 5.78408 3.31074
threshold=0.52890779489752504 7720.0000000000009 3201.7350000000001 0.13716231466975282 0 -0.048366683497471842 177.5583786848072 0.6013469771327139 -85.379999999999981 2660.9250000000006 88.02500000000002 0.26959540069605981 1 0.030762687836688351 0.16217315616947539 0.15123001464742808
decision_type=2 2 2 2 1 2 2 2 2 2 2 2 9 2 2 2
left_child=1 2 5 4 -4 -1 9 -2 -8 10 11 -7 14 -14 -10 -15
right_child=7 -3 3 -5 -6 6 8 -9 12 -11 -12 -13 13 15 -16 -17
leaf_value=-0.027042313059018854 -0.29475332428801482 0.06939163291143291 -0.069088911051835122 -0.076956952850349952 0.092185024691056675 0.19012788469006223 -0.039337455111315658 -0.054313547884544816 -0.053581208846772956 -0.0029587738008559406 0.17971122380806348 -0.016696106597925999 -0.005523422867401373 0.079190594736259182 0.0016387466302908743 0.0031598300439332318
leaf_weight=47 54 65 75 67 69 68 76 40 50 45 61 43 54 40 66 69
leaf_count=47 54 65 75 67 69 68 76 40 50 45 61 43 54 40 66 69
internal_value=-0.000758342 0.00106145 -0.000361446 -0.00829384 -0.00208333 0.00234249 0.00384615 -0.0180851 -0.000422535 0.0108295 0.0151163 0.00765766 0.00304659 0.0083815 -0.0047619 0.016055
internal_weight=989 895 830 211 144 619 572 94 355 217 172 111 279 163 116 109
internal_count=989 895 830 211 144 619 572 94 355 217 172 111 279 163 116 109
cat_boundaries=0 1 2
cat_threshold=2 164486
is_linear=0
shrinkage=0.05


Tree=70
num_leaves=19
num_cat=0
split_feature=8 16 61 62 32 58 11 16 36 31 68 12 63 43 18 30 15 30
split_gain=12.2863 19.6236 6.04854 5.75804 9.31345 6.90605 5.57624 7.18214 5.07951 8.41308 6.95697 5.85706 5.07557 8.94899 3.86683 3.52667 3.23425 2.93435
threshold=7800.0000000000009 0.45620553202889241 2330.2950000000005 3820.6050000000005 0.79432436394935968 72.915000000000006 1287.0450000000003 0.39071623602104072 0.034510916819344505 205.94000000000008 151.94550000000001 88.160000000000011 0.94630578006766364 0.12408628097221562 1995.0000000000002 13.524999999999865 37.585000000000001 5.4499999999999327
decision_type=2 2 2 2 2 2 2 2 2 2 2 2 2 2 2 2 2 2
left_child=1 3 17 5 -5 14 -7 8 10 -10 11 12 13 -8 16 -15 -1 -3
right_child=-2 2 -4 4 -6 6 7 -9 9 -11 -12 -13 -14 15 -16 -17 -18 -19
leaf_value=-0.0048379291493747091 0.070809178316075458 -0.41013739091999785 -0.1285817222516685 0.0011911782890751677 -0.10168666679853465 0.080200008778465282 0.060393473166366854 0.08904788305162406 -0.013822871501314804 0.0095901066816707573 0.20640250790301309 0.30602438813924443 0.010897491363900181 -0.017475051372032379 0.0010808812759263238 -0.12375107276124819 -0.089354477112697464 -0.14974364737869061
leaf_weight=66 72 47 43 67 43 45 54 43 57 56 41 41 60 60 46 40 42 42
leaf_count=66 72 47 43 67 43 45 54 43 57 56 41 41 60 60 46 40 42 42
internal_value=-0.00181347 -0.00341545 -0.0212121 -0.000328515 -0.0109091 0.00145929 0.00432596 0.00265487 0.000611247 -0.00840708 0.00405405 0.000980392 -0.00233645 -0.00714286 -0.00779221 -0.016 -0.012963 -0.0286517
internal_weight=965 893 132 761 110 651 497 452 409 113 296 255 214 154 154 100 108 89
internal_count=965 893 132 761 110 651 497 452 409 113 296 255 214 154 154 100 108 89
is_linear=0
shrinkage=0.05


Tree=71
num_leaves=20
num_cat=1
split_feature=29 68 51 40 19 61 58 58 58 19 35 31 68 13 45 29 60 44 38
split_gain=7.73133 16.4615 10.0233 10.693 8.36407 6.11629 10.9849 6.82187 9.56378 6.18147 6.03041 6.01092 5.43306 4.26755 6.89415 4.05 3.853 2.80374 2.39798
threshold=-90.710000000000022 50.592500000000008 0 -35.463816804089539 384.99999999999994 1751.5600000000002 91.52500000000002 169.51000000000002 83.750000000000014 500.00000000000017 0.086757558250161168 239.71500000000029 62.630000000000003 36.795000000000009 0.017465955009824254 -72.860000000000113 2456.7750000000005 0.026509781684150805 187.93411564625845
decision_type=2 2 9 2 2 2 2 2 2 2 2 2 2 2 2 2 2 2 2
left_child=1 -1 3 4 -2 6 11 8 17 10 -10 -4 16 -3 -15 -11 -5 -7 -13
right_child=2 13 5 12 -6 7 -8 -9 9 15 -12 18 -14 14 -16 -17 -18 -19 -20
leaf_value=0.12259574770004633 0.041593150818500214 -0.10358476545991138 -0.013011200313134942 -0.011581858157450066 -0.0049034085660823908 -0.014580502278152175 -0.037074501600118208 -0.0047405361751369224 0.2658094000200239 0.12885746887927263 0.068468983451540538 0.034275592833493143 -0.013130960505963785 -0.24537946978678493 -0.015631665484952786 -0.012491345518021363 -0.13865884734823117 0.0098224676528385416 0.0019242413619844274
leaf_weight=53 40 57 60 44 44 49 65 52 49 40 45 46 57 44 64 40 45 41 40
leaf_count=53 40 57 60 44 44 49 65 52 49 40 45 46 57 44 64 40 45 41 40
internal_value=-0.00179487 -0.0100917 0.000594452 -0.00791667 0.00595238 0.00437616 -0.0021327 0.00886076 0.0121212 0.0189655 0.0276596 0.00547945 -0.0164384 -0.0178788 -0.012037 0.00875 -0.0241573 -0.00111111 0.0139535
internal_weight=975 218 757 230 84 527 211 316 264 174 94 146 146 165 108 80 89 90 86
internal_count=975 218 757 230 84 527 211 316 264 174 94 146 146 165 108 80 89 90 86
cat_boundaries=0 1
cat_threshold=4805
is_linear=0
shrinkage=0.05


Tree=72
num_leaves=20
num_cat=1
split_feature=68 14 20 18 33 68 30 51 14 40 32 14 33 68 40 36 31 12 32
split_gain=8.92978 14.5928 11.5959 8.94693 8.41767 7.44524 6.26309 5.75087 9.30814 7.41174 8.3882 5.06497 4.86 4.37969 4.8228 4.96327 4.06735 4.05 3.89977
threshold=94.227000000000018 130.63500000000002 3035.0000000000005 4105.0000000000009 0.014723404072106353 41.590500000000013 9.9599999999999245 0 113.18500000000002 -31.718602950885984 0.96777000280385173 112.63500000000002 0.6158039232761211 23.849000000000007 -37.678124988967262 0.010292640667792003 303.185 83.910000000000011 0.92934530122188452
decision_type=2 2 2 2 2 2 2 9 2 2 2 2 2 2 2 2 2 2 2
left_child=1 3 18 4 5 16 -3 8 -6 13 11 -11 -4 -9 15 -15 -1 -7 -2
right_child=2 6 12 -5 7 17 -8 9 -10 10 -12 -13 -14 14 -16 -17 -18 -19 -20
leaf_value=0.24513215299614333 0.054801657594468867 -0.11425818109203689 -0.0395111462251585 0.10627809576649878 -0.02561927463321232 0.017601607201017538 -0.0072794525176996918 0.048163597824917803 0.060223005902318244 -0.010453086836833915 0.0018570736290841939 -0.092554783756864309 0.0057598681578329373 -0.0016643309475491642 0.022951998154919231 -0.054310308364615978 0.037745585441139595 -0.13648769080851492 0.11766266296669708
leaf_weight=42 60 49 40 47 43 40 65 42 59 42 42 79 60 45 54 50 44 40 43
leaf_count=42 60 49 40 47 43 40 65 42 59 42 42 79 60 45 54 50 44 40 43
internal_value=-0.00121704 -0.00363985 0.00812808 -0.000822123 -0.00241158 0.00722892 -0.0201754 -0.00592105 0.00446429 -0.00879121 -0.0168712 -0.0235537 -0.004 -0.00235602 -0.00637584 -0.0131579 0.0174419 -0.00375 0.0199029
internal_weight=986 783 203 669 622 166 114 456 102 354 163 121 100 191 149 95 86 80 103
internal_count=986 783 203 669 622 166 114 456 102 354 163 121 100 191 149 95 86 80 103
cat_boundaries=0 1
cat_threshold=24612
is_linear=0
shrinkage=0.05


Tree=73
num_leaves=18
num_cat=1
split_feature=18 11 29 36 24 47 25 33 31 30 60 61 58 44 8 13 25
split_gain=12.0797 7.95114 7.5574 5.84731 7.63651 5.52703 6.38196 5.50298 5.07089 4.93516 4.61582 5.62229 6.64679 5.60625 6.44352 5.36157 4.50261
threshold=4585.0000000000009 4000.8100000000004 -107.37499999999999 -0.0036617304620640495 3610.0000000000005 0 660.00000000000023 0.76482361043638614 190.83000000000007 5.4499999999999327 2506.8000000000006 1734.7650000000001 83.950000000000017 0.027927417068330004 5671.3605442176877 27.345000000000002 454.99999999999994
decision_type=2 2 2 2 2 1 2 2 2 2 2 2 2 2 2 2 2
left_child=1 2 -1 7 5 -5 10 8 -4 -6 13 -12 -13 -7 -15 -14 -10
right_child=-2 -3 3 4 9 6 -8 -9 16 -11 11 12 15 14 -16 -17 -18
leaf_value=-0.22753789792961571 0.094120147372050947 -0.15971159131782145 -0.076789877003478238 0.02438438175889757 0.0021347142927329809 -0.02011434148852366 0.031650563491042817 0.0032618844842154438 0.0088136385536029763 0.083622429952938671 -0.067279191895412468 -0.070879229327776558 0.012131531280782374 -0.0038656942688114039 0.14473915072898 -0.044203875959412248 -0.06069256001269089
leaf_weight=41 45 40 65 71 42 58 63 42 45 46 48 67 78 62 65 50 40
leaf_count=41 45 40 65 71 42 58 63 42 45 46 48 67 78 62 65 50 40
internal_value=-0.00196281 -0.0031961 -0.00220838 -0.00118765 0.00107692 -0.00106762 -0.00295316 -0.00885417 -0.0133333 0.0147727 -0.00514019 -0.00967078 -0.00589744 0.000810811 0.00669291 0.00078125 -0.00529412
internal_weight=968 923 883 842 650 562 491 192 150 88 428 243 195 185 127 128 85
internal_count=968 923 883 842 650 562 491 192 150 88 428 243 195 185 127 128 85
cat_boundaries=0 1
cat_threshold=1
is_linear=0
shrinkage=0.05


Tree=74
num_leaves=19
num_cat=1
split_feature=8 16 51 39 62 25 30 61 58 45 60 39 59 12 45 13 31 58
split_gain=13.1049 15.5031 8.09431 7.09799 9.29458 6.23676 7.80739 5.84311 4.717 6.19044 7.27268 8.38272 6.05 4.5039 4.25271 4.09796 3.28285 2.50685
threshold=7720.0000000000009 0.44103684142107097 0 -28.952494887903502 3820.6050000000005 515.00000000000011 12.049999999999956 2330.2950000000005 76.040000000000006 0.023247628338929006 2928.1950000000002 -24.44152773443906 1054.9950000000001 87.555000000000021 0.025941973599380806 20.730000000000004 270.00500000000005 92.545000000000016
decision_type=2 2 9 2 2 2 2 2 2 2 2 2 2 2 2 2 2 2
left_child=1 2 5 -4 8 14 15 17 16 10 12 -12 -10 -2 -1 -7 -5 -3
right_child=13 7 3 4 -6 6 -8 -9 9 -11 11 -13 -14 -15 -16 -17 -18 -19
leaf_value=-0.027375698134057071 0.0098455959393575002 -0.215880381659591 -0.024925540999428234 0.006186462649345365 -0.098307328539367064 -0.019672092429614492 0.03852423370631506 -0.12421991959392709 0.011018990315107958 0.14237979490885974 0.0022535057905574752 0.22811305990557235 -0.025407740118257971 0.088431743619960701 -0.0045606391058888975 0.0003483801409652543 -0.030392213185354414 -0.26276173302556194
leaf_weight=77 44 41 74 76 63 40 41 46 40 72 59 58 40 40 50 57 41 44
leaf_count=77 44 41 74 76 63 40 41 46 40 72 59 58 40 40 50 57 41 44
internal_value=-0.00104686 -0.00277476 -0.000126904 0.00347092 0.005902 -0.00709091 0 -0.0187023 0.00880829 0.0124535 0.00786802 0.015812 -0.00375 0.0178571 -0.0153543 -0.00773196 0.00042735 -0.0264706
internal_weight=1003 919 788 523 449 265 138 131 386 269 197 117 80 84 127 97 117 85
internal_count=1003 919 788 523 449 265 138 131 386 269 197 117 80 84 127 97 117 85
cat_boundaries=0 1
cat_threshold=45729
is_linear=0
shrinkage=0.05


Tree=75
num_leaves=19
num_cat=1
split_feature=21 16 21 44 2 44 33 35 25 10 43 18 29 33 19 19 19 11
split_gain=10.0003 10.4588 9.61382 7.22924 6.79745 7.78554 6.02244 5.44621 6.80632 12.7823 6.30136 5.85969 4.94569 4.88097 7.75453 6.45119 3.64661 1.25
threshold=4545.0000000000009 0.33546611335717602 4055.0000000000005 0.055713070598242105 0 0.033597958605046753 0.48423613964720053 -1.0000000180025095e-35 614.99999999999989 211.79500000000004 0.956847207178251 2075.0000000000005 -73.894999999999854 0.014723404072106353 405.00000000000006 310.00000000000028 265.00000000000006 1371.3950000000002
decision_type=2 2 2 2 9 2 2 2 2 2 2 2 2 2 2 2 2 2
left_child=1 2 7 4 6 16 -3 -1 9 10 13 -12 -10 14 -9 -15 -6 -7
right_child=-2 3 -4 -5 5 17 -8 8 12 -11 11 -13 -14 15 -16 -17 -18 -19
leaf_value=-0.017857809880966875 0.11959376451883252 -0.033241977024419715 -0.093971789581902027 0.020039812357818827 -0.19074848448280335 -0.21793633894917941 0.024599023658105602 0.18553623257125609 0.16702694010626573 -0.077971903494798489 0.039010012147277395 0.0033175313398206511 0.0044607052947314594 -0.02501271108876453 -0.01374991965176291 0.003439246402011098 0.0032845067593591185 -0.25075744700035629
leaf_weight=68 40 71 40 74 40 40 45 50 40 40 40 68 61 48 42 74 41 40
leaf_count=68 40 71 40 74 40 40 45 50 40 40 40 68 61 48 42 74 41 40
internal_value=-0.00197505 -0.00303688 0.00113835 -0.00982906 -0.0135379 -0.0201863 -0.00431034 0.00291902 0.00485961 0.00165746 0.00496894 0.0148148 0.0163366 0 0.00869565 -0.00655738 -0.00925926 -0.03125
internal_weight=962 922 571 351 277 161 116 531 463 362 322 108 101 214 92 122 81 80
internal_count=962 922 571 351 277 161 116 531 463 362 322 108 101 214 92 122 81 80
cat_boundaries=0 1
cat_threshold=1
is_linear=0
shrinkage=0.05


Tree=76
num_leaves=18
num_cat=0
split_feature=8 16 12 38 10 58 44 57 57 68 37 37 62 25 38 32 35
split_gain=9.57993 13.7698 10.0745 7.00698 6.50949 5.58016 7.20446 6.62702 6.85884 6.30154 5.23368 6.41244 6.91489 4.88256 4.24755 3.8265 3.59082
threshold=5671.3605442176877 0.47920545781072932 98.235000000000014 215.71766439909291 181.80000000000004 76.040000000000006 0.052594272753047858 64.955000000000013 83.615000000000009 92.732000000000014 0.028990452805200805 0.5753095114614124 2367.7950000000005 614.99999999999989 180.71365079365106 0.89959332639789891 0.22299187945462812
decision_type=2 2 2 2 2 2 2 2 2 2 2 2 2 2 2 2 2
left_child=1 4 3 10 -1 6 16 -7 13 -10 -2 12 -12 15 -14 -9 -6
right_child=2 -3 -4 -5 5 7 -8 8 9 -11 11 -13 14 -15 -16 -17 -18
leaf_value=0.15057111354581645 0.18615168200902393 -0.21968786156569531 0.20651070279689643 -0.0089706309534801302 -0.038973711865515438 0.013068537183317332 0.0013961494521862461 -0.12249925507680698 0.020929909340792731 -0.019773264305964846 0.034887352202998483 0.10027504868398501 -0.11490836359590401 0.0012414919216424904 -0.0017650676874800819 -0.017393165211176238 -0.0064952234349069278
leaf_weight=41 46 73 55 50 59 50 64 41 72 78 55 58 43 71 53 44 42
leaf_count=41 46 73 55 50 59 50 64 41 72 78 55 58 43 71 53 44 42
internal_value=0.000150754 -0.00354331 0.00666667 0.00311475 -0.00088968 -0.00239923 -0.01 0.0011236 -0.00163399 0.006 0.00647059 0.00311005 -0.00231788 -0.00897436 -0.0104167 -0.0170588 -0.0183168
internal_weight=995 635 360 305 562 521 165 356 306 150 255 209 151 156 96 85 101
internal_count=995 635 360 305 562 521 165 356 306 150 255 209 151 156 96 85 101
is_linear=0
shrinkage=0.05


Tree=77
num_leaves=18
num_cat=1
split_feature=25 30 39 62 14 68 51 57 62 16 16 15 39 73 30 38 10
split_gain=10.5344 8.04732 11.0275 10.7239 10.3364 10.5653 8.92255 8.89409 5.87463 5.81933 6.16124 5.37202 4.84848 4.10427 3.79044 3.1323 2.16291
threshold=105.00000000000001 9.5849999999998108 -26.949048761124327 4150.3450000000012 123.75000000000001 32.541000000000018 0 84.070000000000007 3166.3500000000004 0.37674643356997123 0.28692014037521102 36.664999999999999 -23.120169920564511 0.8976813184687088 1.2649999999998729 190.94919501133793 226.15500000000003
decision_type=2 2 2 2 2 2 9 2 2 2 2 2 2 2 2 2 2
left_child=-1 4 15 7 5 -2 11 12 -9 10 13 -7 -4 -8 -12 -3 -6
right_child=1 2 3 -5 16 6 9 8 -10 -11 14 -13 -14 -15 -16 -17 -18
leaf_value=-0.042630171061651727 0.086772353241577893 0.20733672116277335 -0.099886059783254044 0.060195360350989227 -0.10770347224008976 0.17636245917337712 -0.015866389656254733 0.060271100067473077 -0.0066777271130835786 -0.19952174942180445 -0.0068601744893941998 -0.0028000915374599257 -0.017220740290201843 -0.0075692535727295068 0.041371298422372596 0.0080618184793674452 -0.11527953753403307
leaf_weight=57 56 56 45 41 41 56 65 45 64 69 50 64 54 52 59 69 42
leaf_count=57 56 56 45 41 41 56 65 45 64 69 50 64 54 52 59 69 42
internal_value=-0.00106599 0.000215517 0.00588235 -0.000200803 -0.00361011 -0.0007431 -0.00349398 -0.00480769 0.00504587 -0.00803279 -0.00442478 0.00769231 -0.0156566 -0.0123932 0.00412844 0.018 -0.0198795
internal_weight=985 928 374 249 554 471 415 208 109 295 226 120 99 117 109 125 83
internal_count=985 928 374 249 554 471 415 208 109 295 226 120 99 117 109 125 83
cat_boundaries=0 1
cat_threshold=50181
is_linear=0
shrinkage=0.05


Tree=78
num_leaves=20
num_cat=2
split_feature=21 11 51 68 46 27 10 13 10 57 23 27 36 13 29 19 62 33 27
split_gain=8.32426 9.91681 11.1664 11.4204 7.58779 9.0886 13.3509 8.47109 9.91623 6.50987 4.91864 4.83682 4.6524 4.87044 5.31726 3.46028 4.34794 2.93139 2.41196
threshold=4555.0000000000009 3955.6600000000003 0 123.81250000000001 1 75.000000000000014 191.16500000000002 39.585000000000008 181.80000000000004 92.910000000000011 3305.0000000000005 325.00000000000006 -0.014612304072070748 27.725000000000005 -74.005000000000095 265.00000000000006 2739.6150000000002 0.62782322646715227 275.00000000000006
decision_type=2 2 9 2 1 2 2 2 2 2 2 2 2 2 2 2 2 2 2
left_child=1 2 10 4 5 7 -7 8 -4 12 17 -8 -10 14 -14 -6 -17 -1 -18
right_child=-2 -3 3 -5 15 6 11 -9 9 -11 -12 -13 13 -15 -16 16 18 -19 -20
leaf_value=-0.16664311090024528 0.056233969518247551 -0.11640827964808445 0.10402168565738462 0.12876570288004716 -0.075508622820469204 -0.03710480972499796 0.030100567147570024 0.086185282464658605 -0.028937818620282798 -0.039264964441825007 -0.0026600869605869271 0.039231250349498398 -0.075107818534748849 0.047283159488972305 0.00071967275291371377 0.012696434962924741 -0.0030656833865864487 -0.13508226326960165 -0.059409545229277952
leaf_weight=41 40 43 44 74 44 46 68 41 57 41 42 40 42 47 62 53 55 45 40
leaf_count=41 40 43 44 74 44 46 68 41 57 41 42 40 42 47 62 53 55 45 40
internal_value=-0.00233161 -0.0032973 -0.0021542 0.00026178 -0.00176471 0.00160643 0.0116883 -0.00299401 -0.0059727 -0.00983936 -0.0152174 0.0212963 -0.00625 -0.00165563 -0.00769231 -0.00990099 -0.00675676 -0.0232558 -0.0131579
internal_weight=965 925 882 754 680 488 154 334 293 249 128 108 208 151 104 192 148 86 95
internal_count=965 925 882 754 680 488 154 334 293 249 128 108 208 151 104 192 148 86 95
cat_boundaries=0 1 2
cat_threshold=5664 3
is_linear=0
shrinkage=0.05


Tree=79
num_leaves=19
num_cat=0
split_feature=8 16 12 30 68 21 72 60 57 32 68 39 30 39 57 44 63 58
split_gain=9.71994 11.5643 5.46756 5.22346 7.10728 8.58047 8.11734 6.4922 6.15861 6.1704 5.79515 5.6619 5.30646 7.98142 4.9315 4.71046 4.04666 2.84706
threshold=7720.0000000000009 0.48220121549631673 87.325000000000017 9.3750000000000018 55.282500000000006 2035.0000000000002 -30.423483642003422 3145.2450000000003 106.12500000000001 0.95365721413906634 41.590500000000013 -26.436649994164636 4.4849999999999008 -25.304085981903714 87.155000000000015 0.046923731216331109 0.8238497401874102 81.210000000000022
decision_type=2 2 2 2 2 2 2 2 2 2 2 2 2 2 2 2 2 2
left_child=1 3 -2 8 5 11 -6 17 9 10 -1 -5 13 -12 -8 -14 -3 -7
right_child=2 16 -4 4 6 7 14 -9 -10 -11 12 -13 15 -15 -16 -17 -18 -19
leaf_value=0.018012763565636369 0.0043824844940066002 -0.28633923958923813 0.075021689274970577 -0.0019293959335172862 0.088849109873394116 0.018617186673642917 0.0091764069788250174 -0.047019432027675001 -0.072370577244126461 0.012744368934016086 -0.013118568418209653 -0.11430744452002842 0.0046027995766442066 -0.14632777609824094 -0.0066515208668084524 -0.01965241787849277 -0.091765726506579173 0.1204916783816429
leaf_weight=79 42 57 41 50 42 40 56 50 46 50 78 43 76 55 41 42 55 45
leaf_count=79 42 57 41 50 42 40 56 50 46 50 78 43 76 55 41 42 55 45
internal_value=-0.00131579 -0.00281768 0.0150602 -0.000693569 0.00367847 -0.00175439 0.0125899 0.0062963 -0.00446009 -0.00236842 -0.00484848 -0.0134409 -0.00856574 -0.0154135 0.00463918 -0.000847458 -0.0178571 0.0147059
internal_weight=988 905 83 793 367 228 139 135 426 380 330 93 251 133 97 118 112 85
internal_count=988 905 83 793 367 228 139 135 426 380 330 93 251 133 97 118 112 85
is_linear=0
shrinkage=0.05


Tree=80
num_leaves=19
num_cat=3
split_feature=32 36 51 42 22 68 68 14 32 36 51 47 63 42 12 36 32 13
split_gain=6.72237 8.96356 7.76981 7.2837 6.28874 6.08933 11.3254 5.5254 5.78045 5.33193 8.72108 10.9151 6.28559 5.50621 5.38478 4.30254 3.76596 2.69645
threshold=0.90437792205707035 0.035673707641986657 0 0.98171256577637511 399.99999999999972 182.47050000000004 92.632500000000007 132.00500000000002 0.96777000280385173 -0.0036617304620640495 1 2 0.91223813737697612 0.85418160545756827 87.060000000000016 -0.053079165933031795 0.94340229645085338 22.185000000000006
decision_type=2 2 9 2 2 2 2 2 2 2 9 1 2 2 2 2 2 2
left_child=5 2 3 -2 -3 6 9 8 16 15 11 17 14 -13 -12 -1 -4 -11
right_child=1 4 7 -5 -6 -7 -8 -9 -10 10 12 13 -14 -15 -16 -17 -18 -19
leaf_value=0.0071486694060757475 -0.097621622947003051 -0.084638843471400632 0.039075954581767762 -0.0008515632968876031 -0.0053619256171343888 0.10066279819015558 -0.045557225501040979 -0.027586266992174327 0.095603078030451857 -0.0025798231739166955 -0.0030897553750047994 -0.0091060811810138257 0.044871944868376673 0.046170915867209408 0.064837795621190478 -0.034137292413051544 -0.01795657740246798 -0.11077876684508753
leaf_weight=73 41 41 49 67 40 43 58 40 45 47 59 51 42 59 77 59 46 50
leaf_count=73 41 41 49 67 40 43 58 40 45 47 59 51 42 59 77 59 46 50
internal_value=-0.00157042 -0.00691057 -0.00277778 -0.0127119 -0.0216049 0.00161812 0.00026087 0.00368421 0.00857143 0.00261122 0.00558442 -0.0016129 0.0132979 0.00909091 0.00882353 -0.00606061 0.00157895 -0.0139175
internal_weight=987 369 288 108 81 618 575 180 140 517 385 207 178 110 136 132 95 97
internal_count=987 369 288 108 81 618 575 180 140 517 385 207 178 110 136 132 95 97
cat_boundaries=0 1 2 3
cat_threshold=230024 94532 2
is_linear=0
shrinkage=0.05


Tree=81
num_leaves=21
num_cat=1
split_feature=51 61 31 44 22 32 32 58 10 16 60 58 19 60 10 43 33 30 13 57
split_gain=9.00412 9.79392 8.40123 8.00028 6.81385 5.71687 7.33977 5.50989 5.38555 10.1587 5.18144 5.36351 8.48448 5.2261 4.63195 4.45023 4.11429 3.79958 3.67923 3.46043
threshold=0 1751.5600000000002 312.17500000000001 0.063510065211227665 344.99999999999983 0.8098748352907833 0.90742815130598031 112.18500000000002 207.62500000000003 0.37050755808969421 2506.8000000000006 76.795000000000016 265.00000000000006 1952.7450000000001 188.15000000000001 0.97976893842005708 0.23205775597330089 5.0649999999999418 19.445000000000004 68.225000000000009
decision_type=9 2 2 2 2 2 2 2 2 2 2 2 2 2 2 2 2 2 2 2
left_child=2 10 3 4 15 -6 -7 16 14 -10 11 13 -13 17 -3 -1 -4 -2 -16 -12
right_child=1 8 7 -5 5 6 -8 -9 9 -11 19 12 -14 -15 18 -17 -18 -19 -20 -21
leaf_value=-0.055020247164094906 -0.014013789703925007 0.0010259532140201699 -0.095290527069913283 0.093554172995928123 -0.012457445264124602 0.06159590584013095 -0.008656359253901692 -0.00080898513204321623 -0.032871121217674396 0.091190729492221623 -0.0011273480823821792 -0.017314179876682378 0.14494807194637893 -0.010060211667755867 0.17091981475799642 -0.006109390030508921 -0.070281738856426523 0.0080262241596437359 0.12126782420632046 -0.071342781017415757
leaf_weight=43 42 40 42 42 49 41 49 41 63 42 40 40 61 40 47 56 48 51 65 41
leaf_count=43 42 40 42 42 49 41 49 41 63 42 40 40 61 40 47 56 48 51 65 41
internal_value=-0.000254323 0.00378007 -0.00581948 -0.00107143 -0.00462185 0.00251799 0.01 -0.0164122 0.0110895 0.00238095 -0.00206349 0.0017094 0.010396 -0.00488722 0.0171053 -0.0146465 -0.0233333 0.0016129 0.0223214 -0.012963
internal_weight=983 572 411 280 238 139 90 131 257 105 315 234 101 133 152 99 90 93 112 81
internal_count=983 572 411 280 238 139 90 131 257 105 315 234 101 133 152 99 90 93 112 81
cat_boundaries=0 1
cat_threshold=47685
is_linear=0
shrinkage=0.05


Tree=82
num_leaves=18
num_cat=2
split_feature=8 36 16 12 47 40 43 19 13 44 46 68 25 38 39 36 57
split_gain=10.3884 8.616 7.72947 10.3712 8.91606 6.12034 8.16863 6.05 5.97639 5.93998 5.84862 5.89189 5.55618 5.39777 8.08769 4.49637 4.30882
threshold=5671.3605442176877 0.012325121333314553 0.23496781119445892 95.055000000000021 0 -28.997336172821509 0.917800766968209 295.00000000000006 30.550000000000001 0.033597958605046753 1 82.560499999999919 525.00000000000011 174.42756235827679 -25.989310670461922 -0.030380040693123295 74.690000000000012
decision_type=2 2 2 2 1 2 2 2 2 2 1 2 2 2 2 2 2
left_child=1 10 -2 4 12 6 -3 -5 -6 -8 13 -12 -4 14 -1 -15 -16
right_child=2 5 3 7 8 -7 9 -9 -10 -11 11 -13 -14 15 16 -17 -18
leaf_value=0.072512249830344683 0.36208358937605978 -0.047461093500179685 -0.0043087488504192639 0.017945546568714579 -0.054081168159989625 -0.052677351629287196 0.010031672483280791 0.37388072716308562 -0.0005919887605808638 -0.020325701034106469 -0.095680405148380124 0.0050554145198072669 0.19809688641209983 -0.021915254217723047 -0.010219404852081282 0.0024989052807392943 0.10617360602537432
leaf_weight=47 45 42 73 40 57 51 48 40 50 41 77 53 40 55 57 79 71
leaf_count=47 45 42 73 40 57 51 48 40 50 41 77 53 40 55 57 79 71
internal_value=-0.000724638 -0.00458937 0.00623188 0.00333333 -0.00227273 -0.0137363 -0.00801527 0.01875 -0.0126168 0.000561798 -0.000797267 -0.00928571 0.00752212 0.00297806 0.00885714 -0.00447761 0.00234375
internal_weight=966 621 345 300 220 182 131 80 107 89 439 130 113 309 175 134 128
internal_count=966 621 345 300 220 182 131 80 107 89 439 130 113 309 175 134 128
cat_boundaries=0 1 2
cat_threshold=4 3
is_linear=0
shrinkage=0.05


Tree=83
num_leaves=20
num_cat=1
split_feature=21 23 68 35 31 13 51 12 12 45 31 14 31 68 58 22 58 10 21
split_gain=10.4739 8.35067 5.95295 8.0436 9.42656 8.53164 8.80099 8.90235 7.85892 7.53668 8.97486 5.56786 5.55597 5.11846 4.74904 4.45881 3.20403 2.21141 1.25
threshold=4695.0000000000009 3705.0000000000005 157.67250000000001 -1.0000000180025095e-35 -169.00999999999985 10.785000000000002 0 77.660000000000011 83.155000000000015 0.017888009105308553 190.83000000000007 120.65500000000002 258.06 41.799999999999905 82.435000000000016 500.00000000000017 82.995000000000019 198.63000000000002 2655.0000000000005
decision_type=2 2 2 2 2 2 9 2 2 2 2 2 2 2 2 2 2 2 2
left_child=1 2 3 12 -5 11 7 -7 -9 14 17 -6 -1 -10 -8 -16 -12 -11 -15
right_child=-2 -3 -4 4 5 6 9 8 13 10 16 -13 -14 18 15 -17 -18 -19 -20
leaf_value=-0.045585233732312519 0.078608799769727788 -0.11159880886074253 0.11064252601866187 0.017178786028110828 0.20402525574724939 -0.058759543345891799 -0.001444802382179944 0.013557743376955256 -0.0059689880954644009 -0.015437578621110594 0.027921754077094543 0.00011055736598832578 -0.013524754424055553 -0.075360998270634139 0.061294646479331229 0.014851490586775571 -0.015288772029639831 -0.14419343501680157 -0.11979701685187807
leaf_weight=50 41 40 67 45 41 58 73 52 51 41 71 44 43 40 63 44 43 40 40
leaf_count=50 41 40 67 45 41 58 73 52 51 41 71 44 43 40 63 44 43 40 40
internal_value=-0.00157042 -0.00264271 -0.00165563 -0.00280095 -0.00107239 -0.00249643 -0.00454545 -0.011753 -0.0068306 0.00038961 -0.00641026 0.0123529 -0.0166667 -0.0133588 0.00777778 0.014486 0.00263158 -0.0191358 -0.02125
internal_weight=987 946 906 839 746 701 616 241 183 375 195 85 93 131 180 107 114 81 80
internal_count=987 946 906 839 746 701 616 241 183 375 195 85 93 131 180 107 114 81 80
cat_boundaries=0 1
cat_threshold=234177
is_linear=0
shrinkage=0.05


Tree=84
num_leaves=19
num_cat=0
split_feature=8 16 13 57 58 57 12 30 30 45 12 30 14 36 36 30 44 60
split_gain=8.80948 9.4057 6.31277 5.79481 5.40482 7.49134 8.41101 9.25014 13.7907 7.386 5.42938 5.38338 4.61936 4.15139 5.2788 3.70288 5.0048 3.46057
threshold=7800.0000000000009 0.45620553202889241 39.205000000000005 93.790000000000006 72.915000000000006 64.955000000000013 77.010000000000019 16.925000000000072 9.0449999999999608 0.021499633661190651 83.910000000000011 8.2750000000000927 115.41500000000002 0.0034918256420938504 -0.014408757380611847 12.71499999999992 0.030479160759852502 1983.0900000000004
decision_type=2 2 2 2 2 2 2 2 2 2 2 2 2 2 2 2 2 2
left_child=1 2 4 17 13 11 15 8 9 12 -10 -6 -8 14 -1 16 -7 -3
right_child=-2 3 -4 -5 5 6 7 -9 10 -11 -12 -13 -14 -15 -16 -17 -18 -19
leaf_value=-0.010309832321396329 0.041423010089301764 -0.13915981960691398 0.066303556870643474 -0.00085899058714977716 0.065858008164768223 -0.039438750918933833 0.16257548031898583 -0.058061572779385708 0.082029353523845397 -0.035250993169383599 0.033658611006349481 -0.0054648569332260422 -0.04494763388306558 -0.029034372304995115 0.011592026630092889 -0.0047744948439373052 -0.0045775213112965729 -0.21506684533807557
leaf_weight=50 76 40 43 45 65 58 55 59 59 52 49 60 41 56 51 49 50 46
leaf_count=50 76 40 43 45 65 58 55 59 59 52 49 60 41 56 51 49 50 46
internal_value=-0.00189243 -0.00323276 -0.00119197 -0.0156489 -0.00225464 -8.37521e-05 -0.0029661 0.00174603 0.00585938 -0.00405405 0.0194444 0.0108 0.00416667 -0.0105096 -0.00445545 -0.0124204 -0.0175926 -0.0232558
internal_weight=1004 928 797 131 754 597 472 315 256 148 108 125 96 157 101 157 108 86
internal_count=1004 928 797 131 754 597 472 315 256 148 108 125 96 157 101 157 108 86
is_linear=0
shrinkage=0.05


Tree=85
num_leaves=19
num_cat=1
split_feature=62 51 38 30 38 58 31 61 30 10 11 44 19 31 35 16 63 42
split_gain=10.5949 6.108 6.66649 10.5693 7.87612 9.19805 7.06212 7.51128 7.03836 6.21175 6.89617 5.61405 10.5675 7.08583 4.64986 5.46135 3.84542 5.29962
threshold=5339.3450000000003 0 179.22323129251689 2.4350000000001732 176.69622448979592 76.040000000000006 224.51500000000013 1354.0100000000002 11.104999999999906 191.26500000000001 2660.9250000000006 0.050609583215197006 594.99999999999989 -65.33000000000014 0.34507511699440546 0.47920545781072932 0.91622544546154283 0.9947037138924808
decision_type=2 9 2 2 2 2 2 2 2 2 2 2 2 2 2 2 2 2
left_child=1 11 4 -4 5 -3 -5 8 -8 -7 -11 12 14 -13 15 16 17 -1
right_child=-2 2 3 6 -6 9 7 -9 -10 10 -12 13 -14 -15 -16 -17 -18 -19
leaf_value=-0.015659731075486506 0.062145431341741879 -0.036003729248887055 -0.10713587408033548 0.011945087841530456 0.17325508583860835 -0.0059452385437063666 -0.0044951024775627072 0.0097084036252923951 -0.03960531197675881 0.15977802790907353 -0.0015136449040032683 0.093739097219605327 0.025945910108884009 -0.025386611685741058 -0.0024080006519350498 -0.24809375089665339 -0.029060918526204293 0.0014802895388461329
leaf_weight=62 40 68 54 77 51 54 53 71 40 71 58 40 41 42 41 42 48 43
leaf_count=62 40 68 54 77 51 54 53 71 40 71 58 40 41 42 41 42 48 43
internal_value=-0.00271084 -0.00376569 -0.000576606 -0.0059322 0.00463576 0.000996016 -0.00145228 -0.00731707 -0.0166667 0.0068306 0.0127907 -0.00880759 -0.0124549 0.00243902 -0.0165254 -0.0197436 -0.0153595 -0.01
internal_weight=996 956 597 295 302 251 241 164 93 183 129 359 277 82 236 195 153 105
internal_count=996 956 597 295 302 251 241 164 93 183 129 359 277 82 236 195 153 105
cat_boundaries=0 1
cat_threshold=15969
is_linear=0
shrinkage=0.05


Tree=86
num_leaves=17
num_cat=2
split_feature=35 13 10 57 8 3 16 39 15 58 51 31 35 44 30 63
split_gain=8.35067 10.8888 12.1419 8.51397 6.51572 7.06889 8.37659 9.0326 9.55128 6.7126 7.32131 6.4011 5.49481 4.46726 5.26954 3.53908
threshold=-0.075624274181848083 10.785000000000002 186.27500000000003 65.715000000000018 7800.0000000000009 0 0.20430651714453976 -29.565229481014388 32.664999999999999 68.710000000000022 1 638.2600000000001 0.14627622652170283 0.047207258293166958 9.0449999999999608 0.834281531851508
decision_type=2 2 2 2 2 9 2 2 2 2 9 2 2 2 2 2
left_child=-1 3 -3 -2 5 15 -7 -8 -9 -10 12 13 -11 14 -12 -4
right_child=1 2 4 -5 -6 6 7 8 9 10 11 -13 -14 -15 -16 -17
leaf_value=-0.026651253357381229 0.1318982793122995 -0.070068561232474513 -0.31141572995451217 0.00049093372003636835 0.041440352709702789 -0.033187277785973447 -0.069846765572965375 0.19233249954608134 0.029663622381296675 0.04327127852296906 -0.079985535536973948 0.010597705975537497 -0.0091312004516780117 0.013395441524194199 -0.0042701525939659755 -0.052602214042741839
leaf_weight=56 42 79 42 67 59 40 44 78 42 75 59 70 41 47 71 79
leaf_count=56 42 79 42 67 59 40 44 78 42 75 59 70 41 47 71 79
internal_value=-0.00267407 -0.0015508 -0.0035109 0.0133028 -0.00153949 -0.00290698 -0.000433276 0.0012334 0.00320911 0.000123457 -0.00206612 -0.00680934 0.00793651 -0.0121469 -0.0169231 -0.0133588
internal_weight=991 935 826 109 747 688 567 527 483 405 363 247 116 177 130 121
internal_count=991 935 826 109 747 688 567 527 483 405 363 247 116 177 130 121
cat_boundaries=0 1 2
cat_threshold=8 198216
is_linear=0
shrinkage=0.05


Tree=87
num_leaves=19
num_cat=0
split_feature=32 16 12 29 22 21 19 31 10 44 30 58 25 29 15 32 43 19
split_gain=8.1949 7.73849 8.56871 9.05368 15.2442 8.2739 7.4276 7.51637 8.69778 8.31453 8.05234 6.45785 6.02679 5.55749 6.06782 5.28293 3.43572 4.80235
threshold=0.90364978508200078 0.53228396117815213 95.240000000000023 -83.99499999999999 364.99999999999994 2685.0000000000005 295.00000000000006 228.55499999999986 193.49000000000004 0.046640204139495302 10.640000000000102 78.085000000000022 355.00000000000006 -64.650000000000077 37.580000000000005 0.95913126841289398 0.97337388157143157 414.99999999999994
decision_type=2 2 2 2 2 2 2 2 2 2 2 2 2 2 2 2 2 2
left_child=1 2 3 11 12 16 15 10 -9 -10 -8 -1 -5 14 -7 -2 17 -6
right_child=6 -3 -4 4 5 13 7 8 9 -11 -12 -13 -14 -15 -16 -17 -18 -19
leaf_value=0.0009972785033982559 -0.069669632430748224 -0.23776108098730586 0.068829414159338853 0.0031346008426774139 -0.01446666265786868 0.22761962555556883 -0.0064130926896551095 -0.02018671543520785 0.026998879508578735 -0.058929259607827515 0.15607871817380875 -0.047107066364202414 0.17279834477568962 -0.051222179488461354 0.0021524556022829654 -0.0041030074032363476 -0.0013693905233541194 -0.064672297270444906
leaf_weight=46 76 40 71 48 40 43 53 40 60 57 40 65 64 52 63 44 51 43
leaf_count=46 76 40 71 48 40 43 53 40 60 57 40 65 64 52 63 44 51 43
internal_value=-0.00220884 0.00127796 0.00273038 0.000485437 0.0039604 -0.00205479 -0.00810811 -0.0032 -0.00987261 -0.00299145 0.00806452 -0.0121622 0.0196429 0.0056962 0.0122642 -0.0183333 -0.011194 -0.0174699
internal_weight=996 626 586 515 404 292 370 250 157 117 93 111 112 158 106 120 134 83
internal_count=996 626 586 515 404 292 370 250 157 117 93 111 112 158 106 120 134 83
is_linear=0
shrinkage=0.05


Tree=88
num_leaves=19
num_cat=1
split_feature=21 11 30 21 22 29 51 57 59 30 33 33 25 63 42 60 39 42
split_gain=8.54556 11.0531 8.39081 7.80965 9.28009 9.17528 10.6936 8.29407 6.26965 5.73785 5.573 6.94794 5.88367 7.98033 4.50727 5.36782 2.75703 3.8419
threshold=4745.0000000000009 3955.6600000000003 28.169999999999849 1395.0000000000002 405.00000000000006 -67.859999999999886 0 106.12500000000001 2423.0000000000005 7.1799999999999509 0.015692466662332854 0.16394326256194472 420.00000000000017 0.89322863985114465 0.98278213673642056 2928.1950000000002 -26.61761290792904 0.87336949803866781
decision_type=2 2 2 2 2 2 9 2 2 2 2 2 2 2 2 2 2 2
left_child=1 2 3 -1 7 6 9 10 16 -6 -5 -12 13 -13 15 -7 -8 -18
right_child=-2 -3 -4 4 5 14 8 -9 -10 -11 11 12 -14 -15 -16 -17 17 -19
leaf_value=-0.1358858177317353 0.060467255873145415 -0.097778825648305256 0.097549078460890101 0.1635791462770457 -0.0030773311213809331 -0.015045485939553311 -0.11720660019490288 -0.014939142760839387 0.011932692361505648 0.086613806862618062 -0.036125452992888683 -0.023558752297296738 0.04746399474422313 0.01138893538411816 -0.037615333189713579 0.0032146947609336288 -0.12777896974504871 0.0015134260547792434
leaf_weight=40 40 45 40 66 47 43 44 58 50 55 74 43 70 55 74 50 44 48
leaf_count=40 40 45 40 66 47 43 44 58 50 55 74 43 70 55 74 50 44 48
internal_value=-0.00263692 -0.00359408 -0.00238624 -0.00342625 -0.00237515 -0.00714286 -0.00173611 0.00355191 -0.00867347 0.0107143 0.00681818 0.00330579 0.00892857 0.00102041 -0.0164671 -0.00913978 -0.0147059 -0.00978261
internal_weight=986 946 901 861 821 455 288 366 186 102 308 242 168 98 167 93 136 92
internal_count=986 946 901 861 821 455 288 366 186 102 308 242 168 98 167 93 136 92
cat_boundaries=0 1
cat_threshold=204930
is_linear=0
shrinkage=0.05


Tree=89
num_leaves=19
num_cat=2
split_feature=30 35 59 36 36 16 16 27 12 21 2 14 19 40 51 60 12 19
split_gain=7.72022 7.20703 4.30233 5.91759 5.81042 5.78098 8.02141 10.726 7.75255 6.69806 5.67718 5.33481 6.50858 4.88471 4.76473 8.23725 4.33174 3.59515
threshold=28.169999999999849 -0.048366683497471842 2958.6150000000002 0.15983533324845542 0.10369118272816182 0.35292919192883671 0.29577955544511053 95.000000000000014 88.215000000000018 1985.0000000000002 0 111.51500000000003 310.00000000000028 -28.860934742578159 1 2931.0600000000004 86.350000000000009 405.00000000000006
decision_type=2 2 2 2 2 2 2 2 2 2 9 2 2 2 9 2 2 2
left_child=1 -1 3 4 5 6 11 9 -7 -8 -10 12 -3 -12 15 -13 -5 -16
right_child=-2 2 -4 16 -6 8 7 -9 10 -11 13 14 -14 -15 17 -17 -18 -19
leaf_value=-0.023709539097659011 0.10659454841335157 -0.024322374517214685 0.029663056139488386 0.061811953974662215 -0.036219243918005663 -0.070614154512393765 0.029165292585130322 0.070028590497015472 0.049157290850868313 -0.021524177338072371 -0.13771917863924479 -0.0048470817831866471 -0.0098915483098191981 0.0028346852041728934 0.0012802974537628215 0.16864716962460224 -0.019132063543827561 -0.012815988719925109
leaf_weight=61 41 41 73 43 55 59 42 65 43 49 63 64 52 40 40 42 48 63
leaf_count=61 41 41 73 43 55 59 42 65 43 49 63 64 52 40 40 42 48 63
internal_value=-0.00294715 -0.00387063 -0.00272109 -0.00377009 -0.00529248 -0.00399698 -0.000873362 0.00833333 -0.0109756 -0.00274725 -0.00479452 -0.00562914 -0.0155914 -0.011165 -0.00119617 0.00603448 0.00824176 -0.00840708
internal_weight=984 943 882 809 718 663 458 156 205 91 146 302 93 103 209 106 91 103
internal_count=984 943 882 809 718 663 458 156 205 91 146 302 93 103 209 106 91 103
cat_boundaries=0 1 2
cat_threshold=1 90374
is_linear=0
shrinkage=0.05


Tree=90
num_leaves=18
num_cat=1
split_feature=21 11 68 72 51 12 39 38 16 12 60 12 30 16 68 58 33
split_gain=7.52732 6.51609 4.61752 7.64118 7.02779 7.03187 8.32915 6.24147 5.16602 6.50796 4.56006 4.41338 7.01771 4.38502 4.14041 2.47573 2.05536
threshold=4695.0000000000009 3888.0350000000003 32.296500000000009 -28.397217443331048 0 73.735000000000014 -28.687407089173867 184.94853741496607 0.35796516544273277 83.045000000000002 1536.2500000000002 78.795000000000016 -1.6249999999997724 0.22117505269127988 52.834000000000024 87.175000000000026 0.39431234111634755
decision_type=2 2 2 2 9 2 2 2 2 2 2 2 2 2 2 2 2
left_child=1 2 3 7 10 -6 -7 -1 9 16 -4 13 -13 -12 15 -14 -8
right_child=-2 -3 4 -5 5 6 8 -9 -10 -11 11 12 14 -15 -16 -17 -18
leaf_value=0.16462546400447914 0.062583893057546108 -0.063905468335196128 -0.05757132455696317 -0.013912119683061254 -0.0081018551493439502 -0.065348282851948478 -0.0042466659490131677 0.0011666753355181303 -0.017539350692285894 0.051371158797776789 -0.0030408119980621373 -0.083370754380886092 0.0087494528165602773 -0.028232206862773349 0.043701878670012073 -0.092921087099218203 0.019832861127499338
leaf_weight=49 43 52 44 79 44 60 42 69 73 75 54 42 42 57 73 40 41
leaf_count=49 43 52 44 79 44 60 42 69 73 75 54 42 42 57 73 40 41
internal_value=-0.00301328 -0.00395299 -0.00294118 0.00380711 -0.00487627 0.000434783 0.0032646 0.0118644 0.00757576 0.0126582 -0.00966851 -0.00779221 -0.00329949 -0.0157658 0.0016129 -0.00609756 0.00301205
internal_weight=979 936 884 197 687 335 291 118 231 158 352 308 197 111 155 82 83
internal_count=979 936 884 197 687 335 291 118 231 158 352 308 197 111 155 82 83
cat_boundaries=0 1
cat_threshold=168867
is_linear=0
shrinkage=0.05


Tree=91
num_leaves=18
num_cat=1
split_feature=15 59 16 12 31 5 31 51 73 30 45 12 44 43 19 31 39
split_gain=7.63177 9.4302 7.97503 7.5102 7.0359 6.66036 5.45088 6.62852 7.12443 7.74297 7.47793 6.85378 7.53606 6.92582 5.96433 7.41348 5.60065
threshold=35.745000000000012 1860.0800000000002 0.24188020028540852 86.580000000000013 247.89999999999989 0.21980676328502413 -194.07500000000002 0 0.8098748352907833 9.9599999999999245 0.022114740212946207 69.730000000000018 0.042954352140629405 0.96661700565650721 94.999999999999901 596.81000000000006 -27.744166214512898
decision_type=2 2 2 2 2 2 2 9 2 2 2 2 2 2 2 2 2
left_child=1 2 -1 -4 -5 -3 -2 8 9 -8 16 -9 14 -14 -13 -16 -10
right_child=6 5 3 4 -6 -7 7 11 10 -11 -12 12 13 -15 15 -17 -18
leaf_value=0.096412459742644618 0.0048826255756222459 0.21804191146248206 -0.032352712022885213 -0.018514263892674142 0.078928932378553682 0.0083112260286303478 -0.0966536933362344 -0.0076196843252007013 -0.00097770459386572746 -0.022992866672895219 0.0090868392968866934 -0.020606164514384996 0.0018647539650309853 -0.081865197719131366 0.053560247934013774 0.0012423233139170265 -0.071315483673658545
leaf_weight=45 57 40 49 60 52 67 48 46 46 61 54 40 63 41 74 75 66
leaf_count=45 57 40 49 60 52 67 48 46 46 61 54 40 63 41 74 75 66
internal_value=-0.00213415 0.0043131 -0.00194175 -0.00714286 0 0.0163551 -0.00514158 -0.00651466 -0.0121053 -0.0224771 -0.0060241 -0.00157593 0.00119454 -0.00961538 0.00714286 0.011745 -0.0133929
internal_weight=984 313 206 161 112 107 671 614 275 109 166 339 293 104 189 149 112
internal_count=984 313 206 161 112 107 671 614 275 109 166 339 293 104 189 149 112
cat_boundaries=0 1
cat_threshold=15045
is_linear=0
shrinkage=0.05


Tree=92
num_leaves=17
num_cat=1
split_feature=31 16 58 68 51 40 39 14 38 58 68 57 10 57 36 40
split_gain=8.53843 6.3479 6.15074 15.3354 6.17848 9.53809 7.09112 6.67026 8.18931 8.51126 11.2775 4.62056 6.58442 4.51177 4.18146 2.68779
threshold=-191.82500000000024 0.45620553202889241 176.42500000000004 151.94550000000001 0 -40.073779866479192 -28.87230971402953 135.83500000000004 192.21850340136066 76.040000000000006 74.341000000000022 88.390000000000015 194.37000000000003 85.280000000000015 0.0098606653196037525 -27.298312868874312
decision_type=2 2 2 2 9 2 2 2 2 2 2 2 2 2 2 2
left_child=-1 2 3 4 5 -2 -6 8 9 -8 11 12 -11 -3 15 -7
right_child=1 13 -4 -5 6 14 7 -9 -10 10 -12 -13 -14 -15 -16 -17
leaf_value=0.0068333228813270974 0.0065372387556475011 -0.12183036050314061 -0.024223496524758494 0.15083381050464428 -0.022181085551004717 -0.05034922995030993 -0.017037599499947032 -0.010006336530004456 0.026125124686026679 -0.047009735828783643 -0.013368874557890376 0.16529004961172442 0.12897012442883579 -0.0046731465589382242 -0.0019777272202707199 -0.021525494900095768
leaf_weight=74 69 70 44 57 61 66 77 48 58 42 41 41 66 76 41 46
leaf_count=74 69 70 44 57 61 66 77 48 58 42 41 41 66 76 41 46
internal_value=-0.00281474 -0.00415282 -0.00231176 -0.00119215 -0.00335366 -0.00991379 0.000225225 0.00281501 0.00538462 0.00168539 0.00736842 0.0137584 0.00833333 -0.0136986 -0.0173203 -0.0223214
internal_weight=977 903 757 713 656 222 434 373 325 267 190 149 108 146 153 112
internal_count=977 903 757 713 656 222 434 373 325 267 190 149 108 146 153 112
cat_boundaries=0 1
cat_threshold=102537
is_linear=0
shrinkage=0.05


Tree=93
num_leaves=19
num_cat=1
split_feature=8 62 15 44 58 10 30 30 29 29 51 25 30 35 10 57 43 23
split_gain=10.6351 5.28594 6.55533 6.156 5.82839 12.4878 6.11633 9.05293 9.62794 7.04162 7.73388 7.48952 6.72457 5.88856 5.67894 4.30915 4.14639 2.95297
threshold=7720.0000000000009 3820.6050000000005 39.990000000000002 0.027076835837822454 68.345000000000013 203.35000000000005 11.785000000000084 14.654999999999974 -64.019999999999968 -68.164999999999949 0 444.99999999999994 4.54499999999996 0.31493852457678423 197.99500000000003 86.045000000000016 0.99777841563536607 1925.0000000000002
decision_type=2 2 2 2 2 2 2 2 2 2 9 2 2 2 2 2 2 2
left_child=1 2 4 15 5 -1 9 -8 -9 10 12 13 -6 -12 -13 -3 -11 -10
right_child=-2 3 -4 -5 6 -7 7 8 17 16 11 14 -14 -15 -16 -17 -18 -19
leaf_value=-0.081633590259906352 0.04399122790133228 0.0049042963010171199 0.032228658632820921 -0.12370432818137589 -0.1116634274724404 0.017552310885927725 0.11472957768951098 -0.071545967129072949 -0.0032915612413903397 -0.0027000453469960385 -0.0069872629323160856 0.16267303441932823 0.00011687602447967294 0.028222446656255076 0.0098865914860271076 -0.032258676553438906 -0.021072031273454479 0.077000546389696681
leaf_weight=41 71 69 47 51 58 41 50 46 52 59 45 41 49 42 73 41 45 46
leaf_count=41 71 69 47 51 58 41 50 46 52 59 45 41 49 42 73 41 45 46
internal_value=-0.0024302 -0.00390625 -0.00210884 -0.0121118 -0.00334302 -0.0158537 -0.00165017 0.0056701 -0.000694444 -0.00509709 -0.0012987 0.00450237 -0.0115385 -0.00632184 0.0131579 -0.00545455 -0.0163462 0.00816327
internal_weight=967 896 735 161 688 82 606 194 144 412 308 201 107 87 114 110 104 98
internal_count=967 896 735 161 688 82 606 194 144 412 308 201 107 87 114 110 104 98
cat_boundaries=0 1
cat_threshold=180992
is_linear=0
shrinkage=0.05


Tree=94
num_leaves=17
num_cat=0
split_feature=8 14 29 12 29 58 39 16 73 58 12 22 45 40 13 59
split_gain=13.6163 4.80426 6.64457 7.43799 11.2897 7.62794 6.76138 6.14854 5.99722 5.54136 5.25626 4.4 4.07097 6.40134 5.67831 3.51702
threshold=7800.0000000000009 109.23 -95.619999999999877 76.965000000000018 -64.079999999999913 79.955000000000027 -27.915584187100901 0.28155815323152739 0.8898269054629212 68.510000000000005 104.52000000000002 344.99999999999983 0.015156105491268701 -27.501086542030588 29.310000000000006 1520.3500000000001
decision_type=2 2 2 2 2 2 2 2 2 2 2 2 2 2 2 2
left_child=1 8 10 4 -4 9 -6 -7 11 -5 -3 -1 13 -9 -15 -8
right_child=-2 2 3 5 6 7 15 12 -10 -11 -12 -13 -14 14 -16 -17
leaf_value=-0.0003424567390698408 0.04053957611603437 -0.16349336835100639 -0.051382824533871219 0.0017054322732287909 0.0062809799259490127 0.12506586883207796 -0.018141990808751986 0.035715797792380412 -0.019024522703771508 -0.091634170648725907 -0.05927417418487764 0.12082923725304413 -0.024684774151035607 0.034136476794846958 -0.025975295828232527 -0.0032643254395348601
leaf_weight=72 72 40 58 53 48 64 55 70 50 71 53 60 77 59 41 46
leaf_count=72 72 40 58 53 48 64 55 70 50 71 53 60 77 59 41 46
internal_value=-0.0028817 -0.00452563 -0.00632653 -0.00451713 -0.0123188 -0.000804598 -0.00503356 0.00337621 0.00274725 -0.0112903 -0.0188172 0.00833333 -0.000202429 0.00411765 -0.004 -0.0123762
internal_weight=989 917 735 642 207 435 149 311 182 124 93 132 247 170 100 101
internal_count=989 917 735 642 207 435 149 311 182 124 93 132 247 170 100 101
is_linear=0
shrinkage=0.05


Tree=95
num_leaves=20
num_cat=1
split_feature=8 51 68 16 59 68 17 8 39 8 38 42 60 19 58 57 12 39 40
split_gain=9.2633 6.01756 18.0067 7.39909 5.71777 6.38485 5.30101 5.82144 7.68627 5.63037 4.41487 6.22588 6.12529 5.10746 4.00415 3.89738 3.47518 2.68791 1.95055
threshold=7720.0000000000009 0 94.227000000000018 0.45620553202889241 2958.6150000000002 112.64000000000003 1115.0000000000002 5530.7482993197291 -23.463889193778474 5405.7596371882091 182.87638321995453 0.93479135436315419 3178.6450000000004 310.00000000000028 74.680000000000021 88.88000000000001 80.595000000000013 -27.478009255660329 -40.338256939892958
decision_type=2 9 2 2 2 2 2 2 2 2 2 2 2 2 2 2 2 2 2
left_child=1 2 6 4 5 10 -1 9 -9 -8 12 -12 13 -3 -11 -5 -15 -13 -2
right_child=18 3 -4 15 -6 -7 7 8 -10 14 11 17 -14 16 -16 -17 -18 -19 -20
leaf_value=0.01376602447301023 0.039764687700463958 -0.0096094762681369073 0.12862608097082326 -0.16745987018892539 0.065637576888821367 -0.014280762261309655 -0.0015452892724454603 0.057793610225604433 -0.025935854399884131 -0.076632493351472084 -0.080566139610909804 0.0036404650282383048 -0.031774853471365376 0.0040231862595805469 -0.011924921602217477 -0.10273874007633631 0.10793512672441503 -0.012159287393329256 0.021220403259924116
leaf_weight=71 41 42 49 49 41 75 66 51 51 40 50 44 49 54 46 44 40 41 42
leaf_count=71 41 42 49 49 41 75 66 51 51 40 50 44 49 54 46 44 40 41 42
internal_value=-0.00212982 -0.00359911 0.00130208 -0.00695733 -0.0043578 -0.00620253 -0.00292308 -0.00629921 0.00294118 -0.0125 -0.003125 -0.01 0.00189189 0.00735294 -0.0209302 -0.0198925 0.0138298 -0.00176471 0.0138554
internal_weight=986 903 374 529 436 395 325 254 102 152 320 135 185 136 86 93 94 85 83
internal_count=986 903 374 529 436 395 325 254 102 152 320 135 185 136 86 93 94 85 83
cat_boundaries=0 1
cat_threshold=82123
is_linear=0
shrinkage=0.05


Tree=96
num_leaves=19
num_cat=1
split_feature=51 13 12 31 16 45 25 40 42 36 18 45 59 42 13 25 38 16
split_gain=8.22127 8.51209 10.2284 9.19705 9.17847 9.8303 7.84426 6.51796 7.91199 7.82681 7.16711 7.42703 5.66144 5.37275 5.36566 4.56333 4.40261 2.67401
threshold=0 13.200000000000001 77.175000000000026 282.55500000000012 0.44103684142107097 0.007483294717386001 430.00000000000028 -27.352596109646328 0.6419413919413921 0.11018451526884702 2555.0000000000005 0.016011674093986152 1008.84 0.99731057782474097 27.240000000000006 475.00000000000006 179.12410430839 0.30770074559883515
decision_type=9 2 2 2 2 2 2 2 2 2 2 2 2 2 2 2 2 2
left_child=7 3 15 -2 5 17 -7 9 -9 10 16 -12 -8 -6 -14 -3 -1 -4
right_child=1 2 4 -5 13 6 12 8 -10 -11 11 -13 14 -15 -16 -17 -18 -19
leaf_value=0.10860581054024197 0.057432433037466701 -0.011649765812967861 -0.055073547223388974 -0.0062741214601754088 -0.23490704297691797 -0.0083340731981535587 -0.0064611349566852773 0.0038641597580616723 0.15611063199628961 0.01917735089292465 0.00021777807196279311 -0.10410130354716698 0.13456772024176292 -0.0069861055089745164 0.030923597630595514 -0.087244696168814445 -0.0026659401663168825 -0.023223695819457026
leaf_weight=43 55 48 41 43 59 73 48 64 53 53 40 54 51 45 60 50 72 40
leaf_count=43 55 48 41 43 59 73 48 64 53 53 40 54 51 45 60 50 72 40
internal_value=-0.000705645 -0.00425361 -0.0068932 0.00918367 -0.00347722 0.000798722 0.00603448 0.00501285 0.0149573 0.000763359 -0.00358852 -0.0138298 0.0122642 -0.0163462 0.0184685 -0.0214286 0.00478261 -0.0141975
internal_weight=992 613 515 98 417 313 232 379 117 262 209 94 159 104 111 98 115 81
internal_count=992 613 515 98 417 313 232 379 117 262 209 94 159 104 111 98 115 81
cat_boundaries=0 1
cat_threshold=82989
is_linear=0
shrinkage=0.05


Tree=97
num_leaves=19
num_cat=4
split_feature=13 51 63 2 44 30 59 13 2 57 45 2 29 38 10 29 30 45
split_gain=6.65852 6.55671 7.86372 9.01845 9.87816 6.6815 6.96334 6.60652 6.42857 6.42783 6.01415 4.35664 8.72849 6.43418 4.62185 4.26626 4.1122 2.85296
threshold=10.410000000000002 0 0.93178692045780653 1 0.035299121066061756 16.515000000000104 1867.9550000000002 45.125000000000007 2 97.500000000000014 0.012081259435488703 3 -84.095000000000013 182.0296485260773 198.92000000000004 -61.069999999999816 9.6449999999999836 0.014967779424117502
decision_type=2 9 2 9 2 2 2 2 9 2 2 9 2 2 2 2 2 2
left_child=8 5 3 4 16 6 9 -5 -1 11 -8 -2 13 -13 -14 -7 -3 -6
right_child=1 2 -4 7 17 15 10 -9 -10 -11 -12 12 14 -15 -16 -17 -18 -19
leaf_value=-0.0005470028877194111 0.037900518047803838 -0.0094628461090283892 -0.052433282810898145 -0.0077330776157819164 0.0057377564974240959 -0.089652491432504366 0.12222808276833047 -0.17038972810185182 0.39414512714995315 -0.012828226687571843 0.00078216051070065804 0.074159849816980539 -0.079841980130589366 -0.02769190519104843 -0.0057089087185386196 -0.012941247794359123 0.0055977523490720943 0.03790975032375659
leaf_weight=60 69 65 62 64 41 43 55 42 45 55 53 60 47 46 46 44 42 43
leaf_count=60 69 65 62 64 41 43 55 42 45 55 53 60 47 46 46 44 42 43
internal_value=-0.00285132 -0.00427594 -0.00934959 -0.00622896 0.00026178 -0.000568182 0.00197216 -0.0179245 0.00904762 -0.00170279 0.012963 0.00149254 -0.00226131 0.00754717 -0.0134409 -0.0132184 -0.00981308 0.0130952
internal_weight=982 877 359 297 191 518 431 106 105 323 108 268 199 106 93 87 107 84
internal_count=982 877 359 297 191 518 431 106 105 323 108 268 199 106 93 87 107 84
cat_boundaries=0 1 2 3 4
cat_threshold=83406 1 1 1
is_linear=0
shrinkage=0.05


Tree=98
num_leaves=18
num_cat=1
split_feature=51 44 20 58 40 39 12 16 16 60 22 25 19 32 33 19 68
split_gain=8.72923 7.67729 7.73665 7.43449 7.20078 7.05604 6.47931 12.6825 7.72906 5.82987 5.18571 9.68336 4.80021 4.57047 5.06567 4.4545 3.13923
threshold=0 0.055713070598242105 1145.0000000000002 76.040000000000006 -27.298312868874312 -20.217849358942189 78.620000000000019 0.18392845226400348 0.27778484810728582 2003.6200000000001 495.00000000000006 415.00000000000006 530.00000000000023 0.89359789029039816 0.048925909175655861 405.00000000000006 41.803000000000004
decision_type=9 2 2 2 2 2 2 2 2 2 2 2 2 2 2 2 2
left_child=3 2 -2 9 10 -6 7 -4 -8 -1 11 -5 13 14 -10 -9 -3
right_child=1 16 6 4 5 -7 8 15 12 -11 -12 -13 -14 -15 -16 -17 -18
leaf_value=0.0012697483706671508 -0.085893983913301775 0.044858671330680069 0.0021404398858929918 -0.010095606388140332 0.17803213564464448 0.049118272837542554 0.13746083968930184 -0.061706491148828868 -0.028551783701372815 -0.076556294057875188 -0.041397844904203 0.11145482234484493 0.013337703059183061 -0.058853305519574919 0.0057751780299910571 -0.051816568066873139 -4.0238607908471559e-07
leaf_weight=70 52 40 58 55 40 62 43 42 51 40 60 53 62 72 58 51 55
leaf_count=70 52 40 58 55 40 62 43 42 51 40 60 53 62 72 58 51 55
internal_value=-0.00228216 -0.00606061 -0.00869121 0.00358974 0.00814815 0.0186275 -0.00652174 -0.0149007 -0.0020979 -0.00727273 0.00178571 0.00833333 -0.00555556 -0.00966851 -0.00321101 -0.0263441 0.00684211
internal_weight=964 584 489 380 270 102 437 151 286 110 168 108 243 181 109 93 95
internal_count=964 584 489 380 270 102 437 151 286 110 168 108 243 181 109 93 95
cat_boundaries=0 1
cat_threshold=83212
is_linear=0
shrinkage=0.05


Tree=99
num_leaves=19
num_cat=1
split_feature=8 16 25 60 20 11 13 11 62 61 11 39 51 63 13 57 68 36
split_gain=6.72877 8.75997 8.00765 6.35202 9.64204 6.81105 7.29613 6.80967 8.21451 6.15683 6.5286 5.27373 4.97913 7.29054 5.22663 4.2949 5.17398 3.49091
threshold=5671.3605442176877 0.55056892363847498 125.00000000000001 1505.9100000000001 1145.0000000000002 2660.9250000000006 27.485000000000003 2259.7200000000007 3087.4700000000007 2341.2100000000005 4000.8100000000004 -28.159562414282572 0 0.87023762081903844 28.210000000000004 95.055000000000021 73.846500000000006 0.024425717433845955
decision_type=2 2 2 2 2 2 2 2 2 2 2 2 9 2 2 2 2 2
left_child=1 2 -1 -4 -5 6 7 8 -6 12 -11 -7 14 -14 -2 16 -13 -15
right_child=9 -3 3 4 5 11 -8 -9 -10 10 -12 15 13 17 -16 -17 -18 -19
leaf_value=-0.030653041295837909 0.20954892175108011 -0.24862750160820132 0.012743373958103932 -0.078881904174859588 0.0042754755474075038 0.0044874917713796812 0.051842949152191675 0.019988421654494104 -0.018972429153094206 0.091822293238883579 0.00083123557063082833 -0.070535067833437284 0.025227790014256214 -0.048109195660065079 -0.0022340888797358518 -0.073500019293809032 0.02680605420408071 -0.0059571600158197183
leaf_weight=48 47 43 47 42 76 54 62 49 53 54 51 55 50 48 68 48 47 40
leaf_count=48 47 43 47 42 76 54 62 49 53 54 51 55 50 48 68 48 47 40
internal_value=-0.00183299 -0.00496795 -0.00335628 -0.00159475 -0.00329218 -0.00112613 0.00458333 -0.000561798 -0.00658915 0.00363128 0.0138095 -0.00784314 -0.000592885 -0.00675676 0.0068 -0.0126667 -0.00686275 -0.0159091
internal_weight=982 624 581 533 486 444 240 178 129 358 105 204 253 138 115 150 102 88
internal_count=982 624 581 533 486 444 240 178 129 358 105 204 253 138 115 150 102 88
cat_boundaries=0 1
cat_threshold=90378
is_linear=0
shrinkage=0.05


Tree=100
num_leaves=17
num_cat=0
split_feature=59 59 68 58 9 36 20 4 10 32 11 62 63 31 12 13
split_gain=5.33722 7.53363 5.61898 6.20617 9.85258 6.24621 6.75146 8.90757 5.28258 8.08457 7.47949 5.24654 7.03636 5.23959 4.49567 5
threshold=3000.3450000000007 2858.9000000000005 151.94550000000001 88.705000000000013 2937.4550000000004 0.16603440862716987 2925.0000000000005 1.5000000000000002 193.49000000000004 0.79146462815993546 2253.7650000000003 1716.2450000000001 0.83972780687481186 320.69500000000011 74.375000000000014 21.800000000000001
decision_type=2 2 2 2 2 2 2 2 2 2 2 2 2 2 2 2
left_child=1 2 3 5 8 6 7 11 -5 -10 -11 -1 -13 14 -14 -16
right_child=-2 -3 -4 4 -6 -7 -8 -9 9 10 -12 12 13 -15 15 -17
leaf_value=0.011360771749522776 0.054452004951778134 -0.082770906169116532 0.12072485575449576 -0.027589803659465062 0.018431990380511864 0.10035668811732866 -0.051243988469480334 0.01184453885851583 -0.080872401405586741 -0.017504886126354518 0.027491099516303658 0.051730965028433953 0.0059543553400862211 -0.036681330230014089 -0.022303402308076349 -0.0016106124237925236
leaf_weight=44 75 60 55 75 60 44 53 56 49 67 62 59 58 46 48 72
leaf_count=44 75 60 55 75 60 44 53 56 49 67 62 59 58 46 48 72
internal_value=-0.000152594 -0.00121145 0 -0.00107188 -0.00654952 0.0025 0.000688073 0.00300261 -0.0108696 -0.00617978 0.000387597 -0.000152905 -0.00265018 -0.00669643 -0.00280899 -0.00833333
internal_weight=983 908 848 793 313 480 436 383 253 178 129 327 283 224 178 120
internal_count=983 908 848 793 313 480 436 383 253 178 129 327 283 224 178 120
is_linear=0
shrinkage=0.05


Tree=101
num_leaves=18
num_cat=1
split_feature=2 40 14 15 16 45 15 40 11 16 15 63 19 16 38 23 61
split_gain=4.99236 10.2423 11.5854 8.81308 8.52963 6.826 6.3171 6.12523 5.6868 9.9091 6.45844 4.81546 3.65606 6.26963 4.17044 7.27382 7.66118
threshold=0 -32.132204681910466 117.40000000000002 32.170000000000009 0.48220121549631673 0.03390251486786091 34.205000000000005 -27.352596109646328 3898.7200000000007 0.39831593717819119 39.985000000000007 0.86789087091695805 45.000000000000007 0.33546611335717602 197.04478458049894 2405.0000000000005 1747.3200000000002
decision_type=9 2 2 2 2 2 2 2 2 2 2 2 2 2 2 2 2
left_child=6 3 7 -2 -4 11 -1 -3 9 10 12 -5 -8 14 15 16 -14
right_child=1 2 4 5 -6 -7 8 -9 -10 -11 -12 -13 13 -15 -16 -17 -18
leaf_value=0.13903613923328326 -0.065655744884728237 -0.14792802417383932 0.028707006964164328 -0.076567455525161601 -0.12249055578049628 0.15079665373278273 0.012765438310639299 -0.018357068890367367 -0.01750563801633594 0.058230423453486072 -0.050557474808631833 0.018117575588898926 0.0012216982588671322 -0.032360351722598012 0.0037051761697927234 0.027363046263594273 -0.042887729229861726
leaf_weight=76 46 67 54 47 40 51 51 66 44 47 46 64 51 45 66 67 41
leaf_count=76 46 67 54 47 40 51 51 66 44 47 46 64 51 45 66 67 41
internal_value=-0.00211558 -0.00609195 -0.0134361 0.00192308 0 0.00740741 0.0011236 -0.0229323 -0.0010917 0.000724638 -0.0020436 0.00045045 0.00046729 -0.00185185 0.00155556 -0.00283019 -0.0119565
internal_weight=969 435 227 208 94 162 534 133 458 414 367 111 321 270 225 159 92
internal_count=969 435 227 208 94 162 534 133 458 414 367 111 321 270 225 159 92
cat_boundaries=0 1
cat_threshold=1
is_linear=0
shrinkage=0.05


Tree=102
num_leaves=18
num_cat=1
split_feature=58 31 51 68 61 23 13 13 57 13 31 31 58 40 21 20 21
split_gain=5.8324 5.9947 5.35251 5.59002 4.47949 10.6003 6.29478 7.06095 5.22471 4.85658 4.56733 5.79188 6.88893 3.57756 3.50659 5.67376 4.89567
threshold=251.65500000000003 -194.07500000000002 0 43.411999999999999 1751.5600000000002 1595.0000000000002 18.315000000000001 21.660000000000004 61.615000000000002 24.765000000000004 -102.01000000000009 313.56999999999999 67.64500000000001 -31.515078882989979 2685.0000000000005 3005.0000000000005 3770.0000000000005
decision_type=2 2 9 2 2 2 2 2 2 2 2 2 2 2 2 2 2
left_child=1 -1 3 -3 5 10 -6 -8 -7 -9 -4 12 -12 -14 -11 -16 -17
right_child=-2 2 4 -5 6 8 7 9 -10 14 11 -13 13 -15 15 16 -18
leaf_value=0.016513986626926647 -0.071766328492095369 0.0011977932687254002 -0.066213519484908723 -0.079190598062375606 0.03115571163597072 -0.0056995697208388381 -0.04924812908799802 0.095511508067237572 -0.037835178763061 0.043603248425991649 -0.016882584496623745 -0.01722707638023081 0.017899872840370357 0.0038410750132056265 -0.058321587229266572 0.087157425269840882 -0.012358376182312371
leaf_weight=51 42 64 67 68 67 62 56 44 77 40 41 42 71 41 47 41 53
leaf_count=51 42 64 67 68 67 62 56 44 77 40 41 42 71 41 47 41 53
internal_value=-0.000821355 0 -0.000964813 -0.00985915 0.000724638 -0.00286783 0.00488506 0.00160142 -0.0140288 0.00555556 0.00305344 0.00692308 0.0114379 0.0178571 0.0019337 -0.00177305 0.00531915
internal_weight=974 932 881 132 749 401 348 281 139 225 262 195 153 112 181 141 94
internal_count=974 932 881 132 749 401 348 281 139 225 262 195 153 112 181 141 94
cat_boundaries=0 1
cat_threshold=4673
is_linear=0
shrinkage=0.05


Tree=103
num_leaves=20
num_cat=1
split_feature=16 12 51 25 12 29 27 33 15 35 45 45 63 68 63 60 15 58 35
split_gain=5.17638 8.19582 6.33477 5.64999 6.86034 6.7327 7.16374 7.97039 6.28635 5.53809 11.7905 11.8742 5.67386 8.47505 10.4773 4.86065 4.6717 2.8271 2.77056
threshold=0.52014256948622561 102.57500000000002 0 145.00000000000003 70.950000000000003 -70.024999999999963 75.000000000000014 0.32934242014917675 37.589999999999996 0.096645038203245423 0.023765080193854451 0.031853997550185156 0.82804194320897395 30.790499999999998 0.91390112868524576 2997.0000000000005 39.20000000000001 82.820000000000007 0.49482572364945038
decision_type=2 2 9 2 2 2 2 2 2 2 2 2 2 2 2 2 2 2 2
left_child=1 2 3 -1 -5 6 7 18 -9 12 15 -12 -4 -14 -15 -11 -2 -7 -6
right_child=16 -3 9 4 5 17 -8 8 -10 10 11 -13 13 14 -16 -17 -18 -19 -20
leaf_value=-0.016746231807318379 -0.20877230006600717 0.063071247857974563 -0.067216078106140761 0.009703553181762992 -0.096144166268946299 6.4567867283527039e-05 0.16188582156459852 0.021299526744525111 -0.011632159456746073 -0.057984174040162033 0.024868924833191031 -0.049931849301478946 -0.024128678574630549 0.11448612693613357 -0.0016010790156992139 -0.01228042786549779 -0.011499456994312363 -0.032922496557767689 0.00084903673881131514
leaf_weight=40 41 44 42 50 44 40 57 47 40 42 61 66 41 73 53 45 51 47 40
leaf_count=40 41 44 42 50 44 40 57 47 40 42 61 66 41 73 53 45 51 47 40
internal_value=-0.00176349 -0.000573394 -0.00169082 0.00277108 0.00479452 0.00206349 0.00657895 0.00146199 0.012069 -0.00588915 -0.0116822 -0.0019685 -0.000239234 0.00389222 0.0103175 -0.0258621 -0.0130435 -0.00977011 -0.00952381
internal_weight=964 872 828 405 365 315 228 171 87 423 214 127 209 167 126 87 92 87 84
internal_count=964 872 828 405 365 315 228 171 87 423 214 127 209 167 126 87 92 87 84
cat_boundaries=0 1
cat_threshold=77704
is_linear=0
shrinkage=0.05


end of trees

feature_importances:
base_pre_to_expected_ms=107
base_ovl_ratio=100
words_vs_alias_score_margin=100
base_ovl=81
base_pre=78
base_cons=69
base_cut_gap=69
next_base_pre=68
wav_duration_ms=63
vowel_class=60
valley_dist_from_cutoff_ms=54
base_offset_to_expected_ms=53
prev_base_pre=53
db_mean=52
base_cons_gap=50
energy_mean=49
energy_min=43
db_min=42
base_cutoff_to_next_anchor_ms=41
mapping_confidence=39
zcr_mean=37
alias_type=35
next_base_offset=32
energy_slope_pre=31
spectral_flux_mean=31
prev_base_cutoff_abs=31
curr_phone_len_ms=30
syllable_len_ms=28
curr_vowel_end_ms=27
energy_slope_post=26
f0_voicing_mean=26
curr_vowel_len_ms=22
prev_base_offset=21
voicing_class=20
next_base_cutoff_abs=20
base_cutoff_abs=19
curr_phone_end_ms=19
syllable_start_ms=16
next_phone_gap_ms=14
f0_voicing_near_pre=14
mel_window_energy_mean=12
base_offset=9
valley_energy=9
row_ratio_in_wav=8
curr_phone_start_ms=7
curr_vowel_start_ms=7
local_valley_db=7
syllable_end_ms=5
energy_max=4
local_peak_db=4
onset_class=3
alias_group=2
is_nasal_or_sonorant=2
row_index_in_wav=1
is_tense=1
prev_alias_type=1

parameters:
[boosting: gbdt]
[objective: regression_l1]
[metric: l1]
[tree_learner: serial]
[device_type: cpu]
[data_sample_strategy: bagging]
[data: ]
[valid: ]
[num_iterations: 500]
[learning_rate: 0.05]
[num_leaves: 31]
[num_threads: 0]
[seed: 0]
[deterministic: 0]
[force_col_wise: 0]
[force_row_wise: 0]
[histogram_pool_size: -1]
[max_depth: -1]
[min_data_in_leaf: 40]
[min_sum_hessian_in_leaf: 0.001]
[bagging_fraction: 0.85]
[pos_bagging_fraction: 1]
[neg_bagging_fraction: 1]
[bagging_freq: 1]
[bagging_seed: 3]
[bagging_by_query: 0]
[feature_fraction: 0.85]
[feature_fraction_bynode: 1]
[feature_fraction_seed: 2]
[extra_trees: 0]
[extra_seed: 6]
[early_stopping_round: 0]
[early_stopping_min_delta: 0]
[first_metric_only: 0]
[max_delta_step: 0]
[lambda_l1: 0]
[lambda_l2: 0]
[linear_lambda: 0]
[min_gain_to_split: 0]
[drop_rate: 0.1]
[max_drop: 50]
[skip_drop: 0.5]
[xgboost_dart_mode: 0]
[uniform_drop: 0]
[drop_seed: 4]
[top_rate: 0.2]
[other_rate: 0.1]
[min_data_per_group: 100]
[max_cat_threshold: 32]
[cat_l2: 10]
[cat_smooth: 10]
[max_cat_to_onehot: 4]
[top_k: 20]
[monotone_constraints: ]
[monotone_constraints_method: basic]
[monotone_penalty: 0]
[feature_contri: ]
[forcedsplits_filename: ]
[refit_decay_rate: 0.9]
[cegb_tradeoff: 1]
[cegb_penalty_split: 0]
[cegb_penalty_feature_lazy: ]
[cegb_penalty_feature_coupled: ]
[path_smooth: 0]
[interaction_constraints: ]
[verbosity: -1]
[saved_feature_importance_type: 0]
[use_quantized_grad: 0]
[num_grad_quant_bins: 4]
[quant_train_renew_leaf: 0]
[stochastic_rounding: 1]
[linear_tree: 0]
[max_bin: 255]
[max_bin_by_feature: ]
[min_data_in_bin: 3]
[bin_construct_sample_cnt: 200000]
[data_random_seed: 1]
[is_enable_sparse: 1]
[enable_bundle: 1]
[use_missing: 1]
[zero_as_missing: 0]
[feature_pre_filter: 1]
[pre_partition: 0]
[two_round: 0]
[header: 0]
[label_column: ]
[weight_column: ]
[group_column: ]
[ignore_column: ]
[categorical_feature: 0,1,2,3,46,47,50,51,52,53,55,56,70]
[forcedbins_filename: ]
[precise_float_parser: 0]
[parser_config_file: ]
[objective_seed: 5]
[num_class: 1]
[is_unbalance: 0]
[scale_pos_weight: 1]
[sigmoid: 1]
[boost_from_average: 1]
[reg_sqrt: 0]
[alpha: 0.9]
[fair_c: 1]
[poisson_max_delta_step: 0.7]
[tweedie_variance_power: 1.5]
[lambdarank_truncation_level: 30]
[lambdarank_norm: 1]
[label_gain: ]
[lambdarank_position_bias_regularization: 0]
[eval_at: ]
[multi_error_top_k: 1]
[auc_mu_weights: ]
[num_machines: 1]
[local_listen_port: 12400]
[time_out: 120]
[machine_list_filename: ]
[machines: ]
[gpu_platform_id: -1]
[gpu_device_id: -1]
[gpu_use_dp: 0]
[num_gpu: 1]

end of parameters

pandas_categorical:[["korean"], ["cvvc"], ["cv", "cv_head", "vc"], ["cv", "cv_glide", "cv_head", "cv_head_glide", "vc_other"], ["other", "plosive", "sibilant", "sonorant"], ["unknown", "voiced", "voiceless"], ["none", "other"], ["", "a", "e", "eo", "eu", "eui", "i", "o", "u", "wa", "we", "weo", "wi", "ya", "ye", "yeo", "yo", "yu"], ["head", "mid", "tail"], ["", "vc"], ["", "cv", "cv_head", "vc"], [""], ["unknown"]]
