tree
version=v4
num_class=1
num_tree_per_iteration=1
label_index=0
max_feature_idx=49
objective=regression
feature_names=language format_type alias_type alias_group candidate_mode candidate_index mapping_confidence jump_blocked_flag used_alias_based_syllables used_nuclei_fallback words_vs_alias_score_margin wav_duration_ms expected_anchor_ms base_offset_to_expected_ms base_pre_to_expected_ms base_cutoff_to_next_anchor_ms prev_phone_gap_ms next_phone_gap_ms energy_mean db_silence_ratio local_peak_db local_valley_db mel_window_energy_mean mel_window_silence_ratio coda_type vowel_class bridge_type mora_position onset_class voicing_class mapping_reason_code prev_alias_type next_alias_type cand_offset cand_cons cand_cutoff_abs cand_pre cand_ovl cand_pre_abs cand_cons_gap cand_cut_gap cand_ovl_ratio cand_offset_to_expected_ms cand_pre_to_expected_ms cand_cutoff_to_next_anchor_ms cand_delta_from_base_total cand_delta_from_base_anchor cand_overlap_margin cand_pre_cons_margin cand_leak_risk
feature_infos=none none -1:1:2:0 -1:1:6:5:4:3:2:0 -1:2:6:7:0:1:4:5 [0:6] [0.4025560065422738:1] none [0:1] none [-145.66:799.54200000000003] [776.64399092970518:5706.3265306122448] [0:3430] [-243.93000000000009:1582] [-47.659999999999968:1617.1600000000001] [-584:776.04999999999995] [0:710] [0:630] [0.051651011975596101:0.99824494375701478] [0:1] [-55.570103965017871:-12.895910947413425] [-71.31744897481417:-14.431596628540062] [0.051651011975596101:0.99824494375701478] [0:1] none -1:1:5:6:3:2:0 none -1:0:1:2 -1:0:3:1:2 -1:2:1:0 none -1:0:1:2 none [0:3330.9400000000001] [31.719999999999999:610.47000000000003] [147.41:3523.4000000000001] [4:251.97] [0:220.16999999999999] [9.8399999999999999:3426.1500000000001] [12.559999999999988:557.37] [10:3380.9400000000001] [0:0.95617952023585939] [-243.93000000000009:1582] [-60.836000000000013:1617.1600000000001] [-232.94999999999985:776.04999999999995] [0:402.30000000000001] [0:25.197000000000003] [4:59] [12.559999999999988:557.37] [0:232.94999999999985]
tree_sizes=2705 2685 2684 2693 2671 2677 2674 2650 2689 2667 2651 2665 2661 2669 2661 2683 2703 2674 2660 2678 2686 2662 2676 2679 2700 2645 2686 2668 2623 2671 2715 2677 2624 2696 2654 2648 2646 2702 2704 2676 2691 2696 2694 2719 2684 2676 2681 2706 2675 2742 2691 2722 2706 2664 2695 2688 2701 2723 2740 2721 2711 2724 2711 2677 2687 2741 2733 2719 2710 2732 2744 2734 2701 2748 2707 2756 2679 2713 2737 2742 2726 2727 2735 2728 2743 2733 2757 2716 2742 2728 2766 2751 2751 2733 2737 2716 2745 2732 2752 2711 2782 2745

Tree=0
num_leaves=31
num_cat=3
split_feature=37 13 20 37 20 10 34 34 34 35 14 10 6 35 19 14 6 21 2 20 21 37 37 13 20 27 21 33 29 21
split_gain=6.93864e+07 2.48205e+07 7.65906e+06 4.52388e+06 2.86557e+06 1.98194e+06 1.7965e+06 1.44809e+06 1.32288e+06 1.07091e+06 886364 778721 639014 631133 614843 571568 513744 498383 489894 451655 324865 273757 259289 154789 146692 141502 131104 129661 121853 174697
threshold=161.42000000000004 -47.61500000000003 -30.875902701350864 122.47350000000002 -19.690103759975351 171.5805 319.84000000000009 282.75500000000005 187.29500000000004 1117.6400000000001 167.90000000000001 231.12050000000002 0.75078202391993187 1706.3950000000002 0.27267156862745101 91.200000000000003 0.70479456344599678 -55.103732927905867 0 -20.180736537771718 -33.593193506172312 176.68000000000004 33.665000000000006 -39.539999999999985 -19.94143484681469 1 -18.442850792320225 871.56500000000017 2 -39.270415367136508
decision_type=2 2 2 2 2 2 2 2 2 2 2 2 2 2 2 2 2 2 9 2 2 2 2 2 2 1 2 2 1 2
left_child=1 3 7 8 6 10 14 -3 13 19 18 15 27 22 -2 -5 21 -14 -4 -10 -20 -8 -1 -22 -25 -19 -26 -11 29 -27
right_child=4 2 5 11 -6 -7 16 -9 9 12 -12 -13 17 -15 -16 -17 -18 25 20 -21 23 -23 -24 24 26 28 -28 -29 -30 -31
leaf_value=-313.5627305534145 -333.35783940723428 -330.37808095994478 -319.47793956451073 -317.77456272000387 -329.42138859547947 -315.59098904496369 -343.31214803949922 -340.36780051845926 -316.0036194338017 -317.9128542390327 -330.1880701018278 -327.51393142802408 -307.55083826485168 -323.6690371910837 -341.46194077478373 -322.80373665843348 -341.83202053128014 -311.95083191179123 -329.15613609036257 -322.44941880480195 -321.62435629909913 -347.76607562968974 -318.33681054978172 -322.62638061434609 -327.04714076944862 -310.83088122421162 -324.12049416317416 -315.04158969071034 -313.86082447769229 -314.42075428217208
leaf_weight=43 50 56 46 112 43 59 46 103 77 56 78 45 45 44 44 114 79 240 41 42 43 138 84 52 83 91 71 132 398 54
leaf_count=43 50 56 46 112 43 59 46 103 77 56 78 45 45 44 44 114 79 240 41 42 43 138 84 52 83 91 71 132 398 54
internal_value=-322.453 -318.984 -327.356 -315.628 -341.615 -324.165 -343.084 -336.849 -314.409 -313.791 -325.386 -321.507 -313.265 -318.508 -337.151 -320.311 -345.205 -312.668 -324.272 -318.279 -325.032 -346.653 -316.72 -324.353 -324.923 -312.962 -325.698 -315.897 -313.409 -312.168
internal_weight=2609 2209 632 1577 400 473 357 159 1306 1135 414 271 1016 171 94 226 263 828 336 119 290 184 127 249 206 783 154 188 543 145
internal_count=2609 2209 632 1577 400 473 357 159 1306 1135 414 271 1016 171 94 226 263 828 336 119 290 184 127 249 206 783 154 188 543 145
cat_boundaries=0 1 2 3
cat_threshold=4 2 1
is_linear=0
shrinkage=1


Tree=1
num_leaves=31
num_cat=2
split_feature=37 13 20 37 20 10 34 34 34 11 21 10 6 14 35 21 13 6 2 21 35 31 33 6 18 49 20 6 11 18
split_gain=6.50166e+07 2.10502e+07 5.99152e+06 4.27798e+06 2.57625e+06 1.55862e+06 1.50417e+06 1.21497e+06 1.11721e+06 949694 880758 810652 656847 585514 471605 464615 450212 424975 319888 410575 258995 239964 195795 180740 171949 170463 163910 210675 159923 147616
threshold=161.42000000000004 -47.61500000000003 -30.875902701350864 122.47350000000002 -19.690103759975351 171.5805 325.22000000000008 282.75500000000005 189.70500000000001 1873.0952380952381 -36.208431035323812 231.59650000000002 0.75078202391993187 162.30000000000001 1706.3950000000002 -55.103732927905867 -69.274999999999991 0.70479456344599678 0 -33.593193506172312 727.20000000000016 1 862.45000000000016 0.75973588144089022 0.90336458361422878 164.99500000000015 -20.855547318100289 0.76360164420218324 5603.6394557823141 0.95940286330422497
decision_type=2 2 2 2 2 2 2 2 2 2 2 2 2 2 2 2 2 2 9 2 2 1 2 2 2 2 2 2 2 2
left_child=1 3 7 8 6 13 10 -3 14 -10 -2 16 22 18 24 -14 23 -8 -4 -20 -15 -17 -11 -5 -1 -23 -21 -28 -27 -29
right_child=4 2 5 11 -6 -7 17 -9 9 12 -12 -13 15 20 -16 21 -18 -19 19 26 -22 25 -24 -25 -26 28 27 29 -30 -31
leaf_value=7.1325299249568461 -9.2302593135833746 -7.6166649443762644 2.4371468426977718 2.3108420368132552 -6.4731409001350402 6.2952158044885707 -23.448880022523031 -17.037685533003376 2.2970656754715102 3.0180482975965326 -18.317121582031252 -5.8439170837402346 14.150044216579861 -9.1435862378376296 -0.69082982133074511 9.8727467636640203 -1.7455676348459335 -18.70689443734976 -6.5478386320966351 1.1173386480212213 -3.9328500151634218 6.6796053325428693 6.836778983571171 6.1799305771291264 3.6145489005481495 7.904171705979568 0.54374567246904559 -5.7716328227519993 10.206510813643293 -2.0356926114131246
leaf_weight=71 40 56 41 123 40 54 173 88 63 43 80 40 45 41 41 373 62 65 47 50 57 136 153 40 68 195 51 40 123 78
leaf_count=71 40 56 41 123 40 54 173 88 63 43 80 40 45 41 41 373 62 65 47 50 57 136 153 40 68 195 51 40 123 78
internal_value=0.0750156 3.46922 -4.4757 6.50905 -18.5078 -1.68408 -19.8525 -13.374 7.68026 8.26255 -15.2882 0.714902 8.61445 -2.74799 4.02153 9.20232 1.88091 -22.1538 -1.67387 -2.30752 -6.11285 8.9331 5.999 3.26031 5.4115 8.1611 -1.39749 -2.14153 8.7947 -3.30211
internal_weight=2577 2179 603 1576 398 459 358 144 1311 1131 120 265 1068 405 180 872 225 238 307 266 98 827 196 163 139 454 219 169 318 118
internal_count=2577 2179 603 1576 398 459 358 144 1311 1131 120 265 1068 405 180 872 225 238 307 266 98 827 196 163 139 454 219 169 318 118
cat_boundaries=0 1 2
cat_threshold=4 2
is_linear=0
shrinkage=0.05


Tree=2
num_leaves=31
num_cat=2
split_feature=37 13 20 37 20 34 10 34 34 11 34 14 10 18 14 2 6 6 29 43 14 21 21 12 15 12 21 11 34 21
split_gain=6.06137e+07 1.94691e+07 5.36433e+06 3.73791e+06 2.51638e+06 1.94205e+06 1.50346e+06 1.10591e+06 931332 835442 829436 698013 555130 554866 460378 371044 359331 312568 286090 319012 267725 249146 201421 189838 252424 182342 136260 122724 117404 130683
threshold=161.42000000000004 -47.61500000000003 -30.875902701350864 122.47350000000002 -27.551784519325981 349.16500000000002 171.5805 282.75500000000005 189.70500000000001 1873.0952380952381 327.72000000000008 167.90000000000001 80.006500000000003 0.86609063681950837 88.100000000000037 0 0.70093814041861868 0.68395094630091535 1 12.980000000000013 125.20999999999999 -54.261644631374239 -33.971186011839514 1495.0000000000002 -126.97500000000001 1950.0000000000002 -49.837805074148946 2657.6077097505672 229.92000000000004 -33.719633646871834
decision_type=2 2 2 2 2 2 2 2 2 2 2 2 2 2 2 9 2 2 1 2 2 2 2 2 2 2 2 2 2 2
left_child=1 3 7 8 10 -6 11 -3 23 -10 22 15 21 -5 -15 -4 -14 -12 20 -20 -17 -11 -2 24 -1 26 -18 -23 29 -28
right_child=4 2 6 13 5 -7 -8 -9 9 12 17 -13 16 14 -16 18 25 -19 19 -21 -22 27 -24 -25 -26 -27 28 -29 -30 -31
leaf_value=8.2601711368560782 -14.987660780407134 -6.9313214081984302 2.4783803458123104 -2.8852906304346004 -2.4081016363099566 -17.435410362066225 6.1018538977883079 -16.090371704101564 2.3428281483240427 13.407001893416695 -22.792513836754694 -6.8593269902246981 4.0811369923182896 4.7097935717324821 -0.077538189725968445 1.841557274632535 4.7071354251437718 -18.301380402187132 -7.6256131660647517 -2.4768518176259455 -2.521641391207432 7.1323650995890304 -19.021427138970822 1.2179126490717351 3.4864634134868782 9.1440839876165043 5.1144891087601829 9.9297844040059609 8.1860949430794552 8.0446350527481307
leaf_weight=40 84 52 46 71 43 43 55 90 64 46 144 81 70 98 103 59 45 53 41 113 87 48 49 46 90 193 82 214 290 71
leaf_count=40 84 52 46 71 43 43 55 90 64 46 144 81 70 98 103 59 45 53 41 113 87 48 49 46 90 193 82 214 290 71
internal_value=-0.0400041 3.27651 -4.19523 6.24427 -17.5394 -9.92176 -1.67897 -12.7364 7.36031 7.89032 -19.5246 -2.68118 8.22557 0.914403 2.25658 -1.70306 7.49245 -21.5842 -2.34422 -3.84763 -0.758431 10.0131 -16.4738 3.97848 4.9553 7.8431 7.32858 9.41728 7.59486 6.47423
internal_weight=2611 2195 624 1571 416 86 482 142 1299 1123 330 427 1059 272 201 346 751 197 300 154 146 308 133 176 130 681 488 262 443 153
internal_count=2611 2195 624 1571 416 86 482 142 1299 1123 330 427 1059 272 201 346 751 197 300 154 146 308 133 176 130 681 488 262 443 153
cat_boundaries=0 1 2
cat_threshold=4 2
is_linear=0
shrinkage=0.05


Tree=3
num_leaves=31
num_cat=1
split_feature=37 13 20 20 37 34 10 34 34 34 35 14 10 14 11 2 35 21 44 13 21 18 19 37 11 20 43 10 33 20
split_gain=5.27391e+07 1.60657e+07 4.75702e+06 3.82168e+06 3.58603e+06 2.48282e+06 1.41859e+06 932995 891642 743000 642312 594351 550281 403925 359164 331540 294128 279452 261434 259108 260200 225913 195780 194082 173132 147284 139003 138317 123911 99064
threshold=160.47050000000004 -47.61500000000003 -30.875902701350864 -27.551784519325981 122.47350000000002 349.16500000000002 171.5805 187.29500000000004 282.75500000000005 327.72000000000008 1215.2400000000002 167.90000000000001 231.12050000000002 91.200000000000003 1873.0952380952381 0 1706.3950000000002 -55.103732927905867 -164.99500000000009 -40.329999999999991 -33.593193506172312 0.90634492157511437 0.41985951468710087 34.750000000000007 5603.6394557823141 -20.855547318100289 263.73660000000007 88.989500000000007 871.56500000000017 -16.71190595001681
decision_type=2 2 2 2 2 2 2 2 2 2 2 2 2 2 2 9 2 2 2 2 2 2 2 2 2 2 2 2 2 2
left_child=1 4 8 9 7 -5 11 16 -3 21 14 15 13 -6 -9 -4 23 -12 24 -17 -21 -2 26 -1 -16 -22 -11 -19 -20 -15
right_child=3 2 6 5 12 -7 -8 10 -10 22 17 -13 -14 29 18 19 -18 27 28 20 25 -23 -24 -25 -26 -27 -28 -29 -30 -31
leaf_value=7.348013330542523 -14.648089443907446 -6.7127768786448359 2.5043624215799833 -0.95799963999602766 3.9356980733000313 -16.755287720436275 5.8929527664184569 2.4221161135073221 -14.95767989934877 -18.298915341025904 12.654762115478517 -6.3615928455988566 -4.0257380705613359 -2.2961179910704148 6.5826125899171517 1.3795892925366111 -0.030101374692695089 9.4009011554233926 4.0548614027307321 -6.29245642891952 0.45119253942587723 -19.031046113513764 -23.00090538611779 3.2813085220478202 9.176513994921434 -2.7184433533780039 -21.830260328813033 7.7608193673314281 6.7022213764679739 0.80698102042078979
leaf_weight=46 98 53 46 59 104 43 60 56 86 76 40 75 52 43 153 46 43 197 102 42 48 42 65 81 111 155 44 370 78 64
leaf_count=46 98 53 46 59 104 43 60 56 86 76 40 75 52 43 153 46 43 197 102 42 48 42 65 81 111 155 44 370 78 64
internal_value=-0.0102122 3.1761 -3.68413 -16.0612 5.89792 -7.61764 -1.28997 6.99288 -11.8139 -18.7112 7.5225 -2.33603 0.581323 1.71671 6.19548 -1.44013 3.54412 8.6156 6.6714 -2.06365 -2.71014 -15.963 -20.7909 4.75429 7.67323 -1.96897 -19.5937 8.33065 5.20205 -0.440059
internal_weight=2578 2151 611 427 1540 102 472 1277 139 325 1107 412 263 211 500 337 170 607 444 291 245 140 185 127 264 203 120 567 180 107
internal_count=2578 2151 611 427 1540 102 472 1277 139 325 1107 412 263 211 500 337 170 607 444 291 245 140 185 127 264 203 120 567 180 107
cat_boundaries=0 1
cat_threshold=4
is_linear=0
shrinkage=0.05


Tree=4
num_leaves=31
num_cat=2
split_feature=37 13 20 37 20 34 10 34 34 14 35 34 18 20 15 14 36 35 39 41 6 6 6 29 10 2 34 14 6 37
split_gain=4.78983e+07 1.63727e+07 5.11124e+06 2.89458e+06 1.94065e+06 1.72014e+06 1.23651e+06 901094 872820 650558 631016 628780 599894 474207 386148 368277 324872 308382 332255 276684 253473 245860 202333 144018 142490 141303 114416 112238 106222 176841
threshold=161.42000000000004 -47.61500000000003 -30.875902701350864 122.47350000000002 -27.551784519325981 350.13500000000005 171.5805 254.97000000000003 189.70500000000001 167.90000000000001 1215.2400000000002 327.72000000000008 0.86609063681950837 -16.300010269708228 -128.34000000000012 88.100000000000037 62.343000000000011 302.43500000000006 107.94140000000002 0.46214101857885465 0.68395094630091535 0.70093814041861868 0.4985874246151803 0 145.67050000000003 1 319.18500000000006 216.90000000000003 0.76360164420218324 131.75000000000003
decision_type=2 2 2 2 2 2 2 2 2 2 2 2 2 2 2 2 2 2 2 2 2 2 2 1 2 9 2 2 2 2
left_child=1 3 7 8 11 -6 9 -3 17 14 13 22 -5 21 25 -14 -12 -1 -19 -16 -13 -10 -2 -23 -18 -4 -24 -9 -21 -30
right_child=4 2 6 12 5 -7 -8 27 10 -11 16 20 15 -15 19 -17 24 18 -20 28 -22 23 26 -25 -26 -27 -28 -29 29 -31
leaf_value=7.2329664421081548 -17.968473307291667 -5.4116161387141162 -0.30045174919068818 -2.9688042575365881 -2.7305035854907747 -16.744169021234281 5.5165471701786437 -12.643284679594494 3.5392388107983965 -6.3601654570691197 12.564286308288574 -20.658842973148126 4.593841497061101 0.79606855885927075 -5.776767208221111 0.22411513123849428 8.1191097778092995 -0.76693355040116751 4.2440723327269039 0.37849960586539022 -16.329722273084851 8.5312106344434948 -12.292814777515552 6.2480576839511244 5.0257329463958742 3.7233530945330857 -15.8209893989563 -15.798565000646256 -0.98684542372605755 -4.5412528262948095
leaf_weight=40 42 41 48 73 47 41 58 63 69 79 40 136 94 43 47 99 537 55 83 54 45 90 54 297 40 40 40 51 103 53
leaf_count=40 42 41 48 73 47 41 58 63 69 79 40 136 94 43 47 99 537 55 83 54 45 90 54 297 40 40 40 51 103 53
internal_value=-0.028424 2.88423 -3.8705 5.64241 -15.8287 -9.2596 -1.33067 -11.7686 6.61892 -2.26731 7.13753 -17.6523 0.892052 5.81547 -1.33011 2.35238 8.20675 3.36739 2.24693 -2.30895 -19.5825 6.28879 -15.0833 6.77902 7.90466 1.52855 -13.7942 -14.0549 -1.53282 -2.19443
internal_weight=2602 2197 637 1560 405 88 482 155 1294 424 1116 317 266 499 345 193 617 178 138 257 181 456 136 387 577 88 94 114 210 156
internal_count=2602 2197 637 1560 405 88 482 155 1294 424 1116 317 266 499 345 193 617 178 138 257 181 456 136 387 577 88 94 114 210 156
cat_boundaries=0 1 2
cat_threshold=1 2
is_linear=0
shrinkage=0.05


Tree=5
num_leaves=31
num_cat=1
split_feature=37 13 20 21 37 10 34 10 34 6 35 6 14 14 18 6 21 11 14 15 10 6 45 35 15 10 14 21 27 21
split_gain=4.34521e+07 1.40481e+07 3.7921e+06 2.98003e+06 2.93012e+06 1.19297e+06 869074 674262 665666 662613 609525 587714 585445 534080 395616 340529 321063 302979 278654 248018 204755 204103 165978 158420 158418 156682 120876 126309 113623 112250
threshold=160.47050000000004 -47.61500000000003 -30.875902701350864 -20.802026210902326 122.47350000000002 171.5805 319.84000000000009 231.59650000000002 282.75500000000005 0.66160349128737628 1117.6400000000001 0.65308393415042965 6.74000000000001 167.90000000000001 0.90336458361422878 0.70479456344599678 -55.103732927905867 975.87301587301613 93.720000000000041 -128.34000000000012 27.584500000000009 0.79891854822218911 242.29999999999998 1738.0900000000001 -136.66999999999999 80.006500000000003 125.20999999999999 -18.442850792320225 0 -49.837805074148946
decision_type=2 2 2 2 2 2 2 2 2 2 2 2 2 2 2 2 2 2 2 2 2 2 2 2 2 2 2 2 1 2
left_child=1 4 8 6 9 13 11 18 -3 -1 14 -2 16 19 -11 17 -12 -8 28 22 -21 -15 -4 25 -16 -18 -22 -28 -6 -27
right_child=3 2 5 -5 7 -7 15 -9 -10 10 12 -13 -14 21 24 -17 23 -19 -20 20 26 -23 -24 -25 -26 29 27 -29 -30 -31
leaf_value=1.8199008660657066 -16.329807086323584 -6.133407063873447 3.0854324233393338 -2.9464320222536724 0.85820273823208282 5.3754630841706934 -15.132479709127674 -5.4578094053268433 -13.390201735764407 6.323203285791541 11.554354095458985 -8.393878787171607 2.5829138068591848 -8.4838668369594963 -0.65299968808889397 -14.827985954284669 7.9508949240048725 -19.760320636026222 -0.77797531579868706 -4.7179111398035483 0.61803842644505913 -3.5489752227609808 -1.389337678551674 8.1565591378047539 3.451781622673336 3.7532333653147627 -3.8114057948039126 -0.85227431511437457 3.9030910495668651 6.4947443136187832
leaf_weight=77 43 49 43 48 45 57 46 40 89 93 44 51 68 40 40 80 192 153 79 62 53 44 40 290 57 41 65 81 96 418
leaf_count=77 43 49 43 48 45 57 46 40 89 93 44 51 68 40 40 80 192 153 79 62 53 44 40 290 57 41 65 81 96 418
internal_value=0.0453092 2.85804 -3.50049 -14.6731 5.36522 -1.41967 -16.1821 0.513629 -10.8135 6.32084 6.59966 -12.0241 7.06998 -2.32463 3.9931 -17.583 7.37975 -18.6906 1.59934 -1.45183 -2.20893 -5.89892 0.928917 7.18455 1.75909 6.75155 -1.42723 -2.1697 2.93132 6.24986
internal_weight=2624 2203 623 421 1580 485 373 260 138 1320 1243 94 1053 428 190 279 985 199 220 344 261 84 83 941 97 651 199 146 141 459
internal_count=2624 2203 623 421 1580 485 373 260 138 1320 1243 94 1053 428 190 279 985 199 220 344 261 84 83 941 97 651 199 146 141 459
cat_boundaries=0 1
cat_threshold=2
is_linear=0
shrinkage=0.05


Tree=6
num_leaves=31
num_cat=2
split_feature=37 13 20 20 37 34 11 10 34 34 40 10 14 20 14 10 35 15 31 14 14 12 29 49 34 38 15 18 11 35
split_gain=3.83424e+07 1.14498e+07 4.53196e+06 2.87966e+06 2.52758e+06 1.03325e+06 1.08972e+06 936775 693309 655789 574996 472911 462364 357649 340916 319980 309144 279566 307574 265935 228404 200046 157620 157343 141885 139545 132627 132291 119686 73145.1
threshold=159.12000000000003 -47.61500000000003 -16.504654224500346 -30.875902701350864 122.47350000000002 327.72000000000008 1117.3356009070296 171.5805 189.70500000000001 282.75500000000005 875.78000000000009 231.59650000000002 167.90000000000001 -20.855547318100289 91.200000000000003 79.433000000000021 1706.3950000000002 -128.34000000000012 0 8.3849999999999785 210.10000000000002 1950.0000000000002 1 164.99500000000015 345.67500000000001 1668.9850000000004 -126.97500000000001 0.82324676155333043 945.95238095238108 1169.1150000000002
decision_type=2 2 2 2 2 2 2 2 2 2 2 2 2 2 2 2 2 2 1 2 2 2 1 2 2 2 2 2 2 2
left_child=1 4 5 9 8 6 28 12 16 -3 13 14 17 -10 22 27 26 18 -5 -19 25 23 -6 29 -22 -7 -1 -12 -2 -17
right_child=2 3 -4 7 11 20 -8 -9 10 -11 15 -13 -14 -15 -16 21 -18 19 -20 -21 24 -23 -24 -25 -26 -27 -28 -29 -30 -31
leaf_value=6.5796192448313651 -12.902709521125345 -5.6257044981110775 1.8209477308003799 -2.136131471111661 1.8811178064509617 -13.089430459340415 -4.9047486504843079 4.7655196990285607 5.265888749399493 -12.953998714023166 10.339981065947434 -4.4865495014190673 -5.6488021582365038 -0.75317973392765702 -0.72829687108798913 3.820055119214802 -0.79634219169616705 -5.8367543175816543 3.6678914520740507 -1.4602651241756976 -16.050740096148324 7.5754323522842943 5.7256007648649678 6.5131790001075593 -19.351704610188804 -16.882531831702408 3.192828783818654 7.6655129298829197 -15.985637252807619 5.5732063890413475
leaf_weight=41 85 53 46 42 73 48 43 56 62 72 58 40 76 41 98 109 40 42 50 200 51 201 42 286 90 49 98 228 50 131
leaf_count=41 85 53 46 42 73 48 43 56 62 72 58 40 76 41 98 109 40 42 50 200 51 201 42 286 90 49 98 228 50 131
internal_value=-0.00884391 2.8125 -13.0713 -3.10797 5.07283 -14.718 -11.8366 -1.30034 5.96585 -9.8468 6.42918 0.501825 -2.12885 2.86995 1.43861 6.79108 3.07714 -1.3279 1.01823 -2.21982 -16.873 6.23371 3.28519 5.721 -18.1577 -15.0055 4.19181 8.20789 -14.0445 4.77698
internal_weight=2601 2139 462 591 1548 416 178 466 1295 125 1116 253 410 103 213 1013 179 334 92 242 238 727 115 526 141 97 139 286 135 240
internal_count=2601 2139 462 591 1548 416 178 466 1295 125 1116 253 410 103 213 1013 179 334 92 242 238 727 115 526 141 97 139 286 135 240
cat_boundaries=0 1 2
cat_threshold=4 4
is_linear=0
shrinkage=0.05


Tree=7
num_leaves=31
num_cat=2
split_feature=36 20 13 34 43 10 34 34 11 20 20 10 27 19 45 33 11 11 2 39 21 12 39 19 44 33 39 33 11 22
split_gain=3.32121e+07 1.45413e+07 5.18982e+06 3.16376e+06 1.18946e+06 966991 844928 496897 736134 458957 404837 368122 278036 249633 246403 231472 208287 184200 180847 171857 166510 154475 260286 143177 142717 129578 95519.9 94860.1 86422.1 79077.1
threshold=153.4025 -28.252879639688032 -47.61500000000003 349.16500000000002 94.038800000000023 171.5805 325.22000000000008 187.29500000000004 1873.0952380952381 -30.475331276929985 -16.75941039128794 80.006500000000003 0 0.28011204481792723 4.007400000000005 1359.2450000000001 1269.6371882086171 1013.4920634920636 1 111.31225000000002 -54.261644631374239 985.00000000000011 108.92 0.41985951468710087 -165.91499999999994 129.01500000000001 143.88880000000003 889.8900000000001 2657.6077097505672 0.79897523014012772
decision_type=2 2 2 2 2 2 2 2 2 2 2 2 1 2 2 2 2 2 9 2 2 2 2 2 2 2 2 2 2 2
left_child=2 6 7 4 12 9 13 21 -9 -4 16 20 -3 29 -11 24 -6 -8 -16 -20 -10 -1 -23 -19 27 -15 -14 -13 -22 -2
right_child=1 3 5 -5 10 -7 17 8 11 14 -12 15 26 25 18 -17 -18 23 19 -21 28 22 -24 -25 -26 -27 -28 -29 -30 -31
leaf_value=5.2668597053079047 -9.1714205022443807 6.1517387111012534 -5.6048692474365236 -13.62694580078125 -6.3876106089667273 5.1684208356417152 -13.801102011544366 1.1876316239704958 10.638117443431508 -4.4189796283509999 -0.692940154696713 6.6503815636268033 0.25242197952772444 -12.430199985504151 2.6361495407616222 6.6366770100219092 -2.0001712742305937 -16.485446065266927 0.94551774265907584 -2.5668482200538412 5.4213478010527947 -1.2607052253186704 3.8655843676053565 -19.736261230468752 3.9477080741295447 -15.617902647774176 2.6988395275459407 4.3880844857957628 7.7423210402959075 -12.030661955333892
leaf_weight=51 57 41 75 50 76 52 42 74 44 45 119 130 76 80 41 382 42 105 59 85 49 40 65 50 195 53 84 72 221 42
leaf_count=51 57 41 75 50 76 52 42 74 44 45 119 130 76 80 41 382 42 105 59 85 49 40 65 50 195 53 84 72 221 42
internal_value=0.0385119 -7.61485 4.21597 -1.7114 -0.351182 -1.13383 -14.3302 5.65957 6.01385 -2.20831 -2.75074 6.34061 2.47815 -12.2854 -1.10073 5.75803 -4.82598 -16.7382 -0.293591 -1.12775 7.78591 3.00926 1.91271 -17.5341 4.91258 -13.7005 1.53679 5.84402 7.32111 -10.3844
internal_weight=2597 917 1680 488 438 357 429 1323 1167 305 237 1093 201 232 230 779 118 197 185 144 314 156 105 155 397 133 160 202 270 99
internal_count=2597 917 1680 488 438 357 429 1323 1167 305 237 1093 201 232 230 779 118 197 185 144 314 156 105 155 397 133 160 202 270 99
cat_boundaries=0 1 2
cat_threshold=4 4
is_linear=0
shrinkage=0.05


Tree=8
num_leaves=31
num_cat=1
split_feature=37 13 12 37 37 12 10 34 6 35 10 14 21 15 10 14 45 13 21 10 44 12 6 14 18 31 21 11 11 6
split_gain=3.04731e+07 1.04783e+07 3.16456e+06 2.18284e+06 1.44992e+06 2.2952e+06 967564 621027 539760 522225 482355 388301 347163 339831 428033 280518 248478 248010 239119 191822 186783 183778 132794 118501 111324 103902 94313.2 93888.8 86057.2 74265.5
threshold=161.42000000000004 -47.61500000000003 185.00000000000003 122.47350000000002 174.28850000000003 395.00000000000006 171.5805 283.52000000000004 0.65530586290791248 1117.6400000000001 231.59650000000002 6.74000000000001 -21.72748939526765 -122.70000000000003 27.047000000000008 210.10000000000002 18.51924999999996 -69.274999999999991 -55.103732927905867 445.60700000000008 -171.72999999999988 285.00000000000006 0.75078202391993187 128.74000000000004 0.88622884027826265 0 -18.442850792320225 1061.9841269841272 945.95238095238108 0.75973588144089022
decision_type=2 2 2 2 2 2 2 2 2 2 2 2 2 2 2 2 2 2 2 2 2 2 2 2 2 1 2 2 2 2
left_child=1 3 7 8 5 28 13 -3 -1 12 17 18 24 20 16 19 -15 29 -11 -6 -4 -16 -20 -23 -10 -24 -25 -17 -2 -5
right_child=4 2 6 10 15 -7 -8 -9 9 11 -12 -13 -14 14 21 27 -18 -19 22 -21 -22 23 25 26 -26 -27 -28 -29 -30 -31
leaf_value=0.92837798567918639 -11.430367712541061 -5.3164775205212971 -1.2930625109530207 1.7349736387904426 -10.531232505620913 0.64280824025472016 4.6187281672159832 -12.719980704066266 6.3205422592163094 9.9961881125845569 -4.4009022025174875 2.1475579777701959 -0.96642173528671271 -7.6042026214061238 -4.5303484834730625 -14.753960948087732 -2.5495906919240952 -1.46687360251772 4.7468071507472613 -14.922185167215639 3.0247471177577974 0.79435115389020772 6.924559845924378 -3.2232434109965369 3.2512002347513689 5.7856317127731973 -0.58003566869918044 -17.468662588936944 -14.150129787738507 4.1689724247630044
leaf_weight=65 66 43 67 133 43 45 60 83 45 41 43 61 41 62 48 49 40 58 153 59 40 59 400 67 86 401 68 91 52 41
leaf_count=65 66 43 67 133 43 45 60 83 45 41 43 61 41 62 48 49 40 58 153 59 40 59 400 67 86 401 68 91 52 41
internal_value=-0.003974 2.31145 -3.09627 4.50834 -12.6102 -8.96494 -1.34629 -10.1934 5.36869 5.60372 0.463134 6.01986 3.04886 -2.13987 -2.90533 -15.0655 -5.622 1.36466 6.25725 -13.0711 0.321072 -1.76029 6.09657 -1.07491 4.30555 6.35438 -1.89185 -16.5185 -12.6289 2.3085
internal_weight=2610 2205 637 1568 405 163 511 126 1293 1228 275 1056 172 451 344 242 102 232 995 102 107 242 954 194 131 801 135 140 118 174
internal_count=2610 2205 637 1568 405 163 511 126 1293 1228 275 1056 172 451 344 242 102 232 995 102 107 242 954 194 131 801 135 140 118 174
cat_boundaries=0 1
cat_threshold=2
is_linear=0
shrinkage=0.05


Tree=9
num_leaves=31
num_cat=2
split_feature=36 20 13 36 14 6 10 36 35 14 29 20 22 20 6 10 25 11 10 6 15 6 13 20 12 19 6 20 10 13
split_gain=2.62305e+07 1.08717e+07 4.74456e+06 2.24634e+06 905114 807704 800900 526888 446737 421364 332050 329776 293980 292342 291470 241018 225670 219404 177804 166696 165866 157719 155240 151874 120352 104388 102129 100003 84612.6 75227.2
threshold=157.13050000000001 -28.252879639688032 -47.61500000000003 209.17800000000003 97.820000000000007 0.67282593445430117 171.5805 209.17800000000003 1117.6400000000001 6.74000000000001 0 -16.75941039128794 0.90336458361422878 -30.875902701350864 0.70479456344599678 70.105000000000004 1 954.56916099773252 106.58600000000001 0.8477246532336763 -235.76499999999996 0.75973588144089022 -1.0000000180025095e-35 -19.94143484681469 1950.0000000000002 0.41985951468710087 0.49124535891336357 -16.603444954882505 145.67050000000003 -121.11999999999989
decision_type=2 2 2 2 2 2 2 2 2 2 1 2 2 2 2 2 9 2 2 2 2 2 2 2 2 2 2 2 2 2
left_child=2 7 5 4 21 10 13 14 12 15 -1 18 -7 -4 17 19 23 26 -6 -10 -14 27 -18 -15 28 -9 -2 -3 29 -17
right_child=1 3 6 -5 11 8 -8 25 9 -11 -12 -13 20 16 -16 24 22 -19 -20 -21 -22 -23 -24 -25 -26 -27 -28 -29 -30 -31
leaf_value=3.2859325737664196 -13.020142223216869 -0.23878896419818585 -5.4700996591333757 -12.830153770446778 -6.5633308092753104 5.1566881573718533 4.6962312261263532 -14.558468627929688 9.5952234944989598 1.7664322026073933 -2.0857195941256541 -0.63881260413642327 -1.2492008355259896 1.5593228936195374 -9.1337728476222555 6.5366333874789149 -1.5064950827342363 -14.73231297245732 -2.4036119655686985 6.551752253276546 2.8551565113477411 4.918752887032249 -4.9498311949893834 -1.608510173700842 6.5007142313889092 -17.547934847099835 -10.126073820931571 2.6223914417060645 2.9663782051631387 4.9956604791410051
leaf_weight=66 54 52 57 40 54 92 48 91 62 64 51 109 40 71 79 99 67 81 49 164 64 44 64 81 224 43 70 74 42 396
leaf_count=66 54 52 57 40 54 92 48 91 62 64 51 109 40 71 79 99 67 81 49 164 64 44 64 81 224 43 70 74 42 396
internal_value=0.0460838 -7.21803 3.52888 -1.5568 -0.376341 4.91662 -1.34969 -12.9334 5.28932 5.698 0.944443 -2.55579 3.09784 -2.20323 -11.7141 5.95294 -1.54524 -12.7084 -4.58444 7.38669 1.27656 2.34156 -2.96258 -0.120848 5.52714 -15.5178 -11.3864 1.44159 5.12104 5.30386
internal_weight=2592 840 1752 422 382 1364 388 418 1247 1051 117 212 196 340 284 987 283 205 103 226 104 170 131 152 761 134 124 126 537 495
internal_count=2592 840 1752 422 382 1364 388 418 1247 1051 117 212 196 340 284 987 283 205 103 226 104 170 131 152 761 134 124 126 537 495
cat_boundaries=0 1 2
cat_threshold=2 44
is_linear=0
shrinkage=0.05


Tree=10
num_leaves=31
num_cat=3
split_feature=37 42 20 18 20 34 14 10 10 34 35 11 14 11 6 3 14 10 35 36 12 29 14 15 49 29 39 18 10 42
split_gain=2.58731e+07 8.37928e+06 2.6376e+06 2.02619e+06 1.95385e+06 1.39568e+06 1.14237e+06 707201 512309 482839 426011 399514 339462 229066 225600 207732 198834 195630 186072 182752 172307 162597 153053 149499 143766 112104 102179 99949.9 75505 89202.8
threshold=160.47050000000004 -47.61500000000003 -30.875902701350864 0.61028401323159265 -27.551784519325981 349.16500000000002 6.74000000000001 171.5805 164.99250000000004 254.97000000000003 1215.2400000000002 979.71655328798204 162.30000000000001 5603.6394557823141 0.68395094630091535 0 116.90000000000002 110.21100000000001 727.20000000000016 62.343000000000011 1005.0000000000001 1 93.720000000000041 -1.0000000180025095e-35 165.91499999999999 2 110.295 0.81181057300108106 88.989500000000007 -116.105
decision_type=2 2 2 2 2 2 2 2 2 2 2 2 2 2 2 9 2 2 2 2 2 1 2 2 2 1 2 2 2 2
left_child=1 3 9 -1 11 -6 8 12 10 -3 13 25 15 17 27 16 -4 -5 -14 -12 -19 -10 -8 26 -15 -2 -17 -13 -21 -30
right_child=4 2 7 6 5 -7 22 -9 21 -11 19 14 18 24 -16 23 -18 20 -20 28 -22 -23 -24 -25 -26 -27 -28 -29 29 -31
leaf_value=-6.8588070799664749 -12.812852166623486 -4.0010969186371019 2.776596657210781 4.1903801714098945 -0.11553240993566681 -11.894846191406252 2.142952865453867 4.2860595045418579 -0.24980850596176951 -10.198488526777787 9.4254188919067392 -13.802432403564453 -6.8351221919059757 4.1281786773515785 -11.819919744527565 0.56522335623358866 -1.0062245848058147 -0.92192149735987194 -2.3357992079522876 6.6861719935991193 3.4430763404637292 3.9087714171409611 -0.55731047811833301 -3.8165699270793372 6.7649495997671352 -9.7036922078737078 -2.6098127444585164 -16.549655813100387 6.1492023671438938 4.571191307118065
leaf_weight=41 49 44 62 291 57 45 130 58 57 110 40 50 40 92 53 58 79 40 54 211 52 40 88 70 118 71 45 98 218 152
leaf_count=41 49 44 62 291 57 45 130 58 57 110 40 50 40 92 53 58 79 40 54 211 52 40 88 70 118 71 45 98 218 152
internal_value=-0.0198512 2.16677 -2.75482 4.11032 -11.3406 -5.31229 4.40446 -0.88006 4.96177 -8.42781 5.24116 -13.2562 -1.61446 4.28266 -14.6191 -0.825354 0.613624 3.555 -4.2504 6.15644 1.54525 1.46507 1.05294 -1.92251 5.60979 -10.9733 -0.821928 -15.6215 5.93138 5.50094
internal_weight=2613 2190 620 1570 423 102 1529 466 1311 154 1214 321 408 593 201 314 141 383 94 621 92 97 218 173 210 120 103 148 581 370
internal_count=2613 2190 620 1570 423 102 1529 466 1311 154 1214 321 408 593 201 314 141 383 94 621 92 97 218 173 210 120 103 148 581 370
cat_boundaries=0 1 2 3
cat_threshold=36 4 2
is_linear=0
shrinkage=0.05


Tree=11
num_leaves=31
num_cat=3
split_feature=37 13 35 37 37 10 35 37 6 15 29 10 21 6 35 14 6 13 31 18 39 14 10 6 33 39 36 27 14 11
split_gain=2.27075e+07 7.87502e+06 2.35639e+06 1.62573e+06 899249 1.4105e+06 623479 486892 444483 374625 414903 355676 316299 266548 241732 287925 198744 192699 156115 155837 148768 136939 133764 90813.2 90552.2 83445.1 68840 68154 119132 59853.3
threshold=161.42000000000004 -47.61500000000003 589.1450000000001 122.47350000000002 174.28850000000003 155.25300000000001 2095.2300000000005 129.66500000000005 0.64845127247741752 -217.80500000000004 0 231.59650000000002 -17.796277789379229 0.70479456344599678 1117.6400000000001 6.74000000000001 0.75078202391993187 -69.274999999999991 1 0.90336458361422878 162.60770000000002 125.20999999999999 -1.0000000180025095e-35 0.4985874246151803 353.99500000000006 134.23420000000004 209.17800000000003 2 81.700000000000003 2657.6077097505672
decision_type=2 2 2 2 2 2 2 2 2 2 1 2 2 2 2 2 2 2 1 2 2 2 2 2 2 2 2 1 2 2
left_child=1 3 7 8 5 23 9 -3 -1 18 21 17 22 26 19 16 -16 27 -4 -10 29 -11 -12 -2 -23 -24 -6 -5 -29 -18
right_child=4 2 6 11 13 -7 -8 -9 14 10 12 -13 -14 -15 15 -17 20 -19 -20 -21 -22 24 25 -25 -26 -27 -28 28 -30 -31
leaf_value=0.137680256825227 -12.815803089141847 -4.6143642607060347 -1.1885666095092893 0.30340928313407034 -12.476595670123434 0.016421082019805907 3.5819184827804564 -11.134227175828888 4.6687866709449075 1.6182445013004803 -3.5646895917162063 -3.802140408470517 -0.53874027703119365 -10.672116428972728 3.7684195632735888 1.7849317880471549 4.7481708514128682 -1.3334556755266691 3.0824589803167015 1.7256797393379004 8.64396936416626 -3.4203692221450943 -8.2627952527999877 -9.8588042181891371 -0.47169572762919199 -5.0718243644351055 -14.827198204108043 4.1993092093311377 1.1961460608575079 5.7660996876052906
leaf_weight=52 40 44 40 44 43 40 60 82 88 46 63 42 46 83 165 60 191 57 46 92 40 43 40 74 66 42 113 61 72 592
leaf_count=52 40 44 40 44 43 40 60 82 88 46 63 42 46 83 165 60 191 57 46 92 40 43 40 74 66 42 113 61 72 592
internal_value=0.0190795 2.01852 -2.75652 3.91503 -11.0414 -8.06186 -1.19408 -8.85745 4.66551 -1.85742 -2.59149 0.434542 -4.15124 -12.9613 4.85724 5.14797 5.35221 1.19497 1.09594 3.16453 5.66973 -0.669475 -5.29727 -10.8963 -1.63493 -6.6284 -14.1793 2.00921 2.57354 5.51779
internal_weight=2567 2174 618 1556 393 154 492 126 1280 432 346 276 191 239 1228 1048 988 234 86 180 823 155 145 114 109 82 156 177 133 783
internal_count=2567 2174 618 1556 393 154 492 126 1280 432 346 276 191 239 1228 1048 988 234 86 180 823 155 145 114 109 82 156 177 133 783
cat_boundaries=0 1 2 3
cat_threshold=2 4 2
is_linear=0
shrinkage=0.05


Tree=12
num_leaves=31
num_cat=3
split_feature=14 18 43 21 10 3 34 10 35 38 15 34 11 21 18 14 11 12 29 15 39 10 21 18 34 12 29 10 42 34
split_gain=1.93306e+07 6.11114e+06 2.99708e+06 2.29511e+06 1.75105e+06 531370 497433 473257 351277 325860 322438 290392 217535 215316 205906 226281 187162 172893 171843 147345 146074 133611 128059 120022 114171 107255 104485 91765 89242.5 64733.6
threshold=156.80000000000004 0.44382582982731228 2.0270000000000441 -23.602918579815327 255.80400000000003 0 319.44000000000005 164.99250000000004 1215.2400000000002 334.80000000000007 -169.91999999999993 296.5800000000001 975.87301587301613 -33.593193506172312 0.81181057300108106 115.02000000000004 2657.6077097505672 1950.0000000000002 1 -128.34000000000012 162.01840000000001 110.21100000000001 -18.358991114223709 0.97375387180988271 240.15000000000003 1005.0000000000001 2 135.70500000000001 -56.210000000000029 217.04000000000005
decision_type=2 2 2 2 2 9 2 2 2 2 2 2 2 2 2 2 2 2 1 2 2 2 2 2 2 2 1 2 2 2
left_child=1 10 4 6 7 14 9 8 16 26 -1 -5 -8 -7 -4 23 21 -9 24 -15 -10 -3 27 28 29 -23 -2 -21 -16 -18
right_child=3 2 5 11 -6 13 12 17 20 -11 -12 -13 -14 19 15 -17 18 -19 -20 22 -22 25 -24 -25 -26 -27 -28 -29 -30 -31
leaf_value=-11.996681389441857 -12.163849091111569 3.651889172253922 -1.8637345504253469 0.70925250083208091 -5.7255661205811936 -4.2754509523510933 -10.189774942398072 -1.4050284242630005 5.317693811757283 -6.0737081414562164 -6.6960132703185087 -4.6897489198229527 -13.908829163060046 1.7239081615354956 2.0807954032783922 -0.34884912428102999 4.2109745309707973 2.7981483376215377 6.8453607881224006 -1.5102872615059217 8.4411552333831796 -0.51483776688575744 0.42716815736558705 0.17688975687848318 5.8960018555323286 2.9745201386359277 -9.1864556984823249 -4.390296890338262 4.3420106520853849 1.5867510111090986
leaf_weight=52 57 259 47 40 44 64 56 40 583 59 64 66 132 41 92 95 47 63 77 81 40 40 54 42 48 49 61 42 83 47
leaf_count=52 57 259 47 40 44 64 56 40 583 59 64 66 132 41 92 95 47 63 77 81 40 40 54 42 48 49 61 42 83 47
internal_value=0.0231329 2.08173 2.73585 -9.1291 4.08348 -0.0750297 -11.01 4.41727 4.6987 -9.10769 -9.07217 -2.65239 -12.801 -1.66646 1.18838 1.68625 3.79822 1.16585 4.94335 -0.976965 5.51824 3.07758 -1.60259 2.57719 3.91198 1.40627 -10.6247 -2.49371 3.15326 2.89886
internal_weight=2565 2094 1978 471 1337 641 365 1293 1190 177 116 106 188 282 359 312 567 103 219 218 623 348 177 217 142 89 118 123 175 94
internal_count=2565 2094 1978 471 1337 641 365 1293 1190 177 116 106 188 282 359 312 567 103 219 218 623 348 177 217 142 89 118 123 175 94
cat_boundaries=0 1 2 3
cat_threshold=38 4 2
is_linear=0
shrinkage=0.05


Tree=13
num_leaves=31
num_cat=4
split_feature=43 18 43 20 36 3 36 20 44 40 13 29 20 12 12 34 44 33 43 27 10 18 31 41 44 12 35 18 10 36
split_gain=1.78804e+07 5.63446e+06 2.68082e+06 2.06535e+06 1.67475e+06 518516 446137 381442 348988 326448 297961 251115 213576 209255 190243 186197 186100 192204 136129 135630 193562 117562 111675 110372 110024 105279 92869.8 91450.9 77296.5 66374.1
threshold=150.91750000000005 0.44382582982731228 2.0270000000000441 -21.657079512197601 196.01500000000001 0 201.51450000000003 -16.300010269708228 -160.54999999999993 363.89500000000004 -144.80000000000004 1 -16.75941039128794 1505.0000000000002 495.00000000000006 246.36000000000004 -1.0000000180025095e-35 444.28500000000003 114.97000000000004 2 164.99250000000004 0.83227396537480935 3 0.50161842970976589 -163.29500000000004 155.00000000000003 1169.1150000000002 0.89836774721683921 126.25000000000001 220.21780000000004
decision_type=2 2 2 2 2 9 2 2 2 2 2 1 2 2 2 2 2 2 2 1 2 2 1 2 2 2 2 2 2 2
left_child=1 8 4 6 7 13 11 10 -1 -7 19 -2 16 18 -5 22 23 -18 21 -3 26 -4 -12 -11 -24 -13 -21 -23 -17 -8
right_child=3 2 5 14 -6 9 29 -9 -10 12 15 25 -14 -15 -16 28 17 -19 -20 20 -22 27 24 -25 -26 -27 -28 -29 -30 -31
leaf_value=-11.556196386163885 -11.196598934870895 4.9895480324571233 -0.93882870220002668 -4.4224976015090949 -6.1732302665710455 -5.8337429487705235 -11.831937423505281 -0.36276671154932544 -6.0848921666222235 -1.497370431932711 5.1443132974705437 -8.798377571853937 2.2376948884753296 4.4470905600653756 -0.2832110220971315 8.0896284842977728 -1.3536725052616054 -5.8750416445732121 -0.86731098947877239 1.8484006818735375 -0.2154904338621324 3.722901907673589 4.5863750687667304 1.8463504250456648 3.1316983393165021 -5.9587200959523523 4.8372283000572054 1.2776853088488562 5.5293420405001257 -14.124585511949329
leaf_weight=55 93 49 42 70 40 40 76 44 62 62 374 102 43 45 46 49 57 40 88 53 62 54 336 41 212 48 51 131 74 54
leaf_count=55 93 49 42 70 40 40 76 44 62 62 374 102 43 45 46 49 57 40 88 53 62 54 336 41 212 48 51 131 74 54
internal_value=0.00446679 2.00612 2.63399 -8.60796 3.9043 -0.0212256 -10.4201 4.21343 -8.65687 -1.5919 4.37323 -9.1553 -0.959163 1.22373 -2.78106 4.72199 -1.64649 -3.21815 0.802093 2.6781 1.9958 1.44926 4.47822 -0.166375 4.02362 -7.88969 3.31408 1.99142 6.54929 -12.7843
internal_weight=2593 2104 1987 489 1344 643 373 1304 117 283 1260 243 243 360 116 1045 200 97 315 215 166 227 922 103 548 150 104 185 123 130
internal_count=2593 2104 1987 489 1344 643 373 1304 117 283 1260 243 243 360 116 1045 200 97 315 215 166 227 922 103 548 150 104 185 123 130
cat_boundaries=0 1 2 3 4
cat_threshold=38 2 4 2
is_linear=0
shrinkage=0.05


Tree=14
num_leaves=31
num_cat=4
split_feature=37 13 35 20 18 37 35 10 14 33 10 14 11 29 14 37 6 21 6 31 29 10 21 21 14 33 18 13 10 29
split_gain=1.74974e+07 5.02065e+06 1.45757e+06 1.3547e+06 1.31135e+06 1.02292e+06 764964 598902 504939 272316 264473 250002 243469 222916 346748 296516 201515 200864 195271 182214 152112 141559 176391 139371 96708.4 85178.2 84383.7 82545.8 73000.6 72858.2
threshold=160.47050000000004 -47.61500000000003 614.10000000000014 -27.551784519325981 0.61028401323159265 180.13500000000002 1107.8750000000002 171.5805 150.80000000000004 334.88000000000005 202.43900000000002 6.74000000000001 979.71655328798204 0 7.7649999999999872 13.880000000000001 0.68395094630091535 -17.796277789379229 0.75078202391993187 1 2 110.21100000000001 -18.092678149396875 -41.132693770681762 126.92000000000003 1359.2450000000001 0.81181057300108106 7.125000000000008 88.989500000000007 3
decision_type=2 2 2 2 2 2 2 2 2 2 2 2 2 1 2 2 2 2 2 1 1 2 2 2 2 2 2 2 2 1
left_child=1 4 8 12 -1 -5 9 13 -3 -6 11 18 29 24 -15 19 26 27 -8 -16 23 -11 -23 -20 -4 -22 -14 -17 -27 -2
right_child=3 2 7 5 6 -7 10 -9 -10 21 -12 -13 16 14 15 17 -18 -19 20 -21 25 22 -24 -25 -26 28 -28 -29 -30 -31
leaf_value=-5.5334585655026318 -10.410937791712144 -2.4334867454568547 1.6771476457337848 0.25959029448659798 3.0697723954709044 -9.824762268066408 3.0385641375788164 3.9396104457014705 -8.9703545415124228 2.3361387430537834 1.0071282789111138 1.4638833146956234 -11.191922533953631 -6.4569791062247193 2.5165897034249216 -3.0007807850837711 -9.3709163415627401 -0.58011224993637633 7.0535114471435554 -1.6493818915807286 3.5960117878134437 -2.7606748523383309 0.87045255627813223 4.1844377178698782 -0.9201677238673307 5.5531041901687104 -13.657989942413018 -6.1745087578183133 4.2920270398710718 -7.9186957151993473
leaf_weight=41 51 45 60 57 144 45 185 59 86 55 64 72 54 42 53 40 61 49 125 52 195 58 79 64 89 203 97 42 264 69
leaf_count=41 51 45 60 57 144 45 185 59 86 55 64 72 54 42 53 40 61 49 125 52 195 58 79 64 89 203 97 42 264 69
internal_value=-0.0658631 1.77019 -2.04401 -9.22922 3.28947 -4.18939 3.52935 -0.782298 -6.72487 1.42614 4.13232 4.31284 -10.7776 -1.43474 -2.27111 -1.52616 -11.7963 -3.11287 4.51083 0.453442 4.83089 0.193408 -0.666813 6.08197 0.125731 4.47371 -12.7761 -4.62635 4.8402 -8.9779
internal_weight=2600 2166 617 434 1549 102 1508 486 131 336 1172 1108 332 427 278 236 212 131 1036 105 851 192 137 189 149 662 151 82 467 120
internal_count=2600 2166 617 434 1549 102 1508 486 131 336 1172 1108 332 427 278 236 212 131 1036 105 851 192 137 189 149 662 151 82 467 120
cat_boundaries=0 1 2 3 4
cat_threshold=2 1 1 2
is_linear=0
shrinkage=0.05


Tree=15
num_leaves=31
num_cat=0
split_feature=37 42 35 18 20 35 34 6 35 37 11 43 10 14 34 6 35 33 6 12 43 21 21 44 18 12 20 18 10 34
split_gain=1.54081e+07 4.71143e+06 1.47247e+06 1.17108e+06 877516 680668 665520 593730 400835 304218 287682 248672 243924 259017 227155 187219 168277 222416 151766 146442 130785 119253 84971.2 76482.9 73041.2 71495.8 70424.2 59480.8 58213.2 95303.9
threshold=161.42000000000004 -47.61500000000003 719.83000000000015 0.61028401323159265 -27.551784519325981 1107.8750000000002 349.16500000000002 0.76628821836989502 2095.2300000000005 68.460000000000022 979.71655328798204 6.1465000000000609 202.43900000000002 6.74000000000001 283.52000000000004 0.68395094630091535 1070.7000000000003 421.55500000000006 0.75078202391993187 435.00000000000006 174.19579999999999 -18.092678149396875 -17.20075780489039 -150.14999999999995 0.81181057300108106 345.00000000000006 -32.848756977331213 0.88622884027826265 98.602500000000006 237.59000000000003
decision_type=2 2 2 2 2 2 2 2 2 2 2 2 2 2 2 2 2 2 2 2 2 2 2 2 2 2 2 2 2 2
left_child=1 3 7 -1 10 9 -6 20 11 27 26 -4 13 14 18 24 17 22 -7 25 -3 -21 -13 -18 -12 -11 -2 -5 -20 -30
right_child=4 2 8 5 6 12 -8 -9 -10 19 15 16 -14 -15 -16 -17 23 -19 28 21 -22 -23 -24 -25 -26 -27 -28 -29 29 -31
leaf_value=-5.1085769834972572 -7.225411647945255 -5.6471894718879874 -4.3165535037334157 4.6044682160863344 -0.56412856238228937 2.8733836805165129 -9.1975284204250425 -1.6343561218253204 3.1746309071779253 0.41486028634011751 -10.77834928339178 -1.0502107152751847 0.97980076797080773 1.0207290275953711 7.7726274108886715 -8.8992548958199915 1.9676118136303768 -3.0216703829085718 4.8034559773684062 -2.1246533699747587 -9.0816615373660365 0.84166084788739681 1.9867383795125144 -0.64002486949271342 -13.101082697781649 3.3517334964386252 -9.7906912082579094 2.4552500643381259 2.9832110994121659 4.6673804988058247
leaf_weight=42 77 43 52 53 49 191 41 56 64 40 55 51 66 64 45 61 70 107 467 72 78 64 42 47 88 43 41 82 147 196
leaf_count=42 77 43 52 53 49 191 41 56 64 40 55 51 66 64 45 61 70 107 467 72 78 64 42 47 88 43 41 82 147 196
internal_value=0.00643058 1.68091 -2.04884 3.12821 -8.86183 3.35432 -4.49712 -5.89109 -0.47822 1.43214 -10.0818 -1.11178 3.93293 4.10853 4.29745 -11.2184 -0.586072 -1.46718 4.14123 0.281325 -7.86115 -0.728741 0.321315 0.9201 -12.2077 1.93637 -8.11674 3.29902 4.44019 3.94559
internal_weight=2594 2182 610 1572 412 1530 90 177 433 354 322 369 1176 1110 1046 204 317 200 1001 219 121 136 93 117 143 83 118 135 810 343
internal_count=2594 2182 610 1572 412 1530 90 177 433 354 322 369 1176 1110 1046 204 317 200 1001 219 121 136 93 117 143 83 118 135 810 343
is_linear=0
shrinkage=0.05


Tree=16
num_leaves=31
num_cat=2
split_feature=43 36 43 22 20 34 3 40 22 20 6 34 43 19 6 41 11 22 36 34 16 29 22 20 11 13 6 34 11 20
split_gain=1.2958e+07 4.41665e+06 2.06885e+06 1.66618e+06 1.42243e+06 373881 373827 335153 287096 249911 272616 229282 226821 223133 219834 207504 173100 163959 161668 146373 104120 104779 99933.8 90133.8 85144.7 79694.5 75434.3 70849.8 60372.1 52780.4
threshold=155.71380000000002 206.75130000000004 1.4850000000000139 0.44382582982731228 -21.657079512197601 319.44000000000005 0 363.89500000000004 0.68497121603343503 -16.603444954882505 0.75873997064343068 264.18000000000006 101.62960000000005 0.37569573283858998 0.99264111349296269 0.83368359350103216 975.87301587301613 0.91292500556098166 158.71250000000003 311.89000000000004 1.0000000180025095e-35 1 0.97375387180988271 -34.439848386370365 2461.0317460317465 -56.210000000000029 0.49124535891336357 132.68000000000004 2657.6077097505672 -34.251553954056902
decision_type=2 2 2 2 2 2 9 2 2 2 2 2 2 2 2 2 2 2 2 2 2 1 2 2 2 2 2 2 2 2
left_child=1 2 3 -1 5 13 8 -8 -4 10 11 24 22 -2 15 -9 -7 -16 -6 20 21 -12 25 -18 -5 -10 -15 -27 -23 -3
right_child=4 29 6 9 18 16 7 14 12 -11 19 -13 -14 26 17 -17 23 -19 -20 -21 -22 28 -24 -25 -26 27 -28 -29 -30 -31
leaf_value=-6.3090054555372763 -4.9212137101188542 -10.247238252600845 -3.0647073420082656 2.28513820807279 0.14190832667234468 -8.342949691651361 -5.4933941131288364 3.5130726511885477 1.7318811328771215 -0.079562915431128617 2.5610376106779427 -0.011351514543805804 -0.30754391872289039 -9.9620446638627485 -4.2432994035340981 -0.69277402006306699 -13.345810360378691 -0.21052210070192814 -3.9316676326592765 7.0259084657181141 4.8936231768938647 3.5775352822108704 0.091598531811736356 -10.57842374016257 3.9799323021211936 2.2383456627989928 -7.3550468649183003 4.9475190526788886 4.7463278344195139 -7.831753322056362
leaf_weight=44 63 49 41 142 41 63 44 41 96 45 155 70 133 55 59 103 45 44 60 43 251 264 43 85 155 43 56 55 190 42
leaf_count=44 63 49 41 142 41 63 44 41 96 45 155 70 133 55 59 103 45 44 60 43 251 264 43 85 155 43 56 55 190 42
internal_value=0.00767845 1.64747 2.12344 3.262 -7.53258 -8.97865 -0.0806857 -1.42408 0.883623 3.58224 3.71199 2.5629 1.34502 -7.29788 -0.756832 0.504724 -10.494 -2.52056 -2.27804 4.17901 4.03666 3.68347 2.27241 -11.5364 3.16963 2.75579 -8.6468 3.7588 4.06668 -9.1324
internal_weight=2620 2152 2061 1359 468 367 702 291 411 1315 1270 367 370 174 247 144 193 103 101 903 860 609 237 130 297 194 111 98 454 91
internal_count=2620 2152 2061 1359 468 367 702 291 411 1315 1270 367 370 174 247 144 193 103 101 903 860 609 237 130 297 194 111 98 454 91
cat_boundaries=0 1 2
cat_threshold=38 4
is_linear=0
shrinkage=0.05


Tree=17
num_leaves=31
num_cat=0
split_feature=37 13 35 6 20 34 35 20 37 45 10 20 11 10 14 14 43 34 6 12 13 21 35 44 11 11 20 20 13 39
split_gain=1.27598e+07 4.4815e+06 1.32979e+06 792099 634794 615072 460996 399719 299764 261851 312338 234774 222941 213882 198231 173345 152993 150072 141515 125272 109154 96093.8 66901 64306.8 71149.3 57579.1 65613.6 50502.8 50392.6 49805.3
threshold=161.42000000000004 -47.61500000000003 589.1450000000001 0.74080130006294109 -27.551784519325981 349.16500000000002 2095.2300000000005 -30.417523934715749 129.66500000000005 41.468200000000017 88.989500000000007 -16.145741279689009 975.87301587301613 202.43900000000002 91.200000000000003 0.30000000000003979 7.03099999999995 296.5800000000001 0.68395094630091535 925.00000000000011 -59.50000000000005 -24.732684761078374 1655.4800000000002 -168.49499999999998 2657.6077097505672 2101.2698412698414 -34.439848386370365 -24.592707837591782 8.9800000000000129 149.12500000000003
decision_type=2 2 2 2 2 2 2 2 2 2 2 2 2 2 2 2 2 2 2 2 2 2 2 2 2 2 2 2 2 2
left_child=1 3 8 7 12 -6 9 -1 -3 10 16 13 -2 15 21 20 -4 -18 25 -11 22 -9 23 24 -5 26 -14 -17 -21 -12
right_child=4 2 6 11 5 -7 -8 14 -10 19 29 -13 18 -15 -16 27 17 -19 -20 28 -22 -23 -24 -25 -26 -27 -28 -29 -30 -31
leaf_value=-3.6017002148098416 -7.1824400147524745 -3.263203805269197 -6.1240052938461309 3.275090941008147 -0.63500405853869868 -8.6086136693539839 3.1444619256942001 0.72670622248398642 -8.3963992527553017 -1.7753443453047013 -1.0433850668267244 0.0051045044608738115 -12.823022543865703 0.9657792976924352 -0.23190472581169824 0.91656553207659253 -1.3012296330556274 -4.5089467475663367 -8.006206651167437 0.2845706771551208 6.578041988465845 3.1860739993912577 4.3402681904922398 2.9131619393565251 5.1445106465765775 -9.2247958870821218 -10.347343945503235 2.8899495421165833 2.6914397923059243 1.1071977099013883
leaf_weight=45 110 43 44 111 51 46 61 57 84 45 72 46 46 70 110 51 80 67 66 44 41 131 493 229 94 43 64 89 43 43
leaf_count=45 110 43 44 111 51 46 61 57 84 45 72 46 46 70 110 51 80 67 66 44 41 131 493 229 94 43 64 89 43 43
internal_value=-0.052515 1.48567 -2.09043 2.91429 -7.97093 -4.4163 -0.927843 0.790705 -6.65839 -1.49499 -2.29794 3.50937 -9.01895 3.64621 1.45399 3.81556 -3.53746 -2.76325 -9.94139 0.366383 4.05339 2.44041 3.94173 3.48902 4.13229 -10.7762 -11.3826 2.17107 1.47417 -0.239254
internal_weight=2619 2193 626 1567 426 97 499 343 127 438 306 1224 329 1178 298 1108 191 147 219 132 968 188 927 434 205 153 110 140 87 115
internal_count=2619 2193 626 1567 426 97 499 343 127 438 306 1224 329 1178 298 1108 191 147 219 132 968 188 927 434 205 153 110 140 87 115
is_linear=0
shrinkage=0.05


Tree=18
num_leaves=31
num_cat=3
split_feature=37 13 35 18 20 34 35 6 10 33 37 15 29 10 14 34 27 13 14 18 34 10 6 14 11 21 29 35 12 35
split_gain=1.11477e+07 3.98278e+06 1.33988e+06 860881 551854 575605 498775 455154 318526 241718 202589 190644 244743 171278 170406 167481 160580 143083 121487 119998 110123 109407 165559 106682 94880.4 81368.4 76872 68025.6 123282 63436.5
threshold=161.42000000000004 -47.61500000000003 719.83000000000015 0.61028401323159265 -27.551784519325981 349.16500000000002 1107.8750000000002 0.76628821836989502 105.91250000000001 334.88000000000005 189.29900000000001 -122.70000000000003 0 202.43900000000002 6.74000000000001 283.52000000000004 1 2.0599999999999885 7.7649999999999872 0.91186111330794928 262.77500000000003 110.21100000000001 0.65054075189061566 176.20000000000002 2657.6077097505672 -24.961035427149852 2 277.04500000000002 345.00000000000006 1167.3300000000002
decision_type=2 2 2 2 2 2 2 2 2 2 2 2 1 2 2 2 1 2 2 2 2 2 2 2 2 2 1 2 2 2
left_child=1 3 7 -1 10 -6 9 23 11 27 19 16 -13 14 15 20 -4 -10 -14 -2 24 -11 -23 -3 25 -8 -26 -5 -29 -28
right_child=4 2 8 6 5 -7 13 -9 17 21 -12 12 18 -15 -16 -17 -18 -19 -20 -21 -22 22 -24 -25 26 -27 29 28 -30 -31
leaf_value=-4.4277547516473907 -6.8031945736738892 -5.0192972075939188 -1.6842387342994867 4.0690737830268011 -0.17136288113064235 -8.1686209106445329 1.6361511152192774 -1.8090836052309003 0.33403348911691599 1.8492816169711728 -10.225907100041709 -0.014202205402155719 -5.49919512549112 0.84312452654684744 1.135192274507405 6.7938273566109801 2.3067691379179389 4.1996440233186236 -2.3258188362463867 -9.4845482762654623 1.2593502533679106 0.40436997601214575 -3.4965046167373659 -8.1226919004652238 5.3424085656801861 3.4572702527299839 2.5950153097179203 0.43044997907820204 3.7196928501129154 4.046270243451807
leaf_weight=41 137 40 44 54 45 45 83 57 54 54 120 96 43 62 69 42 59 43 101 60 49 85 40 90 96 235 90 63 52 461
leaf_count=41 137 40 44 54 45 45 83 57 54 54 120 96 43 62 69 42 59 43 101 60 49 85 40 90 96 235 90 63 52 461
internal_value=-0.0229125 1.38162 -1.98892 2.72257 -7.62535 -4.16999 2.91356 -5.5344 -0.482093 1.24898 -8.60637 -1.1975 -1.96974 3.40157 3.54257 3.69987 0.601873 2.04765 -3.27342 -7.61985 3.57172 -0.0314387 -0.84391 -7.1678 3.68913 2.98195 4.03671 2.60516 1.91776 3.80922
internal_weight=2610 2203 627 1576 407 90 1535 187 440 348 317 343 240 1187 1125 1056 103 97 144 197 1014 179 125 130 965 318 647 169 115 551
internal_count=2610 2203 627 1576 407 90 1535 187 440 348 317 343 240 1187 1125 1056 103 97 144 197 1014 179 125 130 965 318 647 169 115 551
cat_boundaries=0 1 2 3
cat_threshold=2 2 1
is_linear=0
shrinkage=0.05


Tree=19
num_leaves=31
num_cat=0
split_feature=37 13 20 18 37 13 21 35 34 14 14 13 14 34 6 18 11 35 34 6 18 10 11 6 11 35 6 10 18 14
split_gain=1.05618e+07 3.17611e+06 990129 773073 484420 782890 468743 318389 238678 194879 238100 163961 169251 131442 145541 153115 120531 115353 113090 102528 99887.2 95380.8 132710 93950.9 80953.6 68456.6 66523.8 81514.8 56706.6 44751.6
threshold=161.42000000000004 -47.61500000000003 -30.875902701350864 0.61028401323159265 185.98500000000004 -91.885000000000034 -20.378904698140158 2095.2300000000005 282.75500000000005 167.90000000000001 8.3849999999999785 -144.80000000000004 6.74000000000001 238.43000000000004 0.62647469443187231 0.95715570047205789 5650.6235827664414 1080.2200000000003 246.36000000000004 0.80557437273010024 0.86609063681950837 98.602500000000006 2657.6077097505672 0.61236551355575453 965.63492063492072 1647.1950000000002 0.80664753277684487 80.006500000000003 0.89771739047171717 88.100000000000037
decision_type=2 2 2 2 2 2 2 2 2 2 2 2 2 2 2 2 2 2 2 2 2 2 2 2 2 2 2 2 2 2
left_child=1 3 8 -1 5 -2 11 9 -3 10 -4 16 18 -8 29 -16 20 19 21 -12 -5 22 28 -6 -7 -23 -24 -28 -13 -15
right_child=4 2 7 6 23 24 13 -9 -10 -11 17 12 -14 14 15 -17 -18 -19 -20 -21 -22 25 26 -25 -26 -27 27 -29 -30 -31
leaf_value=-4.2776218510046604 -0.20370200538635252 -2.6628936542307629 -4.1803912325603205 -0.29928162806864939 -10.571466392194722 -6.3679044910099201 3.1610217789808912 2.7729201978252784 -6.9708458867566341 -3.5827387868441067 0.70242494270205502 4.0510980986166691 1.0006571878557622 2.6431829345469575 -3.2384315332640776 0.70414182464328579 3.9806350172734732 1.2307923874567051 5.0509016712154962 -1.6431664890525017 2.2498226921843449 1.471840497657009 5.2465869749746012 -8.2972116863916803 -8.6063671271006275 3.1633071224591887 4.2356696904262652 1.8499820068825124 2.3751908409864977 0.59880162669440451
leaf_weight=40 50 51 41 66 71 92 48 62 87 65 72 69 69 49 46 53 51 104 113 132 92 92 124 126 72 171 214 43 188 59
leaf_count=40 50 51 41 66 71 92 48 62 87 65 72 69 69 49 46 53 51 104 113 132 92 92 124 126 72 171 214 43 188 59
internal_value=0.029923 1.40385 -1.64975 2.58527 -7.32777 -5.6808 2.76272 -0.568643 -5.37878 -1.06907 -0.600908 3.14938 3.39682 0.803631 0.25699 -1.12776 1.86719 -0.124419 3.55987 -0.815311 1.18501 3.37287 3.70317 -9.11687 -7.35064 2.57162 4.29543 3.83651 2.82514 1.52634
internal_weight=2612 2201 614 1587 411 214 1547 476 138 414 349 1292 1083 255 207 99 209 308 1014 204 158 901 638 197 164 263 381 257 257 108
internal_count=2612 2201 614 1587 411 214 1547 476 138 414 349 1292 1083 255 207 99 209 308 1014 204 158 901 638 197 164 263 381 257 257 108
is_linear=0
shrinkage=0.05


Tree=20
num_leaves=31
num_cat=2
split_feature=37 13 35 6 20 20 6 34 10 37 20 10 13 45 37 43 40 15 18 29 38 20 36 10 20 13 27 34 11 10
split_gain=9.43119e+06 3.26896e+06 950080 627170 463088 428968 400330 382564 230519 192999 188490 162852 159437 149565 141972 138777 126137 120353 116468 115681 111959 75588.5 67070.2 58145.1 65205.5 91797.1 63852.9 62461.5 57429.8 53054.7
threshold=161.42000000000004 -47.61500000000003 719.83000000000015 0.74080130006294109 -27.551784519325981 -33.480679772549749 0.76628821836989502 349.16500000000002 105.91250000000001 30.160000000000004 -16.145741279689009 202.43900000000002 2.0599999999999885 6.2023000000000019 189.29900000000001 124.86449999999998 921.56500000000017 -58.009999999999984 0.91186111330794928 0 905.85000000000014 -24.637717590785524 156.59790000000001 98.602500000000006 -20.568313724864897 -121.11999999999989 1 262.77500000000003 5666.1111111111122 86.217000000000013
decision_type=2 2 2 2 2 2 2 2 2 2 2 2 2 2 2 2 2 2 2 1 2 2 2 2 2 2 1 2 2 2
left_child=1 3 6 5 14 -1 22 -6 13 -5 11 17 -10 15 18 -4 -7 19 29 -11 -15 -19 -3 26 25 27 -21 -25 -22 -2
right_child=4 2 8 9 7 16 -8 -9 12 10 -12 -13 -14 20 -16 -17 -18 21 -20 23 28 -23 -24 24 -26 -27 -28 -29 -30 -31
leaf_value=-4.2228693496435881 -7.1207597637176523 -4.7347912401705985 -4.7879906129837044 6.0126119793586019 -0.79561067337685454 0.67396062425275649 -1.387351535517594 -7.2456291537814668 -0.10595730839875238 4.9115115887185805 -0.28272419392385267 0.66544133816192408 3.9391101996103921 -1.9201339773739443 -9.3647051721556576 -1.1758765109685752 2.9749649000940503 0.043576412200927735 -8.9773356501261397 4.3976079308986664 1.0998260879080104 2.5756757895112972 -7.2223645346505307 3.6456846237182621 4.234372542334385 1.3337538339780726 3.119450348836418 1.4472007308687482 -1.0226782157224543 -5.0571030635459753
leaf_weight=40 80 40 45 53 47 225 58 45 58 115 44 67 42 79 117 65 81 40 60 160 99 112 84 140 61 115 251 42 47 51
leaf_count=40 80 40 45 53 47 225 58 45 58 115 44 67 42 79 117 65 81 40 60 160 99 112 84 140 61 115 251 42 47 51
internal_value=-0.0102713 1.29404 -1.78283 2.522 -7.06333 0.646528 -4.81614 -3.95051 -0.51372 3.06276 2.92645 3.05447 1.59297 -1.14258 -7.99313 -2.65356 1.28305 3.20898 -7.15295 3.43244 -0.403883 1.90933 -6.41992 3.21126 2.74541 2.4396 3.61703 3.13834 0.416554 -6.31735
internal_weight=2563 2163 617 1546 400 346 182 92 435 1200 1147 1103 100 335 308 110 306 1036 191 884 225 152 124 769 358 297 411 182 146 131
internal_count=2563 2163 617 1546 400 346 182 92 435 1200 1147 1103 100 335 308 110 306 1036 191 884 225 152 124 769 358 297 411 182 146 131
cat_boundaries=0 1 2
cat_threshold=1 2
is_linear=0
shrinkage=0.05


Tree=21
num_leaves=31
num_cat=3
split_feature=37 42 35 21 37 43 10 14 6 21 29 2 18 45 10 11 34 34 10 10 42 21 11 14 29 14 6 12 21 34
split_gain=8.06752e+06 2.33941e+06 695089 646352 560472 331289 307919 282625 195744 169450 160607 233799 156848 153680 155134 133310 116428 104248 222522 92780.3 87303.6 83463.5 80973.5 75152.7 69687.9 68998.2 68918.4 68003 135995 75037.9
threshold=160.47050000000004 -47.61500000000003 614.10000000000014 -19.878865619716866 122.47350000000002 -1.1700000000000157 171.5805 150.80000000000004 0.66160349128737628 -25.760083803438366 0 1 0.86609063681950837 57.424999999999962 100.30250000000002 979.71655328798204 192.46000000000001 315.25000000000006 -1.0000000180025095e-35 70.105000000000004 -69.274999999999991 -44.873829416818914 2180.9863945578231 203.39999999999998 2 126.92000000000003 0.8477246532336763 1950.0000000000002 -50.252373148511566 240.15000000000003
decision_type=2 2 2 2 2 2 2 2 2 2 1 9 2 2 2 2 2 2 2 2 2 2 2 2 1 2 2 2 2 2
left_child=1 4 7 5 8 -2 10 -3 9 -1 25 -12 -6 16 -15 -7 21 18 22 26 24 -10 -13 -17 -14 -4 -18 28 -21 -30
right_child=3 2 6 -5 12 15 -8 -9 13 -11 11 17 20 14 -16 23 19 -19 -20 27 -22 -23 -24 -25 -26 -27 -28 -29 29 -31
leaf_value=-1.8905604269082954 -3.4996981184361347 -1.2724022236093879 1.6908052711137409 -0.47044940549273823 -1.7210193668541156 -6.2901821721860074 2.8909587795451537 -6.3988741828174129 2.9849836003290466 2.6021077187082104 1.5927016786734265 0.14720168632009756 3.2617906876405081 2.7206179063970395 -1.3427512145305915 -6.9019564192173846 5.6771095081911254 -0.14109089859696322 -5.0147647016668975 0.063860102133317428 -0.78772048556804664 0.62528141706020801 -2.6121402127402171 -9.0387571783626779 0.82843970133977773 -0.50216469918873086 3.6238859850661203 3.7666363877756108 2.597142773566147 3.9718581624384282
leaf_weight=41 59 40 58 43 76 123 59 82 73 43 45 46 45 55 41 59 59 43 73 44 50 77 63 136 85 94 133 222 375 135
leaf_count=41 59 40 58 43 76 123 59 82 73 43 45 46 45 55 41 59 59 43 73 44 50 77 63 136 85 94 133 222 375 135
internal_value=0.0616032 1.29608 -1.34733 -6.27831 2.3218 -6.94075 -0.492384 -4.71806 2.7435 0.409258 -0.965411 -1.69728 0.18365 2.90502 0.985221 -7.57918 3.06987 -2.35528 -2.87841 3.27072 0.987844 1.77367 -1.44765 -8.39224 1.67075 0.334626 4.25482 3.02723 2.73094 2.96104
internal_weight=2577 2157 603 420 1554 377 481 122 1298 84 422 270 256 1214 96 318 1118 225 182 968 180 150 109 195 130 152 192 776 554 510
internal_count=2577 2157 603 420 1554 377 481 122 1298 84 422 270 256 1214 96 318 1118 225 182 968 180 150 109 195 130 152 192 776 554 510
cat_boundaries=0 1 2 3
cat_threshold=2 4 1
is_linear=0
shrinkage=0.05


Tree=22
num_leaves=31
num_cat=3
split_feature=37 13 20 18 20 14 6 35 34 34 14 11 37 16 25 10 6 3 15 45 10 29 12 21 18 23 37 10 15 15
split_gain=7.814e+06 2.29783e+06 763242 587084 585479 329899 296690 263341 209946 172689 143629 142156 130074 143997 235569 213842 127941 152425 160781 100681 62387.3 80684.9 73841.4 60750.3 53003.3 60149 45499.1 83873.4 42701.1 39352.8
threshold=160.47050000000004 -47.61500000000003 -30.875902701350864 0.61028401323159265 -18.629868531416946 84.499999999999986 0.70479456344599678 2164.6400000000008 338.62500000000006 254.97000000000003 167.90000000000001 942.72108843537433 30.160000000000004 1.0000000180025095e-35 0 110.557 0.76360164420218324 1 -1.0000000180025095e-35 41.468200000000017 4.6305000000000067 2 1025.0000000000002 -24.961035427149852 0.91186111330794928 0.41985951468710087 101.88500000000001 108.47100000000002 -194.4850000000001 -185.31000000000014
decision_type=2 2 2 2 2 2 2 2 2 2 2 2 2 2 9 2 2 9 2 2 2 1 2 2 2 2 2 2 2 2
left_child=1 3 9 -1 6 12 11 10 -8 -3 16 -2 -5 14 20 23 -4 19 -19 -18 -14 28 26 -16 25 -13 27 -23 -22 -15
right_child=4 2 7 5 -6 -7 8 -9 -10 -11 -12 24 13 29 15 -17 17 18 -20 -21 21 22 -24 -25 -26 -27 -28 -29 -30 -31
leaf_value=-3.7203084441274408 -5.6184479452669622 -1.8389683398994663 1.7850737112133128 4.9093991470336924 -0.52039693196614578 -0.14362963879288271 -2.4098787619850857 2.8056993752195125 -6.5379624285016753 -5.6483849319757198 -2.7676066371527588 -6.783517131289921 0.79938744677437679 2.8129097013842337 0.93569371164776394 -1.5835665103551504 -0.61488410231813928 -0.95048890213800385 -4.841092323064804 2.0264303742714649 3.0422593021392821 2.1808466784845222 3.2602279574696613 3.3657241976538375 -9.4225942477374005 -8.9340268628350614 3.0947119311852891 -0.0044148183375034697 4.9998473057380091 3.8292806369711219
leaf_weight=40 64 42 57 60 42 116 55 57 70 102 77 74 45 181 64 74 113 79 40 53 60 256 205 43 71 58 88 53 52 201
leaf_count=40 64 42 57 60 42 116 55 57 70 102 77 74 45 181 64 74 113 79 40 53 60 256 205 43 71 58 88 53 52 201
internal_value=-0.00919352 1.22195 -1.34777 2.25786 -6.13087 2.41749 -6.73199 -0.382868 -4.72161 -4.53731 -0.816635 -7.67318 2.63246 2.52912 2.19646 0.457731 -0.377381 -0.809872 -2.0832 0.215448 2.57119 2.71887 2.48961 1.91225 -8.32098 -7.72844 2.09168 1.80603 3.95114 3.3477
internal_weight=2592 2158 620 1538 434 1498 392 476 125 144 419 267 1382 1322 940 181 342 285 119 166 759 714 602 107 203 132 397 309 112 382
internal_count=2592 2158 620 1538 434 1498 392 476 125 144 419 267 1382 1322 940 181 342 285 119 166 759 714 602 107 203 132 397 309 112 382
cat_boundaries=0 1 2 3
cat_threshold=98 38 1
is_linear=0
shrinkage=0.05


Tree=23
num_leaves=31
num_cat=0
split_feature=37 13 35 37 20 34 10 37 6 13 21 45 6 18 11 34 34 10 19 20 11 12 47 44 21 10 13 36 20 44
split_gain=6.63807e+06 2.23205e+06 686641 499960 346764 358233 233652 222208 218403 170371 142416 138247 151443 135793 131420 122727 115370 145489 112534 103055 100515 78918.7 76804.4 62171 74189.2 58879.2 55028.5 54040.5 53525.4 42175.6
threshold=161.42000000000004 -47.61500000000003 614.10000000000014 142.46000000000004 -27.551784519325981 349.16500000000002 88.989500000000007 129.30000000000004 0.70093814041861868 5.9949999999999628 -25.760083803438366 41.206000000000024 0.99642990846450974 0.87077885420153012 975.87301587301613 296.5800000000001 289.94000000000005 164.99250000000004 0.41985951468710087 -17.453059738825004 2657.6077097505672 925.00000000000011 23.899999999999999 -89.124999999999986 -24.961035427149852 159.21500000000003 -85.524999999999935 231.96000000000004 -16.96125862344411 -164.99500000000009
decision_type=2 2 2 2 2 2 2 2 2 2 2 2 2 2 2 2 2 2 2 2 2 2 2 2 2 2 2 2 2 2
left_child=1 3 7 8 14 -6 11 -3 10 19 -1 12 15 -5 -2 22 17 20 27 -8 23 -13 -4 28 -25 -15 -12 -16 -10 -22
right_child=4 2 6 13 5 -7 9 -9 16 -11 26 21 -14 25 18 -17 -18 -19 -20 -21 29 -23 -24 24 -26 -27 -28 -29 -30 -31
leaf_value=-1.7430202146822755 -5.234174247242156 -1.5154748781025411 1.3188882838848026 -2.3149946592621884 0.11545159983080487 -6.4585126972198488 -1.9329356148838999 -5.9720803363348853 2.6292741494708594 3.661461121536965 2.4726593169144224 -1.65651370172805 -4.6393208270377304 -0.71209560586855969 -5.8792725814016249 -3.0365320728785958 5.2960723972320558 -0.16002295392941923 -8.9385836500870557 1.1004403650567129 3.5595552728911599 0.93718082918188517 -1.5766194268148774 -0.51683254718132643 2.4274575057625771 1.4713752394640132 0.18337757514035774 -8.0330643608456569 0.71051321469602136 2.7538079707458518
leaf_weight=44 105 40 43 59 43 40 44 93 270 43 70 47 47 52 95 67 40 47 76 77 249 78 49 46 40 76 42 42 42 467
leaf_count=44 105 40 43 59 43 40 44 93 270 43 70 47 47 52 95 67 40 47 76 77 249 78 49 46 40 76 42 42 42 467
internal_value=-0.0201517 1.07107 -1.44218 2.0933 -5.93071 -3.05272 -0.585185 -4.63175 2.4273 0.958095 0.667276 -1.34983 -2.14581 -0.330423 -6.68189 -1.40874 2.65591 2.56495 -7.39555 -0.00260545 2.67992 -0.0380483 -0.223284 2.04289 0.852605 0.58434 1.61418 -6.53956 2.37098 3.03402
internal_weight=2573 2172 628 1544 401 83 495 133 1357 164 156 331 206 187 318 159 1201 1161 213 121 1114 125 92 398 86 128 112 137 312 716
internal_count=2573 2172 628 1544 401 83 495 133 1357 164 156 331 206 187 318 159 1201 1161 213 121 1114 125 92 398 86 128 112 137 312 716
is_linear=0
shrinkage=0.05


Tree=24
num_leaves=31
num_cat=1
split_feature=14 18 43 37 35 15 18 3 14 33 13 20 15 20 13 34 45 44 44 15 20 35 6 39 13 21 14 44 14 37
split_gain=6.29792e+06 1.96291e+06 787868 702730 447055 443447 273313 201243 126505 126153 117094 108857 156965 108027 107627 120358 105634 97042 99393.2 90235.9 73758.5 69940.5 65792.7 58804.5 51467.9 42649.7 32464.8 39944.8 57528.7 35095.9
threshold=156.80000000000004 0.44382582982731228 2.0270000000000441 158.59000000000003 719.83000000000015 -254.03499999999994 0.72302428164393795 0 111.72000000000001 129.01500000000001 -54.629999999999988 -16.352373056169217 -128.34000000000012 -34.726367373042983 -144.80000000000004 246.36000000000004 183.04999999999998 -161.3600000000001 -156.59999999999988 -169.91999999999993 -33.007986658279783 1616.9750000000001 0.66160349128737628 149.12500000000003 32.535000000000018 -24.335502619435339 -2.1850000000000303 -168.22999999999999 -7.4849999999999559 57.690000000000005
decision_type=2 2 2 2 2 2 2 9 2 2 2 2 2 2 2 2 2 2 2 2 2 2 2 2 2 2 2 2 2 2
left_child=1 19 5 4 24 -3 -4 8 10 -5 23 12 16 -11 17 21 -9 -7 -19 -1 -15 26 -14 -8 -2 -20 27 28 -16 -29
right_child=3 2 6 9 -6 14 7 11 -10 13 -12 -13 22 20 15 -17 -18 18 25 -21 -22 -23 -24 -25 -26 -27 -28 29 -30 -31
leaf_value=-6.8443457383375907 -3.9988845310513939 -1.8074959857647237 -3.6758744155036078 -4.5112482601946047 0.12844599330654513 -0.35580588012401548 0.4028293721769986 2.6320801508426666 0.0074700273769466507 -8.8546058037701769 3.9857009673940724 1.7836274974402926 -3.4167205718098859 -5.3202929941813153 1.9760106384754181 4.09426523314582 -0.83081807366439286 3.5893903409517729 0.40075051685174307 -3.9759409104955612 -7.3901530350788995 2.8701135295540539 -1.2287893351782924 2.6678368314452796 -6.2921623611450199 2.4056359627417159 1.0814205304160713 2.780681488730691 3.8687644006549449 1.2900494814025505
leaf_weight=52 63 65 45 55 78 56 76 40 114 68 58 42 49 75 96 126 49 65 72 58 101 469 115 46 40 42 80 55 69 140
leaf_count=52 63 65 45 55 78 56 76 40 114 68 58 42 49 75 96 126 49 65 72 58 101 469 115 46 40 42 80 55 69 140
internal_value=-0.0236886 1.16818 1.53131 -5.18595 -2.72706 2.22056 0.0799666 0.366915 1.26762 -6.67445 2.13615 -0.5549 -0.965047 -7.16205 2.42672 2.64605 0.725541 1.46075 2.02906 -5.33191 -6.50811 2.44531 -1.8825 1.25685 -4.88948 1.13939 1.9925 2.19496 2.76753 1.71048
internal_weight=2559 2079 1969 480 181 1335 634 589 294 299 180 295 253 244 1270 1035 89 235 179 110 176 909 164 122 103 114 440 360 165 195
internal_count=2559 2079 1969 480 181 1335 634 589 294 299 180 295 253 244 1270 1035 89 235 179 110 176 909 164 122 103 114 440 360 165 195
cat_boundaries=0 1
cat_threshold=34
is_linear=0
shrinkage=0.05


Tree=25
num_leaves=31
num_cat=3
split_feature=37 13 40 18 20 14 43 10 37 10 38 11 29 14 47 14 37 41 10 33 37 13 10 18 20 31 47 29 13 15
split_gain=5.70202e+06 1.69004e+06 545146 484424 385007 274429 198798 188835 171173 154516 136470 127071 101561 148202 130390 74985.1 71464.8 66192.3 67668.3 64045.4 58782.5 61113.3 59981.5 59800.1 58241.9 57923.9 83642.4 51897.7 50673.2 49596.8
threshold=160.47050000000004 -47.61500000000003 279.69000000000005 0.62327875903497143 -18.961364653946529 6.74000000000001 -1.1700000000000157 171.5805 129.30000000000004 108.242 954.7668000000001 979.71655328798204 0 7.7649999999999872 25.712600000000005 -8.420000000000071 135.85000000000005 0.74178965120185736 202.43900000000002 334.88000000000005 30.160000000000004 -114.175 88.989500000000007 0.93854872175587467 -17.297825119836052 1 12.458200000000007 2 -99.775000000000006 -182.89499999999995
decision_type=2 2 2 2 2 2 2 2 2 2 2 2 1 2 2 2 2 2 2 2 2 2 2 2 2 1 2 1 2 2
left_child=1 3 8 -1 6 9 -2 12 -3 15 -11 27 16 -14 25 -5 -4 -12 29 -7 -17 -22 28 -24 -16 26 -15 -8 -23 -19
right_child=4 2 7 5 -6 19 11 -9 -10 10 17 -13 13 14 24 20 -18 18 -20 -21 21 22 23 -25 -26 -27 -28 -29 -30 -31
leaf_value=-3.3308618556621461 -3.1868866460076699 -1.5927677297592164 0.77882906552934195 1.8929457660900983 -1.2046052742004396 1.9205483887896495 -6.3776819393038755 2.3203017769036474 -5.6157830629593288 -1.0972355206807456 0.41105664322296021 -7.1653721150663721 -4.2139346161484719 2.0276866532289066 -3.8727095115475536 4.746856759942097 -1.5891802900795673 1.8005980463439153 0.59825800329446799 -0.06031744210439885 4.1150752910347874 4.3140699793080817 0.95984157990841634 3.2525502914606137 -1.1910203057527544 -1.4139490371605135 -0.83646983516216289 -4.2610037372536862 2.7286341643333438 3.0494807871058587
leaf_weight=43 58 40 123 191 50 54 48 54 78 42 65 194 40 52 41 46 43 158 60 167 86 61 84 43 40 53 50 73 290 160
leaf_count=43 58 40 123 191 50 54 48 54 78 42 65 194 40 52 41 46 43 158 60 167 86 61 84 43 40 53 50 73 290 160
internal_value=-0.0152749 1.02256 -1.19754 1.902 -5.32467 2.05131 -5.87695 -0.470857 -4.25205 2.33102 1.62668 -6.37227 -0.811858 -1.39965 -0.922648 2.75749 0.165429 1.88493 2.13838 0.423695 3.0282 2.88802 2.66726 1.73611 -2.54842 -0.0730522 0.623688 -5.10068 3.00417 2.42897
internal_weight=2587 2164 614 1550 423 1507 373 496 118 1286 485 315 442 276 236 801 166 443 378 221 610 564 478 127 81 155 102 121 351 318
internal_count=2587 2164 614 1550 423 1507 373 496 118 1286 485 315 442 276 236 801 166 443 378 221 610 564 478 127 81 155 102 121 351 318
cat_boundaries=0 1 2 3
cat_threshold=2 1 2
is_linear=0
shrinkage=0.05


Tree=26
num_leaves=31
num_cat=2
split_feature=37 13 35 18 20 21 6 27 34 11 43 48 37 27 44 14 37 15 10 20 45 10 35 18 11 21 19 10 34 37
split_gain=5.26921e+06 1.45599e+06 514855 496538 448410 254114 213220 193368 173441 139092 115461 113317 151370 157519 92319.1 124866 91255.5 115834 87333 84615.5 61913.2 44055.5 43337 42616.1 41391.4 56466 41091.2 38803.7 94420.3 37556.3
threshold=160.47050000000004 -47.61500000000003 614.10000000000014 0.61028401323159265 -18.629868531416946 -20.378904698140158 0.70479456344599678 0 338.62500000000006 942.72108843537433 146.24920000000006 151.10560000000004 16.830000000000002 1 -178.38999999999999 88.100000000000037 30.160000000000004 -166.99999999999997 202.43900000000002 -17.453059738825004 18.550000000000072 66.430500000000009 1655.4800000000002 0.91186111330794928 5650.6235827664414 -24.961035427149852 0.41985951468710087 98.812500000000014 234.58500000000001 72.820000000000007
decision_type=2 2 2 2 2 2 2 1 2 2 2 2 2 1 2 2 2 2 2 2 2 2 2 2 2 2 2 2 2 2
left_child=1 3 10 -1 6 16 9 -4 -8 -2 -3 12 13 -9 -7 -16 -5 18 22 20 21 -14 27 26 25 -19 -11 29 -29 -18
right_child=4 2 7 5 -6 14 8 11 -10 23 -12 -13 19 -15 15 -17 17 24 -20 -21 -22 -23 -24 -25 -26 -27 -28 28 -30 -31
leaf_value=-3.497812690291294 -4.3871762912381778 -1.5879412722587585 2.1951242331302527 4.2653595366567938 -0.10010938877012672 -1.7352596211433413 -1.7453130501287957 2.1235277468158351 -5.5533725311507043 -5.6315959617273137 -4.8004382410357076 1.350307356579262 -4.4491865288127554 -1.3146419793056945 2.2076281831158622 -0.29986709407888928 2.2661752730243738 0.077373371007726399 0.60285812387099635 -0.48530168284972508 -1.0980022750338729 -2.31781095393278 2.8462178328188887 -8.0280286080496648 2.4883407757032749 1.951532880819979 -7.3893616936423561 0.048370017819979697 2.3914892467719908 3.7689350240370807
leaf_weight=43 66 40 66 53 41 40 54 62 67 67 93 57 44 72 95 104 225 111 65 75 49 54 456 70 43 63 66 64 131 51
leaf_count=43 66 40 66 53 41 40 54 62 67 67 93 57 44 72 95 104 225 111 65 75 49 54 456 70 43 63 66 64 131 51
internal_value=-0.0271839 0.981741 -1.08208 1.79978 -5.07415 1.95155 -5.59706 -0.317903 -3.85391 -6.38115 -3.83427 -0.719501 -1.0509 0.276153 0.456603 0.897178 2.23466 2.14564 2.37454 -1.85192 -2.54917 -3.27476 2.49877 -7.02944 1.09923 0.755948 -6.50387 2.16239 1.62247 2.54386
internal_weight=2587 2156 612 1544 431 1501 390 479 121 269 133 413 356 134 239 199 1262 1209 992 222 147 98 927 203 217 174 133 471 195 276
internal_count=2587 2156 612 1544 431 1501 390 479 121 269 133 413 356 134 239 199 1262 1209 992 222 147 98 927 203 217 174 133 471 195 276
cat_boundaries=0 1 2
cat_threshold=4 1
is_linear=0
shrinkage=0.05


Tree=27
num_leaves=31
num_cat=3
split_feature=43 18 20 43 15 3 20 12 20 36 10 38 35 20 15 29 10 21 33 11 33 10 6 45 13 34 10 20 29 34
split_gain=4.55864e+06 1.51612e+06 629675 594070 675969 268194 205546 125340 137617 120622 106903 91677.5 89899 86077 98215.1 84304.7 175443 105637 83701.9 77276.9 69876.9 47382.5 46194.9 43746.6 83926.8 41142.1 77194.1 38176.6 37472.4 34138.1
threshold=146.24920000000006 0.44382582982731228 -21.657079512197601 1.4850000000000139 -255.77999999999994 0 -23.644252489564085 600.00000000000011 -17.297825119836052 186.94000000000003 178.19450000000003 334.80000000000007 1911.5850000000003 -16.352373056169217 -1.0000000180025095e-35 1 164.99250000000004 -45.357325977780981 1359.2450000000001 979.71655328798204 252.34500000000003 143.31100000000001 0.76247050300033814 43.91690000000002 -43.209999999999916 248.95000000000002 110.557 -34.439848386370365 2 277.67500000000001
decision_type=2 2 2 2 2 9 2 2 2 2 2 2 2 2 2 1 2 2 2 2 2 2 2 2 2 2 2 2 1 2
left_child=1 12 9 4 -3 10 -7 8 -4 11 20 -2 -1 14 -8 17 18 -6 25 28 -5 -16 -19 24 -22 26 -17 -21 -11 -26
right_child=2 3 7 5 15 6 13 -9 -10 19 -12 -13 -14 -15 21 16 -18 22 -20 27 23 -23 -24 -25 29 -27 -28 -29 -30 -31
leaf_value=-3.2607038621107742 -4.991883498547125 -4.362261353469477 -4.3264128981696235 2.5894452932269076 4.1759899406500578 -3.5922945094487027 0.57712552800570449 0.92447409096152278 -0.47765871422986195 -3.9305464841881581 3.4674067068099976 -2.2826052300797568 -6.0867092042599085 1.74785426735878 -0.95952338441725704 1.7652966831830832 -0.3423227848944726 0.96753379870544787 2.5792549597818084 -7.9045716305996514 0.8917197702358739 -3.166783038377762 2.7533872194588187 1.8967606203896659 -2.0943590081361836 2.8005747953599154 -0.12224225225356909 -6.1464091322157124 -5.9658258483523419 -0.077834638189978711
leaf_weight=60 102 41 45 43 106 63 73 43 48 49 40 45 53 40 62 325 77 55 508 47 139 40 106 42 43 66 65 90 42 41
leaf_count=60 102 41 45 43 106 63 73 43 48 49 40 45 53 40 62 325 77 55 508 47 139 40 106 42 43 66 65 90 42 41
internal_value=0.0105897 1.04652 -4.22232 1.36879 1.95952 0.0958063 -1.04317 -1.30782 -2.33996 -5.27931 1.00672 -4.16251 -4.58618 -0.344732 -0.823038 2.15768 1.95439 2.95029 2.13784 -5.99936 0.719839 -1.82512 2.14331 0.416469 0.13767 1.64608 1.45071 -6.74957 -4.86991 -1.1101
internal_weight=2599 2088 511 1975 1349 626 278 136 93 375 348 147 113 215 175 1308 1041 267 964 228 308 102 161 265 223 456 390 137 91 84
internal_count=2599 2088 511 1975 1349 626 278 136 93 375 348 147 113 215 175 1308 1041 267 964 228 308 102 161 265 223 456 390 137 91 84
cat_boundaries=0 1 2 3
cat_threshold=38 1 4
is_linear=0
shrinkage=0.05


Tree=28
num_leaves=31
num_cat=3
split_feature=37 13 18 35 43 29 14 37 10 10 25 11 33 13 45 6 34 13 39 10 37 27 10 10 33 47 35 10 6 11
split_gain=4.1746e+06 1.23149e+06 453251 333795 251666 558742 191388 185562 180214 135616 204015 114416 112956 107272 95748.5 119022 89883 89342.2 81671.4 78603.8 73179.8 72434.7 64118.6 62970.6 60633.4 56830.8 54286.2 50784.4 50392.8 49449.7
threshold=160.47050000000004 -47.61500000000003 0.61028401323159265 614.10000000000014 188.66600000000003 0 6.74000000000001 128.59400000000002 88.989500000000007 108.242 1 979.71655328798204 1315.7 5.9949999999999628 41.206000000000024 0.99642990846450974 296.5800000000001 -129.28 141.61700000000005 22.558500000000006 77.985000000000014 2 420.60700000000008 88.989500000000007 334.88000000000005 23.899999999999999 1629.2500000000002 117.42700000000001 0.81731099916989713 5624.4671201814062
decision_type=2 2 2 2 2 1 2 2 2 2 9 2 2 2 2 2 2 2 2 2 2 1 2 2 2 2 2 2 2 2
left_child=1 2 -1 7 5 22 9 -3 14 19 12 -6 -11 18 15 16 25 -12 -10 -4 23 -16 -2 26 -8 -5 -21 -14 -19 -26
right_child=4 3 6 8 11 -7 24 -9 13 10 17 -13 27 -15 21 -17 -18 28 -20 20 -22 -23 -24 -25 29 -27 -28 -29 -30 -31
leaf_value=-3.4975783441747939 -3.1409785603368006 -0.55525128085438802 4.55588397026062 1.2764619385323874 -4.2823824043931635 2.15780787229538 1.906501224644336 -4.642910825374515 -1.6097891342349169 -2.3557627988898235 2.5154975172996523 -6.3675012575952632 1.7839057932094651 3.1873208788037299 1.3697273695910419 -3.97357787020663 -2.5615252530764021 -0.50180451379881974 1.1655200848778089 1.9397910669623386 3.5897347115455789 -1.2200434848390245 -5.5627773996988941 1.3989606056036212 -0.54610835940349767 -1.2130254094417279 3.0325780997529699 -0.5166016499412821 1.8271909832333524 1.4698335632681847
leaf_weight=42 43 41 40 41 116 40 51 86 41 46 250 152 49 40 54 47 63 45 75 252 94 54 75 217 127 52 207 47 48 40
leaf_count=42 43 41 40 41 116 40 51 86 41 46 250 152 49 40 54 47 63 45 75 252 94 54 75 217 127 52 207 47 48 40
internal_value=-0.0101621 0.886183 1.62595 -1.05041 -4.53187 -2.9491 1.76818 -3.32327 -0.432309 1.9989 1.33766 -5.46499 -0.297592 0.954522 -1.12795 -1.76787 -1.10332 1.966 0.184592 2.39483 2.28257 0.0748419 -4.68026 2.10081 0.397565 -0.115509 2.43262 0.657616 0.700258 -0.063248
internal_weight=2575 2149 1555 594 426 158 1513 127 467 1295 485 268 142 156 311 203 156 343 116 810 770 108 118 676 218 93 459 96 93 167
internal_count=2575 2149 1555 594 426 158 1513 127 467 1295 485 268 142 156 311 203 156 343 116 810 770 108 118 676 218 93 459 96 93 167
cat_boundaries=0 1 2 3
cat_threshold=2 12 1
is_linear=0
shrinkage=0.05


Tree=29
num_leaves=31
num_cat=4
split_feature=37 20 3 6 37 18 20 6 21 27 37 37 29 13 10 18 13 35 29 21 21 18 18 21 21 43 20 18 6 44
split_gain=3.7995e+06 1.69435e+06 451555 417581 313122 262330 147290 167834 153259 131882 129246 102218 94973.2 85222.6 79374.8 65482.7 56356.2 56203.2 55837.8 94603.5 83327.2 75871.5 55107.3 46216.2 46142.8 43108.5 35518.4 61796.6 32748.9 32134.9
threshold=122.47350000000002 -28.252879639688032 0 0.97295041726478038 158.59000000000003 0.76228396741498849 -16.886528765775292 0.66160349128737628 -23.602918579815327 1 153.88500000000002 189.29900000000001 2 49.82500000000001 88.989500000000007 0.9247841577655016 -38.284999999999989 1647.1950000000002 3 -50.576650314541858 -34.868652082757691 0.85572069338894796 0.90336458361422878 -17.503948059458839 -34.545686808593523 64.376500000000007 -22.580804171477013 0.88513509081947284 0.61236551355575453 -162.85499999999999
decision_type=2 2 9 2 2 2 2 2 2 1 2 2 1 2 2 2 2 2 1 2 2 2 2 2 2 2 2 2 2 2
left_child=3 11 4 6 14 -5 7 8 -1 -4 23 12 22 24 -3 16 -7 18 20 -20 -9 -21 -2 -11 -14 -12 -19 29 -13 -28
right_child=1 2 9 5 -6 15 -8 17 -10 10 25 28 13 -15 -16 -17 -18 26 19 21 -22 -23 -24 -25 -26 -27 27 -29 -30 -31
leaf_value=-1.4560738572117056 -4.4692903347236594 -2.6082969713423934 3.4074936571328536 -3.3875870253358573 -4.9092511342919396 1.0078781852764744 -0.51792807299643762 3.4071250626184408 2.3280547123485142 -1.5356551406988457 3.0441314983367924 -6.7503903616042367 -1.5282400312288753 -4.7998976416058019 -0.39409901437234796 1.6624008876045009 -1.0825094581434602 2.8136894639616044 -0.35296268397468633 3.3142541878363669 0.76469066611358105 1.4907392072812313 -6.46216646830241 0.50953204764964732 -3.6246532696944018 0.91788707961470406 1.7812439537607134 2.6702708424321866 -5.1038337411551638 -0.025326860398054124
leaf_weight=66 97 56 46 56 69 56 64 103 45 67 40 63 53 72 146 74 76 323 59 68 42 354 54 47 52 59 64 151 58 40
leaf_count=66 97 56 46 56 69 56 64 103 45 67 40 63 53 72 146 74 76 323 59 68 42 354 54 47 52 59 64 151 58 40
internal_value=0.00605733 -2.4591 -0.54456 1.47674 -1.93004 -0.353117 1.8244 1.9384 0.0780323 0.943213 0.455304 -4.71903 -4.26082 -3.47498 -1.00794 0.471787 -0.195678 2.10991 1.78166 1.52238 2.64173 1.78458 -5.18197 -0.692464 -2.56646 1.77698 2.46543 2.0243 -5.96113 1.08641
internal_weight=2620 979 530 1641 271 262 1379 1315 111 259 213 449 328 177 202 206 132 1204 626 481 145 422 151 114 105 99 578 255 121 104
internal_count=2620 979 530 1641 271 262 1379 1315 111 259 213 449 328 177 202 206 132 1204 626 481 145 422 151 114 105 99 578 255 121 104
cat_boundaries=0 1 2 3 4
cat_threshold=96 4 2 1
is_linear=0
shrinkage=0.05


Tree=30
num_leaves=31
num_cat=1
split_feature=37 13 35 6 21 37 12 35 43 37 35 21 37 21 34 12 23 34 27 10 34 21 37 6 6 33 34 10 15 12
split_gain=3.33218e+06 1.03281e+06 379256 279044 239048 155643 383310 149342 135560 134931 97371.8 98368.9 93741.2 77520.7 76041.8 69042.9 67319.3 65880 75085.1 63198.2 56900.3 55785.3 49306.5 35948.9 48282.9 31006.8 57424.8 65996.6 33027.9 41382.9
threshold=161.42000000000004 -47.61500000000003 614.10000000000014 0.74080130006294109 -44.951028070606803 176.68000000000004 395.00000000000006 2164.6400000000008 6.1465000000000609 128.59400000000002 1070.7000000000003 -17.209134346755608 26.760000000000002 -20.378904698140158 168.99500000000003 1025.0000000000002 0.41985951468710087 264.18000000000006 0 4.5370000000000008 296.5800000000001 -34.000696128160776 140.59300000000002 0.70093814041861868 0.62647469443187231 1402.9450000000004 234.58500000000001 98.812500000000014 -188.66999999999993 2915.0000000000005
decision_type=2 2 2 2 2 2 2 2 2 2 2 2 2 2 2 2 2 2 1 2 2 2 2 2 2 2 2 2 2 2
left_child=1 3 9 4 -1 6 21 8 -4 -3 11 20 -5 14 -14 23 -7 19 -19 -16 -10 -2 -22 24 -6 26 27 -21 -27 -30
right_child=5 2 7 12 15 16 -8 -9 10 -11 -12 -13 13 -15 17 -17 -18 18 -20 25 22 -23 -24 -25 -26 28 -28 -29 29 -31
leaf_value=-3.2299720281904394 -3.4502253600020909 -0.75262084821375408 -2.924930971198612 4.1617301010504004 0.82548957586288452 -4.6189629289168348 1.0214839072454545 2.2303617711899419 -0.44905435888073114 -4.1349492036728632 0.91979926687873093 0.75951666825673958 -0.20117110664194282 0.17421387046575548 0.1788014883911887 2.5926049046573185 -6.6234032614189289 -0.40518062769389546 2.2871522904766932 1.9521048667654395 -3.3271854999018653 -5.5062229684682995 -1.0696014629757922 1.5672698921627468 -0.67275950007214413 1.7396005153656007 2.7364439189049508 0.45132166321340361 3.3481454721233193 2.003977923239431
leaf_weight=44 67 41 54 41 115 158 42 53 79 105 121 71 44 75 43 42 57 61 45 320 51 65 46 54 101 97 155 95 149 93
leaf_count=44 67 41 54 41 115 158 42 53 79 105 121 71 44 75 43 42 57 61 45 320 51 65 46 54 101 97 155 95 149 93
internal_value=0.0144755 0.770343 -0.956371 1.45159 0.220185 -4.25064 -3.13889 -0.271324 -0.585517 -3.18512 -0.242234 -0.811489 1.81151 1.72964 1.8355 0.706745 -5.15037 1.92021 0.737791 2.05186 -1.44525 -4.46265 -2.25658 0.41339 0.124919 2.14047 1.91526 1.60855 2.51913 2.83159
internal_weight=2584 2195 621 1574 356 389 174 475 422 146 368 247 1218 1177 1102 312 215 1058 106 952 176 132 97 270 216 909 570 415 339 242
internal_count=2584 2195 621 1574 356 389 174 475 422 146 368 247 1218 1177 1102 312 215 1058 106 952 176 132 97 270 216 909 570 415 339 242
cat_boundaries=0 1
cat_threshold=2
is_linear=0
shrinkage=0.05


Tree=31
num_leaves=31
num_cat=2
split_feature=37 20 6 3 20 18 20 6 37 10 37 47 37 18 37 35 37 34 35 2 43 6 20 10 18 19 6 20 18 36
split_gain=3.19552e+06 1.40431e+06 356594 323387 297301 165246 136966 118294 114901 111827 82839 80595.1 75295.7 72494.9 89966.8 57361.1 52580 62718.3 59137.7 54890.3 49941.3 47744 46793.1 47825.7 44096.7 45454 36231.1 29927.1 38786.8 29332.6
threshold=122.47350000000002 -28.252879639688032 0.97295041726478038 0 -17.297825119836052 0.74778608041769845 -16.886528765775292 0.66160349128737628 151.48500000000004 185.12850000000003 165.01400000000004 27.399999999999999 189.29900000000001 0.9247841577655016 19.290000000000003 1647.1950000000002 102.88500000000001 234.58500000000001 277.04500000000002 1 152.98730000000003 0.7560669024331812 -25.896487167102418 70.105000000000004 0.91186111330794928 0.19999999999999998 0.49124535891336357 -22.492484516326083 0.88513509081947284 171.42160000000004
decision_type=2 2 2 9 2 2 2 2 2 2 2 2 2 2 2 2 2 2 2 9 2 2 2 2 2 2 2 2 2 2
left_child=2 12 6 4 10 -4 7 11 21 -10 20 -1 24 14 -7 16 17 18 -9 -19 -3 -5 -20 -24 26 -26 -2 -17 -29 -6
right_child=1 3 5 8 29 13 -8 15 9 -11 -12 -13 -14 -15 -16 27 -18 19 22 -21 -22 -23 23 -25 25 -27 -28 28 -30 -31
leaf_value=1.2631867049261929 -4.726689900849995 -1.3863446674346926 -2.820980134999977 -1.282291174741065 0.43240617825524502 -1.4820661044493317 -0.47402846309500685 2.9495780535957272 0.7536797474045307 3.8919010292400014 -4.9824761085510261 -1.597834514901042 -5.4656560529179936 1.5638645338045585 1.0222742890394652 2.5831317371165259 0.29818174873079573 1.3035583638130352 0.034673605245702406 3.4157989180489872 -3.7250977724790575 0.68018702486204718 2.5338780604302884 1.1045379619199545 -3.8073027615036281 -6.1335005714779811 -3.2742286295983298 1.0678955504376637 2.3694671554697884 -1.1867893809080126
leaf_weight=64 57 50 53 61 93 80 71 57 80 44 50 40 119 74 65 338 70 47 68 89 42 63 80 218 42 42 174 95 144 40
leaf_count=64 57 50 53 61 93 80 71 57 80 44 50 40 119 74 65 338 70 47 68 89 42 63 80 218 42 42 174 95 144 40
internal_value=0.00774158 -2.29158 1.33893 -0.546812 -1.69176 -0.315821 1.66485 1.78077 0.760349 1.86724 -3.34433 0.162794 -4.39416 0.29045 -0.359431 1.9203 1.59003 1.7518 1.4515 2.68583 -2.45404 -0.285226 1.21819 1.48825 -3.98937 -4.9704 -3.63263 2.28033 1.85211 -0.0545699
internal_weight=2610 957 1653 523 275 272 1381 1310 248 124 142 104 434 219 145 1206 629 559 423 136 92 124 366 298 315 84 231 577 239 133
internal_count=2610 957 1653 523 275 272 1381 1310 248 124 142 104 434 219 145 1206 629 559 423 136 92 124 366 298 315 84 231 577 239 133
cat_boundaries=0 1 2
cat_threshold=96 4
is_linear=0
shrinkage=0.05


Tree=32
num_leaves=31
num_cat=5
split_feature=37 13 35 6 20 20 6 34 10 45 13 29 33 10 25 34 10 13 44 11 6 27 13 15 21 11 15 29 10 31
split_gain=2.70151e+06 861139 296212 227895 232562 181301 180682 171771 119140 99356.1 85009.2 78280.2 75144.4 64548.6 149236 97859.6 90546.2 73726.5 72404.1 61783.4 62013.3 59680.6 57340.9 54454 42743.8 42165.5 35197.9 40647.1 35212 34800.2
threshold=161.42000000000004 -40.329999999999991 719.83000000000015 0.73825887493523312 -33.480679772549749 -27.551784519325981 0.76628821836989502 349.16500000000002 88.989500000000007 11.205300000000024 -9.7600000000000158 0 908.78000000000009 108.242 1 234.19500000000002 4.2945000000000002 -129.28 -159.77000000000018 942.72108843537433 0.70479456344599678 2 -85.524999999999935 -188.55999999999992 -24.732684761078374 5650.6235827664414 -44.999999999999993 3 70.708000000000013 4
decision_type=2 2 2 2 2 2 2 2 2 2 2 1 2 2 9 2 2 2 2 2 2 1 2 2 2 2 2 1 2 1
left_child=1 3 6 4 -1 19 -3 -7 9 11 -10 -4 -11 15 17 16 -5 23 -16 -2 -21 -18 24 -15 -6 -14 27 -23 -29 -19
right_child=5 2 8 13 22 7 -8 -9 10 12 -12 -13 25 14 18 -17 21 29 -20 20 -22 26 -24 -25 -26 -27 -28 28 -30 -31
leaf_value=-3.0847942198100302 -2.8562610983848575 -3.9412668011806633 -0.12774291387418421 -0.54741400068714507 0.12194642279360256 0.352481339375178 -0.53723411897166828 -4.0543553747781891 -0.47329133898019793 -1.8880460584163665 2.3908745379675005 -2.8513044796279963 1.2333697693786403 1.2579910304639248 -1.5861224209676026 3.390684490301171 2.5881987007654974 1.6380157099829782 0.79484918457803444 -5.0534190733802511 -3.3434197493501614 2.7967523310333493 -0.061814892871657035 2.9358406037550711 1.7264593596543585 -0.62525913886567386 0.50633845840181624 2.2304826545715333 1.111703215420526 -0.27858538711071018
leaf_weight=46 66 108 41 42 59 48 61 41 44 40 63 74 87 77 61 98 192 45 67 187 74 72 143 130 140 47 70 105 213 50
leaf_count=46 66 108 41 42 59 48 61 41 44 40 63 74 87 77 61 98 192 45 67 187 74 72 143 130 140 47 70 105 213 50
internal_value=0.0132408 0.719325 -0.96012 1.3087 0.252987 -3.67843 -2.71259 -1.67763 -0.212221 -0.73993 1.21309 -1.8803 0.0137595 1.6439 1.15072 1.91166 1.7028 1.72534 -0.315207 -4.22298 -4.56859 1.84776 0.701929 2.31171 1.25075 0.581463 1.5387 1.724 1.48111 0.629278
internal_weight=2591 2175 565 1610 388 416 169 89 396 289 107 115 174 1222 430 792 694 302 128 327 261 652 342 207 199 134 460 390 318 95
internal_count=2591 2175 565 1610 388 416 169 89 396 289 107 115 174 1222 430 792 694 302 128 327 261 652 342 207 199 134 460 390 318 95
cat_boundaries=0 1 2 3 4 5
cat_threshold=2 98 2 1 4
is_linear=0
shrinkage=0.05


Tree=33
num_leaves=31
num_cat=2
split_feature=37 20 6 28 37 18 14 20 14 20 34 37 20 37 18 12 11 19 18 10 41 29 18 10 18 11 18 37 34 41
split_gain=2.47255e+06 1.13622e+06 306150 285730 238598 160031 122989 111504 106691 103564 92289.9 80173.8 70231.8 67365.6 82056.7 54450.5 53649.1 80256 53121.6 52625.5 64429.4 48323.1 47466.5 37830.4 34980 34873.9 33995.8 29793.9 29630.2 29403
threshold=122.47350000000002 -28.252879639688032 0.97295041726478038 0 158.59000000000003 0.72302428164393795 133.20000000000002 -24.25552523795179 4.5600000000000032 -16.300010269708228 184.17000000000004 151.48500000000004 -17.297825119836052 19.290000000000003 0.9247841577655016 985.00000000000011 962.1315192743765 0.41985951468710087 0.91817335155444024 98.602500000000006 0.73832506053977276 1 0.81581880599086887 145.67050000000003 0.88697397981566151 1117.3356009070296 0.92874893836417416 77.985000000000014 246.36000000000004 0.85912902101935962
decision_type=2 2 2 1 2 2 2 2 2 2 2 2 2 2 2 2 2 2 2 2 2 1 2 2 2 2 2 2 2 2
left_child=2 16 6 4 12 -4 8 -5 9 10 15 18 29 14 -7 -1 21 24 -9 22 -21 -2 -12 28 -18 -14 -13 -24 -22 -3
right_child=1 3 5 7 -6 13 -8 11 -10 -11 19 26 25 -15 -16 -17 17 -19 -20 20 23 -23 27 -25 -26 -27 -28 -29 -30 -31
leaf_value=1.2983396208286286 -2.1826959844206422 -2.7945016032457355 -2.9412553738574592 3.1886278880805508 -3.9932021501901986 -1.4180238989093121 -0.42561562634721589 -1.5461745888926091 3.4114810664932449 -0.94706669639618635 3.1212419839132401 2.3410151631302307 -0.56635421749204395 1.4223116325704677 1.0398499364392799 -1.2646425748980323 -3.3106888811717661 -5.6866474528061719 0.75907708944343943 0.37695670895222011 1.565896502483868 -3.8443928312837032 1.7115740109526592 0.67226484272724552 -4.8574969160790538 1.173545733458466 0.55877556200280343 2.9853125777899052 2.6124066734462978 -0.88909985321324059
leaf_weight=40 71 40 49 41 74 84 79 64 77 42 84 45 80 76 57 43 129 76 41 132 209 114 460 78 51 45 66 51 100 41
leaf_count=40 71 40 49 41 74 84 79 64 77 42 84 45 80 76 57 43 129 76 41 132 209 114 460 78 51 45 66 51 100 41
internal_value=0.0197441 -1.97478 1.19412 -0.43036 -1.50424 -0.360407 1.49054 0.768261 1.60557 1.49334 1.57897 0.344407 -0.683165 0.222365 -0.424415 -0.0294704 -3.85539 -4.3242 -0.646029 1.6988 1.33084 -3.20666 2.01976 1.6562 -3.74895 0.0600098 1.28131 1.8387 1.90457 -1.83004
internal_weight=2639 978 1661 537 280 266 1395 257 1316 1239 1197 216 206 217 141 83 441 256 105 1114 519 185 595 387 180 125 111 511 309 81
internal_count=2639 978 1661 537 280 266 1395 257 1316 1239 1197 216 206 217 141 83 441 256 105 1114 519 185 595 387 180 125 111 511 309 81
cat_boundaries=0 1 2
cat_threshold=12 4
is_linear=0
shrinkage=0.05


Tree=34
num_leaves=31
num_cat=5
split_feature=37 20 3 6 37 18 45 20 34 27 37 6 21 37 29 13 12 35 35 13 34 29 18 21 21 6 18 27 15 20
split_gain=2.15665e+06 1.00093e+06 316226 274824 224931 134673 126113 101565 89606.3 85197.6 88581.6 70384.6 86231.2 53023.5 58019.3 65591.4 52318.5 52042.2 47765.6 77284.8 56583.3 45865.9 39555.8 37966 37347.1 35811.1 33890.7 33761.7 68375 30011.9
threshold=122.47350000000002 -28.252879639688032 0 0.97295041726478038 158.59000000000003 0.87562129152740176 16.0855 -16.886528765775292 299.12500000000006 1 153.88500000000002 0.66160349128737628 -23.602918579815327 189.29900000000001 2 48.660000000000011 375.00000000000006 1655.4800000000002 277.04500000000002 -40.329999999999991 234.58500000000001 3 0.90336458361422878 -17.503948059458839 -34.545686808593523 0.76032559393496235 0.94847506824298355 4 45.755000000000003 -22.580804171477013
decision_type=2 2 9 2 2 2 2 2 2 1 2 2 2 2 1 2 2 2 2 2 2 1 2 2 2 2 2 1 2 2
left_child=3 13 4 7 8 6 -5 11 -3 -4 23 12 -1 14 22 24 -10 18 -13 20 21 -20 -2 -11 -16 -22 -23 -7 -29 -19
right_child=1 2 9 5 -6 27 -8 -9 16 10 -12 17 -14 -15 15 -17 -18 29 19 -21 25 26 -24 -25 -26 -27 -28 28 -30 -31
leaf_value=-0.88750926393155882 -3.4108637391906429 -2.8085461389450801 2.9858654237928848 -3.9137092989683158 -3.9983142973671502 1.8696239726990465 -0.44520530065423564 -0.55308867096900938 -1.8048693792894484 -1.2825027932723365 1.5619349894862549 2.6592776921288723 1.9788618593053386 -4.5464688510225528 -0.65613759876716715 -3.6818406497730929 0.2667843178729527 2.2750684154816927 2.1729083394631745 -0.66597769867699108 1.2373258214208145 0.4310798567491923 -5.0992841614617248 0.67238566879092199 -2.6786095352172854 2.6436920534889654 1.8212775071461995 -0.92784451443341487 1.5712698352580168 1.540627570723395
leaf_weight=65 97 42 42 40 71 40 76 64 40 63 102 58 44 114 42 85 128 312 64 53 79 233 54 41 50 106 54 62 49 251
leaf_count=65 97 42 42 40 71 40 76 64 40 63 102 58 44 114 42 85 128 312 64 53 79 233 54 41 50 106 54 62 49 251
internal_value=0.00831702 -1.86133 -0.393935 1.10857 -1.51163 -0.360049 -1.64124 1.3921 -0.742882 0.897263 0.514988 1.48649 0.269558 -3.61755 -3.29469 -2.68048 -0.226467 1.59611 1.29023 1.15542 1.33552 0.962555 -4.01467 -0.511826 -1.75531 2.04314 0.69265 0.624178 0.175368 1.94764
internal_weight=2621 971 529 1650 281 267 116 1383 210 248 206 1319 109 442 328 177 168 1210 647 589 536 351 151 104 92 185 287 151 111 563
internal_count=2621 971 529 1650 281 267 116 1383 210 248 206 1319 109 442 328 177 168 1210 647 589 536 351 151 104 92 185 287 151 111 563
cat_boundaries=0 1 2 3 4 5
cat_threshold=96 4 2 1 1
is_linear=0
shrinkage=0.05


Tree=35
num_leaves=31
num_cat=4
split_feature=14 18 3 36 34 6 21 12 45 6 11 29 34 21 13 34 6 13 14 18 35 34 20 2 29 21 6 18 45 43
split_gain=2.03762e+06 731130 273485 241042 186336 211440 190303 176512 165308 139014 74840.4 74750.6 84087.2 62944.5 58281.1 54525.9 60029.5 63349.9 45755.8 58606.1 42175.1 49369.3 36345.1 35925.8 34814.9 34553.7 31730.1 37101.2 30476 29808.7
threshold=156.80000000000004 0.61028401323159265 0 150.43750000000003 248.95000000000002 0.99264111349296269 -19.338932472782577 1655.0000000000002 16.0855 0.76791862737329042 985.69160997732422 1 219.04500000000004 -20.378904698140158 -86.780000000000015 264.18000000000006 0.74967968529889528 -121.11999999999989 91.200000000000003 0.95466298619036682 1655.4800000000002 234.58500000000001 -33.684475105389737 2 3 -19.722845246157192 0.91314221200023404 0.94517414771584263 11.940600000000005 1.8654000000000226
decision_type=2 2 9 2 2 2 2 2 2 2 2 1 2 2 2 2 2 2 2 2 2 2 2 9 1 2 2 2 2 2
left_child=1 7 11 -2 5 13 14 -1 -7 10 24 12 -3 29 -6 20 17 -17 -8 -20 21 26 -12 -10 -5 -11 27 -13 -9 -4
right_child=3 2 4 9 6 8 18 28 23 25 22 15 -14 -15 -16 16 -18 -19 19 -21 -22 -23 -24 -25 -26 -27 -28 -29 -30 -31
leaf_value=-0.37161737404487755 0.36652837439494979 0.79523195929147983 1.547971178870319 -2.3391917073273962 -3.3762079774287708 -3.2662113493139096 1.7342899210073732 -4.9524822598411928 -0.28862907302448121 -2.5214377765562022 -5.8872541849003284 0.18247208011152408 2.922222302066293 -0.34430843133751943 -1.2361517348016302 2.6756978455043976 -0.76876622471544476 0.096866785910996525 -1.4209262583756224 0.70243660137057307 1.885197006922791 2.0088854125567845 -4.099857913294719 1.5066271742669548 -3.6607277382744687 -0.65235126006106547 1.9660538825582952 1.5740906876784104 -3.1638163965398616 2.960909208031588
leaf_weight=54 51 66 283 79 57 44 44 42 87 51 43 182 157 41 72 42 63 55 53 84 317 112 84 41 135 48 47 65 55 43
leaf_count=54 51 66 283 79 57 44 44 42 87 51 43 182 157 41 72 42 63 55 53 84 317 112 84 41 135 48 47 65 55 43
internal_value=0.013106 0.689356 0.948269 -2.88747 0.259352 0.824167 -0.71433 -2.66279 -0.622397 -3.26464 -3.7435 1.46154 2.29271 1.50212 -2.18176 1.26819 0.432967 1.21347 0.331516 -0.11901 1.45302 1.11558 -4.70504 0.286414 -3.17287 -1.61521 0.775273 0.548688 -3.93829 1.73434
internal_weight=2597 2106 1955 491 849 539 310 151 172 440 341 1106 223 367 129 883 160 97 181 137 723 406 127 128 214 99 294 247 97 326
internal_count=2597 2106 1955 491 849 539 310 151 172 440 341 1106 223 367 129 883 160 97 181 137 723 406 127 128 214 99 294 247 97 326
cat_boundaries=0 1 2 3 4
cat_threshold=11 1 2 4
is_linear=0
shrinkage=0.05


Tree=36
num_leaves=31
num_cat=5
split_feature=14 36 14 18 20 27 38 3 20 35 13 34 19 18 39 11 6 10 29 35 45 39 10 29 20 44 29 34 10 34
split_gain=1.92054e+06 581581 281078 224364 212538 181803 152570 99892.4 98208.1 132038 97264.4 80956.1 83866.2 76632.3 71395.1 71232.6 65074 72707 55344.3 55127 47582.9 46561.6 38955.1 37905.9 36109.8 35702.8 31759.9 36930.7 30465.3 28750.4
threshold=156.80000000000004 209.17800000000003 -1.1599999999999822 0.69228366351417636 -19.581944980057646 0 952.99000000000012 1 -25.022791238773696 768.45500000000004 -15.679999999999998 319.44000000000005 0.37569573283858998 0.90336458361422878 92.716250000000016 1094.0022675736964 0.75873997064343068 164.99250000000004 2 723.49000000000012 9.9189000000000096 143.57950000000002 79.433000000000021 3 -15.882527906977053 -166.14999999999995 4 336.14000000000004 4.2945000000000002 231.86500000000004
decision_type=2 2 2 2 2 1 2 9 2 2 2 2 2 2 2 2 2 2 1 2 2 2 2 1 2 2 1 2 2 2
left_child=1 2 16 5 11 -4 7 10 -9 -10 13 12 -2 -5 -8 26 17 -1 25 -15 -11 28 -20 -14 -21 -18 -13 -28 -16 -30
right_child=4 -3 3 6 -6 -7 14 8 9 20 -12 15 23 19 21 -17 18 -19 22 24 -22 -23 -24 -25 -26 -27 27 -29 29 -31
leaf_value=1.1483114419465126 -1.2051020498846619 -3.5712445464315294 -0.038522829728968006 2.763717691500982 -0.73868874576687815 -4.3492380265225759 -0.74006327937124305 0.97267329285784465 -4.1767820474578121 -1.8512992655568654 -1.0821389723973103 -2.2646889419314711 -4.3555516119356517 1.5801357056893095 0.30800758004188539 -5.2510024625961096 1.7795710107834823 -0.57779168883959453 1.9068074634862602 -1.0324234626576549 0.50345920462433891 2.7414780436969197 1.049068287801352 -2.5631180229553809 0.68798897207760423 3.2888713346208847 -4.8214364171028139 -2.8159928755326704 1.9493414353815901 0.46007764220915059
leaf_weight=327 71 79 51 45 100 47 40 41 41 45 83 47 54 71 69 73 89 75 218 61 41 61 337 65 61 70 48 44 123 44
leaf_count=327 71 79 51 45 100 47 40 41 41 45 83 47 54 71 69 73 89 75 218 61 41 61 337 65 61 70 48 44 123 44
internal_value=-0.0207036 0.638068 0.801075 0.156069 -2.80145 -2.10591 0.424439 -0.139685 -1.09008 -1.84185 0.379846 -3.31458 -2.56508 0.905657 1.243 -3.9863 1.33511 0.826277 1.6216 0.472431 -0.728682 1.51008 1.38598 -3.37649 -0.172217 2.44404 -3.32211 -3.86231 1.1918 1.55696
internal_weight=2621 2119 2040 924 502 98 826 489 168 127 321 402 190 238 337 212 1116 402 714 193 86 297 555 119 122 159 139 92 236 167
internal_count=2621 2119 2040 924 502 98 826 489 168 127 321 402 190 238 337 212 1116 402 714 193 86 297 555 119 122 159 139 92 236 167
cat_boundaries=0 1 2 3 4 5
cat_threshold=1 50 1 2 4
is_linear=0
shrinkage=0.05


Tree=37
num_leaves=31
num_cat=2
split_feature=37 20 28 6 37 35 35 18 37 10 10 21 21 48 15 37 36 13 27 21 13 6 21 21 10 13 21 10 20 6
split_gain=1.71356e+06 782505 233735 211995 158857 98944.3 112950 90920.7 69793.6 80183.3 62971 62510.7 107105 92406.9 49401.3 47911.3 47314.9 44154.3 89349.9 39082.3 35931.5 60274.4 51433.2 35433.3 28891.7 53284.2 70672.5 25420.3 25402.6 35507.3
threshold=122.47350000000002 -28.252879639688032 0 0.97295041726478038 158.59000000000003 1107.8750000000002 277.04500000000002 0.76228396741498849 151.48500000000004 185.12850000000003 88.989500000000007 -19.109590806844039 -34.435544148721256 114.09400000000007 -177.22999999999999 142.46000000000004 220.21780000000004 -38.284999999999989 1 -36.940994362302639 5.9949999999999628 0.70093814041861868 -23.99490756279765 -35.664163210131925 98.602500000000006 -121.11999999999989 -33.719633646871834 145.67050000000003 -21.734277376718854 0.96020740672851534
decision_type=2 2 1 2 2 2 2 2 2 2 2 2 2 2 2 2 2 2 1 2 2 2 2 2 2 2 2 2 2 2
left_child=3 14 4 5 10 6 -1 -5 15 -10 -3 12 -8 -14 -2 -4 19 -9 -19 -16 21 22 -7 -21 28 27 -27 -26 29 -23
right_child=1 2 8 7 -6 20 11 17 9 -11 -12 -13 13 -15 16 -17 -18 18 -20 23 -22 24 -24 -25 25 26 -28 -29 -30 -31
leaf_value=2.4953680112361911 -4.3416027839367208 -2.0840737359277135 0.85358918264056705 -2.0083160912404296 -3.4846703567366668 -1.1963627690076828 0.84329285033761647 1.1659916445612908 0.58739766692969864 3.1438793844106248 -0.12480109464377165 1.5488882935324382 0.059525232126073135 -3.1149372128339916 -1.7000909643513815 -1.0663996751420199 -4.4764946301778163 1.1507714497822303 -1.5561897105830056 -4.3245513742620298 2.9177130644023421 2.2106936715362808 1.3392139448598028 -2.7647184587202931 1.9368728286184762 -0.55247620989273238 1.471430802091465 0.75633957400918017 1.330829029981371 0.63835943573858689
leaf_weight=50 78 58 66 61 69 40 73 74 82 49 140 43 41 52 70 64 45 54 70 44 40 289 40 211 190 82 91 60 230 41
leaf_count=50 78 58 66 61 69 40 73 74 82 49 140 43 41 52 70 64 45 54 70 44 40 289 40 211 190 82 91 60 230 41
internal_value=-0.0058826 -1.66108 -0.356982 0.990709 -1.36748 1.24005 0.360598 -0.320523 0.702229 1.54364 -0.698729 -0.150113 -0.590216 -1.71544 -3.19806 -0.0916361 -2.95699 0.199453 -0.377352 -2.74659 1.44656 1.39121 0.0714256 -3.03387 1.49861 1.18672 0.512122 1.65354 1.7342 2.01534
internal_weight=2597 976 528 1621 267 1362 259 259 261 131 198 209 166 93 448 130 370 198 124 325 1103 1063 80 255 983 423 173 250 560 330
internal_count=2597 976 528 1621 267 1362 259 259 261 131 198 209 166 93 448 130 370 198 124 325 1103 1063 80 255 983 423 173 250 560 330
cat_boundaries=0 1 2
cat_threshold=12 1
is_linear=0
shrinkage=0.05


Tree=38
num_leaves=31
num_cat=2
split_feature=37 13 20 13 10 37 34 33 39 6 27 19 11 6 20 45 37 13 11 37 12 13 39 20 2 21 10 10 15 21
split_gain=1.52142e+06 469827 168849 137078 283187 127321 100767 96907 107599 88354 74605.1 66430.5 51794.9 60278.9 51266.1 46547.5 44853.4 49166.4 55819.8 40800.5 36312.5 34556.8 34442 30688.8 24840.7 36143.5 23827.3 23540.7 37838.4 46089
threshold=160.47050000000004 -47.61500000000003 -24.335296285133033 -91.885000000000034 269.38900000000007 142.46000000000004 248.95000000000002 908.78000000000009 141.61700000000005 0.97295041726478038 0 0.64396028681742978 942.72108843537433 0.70479456344599678 -34.439848386370365 57.424999999999962 26.760000000000002 -66.889999999999972 5624.4671201814062 153.88500000000002 85.000000000000014 -34.340000000000011 133.45425000000003 -16.300010269708228 1 -24.732684761078374 221.58600000000004 98.602500000000006 -182.89499999999995 -50.252373148511566
decision_type=2 2 2 2 2 2 2 2 2 2 1 2 2 2 2 2 2 2 2 2 2 2 2 2 9 2 2 2 2 2
left_child=1 5 6 4 -2 11 9 8 22 -3 -9 15 -5 14 -14 16 -1 24 -19 26 -8 -10 -4 -23 27 -26 -7 -18 29 -29
right_child=3 2 7 12 -6 19 20 10 21 -11 -12 -13 13 -15 -16 -17 17 18 -20 -21 -22 23 -24 -25 25 -27 -28 28 -30 -31
leaf_value=2.9254113441333178 1.9721194426218671 1.1911350926084976 -3.0098224075829112 -2.2030675023794175 -2.8924236270097587 -0.32366292865599622 -3.9261949110031127 -0.25571240342565277 1.4903136589178225 -1.8425992535427214 1.8718400689628389 -0.72602855226267948 -5.7305434138275864 -2.2948479179866039 -3.7092918905718579 0.0038468584834941127 1.711055276450657 -0.97279591577557412 1.4182981180108112 0.60829521803788733 -2.0992986486939826 -1.2548007566436399 -1.1419583870518593 0.67976416000505779 -0.10023979168871176 1.2521092869255737 -1.9044327411055566 -0.71224320821818854 1.7091610950354523 1.0889668260304177
leaf_weight=40 42 42 41 70 104 59 40 76 41 56 90 46 43 52 116 76 420 52 46 71 85 41 62 41 69 174 40 42 206 230
leaf_count=40 42 42 41 70 104 59 40 76 41 56 90 46 43 52 116 76 420 52 46 71 85 41 62 41 69 174 40 42 206 230
internal_value=-0.0060471 0.527182 -0.644378 -2.73588 -1.49303 0.985813 -1.74281 -0.0195059 -0.693265 -0.542427 0.89778 1.14261 -3.38163 -3.77262 -4.25592 1.20605 1.27748 1.22428 0.149554 -0.306379 -2.68391 0.305092 -1.88548 -0.287518 1.31659 0.868109 -0.962358 1.43795 1.19798 0.810839
internal_weight=2613 2186 615 427 146 1571 223 392 226 98 166 1401 281 211 159 1355 1279 1239 98 170 125 123 103 82 1141 243 99 898 478 272
internal_count=2613 2186 615 427 146 1571 223 392 226 98 166 1401 281 211 159 1355 1279 1239 98 170 125 123 103 82 1141 243 99 898 478 272
cat_boundaries=0 1 2
cat_threshold=2 2
is_linear=0
shrinkage=0.05


Tree=39
num_leaves=31
num_cat=4
split_feature=37 20 34 3 27 21 37 14 12 34 34 11 27 34 37 37 21 13 21 39 29 20 13 33 10 10 41 20 21 34
split_gain=1.34322e+06 627815 193657 189942 169594 196134 126444 102628 79627.9 90584.5 71923.3 66383.9 59420.9 59135.3 52335.2 46816.5 52144.6 44120.3 41294.8 40985.8 39603.4 36616.2 36534.4 33304.2 27711.2 28975.4 38375.1 31165.2 26628.9 21356.2
threshold=122.47350000000002 -28.252879639688032 168.99500000000003 0 1 -40.061274470061299 158.59000000000003 133.20000000000002 185.00000000000003 149.08000000000001 285.63500000000005 1873.0952380952381 2 299.12500000000006 153.88500000000002 189.29900000000001 -32.338014242652555 -53.494999999999955 -17.503948059458839 99.984000000000052 3 -17.297825119836052 55.824999999999996 927.78000000000009 4.5370000000000008 98.602500000000006 0.73640830937748336 -21.734277376718854 -35.112217952746335 229.92000000000004
decision_type=2 2 2 9 1 2 2 2 2 2 2 2 1 2 2 2 2 2 2 2 1 2 2 2 2 2 2 2 2 2
left_child=2 15 4 6 8 -6 13 10 -1 23 11 -4 -5 -3 18 16 20 24 -14 -7 -2 -15 28 -10 -13 27 -27 29 -22 -26
right_child=1 3 7 12 5 19 -8 -9 9 -11 -12 17 14 21 -16 -17 -18 -19 -20 -21 22 -23 -24 -25 25 26 -28 -29 -30 -31
leaf_value=2.6310462823306975 -2.9244541201098215 -2.3237328088283542 -0.32432192516499669 2.4284005763918857 -4.3974428296089174 -1.3162353327740794 -3.1400475546029902 -1.1018412078420321 0.13442820459604263 -1.714751799162044 3.2396726044741544 -0.08550194172188641 -1.1572620833894383 -1.2520468325758318 1.2720557563492787 -3.6855033383766811 -3.8868589795868971 2.725062629103661 0.76501249427698104 0.80613937245061007 -0.19587986556495107 0.35256388132391431 -2.9216467025668127 2.017139031705649 1.6548637609842214 0.17758298407782591 1.2169146922560623 1.0719309569114732 -1.8231166263727041 2.7746008545744658
leaf_weight=44 116 40 69 43 42 46 65 48 48 43 44 40 65 53 92 120 58 50 49 45 41 108 43 46 258 114 402 231 65 51
leaf_count=44 116 40 69 43 42 46 65 48 48 43 44 40 65 53 92 120 58 50 49 45 41 108 43 46 258 114 402 231 65 51
internal_value=0.0221876 -1.46213 0.899409 -0.27499 -0.215575 -1.57115 -1.17875 1.16728 0.780512 0.18618 1.25379 1.18187 0.70932 -0.603139 0.384916 -2.84221 -2.52891 1.27256 -0.331021 -0.266709 -2.2317 -0.175662 -1.69238 1.05575 1.2063 1.25523 0.987295 1.51125 -1.19371 1.83967
internal_weight=2579 958 1621 515 314 133 266 1307 181 137 1259 1215 249 201 206 443 323 1146 114 91 265 161 149 94 1096 1056 516 540 106 309
internal_count=2579 958 1621 515 314 133 266 1307 181 137 1259 1215 249 201 206 443 323 1146 114 91 265 161 149 94 1096 1056 516 540 106 309
cat_boundaries=0 1 2 3 4
cat_threshold=96 1 4 2
is_linear=0
shrinkage=0.05


Tree=40
num_leaves=31
num_cat=0
split_feature=37 13 40 37 43 13 35 12 13 37 11 34 34 10 15 19 13 21 37 18 43 37 10 13 35 44 12 10 13 37
split_gain=1.28464e+06 371907 150926 126480 83880 79133.3 78484.7 139552 77120.6 126854 63810.8 58848.1 81890.4 50123.2 67629.5 48253.4 37492.7 45522.2 34339.9 40860.9 34060.6 30170.2 29470.7 28422.1 37344.7 31312.3 40487.2 27980.1 35534.3 27465.5
threshold=160.47050000000004 -40.329999999999991 433.09000000000009 137.70500000000001 9.7350000000000563 1.0000000180025095e-35 1080.2200000000003 415.00000000000006 -5.9999999999998996 174.28850000000003 1094.0022675736964 168.99500000000003 149.08000000000001 98.602500000000006 -244.86499999999998 0.28011204481792723 -121.11999999999989 -33.719633646871834 77.985000000000014 0.84595297741863107 81.53100000000002 143.44000000000003 27.047000000000008 -141.715 2148.8200000000006 -161.3600000000001 1025.0000000000002 231.12050000000002 -66.889999999999972 77.175000000000011
decision_type=2 2 2 2 2 2 2 2 2 2 2 2 2 2 2 2 2 2 2 2 2 2 2 2 2 2 2 2 2 2
left_child=1 3 5 11 -4 -3 7 -6 9 -2 15 12 -1 18 -15 -10 23 -18 19 -13 -8 -7 -9 25 -25 -16 -27 28 -5 -19
right_child=8 2 4 27 6 21 20 22 10 -11 -12 13 -14 14 16 -17 17 29 -20 -21 -22 -23 -24 24 -26 26 -28 -29 -30 -31
leaf_value=1.0460662036106505 0.46229819171130659 -0.54937120843423559 -1.5649584630429745 0.45342205011938508 1.6864545648097993 -3.5156106789906825 0.54295064956174199 -2.535324700488601 -1.5759117416209645 -2.6269377413171311 -4.3359355959990253 2.1780728577442892 -1.8733637111942945 -1.1362342851106513 -0.38728379302246629 -3.2132103814681372 -0.43478214521241443 2.0128993219799467 2.5089801727779331 1.1002654974579869 2.1562716485173614 -1.8732936713202246 -0.8079847411862735 2.2333378836644435 0.74348293239278584 0.084980084873595332 1.858152746300145 -1.3422637457648914 -1.1685226351022722 0.48526312912759534
leaf_weight=58 48 73 75 127 50 54 83 43 72 108 73 106 41 43 43 120 93 45 63 516 54 58 58 113 67 53 82 48 46 85
leaf_count=58 48 73 75 127 50 54 83 43 72 108 73 106 41 43 43 120 93 45 63 516 54 58 58 113 67 53 82 48 46 85
internal_value=-0.0301146 0.458822 -0.66793 0.837864 -0.0755583 -1.83026 0.312306 -0.473903 -2.55842 -1.6764 -3.07764 1.01241 -0.162991 1.10131 0.777139 -2.59922 0.918749 0.409835 1.39661 1.28394 1.17886 -2.66513 -1.54339 1.23575 1.67878 0.787749 1.16202 -0.274191 0.0221535 1.01406
internal_weight=2598 2177 548 1629 363 185 288 151 421 156 265 1408 99 1309 624 192 581 223 685 622 137 112 101 358 180 178 135 221 173 130
internal_count=2598 2177 548 1629 363 185 288 151 421 156 265 1408 99 1309 624 192 581 223 685 622 137 112 101 358 180 178 135 221 173 130
is_linear=0
shrinkage=0.05


Tree=41
num_leaves=31
num_cat=1
split_feature=37 20 6 3 20 37 39 37 20 33 13 21 15 20 44 6 15 6 12 10 18 10 20 21 38 10 10 18 20 12
split_gain=1.10609e+06 502044 167424 145321 127763 117313 90614 74483.8 69341.8 59244.3 70994.1 60901.9 57470.3 51945.7 60210.4 44140.4 42675 36112.9 45479.1 42273.2 35106.9 33581.5 32557.7 37054 26129.9 24686.4 38512.5 24202.9 20036.7 19728
threshold=122.47350000000002 -28.252879639688032 0.98746246358418899 0 -23.644252489564085 158.59000000000003 116.96170000000001 11.390000000000002 -24.25552523795179 1359.2450000000001 -4.71 -50.4251927664885 -239.08499999999995 -16.352373056169217 -152.14500000000007 0.72418638082844444 -177.22999999999999 0.61093435039683586 135.00000000000003 44.251500000000007 0.90634492157511437 88.989500000000007 -17.670855220093859 -45.484303361486162 522.95640000000014 23.797500000000003 70.105000000000004 0.9247841577655016 -25.896487167102418 2915.0000000000005
decision_type=2 2 2 9 2 2 2 2 2 2 2 2 2 2 2 2 2 2 2 2 2 2 2 2 2 2 2 2 2 2
left_child=2 16 7 5 6 15 -4 -1 -5 10 11 -9 -13 14 -10 -3 -2 18 -18 -19 -21 -17 23 -14 -15 -25 -27 -6 -11 -30
right_child=1 3 4 8 27 -7 -8 9 13 28 -12 12 22 24 -16 21 17 19 -20 20 -22 -23 -24 25 -26 26 -28 -29 29 -31
leaf_value=3.0846304777191911 -3.6919323372840882 0.27904067980615715 -3.6405511430331639 2.4198372625169302 -0.13540967245336991 -2.8450689584833304 -0.46042934271196528 -1.0625826449556786 0.47554493546485904 0.27173877961164261 -1.3791207983380271 -0.7872000746885125 1.6614857381582262 0.35922602695812073 -1.8247186880111697 -2.1507328214645387 -2.397545745611191 -0.60791945331626474 -4.311596796777514 -1.8567014862008457 -3.4140621460401093 -0.41531530709730258 2.2287536728138826 -0.48334838134192282 2.0324369943141938 2.0735557275659899 0.60010900453171312 1.2166762322427767 1.5053914187005351 0.79527513488165802
leaf_weight=41 75 95 42 42 71 73 48 44 66 46 42 49 120 56 50 50 100 45 45 119 52 63 49 42 40 51 340 62 463 124
leaf_count=41 75 95 42 42 71 73 48 44 66 46 42 49 120 56 50 50 100 45 45 119 52 63 49 42 40 51 340 62 463 124
internal_value=-0.0107371 -1.34726 0.783489 -0.320907 -0.489614 -1.08207 -1.94449 0.984696 0.542414 0.921851 0.617131 0.737768 0.85945 0.196057 -0.515948 -0.515349 -2.60667 -2.3812 -2.99156 -1.97146 -2.33028 -1.1832 0.99348 0.884025 1.0564 0.668563 0.792298 0.494886 1.27664 1.35538
internal_weight=2605 971 1634 535 223 281 90 1411 254 1370 737 695 651 212 116 208 436 361 145 216 171 113 602 553 96 433 391 133 633 587
internal_count=2605 971 1634 535 223 281 90 1411 254 1370 737 695 651 212 116 208 436 361 145 216 171 113 602 553 96 433 391 133 633 587
cat_boundaries=0 1
cat_threshold=96
is_linear=0
shrinkage=0.05


Tree=42
num_leaves=31
num_cat=3
split_feature=14 18 3 10 27 6 12 38 33 13 15 10 3 34 35 45 20 33 13 6 34 35 21 35 14 18 16 13 34 20
split_gain=1.05572e+06 321219 157180 145182 117680 109943 69224.8 61801.4 98274.9 174193 73160.8 102338 56371.3 96340.2 79747.2 52117 42985.7 41969.6 40684.5 36672.9 35301.3 39942.1 48418.4 38385 37657.6 29750.2 28598.2 38150.2 26230.4 25752.6
threshold=156.80000000000004 0.44382582982731228 0 180.21700000000001 1 0.76791862737329042 135.00000000000003 150.89190000000002 908.78000000000009 -1.0000000180025095e-35 -128.34000000000012 27.670500000000008 2 237.59000000000003 768.45500000000004 17.731799999999989 -17.297825119836052 342.18500000000006 42.995000000000012 0.49124535891336357 342.08500000000004 1668.1400000000001 -50.576650314541858 2633.8400000000006 7.7649999999999872 0.79783246651136575 55.000000000000007 -186.78000000000006 209.55500000000004 -23.227092607174402
decision_type=2 2 9 2 1 2 2 2 2 2 2 2 9 2 2 2 2 2 2 2 2 2 2 2 2 2 2 2 2 2
left_child=1 15 20 7 5 6 19 -4 9 12 -10 -12 17 -14 -15 -1 -7 -9 -8 -2 21 22 -3 26 25 -24 27 -23 -25 -30
right_child=4 2 3 -5 -6 16 18 8 10 -11 11 -13 13 14 -16 -17 -18 -19 -20 -21 -22 23 24 28 -26 -27 -28 -29 29 -31
leaf_value=-3.1388482629242591 -2.9735706458372229 -0.51170328761032524 1.6351460298405418 -2.3259514387164795 0.19298619943506579 -1.7755522882021393 -4.827359892397511 1.5750300474356915 1.2715267048750678 -3.5222987985610965 -2.0318093036611873 0.98356939278104738 1.367901746674282 -3.1950682205813274 -0.48655425991330836 -0.9447202177047731 0.26220757916223175 -0.024810913411697541 -3.0144641284076941 -1.5823639329618593 2.466560700961522 2.649840271472931 2.1749040883667066 1.5744062731731427 -0.077858279047663834 0.92202689683677375 2.4128234240088133 0.84883340269595653 0.94556343967219192 -0.55710613610951798
leaf_weight=59 85 69 79 56 51 65 49 69 234 40 48 68 41 42 77 50 43 101 84 107 42 40 53 73 86 447 101 111 75 46
leaf_count=59 85 69 79 56 51 65 49 69 234 40 48 68 41 42 77 50 43 101 84 107 42 40 53 73 86 447 101 111 75 46
internal_value=0.027062 0.510789 0.654986 0.133551 -2.07875 -2.34632 -2.80561 0.307604 0.161943 -0.406201 0.762552 -0.264174 -0.0284921 -0.679845 -1.4425 -2.13237 -0.964222 0.58984 -3.68237 -2.19826 1.03481 0.989595 0.741088 1.35455 0.888601 1.05483 1.76154 1.32592 0.825887 0.374301
internal_weight=2591 2107 1998 855 484 433 325 799 720 370 350 116 330 160 119 109 108 170 133 192 1143 1101 655 446 586 500 252 151 194 121
internal_count=2591 2107 1998 855 484 433 325 799 720 370 350 116 330 160 119 109 108 170 133 192 1143 1101 655 446 586 500 252 151 194 121
cat_boundaries=0 1 2 3
cat_threshold=11 1 48
is_linear=0
shrinkage=0.05


Tree=43
num_leaves=31
num_cat=1
split_feature=14 18 38 43 20 33 18 45 12 45 11 18 12 21 35 6 20 10 44 27 13 40 6 10 20 18 34 10 21 13
split_gain=940272 324095 161671 100774 95905.2 78966.2 67370.2 55722.5 54707.2 53358.2 50124.8 51284.2 47937.9 44983.9 82748.5 41873.9 41772.6 40158.6 83956.1 45497.2 37949 53736.3 36134 32315.9 30950.9 26607.5 26413.1 27290.1 25964.5 36873.8
threshold=149.30000000000004 0.44382582982731228 970.49625000000015 -1.1700000000000157 -16.677975919563512 97.735000000000014 0.76228396741498849 10.187200000000077 285.00000000000006 24.431300000000032 1087.6417233560094 0.94335648545657824 455.00000000000006 -17.20075780489039 1089.4500000000003 0.49124535891336357 -15.029600877379023 145.67050000000003 -166.51499999999996 0 -89.749999999999986 549.23500000000013 0.7530033225996976 38.247500000000009 -22.580804171477013 0.93273150643261749 243.14500000000001 98.602500000000006 -37.387428401981282 -56.210000000000029
decision_type=2 2 2 2 2 2 2 2 2 2 2 2 2 2 2 2 2 2 2 1 2 2 2 2 2 2 2 2 2 2
left_child=1 7 4 17 9 -5 -7 -1 -8 10 11 15 -12 14 20 -2 -15 24 -19 22 -10 -22 -20 -17 26 28 27 -3 29 -16
right_child=2 3 -4 5 -6 6 8 -9 13 -11 12 -13 -14 16 25 23 -18 18 19 -21 21 -23 -24 -25 -26 -27 -28 -29 -30 -31
leaf_value=-3.5372769661925059 -2.6190941481213823 1.439453683148219 1.1802422808110715 2.3490159481763841 -0.068531923668057312 -1.4082641307371004 -1.2930999478426848 -1.2537120601710152 -1.9239607751369476 -4.031445398996043 -4.3478974617045862 -3.4639077972959393 -2.0525687787267901 2.4051539459127063 -0.021308568971497674 -0.34585109459820079 0.39167963529103683 -1.7735981686413291 1.0471738023757935 1.7730680605944464 0.43703715785010022 -1.4521745306253433 -0.85372078642249116 -1.7012063611997292 0.75491155317045 1.2512585093453528 2.0307798294793993 0.55319123609047949 -0.26328122246358543 1.8468020285367968
leaf_weight=44 76 254 40 40 51 70 55 68 44 43 46 44 45 47 56 67 57 40 50 68 101 60 50 128 454 120 105 132 100 50
leaf_count=44 76 254 40 40 51 70 55 68 44 43 46 44 45 47 56 67 57 40 50 68 101 60 50 128 454 120 105 132 100 50
internal_value=-0.0208951 0.464874 -1.87851 0.614878 -2.12321 0.183694 0.0697299 -2.15083 0.219671 -2.35659 -2.17921 -1.8806 -3.21284 0.350699 0.164455 -1.62353 1.30162 0.914052 0.285083 0.775246 -0.622654 -0.267017 0.0967265 -1.23552 1.05249 0.659416 1.32765 1.13638 0.314654 0.859876
internal_weight=2605 2065 540 1953 500 800 760 112 690 449 406 315 91 635 531 271 104 1153 208 168 205 161 100 195 945 326 491 386 206 106
internal_count=2605 2065 540 1953 500 800 760 112 690 449 406 315 91 635 531 271 104 1153 208 168 205 161 100 195 945 326 491 386 206 106
cat_boundaries=0 1
cat_threshold=2
is_linear=0
shrinkage=0.05


Tree=44
num_leaves=31
num_cat=3
split_feature=14 18 37 3 10 21 34 18 34 21 29 34 12 45 34 37 14 37 34 33 21 13 10 33 34 29 34 15 39 10
split_gain=838816 279783 142088 133356 116400 65009.3 53192.5 81197.5 57460.7 46107 45705.8 49221.9 45122.2 42605.9 40855.9 39355.6 38558.3 36754.8 57386.4 55359.2 54242.1 29454.1 27476.8 27216.8 28545.4 34963.2 25502.5 20496.8 18867 17570.7
threshold=156.80000000000004 0.44382582982731228 124.92000000000002 0 180.21700000000001 -48.068509840015324 237.59000000000003 0.95466298619036682 310.42500000000007 -20.167952758499272 1 224.40000000000003 1515.0000000000002 20.888999999999943 264.18000000000006 153.88500000000002 126.22000000000004 160.47050000000004 312.63000000000005 129.01500000000001 -35.664163210131925 53.899999999999999 -0.89800000000000113 1359.2450000000001 234.58500000000001 2 223.78000000000003 -194.4850000000001 114.70000000000006 164.99250000000004
decision_type=2 2 2 9 2 2 2 2 2 2 1 2 2 2 2 2 2 2 2 2 2 2 2 2 2 1 2 2 2 2
left_child=1 13 -2 10 5 -5 12 8 9 -8 11 -3 22 -1 23 29 -9 18 -4 -19 -21 -22 -7 24 25 26 28 -13 -12 -16
right_child=2 3 17 4 -6 6 7 16 -10 -11 14 27 -14 -15 15 -17 -18 19 -20 20 21 -23 -24 -25 -26 -27 -28 -29 -30 -31
leaf_value=-2.6568148446710484 0.89211256067667688 0.50583095860171634 -2.2291894585939875 -1.4794261394211881 -2.0876189322307193 0.20356748059045437 -0.75313656741175161 1.2311574137922039 0.17441203014055889 -2.9437474745802765 -0.4941353100829009 1.315144039433578 -0.4733413816080429 -0.68740028170652179 0.10527983900714429 0.9409716018786034 -0.23908076747258505 -1.0072588834762575 -0.29734371587120256 -4.2985896501541134 -2.916432518035442 -1.5559011975123038 1.2391437976958743 1.2159228730378344 1.3133569569520231 0.86639179413435086 -1.1988549389269041 2.5079853810762103 1.013664957739058 -1.2286464560490389
leaf_weight=76 42 77 114 52 58 86 58 110 75 41 41 58 64 43 47 72 75 50 58 50 111 62 251 367 106 151 46 95 42 52
leaf_count=76 42 77 114 52 58 86 58 110 75 41 41 58 64 43 47 72 75 50 58 50 111 62 251 367 106 151 46 95 42 52
internal_value=-0.0147108 0.410965 -1.88786 0.549493 0.0754859 0.230923 0.347947 -0.094146 -0.86951 -1.66036 0.898407 1.5369 0.743736 -1.94518 0.749199 0.0515116 0.635115 -2.15024 -1.57775 -2.51092 -2.84807 -2.42884 0.974872 0.907638 0.614529 0.349972 -0.254519 2.0558 0.268848 -0.595368
internal_weight=2630 2143 487 2024 870 812 760 359 174 99 1154 230 401 119 924 171 185 445 172 273 223 173 337 753 386 280 129 153 83 99
internal_count=2630 2143 487 2024 870 812 760 359 174 99 1154 230 401 119 924 171 185 445 172 273 223 173 337 753 386 280 129 153 83 99
cat_boundaries=0 1 2 3
cat_threshold=11 1 4
is_linear=0
shrinkage=0.05


Tree=45
num_leaves=31
num_cat=3
split_feature=37 14 35 18 13 37 15 11 34 27 34 10 40 25 18 13 11 40 20 34 18 13 14 29 34 12 11 15 21 37
split_gain=770639 188555 125044 112151 83899.6 117703 78925.2 57782.9 52812.8 132080 45845.5 43572.7 49644.8 83125.2 47272.3 41560.8 36583.1 55190.4 36332.5 35820.5 35309.6 33915.1 36545.8 32186.9 31796.6 28953.3 26479.1 20772.4 20842.5 19586.8
threshold=160.47050000000004 125.20999999999999 719.83000000000015 0.62327875903497143 -5.9999999999998996 178.63650000000004 -118.52999999999996 1094.0022675736964 132.68000000000004 0 310.42500000000007 98.602500000000006 1365.7 1 0.94454909533907905 -119.96499999999996 1400.0000000000002 508.9550000000001 -32.508818177192438 306.69500000000005 0.90783331346219542 -50.034999999999989 0.30000000000003979 2 285.63500000000005 975.00000000000011 5624.4671201814062 -183.43000000000004 -40.189151089433047 72.820000000000007
decision_type=2 2 2 2 2 2 2 2 2 1 2 2 2 9 2 2 2 2 2 2 2 2 2 1 2 2 2 2 2 2
left_child=1 3 10 6 5 -2 -1 18 9 -5 -3 21 13 15 24 -13 17 -4 23 -17 27 22 29 -6 -15 -11 -24 28 -14 -10
right_child=4 2 16 8 7 -7 -8 -9 11 25 -12 12 20 14 -16 19 -18 -19 -20 -21 -22 -23 26 -25 -26 -27 -28 -29 -30 -31
leaf_value=-2.4368013343811037 0.8607027336684141 -2.2585437064772256 0.73623958397911837 1.5305448741209311 -2.3376262118266182 -1.9765079422008007 0.52272016638662755 -3.6613050267304459 0.98608723994548508 -2.4837017169812832 -0.38126980309253156 1.3860458031169369 0.010140820982845597 -2.3619777419987851 0.33693198335391505 -0.50828119379081083 1.3777542218261836 -1.2589119962670587 -3.0288401556015017 1.0804321299164983 1.772224340259388 2.323237455134489 -0.62997410808290755 -0.77590984061582768 -0.50420843369904023 -0.59292897138744594 0.875784674042561 1.1135940721818618 1.3074428737163544 1.7239763993837618
leaf_weight=50 55 111 73 61 65 109 41 73 493 41 46 117 137 51 54 89 49 66 60 59 93 49 56 67 42 40 61 143 40 110
leaf_count=50 55 111 73 61 65 109 41 73 493 41 46 117 137 51 54 89 49 66 60 59 93 49 56 67 42 40 61 143 40 110
internal_value=0.0226989 0.405192 -0.666868 0.607634 -1.91384 -1.025 -1.10339 -2.46391 0.697325 -0.22666 -1.70851 0.779637 0.527249 0.138914 -0.786263 0.657003 0.203017 -0.211099 -2.00866 0.125057 0.914644 1.0504 0.963782 -1.54494 -1.52299 -1.54999 0.15508 0.665409 0.303316 1.12069
internal_weight=2601 2172 345 1827 429 164 91 265 1736 142 157 1594 825 412 147 265 188 139 192 148 413 769 720 132 93 81 117 320 177 603
internal_count=2601 2172 345 1827 429 164 91 265 1736 142 157 1594 825 412 147 265 188 139 192 148 413 769 720 132 93 81 117 320 177 603
cat_boundaries=0 1 2 3
cat_threshold=1 66 2
is_linear=0
shrinkage=0.05


Tree=46
num_leaves=31
num_cat=3
split_feature=37 20 6 31 20 18 21 27 34 33 13 14 20 38 6 10 43 15 21 19 18 20 13 34 29 41 18 34 21 20
split_gain=665240 302296 111691 95297.9 134371 79067.6 51803.8 40774.3 38882.5 38216 60856.1 49241.6 36002.5 55291.8 31196.7 30342 29248.7 27627.3 39074.1 33999.9 27311.3 27123.4 23180 33295.6 30064.2 20008.9 19437.8 18650 17759 17696.3
threshold=122.47350000000002 -28.252879639688032 0.97295041726478038 0 -17.974904285444879 0.76228396741498849 -63.930518551188719 1 333.3300000000001 1359.2450000000001 1.0000000180025095e-35 4.5600000000000032 -20.21439825147139 957.43960000000004 0.74366243935513354 23.382000000000001 165.374 -177.22999999999999 -36.940994362302639 0.28011204481792723 0.9247841577655016 -34.672342606004385 -144.80000000000004 234.58500000000001 2 0.48632142920014015 0.88795235267407868 225.98500000000004 -16.399274724044044 -18.929818455613901
decision_type=2 2 2 1 2 2 2 1 2 2 2 2 2 2 2 2 2 2 2 2 2 2 2 2 1 2 2 2 2 2
left_child=2 15 6 7 16 -4 -1 -3 28 10 11 12 22 -14 -11 -2 -5 -17 -19 26 25 -21 -8 24 -24 -7 -20 -26 -6 -15
right_child=1 3 5 4 8 20 9 -9 -10 14 -12 -13 13 29 -16 17 -18 18 19 21 -22 -23 23 -25 27 -27 -28 -29 -30 -31
leaf_value=-0.99858789443969731 -3.3316559027607848 0.20590631566715964 -2.0063771218845718 -1.46291468886586 -0.69981579862320598 -1.0517760386453434 -0.077664143614696743 2.1097982698557329 1.0700181862038951 2.3947829116474497 -1.2928159452759003 2.2703318575154183 -1.6340970379965647 -0.20427826020647499 1.0145828208958823 -2.8179316482561476 -3.116120070945926 -0.67302394568080637 -0.50322167000836804 -3.4025828366186106 0.88393577460406547 -1.9971026802062988 1.5154247960458473 1.6242643627719802 0.61073508890611794 0.2266821824986002 -1.9289536806663463 -0.46305438833035251 0.17907044781295925 1.0485969045332499
leaf_weight=40 41 66 57 77 139 55 66 49 62 44 41 46 42 51 589 68 41 71 45 51 72 105 73 122 161 69 51 54 98 63
leaf_count=40 41 66 57 77 139 55 66 49 62 44 41 46 42 51 589 68 41 71 45 51 72 105 73 122 161 69 51 54 98 63
internal_value=-0.0120952 -1.05505 0.599097 -0.25718 -0.608608 -0.367299 0.774742 1.01713 -0.0447638 0.827208 0.577782 0.6909 0.575942 -0.0832607 1.11052 -2.03762 -2.03733 -1.90193 -1.70908 -2.00099 0.109371 -2.45659 0.791983 0.931975 0.638713 -0.340376 -1.26064 0.341039 -0.336394 0.4881
internal_weight=2609 964 1645 532 417 253 1392 115 299 1352 719 678 632 156 633 432 118 391 323 252 196 156 476 410 288 124 96 215 237 114
internal_count=2609 964 1645 532 417 253 1392 115 299 1352 719 678 632 156 633 432 118 391 323 252 196 156 476 410 288 124 96 215 237 114
cat_boundaries=0 1 2 3
cat_threshold=2 2 1
is_linear=0
shrinkage=0.05


Tree=47
num_leaves=31
num_cat=2
split_feature=14 37 35 3 18 34 20 21 15 29 34 21 18 35 34 11 40 18 45 35 34 20 15 19 10 10 11 11 45 18
split_gain=629926 207249 101988 92074.2 88682.8 69972.8 67199.9 62878.3 37398.7 34286.4 43158.7 42357.9 46892.7 82861.3 31784.4 31700.2 38658 32615 31824.2 26115.2 24006.8 29324.8 23710.7 21951.8 24230.3 23091 21896.7 38371.4 20794.3 20418.7
threshold=149.30000000000004 174.28850000000003 1190.3450000000003 0 0.76228396741498849 248.95000000000002 -16.677975919563512 -18.092678149396875 -339.99999999999994 1 219.04500000000004 -55.103732927905867 0.89286266509742107 1099.5700000000004 69.300000000000011 1087.6417233560094 556.08500000000004 0.94335648545657824 22.051750000000073 773.25500000000022 264.18000000000006 -25.896487167102418 -255.405 0.28011204481792723 86.217000000000013 38.247500000000009 5645.2834467120192 5624.4671201814062 57.424999999999962 0.79598818157566786
decision_type=2 2 2 9 2 2 2 2 2 1 2 2 2 2 2 2 2 2 2 2 2 2 2 2 2 2 2 2 2 2
left_child=1 3 6 9 -5 8 15 19 -6 10 -1 -11 13 -13 -10 17 -17 18 23 -7 21 -15 -16 25 -25 -2 27 -14 -24 -23
right_child=2 -3 -4 4 5 7 -8 -9 14 11 -12 12 26 20 22 16 -18 -19 -20 -21 -22 29 28 24 -26 -27 -28 -29 -30 -31
leaf_value=0.26785758521458874 -0.010825260671285484 -1.8931323386493482 0.89743599325418488 -1.6787401200204657 -0.79820702100286678 -2.4157875451445583 -0.026523247361183167 0.8414332969622178 -0.57912452985411111 -0.79784963130950937 1.7239762317034462 3.1895282411575319 0.29114588784709783 -0.084209587462246424 1.9182091191757558 -3.693063864707947 -1.6846133286538334 -2.9935524642467501 -2.8186603448012981 -0.78222719667449836 -0.12123482666783414 1.6821594576131216 0.87861553920003088 -2.1281314884321239 -0.82688477193867715 -1.5008889400042023 -0.53376938049609846 1.9246794931963089 -0.081576560375591134 0.88649050500182236
leaf_weight=73 52 95 40 69 49 40 52 44 46 50 168 40 355 60 43 50 46 43 41 63 59 110 260 106 54 52 65 40 72 302
leaf_count=73 52 95 40 69 49 40 52 44 46 50 168 40 355 60 43 50 46 43 41 63 59 110 260 106 54 52 65 40 72 302
internal_value=-0.00112093 0.388873 -1.53126 0.496836 0.0209423 0.21136 -1.72713 -0.74074 0.509144 0.738042 1.28291 0.623395 0.69232 0.99498 0.661306 -1.9263 -2.73068 -1.7044 -1.52265 -1.41662 0.829665 0.948528 0.813465 -1.32137 -1.68896 -0.755857 0.316628 0.456567 0.670381 1.09893
internal_weight=2639 2103 536 2008 686 617 496 147 470 1322 241 1081 1031 571 421 444 96 348 305 103 531 472 375 264 160 104 460 395 332 412
internal_count=2639 2103 536 2008 686 617 496 147 470 1322 241 1081 1031 571 421 444 96 348 305 103 531 472 375 264 160 104 460 395 332 412
cat_boundaries=0 1 2
cat_threshold=43 1
is_linear=0
shrinkage=0.05


Tree=48
num_leaves=31
num_cat=3
split_feature=14 18 3 18 37 27 6 12 6 20 39 18 34 6 18 20 29 6 42 34 42 35 6 16 12 35 33 47 44 20
split_gain=575323 188226 87415.9 106033 78112.4 75444 50710.7 52516.2 43961.6 47355 39130.6 36879.9 61879.3 44246.7 38598 36400.7 29592.3 37354.7 29234.4 27218.8 26487.9 24563.4 24970 24295.4 26111.8 21947.9 20704.9 14846 13392.3 12731.9
threshold=167.90000000000001 0.44382582982731228 0 0.76228396741498849 129.97000000000003 1 0.76791862737329042 135.00000000000003 0.76360164420218324 -17.006843684989068 149.43480000000002 0.94950533705196072 236.38500000000002 0.99642990846450974 0.98164086756705704 -17.950418819688771 2 0.90292390210117346 13.270000000000012 168.99500000000003 42.995000000000012 537.02500000000009 0.49124535891336357 70.000000000000014 2915.0000000000005 1932.9500000000003 927.78000000000009 22.768699999999995 -166.14999999999995 -22.625623827039096
decision_type=2 2 9 2 2 1 2 2 2 2 2 2 2 2 2 2 1 2 2 2 2 2 2 2 2 2 2 2 2 2
left_child=1 25 16 -4 11 6 7 21 9 -6 -11 12 13 19 15 26 17 28 -8 -5 -9 -2 -23 27 -25 -1 -13 -18 -3 -26
right_child=5 2 3 4 8 -7 18 20 -10 10 -12 14 -14 -15 -16 -17 23 -19 -20 -21 -22 22 -24 24 29 -27 -28 -29 -30 -31
leaf_value=-1.109139185442644 -2.3913120143560334 1.1652350627700798 -2.0408672791177578 2.0241127575869147 -1.1836143677821382 0.16922440657821985 -1.6939979604468114 -3.9492936245230745 -1.6685298626239484 -0.60505342832425746 1.4279022202960083 -0.031728062449499619 -1.1109230292004508 -0.37810432133111327 -0.01178299260178679 2.3801654492553914 0.79859014711077891 0.35191996749242149 0.19416739242832837 0.61446782747221029 -2.4138710434054151 -1.891957690554952 -0.46055019174591971 1.4352048133763502 0.88074188584187008 -2.5628700903483801 1.2822829404939906 0.29206591505903839 2.1158146115866576 -0.24265917040580931
leaf_weight=68 67 64 55 46 64 52 41 43 65 41 56 43 74 91 76 57 218 75 41 134 81 63 59 159 61 42 99 430 88 43
leaf_count=68 67 64 55 46 64 52 41 43 65 41 56 43 74 91 76 57 218 75 41 134 81 63 59 159 61 42 99 430 88 43
internal_value=0.0109929 0.350469 0.459156 0.085499 0.224749 -1.62107 -1.85676 -2.14673 -0.57102 -0.127925 0.568612 0.514819 0.170528 0.520444 0.946748 1.31282 0.747674 1.26503 -0.749915 0.97471 -2.94632 -1.62214 -1.19972 0.62697 1.03228 -1.6642 0.884378 0.462471 1.71557 0.416259
internal_weight=2596 2149 2039 901 846 447 395 313 226 161 97 620 345 271 275 199 1138 227 82 180 124 189 122 911 263 110 142 648 152 104
internal_count=2596 2149 2039 901 846 447 395 313 226 161 97 620 345 271 275 199 1138 227 82 180 124 189 122 911 263 110 142 648 152 104
cat_boundaries=0 1 2 3
cat_threshold=11 1 1
is_linear=0
shrinkage=0.05


Tree=49
num_leaves=31
num_cat=1
split_feature=37 38 38 18 13 20 13 37 39 34 33 21 21 28 40 45 13 14 20 20 21 21 10 34 10 10 37 21 10 11
split_gain=499562 138727 117758 110970 87012.6 58874.2 57961.7 92232.6 53264.2 47889.1 39717.3 43202.2 35042.6 42253.1 49222.1 33178.7 30943.2 29722.9 27217.2 33757.6 26494 22507.5 21387.8 18057.2 28080.2 30394.7 23718.7 37105.1 22748.1 26023.6
threshold=160.47050000000004 946.32200000000012 150.89190000000002 0.44382582982731228 -1.0000000180025095e-35 -23.76166483684479 -91.885000000000034 174.28850000000003 105.30500000000002 298.14500000000004 129.01500000000001 -35.664163210131925 -44.044839477747097 0 448.51000000000005 43.91690000000002 57.550000000000018 92.899999999999991 -15.882527906977053 -15.193791467730753 -21.443622714207727 -18.866335485952092 207.54000000000002 283.52000000000004 4.2945000000000002 80.006500000000003 71.515000000000015 -27.472161797173346 98.602500000000006 5650.6235827664414
decision_type=2 2 2 2 2 2 2 2 2 2 2 2 2 1 2 2 2 2 2 2 2 2 2 2 2 2 2 2 2 2
left_child=1 2 -1 -3 12 9 7 -2 15 -6 -8 -12 -4 14 -14 -5 -13 22 21 -20 -7 -15 23 24 -10 -26 27 -27 -28 -30
right_child=6 3 4 8 5 20 10 -9 17 -11 11 16 13 18 -16 -17 -18 -19 19 -21 -22 -23 -24 -25 25 26 28 -29 29 -31
leaf_value=1.4619484589017671 1.2216494060698011 -1.7596136949500261 1.2514700881640117 -1.4911679308225469 -3.0034310402408728 0.48661070731670963 -0.57691684039526203 -1.6109999234859762 -0.15359611733015194 -1.0301908365038575 -3.4881937800713305 -2.2829392239451409 -2.4045718713240194 0.21275146683336985 -0.16981680795018161 0.24392705025772254 -0.88644258667315767 1.8423637010653815 1.8358117464184762 0.10695287951578697 -1.11417480684438 -1.096811345217322 -0.10976490880313672 1.6855377981066704 1.199525148778483 -1.2269117428433329 1.3763161726688085 0.5827501003084512 0.83503907291440793 0.026389201985789347
leaf_weight=87 42 49 45 41 62 46 43 91 86 61 53 136 44 71 56 84 56 60 40 96 59 61 76 50 311 42 114 87 327 143
leaf_count=87 42 49 45 41 62 46 43 91 86 61 53 136 44 71 56 84 56 60 40 96 59 61 76 50 311 42 114 87 327 143
internal_value=-0.00193011 0.300291 -0.264165 0.579831 -0.498442 -1.28249 -1.5798 -0.716479 0.660501 -2.02483 -1.97848 -2.22447 -0.0656052 -0.226661 -1.04828 -0.325184 -1.87563 0.755571 0.114748 0.615441 -0.412878 -0.392425 0.702814 0.756052 0.714183 0.787063 0.607153 -0.00644213 0.742691 0.589003
internal_weight=2619 2198 728 1470 641 228 421 133 1421 123 288 245 413 368 100 125 192 1296 268 136 105 132 1236 1160 1110 1024 713 129 584 470
internal_count=2619 2198 728 1470 641 228 421 133 1421 123 288 245 413 368 100 125 192 1296 268 136 105 132 1236 1160 1110 1024 713 129 584 470
cat_boundaries=0 1
cat_threshold=8
is_linear=0
shrinkage=0.05


Tree=50
num_leaves=31
num_cat=2
split_feature=37 20 3 6 11 33 45 15 37 38 37 14 10 6 15 27 43 6 36 37 37 21 10 20 18 13 10 20 13 10
split_gain=478099 205004 93105.5 60868.2 58595 115493 56311.6 75516.4 54325.3 48929.1 51480.7 40025.6 38327.4 36643.6 33523 31243.8 28341.9 26650.4 26397.7 23402.1 74060.1 21196.7 18703 24572.9 17560.6 28592 34885.9 20059.6 16598.5 16558.8
threshold=129.30000000000004 -28.252879639688032 0 0.98746246358418899 1154.2176870748301 365.58500000000009 41.468200000000017 22.110000000000017 153.88500000000002 466.90000000000003 165.01400000000004 128.74000000000004 185.12850000000003 0.7560669024331812 -177.22999999999999 1 -0.084499999999998396 0.75851655243015059 218.44630000000004 17.200000000000006 39.830000000000005 -36.940994362302639 89.056500000000014 -21.734277376718854 0.88319382374087263 -116.105 117.12550000000002 -24.25552523795179 -86.780000000000015 98.086000000000027
decision_type=2 2 9 2 2 2 2 2 2 2 2 2 2 2 2 1 2 2 2 2 2 2 2 2 2 2 2 2 2 2
left_child=3 14 9 4 5 11 7 -5 13 -3 17 16 -10 -4 -2 -8 -1 -11 21 -6 -21 -16 23 28 25 26 -24 -28 -22 -26
right_child=1 2 8 6 19 -7 15 -9 12 10 -12 -13 -14 -15 18 -17 -18 -19 -20 20 22 -23 24 -25 29 -27 27 -29 -30 -31
leaf_value=0.38183439070064773 -2.7087805496735706 -2.5094086426060378 -1.0721074919851998 -2.3758805458034788 1.6910637005170188 -2.2227015648896877 1.4321776735782625 0.2446916112193355 0.58436508252136954 0.32519274744214399 -1.9343868297559244 -0.74991896734351204 2.5145748022125991 0.60160061822218058 -0.53930710159815276 -0.21948986588629771 2.1180471316352487 -1.126721239996993 -2.4955917018955041 -1.0481001315480574 1.7620553246699275 -1.5576284486816021 1.4819168871118322 0.63560064946256933 0.1583168702407016 -0.43077192398962905 0.85441552136432053 -0.29321120301882425 0.89988168741416441 1.0013391669998404
leaf_weight=57 72 41 63 56 60 52 50 54 69 101 54 42 41 68 65 67 40 46 59 59 128 239 79 210 72 88 66 90 99 305
leaf_count=57 72 41 63 56 60 52 50 54 69 101 54 42 41 68 65 67 40 46 59 59 128 239 79 210 72 88 66 90 99 305
internal_value=-0.0188888 -0.935885 -0.226796 0.48398 0.603397 -0.212516 -0.277237 -1.08942 0.465278 -0.898124 -0.614137 0.539495 1.30381 -0.203312 -1.72322 0.486351 1.0978 -0.129148 -1.52774 0.727473 0.679133 -1.3399 0.76876 1.02542 0.608533 0.337975 0.625846 0.192323 1.38604 0.840338
internal_weight=2592 918 483 1674 1447 191 227 110 241 242 201 139 110 131 435 117 97 147 363 1256 1196 304 1137 437 700 323 235 156 227 377
internal_count=2592 918 483 1674 1447 191 227 110 241 242 201 139 110 131 435 117 97 147 363 1256 1196 304 1137 437 700 323 235 156 227 377
cat_boundaries=0 1 2
cat_threshold=96 1
is_linear=0
shrinkage=0.05


Tree=51
num_leaves=31
num_cat=1
split_feature=37 20 3 37 38 38 13 34 20 21 21 20 10 22 12 13 11 20 6 13 34 10 19 37 11 22 10 14 37 11
split_gain=403456 149720 69901 69099 61778.7 91393.4 61387.4 52883.2 50732.7 50728.2 43114.5 79256.5 39235.2 37284.8 35815.6 31987.4 30634.5 26406.9 23770.6 23124.1 22436 21848.5 18636.4 16842.5 18184.5 16708.8 13424.7 18647.5 17015.4 28975.5
threshold=137.70500000000001 -28.252879639688032 0 153.88500000000002 946.32200000000012 150.89190000000002 -15.679999999999998 193.94000000000003 -24.739041529483721 -19.845421220575794 -16.399274724044044 -16.145741279689009 23.382000000000001 0.87603475351064264 1590.0000000000002 -59.50000000000005 942.72108843537433 -18.399318933249607 0.75702164995363563 -34.104999999999997 317.61500000000007 4.2945000000000002 0.93842364532019718 174.28850000000003 2041.6213151927439 0.89286266509742107 80.006500000000003 -3.1800000000000632 71.705000000000013 2195.6349206349209
decision_type=2 2 9 2 2 2 2 2 2 2 2 2 2 2 2 2 2 2 2 2 2 2 2 2 2 2 2 2 2 2
left_child=4 12 9 18 5 25 10 14 -8 -3 11 -7 -2 -5 19 26 20 -10 -4 21 -14 -6 23 -18 -25 -1 27 -9 29 -28
right_child=1 2 3 13 7 6 8 15 17 -11 -12 -13 16 -15 -16 -17 22 -19 -20 -21 -22 -23 -24 24 -26 -27 28 -29 -30 -31
leaf_value=2.1246155957842983 -2.9895645460417106 -2.0348199818877206 -1.2380619154735046 2.4847506916522981 -0.67730960249900818 0.59269474236819064 -2.3089071174101394 1.4452137921803765 0.20639671177575081 -0.24550806686923071 1.6578424477151463 -1.9630125984896063 -1.2386252883579825 0.59447803409894318 -0.92553435784578331 1.7938326994578047 -2.1101489650669385 -1.202713774656182 0.25300998171934713 1.0669532687747725 0.19800953769258089 0.55257654561624903 -2.4648754658757666 -0.38573950488120318 -1.5983695920418812 0.704848586774242 1.1673276066780092 0.54986643006645697 0.7090103201397131 -0.42314666552676095
leaf_weight=43 43 69 55 40 68 103 55 126 66 93 42 43 77 75 75 72 67 67 52 73 42 77 61 50 81 40 42 108 610 90
leaf_count=43 43 69 55 40 68 103 55 126 66 93 42 43 77 75 75 72 67 67 52 73 42 77 61 50 81 40 42 108 610 90
internal_value=0.0232692 -0.907201 -0.193218 0.383789 0.439396 -0.0612848 -0.392772 0.61077 -1.03165 -0.94904 0.246103 -0.160014 -1.55844 1.25196 0.0169415 0.776793 -1.39564 -0.503456 -0.513429 0.341188 -0.731578 -0.0241976 -1.70074 -1.46533 -1.13553 1.44039 0.701766 1.03198 0.597629 0.0829133
internal_weight=2605 805 384 222 1800 459 376 1341 188 162 188 146 421 115 293 1048 378 133 107 218 119 145 259 198 131 83 976 234 742 132
internal_count=2605 805 384 222 1800 459 376 1341 188 162 188 146 421 115 293 1048 378 133 107 218 119 145 259 198 131 83 976 234 742 132
cat_boundaries=0 1
cat_threshold=96
is_linear=0
shrinkage=0.05


Tree=52
num_leaves=31
num_cat=2
split_feature=37 20 3 37 34 11 43 18 45 27 37 37 34 6 6 18 13 18 6 15 39 34 20 18 15 11 18 11 34 12
split_gain=380462 157515 67350.5 45726.1 43516.6 63852.6 60452.9 65974.3 166793 46602.4 45263.6 38135.5 32856 31090 30707.6 29401.6 25700.1 25587.1 40947.4 18587.9 14730.1 13913.9 16638.3 22520.9 33964.5 18829.3 16200.5 15005.5 23174.9 15053
threshold=127.66500000000001 -28.252879639688032 0 158.59000000000003 193.94000000000003 1154.2176870748301 12.910000000000069 0.7712559687678483 16.457100000000008 1 111.23500000000001 155.92600000000002 302.38500000000005 0.7560669024331812 0.57932896004525769 0.89771739047171717 -59.50000000000005 0.91186111330794928 0.65138766535995019 -177.22999999999999 134.47500000000002 262.77500000000003 -22.580804171477013 0.86704704594667414 -177.57499999999979 5650.6235827664414 0.92683151833715993 5650.6235827664414 233.15500000000003 1965.0000000000002
decision_type=2 2 9 2 2 2 2 2 2 1 2 2 2 2 2 2 2 2 2 2 2 2 2 2 2 2 2 2 2 2
left_child=4 17 3 12 6 10 7 8 -1 -8 -6 13 -3 -4 -13 -9 21 19 -19 -2 -21 22 27 24 -24 26 -25 28 -7 -30
right_child=1 2 11 -5 5 16 9 15 -10 -11 -12 14 -14 -15 -16 -17 -18 18 -20 20 -22 -23 23 25 -26 -27 -28 -29 29 -31
leaf_value=-3.8664939403533936 -2.0352533932052443 -1.3833171151302479 -0.83860133159388273 -1.8648022615058082 -1.4796761163349812 0.7452455267048208 -0.39643627876459164 0.55006387019125025 0.6449045392019408 1.6195414611766505 0.54173266013275911 0.13330330467078744 0.096180631341488382 0.61599285236994428 1.9275284229663381 -0.65469137765467167 1.6246854474792234 -3.3662751707919814 -1.2897054397834922 -1.3686287120370002 -0.57483411692082886 -0.1536072412117695 0.6143675320595503 1.2705683536076731 -1.2527663701918068 -0.15012847283405478 0.5747702467685738 0.62800202365485436 2.3528729952298679 1.2035075510778126
leaf_weight=40 67 54 72 70 58 128 43 138 42 86 53 41 123 75 57 80 77 43 53 174 88 48 60 129 41 58 238 206 52 63
leaf_count=40 67 54 72 70 58 128 43 138 42 86 53 41 123 75 57 80 77 43 53 174 88 48 60 129 41 58 238 206 52 63
internal_value=0.0190804 -0.796558 -0.187501 -0.752549 0.475141 0.628438 0.0424092 -0.346801 -1.55578 0.947549 -0.514499 0.396685 -0.355192 -0.0964614 1.17688 0.107952 0.743771 -1.50163 -2.21984 -1.29206 -1.10201 0.677465 0.71838 0.527547 -0.143578 0.687038 0.819342 0.941938 1.20807 1.72322
internal_weight=2557 917 492 247 1640 1211 429 300 82 129 111 245 177 147 98 218 1100 425 96 329 262 1023 975 526 101 425 367 449 243 115
internal_count=2557 917 492 247 1640 1211 429 300 82 129 111 245 177 147 98 218 1100 425 96 329 262 1023 975 526 101 425 367 449 243 115
cat_boundaries=0 1 2
cat_threshold=96 2
is_linear=0
shrinkage=0.05


Tree=53
num_leaves=31
num_cat=4
split_feature=14 18 20 3 10 18 48 15 45 27 10 10 21 27 19 20 18 29 18 10 10 37 10 13 10 15 13 18 12 33
split_gain=337826 127602 61499 47516.5 60494.2 46586.5 45135.8 68203.7 35354.6 34459.9 32184.4 32076.2 29387.7 29327.4 20271.8 36739.5 20360.5 21744.4 19271.7 20201.6 27033.9 24186.3 25482.7 21018.2 29429.2 17567 17293.4 16014.5 15921 15071.6
threshold=149.30000000000004 0.44382582982731228 -17.545160769904161 0 110.557 0.95466298619036682 141.88160000000002 -1.0000000180025095e-35 20.467199999999981 1 23.382000000000001 32.333500000000008 -19.813909948657351 2 0.037385129490392605 -28.252879639688032 0.92575849481011885 3 0.9162847261698811 236.14449999999994 136.14400000000003 94.195000000000007 117.3625 -116.105 89.310500000000019 -183.24999999999997 -99.775000000000006 0.89286266509742107 2455.0000000000005 129.01500000000001
decision_type=2 2 2 9 2 2 2 2 2 1 2 2 2 1 2 2 2 1 2 2 2 2 2 2 2 2 2 2 2 2
left_child=1 8 9 14 6 12 7 13 -1 10 -2 -12 -6 -5 15 -3 18 -18 19 20 21 22 23 28 26 -22 -25 -28 -17 -13
right_child=2 3 -4 4 5 -7 -8 -9 -10 -11 11 29 -14 -15 -16 16 17 -19 -20 -21 25 -23 -24 24 -26 -27 27 -29 -30 -31
leaf_value=-2.0126809118499218 -2.7293870934595663 -0.90828655556190852 0.094979462720627017 -0.50826211925595999 -0.75287409675557448 0.26967488458523386 1.1018019416798832 -1.3766591770464884 -0.20888995961709456 -0.04079784222624519 -0.31751403558638791 -1.1189898678143553 -2.4059605131670834 0.73610542607749563 1.4919889926518266 1.9640688217603246 -0.40471536872234753 0.50825979364729823 1.4466325559193576 1.6956936972481864 -0.48049346352445665 1.5637372418453819 -0.57215670340117952 1.3715219731019301 -0.25721922515552831 0.5242940972591269 0.76813217891674301 -0.324787550436896 0.68707756834185651 -1.8663290636137475
leaf_weight=71 48 43 86 64 82 78 141 68 44 44 62 111 40 182 57 52 94 213 79 42 87 76 42 88 88 87 152 43 46 172
leaf_count=71 48 43 86 64 82 78 141 68 44 44 62 111 40 182 57 52 94 213 79 42 87 76 42 88 88 87 152 43 46 172
internal_value=0.00756362 0.295808 -1.12723 0.391544 0.039465 -0.684697 0.358645 0.024935 -1.32253 -1.36775 -1.51632 -1.34754 -1.29487 0.412368 0.565755 0.527494 0.579419 0.228717 0.701489 0.628181 0.569264 0.731515 0.607741 0.713403 0.541372 0.0219003 0.789697 0.527129 1.36466 -1.5732
internal_weight=2582 2059 523 1944 655 200 455 314 115 437 393 345 122 246 1289 1232 1189 307 882 803 761 587 511 469 371 174 283 195 98 283
internal_count=2582 2059 523 1944 655 200 455 314 115 437 393 345 122 246 1289 1232 1189 307 882 803 761 587 511 469 371 174 283 195 98 283
cat_boundaries=0 1 2 3 4
cat_threshold=43 1 2 4
is_linear=0
shrinkage=0.05


Tree=54
num_leaves=31
num_cat=2
split_feature=14 18 20 3 10 6 20 45 10 18 35 29 11 18 6 14 6 34 11 19 34 18 21 33 6 11 44 18 18 33
split_gain=289237 122291 54198.1 52366.5 49299.4 45749.1 82147 41499.8 40278.3 34263.7 47962 25612.6 26919.3 25565.5 24715.4 24571.7 25014.9 34712.2 24250 23506.1 21089 19232.9 21311.2 38107.8 26561.1 18702.8 27912.1 17495.5 17484.9 15056.9
threshold=149.30000000000004 0.44382582982731228 -17.545160769904161 0 180.21700000000001 0.99264111349296269 -23.76166483684479 20.888999999999943 110.557 0.95466298619036682 721.06500000000017 1 5658.321995464853 0.79783246651136575 0.96702877465732229 128.74000000000004 0.73043135391424963 240.72000000000003 1269.6371882086171 0.93842364532019718 187.29500000000004 0.89286266509742107 -50.576650314541858 1399.5400000000002 0.75221288343649617 5645.2834467120192 -89.124999999999986 0.88416363106813167 0.9247841577655016 129.01500000000001
decision_type=2 2 2 9 2 2 2 2 2 2 2 1 2 2 2 2 2 2 2 2 2 2 2 2 2 2 2 2 2 2
left_child=1 7 13 11 5 8 -7 -1 15 10 -10 12 14 19 -3 16 -5 20 -11 -2 -18 22 23 -13 -24 26 -23 -26 -8 -15
right_child=2 3 -4 4 -6 6 28 -9 9 18 -12 21 -14 29 -16 -17 17 -19 -20 -21 -22 25 24 -25 27 -27 -28 -29 -30 -31
leaf_value=-2.06463195474094 0.29548480815665668 1.0832686202866693 0.080157095912624821 -0.17739778534255246 -1.3537815606904529 -2.4011845656063251 -0.5142734907291554 -0.16663069749871892 -2.1413049838528404 1.4177191356817882 -0.067003183212430997 -0.89219931470135505 2.000839338782761 -0.86870165475209549 -0.23033797327353034 -0.41368831402311729 1.7799162197403793 2.2956992725993315 -0.28137018595423019 -1.3305959179997444 0.53128074899779087 0.65534261892993417 1.5332556269587354 0.73576797006813732 0.42352344989120755 -0.6698203620264086 -0.39712360582928707 1.3833956036651345 0.75811670869588854 -1.6695206170115207
leaf_weight=72 43 133 85 55 60 46 54 48 41 42 87 59 54 75 49 48 41 43 42 46 193 191 94 92 284 59 94 57 54 270
leaf_count=72 43 133 85 55 60 46 54 48 41 42 87 59 54 75 49 48 41 43 42 46 193 191 94 92 284 59 94 57 54 270
internal_value=-0.0178446 0.244273 -1.0744 0.338576 0.0247609 0.135968 -0.631733 -1.30543 0.335674 -0.216491 -0.731428 0.550566 1.02048 -1.30052 0.729605 0.643723 0.796602 0.989996 0.568174 -0.544961 0.750059 0.437239 0.611452 0.0996748 0.789104 0.140469 0.308213 0.583971 0.121922 -1.49543
internal_weight=2611 2092 519 1972 806 746 154 120 592 212 128 1166 236 434 182 380 332 277 84 89 234 930 586 151 435 344 285 341 108 345
internal_count=2611 2092 519 1972 806 746 154 120 592 212 128 1166 236 434 182 380 332 277 84 89 234 930 586 151 435 344 285 341 108 345
cat_boundaries=0 1 2
cat_threshold=11 1
is_linear=0
shrinkage=0.05


Tree=55
num_leaves=31
num_cat=4
split_feature=37 20 6 3 20 3 13 37 21 37 18 33 35 11 36 10 33 10 10 20 37 21 6 27 20 40 34 13 29 14
split_gain=290075 129941 51214.3 64047.5 159765 45756.7 37851.6 37567.3 34495.1 32709.8 25105.3 25096.9 32452.9 42958.5 66207.3 23848.9 22715.7 19797.2 24677.9 19093.2 18742.5 21865.3 18167.9 17618.8 15603.9 14632.7 14506.3 14165.5 13970.1 18852.8
threshold=122.47350000000002 -28.252879639688032 0.98746246358418899 0 -23.76166483684479 1 1.0000000180025095e-35 17.200000000000006 -54.604142935526284 155.92600000000002 0.9247841577655016 1359.2450000000001 277.04500000000002 1185.7709750566896 132.32080000000002 162.56350000000003 916.45000000000016 23.382000000000001 32.333500000000008 -23.76166483684479 138.50500000000002 -17.503948059458839 0.61236551355575453 2 -37.083467236644026 1423.4000000000003 302.38500000000005 -45.074999999999925 3 215.40000000000001
decision_type=2 2 2 9 2 9 2 2 2 2 2 2 2 2 2 2 2 2 2 2 2 2 2 1 2 2 2 2 1 2
left_child=2 17 7 23 -5 6 15 -1 -9 20 -6 12 -10 14 -14 26 -15 -2 -19 -18 -7 -22 -11 -4 -20 -13 -3 -27 -26 -30
right_child=1 5 3 4 10 9 -8 8 11 22 -12 25 13 16 -16 -17 19 18 24 -21 21 -23 -24 -25 28 27 -28 -29 29 -31
leaf_value=1.6668563846331925 -2.3576461570603509 -0.82056867810695067 1.3785059362649918 -3.6002041916939476 -0.63463470858076354 0.81676946339153111 -1.776904128279005 -0.99254543244838711 1.4885746695312128 0.39081267694632216 1.0781132049579174 1.5753406387773188 -2.1622104248735639 0.501020504316675 0.63352480649598875 -1.4010173304687914 -1.1572816047726608 -0.31667689903406426 -0.64963939998109466 0.25240180578468174 -0.94753635668591285 0.45373166137271465 1.8116085175673167 0.067588374479250479 -1.8719183894296489 0.59297188530463985 0.21574186054975031 1.5704532444477082 -0.29264536475141845 -1.5875154260326836
leaf_weight=67 42 46 48 42 46 42 56 40 53 45 40 48 45 476 40 41 41 64 59 58 73 45 45 55 150 505 127 40 42 85
leaf_count=67 42 46 48 42 46 42 56 40 53 45 40 48 45 476 40 41 41 64 59 58 73 45 45 55 150 505 127 40 42 85
internal_value=-0.00505962 -0.694666 0.398469 -0.291739 -0.994763 -0.158912 -0.597483 0.511306 0.453786 0.325619 0.161992 0.498084 0.298194 0.202603 -0.84657 -0.316769 0.357698 -1.32497 -1.21653 -0.331406 -0.0902994 -0.413154 1.10121 0.618457 -1.38794 0.738424 -0.0598089 0.664714 -1.54519 -1.15929
internal_weight=2606 962 1644 231 128 520 270 1413 1346 250 86 1306 713 660 85 214 575 442 400 99 160 118 90 103 336 593 173 545 277 127
internal_count=2606 962 1644 231 128 520 270 1413 1346 250 86 1306 713 660 85 214 575 442 400 99 160 118 90 103 336 593 173 545 277 127
cat_boundaries=0 1 2 3 4
cat_threshold=6 96 1 2
is_linear=0
shrinkage=0.05


Tree=56
num_leaves=31
num_cat=0
split_feature=14 18 35 6 21 33 10 6 11 33 33 33 34 10 6 33 40 15 34 45 40 35 18 10 18 20 15 20 20 6
split_gain=232996 84806.4 67689.7 53475.8 93520.2 37989.4 41316.9 35362.4 38125.9 35146.8 32298 30918.9 30534.9 25964.1 23479.5 22992.3 35423.7 34656.1 22836.8 22125.8 20660.1 17537.9 21124.8 17514.7 18469.7 32394.6 20661.1 17330.5 17122.2 17945.2
threshold=149.30000000000004 0.44382582982731228 1190.3450000000003 0.98746246358418899 -47.548212709736369 1359.2450000000001 231.59650000000002 0.76791862737329042 1094.0022675736964 1539.3400000000001 953.98000000000013 97.735000000000014 343.40000000000003 236.14449999999994 0.83818348362978801 248.73500000000004 392.94500000000005 -214.26500000000001 319.84000000000009 20.888999999999943 1423.4000000000003 634.63000000000011 0.91186111330794928 88.989500000000007 0.90783331346219542 -22.580804171477013 -183.24999999999997 -15.882527906977053 -32.508818177192438 0.49124535891336357
decision_type=2 2 2 2 2 2 2 2 2 2 2 2 2 2 2 2 2 2 2 2 2 2 2 2 2 2 2 2 2 2
left_child=1 19 7 5 -5 6 11 8 21 10 -6 -3 15 20 -9 -13 -17 -18 27 -1 -7 22 28 -22 25 26 -25 -19 29 -2
right_child=2 3 -4 4 9 13 -8 14 -10 -11 -12 12 -14 -15 -16 16 17 18 -20 -21 23 -23 -24 24 -26 -27 -28 -29 -30 -31
leaf_value=-1.6735370146505764 -1.3898545430056632 1.2526816536113621 0.94942228970202525 -2.322317592465148 -0.26117954670436799 1.6140488824065853 -1.1099700968574595 0.14664515947493226 -2.5177077805995944 -1.0607709863781929 1.3046700671315195 -0.64503092116443439 1.5275532589402312 1.7882965405399984 -1.1817363597003037 1.5910083824525709 -1.2518182654206347 0.25888532391282004 -0.57994046974182134 -0.21597570575946989 0.9166536656172517 -0.19954372835020687 -2.245941152978451 -0.11737975083650597 0.9465297733692779 -0.65846473801206673 0.90353322998749297 1.1666821144778152 -1.8428650818619072 -0.24165129962100373
leaf_weight=66 63 80 44 49 63 49 54 78 60 45 69 80 43 52 58 46 41 562 75 43 208 43 47 83 97 87 123 58 51 74
leaf_count=66 63 80 44 49 63 49 54 78 60 45 69 80 43 52 58 46 41 562 75 43 208 43 47 83 97 87 123 58 51 74
internal_value=0.0219564 0.258972 -0.926562 0.334312 -0.389205 0.428394 0.236656 -1.1007 -1.37465 0.14595 0.557333 0.310481 0.227193 0.713395 -0.41987 0.162326 0.24492 0.160789 0.244123 -1.09854 0.627004 -1.12795 -1.29782 0.546125 0.34851 0.150531 0.492195 0.343808 -1.06079 -0.769657
internal_weight=2591 2073 518 1964 226 1738 1039 474 338 177 132 985 905 699 136 862 782 736 695 109 647 278 235 598 390 293 206 620 188 137
internal_count=2591 2073 518 1964 226 1738 1039 474 338 177 132 985 905 699 136 862 782 736 695 109 647 278 235 598 390 293 206 620 188 137
is_linear=0
shrinkage=0.05


Tree=57
num_leaves=31
num_cat=2
split_feature=36 20 3 3 44 21 10 10 15 21 20 13 34 13 48 43 6 10 18 34 34 18 45 34 20 12 44 15 12 34
split_gain=244611 82774.3 41145 27464.5 37991.2 75702.9 29483 23225 23200.9 23889.5 25183.5 21344.2 20751 31584.1 19132.7 36103.7 18978.2 17695.4 16297.2 13684.4 28714.2 16885.9 14864.2 13431.1 16540.5 12529.7 12580.1 21865.4 23194.1 11804.2
threshold=155.71100000000004 -28.252879639688032 0 1 -91.025000000000006 -33.256372775896438 134.30800000000002 23.382000000000001 -177.22999999999999 -36.940994362302639 -34.672342606004385 1.0000000180025095e-35 333.3300000000001 -186.78000000000006 122.70500000000001 12.980000000000013 0.7560669024331812 188.62000000000003 0.81450526651171418 149.83500000000004 168.99500000000003 0.71362583745292019 40.594999999999906 237.59000000000003 -20.180736537771718 2975.0000000000005 -164.99500000000009 -188.66999999999993 1505.0000000000002 288.81000000000006
decision_type=2 2 9 9 2 2 2 2 2 2 2 2 2 2 2 2 2 2 2 2 2 2 2 2 2 2 2 2 2 2
left_child=3 7 11 19 6 -6 23 -2 -9 -10 -11 17 13 -4 -7 -16 -15 -3 -12 -1 -21 -22 25 -5 -25 26 -23 -28 29 -29
right_child=1 2 12 4 5 14 -8 8 9 10 18 -13 -14 16 15 -17 -18 -19 -20 20 21 22 -24 24 -26 -27 27 28 -30 -31
leaf_value=1.2641808337608322 -2.3137726963311436 -0.17369450511370632 1.211496314151985 0.55404601946413723 -2.2284366719266204 -0.63259794778589695 -0.78567658875275548 -1.8277844569899822 -0.059502192007170787 -2.0267728412523867 -0.055804159828260841 -1.6331797808408739 1.0710171925400693 -0.95370413691237355 1.5328429616159864 -0.51830383350209497 0.22771713404513116 -1.3343268650562266 -1.1018078964325073 -0.67362295041978371 1.5626916272193194 1.0425125106766417 -0.34296199308397868 0.50301605022201945 -0.87367024043574926 -0.036798528997929063 -0.21788810173581755 0.14557689531867565 1.1053585307865308 0.97734425451074325
leaf_weight=61 40 139 41 439 47 56 54 77 72 56 51 48 60 69 45 41 67 43 138 50 40 148 48 48 40 77 84 179 174 56
leaf_count=61 40 139 41 439 47 56 54 77 72 56 51 48 60 69 45 41 67 43 138 50 40 148 48 48 40 77 84 179 174 56
internal_value=-0.00354616 -0.668699 -0.206699 0.351701 0.125081 -0.489072 0.327018 -1.16583 -1.04929 -0.860186 -1.09549 -0.666301 0.256615 -0.00495587 0.0866337 0.554971 -0.37168 -0.44791 -0.819553 0.534797 0.489068 0.561195 0.508898 0.441033 -0.12275 0.565846 0.638239 0.516875 0.66778 0.343785
internal_weight=2588 901 467 1687 770 189 581 434 394 317 245 230 237 177 142 86 136 182 189 917 856 806 766 527 88 718 641 493 409 235
internal_count=2588 901 467 1687 770 189 581 434 394 317 245 230 237 177 142 86 136 182 189 917 856 806 766 527 88 718 641 493 409 235
cat_boundaries=0 1 2
cat_threshold=96 35
is_linear=0
shrinkage=0.05


Tree=58
num_leaves=31
num_cat=1
split_feature=14 18 45 34 38 20 11 11 12 37 39 35 29 19 37 37 11 15 13 13 13 12 11 12 6 21 13 15 35 20
split_gain=188401 69072.1 99931.2 57082.1 46110.8 33940.9 32450.4 32354.7 29985.6 28012.7 28902.1 20604.9 26151.1 21659.5 19407.5 19492.7 18371.6 17737 26820.4 55076.5 24733.8 16613.9 14785.3 22851.6 20209.2 27107.9 18535 22716.9 14092.4 16942.4
threshold=149.30000000000004 0.69228366351417636 9.5819999999999101 275.64000000000004 946.32200000000012 -16.504654224500346 5666.1111111111122 1094.0022675736964 455.00000000000006 142.46000000000004 58.361800000000002 589.1450000000001 0 0.49038461538461547 151.48500000000004 163.95100000000005 945.95238095238108 -383.50999999999993 8.1649999999999938 -14.465000000000002 -46.79499999999998 1465.0000000000002 1873.0952380952381 445.00000000000006 0.75078202391993187 -24.335502619435339 -72.554999999999993 -133.93999999999997 1138.2950000000003 -22.580804171477013
decision_type=2 2 2 2 2 2 2 2 2 2 2 2 1 2 2 2 2 2 2 2 2 2 2 2 2 2 2 2 2 2
left_child=1 2 -1 -4 5 7 9 11 -9 10 -3 16 -13 -14 -11 -16 -2 -12 19 20 22 -8 23 26 25 -24 -19 -28 -26 -30
right_child=4 6 3 -5 -6 -7 21 8 -10 14 17 12 13 -15 15 -17 -18 18 -20 -21 -22 -23 24 -25 28 -27 27 -29 29 -31
leaf_value=-2.4802826187827374 -0.90171492582616897 -0.91267612819438393 1.1203445565700532 -0.89786425719135687 0.78162823155522343 0.32019163019127317 0.16463334940373897 -2.8604821142943013 -1.0009018583813818 -0.9825097721727456 -0.60389258239580235 -1.604556690528989 0.35136341404169802 -1.0508189884679657 0.42001840657441419 -0.72470079519246755 -1.9607657565010919 1.1787444696506122 1.4968992660630425 -1.4770318737626076 1.3350706126760035 1.1362145348683452 -0.6839685951498734 -0.92358147297744397 1.1082770343830712 0.5439037588334853 0.66588118323548284 -0.98048917107284073 0.71450289092652985 0.22757411937821997
leaf_weight=55 117 46 65 76 40 45 60 46 41 68 46 40 80 42 107 57 63 41 53 40 68 165 87 54 95 93 44 40 342 374
leaf_count=55 117 46 65 76 40 45 60 46 41 68 46 40 80 42 107 57 63 41 53 40 68 165 87 54 95 93 44 40 342 374
internal_value=0.0084217 0.220614 -0.672606 0.0325157 -0.848603 -0.986175 0.313737 -1.12321 -1.98413 0.237143 0.320203 -0.9042 -0.495109 -0.131355 -0.272313 0.0221587 -1.27238 0.361388 0.394749 0.349041 0.408042 0.877126 0.354163 -0.064054 0.429704 -0.0495679 0.307262 -0.118105 0.536078 0.460157
internal_weight=2590 2076 196 141 514 474 1880 429 87 1655 1423 342 162 122 232 164 180 1377 1331 1278 1238 225 1170 179 991 180 125 84 811 716
internal_count=2590 2076 196 141 514 474 1880 429 87 1655 1423 342 162 122 232 164 180 1377 1331 1278 1238 225 1170 179 991 180 125 84 811 716
cat_boundaries=0 1
cat_threshold=1
is_linear=0
shrinkage=0.05


Tree=59
num_leaves=31
num_cat=2
split_feature=37 20 6 21 3 35 38 37 21 6 20 44 14 14 21 10 44 38 44 20 35 10 37 37 21 34 10 18 18 29
split_gain=178157 73016.3 47791.8 76003 44680 42581.5 38442.2 34205 46450.6 25644.6 21960.5 45064.1 20022.2 30512.3 26960.2 24758.6 19587.4 18811.4 16652.9 14229.7 25263.8 15783.9 25116.3 21134.7 14863.7 19751.8 14951.8 12440.3 21758.5 12500.4
threshold=129.30000000000004 -28.252879639688032 0.98746246358418899 -47.548212709736369 0 1760.2100000000003 466.90000000000003 17.200000000000006 -54.261644631374239 0.75851655243015059 -15.736110380327881 -152.14500000000007 133.20000000000002 13.620000000000063 -19.109590806844039 163.94400000000002 -161.3600000000001 577.31540000000007 -160.54999999999993 -22.580804171477013 1668.6700000000003 109.80050000000001 92.845000000000013 71.90000000000002 -44.222335201864723 193.94000000000003 89.53700000000002 0.79783246651136575 0.72302428164393795 1
decision_type=2 2 2 2 9 2 2 2 2 2 2 2 2 2 2 2 2 2 2 2 2 2 2 2 2 2 2 2 2 1
left_child=2 18 7 -4 6 -5 -3 -1 -9 17 11 16 13 15 -14 19 -6 -8 -2 20 24 23 -23 -21 26 -26 -10 28 -20 -29
right_child=1 4 3 5 10 -7 9 8 12 -11 -12 -13 14 -15 -16 -17 -18 -19 27 21 -22 22 -24 -25 25 -27 -28 29 -30 -31
leaf_value=1.5596486357391859 -1.7339638440145386 -2.0585479623079301 -2.0162427822748823 0.62072176097035414 -0.020426403624670849 -1.1182874733087969 0.79531664130864321 -1.2487099058248781 1.1598406909387324 -1.06857853391894 1.0699869405325146 -0.86968401123426475 -1.241699775876034 1.473635808993941 0.54981961037431448 -0.69675040386989717 1.4442525467872622 -0.48117118362457528 -1.01029842241722 0.20220079260988763 1.0258450427468409 -0.67305401094102613 0.5348706429394392 0.97365631526849405 -0.98430860567837952 0.32308951773895672 0.26482763955688199 -1.5118142708142599 0.43714501964194441 -0.79852347223440545
leaf_weight=61 72 40 54 125 42 49 54 44 79 76 73 76 42 69 42 50 50 62 68 295 228 96 78 127 40 104 114 105 42 148
leaf_count=61 72 40 54 125 42 49 54 44 79 76 73 76 42 69 42 50 50 62 68 295 228 96 78 127 40 104 114 105 42 148
internal_value=-0.00650009 -0.571783 0.295961 -0.377557 -0.1418 0.131001 -0.62165 0.400497 0.350278 -0.354674 0.332143 0.031302 0.401858 0.450932 -0.34594 0.392661 0.775595 0.113056 -1.03933 0.439578 0.619362 0.269145 -0.131571 0.434369 0.344352 -0.0400766 0.63118 -0.901549 -0.457638 -1.09455
internal_weight=2605 908 1697 228 473 174 232 1469 1408 192 241 168 1364 1280 84 1211 92 116 435 1161 565 596 174 422 337 144 193 363 110 253
internal_count=2605 908 1697 228 473 174 232 1469 1408 192 241 168 1364 1280 84 1211 92 116 435 1161 565 596 174 422 337 144 193 363 110 253
cat_boundaries=0 1 2
cat_threshold=96 2
is_linear=0
shrinkage=0.05


Tree=60
num_leaves=31
num_cat=2
split_feature=37 20 3 33 38 37 6 6 20 37 19 35 6 19 33 35 20 20 33 33 27 10 34 10 37 34 14 10 37 37
split_gain=171887 79744.2 36255.6 32963.5 28817.5 27638.5 24562.4 19300.6 41037.9 31879.6 29330.4 74455.2 17295.4 17181.2 27037.5 16962.5 22711.6 16853.8 38971.5 42418.5 16258.4 30189.3 15236.9 15547 14811.3 12964.5 12909.1 13985.9 21814.3 15492.7
threshold=127.66500000000001 -28.252879639688032 0 282.17500000000001 535.0440000000001 155.92600000000002 0.61236551355575453 0.98746246358418899 -24.796347393081394 11.390000000000002 0.26041666666666669 277.04500000000002 0.7560669024331812 0.41985951468710087 161.41000000000003 537.02500000000009 -32.508818177192438 -32.674853744863306 522.69500000000016 365.58500000000009 1 4.2945000000000002 396.19500000000005 55.603000000000009 181.63500000000002 338.62500000000006 92.899999999999991 145.67050000000003 111.74500000000002 92.845000000000013
decision_type=2 2 9 2 2 2 2 2 2 2 2 2 2 2 2 2 2 2 2 2 1 2 2 2 2 2 2 2 2 2
left_child=7 13 3 -3 -5 12 -7 9 -9 -1 17 -12 -4 22 15 -15 -17 -11 19 -19 -10 -22 23 -2 -25 -6 27 29 -29 -20
right_child=1 2 5 4 25 6 -8 8 20 10 11 -13 -14 14 -16 16 -18 18 26 -21 21 -23 -24 24 -26 -27 -28 28 -30 -31
leaf_value=1.7903176867961883 0.013567270567783944 -1.7357008608182274 -0.62895193557808371 0.68083442171414699 -0.30259280294032381 0.15723211448185329 1.8158124732119696 -1.4323456569858219 0.90475676284461726 1.2213911792203305 0.94155370791753146 -2.0356463121516364 0.45777937479508229 -1.6385106091740831 -2.2649660480433496 0.31308815777983245 -1.3412203560095459 0.48208182936019084 0.39203982184049613 -1.62041963113814 -0.90612551590491985 0.72144991273858716 -1.5511440932750702 -1.4025031240656973 -0.23357137421027141 -1.3152622177549032 1.1979800036975317 -0.99395663925381594 0.5093163614110513 0.94040597362633749
leaf_weight=40 78 45 69 60 101 41 49 46 61 62 42 42 78 58 58 41 42 47 844 49 58 56 45 64 47 46 56 43 55 152
leaf_count=40 78 45 69 60 101 41 49 46 61 62 42 42 78 58 58 41 42 47 844 49 58 56 45 64 47 46 56 43 55 152
internal_value=0.0264107 -0.520572 -0.0830061 -0.489773 -0.242579 0.355184 1.06024 0.331503 -0.103402 0.398622 0.358631 -0.547046 -0.052319 -1.01473 -1.35626 -0.98247 -0.524032 0.416794 0.376757 -0.59107 0.24592 -0.106615 -0.724279 -0.527406 -0.90755 -0.619483 0.45755 0.419649 -0.150283 0.475726
internal_weight=2575 922 489 252 207 237 90 1653 221 1432 1392 84 147 433 199 141 83 1308 1246 96 175 114 234 189 111 147 1150 1094 98 996
internal_count=2575 922 489 252 207 237 90 1653 221 1432 1392 84 147 433 199 141 83 1308 1246 96 175 114 234 189 111 147 1150 1094 98 996
cat_boundaries=0 1 2
cat_threshold=96 1
is_linear=0
shrinkage=0.05


Tree=61
num_leaves=31
num_cat=1
split_feature=36 14 3 45 18 38 13 11 12 12 19 14 11 18 34 6 39 38 11 39 34 13 10 34 39 18 11 39 45 11
split_gain=182846 57850.2 43759 29822 80003.7 31152.2 44023.4 29811.2 29294 59255.9 26814.3 25428.5 25421.5 19558.2 18761.5 16833.1 15384.1 12079.5 20436.2 12011.5 10563 9906.85 10276.1 9217.07 9505.82 9090.53 14183.9 8991.07 7789.35 7532.24
threshold=155.71100000000004 208.79999999999998 0 15.020000000000097 0.69228366351417636 150.89190000000002 -1.0000000180025095e-35 1094.0022675736964 885.00000000000011 445.00000000000006 0.28011204481792723 103.88000000000001 1761.6326530612248 0.70605309810786676 310.87000000000006 0.57932896004525769 140.33450000000005 493.73260000000005 2046.9614512471655 130.20810000000003 297.16000000000003 5.9949999999999628 164.51000000000002 319.84000000000009 139.18800000000002 0.92452237408530669 5624.4671201814062 133.23450000000005 26.33899999999986 5650.6235827664414
decision_type=2 2 9 2 2 2 2 2 2 2 2 2 2 2 2 2 2 2 2 2 2 2 2 2 2 2 2 2 2 2
left_child=3 2 17 4 -1 -6 16 10 9 -5 27 14 -9 -10 28 -16 25 -2 -19 -12 -18 22 29 24 -13 26 -7 -3 -4 -15
right_child=1 7 11 8 5 6 -8 12 13 -11 19 23 -14 21 15 -17 20 18 -20 -21 -22 -23 -24 -25 -26 -27 -28 -29 -30 -31
leaf_value=-1.8393594077655249 -1.6841031479090454 -0.60488269333442568 0.48127401068806652 0.58893583660634863 1.5049867820926011 -0.88751670914175718 -1.0394081767002743 -2.7388485916455587 1.3307936225258388 -1.4683846099923055 -1.7054076963000828 -0.56475614588311385 -1.0581906812720829 0.52751280545727075 0.23839461335609125 1.5875893464088442 1.4544583989352715 0.24686521155441682 -1.0578485038098213 -0.82532022212232869 0.37176133918762211 0.98030809530845053 -0.37994187634165694 -0.82117564661402109 0.4463071768698485 0.53540574775801764 0.26353666511131452 0.39859318384310094 -0.44680048834819064 0.22963566031982779
leaf_weight=56 40 49 40 84 40 46 75 45 65 60 72 47 45 638 43 50 41 41 112 84 50 78 41 71 46 63 64 41 52 318
leaf_count=56 40 49 40 84 40 46 75 45 65 60 72 47 45 638 43 50 41 41 112 84 50 78 41 71 46 63 64 41 52 318
internal_value=-0.0173686 -0.604409 -0.284854 0.282469 -0.0753294 0.185319 0.0296059 -1.11988 0.403686 -0.268281 -0.835013 0.0594175 -1.89852 0.488566 0.462961 0.963768 0.333303 -0.865624 -0.708219 -1.23151 0.85957 0.437641 0.395185 -0.392176 -0.0646603 0.0564806 -0.217813 -0.147744 -0.0432898 0.428428
internal_weight=2597 878 542 1719 435 379 339 336 1284 144 246 349 90 1140 185 93 264 193 153 156 91 1075 997 164 93 173 110 90 92 956
internal_count=2597 878 542 1719 435 379 339 336 1284 144 246 349 90 1140 185 93 264 193 153 156 91 1075 997 164 93 173 110 90 92 956
cat_boundaries=0 1
cat_threshold=64
is_linear=0
shrinkage=0.05


Tree=62
num_leaves=31
num_cat=0
split_feature=36 20 45 18 33 35 33 44 13 11 13 20 37 20 34 20 20 10 20 20 18 18 38 34 18 37 10 11 14 18
split_gain=156565 39513.4 35540 49270.4 32727.7 25092.3 41520.7 56301 30013.1 23581.9 21710.6 23450.7 16766.6 30792.4 27765.3 20972.4 19040.5 14893.8 18460 35113.5 15372.8 11851.2 11170.5 10996.4 10732.2 11795.2 10405.2 12035.2 18211.6 17897.5
threshold=171.42160000000004 -15.277609491608574 15.020000000000097 0.69228366351417636 1659.0850000000003 1080.2200000000003 365.58500000000009 -176.76499999999996 5.9949999999999628 900.37414965986397 -1.0000000180025095e-35 -20.855547318100289 127.66500000000001 -17.974904285444879 306.12000000000006 -16.603444954882505 -21.524301974836757 23.382000000000001 -36.884240548261232 -34.726367373042983 0.97255448983066228 0.90717638242317278 334.80000000000007 317.31000000000006 0.90336458361422878 34.750000000000007 164.51000000000002 5650.6235827664414 -7.4849999999999559 0.78460269964147022
decision_type=2 2 2 2 2 2 2 2 2 2 2 2 2 2 2 2 2 2 2 2 2 2 2 2 2 2 2 2 2 2
left_child=2 4 3 -1 9 6 -4 -8 26 22 12 -12 13 16 -14 -16 24 -11 -19 -20 23 -10 -2 -21 25 -5 27 28 -7 -30
right_child=1 -3 5 10 -6 8 7 -9 21 17 11 -13 14 -15 15 -17 -18 18 19 20 -22 -23 -24 -25 -26 -27 -28 -29 29 -31
leaf_value=-1.5071435772946904 -0.68706791441548953 0.63833075312000742 0.57879245835744475 1.237306453751736 0.3471851702463829 0.17109671292396694 -2.2664439750923999 0.16468522925268522 1.9978633224964142 -1.9537555921077729 -1.3007275618206373 0.1286275272909552 -1.215957572105083 1.626383241363194 -0.563199605345726 0.9797842398589971 -0.50042828470468526 -0.25460143838124938 -2.3275191337466241 -1.4552766424914203 -1.7483549414740669 0.78818181724083136 0.45293105539111861 -0.59398693606967023 -0.13823973181399893 0.23232746828081355 -0.15374948516851519 0.19258499054541423 1.4975409478852244 0.60587736553395499
leaf_weight=56 44 54 96 61 59 208 42 55 40 40 55 60 47 46 40 49 67 79 50 45 45 41 42 210 47 56 82 344 66 382
leaf_count=56 44 54 96 61 59 208 42 55 40 40 55 60 47 46 40 49 67 79 50 45 45 41 42 210 47 56 82 344 66 382
internal_value=0.00182597 -0.658375 0.229153 -0.0969474 -0.772417 0.369597 -0.158388 -0.887969 0.457216 -0.891438 0.0526189 -0.554977 0.221804 0.445031 -0.232857 0.286308 0.209784 -1.031 -0.944965 -1.10079 -0.896336 1.38556 -0.130324 -0.745979 0.499931 0.756291 0.38772 0.43212 0.55773 0.737239
internal_weight=2608 668 1940 584 614 1356 193 97 1163 555 528 115 413 277 136 89 231 469 429 350 300 81 86 255 164 117 1082 1000 656 448
internal_count=2608 668 1940 584 614 1356 193 97 1163 555 528 115 413 277 136 89 231 469 429 350 300 81 86 255 164 117 1082 1000 656 448
is_linear=0
shrinkage=0.05


Tree=63
num_leaves=31
num_cat=5
split_feature=42 33 10 42 18 6 11 14 14 11 35 37 3 11 35 47 25 18 29 10 11 25 29 6 6 6 49 45 37 35
split_gain=125832 97384.4 56589.4 48855.2 37177.8 27878 40995 26651.2 39389.2 21950.1 49534 21627.3 20738 26513.2 19360.3 17550 16813.5 16376.2 14048.4 23845.6 15944.4 15487.9 13084.7 18253.4 12236.7 11886.2 11307 18865 10808.3 9666.18
threshold=-6.3899999999999855 953.98000000000013 420.60700000000008 4.7799999999999736 0.37094819903730264 0.76791862737329042 1094.0022675736964 81.700000000000003 13.620000000000063 1269.6371882086171 302.43500000000006 129.66500000000005 0 2330.3174603174607 537.02500000000009 21.985199999999995 1 0.9247841577655016 2 164.99250000000004 5658.321995464853 3 4 0.54783459129638545 0.96702877465732229 0.8569175762082637 165.50999999999991 30.538300000000053 73.580000000000013 677.1350000000001
decision_type=2 2 2 2 2 2 2 2 2 2 2 2 9 2 2 2 9 2 1 2 2 9 1 2 2 2 2 2 2 2
left_child=2 3 4 -2 -1 6 14 8 9 10 -6 -9 15 -14 -5 -11 -13 -7 20 21 24 26 -16 -24 -17 28 27 -20 -23 -18
right_child=1 -3 -4 5 7 17 -8 11 -10 12 -12 16 13 -15 22 18 29 -19 19 -21 -22 25 23 -25 -26 -27 -28 -29 -30 -31
leaf_value=-1.2599489856057051 -2.5643410424888136 1.1533050781341665 -1.1441410472186713 -1.3976165612538658 0.54309508245852267 -0.76181899160146715 -2.0756185386491857 0.76057736955376143 1.5521983074683412 0.73831049997627352 -1.7783508672937751 0.092426073237610373 0.39789712746529005 -1.0066338976224265 -1.2520484839997641 0.73941874718037226 -1.3853499459784206 0.34001452009399219 0.95487616002559672 -0.69330747825885897 1.5734741943329573 -0.39653136722627097 -0.80310399523851561 0.26887845854933667 -0.24061840640174018 0.45670484878759776 1.3458556421831542 -0.26142547321769427 0.19243472531887157 -0.47102624997496606
leaf_weight=41 40 66 78 75 54 60 69 54 65 306 40 129 72 63 41 109 41 77 80 67 40 128 77 82 45 193 51 53 199 98
leaf_count=41 40 66 78 75 54 60 69 54 65 306 40 129 72 63 41 109 41 77 80 67 40 128 77 82 45 193 51 53 199 98
internal_value=-0.01224 -0.656128 0.176176 -0.885347 0.229591 -0.745721 -0.985942 0.261956 0.347189 0.294972 -0.444754 -0.152303 0.344428 -0.239789 -0.712532 0.405179 -0.336241 -0.14254 0.303743 0.208047 0.684061 0.293829 -0.455625 -0.250258 0.453044 0.142797 0.67615 0.470185 -0.0381086 -0.691006
internal_weight=2593 587 2006 521 1928 481 344 1887 1565 1500 94 322 1406 135 275 1271 268 137 965 771 194 704 200 159 154 520 184 133 327 139
internal_count=2593 587 2006 521 1928 481 344 1887 1565 1500 94 322 1406 135 275 1271 268 137 965 771 194 704 200 159 154 520 184 133 327 139
cat_boundaries=0 1 2 3 4 5
cat_threshold=75 76 1 12 1
is_linear=0
shrinkage=0.05


Tree=64
num_leaves=31
num_cat=4
split_feature=36 14 28 27 11 40 14 34 20 45 12 38 39 25 47 11 18 21 15 18 12 14 29 34 21 21 18 20 36 33
split_gain=125642 46217.6 32192.1 29338.4 19622.9 19816 18896.3 18797.4 18628.4 17069.1 41446.4 25566 33988.4 31201 29322.6 16483.4 16430.8 20833.4 32610.5 23205.4 22213.9 15681.1 12743 12191.9 9454.56 14510.8 8799.73 9094.23 11480.9 9088.03
threshold=155.71100000000004 208.79999999999998 0 1 1094.0022675736964 273.09500000000008 234.20000000000002 298.53000000000003 -15.696865269340394 18.51924999999996 1590.0000000000002 150.89190000000002 143.03710000000004 2 26.4693 954.56916099773252 0.70605309810786676 -50.302412530860188 -187.26499999999996 0.78460269964147022 1505.0000000000002 81.700000000000003 3 177.17000000000004 -47.625616341976482 -48.15842466219641 0.88383026500827777 -22.580804171477013 109.32270000000001 927.78000000000009
decision_type=2 2 1 1 2 2 2 2 2 2 2 2 2 9 2 2 2 2 2 2 2 2 1 2 2 2 2 2 2 2
left_child=8 2 -2 -4 5 6 -3 -5 9 10 11 -1 13 23 -15 -8 -11 18 -18 20 -19 -9 -23 -13 25 -21 27 -26 -29 -28
right_child=1 4 3 7 -6 -7 15 21 -10 16 -12 12 -14 14 -16 -17 17 19 -20 24 -22 22 -24 -25 26 -27 29 28 -30 -31
leaf_value=1.3758487460089892 -0.70866318181316357 -1.9375873016410097 1.3009683001109147 -0.8823232124417516 -1.5838802010167479 -0.10724730200388216 -0.035035743385553361 0.80831762000185547 -0.66874031667031497 1.1701986647569216 -1.4407010301601055 0.9500688761472702 0.82830130668247459 -1.9000021000525782 -0.30003038752410149 -1.2840512897287097 -1.0739994074187933 1.9482489585876466 0.48540438679621034 0.36697220100710792 0.35573494652422466 0.52284910091656756 -0.34212443514550533 -0.066260948239101308 0.35822252444922925 1.5368003705652749 0.2465812957788201 0.089084250518640926 -0.94668325331152947 0.6461994645695972
leaf_weight=41 183 43 44 59 86 88 50 61 51 65 43 50 102 42 90 56 62 47 73 75 41 59 153 72 112 41 373 77 41 230
leaf_count=41 183 43 44 59 86 88 50 61 51 65 43 50 102 42 90 56 62 47 73 75 41 59 153 72 112 41 373 77 41 230
internal_value=0.0248005 -0.460774 -0.185646 0.0854818 -0.936924 -0.702163 -1.05352 -0.073032 0.272646 0.301275 0.0338096 0.193517 0.0573499 -0.252245 -0.752133 -0.694893 0.396412 0.353497 -0.230766 0.429558 1.20628 0.10187 -0.101401 0.323732 0.357533 0.780446 0.29864 0.0355061 -0.270801 0.399006
internal_weight=2610 882 559 376 323 237 149 332 1728 1677 440 397 356 254 132 106 1237 1172 135 1037 88 273 212 122 949 116 833 230 118 603
internal_count=2610 882 559 376 323 237 149 332 1728 1677 440 397 356 254 132 106 1237 1172 135 1037 88 273 212 122 949 116 833 230 118 603
cat_boundaries=0 1 2 3 4
cat_threshold=8 4 96 2
is_linear=0
shrinkage=0.05


Tree=65
num_leaves=31
num_cat=2
split_feature=13 33 18 13 10 45 11 12 44 47 10 13 11 15 25 44 28 13 18 12 34 10 34 11 11 20 11 34 34 39
split_gain=87551.1 74331.1 41636.7 33706.1 25389.8 20593.6 20546.6 26902.4 19924.5 23449.4 19438.8 23465.1 47029.6 14745.7 14357.5 33079.5 20881.9 40025.1 14630.4 23193.6 20214.9 13654.5 14920 22479.9 12963.2 11807 11466.7 23179.2 11299.7 10968.1
threshold=-6.3899999999999855 953.98000000000013 0.44382582982731228 4.7799999999999736 269.38900000000007 10.187200000000077 5666.1111111111122 1465.0000000000002 -170.70999999999989 14.003000000000002 164.99250000000004 -125.01999999999997 5624.4671201814062 -186.29500000000004 0 -89.124999999999986 1 -63.229999999999983 0.90717638242317278 761.3850000000001 248.95000000000002 93.931000000000012 322.93000000000006 1071.3038548752836 5650.6235827664414 -33.797555241307514 5603.6394557823141 224.40000000000003 220.88500000000002 114.70000000000006
decision_type=2 2 2 2 2 2 2 2 2 2 2 2 2 2 9 2 1 2 2 2 2 2 2 2 2 2 2 2 2 2
left_child=2 3 5 -2 6 -1 10 -8 -5 -10 14 12 -12 -9 18 24 -17 -18 19 -4 -20 22 25 -24 26 -11 28 -28 -16 -15
right_child=1 -3 4 8 -6 -7 7 13 9 21 11 -13 -14 29 15 16 17 -19 20 -21 -22 -23 23 -25 -26 -27 27 -29 -30 -31
leaf_value=-1.622100906649774 -2.1489857199788096 0.90938642381073598 1.8118632195993911 -1.388710302511851 -1.0101531039479943 -0.25266733863582352 -0.14083610185094783 0.41053868451466163 0.2778935490128322 -1.3695106535484749 1.2255025386486365 -1.3621150460354119 -0.89947352429231009 0.96184853581768093 0.60957521502230616 0.083846050384589019 -0.083776552766198067 -1.8088165847617284 -0.54890436537098142 0.50806676958546493 0.58051111248250187 -1.2842162749050436 0.89188138246536264 -0.78442095279693602 -0.18257656489547933 -0.49478633379743941 0.063833571056228708 0.99684402300861841 -0.0096904097711794993 2.0031216429501044
leaf_weight=44 40 77 43 75 42 73 74 66 78 56 46 43 60 66 111 163 82 57 64 165 104 74 40 40 114 124 109 171 219 41
leaf_count=44 40 77 43 75 42 73 74 66 78 56 46 43 60 66 111 163 82 57 64 165 104 74 40 40 114 124 109 171 219 41
internal_value=-0.0154851 -0.541712 0.146927 -0.753732 0.205084 -0.767668 0.233471 0.657019 -0.639132 -0.50268 0.16602 -0.376955 0.0226859 0.998298 0.223725 0.122276 -0.316115 -0.738069 0.484416 0.777602 0.150258 -0.684969 -0.514414 0.0537302 0.30683 -0.766923 0.398293 0.633636 0.198608 1.36084
internal_weight=2561 604 1957 527 1840 117 1798 247 487 412 1551 149 106 173 1402 1026 302 139 376 208 168 334 260 80 724 180 610 280 330 107
internal_count=2561 604 1957 527 1840 117 1798 247 487 412 1551 149 106 173 1402 1026 302 139 376 208 168 334 260 80 724 180 610 280 330 107
cat_boundaries=0 1 2
cat_threshold=69 5
is_linear=0
shrinkage=0.05


Tree=66
num_leaves=31
num_cat=2
split_feature=36 21 45 18 38 13 13 35 44 13 14 29 11 6 14 18 35 25 13 13 19 18 35 15 21 18 11 21 15 15
split_gain=94093.2 27010 22599.2 68845 23009.7 28536.3 36340.4 21082.7 30060.7 29523.9 18079.2 16939.7 16371.7 18833.9 13870.5 20220.2 13423.8 12026.6 17185.7 11263.4 10384.4 9924.21 11040 9672.41 18074.9 12001.2 14059.3 13930.6 9008.12 9957.88
threshold=170.49020000000002 -16.618617182036783 15.020000000000097 0.69228366351417636 150.89190000000002 -1.0000000180025095e-35 13.270000000000012 1080.2200000000003 -178.69499999999994 5.9949999999999628 208.79999999999998 0 943.74149659863951 0.49124535891336357 258.51000000000005 0.85201994629875821 617.65500000000009 1 -54.629999999999988 -58.699999999999996 0.28011204481792723 0.92927466107806833 961.0350000000002 -185.6999999999999 -50.302412530860188 0.79598818157566786 5645.2834467120192 -46.168846557994748 -178.40999999999994 -174.50999999999996
decision_type=2 2 2 2 2 2 2 2 2 2 2 1 2 2 2 2 2 9 2 2 2 2 2 2 2 2 2 2 2 2
left_child=2 10 3 -1 -5 16 -7 8 -4 23 11 -2 13 -12 20 -16 -6 21 19 -19 -14 -18 -23 24 -9 -26 -27 -28 -25 -30
right_child=1 -3 7 4 5 6 -8 9 -10 -11 12 -13 14 -15 15 -17 17 18 -20 -21 -22 22 -24 28 25 26 27 -29 29 -31
leaf_value=-1.872126705305917 0.37530257819276869 0.51051466296232928 -1.0336118811631905 1.2403098004311324 -0.59574238632587684 -1.8320092174139893 0.053236547961342529 -0.5845887544146483 0.26041516749696297 1.3093959678577471 -1.0073489467887318 -0.52528121032118802 -1.0776448298369845 0.38793389672494455 0.057818368854730032 -1.4167904304697159 -0.48371688569622012 0.64772432124614721 1.3398352605646309 -0.35287190434005528 -2.0587136389649645 -0.25238703517026678 0.86796608289082844 0.79588821779838526 1.0293329070011774 0.37841785236437253 0.50820669385041883 -0.52001237031959346 -0.3705259490419518 0.440640695128176
leaf_weight=49 66 60 68 40 47 44 61 69 132 79 51 250 60 46 46 47 68 75 55 45 49 43 45 152 48 345 48 105 44 270
leaf_count=49 66 60 68 40 47 44 61 69 132 79 51 250 60 46 46 47 68 75 55 45 49 43 45 152 48 345 48 105 44 270
internal_value=0.00609952 -0.502095 0.183652 -0.0800325 0.0878693 -0.00757093 -0.736771 0.294555 -0.179554 0.376298 -0.600887 -0.337185 -0.879582 -0.345668 -1.13597 -0.687414 0.194985 0.307263 0.575087 0.272501 -1.51868 -0.0282344 0.320521 0.308106 0.177916 0.274276 0.2015 -0.197434 0.479925 0.326974
internal_weight=2607 675 1932 572 523 483 105 1360 200 1160 615 316 299 97 202 93 378 331 175 120 109 156 88 1081 615 546 498 153 466 314
internal_count=2607 675 1932 572 523 483 105 1360 200 1160 615 316 299 97 202 93 378 331 175 120 109 156 88 1081 615 546 498 153 466 314
cat_boundaries=0 1 2
cat_threshold=1 44
is_linear=0
shrinkage=0.05


Tree=67
num_leaves=31
num_cat=2
split_feature=37 20 31 20 21 21 3 15 39 36 13 10 20 33 20 36 34 6 10 6 13 33 18 49 18 37 34 37 10 37
split_gain=91757.1 41224.7 30057.2 24781.8 20869.3 28287.9 20180.7 36888.1 85053 17896.9 24161.5 16123 17621.1 18325.4 16414.6 19672.8 15797.6 14648.1 17562.8 18596.3 14942.1 13652.2 12329.9 17467.9 12142.9 18606 18914.2 18562 14802.8 15327.8
threshold=126.42500000000003 -15.882527906977053 0 -15.193791467730753 -18.747043667583071 -19.746187976791749 1 -44.999999999999993 122.70500000000001 170.49020000000002 -186.78000000000006 23.382000000000001 -36.884240548261232 1459.7250000000001 -34.672342606004385 188.31790000000004 298.53000000000003 0.5593742535320535 68.772000000000006 0.6395125744611645 1.0000000180025095e-35 862.45000000000016 0.86227595049860428 178.69499999999999 0.62327875903497143 34.750000000000007 264.18000000000006 41.190000000000005 36.411500000000011 22.605000000000004
decision_type=2 2 1 2 2 2 9 2 2 2 2 2 2 2 2 2 2 2 2 2 2 2 2 2 2 2 2 2 2 2
left_child=4 2 9 -3 5 6 24 21 -9 -2 -11 -4 13 -13 15 -14 -16 -18 -19 -20 -21 -8 -23 -24 -1 28 27 -27 29 -26
right_child=1 3 11 -5 -6 -7 7 8 -10 10 -12 12 14 -15 16 -17 17 18 19 20 -22 22 23 -25 25 26 -28 -29 -30 -31
leaf_value=-0.31890754952575223 1.034957191348076 1.4230519577208907 -1.6034221855076876 -0.026786366331257989 1.2341991264601144 -0.86934465160135366 -0.50854341199523523 -2.6225555573190964 0.35396734582526346 0.62647307866386015 -1.032234542136607 0.83510182976722724 -0.63064703765240582 -0.64359975623136223 -1.4890127579371135 -2.162746492624283 -1.1726274106432411 0.52855124410162579 0.17454065761050663 -0.45650642874340219 -1.3327811544075505 1.1534655938297511 0.43019129217508634 -0.67833911432160277 0.62606512054068153 -0.48837552700311915 -0.70676453457938304 0.4098667423539567 0.076307771035603114 1.7771121146462183
leaf_weight=66 40 40 44 112 49 61 57 42 56 42 46 40 44 44 45 40 68 47 74 150 72 40 169 45 61 62 45 795 42 55
leaf_count=66 40 40 44 112 49 61 57 42 56 42 46 40 44 44 45 40 68 47 74 150 72 40 169 45 61 62 45 795 42 55
internal_value=-0.00798247 -0.399785 -0.543867 0.35475 0.21781 0.186605 0.228568 -0.0739772 -0.921685 0.158026 -0.240579 -0.678362 -0.613133 0.0605439 -0.717928 -1.36022 -0.599611 -0.502231 -0.369324 -0.511893 -0.740704 0.190768 0.3477 0.197089 0.336134 0.380091 0.292417 0.344883 0.880608 1.17182
internal_weight=2593 948 796 152 1645 1596 1535 409 98 128 88 668 624 84 540 84 456 411 343 296 222 311 254 214 1126 1060 902 857 158 116
internal_count=2593 948 796 152 1645 1596 1535 409 98 128 88 668 624 84 540 84 456 411 343 296 222 311 254 214 1126 1060 902 857 158 116
cat_boundaries=0 1 2
cat_threshold=2 99
is_linear=0
shrinkage=0.05


Tree=68
num_leaves=31
num_cat=3
split_feature=36 36 42 38 19 38 25 18 12 28 6 18 40 14 45 11 21 20 11 20 18 29 21 21 34 21 20 18 42 21
split_gain=69032 26810.4 26082.7 30544.2 41161.1 28341.8 28817.9 34969.2 27248.5 24293.2 19308 22940.1 18051.5 17400.8 15253.2 17719.7 12875 12959 12262.2 17083.7 13225.5 11862.9 11299.9 23402.7 12990.1 10593.1 11958 10653.8 10030.1 10023.5
threshold=171.42160000000004 218.50650000000005 -70.19000000000004 150.89190000000002 0.64396028681742978 952.99000000000012 0 0.92218979421284375 960.2700000000001 1 0.96020740672851534 0.74778608041769845 278.87000000000006 125.20999999999999 53.098699999999923 1873.0952380952381 -22.313906270483226 -19.848387698792589 5603.6394557823141 -21.057996268523222 0.73654560107446165 2 -45.357325977780981 -34.679411711690697 339.20000000000005 -39.552111327830922 -22.580804171477013 0.77427963669807898 -6.3899999999999855 -34.104644496166223
decision_type=2 2 2 2 2 2 9 2 2 1 2 2 2 2 2 2 2 2 2 2 2 1 2 2 2 2 2 2 2 2
left_child=2 9 14 -4 5 6 28 -8 -7 -2 -10 -12 -11 -9 16 -16 17 18 -1 20 -20 -22 -14 -24 -25 26 27 -23 -5 -3
right_child=1 29 3 4 -6 8 7 13 10 12 11 -13 22 -15 15 -17 -18 -19 19 -21 21 25 23 24 -26 -27 -28 -29 -30 -31
leaf_value=0.022546833709655507 -0.60374260204879726 -1.4229600849974005 1.0097821758418788 0.70463322017152441 -1.5697437499960265 1.4441471896388316 -1.7823862393697103 0.22352913972260297 0.78621606339411054 -0.79596955738961706 -1.0979287463183307 0.1567788897160913 1.0014148434927297 -0.91207099845915141 -1.0492348893767312 0.22750316977791196 0.72376197762257677 -0.33081402515436148 1.2317729389251666 1.4256485808727355 0.87599616155028359 -0.47664012676332057 -0.81582540504634382 0.10823598031590626 1.2072897471487523 0.9551912972400356 -0.4200528921583031 0.39126326214841023 -0.17472423033581841 -0.51268368801292119
leaf_weight=212 252 79 61 59 48 44 60 69 74 48 49 142 43 66 42 77 211 77 43 43 80 41 50 82 40 43 79 257 72 49
leaf_count=212 252 79 61 59 48 44 60 69 74 48 49 142 43 66 42 77 211 77 43 43 80 41 50 82 40 43 79 257 72 49
internal_value=0.0223564 -0.426883 0.170566 -0.0622145 -0.157956 -0.0512387 -0.376451 -0.74008 0.291866 -0.265923 0.100544 -0.165109 0.0777655 -0.331653 0.314291 -0.22311 0.373178 0.288637 0.348409 0.466297 0.390327 0.317962 0.276449 0.0952074 0.468581 0.21167 0.126865 0.271854 0.205626 -1.07449
internal_weight=2592 643 1949 744 683 635 326 195 309 515 265 191 263 135 1205 119 1086 875 798 586 543 500 215 172 122 420 377 298 131 128
internal_count=2592 643 1949 744 683 635 326 195 309 515 265 191 263 135 1205 119 1086 875 798 586 543 500 215 172 122 420 377 298 131 128
cat_boundaries=0 1 2 3
cat_threshold=76 12 1
is_linear=0
shrinkage=0.05


Tree=69
num_leaves=31
num_cat=1
split_feature=37 34 14 14 20 20 33 39 20 11 21 37 27 20 11 37 38 19 18 10 14 35 11 38 21 44 34 41 45 11
split_gain=59717 28474.8 34781.1 118980 30801.7 26499.2 29837.4 29186 20684.6 18063 29905 17874.7 17670.5 15732.7 14672.8 16631.1 28575.8 14225.8 16511.5 13705.1 14138.3 12026.3 11932.2 11410.9 10708.3 9132.87 9077.2 9923.3 10589 12991.6
threshold=135.85000000000005 193.94000000000003 3.9100000000000041 -3.8149999999999689 -25.8097358759473 -16.75941039128794 1659.0850000000003 152.60130000000001 -24.335296285133033 1185.7709750566896 -17.20075780489039 144.95500000000001 0 -18.570664280569648 900.37414965986397 165.63500000000002 364.84600000000006 0.41985951468710087 0.86227595049860428 70.105000000000004 -3.1800000000000632 773.25500000000022 954.56916099773252 1983.1635000000003 -16.484826758337913 -197.95500000000001 212.58500000000004 0.80325277365106429 38.814999999999927 2330.3174603174607
decision_type=2 2 2 2 2 2 2 2 2 2 2 2 1 2 2 2 2 2 2 2 2 2 2 2 2 2 2 2 2 2
left_child=1 2 3 -1 -4 6 11 24 -6 10 21 -2 -10 14 -13 -16 -17 18 -18 20 -11 22 -3 -8 -7 -21 -27 28 -28 -30
right_child=5 9 4 -5 8 7 23 -9 12 19 -12 13 -14 -15 15 16 17 -19 -20 25 -22 -23 -24 -25 -26 26 27 -29 29 -31
leaf_value=0.13148574175373201 -1.3650750327754666 -0.29347284335282542 1.0186534243183478 -3.0748445729769411 -1.0351613913214317 -0.91313715147972108 0.94005801067795858 0.88665861472487451 -0.33818728215992455 1.2386219143103332 0.99505753433981603 0.093369524469298706 0.67262704776146931 0.37065187770534647 -1.2650239423195893 0.55099667578935629 -0.098228937425115639 -1.4610904957167805 -1.0857622898631283 0.88991989515445857 0.3964360744624898 0.21935035919034204 -1.3205056938987514 -0.23323127012699843 0.15002614282899435 0.81914688166925476 0.17237668479875634 0.52252175649740251 0.20509460569237886 -0.96490575257612743
leaf_weight=93 74 62 70 42 54 50 43 80 104 78 43 62 74 44 107 50 94 56 77 54 138 43 52 40 45 59 562 166 46 49
leaf_count=93 74 62 70 42 54 50 43 80 104 78 43 62 74 44 107 50 94 56 77 54 138 43 52 40 45 59 562 166 46 49
internal_value=-0.0100869 0.151999 -0.198868 -0.866039 0.0993707 -0.362851 -0.510496 0.183011 -0.177999 0.265408 -0.17321 -0.640752 0.0820389 -0.531364 -0.620352 -0.735589 -0.531077 -0.76942 -0.542908 0.341558 0.700559 -0.493182 -0.761944 0.374617 -0.409533 0.258711 0.220066 0.177118 0.0898473 -0.398379
internal_weight=2611 1789 437 135 302 822 647 175 232 1352 200 564 178 490 446 384 277 227 171 1152 216 157 114 83 95 936 882 823 657 95
internal_count=2611 1789 437 135 302 822 647 175 232 1352 200 564 178 490 446 384 277 227 171 1152 216 157 114 83 95 936 882 823 657 95
cat_boundaries=0 1
cat_threshold=2
is_linear=0
shrinkage=0.05


Tree=70
num_leaves=31
num_cat=1
split_feature=13 38 27 14 10 10 20 40 10 6 13 18 12 39 20 20 6 20 18 21 10 10 18 15 18 20 35 12 20 39
split_gain=66784.2 53492.9 33658 53487.4 29723.4 22081.3 26201 21103.7 13484.1 12850 24452.7 15178.2 15130.4 18719.8 12802.4 13470.9 13182.5 15185.1 23092.5 20780 17776.5 12827.2 12290.3 12033.5 18262.4 10790.8 12123.1 12689.2 10427.4 12025
threshold=-6.3899999999999855 961.7360000000001 0 135.30000000000004 260.44100000000009 23.382000000000001 -35.390747799905149 215.97500000000005 86.217000000000013 0.71738789954067383 -70.19000000000004 0.95715570047205789 1025.0000000000002 153.81040000000004 -15.696865269340394 -17.453059738825004 0.96020740672851534 -24.459371551182212 0.89836774721683921 -48.905927585162566 70.105000000000004 207.54000000000002 0.74778608041769845 -139.58499999999995 0.80699805719086526 -23.952635669337525 2635.5100000000007 1950.0000000000002 -32.848756977331213 136.84350000000003
decision_type=2 2 1 2 2 2 2 2 2 2 2 2 2 2 2 2 2 2 2 2 2 2 2 2 2 2 2 2 2 2
left_child=4 2 3 -2 9 -5 -7 -8 28 10 12 -12 13 -1 15 16 17 18 19 23 -19 25 -18 24 -11 -22 27 -27 -9 -30
right_child=1 -3 -4 5 -6 6 7 8 -10 14 11 -13 -14 -15 -16 -17 22 20 -20 -21 21 -23 -24 -25 -26 26 -28 -29 29 -31
leaf_value=-0.27656144309955039 1.0504922274424107 0.71942774620321071 -1.7262726484482678 -1.6712251410764809 -0.6261438649586909 0.5546641663364742 -1.5931541771219488 0.080875166377259625 -1.1226063061451566 -0.34488618738121457 -1.4165622469037773 -0.1150276738972891 0.99497699453072119 0.93507860239595186 -0.39924031660954157 0.93259731825083902 -0.83446220668653648 0.77016906610077562 -0.31116403006856924 1.3431325482130052 -0.60101207653681443 -0.70852723217698088 0.079771559021085695 1.0804446712407199 0.80657910982316194 0.17432849046866028 -0.57967952829988112 0.88455825948880795 -1.177450242638588 -0.02432845138013363
leaf_weight=157 49 81 65 51 123 46 57 90 69 72 48 42 44 40 75 73 48 111 61 100 45 47 157 55 66 497 46 72 52 40
leaf_count=157 49 81 65 51 123 46 57 90 69 72 48 42 44 40 75 73 48 111 61 100 45 47 157 55 66 497 46 72 52 40
internal_value=-0.0135234 -0.475615 -0.662125 -0.509769 0.126575 -0.698542 -0.558409 -0.724647 -0.527417 0.176459 -0.105934 -0.809179 0.156689 -0.0305432 0.237752 0.2707 0.235611 0.300312 0.573896 0.758157 0.181915 0.0895585 -0.134293 0.455062 0.205815 0.146392 0.20108 0.264199 -0.301768 -0.676093
internal_weight=2579 600 519 454 1979 405 354 308 251 1856 331 90 241 197 1525 1450 1377 1172 354 293 818 707 205 193 138 660 615 569 182 92
internal_count=2579 600 519 454 1979 405 354 308 251 1856 331 90 241 197 1525 1450 1377 1172 354 293 818 707 205 193 138 660 615 569 182 92
cat_boundaries=0 1
cat_threshold=1
is_linear=0
shrinkage=0.05


Tree=71
num_leaves=31
num_cat=1
split_feature=36 34 42 39 11 39 38 33 29 35 35 34 45 18 11 18 18 42 6 36 37 33 10 42 15 44 33 6 39 6
split_gain=62103.7 19251.3 23366.6 30734.7 13991.3 12599.4 16740.1 41110.3 43882.2 36062.1 23301.8 21040.7 15793.1 39045.4 12816.5 10953.5 10751.4 7794.95 12268.9 11528.6 9507.07 13294.1 7711 5965.72 5955.88 12917.4 10338.6 11848.5 13422.9 7488.95
threshold=169.70000000000002 396.19500000000005 -186.78000000000006 140.84460000000004 900.37414965986397 156.70910000000001 917.61500000000012 334.88000000000005 0 614.10000000000014 740.00500000000022 248.95000000000002 9.3630000000000013 0.86227595049860428 2169.977324263039 0.89865346384818912 0.97255448983066228 36.259999999999998 0.76247050300033814 179.72580000000002 165.63500000000002 173.56500000000003 4.5370000000000008 -59.00000000000005 -185.6999999999999 -163.41000000000005 871.56500000000017 0.80664753277684487 98.001500000000007 0.71621090799386067
decision_type=2 2 2 2 2 2 2 2 1 2 2 2 2 2 2 2 2 2 2 2 2 2 2 2 2 2 2 2 2 2
left_child=5 2 -2 4 -4 6 7 9 -9 11 -10 15 13 -8 -14 -1 -12 18 19 -6 -19 -22 -15 -7 25 -16 -26 29 -29 -28
right_child=1 -3 3 -5 17 23 12 8 10 -11 16 -13 14 22 24 -17 -18 20 -20 -21 21 -23 -24 -25 26 -27 27 28 -30 -31
leaf_value=0.94963426391283667 0.52935968751238816 -1.1472686003697548 -0.060495594143867494 0.094042193034089158 -0.83839787528628396 0.3245448553631472 -1.2551863089448116 -1.8408902401746863 -1.1911212736876999 1.6225748024526099 0.83236023414702653 -0.64116683672917518 0.97308616846326812 -0.27250687653242156 0.25699079597339669 -0.028126771381643951 -0.24321210779822788 -1.2281549839391595 -0.41361835787935952 -1.9570351975221261 0.37110609098162972 -0.8179905272889556 0.54442410976625977 0.95926761925220494 -0.13649775121141883 -0.31097249958750817 1.28235187292099 0.80174360307199621 -0.28875261219434961 0.54467540524400226
leaf_weight=54 74 76 68 188 42 86 61 58 41 42 42 76 63 43 447 61 52 42 41 51 40 57 88 65 85 129 40 42 86 246
leaf_count=54 74 76 68 188 42 86 61 58 41 42 42 76 63 43 447 61 52 42 41 51 40 57 88 65 85 129 40 42 86 246
internal_value=0.0132893 -0.397345 -0.302827 -0.419239 -0.702221 0.159498 0.121811 -0.150966 -0.69065 0.296069 -0.196473 0.00437611 0.209182 -0.210286 0.279953 0.430996 0.237363 -0.862064 -1.13418 -1.45184 -0.599739 -0.327641 0.276271 0.59777 0.239332 0.129791 0.365776 0.4689 0.0690665 0.647847
internal_weight=2586 679 603 529 341 1907 1756 426 193 233 135 191 1330 192 1138 115 94 273 134 93 139 97 131 151 1075 576 499 414 128 286
internal_count=2586 679 603 529 341 1907 1756 426 193 233 135 191 1330 192 1138 115 94 273 134 93 139 97 131 151 1075 576 499 414 128 286
cat_boundaries=0 1
cat_threshold=1
is_linear=0
shrinkage=0.05


Tree=72
num_leaves=31
num_cat=4
split_feature=36 6 21 3 10 37 29 21 11 18 33 43 11 37 18 11 25 13 37 18 43 43 10 37 37 27 11 34 33 18
split_gain=54525.7 21370.7 30088.7 21351.8 23269.6 20555.6 15276.8 14206.4 16269.2 36222 14006.6 12609.9 14808.5 15067.4 12044.4 11912 16705.4 11834.3 11641.9 16509.1 15769 10629.9 13288.7 16661 12811.9 11201 10169.1 9770.35 9196.63 13649.5
threshold=155.71100000000004 0.98746246358418899 -47.548212709736369 0 25.105500000000003 11.390000000000002 1 -17.503948059458839 1154.2176870748301 0.89483613510033966 1539.3400000000001 195.07140000000001 945.95238095238108 161.97300000000004 0.94454909533907905 2330.3174603174607 2 -26.665000000000074 41.190000000000005 0.71780808076907843 3.2074000000000074 80.223800000000026 117.12550000000002 97.445000000000007 79.205000000000027 3 5650.6235827664414 333.3300000000001 522.69500000000016 0.9510975834782871
decision_type=2 2 2 9 2 2 1 2 2 2 2 2 2 2 2 2 9 2 2 2 2 2 2 2 2 1 2 2 2 2
left_child=1 5 -3 4 -2 -1 -6 8 9 -7 17 15 13 -13 -11 16 -5 -4 20 -20 -10 22 24 26 -21 -25 -24 -8 29 -18
right_child=3 2 10 11 6 7 27 -9 18 14 -12 12 -14 -15 -16 -17 28 -19 19 21 -22 -23 23 25 -26 -27 -28 -29 -30 -31
leaf_value=1.3066763600165194 -1.0308008470318535 -1.3206615916962896 0.91817172596193086 0.15500259326621035 0.92797934022443052 0.68691780033396255 -0.24575977094639515 1.0844811930921343 -1.0383746767789126 -1.2817852149107334 -0.70235639629845936 -0.93094478851219398 -1.1761826794116925 0.29195655494307482 -0.29062195119949491 -1.0339620242313463 -0.29619307226460911 -0.066228812013143387 1.2659931321229254 0.26874144834700187 0.26636145786805587 1.0558269791305066 -0.11598476874239652 -0.32225492578326609 0.9320366973738845 0.51838383401385868 -1.0067921066059256 0.47413890459766128 -0.062757743835449228 -1.5142433179461439
leaf_weight=44 44 53 49 164 58 67 133 45 40 58 47 53 117 48 65 49 46 81 42 649 55 40 81 57 82 130 53 73 50 46
leaf_count=44 44 53 49 164 58 67 133 45 40 58 47 53 117 48 65 49 46 81 42 649 55 40 81 57 82 130 53 73 50 46
internal_value=0.0109484 0.173378 -0.275565 -0.309486 0.0326844 0.241851 0.21117 0.209848 0.182111 -0.248476 0.0373736 -0.485508 -0.793301 -0.349764 -0.758 -0.310174 -0.194273 0.304814 0.248679 0.29322 -0.283001 0.255806 0.225387 -0.0427831 0.343147 0.262146 -0.468319 0.00934995 -0.568539 -0.905218
internal_weight=2619 1738 230 881 308 1508 264 1464 1419 190 177 573 218 101 123 355 306 130 1229 1134 95 1092 1052 321 731 187 134 206 142 92
internal_count=2619 1738 230 881 308 1508 264 1464 1419 190 177 573 218 101 123 355 306 130 1229 1134 95 1092 1052 321 731 187 134 206 142 92
cat_boundaries=0 1 2 3 4
cat_threshold=2 1 76 2
is_linear=0
shrinkage=0.05


Tree=73
num_leaves=31
num_cat=1
split_feature=14 18 45 34 45 18 19 14 14 40 21 18 10 29 13 33 47 18 33 35 47 18 10 34 10 14 41 34 10 13
split_gain=45413 23966 18857.7 17453.5 38882.6 11308.7 15956.2 10700.6 23384.5 16171.1 12161.4 15954.7 11836.3 30471.8 14372.8 11475.7 9511.21 9219.76 11071.4 21536.7 9045.58 17245.4 28747.4 8986.96 10518.9 10516.2 8131.06 7304.79 12747.9 14000.8
threshold=208.79999999999998 0.40731889395193993 10.024950000000006 126.21500000000002 49.575400000000094 0.79783246651136575 0.93842364532019718 82.700000000000003 13.620000000000063 607.21500000000015 -16.399274724044044 0.89836774721683921 164.99250000000004 0 -182.03999999999996 307.24500000000006 24.208900000000014 0.84034809756324413 399.28000000000003 628.15000000000009 21.985199999999995 0.8017175318790547 -0.89800000000000113 168.99500000000003 80.006500000000003 -3.1800000000000632 0.85973124375977006 243.34 117.42700000000001 -111.09000000000002
decision_type=2 2 2 2 2 2 2 2 2 2 2 2 2 1 2 2 2 2 2 2 2 2 2 2 2 2 2 2 2 2
left_child=1 2 -1 4 -3 6 -2 8 12 10 11 16 20 -14 -15 26 -9 -7 19 -19 21 -5 -23 -22 25 -25 -13 28 29 -26
right_child=5 3 -4 7 -6 17 -8 9 -10 -11 -12 15 13 14 -16 -17 -18 18 -20 -21 23 22 -24 24 27 -27 -28 -29 -30 -31
leaf_value=-1.5151582048833372 0.67411512172803656 -1.7170819145068528 -0.13932526782155039 1.2744263177408892 0.47404913618797218 -1.2690308043999332 -0.68947919693258086 0.75985743641853343 1.0809883538840546 0.56542610257864001 0.32361450418829918 -0.55259351323290573 0.84323509179733025 -0.12870934181488478 -1.293359144087191 -0.28869572828989476 -0.30544049550186503 -0.69303349364135003 -1.1328914511948824 0.64131259960787634 -0.34411492461522863 -0.70898319487854589 0.52341815754264653 0.74812040047889417 0.34864487179105558 0.17591598992304106 -1.5312602812593634 0.34990835723047164 -0.69194144209225972 -0.25498387197680444
leaf_weight=40 41 40 66 51 41 56 45 40 72 80 80 41 44 52 54 112 44 108 58 42 91 59 239 132 201 205 44 153 66 184
leaf_count=40 41 40 66 51 41 56 45 40 72 80 80 41 44 52 54 112 44 108 58 42 91 59 239 132 201 205 44 153 66 184
internal_value=-0.0078341 0.0752371 -0.658508 0.111838 -0.607991 -0.537354 -0.0393935 0.140364 0.200368 -0.0777495 -0.220282 -0.375127 0.158955 -0.26288 -0.722022 -0.621146 0.201844 -0.699568 -0.546251 -0.319417 0.204773 0.424821 0.279419 0.130357 0.176241 0.400044 -1.0592 0.0513716 -0.0499059 0.0601574
internal_weight=2581 2231 106 2125 81 350 86 2044 1603 441 361 281 1531 150 106 197 84 264 208 150 1381 349 298 1032 941 337 85 604 451 385
internal_count=2581 2231 106 2125 81 350 86 2044 1603 441 361 281 1531 150 106 197 84 264 208 150 1381 349 298 1032 941 337 85 604 451 385
cat_boundaries=0 1
cat_threshold=1
is_linear=0
shrinkage=0.05


Tree=74
num_leaves=31
num_cat=4
split_feature=14 18 3 21 37 45 21 20 25 18 18 20 41 11 39 10 10 29 45 25 10 20 34 12 15 13 37 10 34 12
split_gain=44445.3 24142.7 20475.9 35844.2 21385.9 17670.4 15476.3 23578.2 20372.3 20112.9 16373.9 15392.1 14775.8 14189.3 13827.7 15641.4 16578.9 12806.5 14050.3 12018.3 23316.8 11061.5 10811 10689.4 10523.1 15704.2 11301 10258.2 10225.8 10078.7
threshold=214.19999999999999 0.37094819903730264 0 -48.068509840015324 165.01400000000004 19.768999999999988 -20.296805801754996 -18.570664280569648 1 0.95715570047205789 0.98164086756705704 -24.295111439156504 0.83859764026554295 2101.2698412698414 93.973250000000007 70.105000000000004 46.184500000000007 2 19.602349999999905 3 26.549500000000005 -25.896487167102418 249.43500000000003 2915.0000000000005 -185.6999999999999 -142.35999999999999 79.205000000000027 54.578500000000012 177.17000000000004 215.00000000000003
decision_type=2 2 9 2 2 2 2 2 9 2 2 2 2 2 2 2 2 1 2 9 2 2 2 2 2 2 2 2 2 2
left_child=1 5 11 -4 6 -1 7 19 9 -8 -11 17 -10 29 -13 16 28 21 -19 20 -5 22 -3 24 25 -17 -27 -21 -16 -2
right_child=13 2 3 4 -6 -7 8 -9 12 10 -12 14 -14 -15 15 23 -18 18 -20 27 -22 -23 -24 -25 -26 26 -28 -29 -30 -31
leaf_value=-1.4878256047880927 -0.57120831909248371 -0.66586507555652175 -1.2389963791007177 -1.1656008330888528 -1.0256333501667392 -0.037029910378339817 -1.292665244684075 1.2812628383437792 -0.22588025999356467 0.51281459889513381 -0.7580971696701917 -0.72682982886091196 0.77231295740426475 0.29853402328927342 0.94556831481844883 -0.95373849754637863 1.4223712898964107 0.48751735832255627 1.6525370766950207 1.1177508018360558 0.10421005050048626 0.56491202932245665 0.43122005712154304 -0.72800440334138417 0.29070501149704103 -0.18865813191038788 0.49131480363699104 0.22218236507704625 0.022122795202515342 -1.4016652079515679
leaf_weight=43 243 47 64 43 49 41 66 48 83 47 55 47 67 41 43 47 43 65 43 44 227 144 43 42 336 186 91 117 99 43
leaf_count=43 243 47 64 43 49 41 66 48 83 47 55 47 67 41 43 47 43 65 43 44 227 144 43 42 336 186 91 117 99 43
internal_value=-0.0263748 0.0521321 0.0840963 -0.0970131 -0.0117686 -0.779699 0.0505643 0.230087 -0.219849 -0.57814 -0.172481 0.212354 0.206231 -0.571362 0.108934 0.15322 0.562225 0.501 0.951368 0.113019 -0.0945184 0.293137 -0.141702 0.0454334 0.0946521 -0.108662 0.0347265 0.439628 0.301758 -0.696067
internal_weight=2597 2270 2186 910 846 84 797 479 318 168 102 1276 150 327 934 887 185 342 108 431 270 234 90 702 660 324 277 161 142 286
internal_count=2597 2270 2186 910 846 84 797 479 318 168 102 1276 150 327 934 887 185 342 108 431 270 234 90 702 660 324 277 161 142 286
cat_boundaries=0 1 2 3 4
cat_threshold=15 34 4 10
is_linear=0
shrinkage=0.05


Tree=75
num_leaves=31
num_cat=1
split_feature=37 3 37 35 45 18 18 34 37 39 6 37 18 11 21 18 12 15 37 18 20 6 33 35 20 34 44 21 6 15
split_gain=41676.9 20222.9 25845.6 15006.7 14729.3 62345.2 16170.2 15877.7 17602.1 17959.7 12742.2 16540.3 12176.8 19997.2 11580.6 20565.4 21232.4 15985.8 10994.2 10411.5 12927.3 15037.8 14113.9 12281.7 10312.6 7367.24 7357.88 13120.9 12990.8 7451.08
threshold=135.85000000000005 0 199.91000000000003 589.1450000000001 8.9601000000000131 0.69748124640763332 0.70605309810786676 151.54000000000005 34.750000000000007 136.84350000000003 0.76479704853497132 170.35650000000004 0.94335648545657824 1095.6916099773246 -50.302412530860188 0.78460269964147022 1505.0000000000002 -188.89499999999995 148.85700000000006 0.95876294962517761 -18.233984591515053 0.69484401912306881 866.28000000000009 791.33500000000015 -37.083467236644026 234.19500000000002 -177.15499999999994 -30.171232642833356 0.80819144174349988 -189.89499999999984
decision_type=2 9 2 2 2 2 2 2 2 2 2 2 2 2 2 2 2 2 2 2 2 2 2 2 2 2 2 2 2 2
left_child=4 12 3 -3 5 -1 -6 -7 -9 -10 11 -5 18 -14 17 16 -16 -8 -2 20 21 -17 25 -22 -20 -23 27 -24 -28 -30
right_child=1 2 -4 10 6 7 14 8 9 -11 -12 -13 13 -15 15 19 -18 -19 24 -21 23 22 26 -25 -26 -27 28 -29 29 -31
leaf_value=-1.958096816993895 0.20143389065051454 -0.75421478043903001 -1.1893787736116452 -0.10339304619970231 0.92502105978131299 -0.74217324450003863 -1.0023933240212501 0.89472916039663408 -0.30239806309954764 0.73129978786080574 0.98139599810043965 0.90139651321897318 -1.8700777126521602 -0.48671591869658892 1.6637433250745137 -0.66189046935868212 0.10397613883018493 0.14650270173825869 0.029554993317264029 0.43733845082028311 -1.1045959289337313 0.23089537316604575 -1.0049598921362948 0.083629561909897773 -0.72011627366212583 0.86117566217321395 -0.041015722367758536 0.13392278678489453 1.0089810550212861 0.24229242389332761
leaf_weight=42 64 44 43 208 75 49 48 74 146 59 48 51 41 72 48 54 40 82 61 257 43 85 41 44 185 102 254 66 56 73
leaf_count=42 64 44 43 208 75 49 48 74 146 59 48 51 41 72 48 54 40 82 61 257 43 85 41 44 185 102 254 66 56 73
internal_value=-0.00289488 -0.297429 -0.0315749 0.109365 0.13556 -0.144324 0.21126 0.0879269 0.233715 -0.00489478 0.233135 0.0944613 -0.53174 -0.988644 0.169858 0.219887 0.954758 -0.277705 -0.382345 0.15973 0.0725108 0.141083 0.205131 -0.503654 -0.534222 0.574685 0.0640976 -0.302472 0.166507 0.575118
internal_weight=2555 817 394 351 1738 370 1368 328 279 205 307 259 423 113 1293 1163 88 130 310 1075 818 731 677 87 246 187 490 107 383 129
internal_count=2555 817 394 351 1738 370 1368 328 279 205 307 259 423 113 1293 1163 88 130 310 1075 818 731 677 87 246 187 490 107 383 129
cat_boundaries=0 1
cat_threshold=96
is_linear=0
shrinkage=0.05


Tree=76
num_leaves=31
num_cat=5
split_feature=37 21 3 14 25 27 39 3 27 21 47 21 42 19 10 21 39 33 34 10 37 21 14 20 33 34 36 15 20 22
split_gain=34512.8 24092.8 23359.1 25726.1 15766.1 27444 14755.8 13933.8 26884.7 56872.5 22483.4 21568.1 13300.6 26989.6 16927.2 12145.1 11059.9 12052.9 10755.2 13922 14296.2 10548.1 15014.1 8783.08 8071.48 11366.4 7284.38 6873.7 6803.13 6784.45
threshold=127.66500000000001 -18.442850792320225 0 214.69999999999996 1 2 149.12500000000003 3 4 -25.895175959419806 14.2875 -19.746187976791749 -19.169999999999998 0.32142857142857145 163.94400000000002 -23.99490756279765 141.61700000000005 129.01500000000001 149.08000000000001 4.2945000000000002 36.935000000000009 -34.435544148721256 251.30000000000001 -20.21439825147139 259.99000000000007 333.89500000000004 207.62000000000003 -229.10499999999996 -34.672342606004385 0.9510975834782871
decision_type=2 2 9 2 9 1 2 9 1 2 2 2 2 2 2 2 2 2 2 2 2 2 2 2 2 2 2 2 2 2
left_child=1 7 3 4 6 -6 -2 11 10 -10 -9 12 13 14 18 -12 17 -4 -1 -20 -21 26 -23 -17 -18 -26 -5 -27 -19 -30
right_child=2 -3 16 21 5 -7 -8 8 9 -11 15 -13 -14 -15 -16 23 24 28 19 20 -22 22 -24 -25 25 27 -28 -29 29 -31
leaf_value=1.0399380586328026 0.30627923723939182 1.2061958271007125 -0.12408393778851334 -0.37049561646722617 0.92729918457740956 -0.65331539943030004 1.3622670492735403 0.87928864996727207 -2.0784674048119665 0.14252729606947731 -0.52954037968929002 -0.80365579210075677 0.91504989836897177 -1.0089442394589159 -0.64127053630352027 0.60204893891897171 -0.84957557652323024 -1.279774739848716 -0.28635154229899251 1.1797294335162387 0.28158085909949188 -0.72311038618407597 0.61420191127893542 -0.20192503413983753 0.29479059808784064 -0.088549592568163291 -1.3073858153711004 -0.91016280171663877 -0.30212981818476692 -1.0273591746733739
leaf_weight=47 77 52 71 42 43 76 58 73 49 70 104 51 70 44 50 66 42 70 102 47 773 41 43 70 99 57 41 46 64 65
leaf_count=47 77 52 71 42 43 76 58 73 49 70 104 51 70 44 50 66 42 70 102 47 773 41 43 70 99 57 41 46 64 65
internal_value=0.010547 0.146858 -0.232626 0.0473699 0.365421 -0.0757993 0.707552 0.11277 -0.129302 -0.772 0.110915 0.200493 0.247462 0.203501 0.255854 -0.122799 -0.454049 -0.683366 0.302145 0.264535 0.33306 -0.433536 -0.0385339 0.188239 -0.218905 -0.087775 -0.833297 -0.455484 -0.882909 -0.667555
internal_weight=2603 1668 935 421 254 119 135 1616 432 119 313 1184 1133 1063 1019 240 514 270 969 922 820 167 84 136 244 202 83 103 199 129
internal_count=2603 1668 935 421 254 119 135 1616 432 119 313 1184 1133 1063 1019 240 514 270 969 922 820 167 84 136 244 202 83 103 199 129
cat_boundaries=0 1 2 3 4 5
cat_threshold=18 74 4 99 1
is_linear=0
shrinkage=0.05


Tree=77
num_leaves=31
num_cat=3
split_feature=14 21 3 29 40 21 35 21 20 20 34 18 38 40 18 39 21 18 40 20 38 21 21 29 35 12 20 21 37 10
split_gain=35349.8 29576.3 12667.6 16265 14878.3 13505.3 18892.3 31558.6 16067.9 34848 18070.3 12393.8 11974.3 23180.9 11144.2 10671.9 10266 18939.4 11351.7 13579.2 9423.69 9664.8 9159.31 9054.55 8969.34 14161.2 17039.9 29994.3 27487.3 9722.75
threshold=214.19999999999999 -64.973816251030442 0 1 83.205000000000013 -26.101770628130257 719.83000000000015 -19.109590806844039 -25.8097358759473 -23.644252489564085 248.95000000000002 0.85572069338894796 535.0440000000001 607.21500000000015 0.87603475351064264 116.96170000000001 -40.189151089433047 0.91817335155444024 1365.7 -22.580804171477013 994.77300000000014 -46.748684210324377 -53.912759032215256 2 538.18000000000018 95.000000000000014 -33.684475105389737 -33.066970680432711 186.24000000000004 137.89750000000001
decision_type=2 2 9 1 2 2 2 2 2 2 2 2 2 2 2 2 2 2 2 2 2 2 2 1 2 2 2 2 2 2
left_child=1 -1 3 16 -4 8 7 -7 10 -10 11 -6 -8 23 -11 -5 18 -18 20 -20 21 -3 -12 -14 -2 -26 28 -28 -27 -29
right_child=24 2 4 15 5 6 12 -9 9 14 22 -13 13 -15 -16 -17 17 -19 19 -21 -22 -23 -24 -25 25 26 27 29 -30 -31
leaf_value=-1.041081214209987 -1.1620384109871729 0.40727885155116816 0.91185628707919797 1.1632456492247252 1.1944234103691287 -1.5189120012394925 0.75278614796698096 0.21128667297462625 -1.9230595923051603 -0.76063260631314644 0.21615036920360897 -0.027640539751432481 -0.041913184808923844 0.23194463363057272 0.17657576807907649 0.39585699873486008 0.94632537029255404 -0.21417099164199024 0.28860691994105697 -0.48878503608352997 -0.98740106831703867 -0.4898001122964572 -0.64953909287085898 -0.95893708571555125 0.33596008422651463 -0.41232992078576775 0.95939992913385719 -1.0834740639065525 -2.0553892947733403 -0.090256762775507843
leaf_weight=59 42 51 42 58 41 47 77 60 41 58 46 42 47 519 70 207 87 59 323 68 42 73 91 63 56 70 41 56 40 44
leaf_count=59 42 51 42 58 41 47 77 60 41 58 46 42 47 519 70 207 87 59 323 68 42 73 91 63 56 70 41 56 40 44
internal_value=-0.00823727 0.0637602 0.0932293 0.227641 -0.0130856 -0.0455136 0.0704172 -0.548707 -0.287806 -0.654449 -0.00615765 0.57603 0.16425 0.092204 -0.248097 0.563814 0.104156 0.477358 0.00633325 0.153408 -0.340091 -0.12084 -0.35887 -0.567118 -0.476736 -0.382982 -0.543383 -0.179507 -1.00981 -0.646458
internal_weight=2620 2271 2212 968 1244 1202 813 107 389 169 220 83 706 629 128 265 703 146 557 391 166 124 137 110 349 307 251 141 110 100
internal_count=2620 2271 2212 968 1244 1202 813 107 389 169 220 83 706 629 128 265 703 146 557 391 166 124 137 110 349 307 251 141 110 100
cat_boundaries=0 1 2 3
cat_threshold=3 4 2
is_linear=0
shrinkage=0.05


Tree=78
num_leaves=31
num_cat=2
split_feature=37 21 21 38 34 45 11 22 37 20 41 22 15 27 38 35 20 35 39 13 21 13 13 25 6 22 22 20 15 45
split_gain=24701.6 18235.2 16351.4 14959 28607.6 66586.2 24150.1 20446.7 20302.5 19543.3 13954.2 11529.2 13626.9 16483.8 13888.6 21700.6 15866.6 12963 12742.2 11374.9 10839.5 10344.7 9045.03 8707.97 9777.76 9145.71 7765.83 9286.63 15180.2 11754.8
threshold=127.66500000000001 -18.442850792320225 -16.484826758337913 150.89190000000002 168.99500000000003 6.2023000000000019 1185.7709750566896 0.8017175318790547 111.23500000000001 -22.169144897655809 0.59022361403858847 0.94335648545657824 -186.29500000000004 0 541.95850000000007 693.90000000000009 -35.73132384027452 735.36000000000013 131.22290000000004 -66.889999999999972 -15.783613330548958 -54.629999999999988 -33.834999999999944 1 0.77629223138653203 0.70605309810786676 0.88319382374087263 -22.580804171477013 -177.57499999999979 33.574499999999958
decision_type=2 2 2 2 2 2 2 2 2 2 2 2 2 1 2 2 2 2 2 2 2 2 2 9 2 2 2 2 2 2
left_child=1 3 11 10 5 -5 8 -7 -6 -9 -1 12 18 -14 15 16 -15 -13 -2 -16 -4 23 -19 24 -8 -25 27 29 -29 -27
right_child=2 -3 20 4 6 7 21 9 -10 -11 -12 17 13 14 19 -17 -18 22 -20 -21 -22 -23 -24 25 -26 26 -28 28 -30 -31
leaf_value=1.400698230918497 -1.33467330575328 1.0342430922330594 1.0024895445057531 -1.7552212769751039 -1.3688600814088863 0.69602979107483021 0.15578027798069849 -1.2014434597708963 0.13456978520681692 0.10203945724719979 0.088067251025903515 -1.1476911403140739 0.6016409421363822 0.69418493941426274 -0.25180818196737542 0.94148815963417298 -0.39193545015643561 0.15151497970927846 -0.30371255541339204 -1.3687144497036936 -0.052304980450620257 0.8388026070843142 -0.78262558178025854 0.80444744242274246 1.111755942173724 0.31385823875685692 0.20592943285812032 -0.014435156553666643 -1.0663465813354209 -0.4109401278026053
leaf_weight=40 44 51 41 70 47 74 54 44 43 83 41 76 77 40 53 48 211 55 94 40 60 60 49 46 53 186 550 94 54 80
leaf_count=40 44 51 41 70 47 74 54 44 43 83 41 76 77 40 53 48 211 55 94 40 60 60 49 46 53 186 550 94 54 80
internal_value=-0.00996276 0.103337 -0.223039 0.0740131 0.0391343 -0.427135 0.138865 0.0353829 -0.650555 -0.349561 0.73628 -0.299901 -0.195687 -0.0671804 -0.198556 -0.0325737 -0.218849 -0.651333 -0.632425 -0.732198 0.375879 0.199228 -0.288609 0.164874 0.575515 0.114538 0.082805 -0.0807662 -0.398241 0.0958738
internal_weight=2558 1670 888 1619 1538 271 1267 201 90 127 81 787 607 469 392 299 251 180 138 93 101 1177 104 1117 107 1010 964 414 148 266
internal_count=2558 1670 888 1619 1538 271 1267 201 90 127 81 787 607 469 392 299 251 180 138 93 101 1177 104 1117 107 1010 964 414 148 266
cat_boundaries=0 1 2
cat_threshold=4 4
is_linear=0
shrinkage=0.05


Tree=79
num_leaves=31
num_cat=2
split_feature=13 43 23 35 12 44 41 10 20 38 29 12 25 35 11 33 40 6 40 10 11 15 20 12 45 6 6 18 34 10
split_gain=32191.6 33483 26763.2 23717.9 22124.5 52111.4 20439.2 12035.7 21811.9 18711.6 17144.1 15300.1 13070.5 18287 12017.9 15292.3 24280.6 19872.1 20868.4 13885.8 15641.3 12212.7 11193.2 8399.86 8064.21 7639.99 8797.68 14190.6 9736.72 11040.7
threshold=-40.329999999999991 6.1465000000000609 0.32142857142857145 302.43500000000006 885.00000000000011 -161.77499999999995 0.77557758616706607 106.58600000000001 -15.882527906977053 541.95850000000007 0 495.00000000000006 1 630.7650000000001 5666.1111111111122 342.18500000000006 452.59500000000008 0.57932896004525769 340.74500000000006 231.12050000000002 2330.3174603174607 -186.29500000000004 -33.007986658279783 935.00000000000011 38.814999999999927 0.98746246358418899 0.75078202391993187 0.9690376193218353 240.15000000000003 89.310500000000019
decision_type=2 2 2 2 2 2 2 2 2 2 1 2 9 2 2 2 2 2 2 2 2 2 2 2 2 2 2 2 2 2
left_child=2 -2 14 -4 5 -3 -7 8 9 12 -9 -11 22 -14 15 17 -17 -1 -19 25 -21 -16 -8 -6 -25 26 27 -18 29 -28
right_child=1 4 3 -5 23 6 7 10 -10 11 -12 -13 13 -15 21 16 19 18 -20 20 -22 -23 -24 24 -26 -27 28 -29 -30 -31
leaf_value=-0.31162776605536546 -1.5823756673234577 -1.9520135401569783 0.048292882985821586 -1.6630178728350438 0.76745806023225949 0.87042631477117538 0.86371894085182344 -0.081085921413436235 0.9150036957205796 -1.6335431781553087 -1.3464492460681221 -0.26716956626623872 -0.63603088107088523 0.54879237186341057 0.037640607562558409 -1.1707151456577021 -0.33782284845908483 0.33454185759843291 1.7088375398453246 0.13412586213168451 -1.0077179899469753 0.81434553772949991 -0.17918236836791041 -0.39995915883087685 0.41868078811810572 -0.47937452465880154 0.29158847154038919 0.3724207822301171 0.49484298229005436 -0.17132077408225643
leaf_weight=48 47 47 41 40 59 40 53 49 41 42 59 40 145 42 87 41 195 67 47 59 61 121 50 56 65 51 341 110 247 207
leaf_count=48 47 47 41 40 59 40 53 49 41 42 59 40 145 42 87 41 195 67 47 59 61 121 50 56 65 51 341 110 247 207
internal_value=-0.0301894 -0.285933 0.090937 -0.796799 -0.208607 -0.352761 -0.218778 -0.302402 -0.17951 -0.300142 -0.772349 -0.967019 -0.111577 -0.351143 0.133688 0.0834817 0.0268906 0.5418 0.901137 0.0655231 -0.446311 0.489474 0.325823 0.278314 0.0398061 0.118886 0.146623 -0.0816694 0.234207 0.11673
internal_weight=2598 835 1763 81 788 608 561 521 413 372 108 82 290 187 1682 1474 1312 162 114 1271 120 208 103 180 121 1151 1100 305 795 548
internal_count=2598 835 1763 81 788 608 561 521 413 372 108 82 290 187 1682 1474 1312 162 114 1271 120 208 103 180 121 1151 1100 305 795 548
cat_boundaries=0 1 2
cat_threshold=4 96
is_linear=0
shrinkage=0.05


Tree=80
num_leaves=31
num_cat=2
split_feature=14 3 10 20 6 21 20 12 47 33 15 36 10 21 14 12 14 38 12 29 15 13 45 15 45 11 43 36 21 13
split_gain=27364.8 11868.2 21247.2 17493.5 25103.9 18536.3 16325.6 24090.4 17844.9 14855.9 15999.8 25998.5 13397.3 12533.4 11313.7 15698 12163.9 12107 12782.1 30166.8 9723.5 9391.73 10774.6 12152.6 12868.6 9702.31 9557.46 7901.1 19537.3 11021.2
threshold=214.19999999999999 0 162.56350000000003 -15.736110380327881 0.66160349128737628 -16.146533919557047 -32.674853744863306 885.00000000000011 19.107400000000005 1430.7300000000002 -255.405 53.160000000000004 308.63050000000004 -46.619414443599346 111.72000000000001 465.00000000000006 47.300000000000026 347.39000000000004 310.00000000000006 1 -229.10499999999996 -51.924999999999947 39.335400000000185 -201.93999999999991 27.922699999999875 5666.1111111111122 -10.905999999999947 220.21780000000004 -36.208431035323812 53.899999999999999
decision_type=2 9 2 2 2 2 2 2 2 2 2 2 2 2 2 2 2 2 2 1 2 2 2 2 2 2 2 2 2 2
left_child=1 3 9 4 -1 -5 -6 -8 13 10 -3 -12 -4 -9 16 17 -13 -16 -19 -20 -14 22 23 -10 25 -25 -26 28 -2 -30
right_child=27 2 12 5 6 -7 7 8 21 -11 11 14 20 -15 15 -17 -18 18 19 -21 -22 -23 -24 24 26 -27 -28 -29 29 -31
leaf_value=-0.9242295006594875 0.60880449693253702 0.77394404048720999 -1.3823025925857264 1.625725214365052 0.91500440301454589 0.12221948824277738 -0.86015119603124723 1.4794466621056199 0.87829768833214961 0.94713526744218113 -1.2991744201357773 0.026193194954267029 0.046104559258503076 0.38349168932437899 0.1081566533446312 0.60972758037288022 0.715467572091399 -1.4737705948948863 0.29967736501674186 -1.4068618941307069 -0.92150121416364394 -0.53181092316115453 -0.63299802592290311 0.1722765437451502 0.33163985138100283 0.75977972571787089 -0.30841582987969285 -0.96533729390878431 -0.85935588583712819 -0.15464793358920914
leaf_weight=55 47 60 41 41 69 41 59 40 59 42 41 474 68 75 65 41 74 40 61 45 42 55 42 270 82 95 202 57 113 109
leaf_count=55 47 60 41 41 69 41 59 40 59 42 41 474 68 75 65 41 74 40 61 45 42 55 42 270 82 95 202 57 113 109
internal_value=-0.00212094 0.0591703 -0.059676 0.167976 0.117013 0.873972 0.171659 0.119268 0.182078 0.0279534 -0.0148941 -0.0711727 -0.610876 0.764693 -0.00823763 -0.285517 0.11927 -0.459474 -0.712187 -0.424797 -0.323345 0.0988475 0.145096 0.191254 0.128795 0.325188 -0.123611 -0.430596 -0.317286 -0.513351
internal_weight=2605 2279 1094 1185 1103 82 1048 979 920 943 901 841 151 115 800 252 548 211 146 106 110 805 750 708 649 365 284 326 269 222
internal_count=2605 2279 1094 1185 1103 82 1048 979 920 943 901 841 151 115 800 252 548 211 146 106 110 805 750 708 649 365 284 326 269 222
cat_boundaries=0 1 2
cat_threshold=19 2
is_linear=0
shrinkage=0.05


Tree=81
num_leaves=31
num_cat=3
split_feature=23 33 41 11 6 21 21 20 29 33 21 11 10 34 42 18 29 11 29 21 10 15 34 6 37 11 33 38 39 38
split_gain=21360.8 33544 17946.4 15456.4 27045.9 18227.7 17042.2 15041.3 20504.5 19132.2 49217.2 26583.9 18115.6 15433 17498.7 14911.8 14784.4 11040.2 10429.2 14219.5 13294.1 12460.6 11211.6 9253.23 8942.07 8532.87 24945.5 10905.5 8407.38 7718.74
threshold=0.26041666666666669 129.01500000000001 0.863178711954394 2657.6077097505672 0.73043135391424963 -16.484826758337913 -15.637171139467801 -15.696865269340394 0 953.98000000000013 -37.865734507968362 2275.192743764173 55.603000000000009 337.37500000000006 34.535000000000004 0.61028401323159265 1 2202.3242630385489 2 -40.189151089433047 80.006500000000003 -199.48999999999998 203.74500000000003 0.7633871633783692 127.66500000000001 5666.1111111111122 1430.7300000000002 1447.2777000000003 144.61480000000003 2442.7569000000008
decision_type=2 2 2 2 2 2 2 2 1 2 2 2 2 2 2 2 1 2 1 2 2 2 2 2 2 2 2 2 2 2
left_child=3 16 -3 5 -5 7 -7 8 12 10 -10 -11 -1 14 -12 -6 -2 24 19 20 22 -22 -17 29 28 27 -27 -20 -14 -23
right_child=1 2 -4 4 15 6 -8 -9 9 11 13 -13 17 -15 -16 18 -18 -19 25 -21 21 23 -24 -25 -26 26 -28 -29 -30 -31
leaf_value=1.1322976920662857 -0.33331668520052182 -1.6745400120409171 -0.53618456189110242 1.4405123746111279 -0.72410738161428179 1.0870177521592095 -0.085471748548452978 -0.85521024267620127 -1.8309122803964113 1.2889718939363957 -0.21799069512441444 -0.51210393039953139 0.23932236755216443 0.34536087034004082 -1.2442747408489012 0.015619228670702263 0.65619801671554656 -0.26351860295196899 0.65695706636570916 0.81397469959088742 -0.95528754368424418 0.34973822018356193 0.99092093081428456 -0.43944705074191487 -0.095611188142303974 -0.04290580014849818 1.632220650755841 0.014062548647526391 0.98924584898352619 -0.21198391067209066
leaf_weight=41 76 49 118 42 47 63 61 67 57 40 192 42 148 84 53 68 75 190 107 56 44 141 52 113 138 43 46 172 50 108
leaf_count=41 76 49 118 42 47 63 61 67 57 40 192 42 148 84 53 68 75 190 107 56 44 141 52 113 138 43 46 172 50 108
internal_value=0.00185492 -0.381885 -0.870193 0.055731 0.197613 -0.0645101 0.510229 -0.129181 -0.0821822 -0.327141 -0.474488 0.36647 0.120006 -0.239485 -0.440003 0.145254 0.158164 0.041101 0.188265 0.0565313 -0.024109 -0.160767 0.43825 -0.0641953 0.213356 0.396604 0.82289 0.260621 0.428697 0.1061
internal_weight=2583 318 167 2265 1039 1226 124 1102 1035 468 386 82 567 329 245 997 151 526 950 582 526 406 120 362 336 368 89 279 198 249
internal_count=2583 318 167 2265 1039 1226 124 1102 1035 468 386 82 567 329 245 997 151 526 950 582 526 406 120 362 336 368 89 279 198 249
cat_boundaries=0 1 2 3
cat_threshold=2 2 4
is_linear=0
shrinkage=0.05


Tree=82
num_leaves=31
num_cat=2
split_feature=43 18 10 3 11 34 18 14 27 6 20 18 11 13 11 37 18 18 11 11 18 35 37 34 39 39 6 10 18 6
split_gain=25198.7 14391.1 12477 18003.1 20539.3 20058.2 16586.3 14857.9 18523.6 19965.8 10417.5 14077.3 33215.9 15989.2 13150.3 11808.8 10735.3 19964.5 10227.5 9607.62 9236.79 8398.73 11617.4 8063.77 10914.5 8308.1 7703.3 6697.52 6347.95 5951.83
threshold=204.48500000000004 0.30538766626125935 107.95950000000001 0 1185.7709750566896 242.78000000000003 0.90431905327033035 103.88000000000001 1 0.74967968529889528 -15.882527906977053 0.86609063681950837 1901.5419501133788 -38.284999999999989 2346.2358276643995 77.985000000000014 0.92452237408530669 0.95528939704738869 2275.192743764173 1117.3356009070296 0.87077885420153012 538.18000000000018 194.44000000000003 300.51500000000004 147.22990000000001 131.90330000000003 0.67115527340404058 -3.6999999999999997 0.89771739047171717 0.86519233615090596
decision_type=2 2 2 9 2 2 2 2 1 2 2 2 2 2 2 2 2 2 2 2 2 2 2 2 2 2 2 2 2 2
left_child=1 -1 10 4 -4 -5 18 8 9 -7 11 12 -3 15 -14 29 28 -18 -6 -19 -10 -2 26 25 -25 -22 -23 -16 -15 -13
right_child=21 2 3 5 6 7 -8 -9 20 -11 -12 13 14 16 27 -17 17 19 -20 -21 23 22 -24 24 -26 -27 -28 -29 -30 -31
leaf_value=-0.77070710367085982 -1.0645597353577614 1.4210050725225194 -1.2495372655319759 -0.41851773081927113 -0.028149200385300128 0.75038388189746108 0.36001529987947445 -0.34968774934832969 1.1235947898115781 -0.59824598055018718 0.784018589241404 -0.042302192811621356 -0.51394980897506082 -0.33560954124074094 -0.12661509434382121 0.9268296414492081 0.90809404507279412 -0.97994215488433845 -1.0842409223318101 -0.030357025137969423 0.42263348254375166 0.088585743544906975 -0.85335770255663024 -0.39297894725822058 0.58065002163251245 1.2979732873963148 -0.5158098561160358 0.47144223860871626 -1.2003341812913011 0.29103808915206031
leaf_weight=49 40 67 58 151 41 41 81 89 61 83 71 282 54 44 60 49 40 43 52 70 80 151 71 53 63 41 81 213 41 255
leaf_count=49 40 67 58 151 41 41 81 89 61 83 71 282 54 44 60 49 40 43 52 70 80 151 71 53 63 41 81 213 41 255
internal_value=0.015397 0.0767125 0.0957338 -0.0478006 -0.416721 0.0864775 -0.163066 0.237395 0.361212 -0.152328 0.195284 0.160965 0.406788 0.0434234 0.198982 0.183789 -0.302182 -0.0518872 -0.618652 -0.391704 0.574899 -0.3836 -0.293705 0.433674 0.135802 0.719236 -0.122432 0.340001 -0.752712 0.115988
internal_weight=2575 2232 2183 894 232 662 174 511 422 124 1289 1218 394 824 327 586 238 153 93 113 298 343 303 237 116 121 232 273 85 537
internal_count=2575 2232 2183 894 232 662 174 511 422 124 1289 1218 394 824 327 586 238 153 93 113 298 343 303 237 116 121 232 273 85 537
cat_boundaries=0 1 2
cat_threshold=68 2
is_linear=0
shrinkage=0.05


Tree=83
num_leaves=31
num_cat=1
split_feature=45 18 40 33 39 43 45 11 10 18 34 15 15 44 47 34 34 18 10 37 37 10 37 38 39 21 29 11 20 33
split_gain=24139.2 38793.7 13414.1 15926.6 18575.4 12974.8 15379.2 11382.6 8808.85 17624.4 33869.5 19689 15601.2 8658.57 8299.57 8111.12 13644.3 9978.07 9926.84 16441.9 10240.9 8974.29 7848.61 14233.7 6459.76 9581.13 5411.84 5160.27 5156.81 4980.23
threshold=6.4759999999999964 0.69228366351417636 1527.3100000000002 106.58500000000002 123.24700000000003 138.84220000000002 25.64639999999989 2180.9863945578231 107.80650000000001 0.8017175318790547 139.54000000000005 -339.99999999999994 -252.26999999999995 -156.80999999999992 14.344799999999987 304.93000000000006 288.81000000000006 0.88319382374087263 145.67050000000003 92.845000000000013 117.14 134.02200000000002 129.66500000000005 621.40800000000013 141.88160000000002 -20.538745326197422 0 5645.2834467120192 -23.781340315415985 2822.6250000000005
decision_type=2 2 2 2 2 2 2 2 2 2 2 2 2 2 2 2 2 2 2 2 2 2 2 2 2 2 1 2 2 2
left_child=1 -1 3 -3 7 8 -7 -5 9 10 -2 -11 -10 -12 -13 16 17 18 19 -14 -20 -19 26 24 25 -24 -6 -23 -21 -16
right_child=5 2 -4 4 22 6 -8 -9 12 11 13 14 15 -15 29 -17 -18 21 20 28 -22 27 23 -25 -26 -27 -28 -29 -30 -31
leaf_value=-1.3573059397084375 1.9652060189417431 0.68579413012291002 0.6615400901612114 -1.2431047137169278 -0.058586687534242066 -0.058628649361901458 -1.1126431540018176 -0.18014050900936129 -0.8510223467933371 -0.80280176790393121 0.74780486195037765 0.91535405906005995 -0.41563886444924808 -0.19235250139236451 0.232661824104444 0.37806410039109845 -0.68141075897058756 -0.027854382970582438 -1.1526221881806851 0.95169535563750696 -0.058716582474501233 0.38069543351614199 -0.027278838161609871 -1.0237078264653683 0.29572879606985475 -0.88998207198248969 0.60700850210224211 1.0568366328875223 0.18175086157266485 -0.25625989332533722
leaf_weight=70 42 48 51 68 74 222 41 40 47 49 48 42 82 50 604 182 66 101 40 44 46 86 113 50 73 45 52 42 43 57
leaf_count=70 42 48 51 68 74 222 41 40 47 49 48 42 82 50 604 182 66 101 40 44 46 86 113 50 73 45 52 42 43 57
internal_value=0.013205 -0.242093 -0.114951 -0.18529 -0.266479 0.103496 -0.222943 -0.849414 0.154875 0.262157 0.777255 0.166261 0.0320306 0.268133 0.233806 0.0887293 -0.0070142 0.084949 -0.13019 0.092352 -0.56751 0.324514 -0.111793 -0.258822 -0.0932619 -0.272985 0.216103 0.602554 0.571148 0.190501
internal_weight=2618 684 614 563 515 1934 263 108 1671 892 140 752 779 98 703 732 550 484 255 169 86 229 407 281 231 158 126 128 87 661
internal_count=2618 684 614 563 515 1934 263 108 1671 892 140 752 779 98 703 732 550 484 255 169 86 229 407 281 231 158 126 128 87 661
cat_boundaries=0 1
cat_threshold=1
is_linear=0
shrinkage=0.05


Tree=84
num_leaves=31
num_cat=2
split_feature=36 39 12 38 34 12 34 45 41 21 21 20 33 18 39 33 35 45 18 18 21 15 15 15 20 25 34 49 25 45
split_gain=17621 10713.6 13167.7 19037.6 18349.5 15215.6 15681.9 55666.1 12701.2 10557.8 10155.2 14478 12871.5 12860.9 13272.6 9017.68 9764.51 8937.3 7826.77 11995.4 9250.19 9217.14 10430.6 11284.6 9692.04 6356.04 5974.61 5774.44 8544.57 7664.05
threshold=220.21780000000004 154.35400000000001 905.00000000000011 150.89190000000002 168.99500000000003 935.00000000000011 168.99500000000003 6.2023000000000019 0.58322650334567017 -34.307675208534015 -16.484826758337913 -15.951505717203936 365.58500000000009 0.96959349011266871 134.86460000000002 380.88500000000005 1215.2400000000002 9.5819999999999101 0.91384957302442404 0.9247841577655016 -23.99490756279765 -209.14499999999995 -201.93999999999991 -194.52500000000018 -20.21439825147139 0 294.91500000000008 157.36000000000016 1 3.8815999999999993
decision_type=2 2 2 2 2 2 2 2 2 2 2 2 2 2 2 2 2 2 2 2 2 2 2 2 2 9 2 2 9 2
left_child=1 2 3 8 -5 -4 7 -7 -1 -9 11 13 -12 14 25 -3 -17 -2 21 -20 -21 -8 -23 -24 27 -6 -16 29 -29 -25
right_child=17 15 5 4 10 6 18 9 -10 -11 12 -13 -14 -15 26 16 -18 -19 19 20 -22 22 23 24 -26 -27 -28 28 -30 -31
leaf_value=1.167464487715846 -1.1372060145858838 0.82112067350199536 0.92011420174879643 -1.2451868689337442 -0.014307808770542652 -1.9010385886828105 -0.65372104543778642 0.76773001538081609 -0.077466047286870898 -0.18085315814135935 0.82916916815134201 -1.04631731555147 -0.33279544515535237 -0.70982101080449 0.65721803887323904 -0.445017867550558 0.39362767777648294 -0.24970470746173651 1.0112323484487005 -0.24093251345413075 0.38967059502506229 0.7528362508173343 -0.47302423390541054 0.57355471495187504 -0.50466984005297644 -0.55304998405223349 0.056817197817422095 0.61780170474119267 0.055543599595412885 -0.08367693472708411
leaf_weight=42 46 71 53 43 103 45 45 44 40 88 52 53 44 95 55 49 119 74 54 84 189 54 96 53 59 127 168 126 153 272
leaf_count=42 46 71 53 43 103 45 45 44 40 88 52 53 44 95 55 49 119 74 54 84 189 54 96 53 59 127 168 126 153 272
internal_value=0.00180829 0.0304862 -0.00350981 -0.16267 -0.242769 0.0889492 0.0566058 -0.382382 0.560181 0.135341 -0.180927 -0.257205 0.296602 -0.180886 -0.069961 0.348684 0.149023 -0.589914 0.122176 0.330324 0.195639 0.0428471 0.0814025 0.0336325 0.106995 -0.336455 0.204898 0.166743 0.333601 0.0235024
internal_weight=2596 2476 2237 822 740 1415 1362 177 82 132 697 601 96 548 453 239 168 120 1185 327 273 858 813 759 663 230 223 604 279 325
internal_count=2596 2476 2237 822 740 1415 1362 177 82 132 697 601 96 548 453 239 168 120 1185 327 273 858 813 759 663 230 223 604 279 325
cat_boundaries=0 1 2
cat_threshold=96 40
is_linear=0
shrinkage=0.05


Tree=85
num_leaves=31
num_cat=2
split_feature=13 13 21 21 10 3 11 13 45 46 44 11 41 11 20 45 11 18 10 14 3 13 10 41 18 10 44 13 15 11
split_gain=21493.2 41585 27656.2 11491.4 10866.1 13875.3 14405.6 13608.1 19948 11196.1 10015.6 9981.13 9964.09 9905.28 9896.79 8562.14 9481.66 23056.9 10198.1 11621 7804.41 8106.95 9908.38 6990.54 6688.54 9819.6 14160.2 7449.4 9489.03 8431.69
threshold=-6.2949999999999013 4.7799999999999736 -42.745523861809964 -64.973816251030442 107.80650000000001 0 1185.7709750566896 -129.28 25.894999999999762 7.3002000000000757 -168.22999999999999 5645.2834467120192 0.81651710663352739 2330.3174603174607 -15.882527906977053 18.550000000000072 1087.6417233560094 0.93953292902224994 32.333500000000008 234.20000000000002 1 -111.09000000000002 97.22450000000002 0.62002329972715742 0.86671449378486221 -3.3929999999999949 -137.60499999999996 -53.494999999999955 -174.94500000000014 5650.6235827664414
decision_type=2 2 2 2 2 9 2 2 2 2 2 2 2 2 2 2 2 2 2 2 9 2 2 2 2 2 2 2 2 2
left_child=3 -2 -3 -1 14 6 -6 8 12 -10 -4 -9 -7 -8 20 16 18 -18 -12 -20 21 -5 24 -22 25 -23 -27 28 29 -26
right_child=1 2 10 4 5 7 13 11 9 -11 15 -13 -14 -15 -16 -17 17 -19 19 -21 23 22 -24 -25 27 26 -28 -29 -30 -31
leaf_value=-0.62027374393606594 -1.719696193415186 0.94251984701706815 -0.85336759965866804 0.65476000307485316 -1.0493633304612111 0.48730353080865108 0.096011744518800984 -0.03264119881189164 -0.24749508376632418 0.4452055195830763 0.38843017253157214 -0.80093349625284871 1.48739536896348 -0.68801708150718177 0.78263626623509541 0.30638808746494961 -1.4657941175699234 -0.04692979321550967 -0.71796435785276458 0.12538792006187624 -0.70528766736388215 -0.14197368800640106 -0.29188628262943694 0.021629278248673334 0.40998154831911204 0.33292070136828861 1.3215482201910129 0.53319853857780497 -0.4642079505021684 -0.27031503155611564
leaf_weight=59 46 52 64 99 59 66 127 226 140 100 73 52 40 59 67 74 50 67 87 77 40 50 99 191 134 110 54 84 80 69
leaf_count=59 46 52 64 99 59 66 127 226 140 100 73 52 40 59 67 74 50 67 87 77 40 50 99 191 134 110 54 84 80 69
internal_value=-0.0108763 -0.276143 -0.154078 0.0671822 0.0880249 -0.0435078 -0.354165 0.0828133 0.293437 0.0411302 -0.269979 -0.176351 0.864697 -0.152686 0.194155 -0.182743 -0.28499 -0.653282 -0.103176 -0.322 0.155117 0.229086 0.170481 -0.0999183 0.249267 0.471431 0.658444 0.119722 -0.00300652 0.178748
internal_weight=2595 590 544 2005 1946 869 245 624 346 240 492 278 106 186 1077 428 354 117 237 164 1010 779 680 231 581 214 164 367 283 203
internal_count=2595 590 544 2005 1946 869 245 624 346 240 492 278 106 186 1077 428 354 117 237 164 1010 779 680 231 581 214 164 367 283 203
cat_boundaries=0 1 2
cat_threshold=68 99
is_linear=0
shrinkage=0.05


Tree=86
num_leaves=31
num_cat=1
split_feature=13 21 38 38 21 10 29 21 20 21 13 34 34 11 15 21 10 21 13 20 11 10 15 18 20 34 10 11 10 37
split_gain=16976.4 17919.5 16491.8 18987.4 74087.9 16223.6 13263.5 13211.5 16724.9 12414.9 11332.3 10656.4 12182.9 8732.01 9551.65 7892.18 7856.03 13676.7 11050.6 7263.8 6833.67 9438.17 6803.92 6418.33 7635.64 10568.6 12718.5 10994.2 10748 10444.8
threshold=-40.329999999999991 -65.682064955422064 293.49460000000005 952.78050000000019 -38.332117271109546 106.58600000000001 0 -17.209134346755608 -33.007986658279783 -34.679411711690697 -33.929999999999943 296.5800000000001 317.94000000000005 5666.1111111111122 -186.29500000000004 -34.307675208534015 163.94400000000002 -17.86146661551167 -154.04000000000005 -34.726367373042983 2330.3174603174607 231.12050000000002 -84.859999999999999 0.95876294962517761 -16.056510877363895 238.43000000000004 98.602500000000006 5645.2834467120192 143.31100000000001 76.390000000000015
decision_type=2 2 2 2 2 2 1 2 2 2 2 2 2 2 2 2 2 2 2 2 2 2 2 2 2 2 2 2 2 2
left_child=1 -1 -2 4 -4 7 -7 8 9 19 -5 -10 -13 16 -15 -12 23 18 20 -6 -18 -22 -17 24 25 26 -3 29 -27 -28
right_child=2 13 3 10 5 6 -8 -9 11 -11 15 12 -14 14 -16 22 17 -19 -20 -21 21 -23 -24 -25 -26 28 27 -29 -30 -31
leaf_value=-0.93190181241045866 0.53539426177740101 0.1112974017776882 -2.1942598942315805 -0.5845700990862962 0.39799892153590921 -0.16973438583155898 -1.3088702176298415 0.65790303260661087 0.013937031392809713 0.96798108276866734 0.95518697064369928 -1.1161157691920245 -0.19710199498213254 0.019121077500871924 0.68540376063075759 -0.34027538228366111 0.29297566426531324 0.64396465825053251 -1.1023227810487153 -0.53811057209968571 0.014252170052990985 -0.86524639186848484 0.44558098114712141 0.3286923179901996 -0.48580242025275383 0.52284698859936951 -0.73578470448652911 -1.0735186560587449 -0.23718006104230882 0.20164310751148526
leaf_weight=43 70 472 53 41 40 47 56 52 79 42 40 81 65 95 124 45 53 41 40 43 67 56 71 265 62 207 48 44 60 78
leaf_count=43 70 472 53 41 40 47 56 52 79 42 40 81 65 95 124 45 53 41 40 43 67 56 71 265 62 207 48 44 60 78
internal_value=-0.0117184 0.0762185 -0.198784 -0.266854 -0.41584 -0.229194 -0.78907 -0.0857428 -0.196227 0.267491 0.155147 -0.453849 -0.706966 0.101539 0.396377 0.34956 0.0582912 -0.193236 -0.352149 -0.0869735 -0.181655 -0.38617 0.140723 0.110591 0.0510678 0.087686 -0.0222616 -0.393084 0.352054 -0.155472
internal_weight=2580 1755 825 755 558 505 103 402 350 125 197 225 146 1712 219 156 1493 257 216 83 176 123 116 1236 971 909 642 170 267 126
internal_count=2580 1755 825 755 558 505 103 402 350 125 197 225 146 1712 219 156 1493 257 216 83 176 123 116 1236 971 909 642 170 267 126
cat_boundaries=0 1
cat_threshold=4
is_linear=0
shrinkage=0.05


Tree=87
num_leaves=31
num_cat=4
split_feature=6 10 25 38 6 3 21 13 12 6 38 6 21 40 21 38 33 38 38 29 13 13 41 21 21 15 27 39 6 18
split_gain=16922 19287.2 13506.4 16572.1 9708.01 17847.6 45955.4 10409.4 7776.89 6980.96 7673.66 6228.1 6103.45 15096.7 21188.3 11789 11130.7 6269.47 5729.15 7289.21 14043 12858.7 9017.04 6854.2 12387.8 6486.11 7178.95 6712.26 7515.93 5485.26
threshold=0.70093814041861868 23.382000000000001 0 1006.3674000000002 0.98746246358418899 1 -27.472161797173346 -53.494999999999955 95.000000000000014 0.64264767156804614 535.0440000000001 0.5593742535320535 -16.399274724044044 477.80000000000013 -34.545686808593523 577.31540000000007 344.05500000000006 371.53540000000004 734.65000000000009 2 -173.06499999999997 -189.80999999999995 0.8274412099536711 -40.189151089433047 -34.104644496166223 -183.43000000000004 3 124.25690000000002 0.76559798263197132 0.94517414771584263
decision_type=2 2 9 2 2 9 2 2 2 2 2 2 2 2 2 2 2 2 2 1 2 2 2 2 2 2 1 2 2 2
left_child=1 -1 3 9 8 7 -7 -6 -2 11 -11 -3 13 14 -10 -15 17 -16 -17 22 21 -21 -20 25 -25 27 -27 -22 -29 -26
right_child=4 2 -4 -5 5 6 -8 -9 12 10 -12 -13 -14 15 16 18 -18 -19 19 20 23 -23 -24 24 29 26 -28 28 -30 -31
leaf_value=-1.1130924545634877 0.78796762458625302 -0.661515978090914 0.11852964570802847 0.56098265167932182 -0.33702292799949651 -1.7880778630192464 0.1461507289359967 0.70085974247729199 0.41220297231010988 -0.42072399474204858 -1.3507451252568337 -0.098181927773791061 0.60297560743216816 0.97757114012066904 -0.73417535553287183 -0.43148042724832242 -1.3152298173239065 0.024518952898259436 0.24204310919223748 -0.04933278162032366 -0.30894234695650163 -1.1214501378148103 1.0358191445015024 0.8941799298756653 -0.082423638598277019 0.58687170780328823 0.0032141000648741335 0.59561991193077779 -0.23479743897914887 0.3356004711242882
leaf_weight=55 42 83 284 43 40 52 75 61 71 47 42 120 58 41 56 46 43 53 213 80 188 43 43 72 130 86 136 55 54 198
leaf_count=55 42 83 284 43 40 52 75 61 71 47 42 120 58 41 56 46 43 53 213 80 188 43 43 72 130 86 136 55 54 198
internal_value=-1.73938e-05 -0.215791 -0.136063 -0.345133 0.0751021 -0.231347 -0.598677 0.263707 0.11601 -0.490387 -0.85961 -0.328511 0.0990698 0.0808941 -0.300909 0.142369 -0.634008 -0.365269 0.11689 0.136324 0.0775938 -0.424138 0.375373 0.144746 0.300287 0.0248689 0.229316 -0.12795 0.18422 0.16992
internal_weight=2610 674 619 335 1936 228 127 101 1708 292 89 203 1666 1608 223 1385 152 109 1344 1298 1042 123 256 919 400 519 222 297 109 328
internal_count=2610 674 619 335 1936 228 127 101 1708 292 89 203 1666 1608 223 1385 152 109 1344 1298 1042 123 256 919 400 519 222 297 109 328
cat_boundaries=0 1 2 3 4
cat_threshold=38 6 1 2
is_linear=0
shrinkage=0.05


Tree=88
num_leaves=31
num_cat=2
split_feature=18 33 31 6 6 20 14 33 44 33 15 18 48 10 20 20 40 12 37 10 11 21 11 20 13 18 18 14 15 29
split_gain=14288.8 13719.3 33513.2 21288.4 19993.9 14872.8 16853.3 11403.7 19186.8 19956.1 12422.8 11358.2 10233.2 11697.7 10184.8 11819.3 9863.2 9461.46 9141.36 8820.36 12274.2 8678.69 8656.88 10186.1 11986.7 8501.57 8095.91 7825.66 7453.35 10854.7
threshold=0.27697033362556073 1315.7 0 0.73125548062492729 0.45153884955393314 -36.549629370249413 103.88000000000001 334.88000000000005 -177.15499999999994 905.06000000000006 -203.15999999999994 0.61028401323159265 133.23450000000005 115.32000000000001 -15.882527906977053 -32.848756977331213 363.89500000000004 465.00000000000006 151.97250000000003 4.2945000000000002 5666.1111111111122 -33.593193506172312 2330.3174603174607 -22.580804171477013 -90.709999999999965 0.97021278972702818 0.89865346384818912 204.70000000000002 -186.29500000000004 1
decision_type=2 2 1 2 2 2 2 2 2 2 2 2 2 2 2 2 2 2 2 2 2 2 2 2 2 2 2 2 2 1
left_child=-1 2 -2 -3 -4 -6 7 16 9 -9 21 -5 27 14 15 -14 26 -17 -15 -13 22 -10 -21 -24 -25 -12 -7 -8 -22 -30
right_child=1 3 4 11 5 6 12 8 10 -11 25 19 13 18 -16 17 -18 -19 -20 20 28 -23 23 24 -26 -27 -28 -29 29 -31
leaf_value=-0.92494616882745617 -1.1635101191380195 0.97870957256412849 -1.1218107335624241 -0.74463413663208489 0.67548696211463699 0.67752145290374755 -0.16671678580251742 -1.0964981982356883 1.2163552429617905 0.061032122236333398 -0.07608079418029276 -0.47134205547429747 0.62772813521801163 -1.0842451232117276 0.73394915628433233 -0.52995552996483941 1.0685818198513477 0.34702803437099905 -0.19959225271429337 0.4937617049572316 0.15871237382495729 0.1811707014939748 0.15503546086947126 -0.72502369083788087 0.051634013211285627 0.43722509866743126 -0.1281485280746387 -0.80171264331202863 0.37204933272579971 1.423743724113419
leaf_weight=43 70 71 42 40 74 55 81 73 41 76 372 59 47 43 50 108 47 43 91 94 78 40 300 92 108 103 72 121 59 42
leaf_count=43 70 71 42 40 74 55 81 73 41 76 372 59 47 43 50 108 47 43 91 94 78 40 300 92 108 103 72 121 59 42
internal_value=-0.0209615 -0.0059648 -0.0929538 0.146151 -0.0454941 -0.0160827 -0.051063 0.0872627 -0.00220767 -0.50608 0.132823 0.078362 -0.259262 -0.107062 0.0963213 -0.0646958 0.449772 -0.280218 -0.483473 0.117929 0.162906 0.705153 0.0535329 -0.0292301 -0.305629 0.0352255 0.220764 -0.547086 0.525853 0.809388
internal_weight=2635 2592 1649 943 1579 1537 1463 879 705 149 556 872 584 382 248 198 174 151 134 832 773 81 594 500 200 475 127 202 179 101
internal_count=2635 2592 1649 943 1579 1537 1463 879 705 149 556 872 584 382 248 198 174 151 134 832 773 81 594 500 200 475 127 202 179 101
cat_boundaries=0 1 2
cat_threshold=2 4
is_linear=0
shrinkage=0.05


Tree=89
num_leaves=31
num_cat=3
split_feature=20 33 19 20 13 38 45 34 11 48 35 4 45 10 12 20 33 3 13 38 33 45 18 46 45 3 46 6 34 34
split_gain=12646.7 16416.1 46446.5 16145.2 11885.7 11964.2 13241.1 42226.5 10163.8 10292.5 9690.92 7328.67 7584.43 5062.1 3937.44 7546.51 5857.74 5978.86 11370.5 10506.1 4496.73 5154.9 3703.8 3387.7 4841.36 4881.76 3338.7 3276.02 3274.26 3032.82
threshold=-34.672342606004385 129.01500000000001 0.64396028681742978 -39.712983863465389 83.615000000000009 150.89190000000002 6.4759999999999964 168.99500000000003 5650.6235827664414 141.61700000000005 891.89000000000021 0 50.773000000000103 115.32000000000001 275.00000000000006 -32.508818177192438 334.88000000000005 1 5.9949999999999628 905.85000000000014 2822.6250000000005 46.828499999999963 0.94517414771584263 3.1499999999999209 28.434999999999999 2 5.8585500000000374 0.57932896004525769 257.17000000000002 257.17000000000002
decision_type=2 2 2 2 2 2 2 2 2 2 2 9 2 2 2 2 2 9 2 2 2 2 2 2 2 9 2 2 2 2
left_child=1 -1 3 -3 5 -2 7 -7 9 27 -5 14 23 -11 15 -8 -16 19 20 -18 21 26 -23 29 25 -25 -19 -9 -26 -13
right_child=4 2 -4 10 -6 6 11 8 -10 13 -12 12 -14 -15 16 -17 17 18 -20 -21 -22 22 -24 24 28 -27 -28 -29 -30 -31
leaf_value=0.43754515627055968 0.72796865023415669 0.33602806445430311 -2.0119378447532656 -0.10842468519600071 0.87793741844162898 -1.5758186436616457 0.28024250451751331 -0.72225230118123507 0.66103213714262432 0.69883955935152564 -1.102843919822148 0.17533083441249359 -0.50302669065602035 0.0028279491182830602 0.77574065163554184 -0.57672997044057261 -0.62894667774438862 0.12628619224191284 0.88507193605105083 0.3323781474320977 -0.24757766698797545 -0.34202168961055579 0.24617294539575993 0.2567859404794281 -0.17659181171686067 -0.18387134882311029 0.40975058003182502 -0.23907408432444799 -0.70873526200288683 -0.21840293744000894
leaf_weight=57 58 85 42 49 41 52 54 41 43 41 49 312 81 72 42 49 60 182 60 54 60 64 46 116 98 116 242 243 41 58
leaf_count=57 58 85 42 49 41 52 54 41 43 41 49 312 81 72 42 49 60 182 60 54 60 64 46 116 98 116 242 243 41 58
internal_value=-0.0041776 -0.320394 -0.512405 -0.16825 0.0341599 0.0190199 0.000556034 -0.228393 -0.0691521 -0.14824 -0.605634 0.06548 -0.0431325 0.255363 0.161965 -0.127443 0.200766 0.169322 0.225645 -0.159584 0.162834 0.208948 -0.0960494 0.00655728 -0.100207 0.0396002 0.288075 -0.308829 -0.333555 0.11361
internal_weight=2608 282 225 183 2326 2285 2227 492 440 397 98 1735 822 113 913 103 810 768 654 114 594 534 110 741 371 232 424 284 139 370
internal_count=2608 282 225 183 2326 2285 2227 492 440 397 98 1735 822 113 913 103 810 768 654 114 594 534 110 741 371 232 424 284 139 370
cat_boundaries=0 1 2 3
cat_threshold=84 48 18
is_linear=0
shrinkage=0.05


Tree=90
num_leaves=31
num_cat=1
split_feature=11 29 34 37 21 15 16 34 20 11 22 33 15 47 6 22 37 34 11 10 20 20 34 10 12 33 12 12 33 37
split_gain=9833.6 13524.7 10953.5 11736.9 15634.5 20675.6 40056 15238 13017.7 10413.6 8763.74 20062.1 11638 8291.14 8368.9 12276.8 7804.24 8666.96 13765.3 7749.96 11662.7 17501 6680.57 8795.97 7244.85 6666.66 12958.3 8882.29 9875.67 8269.78
threshold=5666.1111111111122 0 126.21500000000002 135.85000000000005 -51.355873330031748 -98.999999999999986 1.0000000180025095e-35 310.42500000000007 -22.024199622798093 900.37414965986397 0.78460269964147022 1339.9100000000001 -255.77999999999994 21.985199999999995 0.73043135391424963 0.97021278972702818 34.750000000000007 277.67500000000001 1154.2176870748301 25.105500000000003 -36.884240548261232 -34.672342606004385 238.43000000000004 98.972500000000011 965.2700000000001 301.33500000000004 535.00000000000011 405.00000000000006 389.06500000000005 167.44350000000003
decision_type=2 1 2 2 2 2 2 2 2 2 2 2 2 2 2 2 2 2 2 2 2 2 2 2 2 2 2 2 2 2
left_child=2 -2 -1 4 5 6 -4 8 -5 -9 11 -6 -12 -14 15 -15 -16 18 -18 -11 -21 -22 23 24 -20 29 27 -27 -29 -23
right_child=1 -3 3 7 10 -7 -8 9 -10 19 12 -13 13 14 16 -17 17 -19 22 20 21 25 -24 -25 -26 26 -28 28 -30 -31
leaf_value=-0.65946349135466997 1.0257963468377687 0.10947310462330295 -1.9674690761349418 -0.3507826839975261 1.4374005120992661 0.40187259894609451 0.064858882046408134 0.43920166433550589 -1.4053798517584801 -0.68862773428360624 -0.70252064330422359 0.037294116532298881 0.35054052659896789 -0.6229548136945815 0.72618368369467712 0.36402925689421273 -0.87395678041946323 0.59458361653720637 0.68453133501436403 0.52157016898341035 -1.179188250899315 -0.77365520779903119 0.40799992586335626 -0.42251695882706414 0.0097368705097497232 -0.19075216757090285 -0.29884508617632971 1.1990734175495479 0.16852876074770665 0.01228240288362123
leaf_weight=70 49 226 44 109 40 50 54 86 40 60 46 71 270 100 47 46 42 68 46 68 40 65 113 105 294 43 127 46 47 69
leaf_count=70 49 226 44 109 40 50 54 86 40 60 46 71 270 100 47 46 42 68 46 68 40 65 113 105 294 43 127 46 47 69
internal_value=-0.00987004 0.272745 -0.0435731 -0.0242921 0.0612103 -0.425491 -0.847615 -0.177769 -0.633896 -0.0733712 0.117136 0.541837 0.0770831 0.108791 0.0329812 -0.311987 0.103422 0.0596052 -0.00102565 -0.151391 -0.087561 -0.182346 0.0646788 -0.0225016 0.101033 -0.0819082 0.0643443 0.403499 0.678261 -0.368956
internal_weight=2581 275 2306 2236 1436 148 98 800 149 651 1288 111 1177 1131 861 146 715 668 600 565 505 437 558 445 340 397 263 136 93 134
internal_count=2581 275 2306 2236 1436 148 98 800 149 651 1288 111 1177 1131 861 146 715 668 600 565 505 437 558 445 340 397 263 136 93 134
cat_boundaries=0 1
cat_threshold=1
is_linear=0
shrinkage=0.05


Tree=91
num_leaves=31
num_cat=1
split_feature=45 14 45 34 6 10 6 10 15 18 15 15 33 38 38 10 44 12 20 13 10 14 12 20 21 13 13 34 13 29
split_gain=14033.4 38547.8 21711.6 12641.2 9211.21 14598.8 8847.69 8162.44 7961.86 6823.07 6421.74 5943.62 4846.62 6310.35 5717.28 5576.97 4630.63 6709.6 5462.04 6704.46 9024.8 5403.69 5738.28 7940.56 6377.5 8157.26 9148.93 8854.36 8592.32 8075.64
threshold=8.9601000000000131 1.0900000000000036 3.994299999999996 296.5800000000001 0.98746246358418899 38.247500000000009 0.52379603132891595 95.311000000000021 45.755000000000003 0.85201994629875821 -403.50999999999993 -256.64999999999986 389.06500000000005 692.74650000000008 498.47649999999999 107.95950000000001 -197.95500000000001 1455.0000000000002 -36.884240548261232 -189.80999999999995 221.58600000000004 214.19999999999999 2475.0000000000005 -22.580804171477013 -51.355873330031748 -121.93499999999993 -119.46499999999996 267.52000000000004 -139.785 0
decision_type=2 2 2 2 2 2 2 2 2 2 2 2 2 2 2 2 2 2 2 2 2 2 2 2 2 2 2 2 2 1
left_child=1 2 -1 4 5 -3 9 -7 -6 -2 -8 -12 14 -14 15 -5 17 -13 -18 -20 21 22 24 -24 -21 27 -27 28 -26 -30
right_child=6 3 -4 12 8 7 10 -9 -10 -11 11 16 13 -15 -16 -17 18 -19 19 20 -22 -23 23 -25 25 26 -28 -29 29 -31
leaf_value=-0.40764871399849656 0.040570945592551699 0.93991622777834327 -2.0550555915571751 -0.077131710105239101 -0.74012154835026445 -0.33045960508860078 0.65832296609878549 0.5455591490864754 0.20864602973063789 -0.8464801184509112 -0.36644642023822749 0.79750593727285213 -1.0233411908149719 -0.1808243550684141 0.32584033815228208 -0.65020423373489677 0.6174160915342245 0.059528476098286258 0.62790075312463611 -0.43389231628757358 -0.52921930194339328 -0.32375815349609355 0.071455817732298491 -0.6433588583938411 0.008715830866139437 -0.66703562200069433 0.10784146471893344 1.0518893880680913 1.0156571704694737 0.11047052498483523
leaf_weight=40 41 73 40 119 41 65 48 45 48 46 74 55 43 46 49 66 44 70 49 49 68 86 107 61 138 40 799 42 56 44
leaf_count=40 41 73 40 119 41 65 48 45 48 46 74 55 43 46 49 66 44 70 49 49 68 86 107 61 138 40 799 42 56 44
internal_value=-0.00482905 -0.200891 -1.23135 -0.0623418 0.188802 0.391717 0.0642069 0.0279117 -0.228427 -0.428445 0.087628 0.0722558 -0.273831 -0.587883 -0.154385 -0.281579 0.0912628 0.384239 0.0681283 0.0524241 0.0334991 0.0604082 0.0851375 -0.18809 0.124437 0.148886 0.0708986 0.38257 0.264455 0.617375
internal_weight=2592 675 80 595 272 183 1917 110 89 87 1830 1782 323 89 234 185 1708 125 1583 1539 1490 1422 1336 168 1168 1119 839 280 238 100
internal_count=2592 675 80 595 272 183 1917 110 89 87 1830 1782 323 89 234 185 1708 125 1583 1539 1490 1422 1336 168 1168 1119 839 280 238 100
cat_boundaries=0 1
cat_threshold=4
is_linear=0
shrinkage=0.05


Tree=92
num_leaves=31
num_cat=3
split_feature=45 14 33 11 21 31 11 39 22 37 29 21 33 22 37 37 39 13 22 22 13 20 11 20 25 21 41 15 6 22
split_gain=11335.4 26551.7 10767.7 10138.2 10535.5 8098.32 19864.3 5716.51 9140.31 7030.57 5368 19050.9 18633.7 11236.5 7447.95 5416.37 8583.18 10967.3 6158.9 5923.76 5793.42 5332.33 5080.66 4727.06 6256.13 7131.34 7099.67 6533.06 5663.82 5045.02
threshold=8.9601000000000131 1.0000000180025095e-35 106.58500000000002 5658.321995464853 -34.679411711690697 0 1094.0022675736964 134.86460000000002 0.89771739047171717 129.66500000000005 1 -46.431694356572493 927.78000000000009 0.88383026500827777 134.95450000000002 135.85000000000005 131.90330000000003 -189.80999999999995 0.96959349011266871 0.63510128006563649 4.7799999999999736 -32.674853744863306 2101.2698412698414 -15.696865269340394 2 -50.302412530860188 0.80325277365106429 -187.26499999999996 0.76628821836989502 0.79783246651136575
decision_type=2 2 2 2 2 1 2 2 2 2 1 2 2 2 2 2 2 2 2 2 2 2 2 2 9 2 2 2 2 2
left_child=1 -1 -3 4 5 -4 -7 21 -9 -10 11 12 -2 -13 -15 19 17 -17 -18 -12 23 -6 -23 24 28 27 29 -26 -21 -27
right_child=10 2 3 -5 7 6 -8 8 9 -11 15 13 -14 14 -16 16 18 -19 -20 20 -22 22 -24 -25 25 26 -28 -29 -30 -31
leaf_value=-1.0881469623146343 0.13342567490679877 0.68654061610048478 -0.015891261003455337 0.56297185165541508 0.21997136313002558 -0.21959386229515077 -1.6474996398134931 0.78004085733777007 0.5168012006511522 -0.21733099145469842 0.62873267049485071 -0.40004053022136399 1.6057970017194749 0.10147301852818787 0.85632024310620103 0.14942473579198121 0.10055961935868254 -0.88842931247183266 -0.52782566858374558 0.037814070466978877 0.63788242572691389 -0.69992858115080248 -0.016531680502690549 -0.50107971571385856 -0.79461533930897721 0.35338275947688541 0.37487456571963979 0.0021384359530682833 0.75449459771315253 -0.069678608999398359
leaf_weight=71 42 44 49 49 40 60 41 42 43 135 47 97 44 161 41 40 256 70 46 51 41 74 43 40 50 81 144 53 60 542
leaf_count=71 42 44 49 49 40 60 41 42 43 135 47 97 44 161 41 40 256 70 46 51 41 74 43 40 50 81 144 53 60 542
internal_value=0.00123365 -0.172256 -0.067372 -0.124963 -0.188926 -0.543345 -0.799239 -0.0479104 0.116566 -0.0399845 0.0641306 0.230912 0.886732 0.0422821 0.254685 0.0219142 -0.132888 -0.511028 0.0048453 0.0794241 0.0551138 -0.278387 -0.448766 0.0317118 0.0534362 0.00593489 0.0584617 -0.384635 0.390068 -0.0146738
internal_weight=2597 691 620 576 527 150 101 377 220 178 1906 385 86 299 202 1521 412 110 302 1109 1062 157 117 1021 981 870 767 103 111 623
internal_count=2597 691 620 576 527 150 101 377 220 178 1906 385 86 299 202 1521 412 110 302 1109 1062 157 117 1021 981 870 767 103 111 623
cat_boundaries=0 1 2 3
cat_threshold=2 1 4
is_linear=0
shrinkage=0.05


Tree=93
num_leaves=31
num_cat=3
split_feature=36 21 10 10 34 18 19 33 29 41 44 20 12 11 35 38 13 3 37 21 34 11 34 12 21 29 11 21 21 10
split_gain=12047.1 11185.2 9010.67 43436.8 13048.7 32506 10248.5 11028.1 14443.4 9547.57 8612.64 8135.14 11692.7 14082.3 17052.6 14901.9 12916.9 11715.4 12894.8 15492.2 8240.65 9043.68 8148.58 7392.33 7296.12 6878.53 10158.8 6913.56 9597.25 7251.65
threshold=218.50650000000005 -34.104644496166223 -1.0000000180025095e-35 4.5370000000000008 149.83500000000004 0.8017175318790547 0.26041666666666669 129.01500000000001 0 0.86733912396828727 -171.72999999999988 -33.007986658279783 275.00000000000006 958.94557823129264 744.06500000000005 541.95850000000007 -86.780000000000015 1 126.42500000000003 -25.760083803438366 275.64000000000004 978.83219954648553 243.34 495.00000000000006 -20.202263083917043 2 5658.321995464853 -40.189151089433047 -31.735457764543842 80.006500000000003
decision_type=2 2 2 2 2 2 2 2 1 2 2 2 2 2 2 2 2 9 2 2 2 2 2 2 2 1 2 2 2 2
left_child=2 -2 4 -4 5 -1 11 8 -8 -9 -7 20 -13 -14 16 -16 -15 25 19 -19 -5 -22 24 -20 -21 26 -17 29 -29 -27
right_child=1 -3 3 6 -6 10 7 9 -10 -11 -12 12 13 14 15 17 -18 18 23 22 21 -23 -24 -25 -26 27 -28 28 -30 -31
leaf_value=1.8077165541194735 -0.84266822644323103 0.12867751139767317 -1.4861883295343279 0.95171028197957919 -0.19152543559013047 -0.33449970136086149 -0.43437644670668407 -1.0867428143819173 0.54698273656398966 -0.19622002708561281 0.65891128949820998 -0.47635802005728084 1.0062699621043556 -1.1564021678681069 0.90558363009701692 0.23157079447735482 -0.078462198376655579 -0.65382384129940241 -1.1854718433506786 -0.16518686169789584 0.72650180639222617 -0.23037279915096689 0.6224445181329632 -0.24630213967439804 0.51329465677856279 0.35100351406608599 1.0987997517637584 0.81670971504279555 0.15576361628431901 -0.093443174023896042
leaf_weight=42 75 49 47 52 68 48 76 54 74 68 40 96 41 47 57 127 68 73 40 157 43 58 72 44 53 118 46 70 255 413
leaf_count=42 75 49 47 52 68 48 76 54 74 68 40 96 41 47 57 127 68 73 40 157 43 58 72 44 53 118 46 70 255 413
internal_value=0.0219715 -0.45883 0.0463358 0.0178669 0.369701 0.663266 0.0499698 -0.237364 0.0497608 -0.590386 0.117051 0.0904645 0.0603431 0.0909935 0.0681116 0.112386 -0.519012 0.0815879 -0.133405 -0.00462776 0.440306 0.177009 0.163427 -0.693526 0.00604895 0.172926 0.462163 0.11649 0.298121 0.00532276
internal_weight=2571 124 2447 2249 198 130 2202 272 150 122 88 1930 1777 1681 1640 1525 115 1468 439 355 153 101 282 84 210 1029 173 856 325 531
internal_count=2571 124 2447 2249 198 130 2202 272 150 122 88 1930 1777 1681 1640 1525 115 1468 439 355 153 101 282 84 210 1029 173 856 325 531
cat_boundaries=0 1 2 3
cat_threshold=2 66 1
is_linear=0
shrinkage=0.05


Tree=94
num_leaves=31
num_cat=3
split_feature=18 6 20 19 6 20 27 37 3 37 37 11 37 18 18 14 29 37 37 18 35 18 44 34 37 18 18 34 18 10
split_gain=11549.5 9355.5 11573.9 11030.5 8629.45 12110.8 16765.9 8490.75 8662.91 12295.1 9868.48 10352.7 9101.08 7238.42 6930.61 8832.15 6826.68 6401.81 15375.6 7258.15 6275.22 10264.7 7411.56 6656.34 13780.8 8594.93 8242.08 4625.79 7585.35 6650.15
threshold=0.27697033362556073 0.44407648586558374 -37.083467236644026 0.93842364532019718 0.96999057360074448 -23.76166483684479 0 36.935000000000009 1 170.35650000000004 163.37500000000003 1117.3356009070296 148.85700000000006 0.73135576573446526 0.90336458361422878 220.80000000000004 2 138.50500000000002 151.48500000000004 0.7771807309564317 1206.1800000000001 0.85604939545614289 -169.465 306.12000000000006 129.97000000000003 0.94454909533907905 0.92874893836417416 240.15000000000003 0.91013916967712716 80.006500000000003
decision_type=2 2 2 2 2 2 1 2 9 2 2 2 2 2 2 2 1 2 2 2 2 2 2 2 2 2 2 2 2 2
left_child=-1 -2 -3 4 7 6 -6 -4 9 10 11 16 20 -13 15 -5 -9 19 -19 -15 21 -10 -22 24 25 26 -23 29 -29 -21
right_child=1 2 3 14 5 -7 -8 8 12 -11 -12 13 -14 17 -16 -17 -18 18 -20 27 22 23 -24 -25 -26 -27 -28 28 -30 -31
leaf_value=-0.82384175629150569 -0.61713275200121909 0.58986249164893079 0.64292367233679848 0.3354962880015373 0.054261182087066123 0.045564470688502001 -1.2090238647214298 0.14582204996271339 0.69209304106671643 0.82269669985541938 -0.56448126903132489 0.72205104516862439 -0.38396043965029858 -0.39569862194595834 -0.86996140253543863 -0.54550235418207726 0.93941423511132605 -0.82961003716674553 0.29316896304488183 0.32656140371225773 0.099551777316323364 -0.15892619601981617 0.87274101391071235 0.28617884521492021 -1.0749534556730873 0.095913198594041557 -1.0028227638275851 0.19072225905126997 0.90553069510022 -0.083136374712563479
leaf_weight=41 56 91 65 50 48 168 58 47 41 65 51 43 172 63 50 66 64 62 60 160 127 93 41 78 42 198 42 153 49 260
leaf_count=41 56 91 65 50 48 168 58 47 41 65 51 43 172 63 50 66 64 62 60 160 127 93 41 78 42 198 42 153 49 260
internal_value=0.00871295 0.0220312 0.0363085 0.0154586 0.0444775 -0.218482 -0.63697 0.0809405 0.0618254 0.154666 0.113288 0.149257 -0.0592108 0.0899522 -0.37787 -0.165762 0.603389 0.0562716 -0.277424 0.115703 0.0242708 -0.0655023 0.288247 -0.134071 -0.221482 -0.113837 -0.421472 0.167501 0.364116 0.072939
internal_weight=2604 2563 2507 2416 2250 274 106 1976 1911 1077 1012 961 834 850 166 116 111 807 122 685 662 494 168 453 375 333 135 622 202 420
internal_count=2604 2563 2507 2416 2250 274 106 1976 1911 1077 1012 961 834 850 166 116 111 807 122 685 662 494 168 453 375 333 135 622 202 420
cat_boundaries=0 1 2 3
cat_threshold=1 18 4
is_linear=0
shrinkage=0.05


Tree=95
num_leaves=31
num_cat=3
split_feature=6 42 14 18 42 42 3 44 10 39 47 18 44 6 6 21 11 42 6 10 6 6 15 34 27 27 10 34 12 18
split_gain=9648.03 8081.59 9672.48 8367.33 9358.77 7730.17 6350.42 15144 12223.1 11745.6 9496.31 15639.5 10563.1 8826.01 6328.73 6851.05 6236.54 5959.48 19106.1 13317.3 9889.38 10231.1 7109.55 8405.3 15170.6 10819.4 6259.56 13755.8 7324.5 5749.79
threshold=0.44407648586558374 57.550000000000018 214.19999999999999 0.86722497201478388 49.82500000000001 17.295000000000048 0 -91.025000000000006 110.557 137.98150000000001 19.107400000000005 0.79897523014012772 -163.21999999999989 0.72225522201865844 0.868413069002272 -28.428147693239044 945.95238095238108 -85.524999999999935 0.74215052423347316 80.006500000000003 0.71738789954067383 0.76791862737329042 -188.66999999999993 242.78000000000003 1 2 117.12550000000002 228.70000000000002 1455.0000000000002 0.92369378174005368
decision_type=2 2 2 2 2 2 9 2 2 2 2 2 2 2 2 2 2 2 2 2 2 2 2 2 1 1 2 2 2 2
left_child=-1 2 5 16 -5 6 10 8 14 -9 11 -2 -13 -10 -8 -16 -4 18 -12 -20 -19 -22 26 24 -24 -25 27 -21 -28 -14
right_child=1 -3 3 4 -6 -7 7 9 13 -11 17 12 29 -15 15 -17 -18 20 19 22 21 -23 23 25 -26 -27 28 -29 -30 -31
leaf_value=-0.61252224142181466 1.2970373194755578 0.61801995910325302 -0.18681547724891728 0.35198030347895365 -0.58120486086065115 0.55831186014252743 0.010904555140816152 -1.0370131944693053 0.07027290399878397 -0.12426586333033328 0.9096648328207636 -0.4666870524023855 0.17575052980629899 -0.54085558762037478 0.83547279106788952 0.19625521646951563 -1.0080664701056932 -0.49195171723578562 0.62112570158886105 -0.5812788744318359 0.7786726582439899 -0.042756432945574317 -0.76475166574120523 -0.14764885542946948 0.25288436431834044 0.7385991578472072 0.0098264385759830476 0.62210827923069401 -0.84056277105557753 0.93545901522040364
leaf_weight=58 41 59 41 69 44 74 235 65 109 77 74 43 66 129 61 134 53 111 89 47 42 389 60 57 94 87 40 48 69 40
leaf_count=58 41 59 41 69 44 74 235 65 109 77 74 43 66 129 61 134 53 111 89 47 42 389 60 57 94 87 40 48 69 40
internal_value=0.025133 0.0396536 0.0259383 -0.30132 -0.0113838 0.0556369 0.0387824 -0.0722687 0.0265179 -0.542073 0.102952 0.432257 0.194298 -0.260969 0.185639 0.396216 -0.649861 0.0519671 0.152269 0.0574343 -0.0710971 0.03729 -0.042503 0.113182 -0.143597 0.387793 -0.269925 0.0267483 -0.528493 0.462433
internal_weight=2605 2547 2488 207 113 2281 2207 810 668 142 1397 190 149 238 430 195 94 1207 665 591 542 431 502 298 154 144 204 95 109 106
internal_count=2605 2547 2488 207 113 2281 2207 810 668 142 1397 190 149 238 430 195 94 1207 665 591 542 431 502 298 154 144 204 95 109 106
cat_boundaries=0 1 2 3
cat_threshold=51 4 2
is_linear=0
shrinkage=0.05


Tree=96
num_leaves=31
num_cat=1
split_feature=45 14 39 33 13 14 11 11 6 34 4 35 44 11 38 6 19 10 39 45 37 16 38 16 14 10 41 13 10 13
split_gain=9068.87 28439.9 47209.9 6865.41 8062.25 9501.78 9155.14 7336.38 9494.36 6061.81 5257.66 5161.15 8312.51 7617.49 4912.52 4840.54 4042.47 3567.56 5731.58 3452.85 4316.02 3233.79 3159.42 2792.64 2058.57 2005.81 3998.22 3929.34 3198.68 2807.49
threshold=8.9601000000000131 1.0900000000000036 183.501 106.58500000000002 -40.329999999999991 137.70000000000002 5650.6235827664414 2330.3174603174607 0.71738789954067383 296.5800000000001 0 1080.2200000000003 -178.69499999999994 2025.4081632653063 551.29840000000013 0.57932896004525769 0.27267156862745101 38.247500000000009 156.70910000000001 50.773000000000103 68.460000000000022 125.00000000000001 368.11000000000007 70.000000000000014 115.02000000000004 80.006500000000003 0.7055817465142783 -80.980000000000004 107.80650000000001 -186.78000000000006
decision_type=2 2 2 2 2 2 2 2 2 2 9 2 2 2 2 2 2 2 2 2 2 2 2 2 2 2 2 2 2 2
left_child=1 2 -1 -3 6 -6 7 8 -5 -7 11 12 -2 -13 16 22 -11 -17 24 25 -21 23 -14 -15 -19 27 -27 -12 -28 -30
right_child=10 3 -4 4 5 9 -8 -9 -10 14 19 13 15 21 -16 17 -18 18 -20 20 -22 -23 -24 -25 -26 26 28 -29 29 -31
leaf_value=-2.2346103602066272 -0.66766197796425097 0.58279226716785204 0.098714985941415256 -0.13143566711805763 -0.87881169319152841 0.37515115824838485 0.7313785425424576 -0.4834324281723773 0.69729972267868345 0.12784469448312927 0.50828942966461177 0.86110507108271117 0.035686928257346151 0.1439165518765502 -0.74614867448806765 0.57838330468670884 -0.37484180963149782 0.21687215507030488 0.59203636762572498 0.036150011136418296 -0.65138675475120555 -0.20218347712593565 -0.59274604395031927 0.42678842521687549 -0.21139167431900474 -0.33436163820607484 0.30560687521224222 -0.01383780094311219 0.30666679840448291 -0.13410798424723006
leaf_weight=41 46 42 46 96 51 48 50 61 54 79 50 40 40 641 40 44 81 40 41 42 50 59 40 101 94 106 75 129 43 226
leaf_count=41 46 42 46 96 51 48 50 61 54 79 50 40 40 641 40 44 81 40 41 42 50 59 40 101 94 106 75 129 43 226
internal_value=-0.000411232 -0.155886 -1.0009 -0.0337664 -0.0800083 -0.257259 0.123049 -0.0211043 0.166909 -0.12944 0.0557619 0.119902 -0.0419374 0.187719 -0.250542 0.054328 -0.12664 0.17592 0.0747289 -0.0507048 -0.337511 0.154092 -0.27853 0.182421 -0.0835517 -0.00956145 -0.0658746 0.132008 0.0168569 -0.0636496
internal_weight=2596 689 87 602 560 299 261 211 150 248 1907 1186 345 841 200 299 160 219 175 721 92 801 80 742 134 629 450 179 344 269
internal_count=2596 689 87 602 560 299 261 211 150 248 1907 1186 345 841 200 299 160 219 175 721 92 801 80 742 134 629 450 179 344 269
cat_boundaries=0 1
cat_threshold=212
is_linear=0
shrinkage=0.05


Tree=97
num_leaves=31
num_cat=3
split_feature=6 27 11 37 21 11 40 37 4 37 45 34 15 6 35 35 45 33 34 34 34 35 43 35 35 3 35 13 10 34
split_gain=8193.33 21115.2 35169.2 11691 11537.5 7020.8 6338.29 6821.78 6988.54 6498.97 11398.9 6387.84 5084.04 3677.39 8730.48 6914.94 5683.89 6435.08 8872.57 11811.4 6483.9 5088.76 4941.17 4739.4 3782.93 3228.8 4113.81 5842.91 3402.02 2992.12
threshold=0.97731931804092975 0 5603.6394557823141 11.390000000000002 -64.973816251030442 5671.4512471655335 83.205000000000013 41.190000000000005 1 67.445000000000007 38.814999999999927 264.18000000000006 -204.34000000000012 0.70093814041861868 891.89000000000021 744.06500000000005 27.580000000000044 2822.6250000000005 296.5800000000001 306.12000000000006 283.52000000000004 646.30500000000018 -1.1599999999999111 1167.3300000000002 791.33500000000015 2 2633.8400000000006 -121.11999999999989 108.242 237.59000000000003
decision_type=2 1 2 2 2 2 2 2 9 2 2 2 2 2 2 2 2 2 2 2 2 2 2 2 2 9 2 2 2 2
left_child=3 -2 -3 -1 -5 6 -6 -8 25 -10 12 -12 -11 14 15 21 17 18 20 -20 22 -14 -15 -16 -21 29 27 -27 -29 -9
right_child=1 2 -4 4 5 -7 7 8 9 10 11 -13 13 16 23 -17 -18 -19 19 24 -22 -23 -24 -25 -26 26 -28 28 -30 -31
leaf_value=0.839769114012068 0.41668830546172891 -1.6413314402456984 -0.065951385131123863 -0.81425382218709808 0.60282814770936977 0.49819070360599427 -0.45580202346646753 0.35293398156480971 0.17784385995830609 0.50827727442062121 -0.2570073883145233 -0.97743252080678955 -0.035889808673545451 0.38801135139091175 -1.0227107355053107 0.47115823579769511 -0.2217925478618693 -0.49859911069273954 -0.76510769597565131 -0.071596735006714443 0.90640817109454908 -0.58666708132784284 -0.226353686632112 -0.25772724491544069 0.45742285526112508 0.62752783673150203 -0.15905370730906726 0.29807205133048104 -0.13249950804747643 -0.067899522171445334
leaf_weight=44 74 54 103 41 45 78 78 53 274 41 80 50 167 137 41 51 185 40 48 83 46 56 43 40 57 105 52 162 64 208
leaf_count=44 74 54 103 41 45 78 78 53 274 41 80 50 167 137 41 51 185 40 48 83 46 56 43 40 57 105 52 162 64 208
internal_value=0.00463307 -0.27961 -0.607802 0.0323495 0.0170693 0.0319923 0.0155084 0.00327828 0.020469 -0.040975 -0.0927914 -0.534094 -0.0373621 -0.0598684 -0.188896 -0.0540799 0.0118137 0.107006 0.165518 -0.0882691 0.376633 -0.174202 0.241246 -0.644941 0.14379 0.155978 0.247907 0.31933 0.17614 0.0169092
internal_weight=2600 231 157 2369 2325 2284 2206 2161 2083 1439 1165 130 1035 994 355 274 639 454 414 188 226 223 180 81 140 644 383 331 226 261
internal_count=2600 231 157 2369 2325 2284 2206 2161 2083 1439 1165 130 1035 994 355 274 639 454 414 188 226 223 180 81 140 644 383 331 226 261
cat_boundaries=0 1 2 3
cat_threshold=1 80 100
is_linear=0
shrinkage=0.05


Tree=98
num_leaves=31
num_cat=1
split_feature=45 47 14 11 18 34 10 21 49 21 21 47 6 45 47 18 14 6 19 6 38 15 31 6 6 15 11 12 33 6
split_gain=10277.3 22030.1 11193 8727.92 6233.98 44845.8 12660.3 13477.5 12758.7 6073.46 8213.68 6389.83 6381.98 6223.55 5751.63 7313.13 6783 5442.88 6063 5366.51 4807.66 4606.13 4522.51 4418.06 8131.94 4163.2 7966.77 5746.79 5115.2 3971.91
threshold=8.9601000000000131 20.830999999999978 -1.0000000180025095e-35 5658.321995464853 0.7712559687678483 154.48000000000005 25.105500000000003 -34.679411711690697 170.69000000000008 -50.860805720089282 -47.625616341976482 23.899999999999999 0.76154682053018774 29.764999999999969 25.800000000000001 0.92780476133799572 126.22000000000004 0.73043135391424963 0.30388471177944865 0.80664753277684487 551.29840000000013 -183.24999999999997 0 0.81688635270799625 0.64535245943775765 -183.86999999999986 5645.2834467120192 995.00000000000011 857.90500000000009 0.57932896004525769
decision_type=2 2 2 2 2 2 2 2 2 2 2 2 2 2 2 2 2 2 2 2 2 2 1 2 2 2 2 2 2 2
left_child=1 -1 -3 14 5 -2 7 -6 -9 13 19 29 -13 -8 15 -4 23 18 -7 21 -18 -11 -19 24 -16 26 27 28 -14 -12
right_child=4 2 3 -5 6 17 9 8 -10 10 11 12 25 -15 16 -17 20 22 -20 -21 -22 -23 -24 -25 -26 -27 -28 -29 -30 -31
leaf_value=-1.1050045095641037 1.821225635930896 -0.89540980655699975 -0.66687225750015111 0.59404048940130305 -1.1339709806315443 0.66137378887721798 0.083355964799510684 0.51092575984922328 -0.72290699198842057 0.29179537862539295 -0.21013831654015711 -0.29619626654224973 0.057782628422691711 -0.72198102650593743 0.031874948314258029 0.15943539270432666 -0.047860788390104034 0.036543651499475048 -0.13961747398688681 -0.018272366995612781 -0.57223860854903863 0.938896131515503 -0.5320881395448338 -0.043555729175833141 0.92382943218058733 0.34007820251223808 -0.441395676805732 -0.097399173059769112 0.84288035416748464 0.1944536808033033
leaf_weight=58 40 40 81 51 47 54 47 44 40 55 68 214 42 49 56 40 161 96 42 48 60 55 55 88 47 91 89 118 41 562
leaf_count=58 40 40 81 51 47 54 47 44 40 55 68 214 42 49 56 40 161 96 42 48 60 55 55 88 47 91 89 118 41 562
internal_value=-0.00643399 -0.1729 -0.0862618 -0.0308408 0.053413 0.268093 0.015144 -0.455971 -0.0766136 0.0568722 0.0835671 0.039806 -0.0776996 -0.327701 -0.0906324 -0.393713 -0.00162094 0.0165733 0.31094 0.422854 -0.190226 0.615346 -0.170574 0.216608 0.438883 0.0450256 -0.0475598 0.126825 0.445602 0.150783
internal_weight=2579 682 624 584 1897 287 1610 131 84 1479 1383 1225 595 96 533 121 412 247 96 158 221 110 151 191 103 381 290 201 83 630
internal_count=2579 682 624 584 1897 287 1610 131 84 1479 1383 1225 595 96 533 121 412 247 96 158 221 110 151 191 103 381 290 201 83 630
cat_boundaries=0 1
cat_threshold=2
is_linear=0
shrinkage=0.05


Tree=99
num_leaves=31
num_cat=4
split_feature=38 19 25 12 41 39 35 25 39 11 21 29 18 13 21 34 14 21 13 38 35 49 12 21 34 21 39 11 29 35
split_gain=6394.16 9630.41 11809.6 9111.99 7860.08 7087.4 4836.65 15772.8 28834.4 15366.9 13991.9 11428.6 24548.4 10991.7 9217.18 9299.26 11033.8 8511.16 8098.55 7865.72 17872.6 10030 12604 7387.58 6561.84 5763.53 6287.5 6478.07 8105.06 7319.65
threshold=150.89190000000002 0.26041666666666669 0 105.00000000000001 0.58322650334567017 127.27200000000003 1634.1600000000003 1 130.51060000000004 1167.1088435374152 -16.484826758337913 2 0.77951917404341198 34.535000000000004 -50.860805720089282 236.80500000000004 83.600000000000009 -15.783613330548958 -59.00000000000005 466.90000000000003 602.20000000000016 179.25000000000014 965.2700000000001 -22.136343640145935 217.04000000000005 -55.872352887610624 104.30500000000001 5666.1111111111122 3 1683.7250000000001
decision_type=2 2 9 2 2 2 2 9 2 2 2 1 2 2 2 2 2 2 2 2 2 2 2 2 2 2 2 2 1 2
left_child=4 6 5 -4 -1 -3 7 8 -2 -10 11 13 -13 14 -9 24 -17 -12 -11 20 -14 22 23 -21 -16 -8 -27 29 -29 -28
right_child=1 2 3 -5 -6 -7 25 10 9 18 17 12 19 -15 15 16 -18 -19 -20 21 -22 -23 -24 -25 -26 26 27 28 -30 -31
leaf_value=0.88704131947623355 -1.573437909747279 -1.2533600868284704 0.51833808958264338 -0.28268012100369816 -0.064027925633958413 -0.41684827770012012 0.62926368304692648 -0.79631089952796008 -0.71605769773544392 -0.1086730592501791 1.1469619161026043 1.2850810914538628 0.34128415584564209 -0.91585587881961661 -0.047231634569507616 0.66832778893220124 -0.16236032222102328 0.16351034813983875 0.69957089986571153 0.95383363661411069 -1.0457207590341568 -0.44417459671313947 -0.024949665324309679 0.27969499806513881 -0.7837377212485489 -0.43507866913622079 0.30780882661213887 0.16151210766817845 0.92192198667748304 -0.058469081276161662
leaf_weight=45 43 40 56 97 42 69 51 43 79 95 44 43 45 49 79 78 82 44 46 68 48 65 217 101 49 55 192 112 51 471
leaf_count=45 43 40 56 97 42 69 51 43 79 95 44 43 45 49 79 78 82 44 46 68 48 65 217 101 49 55 192 112 51 471
internal_value=0.00649045 -0.0081047 -0.295 0.00985866 0.427904 -0.662999 0.0253027 -0.0363429 -0.374982 -0.157783 0.0511457 -0.00329948 0.135002 -0.216939 -0.113474 -0.0115223 0.2426 0.655236 0.155009 0.0440949 -0.374589 0.130431 0.227191 0.550946 -0.329175 0.112479 0.0825635 0.117031 0.399432 0.0476023
internal_weight=2599 2512 262 153 87 109 2250 1318 263 220 1055 967 587 380 331 288 160 88 141 544 93 451 386 169 128 932 881 826 163 663
internal_count=2599 2512 262 153 87 109 2250 1318 263 220 1055 967 587 380 331 288 160 88 141 544 93 451 386 169 128 932 881 826 163 663
cat_boundaries=0 1 2 3 4
cat_threshold=6 33 4 4
is_linear=0
shrinkage=0.05


Tree=100
num_leaves=31
num_cat=1
split_feature=18 38 21 40 21 13 11 39 10 18 11 21 21 11 12 13 25 10 10 11 13 13 40 21 44 44 38 21 18 20
split_gain=12200.1 5877.67 7781.24 7070.76 16286.2 15055.9 9902.27 21817.8 8204.04 14613.2 6464.54 5586.51 8984.26 7325.03 11872.3 11287.8 9987.99 7471.61 13055.3 10713.4 5665.81 11468.5 10712.2 5461.89 6991.72 9370.91 5359.77 4904.54 9417.47 7286.88
threshold=0.27697033362556073 1457.4067000000002 -20.998045229424669 1050.0850000000003 -46.748684210324377 -59.00000000000005 5629.7959183673474 138.9444 15.233500000000003 0.93854872175587467 5666.1111111111122 -16.484826758337913 -15.637171139467801 1167.1088435374152 395.00000000000006 -89.749999999999986 0 39.453500000000012 24.998000000000001 879.42176870748312 -5.9999999999998996 43.940000000000005 433.09000000000009 -23.793969175249135 -168.22999999999999 -177.15499999999994 1497.9980000000003 -50.028481154069603 0.77951917404341198 -22.920866156097059
decision_type=2 2 2 2 2 2 2 2 2 2 2 2 2 2 2 2 9 2 2 2 2 2 2 2 2 2 2 2 2 2
left_child=-1 3 10 4 5 -2 7 -5 9 -6 26 13 -13 15 -15 -10 -17 18 -18 -19 22 -22 -21 24 25 -16 -3 -28 -29 -30
right_child=1 2 -4 6 8 -7 -8 -9 11 -11 -12 12 -14 14 23 16 17 19 -20 20 21 -23 -24 -25 -26 -27 27 28 29 -31
leaf_value=-0.86795232034311065 0.13947053261576814 0.24238415501036106 0.73818244989151538 -1.5882981562800706 -1.2447567284107208 1.260127181288871 0.037117945266266668 0.063131849747151136 -0.89138427736624237 0.061963752559993583 0.33370183845676604 0.70190145331284692 -0.16384721688027015 0.87536816680576734 -0.35168854928746518 0.21923792764876679 -0.35459754254485742 -0.98533413834491024 0.79089571315617802 0.32178377154781379 -0.94812200693857107 0.071792754713369877 -0.57673707543699837 0.17297817825775028 -0.34716618853003794 0.58027837981780372 0.15708839825127979 -0.89826453982329957 0.19504316869921001 -0.29732384461495615
leaf_weight=41 94 168 46 40 40 44 75 40 53 46 183 62 58 41 49 147 61 59 42 86 63 49 54 230 178 60 148 41 129 180
leaf_count=41 94 168 46 40 40 44 75 40 53 46 183 62 58 41 49 147 61 59 42 86 63 49 54 230 178 60 148 41 129 180
internal_value=-0.0122603 0.00141207 0.104812 -0.0539698 -0.0210823 0.496781 -0.375631 -0.762583 -0.0729438 -0.545813 0.0704953 -0.0414679 0.283456 -0.0747366 0.0563861 -0.1939 -0.128006 -0.250547 0.112497 -0.378839 -0.236842 -0.501909 -0.0247886 -0.00856216 -0.154047 0.161321 -0.00182725 -0.0842118 -0.186247 -0.0917726
internal_weight=2607 2566 895 1671 1516 138 155 80 1378 86 849 1292 120 1172 558 614 561 414 103 311 252 112 140 517 287 109 666 498 350 309
internal_count=2607 2566 895 1671 1516 138 155 80 1378 86 849 1292 120 1172 558 614 561 414 103 311 252 112 140 517 287 109 666 498 350 309
cat_boundaries=0 1
cat_threshold=64
is_linear=0
shrinkage=0.05


Tree=101
num_leaves=31
num_cat=0
split_feature=10 14 18 13 44 14 10 18 18 11 21 13 34 37 10 10 47 34 34 20 10 10 45 16 37 20 11 45 44 15
split_gain=7445.77 31093.2 10928.9 28226.6 11098.2 10901.9 10099.3 7577.8 9505.88 6816.13 13859.5 11610.6 12534.9 10037 6025.22 5309.66 6654.91 5550.29 6096.97 6639.24 4629.66 4969.97 5198.21 4589.33 6417.46 4520.05 4245.08 4700.67 5158.45 4007.44
threshold=26.549500000000005 1.0000000180025095e-35 0.8017175318790547 -34.104999999999997 -170.70999999999989 208.79999999999998 30.042500000000004 0.92452237408530669 0.88697397981566151 1185.7709750566896 -17.20075780489039 -89.749999999999986 320.99500000000006 167.44350000000003 93.931000000000012 89.108000000000018 23.899999999999999 232.37500000000003 226.47500000000005 -20.21439825147139 98.086000000000027 98.602500000000006 26.33899999999986 135.00000000000003 46.730000000000011 -15.116034835523818 2319.6598639455783 38.814999999999927 -164.99500000000009 -188.89499999999995
decision_type=2 2 2 2 2 2 2 2 2 2 2 2 2 2 2 2 2 2 2 2 2 2 2 2 2 2 2 2 2 2
left_child=1 -1 3 -3 -4 7 -2 8 -6 10 11 -8 -13 -14 -15 17 -17 18 19 23 -18 -22 -23 24 -11 -12 -24 28 -28 -30
right_child=6 2 4 -5 5 -7 9 -9 -10 15 25 12 13 14 -16 16 20 -19 -20 -21 21 22 26 -25 -26 -27 27 -29 29 -31
leaf_value=-1.1798619199982461 0.76185641753608768 -0.44749645307039226 -0.76381235060191921 1.2955692142248154 0.35969891191249892 -0.53536537425482977 -1.0157964012357925 0.70899831337748842 -0.62894590605050338 -0.051249874755740166 0.68043679192110351 -0.36004920718879935 0.80001002481828132 0.37327723055169354 -0.42751319625160911 0.17276831874648213 -0.49400692317867656 0.59669176214016406 -0.2206603242084384 -0.20181372464867309 0.44698938578367237 0.074906668626140122 0.21309459585357798 -0.030316033622003954 0.6729763454428086 0.082149486675074226 0.10702606294500201 -0.7753662488706734 -0.82798776030540466 -0.20681806455391483
leaf_weight=68 46 45 62 48 62 68 45 53 40 40 54 293 48 41 55 383 64 78 92 64 47 253 44 53 130 76 76 46 40 74
leaf_count=68 46 45 62 48 62 68 45 53 40 40 54 293 48 41 55 383 64 78 92 64 47 253 44 53 130 76 76 46 40 74
internal_value=-0.00970419 -0.195564 -0.0184942 0.45215 -0.172073 -0.00755354 0.0289949 0.224003 -0.0280049 0.0129111 -0.127495 -0.251066 -0.172318 0.209664 -0.085509 0.0708142 0.0077244 0.212594 0.133544 0.247087 -0.0904306 -0.045898 -0.0893609 0.37592 0.50257 0.330669 -0.237788 -0.321851 -0.212053 -0.424772
internal_weight=2588 446 378 93 285 223 2142 155 102 2096 612 482 437 144 96 1484 1027 457 379 287 644 580 533 223 170 130 280 236 190 114
internal_count=2588 446 378 93 285 223 2142 155 102 2096 612 482 437 144 96 1484 1027 457 379 287 644 580 533 223 170 130 280 236 190 114
is_linear=0
shrinkage=0.05


end of trees

feature_importances:
words_vs_alias_score_margin=245
local_peak_db=229
energy_mean=216
cand_cons=212
cand_ovl=207
local_valley_db=197
mapping_confidence=181
base_offset_to_expected_ms=167
wav_duration_ms=165
base_pre_to_expected_ms=133
cand_cutoff_abs=119
base_cutoff_to_next_anchor_ms=93
cand_offset=90
expected_anchor_ms=85
voicing_class=78
cand_delta_from_base_total=74
cand_pre_abs=59
cand_cons_gap=58
alias_group=50
cand_cutoff_to_next_anchor_ms=49
mora_position=44
cand_pre_to_expected_ms=40
cand_pre=39
db_silence_ratio=33
cand_cut_gap=29
vowel_class=24
cand_ovl_ratio=22
cand_offset_to_expected_ms=21
mel_window_energy_mean=20
cand_overlap_margin=20
prev_alias_type=13
alias_type=10
prev_phone_gap_ms=8
cand_leak_risk=8
onset_class=6
cand_pre_cons_margin=6
mel_window_silence_ratio=4
candidate_mode=3
cand_delta_from_base_anchor=3

parameters:
[boosting: gbdt]
[objective: regression]
[metric: l2]
[tree_learner: serial]
[device_type: cpu]
[data_sample_strategy: bagging]
[data: ]
[valid: ]
[num_iterations: 400]
[learning_rate: 0.05]
[num_leaves: 31]
[num_threads: 0]
[seed: 0]
[deterministic: 0]
[force_col_wise: 0]
[force_row_wise: 0]
[histogram_pool_size: -1]
[max_depth: -1]
[min_data_in_leaf: 40]
[min_sum_hessian_in_leaf: 0.001]
[bagging_fraction: 0.85]
[pos_bagging_fraction: 1]
[neg_bagging_fraction: 1]
[bagging_freq: 1]
[bagging_seed: 3]
[bagging_by_query: 0]
[feature_fraction: 0.85]
[feature_fraction_bynode: 1]
[feature_fraction_seed: 2]
[extra_trees: 0]
[extra_seed: 6]
[early_stopping_round: 0]
[early_stopping_min_delta: 0]
[first_metric_only: 0]
[max_delta_step: 0]
[lambda_l1: 0]
[lambda_l2: 0]
[linear_lambda: 0]
[min_gain_to_split: 0]
[drop_rate: 0.1]
[max_drop: 50]
[skip_drop: 0.5]
[xgboost_dart_mode: 0]
[uniform_drop: 0]
[drop_seed: 4]
[top_rate: 0.2]
[other_rate: 0.1]
[min_data_per_group: 100]
[max_cat_threshold: 32]
[cat_l2: 10]
[cat_smooth: 10]
[max_cat_to_onehot: 4]
[top_k: 20]
[monotone_constraints: ]
[monotone_constraints_method: basic]
[monotone_penalty: 0]
[feature_contri: ]
[forcedsplits_filename: ]
[refit_decay_rate: 0.9]
[cegb_tradeoff: 1]
[cegb_penalty_split: 0]
[cegb_penalty_feature_lazy: ]
[cegb_penalty_feature_coupled: ]
[path_smooth: 0]
[interaction_constraints: ]
[verbosity: -1]
[saved_feature_importance_type: 0]
[use_quantized_grad: 0]
[num_grad_quant_bins: 4]
[quant_train_renew_leaf: 0]
[stochastic_rounding: 1]
[linear_tree: 0]
[max_bin: 255]
[max_bin_by_feature: ]
[min_data_in_bin: 3]
[bin_construct_sample_cnt: 200000]
[data_random_seed: 1]
[is_enable_sparse: 1]
[enable_bundle: 1]
[use_missing: 1]
[zero_as_missing: 0]
[feature_pre_filter: 1]
[pre_partition: 0]
[two_round: 0]
[header: 0]
[label_column: ]
[weight_column: ]
[group_column: ]
[ignore_column: ]
[categorical_feature: 0,1,2,3,4,24,25,26,27,28,29,30,31,32]
[forcedbins_filename: ]
[precise_float_parser: 0]
[parser_config_file: ]
[objective_seed: 5]
[num_class: 1]
[is_unbalance: 0]
[scale_pos_weight: 1]
[sigmoid: 1]
[boost_from_average: 1]
[reg_sqrt: 0]
[alpha: 0.9]
[fair_c: 1]
[poisson_max_delta_step: 0.7]
[tweedie_variance_power: 1.5]
[lambdarank_truncation_level: 30]
[lambdarank_norm: 1]
[label_gain: ]
[lambdarank_position_bias_regularization: 0]
[eval_at: ]
[multi_error_top_k: 1]
[auc_mu_weights: ]
[num_machines: 1]
[local_listen_port: 12400]
[time_out: 120]
[machine_list_filename: ]
[machines: ]
[gpu_platform_id: -1]
[gpu_device_id: -1]
[gpu_use_dp: 0]
[num_gpu: 1]

end of parameters

pandas_categorical:[["japanese"], ["cv"], ["br", "cv", "cv_head", "vv"], ["br", "cv_fricative", "cv_head_other", "cv_head_sonorant", "cv_other", "cv_plosive", "cv_sonorant", "vv"], ["anchor_soft", "anchor_tight", "base", "bridge_tight", "cv_guard", "ja_cv_forward_soft", "ja_cv_hold", "next_safe"], ["none"], ["", "a", "e", "i", "n", "o", "u"], ["", "vv"], ["head", "mid", "tail"], ["fricative", "other", "plosive", "sonorant"], ["unknown", "voiced", "voiceless"], ["unknown"], ["", "cv", "cv_head"], [""]]
