tree
version=v4
num_class=1
num_tree_per_iteration=1
label_index=0
max_feature_idx=30
objective=regression_l1
feature_names=language format_type voicebank_id wav_norm alias_norm occurrence_index row_index_in_wav source_mode source_detail token_source source_confidence onset_ms voiced_onset_ms nucleus_start_ms nucleus_end_ms nucleus_span_ms tail_ms tail_margin_ms blank_confidence voiced_confidence unvoiced_confidence boundary_confidence mel_window_energy_mean mel_window_silence_ratio mel_window_voiced_ratio prev_gap_ms next_gap_ms neighbor_boundary_gap_ms file_row_count file_mean_energy file_voiced_ratio
feature_infos=none none -1:3:2:0 -1:36:15:55:104:157:169:122:63:81:100:26:215:111:112:136:188:24:56:77:82:98:103:106:140:143:159:186:216:222:12:16:21:23:30:32:58:59:62:70:71:91:94:101:107:117:126:133:139:148:166:178:179:181:183:185:192:193:194:195:206:209:210:217:40:68:89:96:134 -1:0:252:254:3:12:15:26:27:29:44:51:55:74:83:84:104:149:155:192:227:231:239:278:115:4:5:19:43:46:50:67:68:75:89:101:102:110:111:112:122:124:134:136:147:156:161:165:169:197:203:205:208:212:230:242:250:261:287:291:300:117:249 none [0:3] none none none none [869.99286054421771:5682.7746976873477] [971.11266666666677:5688.3619261892236] [971.11266666666677:5688.3619261892236] [1204.0516609268709:6272.72746334353] [38.506342654908622:2525.4771001275512] [1276.7820459183674:6795.1120101412889] [0.93728124999961437:972.61879953231301] [0.019269879062736198:0.80666784252026336] [0.23002784150624681:0.95579263038548756] [0.029992999999999902:0.5398313859049596] [0.85999999999999999:0.93501049999999997] [0:0.13454106344517869] [0.032606145906638503:1] [0:0.90515286574399878] [0:1410.7720750243029] [0:1707.6369670646388] [0:1707.6369670646388] [1:4] [0.0027766247370630001:0.0362059077978674] [0.030971089201408002:0.41959027743022531]
tree_sizes=2160 2169 2083 2092 2092 2090 2209 2209 2091 2200 2090 2088 2308 2199 2213 2197 2205 2318 2417 2226 2416 2197 2421 2330 2190 2320 2426 2325 2113 2214 1989 2209 2298 2124 2215 2197 2303 2196 2330 2538 2324 2281 2527 2426 2430 2316 2322 2213 2319 2413 2248 2416 2205 2120

Tree=0
num_leaves=20
num_cat=0
split_feature=17 28 27 16 27 16 24 20 18 19 19 16 15 12 14 20 15 15 14
split_gain=69.5922 44.5044 48.6884 32.4731 28.9537 27.5659 14.5669 24.7585 10.8656 7.50562 7.49207 8.73063 5.46162 3.98197 7.243 3.64665 2.90834 2.10695 1.52014
threshold=21.916473742171096 3.5000000000000004 341.74145486888125 6204.3720300792684 237.10093679956358 4027.5332356214658 0.41390868852727386 0.14731354997301313 0.61523594582066721 0.60015019547311099 0.71628322950543766 4354.6532826758839 408.88430427343343 2105.7207848639459 2282.4033563166672 0.043569112567862008 353.74262332143445 329.13639712218384 1426.215065614763
decision_type=2 2 2 2 2 2 2 2 2 2 2 2 2 2 2 2 2 2 2
left_child=1 2 17 4 -2 15 7 8 -6 -8 -11 16 -9 14 18 -4 -12 -1 -3
right_child=3 13 5 -5 6 -7 9 12 -10 10 11 -13 -14 -15 -16 -17 -18 -19 -20
leaf_value=-48.547949981689456 -51.660559272766115 -49.078993034362796 -55.126908683776854 -51.660559272766115 -59.659436988830564 -51.994535636901858 -56.901205635070802 -51.660559272766115 -55.611009407043454 -59.277155494689943 -57.149658775329591 -56.009259223937988 -57.073324775695802 -47.917964363098143 -52.231349992752072 -59.544651222229007 -59.648533821105957 -51.660559272766115 -49.381394958496095
leaf_weight=23.338560104370117 24.311000108718872 23.338560104370117 23.338560104370117 29.173200130462646 35.980280160903931 28.200760126113892 25.283440113067627 37.92516016960144 33.062960147857666 63.208600282669067 24.311000108718872 24.311000108718872 24.311000108718872 55.429080247879028 28.200760126113892 38.897600173950195 26.255880117416382 25.283440113067627 33.062960147857666
leaf_count=24 25 24 24 30 37 29 26 39 34 65 25 25 25 57 29 40 27 26 34
internal_value=-54.2732 -54.2546 -54.2746 -54.2881 -54.2927 -54.2963 -54.297 -54.2846 -54.3053 -54.307 -54.3116 -54.3009 -54.2618 -54.2347 -54.2415 -54.3149 -54.3127 -54.2343 -54.2312
internal_weight=627.224 279.09 139.059 348.134 318.96 90.4369 294.649 131.279 69.0432 163.37 138.086 74.8779 62.2362 140.031 84.6023 62.2362 50.5669 48.622 56.4015
internal_count=645 287 143 358 328 93 303 135 71 168 142 77 64 144 87 64 52 50 58
is_linear=0
shrinkage=1


Tree=1
num_leaves=20
num_cat=0
split_feature=17 28 27 16 16 27 24 19 27 19 15 21 11 11 18 20 17 21 6
split_gain=70.0968 42.6276 41.4006 33.14 28.0063 20.4845 20.7627 19.32 9.38943 14.7097 4.88996 5.81063 4.09895 6.62336 3.50078 3.13774 1.48181 0.456206 7.10543e-15
threshold=21.916473742171096 3.5000000000000004 341.74145486888125 6204.3720300792684 4027.5332356214658 270.55407120846058 0.41390868852727386 0.78208936785175598 462.83219437910458 0.698798267653293 313.57164933818927 0.92022863449444359 2107.0578983453756 1998.5089569628892 0.51157165188251574 0.19609652042387724 5.0869800697695391 0.89295426537705136 1.5000000000000002
decision_type=2 2 2 2 2 2 2 2 2 2 2 2 2 2 2 2 2 2 2
left_child=1 2 -1 5 14 -2 7 8 -7 -10 15 17 13 16 -4 -8 -3 -12 -14
right_child=3 12 4 -5 -6 6 10 -9 9 -11 11 -13 18 -15 -16 -17 -18 -19 -20
leaf_value=2.4830279636383059 2.4830279636383059 5.1366974925994882 -5.9044799137115476 2.4830279636383059 2.499726781845093 2.4830279636383059 -3.4156674098968511 -5.3716965770721439 -2.5944851970672609 2.4830279636383059 -3.2695837688446048 -3.7874455928802493 6.5040017795562752 2.0597835564613343 -2.0234545993804933 -1.1982336711883546 4.5779910182952888 -5.320209760665894 5.5730676364898688
leaf_weight=44.732240200042725 26.255880117416382 23.338560104370117 35.007840156555176 27.228320121765137 29.173200130462646 28.200760126113892 24.311000108718872 44.732240200042725 30.145640134811401 33.062960147857666 23.338560104370117 26.255880117416382 25.283440113067627 29.173200130462646 23.338560104370117 23.338560104370117 31.118080139160156 55.429080247879028 31.118080139160156
leaf_count=46 27 24 36 28 30 29 25 46 31 34 24 27 26 30 24 24 32 57 32
internal_value=0.00142405 0.0203571 0 -0.0136364 -0.02 -0.0182099 -0.0220539 -0.00785714 0.00531915 -0.00538462 -0.0347134 -0.0407407 0.0395833 0.0325581 -0.04 -0.0214286 0.0428571 -0.0475309 0.05
internal_weight=614.582 272.283 132.252 342.299 87.5196 315.071 288.815 136.142 91.4094 63.2086 152.673 105.024 140.031 83.6298 58.3464 47.6496 54.4566 78.7676 56.4015
internal_count=632 280 136 352 90 324 297 140 94 65 157 108 144 86 60 49 56 81 58
is_linear=0
shrinkage=0.05


Tree=2
num_leaves=19
num_cat=0
split_feature=28 15 27 16 25 17 22 17 15 14 14 30 30 30 30 20 15 11
split_gain=63.961 65.6923 51.0128 39.1225 17.4442 16.7134 15.0034 14.0498 13.7949 11.4724 8.45251 7.58064 5.52706 4.10258 2.19386 1.38981 1.15424 0.0938319
threshold=3.5000000000000004 352.05465568530525 270.55407120846058 6204.3720300792684 278.29159369202745 376.5006558916071 0.026981117735412605 461.76943504427578 379.17328663171571 2779.5938076448833 3946.6269833515566 0.25196127257819018 0.20054919272364677 0.17277712825950828 0.19452751279212702 0.049832351236290109 265.39069407448557 3123.0607560574572
decision_type=2 2 2 2 2 2 2 2 2 2 2 2 2 2 2 2 2 2
left_child=2 13 9 4 15 8 -3 10 12 -1 14 -10 -6 -2 -7 -4 -15 -16
right_child=1 6 3 -5 5 7 -8 -9 11 -11 -12 -13 -14 16 17 -17 -18 -19
leaf_value=0.12023463582992555 2.3588765654563906 2.3588765654563906 -2.4513516364097594 2.3588765654563906 6.416945871829987 -3.2400811066627506 -4.2067300583124165 2.2212256464958191 -2.8041597304344181 2.3588765654563906 -1.5163264622688293 0.72941859674453768 2.5563990721702576 5.9134087891578675 -4.9192952370643619 -5.1031117482185371 4.6588748316764841 -4.6528680100440978
leaf_weight=24.311000108718872 35.007840156555176 24.311000108718872 26.255880117416382 31.118080139160156 27.228320121765137 32.090520143508911 34.035400152206421 28.200760126113892 37.92516016960144 37.92516016960144 34.035400152206421 23.338560104370117 32.090520143508911 23.338560104370117 23.338560104370117 39.87004017829895 88.492040395736694 32.090520143508911
leaf_count=25 36 25 27 32 28 33 35 29 39 39 35 24 33 24 24 41 91 33
internal_value=0.00191424 0.0248815 -0.00904977 -0.0161376 -0.0210983 -0.0154676 -0.02 -0.0266234 -0.0016129 0.0328125 -0.034 -0.018254 0.0155738 0.0427152 -0.0422222 -0.0441176 0.0473913 -0.0482456
internal_weight=635.003 205.185 429.818 367.582 336.464 270.338 58.3464 149.756 120.583 62.2362 121.555 61.2637 59.3188 146.838 87.5196 66.1259 111.831 55.4291
internal_count=653 211 442 378 346 278 60 154 124 64 125 63 61 151 90 68 115 57
is_linear=0
shrinkage=0.05


Tree=3
num_leaves=19
num_cat=0
split_feature=17 28 16 18 29 11 19 18 15 14 22 18 26 30 21 16 15 11
split_gain=71.5729 48.1059 30.1214 25.5197 20.3717 20.0855 12.2136 8.0477 7.86982 6.28749 8.89101 5.51626 5.33995 4.21342 3.53401 2.59317 0.438036 7.10543e-15
threshold=21.916473742171096 3.5000000000000004 6204.3720300792684 0.26683968301383992 0.011262148877818052 2719.645076564027 0.53441330617076277 0.36531493099068951 348.13748226940589 3460.3951937607139 0.032977488636219611 0.61523594582066721 555.66068588880069 0.17277712825950828 0.87643140823548404 3440.8768705618781 333.45599388960778 3300.4015528090222
decision_type=2 2 2 2 2 2 2 2 2 2 2 2 2 2 2 2 2 2
left_child=1 3 4 -1 -2 -5 -6 9 13 15 -11 14 -7 -3 -9 -8 17 -16
right_child=2 8 -4 5 6 12 7 11 -10 10 -12 -13 -14 -15 16 -17 -18 -19
leaf_value=2.240932737183571 2.2478152831315996 2.0120635789155963 2.240932737183571 -3.2775147135496141 3.537376715445518 4.4095209291696547 -2.7827661625623703 -1.952631788420677 2.5756277912378316 2.240932737183571 -2.8957680774867534 -1.2679953576803211 -2.9559781429529188 4.991410644316673 -4.9925809463262567 -4.6733304752111442 -4.110207414793968 -4.5061387535810473
leaf_weight=42.787360191345215 29.173200130462646 32.090520143508911 24.311000108718872 44.732240200042725 24.311000108718872 26.255880117416382 26.255880117416382 29.173200130462646 23.338560104370117 34.035400152206421 41.81492018699646 29.173200130462646 23.338560104370117 86.547160387039185 25.283440113067627 26.255880117416382 23.338560104370117 23.338560104370117
leaf_count=44 30 33 25 46 25 27 27 30 24 35 43 30 24 89 26 27 24 24
internal_value=-7.89889e-05 0.0186411 -0.0156069 -0.00248227 -0.0197819 -0.0170103 -0.0238832 -0.0270677 0.0390411 -0.0181818 -0.00897436 -0.0358209 0.00490196 0.0442623 -0.0413462 -0.0314815 -0.0472973 -0.05
internal_weight=615.555 279.09 336.464 137.114 312.153 94.3267 282.98 258.669 141.976 128.362 75.8503 130.307 49.5944 118.638 101.134 52.5118 71.9606 48.622
internal_count=633 287 346 141 321 97 291 266 146 132 78 134 51 122 104 54 74 50
is_linear=0
shrinkage=0.05


Tree=4
num_leaves=19
num_cat=0
split_feature=17 28 27 16 27 16 29 15 20 18 18 15 20 29 30 11 15 12
split_gain=59.3997 45.7335 46.3955 29.6568 24.7559 23.2313 13.4791 8.12348 6.43643 7.42649 6.92422 5.09592 4.9142 4.48549 3.30997 3.19254 0.438036 7.10543e-15
threshold=31.035210507370952 3.5000000000000004 341.74145486888125 6204.3720300792684 237.10093679956358 4027.5332356214658 0.011262148877818052 174.65361794043022 0.21327857856099666 0.32894598488354904 0.50541528461295315 343.42923250841028 0.04754060591909446 0.016614934251815452 0.17277712825950828 1581.7980854591838 303.95495666390804 3600.3890348383729
decision_type=2 2 2 2 2 2 2 2 2 2 2 2 2 2 2 2 2 2
left_child=1 2 15 4 -2 12 -6 -8 10 -10 13 14 -4 -9 -3 -1 -15 -18
right_child=3 11 5 -5 6 -7 7 8 9 -11 -12 -13 -14 16 -16 -17 17 -19
leaf_value=2.1288861003243924 2.3857211410579082 1.9114603999698165 -1.9901284269440169 2.1288861003243924 2.1285419730269908 2.1177934664571292 -0.060886441437006417 -4.5134477863371378 -5.4492683456420901 -0.41476024947762441 -2.1697463275587565 3.311424500384331 -4.5137770699131492 -4.2571897584593303 4.6384475873339177 3.1176230610692506 -3.9271792426645753 -3.763039364162684
leaf_weight=23.338560104370117 23.338560104370117 30.145640134811401 32.090520143508911 29.173200130462646 30.145640134811401 31.118080139160156 34.035400152206421 35.980280160903931 31.118080139160156 42.787360191345215 32.090520143508911 26.255880117416382 34.035400152206421 23.338560104370117 82.657400369644165 28.200760126113892 25.283440113067627 23.338560104370117
leaf_count=24 24 31 33 30 31 32 35 37 32 44 33 27 35 24 85 29 26 24
internal_value=0.00298742 0.0195946 0.000326797 -0.0114706 -0.016129 -0.02 -0.0202797 -0.0241176 -0.0277273 -0.0157895 -0.0340278 0.0402098 -0.0367647 -0.0400901 0.0448276 0.0386792 -0.0472973 -0.05
internal_weight=618.472 287.842 148.783 330.63 301.456 97.244 278.118 247.972 213.937 73.9054 140.031 139.059 66.1259 107.941 112.803 51.5393 71.9606 48.622
internal_count=636 296 153 340 310 100 286 255 220 76 144 143 68 111 116 53 74 50
is_linear=0
shrinkage=0.05


Tree=5
num_leaves=19
num_cat=1
split_feature=28 15 27 16 24 22 14 29 18 27 19 23 16 18 26 2 19 11
split_gain=59.6198 56.6609 38.5414 27.5367 18.6321 15.6023 14.9367 14.686 11.9081 20.4871 9.3279 9.09488 5.67858 3.50078 1.9116 1.34845 1.03688 0.920017
threshold=3.5000000000000004 352.05465568530525 331.81824453968699 6204.3720300792684 0.68845935810221537 0.026482356622026904 2779.5938076448833 0.014125160506889101 0.43463174328863091 562.05586589988104 0.67526384633532743 0.3601122988878091 4364.1623838617697 0.52826934097431943 623.20785682201597 0 0.72379957109218618 1859.933330939403
decision_type=2 2 2 2 2 2 2 2 2 2 2 2 2 2 2 1 2 2
left_child=2 14 6 4 7 -3 -1 11 12 -10 13 -4 16 -11 17 -8 -9 -2
right_child=1 5 3 -5 -6 -7 15 8 9 10 -12 -13 -14 -15 -16 -17 -18 -19
leaf_value=-0.1537048858742118 4.4412877109916806 2.2812751766567234 2.02899742032367 2.0224417953081728 2.5544268211265209 -4.2907461699779033 2.0224417953081728 -3.998558709729612 0.58697977052623007 -3.2374492356829054 -1.0961082734183674 -2.9674045270594953 -1.2369856205732823 -2.8879501243764767 3.1703287034397123 1.4732882839103341 -5.7125943467295173 5.6071624026483891
leaf_weight=24.311000108718872 27.228320121765137 23.338560104370117 29.173200130462646 26.255880117416382 25.283440113067627 35.007840156555176 25.283440113067627 23.338560104370117 25.283440113067627 23.338560104370117 36.952720165252686 35.980280160903931 25.283440113067627 35.007840156555176 35.980280160903931 23.338560104370117 57.373960256576538 75.850320339202881
leaf_count=25 28 24 30 27 26 36 26 24 26 24 38 37 26 36 37 24 59 78
internal_value=0.00372425 0.0263547 -0.00700935 -0.0140227 -0.0180982 -0.015 0.026 -0.0216667 -0.0276824 -0.0169355 -0.027551 -0.000746269 -0.0399083 -0.04 0.0437063 0.042 -0.0463855 0.0471698
internal_weight=613.61 197.405 416.204 343.271 317.015 58.3464 72.933 291.732 226.579 120.583 95.2991 65.1535 105.996 58.3464 139.059 48.622 80.7125 103.079
internal_count=631 203 428 353 326 60 75 300 233 124 98 67 109 60 143 50 83 106
cat_boundaries=0 1
cat_threshold=8
is_linear=0
shrinkage=0.05


Tree=6
num_leaves=20
num_cat=1
split_feature=17 2 16 30 14 19 18 26 18 19 22 25 23 14 15 17 26 15 17
split_gain=56.01 36.4708 28.7562 24.0677 23.1781 15.9709 14.5008 14.1727 17.1089 13.3874 7.02765 21.2571 9.09637 10.4871 6.93686 8.56456 4.1749 3.86383 0.805493
threshold=23.258747776010985 0 6204.3720300792684 0.14790367488617209 3024.0721859189821 0.79339421239355534 0.48964818712290287 467.32797148439596 0.26683968301383992 0.54052012727587295 0.032362130615867908 1082.4755977891157 0.33216064203459161 3719.9524056639798 315.00904254210678 404.10881936280822 591.31447347313429 497.71533259247082 381.75440044606654
decision_type=2 1 2 2 2 2 2 2 2 2 2 2 2 2 2 2 2 2 2
left_child=1 4 3 -2 -1 16 -6 8 -7 -5 11 12 -11 -14 15 -12 -3 18 -16
right_child=2 5 -4 9 6 7 -8 -9 -10 10 14 -13 13 -15 17 -17 -18 -19 -20
leaf_value=-2.7435526181576528 1.9275475493074865 4.5300686085962267 1.921319705542764 3.0827053874483616 2.4267054800701953 1.921319705542764 -2.7696714029093061 3.0491769119797709 -2.4642288047163134 -2.7027271336990832 0.28956909312959594 2.4504329843345731 -5.1919672770239274 -0.915024137615708 -3.4148122794595004 -3.4391547724060416 3.7430012292790771 -2.0215926070947918 -3.9193949185396435
leaf_weight=25.283440113067627 23.338560104370117 72.933000326156616 26.255880117416382 25.283440113067627 23.338560104370117 31.118080139160156 26.255880117416382 34.035400152206421 33.062960147857666 35.980280160903931 24.311000108718872 25.283440113067627 42.787360191345215 23.338560104370117 35.980280160903931 26.255880117416382 31.118080139160156 23.338560104370117 33.062960147857666
leaf_count=26 24 75 27 26 24 32 27 35 34 37 25 26 44 24 37 27 32 24 34
internal_value=0.00203125 0.0187719 -0.0114085 -0.0155488 -0.011039 0.0298077 0.00882353 0.0153465 0.00151515 -0.0194079 -0.0226619 -0.0141221 -0.0242857 -0.0352941 -0.0302721 -0.0153846 0.0434579 -0.0384211 -0.0443662
internal_weight=622.362 277.145 345.216 318.96 74.8779 202.268 49.5944 98.2164 64.181 295.622 270.338 127.39 102.106 66.1259 142.949 50.5669 104.051 92.3818 69.0432
internal_count=640 285 355 328 77 208 51 101 66 304 278 131 105 68 147 52 107 95 71
cat_boundaries=0 1
cat_threshold=4
is_linear=0
shrinkage=0.05


Tree=7
num_leaves=20
num_cat=1
split_feature=17 28 27 16 27 30 16 15 15 24 19 21 15 14 14 26 16 26 2
split_gain=64.026 30.6755 29.3809 25.4633 26.5633 14.0574 13.0593 12.2388 8.64472 7.68842 12.9119 18.4573 7.63608 6.26796 5.76261 4.74996 4.69524 3.05677 0.104871
threshold=38.049593600196665 3.5000000000000004 338.14711010915499 6204.3720300792684 243.79590615517967 0.14821552065371194 4027.5332356214658 261.21556117776214 174.65361794043022 0.41390868852727386 0.78208936785175598 0.90474550282826227 348.13748226940589 3327.2961666666665 3400.6070039328238 591.31447347313429 4364.1623838617697 642.13139050280438 0
decision_type=2 2 2 2 2 2 2 2 2 2 2 2 2 2 2 2 2 2 1
left_child=1 2 14 4 -2 -6 7 -4 -7 10 11 -10 15 -11 -1 -3 18 -17 -15
right_child=3 12 6 -5 5 8 -8 -9 9 13 -12 -13 -14 16 -16 17 -18 -19 -20
leaf_value=1.8252537202656258 2.2947992551783396 4.2462189899894511 -0.11734044710724589 1.8252537202656258 1.811673738077431 0.14591374214325584 2.1210383747534265 -6.2875714058858536 -2.7432586593381032 -0.29950236209294517 -4.3026208501614649 2.4413349857968765 2.7105130058190632 -3.3124404005075792 1.8252537202656258 1.7894229016092016 -3.0628478966630119 3.6893049435274943 -4.8473981718217658
leaf_weight=23.338560104370117 24.311000108718872 70.988120317459106 35.980280160903931 26.255880117416382 23.338560104370117 33.062960147857666 38.897600173950195 31.118080139160156 26.255880117416382 26.255880117416382 38.897600173950195 23.338560104370117 25.283440113067627 42.787360191345215 29.173200130462646 23.338560104370117 42.787360191345215 24.311000108718872 23.338560104370117
leaf_count=24 25 73 37 27 24 34 40 32 27 27 40 24 26 44 30 24 44 25 24
internal_value=0.003149 0.0197749 0.00460123 -0.0120588 -0.0161342 -0.0204861 -0.0105505 -0.023913 -0.0238636 -0.0273913 -0.0159341 0.000980392 0.0364865 -0.0348921 0.0351852 0.0418033 -0.0401786 0.0295918 -0.0485294
internal_weight=633.058 302.429 158.508 330.63 304.374 280.063 105.996 67.0984 256.724 223.661 88.492 49.5944 143.921 135.169 52.5118 118.638 108.913 47.6496 66.1259
internal_count=651 311 163 340 313 288 109 69 264 230 91 51 148 139 54 122 112 49 68
cat_boundaries=0 1
cat_threshold=1
is_linear=0
shrinkage=0.05


Tree=8
num_leaves=19
num_cat=0
split_feature=17 16 28 27 20 22 17 25 11 18 29 20 24 14 26 15 30 19
split_gain=60.6958 35.0745 34.7973 30.4832 21.2394 14.1219 18.7787 11.902 10.7467 12.9668 10.5841 7.41279 6.08531 5.76261 5.62626 5.32795 3.85722 0.991889
threshold=38.049593600196665 6204.3720300792684 3.5000000000000004 338.14711010915499 0.22856369735391988 0.035016245873388058 419.36775459901315 464.39308741419615 3768.1349043312671 0.42787952142565544 0.020899104142388002 0.16492390751810801 0.63899686858870541 3400.6070039328238 555.66068588880069 338.18936392270535 0.17277712825950828 0.65588089847896003
decision_type=2 2 2 2 2 2 2 2 2 2 2 2 2 2 2 2 2 2
left_child=2 4 3 13 5 6 10 -6 9 -5 11 -2 17 -1 -11 16 -4 -7
right_child=1 -3 15 8 7 12 -8 -9 -10 14 -12 -13 -14 -15 -16 -17 -18 -19
leaf_value=1.7339910342523444 -4.6121873945737342 1.7339910342523444 1.3172017878773277 -6.0105719143686027 2.3192682365070323 -3.1454444649635422 1.9560244884588422 -1.1620062465699108 2.1993182873290138 0.16117992830579411 0.39857773409773645 -2.6060957263711981 -0.77091733543707619 1.7339910342523444 -0.94037842314530029 2.6891365565128198 3.8608051014373177 -3.6706259528003766
leaf_weight=23.338560104370117 41.81492018699646 27.228320121765137 33.062960147857666 29.173200130462646 36.952720165252686 23.338560104370117 30.145640134811401 43.75980019569397 24.311000108718872 27.228320121765137 23.338560104370117 23.338560104370117 23.338560104370117 29.173200130462646 27.228320121765137 33.062960147857666 72.933000326156616 49.594440221786499
leaf_count=24 43 28 34 30 38 24 31 45 25 28 24 24 24 30 28 34 75 51
internal_value=0.00359375 -0.0114458 0.0198052 0.00393939 -0.0164474 -0.0246606 -0.0131148 0.00542169 -0.0112613 -0.0197674 -0.0247253 -0.0350746 -0.0388889 0.0351852 -0.00535714 0.0381119 0.043578 -0.046
internal_weight=622.362 322.85 299.512 160.453 295.622 214.909 118.638 80.7125 107.941 83.6298 88.492 65.1535 96.2716 52.5118 54.4566 139.059 105.996 72.933
internal_count=640 332 308 165 304 221 122 83 111 86 91 67 99 54 56 143 109 75
is_linear=0
shrinkage=0.05


Tree=9
num_leaves=20
num_cat=1
split_feature=17 28 16 27 24 22 25 17 26 26 18 21 21 11 16 17 15 11 2
split_gain=60.4513 37.1581 29.6132 25.9846 17.5527 17.0738 12.2974 9.72524 16.9921 8.15445 7.581 7.34945 5.3353 5.17012 6.35643 4.47412 2.23861 0.825714 0.0826905
threshold=27.347494232581543 3.5000000000000004 6204.3720300792684 341.74145486888125 0.68787792894935762 0.040452288500035405 1071.2637457482992 394.20207223233166 107.89142135700196 517.14525019046187 0.42120185996253184 0.90474550282826227 0.89058873628033819 2107.0578983453756 2336.5486300640114 5.0869800697695391 329.13639712218384 2968.8211105123992 0
decision_type=2 2 2 2 2 2 2 2 2 2 2 2 2 2 2 2 2 2 1
left_child=1 3 4 16 5 6 7 8 11 -5 -10 -2 -7 14 15 -3 -1 -11 -14
right_child=2 13 -4 9 -6 12 -8 -9 10 17 -12 -13 18 -15 -16 -17 -18 -19 -20
leaf_value=4.8250097396029972 -1.536690522728386 3.1783456655668831 1.6472914825397273 0.00013787570352050694 1.544235088280749 -1.986178527212477 1.8349780237471298 -4.1320336423603186 -4.3815780248450471 -1.7309408169252558 -0.96884365696088826 2.0591791337506855 -3.4974916158568927 4.5339575182115022 0.40418955516916705 3.4389796069572536 1.6472914825397273 -4.5927846217500976 -4.6062836472520772
leaf_weight=23.338560104370117 45.704680204391479 30.145640134811401 30.145640134811401 44.732240200042725 24.311000108718872 39.87004017829895 40.842480182647705 28.200760126113892 35.980280160903931 24.311000108718872 26.255880117416382 23.338560104370117 23.338560104370117 57.373960256576538 23.338560104370117 37.92516016960144 25.283440113067627 23.338560104370117 24.311000108718872
leaf_count=24 47 31 31 46 25 41 42 29 37 25 27 24 24 59 24 39 26 24 25
internal_value=0.004 0.0208054 -0.0102273 0.00241379 -0.0147975 -0.0182432 -0.0101942 -0.0164634 -0.0107407 -0.0131579 -0.0296875 0.00633803 -0.0366667 0.0382353 0.0308511 0.0385714 0.032 -0.027551 -0.0479592
internal_weight=632.086 289.787 342.299 141.004 312.153 287.842 200.323 159.48 131.279 92.3818 62.2362 69.0432 87.5196 148.783 91.4094 68.0708 48.622 47.6496 47.6496
internal_count=650 298 352 145 321 296 206 164 135 95 64 71 90 153 94 70 50 49 49
cat_boundaries=0 1
cat_threshold=4
is_linear=0
shrinkage=0.05


Tree=10
num_leaves=19
num_cat=0
split_feature=17 28 16 24 27 22 14 15 30 29 23 24 15 30 22 14 11 15
split_gain=58.1599 32.7249 30.4041 27.532 23.3063 18.9152 11.1717 15.5735 9.02754 9.64198 9.28685 13.0131 7.57243 4.1914 3.61771 2.80063 2.26903 1.7477
threshold=23.258747776010985 3.5000000000000004 6204.3720300792684 0.68845935810221537 341.74145486888125 0.050237472940279408 4022.2437277368176 255.88991268556995 0.15182635186586788 0.019891662952372203 0.33976499690785411 0.48054208022006623 338.18936392270535 0.17277712825950828 0.0058917017225998012 3438.4051781123703 2884.5307365179019 326.40427223452599
decision_type=2 2 2 2 2 2 2 2 2 2 2 2 2 2 2 2 2 2
left_child=1 4 3 5 -1 8 7 -6 -2 10 11 -10 13 -3 -11 -13 -12 -7
right_child=2 12 -4 -5 6 17 -8 -9 9 14 16 15 -14 -15 -16 -17 -18 -19
leaf_value=1.5649269084127408 1.5510363593279424 1.0793927181355985 1.5649269084127408 2.6754697012304294 0.00013098191834473027 -3.3007765256899648 0.75477887170937774 -5.2896395479373215 1.6209182636132475 2.4560682306931372 -4.1624991236027951 -1.8688241613164942 2.3957624454088342 3.2206099847665657 -0.92040147411284401 -3.8169048106048034 -2.6393204753524753 -3.1439576725846594
leaf_weight=44.732240200042725 23.338560104370117 31.118080139160156 30.145640134811401 25.283440113067627 33.062960147857666 30.145640134811401 28.200760126113892 35.980280160903931 39.87004017829895 23.338560104370117 24.311000108718872 24.311000108718872 35.007840156555176 73.905440330505371 31.118080139160156 24.311000108718872 34.035400152206421 37.92516016960144
leaf_count=46 24 32 31 26 34 31 29 37 41 24 25 25 36 76 32 25 35 39
internal_value=0.00277778 0.0196552 -0.0108939 -0.0154434 0.00273973 -0.0197674 -0.011 -0.021831 -0.0127706 -0.0161836 -0.0228477 -0.0126374 0.0368056 0.0435185 0.00178571 -0.03 -0.0383333 -0.0428571
internal_weight=630.141 282.008 348.134 317.988 141.976 292.704 97.244 69.0432 224.634 201.295 146.838 88.492 140.031 105.024 54.4566 48.622 58.3464 68.0708
internal_count=648 290 358 327 146 301 100 71 231 207 151 91 144 108 56 50 60 70
is_linear=0
shrinkage=0.05


Tree=11
num_leaves=19
num_cat=0
split_feature=17 28 16 27 15 29 23 17 23 15 16 15 18 17 17 30 17 19
split_gain=61.9673 34.7664 27.4473 19.9108 17.9267 13.836 12.4405 17.8695 11.6934 9.61364 8.94667 9.39019 8.23546 5.02319 4.31315 3.94845 3.41146 0.633919
threshold=24.101123100091176 3.5000000000000004 6204.3720300792684 341.74145486888125 151.5453448141557 0.011262148877818052 0.21848739495798317 408.00488734616835 0.99943310657596396 338.18936392270535 4027.5332356214658 255.88991268556995 0.34394937664471797 64.940118235528658 3.1804344517972827 0.17277712825950828 428.20183911014152 0.68303013323422046
decision_type=2 2 2 2 2 2 2 2 2 2 2 2 2 2 2 2 2 2
left_child=1 3 4 14 -2 -6 7 12 13 15 11 -5 -7 -8 -1 -3 17 -15
right_child=2 9 -4 10 5 6 8 -9 -10 -11 -12 -13 -14 16 -16 -17 -18 -19
leaf_value=1.4866805629921038 4.1891312132302501 1.5922079776725315 1.4866805629921038 -0.58027345209762515 1.4734845413615452 -0.76399252716407207 -2.1873132377940601 -2.950497359214368 0.038428648482202024 2.1298815396518513 1.8672747042786595 -5.025157570540455 1.2867957025900567 -2.5346231810505722 2.0832569857963406 3.2800364712165484 -3.1575782087795496 -3.9543741674226554
leaf_weight=23.338560104370117 28.200760126113892 33.062960147857666 25.283440113067627 33.062960147857666 29.173200130462646 27.228320121765137 34.035400152206421 30.145640134811401 27.228320121765137 35.007840156555176 28.200760126113892 32.090520143508911 23.338560104370117 32.090520143508911 25.283440113067627 78.767640352249146 40.842480182647705 47.649560213088989
leaf_count=24 29 34 26 34 30 28 35 31 28 36 29 33 24 33 26 81 42 49
internal_value=0.00260736 0.019697 -0.0116901 0.00205479 -0.0156535 -0.0193333 -0.022963 -0.00662651 -0.0302139 0.036755 -0.0114583 -0.0216418 0.0115385 -0.0355346 0.028 0.043913 -0.0403226 -0.0463415
internal_weight=634.031 288.815 345.216 141.976 319.933 291.732 262.559 80.7125 181.846 146.838 93.3542 65.1535 50.5669 154.618 48.622 111.831 120.583 79.7401
internal_count=652 297 355 146 329 300 270 83 187 151 96 67 52 159 50 115 124 82
is_linear=0
shrinkage=0.05


Tree=12
num_leaves=21
num_cat=1
split_feature=17 28 16 27 27 24 20 29 15 16 15 14 16 16 29 19 12 11 2 12
split_gain=48.5097 30.3556 24.5491 20.5719 18.596 15.0775 15.2885 13.5047 10.8537 9.17976 12.1633 6.875 10.3313 17.428 4.7874 4.69104 4.6142 6.33254 0.4228 0.365402
threshold=24.101123100091176 3.5000000000000004 6204.3720300792684 292.82406362215039 341.74145486888125 0.41390868852727386 0.14251090776567343 0.017614690630292654 418.61699353711634 4027.5332356214658 261.21556117776214 3227.4608180724895 4359.974734837976 4552.3679916304054 0.019139633262192705 0.72697916937138984 2107.4265701140826 1998.5089569628892 0 2196.2761095804503
decision_type=2 2 2 2 2 2 2 2 2 2 2 2 2 2 2 2 2 2 1 2
left_child=1 4 3 -2 14 6 7 -5 -8 10 -6 -7 18 -14 -1 19 17 -17 -13 -3
right_child=2 15 -4 5 9 11 8 -9 -10 -11 -12 12 13 -15 -16 16 -18 -19 -20 -21
leaf_value=1.9993623726513068 1.794171678983085 3.4012326704480587 1.4123465348424986 -3.7566554590515224 0.051099660760608151 -0.032444057566032573 1.6977512608715626 -0.95460026771536777 -2.6264466770369301 0.62367619290997611 -5.1077564218800209 -4.2099980329204856 3.3309213684160373 -2.9778587889664885 0.83555258914796848 2.2285044086632912 4.0809774430478925 0.035914385095869326 -2.3371883386706465 2.250883938551183
leaf_weight=25.283440113067627 33.062960147857666 30.145640134811401 27.228320121765137 27.228320121765137 36.952720165252686 23.338560104370117 43.75980019569397 37.92516016960144 23.338560104370117 27.228320121765137 34.035400152206421 23.338560104370117 24.311000108718872 34.035400152206421 25.283440113067627 33.062960147857666 24.311000108718872 29.173200130462646 43.75980019569397 23.338560104370117
leaf_count=26 34 31 28 28 38 24 45 39 24 28 35 24 25 35 26 34 25 30 45 24
internal_value=0.0029321 0.0180135 -0.00982906 -0.0137771 0.00228758 -0.0181661 -0.00588235 -0.0231343 0.0108696 -0.010396 -0.019863 -0.029085 -0.0337209 -0.0183333 0.0269231 0.0347222 0.0275281 0.0203125 -0.0471014 0.0463636
internal_weight=630.141 288.815 341.326 314.098 148.783 281.035 132.252 65.1535 67.0984 98.2164 70.9881 148.783 125.445 58.3464 50.5669 140.031 86.5472 62.2362 67.0984 53.4842
internal_count=648 297 351 323 153 289 136 67 69 101 73 153 129 60 52 144 89 64 69 55
cat_boundaries=0 1
cat_threshold=8
is_linear=0
shrinkage=0.05


Tree=13
num_leaves=20
num_cat=0
split_feature=27 15 27 29 22 28 20 28 27 21 27 19 18 26 15 24 21 13 26
split_gain=31.5528 30.4839 25.9956 18.3667 21.1959 18.1381 12.114 9.79181 11.9231 12.6667 19.7131 13.3005 8.26758 11.9395 4.54954 4.41915 2.02592 2.02276 1.37773
threshold=608.09529084687949 352.05465568530525 237.10093679956358 0.024063443855831604 0.026482356622026904 3.5000000000000004 0.22893721998224692 3.5000000000000004 712.72154776019454 0.92722173898706706 1187.7033384818717 0.67526384633532743 0.51157165188251574 423.38318747587488 271.47036337921605 0.44570420760896956 0.87829222870297097 2970.0452448979595 581.54216560440761
decision_type=2 2 2 2 2 2 2 2 2 2 2 2 2 2 2 2 2 2 2
left_child=1 5 -3 4 -4 12 7 8 -2 10 11 16 13 -1 -7 -13 -10 -6 -16
right_child=6 2 3 -5 17 14 -8 -9 9 -11 -12 15 -14 -15 18 -17 -18 -19 -20
leaf_value=-4.6529242600165475 -2.6269351237702736 1.7044630950339308 1.7835015803864647 1.3417292081003738 -2.8592872388633777 2.9889557755139888 0.61256793476352633 2.0580550257226355 -0.45878248591829163 -3.6939938031487203 -2.6721816636507612 1.5268666595562259 2.941552483380689 0.30426418790696846 3.8003605950263815 1.3417292081003738 -1.6179416356080596 -2.5744380904188455 3.5545965317973685
leaf_weight=35.980280160903931 38.897600173950195 24.311000108718872 31.118080139160156 23.338560104370117 23.338560104370117 32.090520143508911 29.173200130462646 23.338560104370117 23.338560104370117 41.81492018699646 30.145640134811401 34.035400152206421 23.338560104370117 26.255880117416382 50.566880226135254 26.255880117416382 23.338560104370117 40.842480182647705 28.200760126113892
leaf_count=37 40 25 32 24 24 33 30 24 24 43 31 35 24 27 52 27 24 42 29
internal_value=0.0023126 0.0124642 -0.00510204 -0.0147541 -0.0244898 0.0252475 -0.0104317 -0.0141129 -0.0174107 -0.0119565 -0.00460993 0.00545455 0.00795455 -0.0015625 0.0385965 0.0209677 -0.0145833 -0.0409091 0.0450617
internal_weight=609.72 339.382 142.949 118.638 95.2991 196.433 270.338 241.165 217.827 178.929 137.114 106.968 85.5747 62.2362 110.858 60.2913 46.6771 64.181 78.7676
internal_count=627 349 147 122 98 202 278 248 224 184 141 110 88 64 114 62 48 66 81
is_linear=0
shrinkage=0.05


Tree=14
num_leaves=20
num_cat=1
split_feature=17 2 17 24 16 20 25 29 23 14 17 20 14 22 20 30 29 30 18
split_gain=39.8249 20.6046 24.7678 22.4856 20.3038 21.6542 16.8311 15.7149 13.1953 8.76493 8.31396 6.08557 5.676 5.6186 8.44278 2.44063 2.06498 1.57679 0.894017
threshold=38.049593600196665 0 2.8638236136641813 0.42678205068875624 6204.3720300792684 0.18350661248990502 359.72395527893792 0.012886356329103402 0.98108132141745596 3753.9691925888133 102.66313313740196 0.04754060591909446 3386.0649315826267 0.029868093552952904 0.032406342967604758 0.21087961194713922 0.015385053966703552 0.21517527351741728 0.42964533487320095
decision_type=2 1 2 2 2 2 2 2 2 2 2 2 2 2 2 2 2 2 2
left_child=1 3 -3 11 5 8 -7 10 16 12 -8 -1 -9 14 -4 -14 -2 -16 -18
right_child=4 2 13 -5 -6 6 7 9 -10 -11 -12 -13 15 -15 17 -17 18 -19 -20
leaf_value=-0.53087563823485984 -2.8318943315709504 -0.24523762374050923 0.65665763632215912 3.2599974204173514 1.274642747695355 2.0382685706297496 -1.4955929167295539 -0.20347578757977092 -0.062840394725174067 2.6617023215704174 1.4505233265784145 -3.7116087898990404 -1.0462516339544912 1.7939028631222618 2.8395079867382891 -2.7514209501018883 -3.361309476435463 3.6475506161439686 -2.5423546395779386
leaf_weight=24.311000108718872 27.228320121765137 41.81492018699646 26.255880117416382 25.283440113067627 24.311000108718872 23.338560104370117 26.255880117416382 23.338560104370117 38.897600173950195 24.311000108718872 25.283440113067627 36.952720165252686 26.255880117416382 44.732240200042725 59.318840265274048 23.338560104370117 36.952720165252686 36.952720165252686 23.338560104370117
leaf_count=25 28 43 27 26 25 24 27 24 40 25 26 38 27 46 61 24 38 38 24
internal_value=0.00220126 0.0154605 0.0239535 -0.00505618 -0.00993976 -0.0135179 -0.0019774 -0.00816993 -0.0292308 -0.02 0.0141509 -0.0214286 -0.0286667 0.0325581 0.0380952 -0.0382353 -0.04 0.0449495 -0.0451613
internal_weight=618.472 295.622 209.075 86.5472 322.85 298.539 172.122 148.783 126.417 97.244 51.5393 61.2637 72.933 167.26 122.527 49.5944 87.5196 96.2716 60.2913
internal_count=636 304 215 89 332 307 177 153 130 100 53 63 75 172 126 51 90 99 62
cat_boundaries=0 1
cat_threshold=4
is_linear=0
shrinkage=0.05


Tree=15
num_leaves=20
num_cat=0
split_feature=28 15 15 16 29 22 24 18 27 27 29 29 22 19 30 16 26 29 18
split_gain=30.9845 36.5161 25.0018 20.2908 11.2696 9.7244 9.24221 15.9012 18.1167 10.3504 13.1474 9.90124 8.27345 7.85956 6.55077 3.21239 3.17152 2.04724 0.401324
threshold=3.5000000000000004 352.05465568530525 808.23831897345951 6204.3720300792684 0.011262148877818052 0.026981117735412605 0.68845935810221537 0.42787952142565544 562.05586589988104 781.69539058541602 0.017614690630292654 0.017890751548532553 0.025746709545363254 0.7993908735667713 0.21399243755251698 4169.266089808084 591.31447347313429 0.016006272770180803 0.33637067844087937
decision_type=2 2 2 2 2 2 2 2 2 2 2 2 2 2 2 2 2 2 2
left_child=2 13 3 4 -1 -3 7 11 -9 14 -11 12 -6 16 -10 18 17 -2 -13
right_child=1 5 -4 -5 6 -7 -8 8 9 10 -12 15 -14 -15 -16 -17 -18 -19 -20
leaf_value=1.377997160249494 4.1225713811242581 1.706588382554167 1.2394171426452623 1.2109106103105871 -3.3412286391695112 -2.8060180200763218 0.11712340128195323 0.5409969668214949 -2.7294047525958578 -1.7917674868799509 0.37531223543882253 -4.6334445935143362 -0.033027912373102451 2.068476946986471 -1.2476070018995458 -2.5513941288819604 1.9363551420982621 3.0671162742233835 -3.6151328088233359
leaf_weight=29.173200130462646 38.897600173950195 23.338560104370117 24.311000108718872 24.311000108718872 28.200760126113892 35.007840156555176 36.952720165252686 36.952720165252686 31.118080139160156 24.311000108718872 24.311000108718872 23.338560104370117 41.81492018699646 26.255880117416382 26.255880117416382 29.173200130462646 42.787360191345215 35.007840156555176 37.92516016960144
leaf_count=30 40 24 25 25 29 36 38 38 32 25 25 24 43 27 27 30 44 36 39
internal_value=0.000549451 0.0166667 -0.0072093 -0.0102469 -0.0131579 -0.0166667 -0.0157143 -0.0185897 -0.00646259 -0.0169725 0 -0.0293939 -0.0152778 0.0302721 -0.0313559 -0.0403226 0.0358333 0.0421053 -0.0468254
internal_weight=619.444 201.295 418.149 393.838 369.527 58.3464 340.354 303.401 142.949 105.996 48.622 160.453 70.0157 142.949 57.374 90.4369 116.693 73.9054 61.2637
internal_count=637 207 430 405 380 60 350 312 147 109 50 165 72 147 59 93 120 76 63
is_linear=0
shrinkage=0.05


Tree=16
num_leaves=20
num_cat=0
split_feature=17 16 27 14 14 12 30 17 20 17 19 27 26 12 25 16 20 24 14
split_gain=29.7388 24.3574 21.1391 11.2195 9.06677 14.6502 12.7171 10.4587 9.43102 8.39242 10.0111 13.8391 6.78411 6.56397 6.12571 9.56377 5.18456 2.98073 2.72283
threshold=24.101123100091176 6204.3720300792684 237.10093679956358 1465.3478803189294 3024.0721859189821 3567.5838305481852 0.25476740938430986 2.9705508435192773 0.067467500343432213 461.76943504427578 0.61454906128000852 573.01833010771054 239.69256446737123 3745.2496747152372 863.57696774531757 4141.7634874299392 0.22982517258738597 0.52490587941715772 3787.3781762905942
decision_type=2 2 2 2 2 2 2 2 2 2 2 2 2 2 2 2 2 2 2
left_child=3 2 -2 -1 6 12 7 -5 -9 10 11 -4 -6 -7 16 -16 17 18 -12
right_child=1 -3 9 4 5 13 -8 8 -10 -11 14 -13 -14 -15 15 -17 -18 -19 -20
leaf_value=2.1422363867687366 1.977628678487156 1.1503650797950578 2.4399586861200429 -0.32598498489999622 1.0456604400296488 -0.092851886115233206 -4.2951978198181164 -0.19805746615434361 2.8832319836730127 1.3112742768381513 -3.6449688491437309 -1.4688108559202406 5.3354561421835669 1.6911164892425026 -2.1897504662052834 0.029863809051786917 -1.2805123698892602 -1.1852266518045682 -2.1932838198571987
leaf_weight=44.732240200042725 23.338560104370117 28.200760126113892 23.338560104370117 25.283440113067627 28.200760126113892 23.338560104370117 23.338560104370117 24.311000108718872 40.842480182647705 23.338560104370117 40.842480182647705 35.980280160903931 39.87004017829895 23.338560104370117 24.311000108718872 32.090520143508911 41.81492018699646 28.200760126113892 29.173200130462646
leaf_count=46 24 29 24 26 29 24 24 25 42 24 42 37 41 24 25 33 43 29 30
internal_value=0.00185185 -0.00823529 -0.0123794 0.0140569 0.00957447 0.0194915 -0.00042735 0.00806452 0.0186567 -0.0162021 -0.0188213 -0.000819672 0.0342857 -0.00208333 -0.0242574 -0.0103448 -0.0298611 -0.0361386 -0.0416667
internal_weight=603.885 330.63 302.429 273.256 228.523 114.748 113.775 90.4369 65.1535 279.09 255.752 59.3188 68.0708 46.6771 196.433 56.4015 140.031 98.2164 70.0157
internal_count=621 340 311 281 235 118 117 93 67 287 263 61 70 48 202 58 144 101 72
is_linear=0
shrinkage=0.05


Tree=17
num_leaves=21
num_cat=1
split_feature=16 23 16 15 16 19 25 24 25 27 16 2 20 6 27 23 23 12 12 11
split_gain=32.2537 25.1424 18.0828 18.0375 18.2909 37.5702 13.2884 13.0329 13.3531 21.2331 12.0883 10.9675 13.9126 8.08297 6.47283 7.62256 8.7386 3.34795 2.18176 0.337113
threshold=1492.6500399659865 0.077012471655328762 6204.3720300792684 664.54946455423681 3396.4253881098934 0.79339421239355534 308.5699289725672 0.41390868852727386 1071.2637457482992 608.09529084687949 4088.3197971655154 0 0.18470586731077951 1.5000000000000002 1147.8427706586092 0.27254423782091458 0.16247852676424104 3550.9710843642756 1092.5757680548938 2736.4694393978207
decision_type=2 2 2 2 2 2 2 2 2 2 2 1 2 2 2 2 2 2 2 2
left_child=18 -2 3 4 5 6 -3 8 9 10 -6 -7 -13 14 15 16 -9 -11 -1 -8
right_child=1 2 -4 -5 7 11 19 13 -10 17 -12 12 -14 -15 -16 -17 -18 -19 -20 -21
leaf_value=1.528196042615237 4.3832878580737455 0.11560534250617494 1.0928468258053048 1.1833537526866835 -0.088209291809471554 0.27726392294843194 5.5631679600902135 -0.17300416393506915 1.4185848255472835 -2.5758214496379965 1.6259015577322202 -4.3736536765915766 -0.21817396421532767 -3.3065443520641886 -2.3743910199117884 -1.6326079811284531 0.17052856380808379 -1.9215610649347923 2.514581231230185 5.6630960148326954
leaf_weight=23.338560104370117 35.980280160903931 32.090520143508911 27.228320121765137 28.200760126113892 34.035400152206421 26.255880117416382 25.283440113067627 23.338560104370117 23.338560104370117 34.035400152206421 41.81492018699646 35.007840156555176 26.255880117416382 40.842480182647705 32.090520143508911 27.228320121765137 24.311000108718872 32.090520143508911 27.228320121765137 23.338560104370117
leaf_count=24 37 33 28 29 35 27 26 24 24 35 43 36 27 42 33 28 25 33 28 24
internal_value=0.00210608 -0.00127334 -0.00398551 -0.00610687 -0.00838384 0.00491329 0.0295181 -0.015528 -0.00588235 -0.0116438 0.00641026 -0.0177778 -0.0293651 -0.0263158 -0.0190909 -0.011039 0.00102041 -0.0323529 0.0403846 0.046
internal_weight=623.334 572.767 536.787 509.559 481.358 168.232 80.7125 313.126 165.315 141.976 75.8503 87.5196 61.2637 147.811 106.968 74.8779 47.6496 66.1259 50.5669 48.622
internal_count=641 589 552 524 495 173 83 322 170 146 78 90 63 152 110 77 49 68 52 50
cat_boundaries=0 1
cat_threshold=1
is_linear=0
shrinkage=0.05


Tree=18
num_leaves=22
num_cat=0
split_feature=16 23 16 16 25 15 23 24 11 24 30 21 29 21 24 17 24 25 12 11 17
split_gain=34.2363 22.3656 21.3322 18.3381 22.1841 17.1365 16.2412 10.5842 13.6229 25.6011 8.90252 7.17864 7.02295 6.40522 6.2525 5.29543 4.05897 3.02377 2.83558 2.18176 0.865307
threshold=1470.7388916718646 0.077012471655328762 6207.6315155874017 3405.2500896343972 308.5699289725672 664.54946455423681 0.13655558841894247 0.41390868852727386 3670.9783577920557 0.26876837380136448 0.25612889425805585 0.90009467489783501 0.014217103507853901 0.89295426537705136 0.045796890184645257 422.46309451632811 0.56227611817673939 581.54216560440761 3550.9710843642756 1078.7490378401365 60.506357428898362
decision_type=2 2 2 2 2 2 2 2 2 2 2 2 2 2 2 2 2 2 2 2 2
left_child=19 -2 3 4 10 7 -6 8 9 18 12 -10 -3 16 -14 20 -9 -8 -5 -1 -15
right_child=1 2 -4 5 6 -7 17 13 11 -11 -12 -13 14 15 -16 -17 -18 -19 -20 -21 -22
leaf_value=0.89711969108749479 4.6301864800609742 -2.5911960344265772 1.0382044845150398 -2.9773334987268543 -0.20756517945532452 1.2973065330597917 7.1529283092337899 -1.5100190187443525 -0.043228586243378386 1.1747813217188794 -4.144022132575647 2.4928487193462447 -0.85568817092091942 -3.4345674505320787 0.51414782352710309 -3.1256296472755949 0.01322595652007621 1.8505000212366807 -1.6912882140372512 2.3888521696686755 -3.1412171344609789
leaf_weight=23.338560104370117 37.92516016960144 23.338560104370117 23.338560104370117 36.952720165252686 24.311000108718872 24.311000108718872 29.173200130462646 39.87004017829895 36.952720165252686 28.200760126113892 26.255880117416382 27.228320121765137 32.090520143508911 23.338560104370117 27.228320121765137 23.338560104370117 25.283440113067627 30.145640134811401 28.200760126113892 27.228320121765137 34.035400152206421
leaf_count=24 39 24 24 38 25 25 30 41 38 29 27 28 33 24 28 24 26 31 29 28 35
internal_value=0.000923077 -0.00250836 -0.00509839 -0.00719626 0.00505051 -0.0143917 0.0244186 -0.0176282 -0.00864198 -0.0208333 -0.00982143 0.00909091 -0.00176471 -0.0273333 0.00737705 -0.036747 -0.0156716 0.0385246 -0.0380597 0.0403846 -0.0449153
internal_weight=632.086 581.519 543.594 520.255 192.543 327.712 83.6298 303.401 157.535 93.3542 108.913 64.181 82.6574 145.866 59.3188 80.7125 65.1535 59.3188 65.1535 50.5669 57.374
internal_count=650 598 559 535 198 337 86 312 162 96 112 66 85 150 61 83 67 61 67 52 59
is_linear=0
shrinkage=0.05


Tree=19
num_leaves=20
num_cat=1
split_feature=16 23 15 16 30 17 15 30 2 22 27 20 18 17 25 17 30 17 17
split_gain=28.219 20.011 20.5464 14.0946 17.9596 19.554 14.3878 14.4697 11.1552 13.4781 18.4932 10.0669 9.1958 8.59586 7.81286 5.44683 5.22029 3.14173 1.37286
threshold=1492.6500399659865 0.077012471655328762 808.23831897345951 6191.6123259773367 0.27396002423377758 41.800601048401866 426.11900827462438 0.2316028351934338 0 0.00089906907315875017 279.77643713694857 0.18580795391140092 0.34604736842473061 416.11745239975136 486.13925304206515 6.5609687499999163 0.19720004992357651 7.6048022604450134 400.09576492031198
decision_type=2 2 2 2 2 2 2 2 1 2 2 2 2 2 2 2 2 2 2
left_child=17 -2 3 4 5 8 7 11 -3 -10 -11 16 -13 -14 15 -12 18 -1 -7
right_child=1 2 -4 -5 -6 6 -8 -9 9 10 14 12 13 -15 -16 -17 -18 -19 -20
leaf_value=1.5738870584699818 3.9326141411670101 1.3338992577652469 1.0011302492241929 0.98629426028928779 -3.7580927818165684 -1.1571086855937851 -3.0075296511114082 -2.6737723550508505 2.2712768508212142 3.7734495395548873 -1.8592167664593278 -1.0087100868819796 1.2554904527817154 -0.0088108313862569794 1.3846412942688289 -0.81290376237487372 0.029223814880454314 2.4903788905899704 -2.9841562777379305
leaf_weight=23.338560104370117 35.007840156555176 40.842480182647705 24.311000108718872 28.200760126113892 41.81492018699646 26.255880117416382 44.732240200042725 35.980280160903931 35.980280160903931 23.338560104370117 33.062960147857666 31.118080139160156 35.980280160903931 24.311000108718872 37.92516016960144 24.311000108718872 23.338560104370117 27.228320121765137 23.338560104370117
leaf_count=24 36 42 25 29 43 27 46 37 37 24 34 32 37 25 39 25 24 28 24
internal_value=0.00266458 -0.000511945 -0.00290909 -0.00504762 -0.00705645 -0.00408389 -0.0134921 -0.00776699 0.00771144 0.00157233 -0.00655738 -0.00147929 0.00957447 0.0209677 -0.0163265 -0.0279661 -0.0153333 0.0384615 -0.0245098
internal_weight=620.417 569.85 534.842 510.531 482.33 440.515 245.055 200.323 195.46 154.618 118.638 164.342 91.4094 60.2913 95.2991 57.374 72.933 50.5669 49.5944
internal_count=638 586 550 525 496 453 252 206 201 159 122 169 94 62 98 59 75 52 51
cat_boundaries=0 1
cat_threshold=1
is_linear=0
shrinkage=0.05


Tree=20
num_leaves=22
num_cat=0
split_feature=16 23 15 16 15 30 14 19 15 23 27 30 29 24 21 28 30 11 12 16 17
split_gain=27.1989 20.3979 19.6518 19.0262 16.2758 19.2927 16.1219 13.1045 14.4795 12.0657 11.4458 11.1296 10.5004 9.87577 9.12088 7.35605 6.75868 5.47453 4.74203 3.46123 3.03401
threshold=1470.7388916718646 0.077012471655328762 808.23831897345951 6204.3720300792684 436.95633997982583 0.24465937746679448 3487.1202999555576 0.79029016231742666 268.38219978912304 0.24950132527794136 608.09529084687949 0.25196127257819018 0.012886356329103402 0.49954441289094254 0.89513411861664316 2.5000000000000004 0.20818174519581478 2304.0952836645242 3756.2010953346498 3366.985231858203 6.6346964289177786
decision_type=2 2 2 2 2 2 2 2 2 2 2 2 2 2 2 2 2 2 2 2 2
left_child=20 -2 3 4 5 6 7 8 17 -8 18 -6 -9 14 -12 -7 -14 -3 -11 -10 -1
right_child=1 2 -4 -5 11 15 9 12 19 10 13 -13 16 -15 -16 -17 -18 -19 -20 -21 -22
leaf_value=1.6026698493199145 4.2741582115284267 -0.77225857425613009 0.95107373676298312 0.93697954727482335 -3.1124625954499039 -2.9900648284698996 -2.2602157885650742 -1.0992532513140958 5.4593586059162496 0.0029969267247011546 -3.3595163513617026 -3.2156275626813766 1.4013560324984293 0.14496768102476026 -1.0099170502798487 -0.23178983427755853 -0.35763084318490529 0.53887593669484701 1.7550883244188651 0.90236191429478019 2.3658599460604717
leaf_weight=23.338560104370117 35.007840156555176 24.311000108718872 23.338560104370117 24.311000108718872 42.787360191345215 30.145640134811401 37.92516016960144 25.283440113067627 34.035400152206421 33.062960147857666 28.200760126113892 34.035400152206421 25.283440113067627 23.338560104370117 32.090520143508911 34.035400152206421 24.311000108718872 25.283440113067627 30.145640134811401 23.338560104370117 25.283440113067627
leaf_count=24 36 25 24 25 44 31 39 26 35 34 29 35 26 24 33 35 25 26 31 24 26
internal_value=0.00205479 -0.000906096 -0.00323993 -0.00521024 -0.00727969 -0.00349887 0.000928382 0.0114973 0.0227273 -0.00947368 -0.00298013 -0.028481 -0.00454545 -0.0151163 -0.0258065 -0.0287879 0.00882353 0.00294118 0.0130769 0.0398305 0.038
internal_weight=638.893 590.271 555.263 531.925 507.614 430.791 366.61 181.846 106.968 184.764 146.838 76.8228 74.8779 83.6298 60.2913 64.181 49.5944 49.5944 63.2086 57.374 48.622
internal_count=657 607 571 547 522 443 377 187 110 190 151 79 77 86 62 66 51 51 65 59 50
is_linear=0
shrinkage=0.05


Tree=21
num_leaves=20
num_cat=0
split_feature=27 28 24 15 11 30 24 30 17 18 26 26 22 25 11 17 24 30 27
split_gain=27.1366 17.5532 14.7787 31.1995 14.9875 13.1123 12.2757 11.0073 8.54898 8.21789 7.35918 21.8627 10.6764 14.0597 6.65941 5.81451 4.60529 4.27624 3.9708
threshold=73.799612443567312 2.5000000000000004 0.58789547565057776 430.98193791721138 1978.011114254427 0.22641505370751708 0.26876837380136448 0.24021036895868433 354.42898976207158 0.35857638923110119 642.13139050280438 780.96430525235894 0.027572207613711503 373.2099235878988 3202.1396887824808 394.20207223233166 0.051700680272108758 0.21458429542155957 480.80223383360402
decision_type=2 2 2 2 2 2 2 2 2 2 2 2 2 2 2 2 2 2 2
left_child=-1 5 3 4 16 6 -2 14 -7 -5 12 -12 13 -6 -4 -8 -3 -14 -15
right_child=1 2 7 9 10 8 15 -9 -10 -11 11 -13 17 18 -16 -17 -18 -19 -20
leaf_value=1.2540332183650509 -1.6645762484333986 1.3312882308735077 1.7685931425498245 -4.0053384386760227 -0.11294810539443118 -2.5222021951390632 0.14357694451640698 0.89013056991108219 -2.6978406659203844 -1.3566152781293241 -3.4370741027329856 0.3079785645961714 -1.9546709583509534 2.4323663184909865 -0.50580113136646287 -0.011355759217522632 1.9562125378336959 0.89013056991108219 2.1120292159563112
leaf_weight=41.81492018699646 39.87004017829895 43.75980019569397 29.173200130462646 32.090520143508911 32.090520143508911 27.228320121765137 26.255880117416382 38.897600173950195 37.92516016960144 29.173200130462646 25.283440113067627 33.062960147857666 27.228320121765137 23.338560104370117 23.338560104370117 40.842480182647705 27.228320121765137 23.338560104370117 23.338560104370117
leaf_count=43 41 45 30 33 33 28 27 40 39 30 26 34 28 24 24 42 28 24 24
internal_value=0.00178849 -0.001 0.00460993 -0.000455927 0.00714286 -0.0144068 -0.00363636 0.0223404 -0.0320896 -0.0325397 -0.000259067 -0.015 0.00639098 0.0179012 0.00740741 0.00942029 0.0267123 -0.0115385 0.0354167
internal_weight=625.279 583.464 411.342 319.933 258.669 172.122 106.968 91.4094 65.1535 61.2637 187.681 58.3464 129.335 78.7676 52.5118 67.0984 70.9881 50.5669 46.6771
internal_count=643 600 423 329 266 177 110 94 67 63 193 60 133 81 54 69 73 52 48
is_linear=0
shrinkage=0.05


Tree=22
num_leaves=22
num_cat=0
split_feature=16 15 23 16 30 16 25 24 19 27 27 20 18 14 27 29 12 26 11 20 26
split_gain=25.3362 23.0556 22.5649 16.5569 11.0198 17.7564 19.7936 9.77304 14.9572 9.62997 9.51928 8.97815 8.56807 7.93495 7.52833 7.36184 6.22503 6.23035 5.26072 3.1743 3.08893
threshold=1470.7388916718646 808.23831897345951 0.077012471655328762 6204.3720300792684 0.27396002423377758 3406.7606037414971 341.01362594095968 0.41390868852727386 0.67526384633532743 472.60051490167331 794.6143306142618 0.055355060641894306 0.32196137961940025 4499.6860223167359 619.64053537300163 0.016741266045373102 1421.4877108843541 339.27722309474103 1078.7490378401365 0.22127839896238929 250.5497088227585
decision_type=2 2 2 2 2 2 2 2 2 2 2 2 2 2 2 2 2 2 2 2 2
left_child=18 2 -2 4 5 6 16 8 9 -7 11 -10 -8 14 19 -16 -4 -18 -1 -9 -14
right_child=1 -3 3 -5 -6 7 12 13 10 -11 -12 -13 20 -15 15 -17 17 -19 -20 -21 -22
leaf_value=0.54675010378234545 4.6640456315535275 0.95508949827966161 -2.9395691599195746 0.84562404141552805 -3.2091233802330232 -0.034762255356996619 1.4977766337949725 -2.7703515880505956 2.0064277551584957 -3.2652203975963361 1.3404207002281567 -0.91167706857792563 4.2018615997145661 -1.9206800413616016 -1.6805267197210947 0.12992123659683658 1.2647238193298325 -0.64793995710937069 2.0529157360186661 -2.2293994508489656 4.5301615649946827
leaf_weight=24.311000108718872 34.035400152206421 24.311000108718872 24.311000108718872 24.311000108718872 43.75980019569397 32.090520143508911 24.311000108718872 24.311000108718872 23.338560104370117 35.980280160903931 26.255880117416382 27.228320121765137 23.338560104370117 28.200760126113892 27.228320121765137 35.980280160903931 25.283440113067627 45.704680204391479 27.228320121765137 27.228320121765137 26.255880117416382
leaf_count=25 35 25 25 25 45 33 25 25 24 37 27 28 24 29 28 37 26 47 28 28 27
internal_value=0.00130168 -0.00166667 -0.00373913 -0.0062963 -0.00825243 -0.00595745 0.00689655 -0.0135135 -0.00436242 -0.0214286 0.0107595 -0.00192308 0.0263158 -0.0227891 -0.0169492 -0.00538462 -0.00816327 -0.000684932 0.0349057 -0.0311321 0.0382353
internal_weight=635.003 583.464 559.153 525.118 500.807 457.047 169.205 287.842 144.894 68.0708 76.8228 50.5669 73.9054 142.949 114.748 63.2086 95.2991 70.9881 51.5393 51.5393 49.5944
internal_count=653 600 575 540 515 470 174 296 149 70 79 52 76 147 118 65 98 73 53 53 51
is_linear=0
shrinkage=0.05


Tree=23
num_leaves=21
num_cat=1
split_feature=27 23 18 30 28 12 24 21 21 14 18 11 14 20 18 2 19 28 19 14
split_gain=24.7748 12.1799 12.1222 13.5436 10.8278 20.9215 14.8558 8.53257 21.4074 12.1048 9.4583 9.11662 8.17049 8.10367 7.76433 5.83787 5.43225 4.73502 2.18176 2.02592
threshold=73.799612443567312 0.077012471655328762 0.32196137961940025 0.20687700744785562 3.5000000000000004 2949.0010472786448 0.61267945814053892 0.92722173898706706 0.8999536609741754 3667.0825301285463 0.42787952142565544 3898.161792542563 4111.3579862388788 0.14312251188866923 0.22306384432323148 0 0.72663074754224366 2.5000000000000004 0.80652616426679191 3791.7609312095606
decision_type=2 2 2 2 2 2 2 2 2 2 2 2 2 2 2 1 2 2 2 2
left_child=-1 -2 3 -3 6 15 7 8 9 -4 -9 19 -7 -13 -5 16 -6 -10 -16 -11
right_child=1 2 4 14 5 12 -8 10 17 11 -12 13 -14 -15 18 -17 -18 -19 -20 -21
leaf_value=1.1435770825328151 3.0193088427368382 0.068472758349568966 0.094656639724318134 -0.37239088450280566 1.9437619986105223 -0.23871965051835745 0.78605992841286543 -3.134118622533641 0.52635743772977506 -1.1386615579038164 -0.057170526980453218 0.90733502336567851 1.2115763725127981 -1.8246460392935213 -3.2320647113786123 1.2470694951132881 0.067498515302773579 0.80334283934475159 -2.3239741434071854 -2.3367700839563557
leaf_weight=39.87004017829895 27.228320121765137 45.704680204391479 45.704680204391479 24.311000108718872 28.200760126113892 23.338560104370117 32.090520143508911 30.145640134811401 34.035400152206421 23.338560104370117 32.090520143508911 23.338560104370117 25.283440113067627 23.338560104370117 27.228320121765137 24.311000108718872 28.200760126113892 35.007840156555176 23.338560104370117 23.338560104370117
leaf_count=41 28 47 47 25 29 24 33 31 35 24 33 24 26 24 28 25 29 36 24 24
internal_value=0.00211931 -0.000503356 -0.00211268 -0.016129 0.0018018 0.0139098 -0.00337621 -0.00719424 -0.00233645 -0.0136364 -0.0234375 -0.0239583 -0.012 -0.00833333 -0.0292208 0.0295181 0.0206897 0.0204225 -0.0403846 -0.0395833
internal_weight=619.444 579.574 552.346 120.583 431.763 129.335 302.429 270.338 208.102 139.059 62.2362 93.3542 48.622 46.6771 74.8779 80.7125 56.4015 69.0432 50.5669 46.6771
internal_count=637 596 568 124 444 133 311 278 214 143 64 96 50 48 77 83 58 71 52 48
cat_boundaries=0 1
cat_threshold=8
is_linear=0
shrinkage=0.05


Tree=24
num_leaves=20
num_cat=0
split_feature=12 23 16 15 17 21 15 17 26 15 11 29 14 29 11 26 18 26 20
split_gain=21.9416 17.5977 18.0274 9.05311 22.0645 15.3845 15.2484 15.1884 13.4115 10.6902 9.1478 17.9022 8.64383 7.99051 5.90836 5.83464 5.02123 2.8595 1.49532
threshold=1236.123480442177 0.077012471655328762 6204.3720300792684 352.05465568530525 400.09576492031198 0.92722173898706706 661.82462714708925 419.36775459901315 655.3845578249767 303.95495666390804 3410.5802219829015 0.019647542900893756 1415.10663764881 0.012829552004152452 2108.6314005994841 423.38318747587488 0.40802705447736765 276.94444624158683 0.19842981012127212
decision_type=2 2 2 2 2 2 2 2 2 2 2 2 2 2 2 2 2 2 2
left_child=12 -2 3 4 5 8 7 13 10 -6 14 -12 -1 -5 -3 -7 17 -15 -16
right_child=1 2 -4 6 9 15 -8 -9 -10 -11 11 -13 -14 16 18 -17 -18 -19 -20
leaf_value=0.27995291736908712 3.1691927269096687 3.1600656252960051 0.76403984292410831 -0.95967521400551314 -2.2545539209402818 -3.0458086848723491 0.68644821192871464 0.74675693199222204 -0.72138040790387947 -1.5779066932640931 -0.22138226432747593 2.2522969164928424 1.3582893821170767 -2.5666358647147707 2.0520979617903481 0.1341268563127386 -0.76596111489550722 -2.3942438318005173 1.155365494165786
leaf_weight=30.145640134811401 36.952720165252686 23.338560104370117 29.173200130462646 36.952720165252686 35.980280160903931 26.255880117416382 23.338560104370117 24.311000108718872 45.704680204391479 37.92516016960144 23.338560104370117 26.255880117416382 36.952720165252686 33.062960147857666 31.118080139160156 26.255880117416382 23.338560104370117 38.897600173950195 30.145640134811401
leaf_count=31 38 24 30 38 37 27 24 25 47 39 24 27 38 34 32 27 24 40 31
internal_value=0.00416013 0.000880282 -0.00150943 -0.0038 0.00142857 0.00899582 -0.0127027 -0.018323 0.0159459 -0.0223684 0.023913 0.00686275 0.0311594 -0.025 0.033908 -0.0148148 -0.0326531 -0.0391892 0.0420635
internal_weight=619.444 552.346 515.393 486.22 306.319 232.413 179.901 156.563 179.901 73.9054 134.197 49.5944 67.0984 132.252 84.6023 52.5118 95.2991 71.9606 61.2637
internal_count=637 568 530 500 315 239 185 161 185 76 138 51 69 136 87 54 98 74 63
is_linear=0
shrinkage=0.05


Tree=25
num_leaves=21
num_cat=0
split_feature=27 23 16 25 16 17 18 26 26 16 22 30 29 22 17 29 19 30 29 18
split_gain=21.2954 14.7189 12.4623 23.2706 17.1664 12.9764 12.0328 8.36319 11.1638 7.85224 22.9957 16.6528 8.86193 14.7167 8.77078 8.3786 6.20652 6.07775 3.76865 2.18176
threshold=73.799612443567312 0.077012471655328762 3260.5512359481181 308.5699289725672 1470.7388916718646 468.43215657222623 0.42787952142565544 780.96430525235894 564.63541091518721 4291.8728717084996 0.026258889992999003 0.22169608643858463 0.022918342235052052 0.039394725225188908 62.082038572295467 0.011892912875184352 0.72952291831646943 0.24392583465656006 0.012788254768283403 0.4018404525945215
decision_type=2 2 2 2 2 2 2 2 2 2 2 2 2 2 2 2 2 2 2 2
left_child=-1 -2 3 4 -3 7 17 8 9 12 -11 -12 13 14 18 -16 -5 -6 -4 -17
right_child=1 2 5 16 6 -7 -8 -9 -10 10 11 -13 -14 -15 15 19 -18 -19 -20 -21
leaf_value=1.0318195718264607 2.484689512111947 1.5020171504487572 -0.12439023202864219 5.1236141970637279 -0.87073434044922848 0.98009493061770403 0.1259928281332961 2.1474336023200187 -1.5671790797376219 2.083088624491777 -2.3475802248795072 0.72497370523130855 -2.4383040714790312 0.11283070297197001 -1.1542222322239035 -2.3740798999771395 1.5552192102129139 -3.5623980200431249 0.53091544269899138 -1.1579296968349617
leaf_weight=42.787360191345215 30.145640134811401 40.842480182647705 23.338560104370117 29.173200130462646 31.118080139160156 25.283440113067627 36.952720165252686 24.311000108718872 38.897600173950195 26.255880117416382 35.007840156555176 28.200760126113892 25.283440113067627 30.145640134811401 23.338560104370117 27.228320121765137 34.035400152206421 31.118080139160156 27.228320121765137 23.338560104370117
leaf_count=44 31 42 24 30 32 26 38 25 40 27 36 29 26 31 24 28 35 32 28 24
internal_value=0.00230061 -0.000164474 -0.00199307 0.00789474 -0.00347222 -0.0076087 -0.0147059 -0.0102339 -0.0124606 -0.00884477 0.00326087 -0.0130769 -0.0148649 -0.0103774 -0.0179688 -0.0289474 0.0330769 -0.028125 -0.00192308 -0.0403846
internal_weight=634.031 591.244 561.098 203.24 140.031 357.858 99.1889 332.574 308.263 269.366 89.4645 63.2086 179.901 154.618 124.472 73.9054 63.2086 62.2362 50.5669 50.5669
internal_count=652 608 577 209 144 368 102 342 317 277 92 65 185 159 128 76 65 64 52 52
is_linear=0
shrinkage=0.05


Tree=26
num_leaves=22
num_cat=1
split_feature=27 16 17 30 30 2 23 14 18 14 29 21 19 25 14 23 29 14 29 27 12
split_gain=18.6553 15.9969 16.3317 13.4275 12.8963 13.5227 12.7238 13.7101 9.24539 11.5217 9.11523 10.6963 10.5062 12.7397 11.556 8.38934 9.95871 11.3486 5.44902 4.95349 0.324147
threshold=73.799612443567312 6204.3720300792684 41.800601048401866 0.14790367488617209 0.26924400712666025 0 0.3200873384456126 3141.1193843636252 0.50541528461295315 3801.2428324021735 0.011490916377130352 0.88507893484256661 0.78993000930422141 470.86085853787887 3886.4256400484137 0.27757675174088553 0.016741266045373102 3753.9691925888133 0.019859938181040954 779.91187857236685 3359.3247315535386
decision_type=2 2 2 2 2 1 2 2 2 2 2 2 2 2 2 2 2 2 2 2 2
left_child=-1 2 4 -4 5 18 7 -5 19 -10 -7 -12 14 -14 -13 16 -9 -18 -2 20 -8
right_child=1 -3 3 6 -6 10 8 15 9 -11 11 12 13 -15 -16 -17 17 -19 -20 -21 -22
leaf_value=0.98022859323513767 1.7988179710711762 0.74751170616212093 1.004100689192807 0.35170689088451046 -2.7760095926904662 -0.11817072042721007 -2.5556638998527976 -2.6353863888153835 -2.9935339602379081 1.6491699483841018 -0.82719762342676695 2.0687835991376016 -0.8346997359901529 0.94700945427361671 0.093114719357980047 1.2584694362132962 -1.3770961550269363 0.60204740527660983 0.50659949174282415 -1.4816645296723991 -1.7021058467223782
leaf_weight=40.842480182647705 25.283440113067627 26.255880117416382 24.311000108718872 25.283440113067627 27.228320121765137 25.283440113067627 23.338560104370117 36.952720165252686 23.338560104370117 25.283440113067627 30.145640134811401 37.92516016960144 36.952720165252686 31.118080139160156 28.200760126113892 23.338560104370117 27.228320121765137 24.311000108718872 31.118080139160156 24.311000108718872 23.338560104370117
leaf_count=42 26 27 25 26 28 26 24 38 24 26 31 39 38 32 29 24 28 25 32 25 24
internal_value=0.00305164 0.000753769 -0.00105263 -0.00951557 0.00765125 0.0112648 -0.0128788 -0.00248227 -0.0247967 -0.008 0.00487179 0.0091716 0.0152174 0.00142857 0.0294118 -0.01 -0.017033 -0.00283019 0.0327586 -0.0363014 -0.0458333
internal_weight=621.389 580.547 554.291 281.035 273.256 246.027 256.724 137.114 119.61 48.622 189.626 164.342 134.197 68.0708 66.1259 111.831 88.492 51.5393 56.4015 70.9881 46.6771
internal_count=639 597 570 289 281 253 264 141 123 50 195 169 138 70 68 115 91 53 58 73 48
cat_boundaries=0 1
cat_threshold=1
is_linear=0
shrinkage=0.05


Tree=27
num_leaves=21
num_cat=1
split_feature=27 24 17 15 17 21 14 17 19 17 21 29 2 11 21 23 29 11 22 26
split_gain=22.9507 13.4479 14.6484 16.6419 16.5234 14.445 13.7923 13.4223 12.9356 12.4507 12.3626 10.0467 8.85269 8.33215 6.97892 5.39552 7.01903 5.1602 3.9708 3.60395
threshold=73.799612443567312 0.68845935810221537 474.84511427363196 442.21173017489997 217.14170180683632 0.92292929957062997 3470.35180392335 434.42006968154789 0.7993908735667713 2.8164679756912396 0.91433941532674867 0.011490916377130352 0 3059.2831457776497 0.90911634732608426 0.33871882086167798 0.020226712614574854 2108.6314005994841 0.047895094706659709 477.60495894673153
decision_type=2 2 2 2 2 2 2 2 2 2 2 2 1 2 2 2 2 2 2 2
left_child=-1 2 3 4 8 7 -5 15 9 -2 -8 -11 -13 17 -3 18 -17 19 -6 -14
right_child=1 14 -4 6 5 -7 10 -9 -10 11 -12 12 13 -15 -16 16 -18 -19 -20 -21
leaf_value=0.9323675129476614 -2.1706822224745781 2.4957083900953569 0.83789073553244409 -3.243330569337374 0.46630618019937631 -1.9838880941795722 -2.2149219776461435 -2.3575573464129036 -0.51001622540497671 -0.072983201069296302 0.61709133998771293 -0.0003271098844322751 0.14777399648257941 0.41442877201048278 0.76506485394982071 -0.73109982713764909 0.78274887859355058 3.8890396600430566 0.032618714575978917 1.5213567019493803
leaf_weight=39.87004017829895 32.090520143508911 27.228320121765137 26.255880117416382 31.118080139160156 23.338560104370117 42.787360191345215 26.255880117416382 34.035400152206421 24.311000108718872 37.92516016960144 24.311000108718872 32.090520143508911 29.173200130462646 33.062960147857666 24.311000108718872 23.338560104370117 28.200760126113892 35.980280160903931 23.338560104370117 36.952720165252686
leaf_count=41 33 28 27 32 24 44 27 35 25 39 25 33 30 34 25 24 29 37 24 38
internal_value=0.00351682 0.00106036 -0.00125 -0.00309568 0.00077951 -0.0111111 -0.0238095 -0.00294118 0.00873606 0.0122951 -0.00769231 0.0168246 0.022093 0.0276978 0.0254717 0.00643564 -0.00471698 0.0347619 0.01875 0.0264706
internal_weight=635.976 596.106 544.566 518.311 436.626 175.039 81.685 132.252 261.586 237.275 50.5669 205.185 167.26 135.169 51.5393 98.2164 51.5393 102.106 46.6771 66.1259
internal_count=654 613 560 533 449 180 84 136 269 244 52 211 172 139 53 101 53 105 48 68
cat_boundaries=0 1
cat_threshold=4
is_linear=0
shrinkage=0.05


Tree=28
num_leaves=19
num_cat=0
split_feature=27 23 23 17 28 29 24 22 15 20 20 15 26 20 14 23 20 23
split_gain=27.14 13.6645 14.8491 14.2735 13.6867 16.1395 12.2523 11.2379 9.05817 6.50941 6.17507 5.7788 11.6412 4.54206 4.51246 3.80718 9.62617 3.07417
threshold=73.799612443567312 0.077012471655328762 0.12656225280809999 468.43215657222623 3.5000000000000004 0.014306690059576752 0.60500995304408212 0.00062219644259605008 212.4910149635364 0.098270664068536864 0.18332531018518969 292.88501749315498 321.67120511895297 0.032752104196657056 3684.199319259646 0.45076845553036032 0.15423070096041488 0.76187641723356025
decision_type=2 2 2 2 2 2 2 2 2 2 2 2 2 2 2 2 2 2
left_child=-1 -2 -3 4 6 11 7 -4 -9 -7 13 -6 -13 -10 -12 16 -15 -17
right_child=1 2 3 -5 5 9 -8 8 10 -11 14 12 -14 15 -16 17 -18 -19
leaf_value=0.88574913730027838 2.4610022734433814 -0.6444829858914185 0.16106942339219188 0.85182006200209059 1.9769361247780624 1.7065965024167753 0.55443569129674442 0.10521425710718085 -2.2125547136008374 0.39479507130613173 -2.2396794790922585 0.95754481478663145 -1.9482039888546474 0.13470640115841589 0.30856644768677199 -2.5838379679079098 -2.1041758787638365 -1.6407134852948027
leaf_weight=41.81492018699646 31.118080139160156 33.062960147857666 44.732240200042725 26.255880117416382 28.200760126113892 32.090520143508911 36.952720165252686 35.980280160903931 27.228320121765137 36.952720165252686 31.118080139160156 35.980280160903931 38.897600173950195 29.173200130462646 24.311000108718872 30.145640134811401 35.007840156555176 30.145640134811401
leaf_count=43 32 34 46 27 29 33 38 37 28 38 32 37 40 30 25 31 36 31
internal_value=0.00177743 -0.000993377 -0.0027972 -0.000743494 -0.00264188 0.00875706 -0.00868263 -0.0121622 -0.0164 0.0274648 -0.0204225 -0.00377358 -0.011039 -0.025641 -0.00614035 -0.0296875 -0.0212121 -0.0387097
internal_weight=629.169 587.354 556.236 523.173 496.917 172.122 324.795 287.842 243.11 69.0432 207.13 103.079 74.8779 151.701 55.4291 124.472 64.181 60.2913
internal_count=647 604 572 538 511 177 334 296 250 71 213 106 77 156 57 128 66 62
is_linear=0
shrinkage=0.05


Tree=29
num_leaves=20
num_cat=1
split_feature=27 16 17 30 12 19 30 12 17 29 23 18 29 14 16 30 2 28 19
split_gain=27.585 17.6036 14.8291 14.852 13.1737 13.8193 9.53625 8.21369 14.8696 7.39696 11.6018 10.5019 10.7716 8.86771 11.4993 11.6976 5.94783 3.39711 3.00808
threshold=73.799612443567312 6204.3720300792684 41.800601048401866 0.26924400712666025 3523.2333525893032 0.72202644976103336 0.20781441319532765 2584.0988047226542 2.9705508435192773 0.011262148877818052 0.30214531180769938 0.50541528461295315 0.020226712614574854 3141.1193843636252 4157.1990485682882 0.22525490786014155 0 2.5000000000000004 0.64557485956138239
decision_type=2 2 2 2 2 2 2 2 2 2 2 2 2 2 2 2 1 2 2
left_child=-1 2 3 4 5 18 -6 8 -7 -4 13 17 -13 -11 15 -15 -10 -12 -2
right_child=1 -3 9 -5 6 7 -8 -9 16 10 11 12 -14 14 -16 -17 -18 -19 -20
leaf_value=0.84146168043526437 0.37505531774082501 0.65290040833547103 0.65967271343897316 -2.5579968750268067 -0.24241318417417626 -1.8507937894119153 2.1669917402312242 2.3189298561902882 1.247746636316269 0.43343468262724127 -1.7334949207292993 -1.4601678671616924 1.5195205358656096 -0.28009072625552633 0.6549693493302492 -1.1100276422219466 0.028076158426900921 -2.2097460077001529 2.4287517334299995
leaf_weight=43.75980019569397 24.311000108718872 30.145640134811401 31.118080139160156 32.090520143508911 34.035400152206421 26.255880117416382 26.255880117416382 35.980280160903931 26.255880117416382 23.338560104370117 34.035400152206421 25.283440113067627 25.283440113067627 41.81492018699646 35.007840156555176 23.338560104370117 35.007840156555176 31.118080139160156 28.200760126113892
leaf_count=45 25 31 32 33 35 27 27 37 27 24 35 26 26 43 36 24 36 32 29
internal_value=0.00285714 -8.54701e-05 -0.00216606 0.00615942 0.0104938 0.0174033 -0.00967742 0.00826772 0 -0.0104317 -0.0134146 -0.0247899 -0.00769231 -0.00275591 -0.0092233 -0.0216418 0.0134921 -0.0380597 0.0388889
internal_weight=612.637 568.877 538.732 268.393 236.303 176.012 60.2913 123.5 87.5196 270.338 239.22 115.72 50.5669 123.5 100.161 65.1535 61.2637 65.1535 52.5118
internal_count=630 585 554 276 243 181 62 127 90 278 246 119 52 127 103 67 63 67 54
cat_boundaries=0 1
cat_threshold=1
is_linear=0
shrinkage=0.05


Tree=30
num_leaves=18
num_cat=0
split_feature=27 16 17 20 18 17 21 18 15 21 15 15 11 15 27 27 25
split_gain=18.5 16.4872 12.4817 12.9374 11.7406 12.129 10.7768 9.78009 9.09032 11.4589 10.9755 16.9653 9.07367 8.64472 6.56348 3.83165 3.01181
threshold=73.799612443567312 6204.3720300792684 27.347494232581543 0.18350661248990502 0.34604736842473061 402.64519873296427 0.91612969120988352 0.61523594582066721 243.4364205696252 0.90879509269097269 303.95495666390804 334.87713607242364 2697.4317442759498 272.34931326216253 805.60945696242618 562.05586589988104 464.39308741419615
decision_type=2 2 2 2 2 2 2 2 2 2 2 2 2 2 2 2 2
left_child=-1 2 8 7 6 16 -5 14 -2 13 -11 -12 -13 -10 15 -4 -6
right_child=1 -3 3 4 5 -7 -8 -9 9 10 11 12 -14 -15 -16 -17 -18
leaf_value=0.79938859641350124 -0.26543200470084899 0.6202553879186975 -1.8852934285744034 -1.9363163603503086 1.2949970041558192 -1.0228781238892339 0.41176294849587908 0.016469570502254529 0.13426318633554077 -0.51971914712625178 2.0860987269567985 -2.0183859888900719 0.5964241465414849 2.3940509435409569 -0.95673775977262498 -1.4522114550525118 0.21604940358358676
leaf_weight=39.87004017829895 43.75980019569397 26.255880117416382 29.173200130462646 40.842480182647705 23.338560104370117 34.035400152206421 34.035400152206421 35.007840156555176 36.952720165252686 43.75980019569397 32.090520143508911 25.283440113067627 35.980280160903931 42.787360191345215 34.035400152206421 37.92516016960144 30.145640134811401
leaf_count=41 45 27 30 42 24 35 35 36 38 45 33 26 37 44 35 39 31
internal_value=0.00241058 0.000166113 -0.00165217 -0.00863192 0.000898204 0.0133333 -0.0136364 -0.02 0.00634328 0.0105381 0.00177305 0.0114583 -0.00396825 0.0256098 -0.0278846 -0.0369565 0.0281818
internal_weight=625.279 585.409 559.153 298.539 162.397 87.5196 74.8779 136.142 260.614 216.854 137.114 93.3542 61.2637 79.7401 101.134 67.0984 53.4842
internal_count=643 602 575 307 167 90 77 140 268 223 141 96 63 82 104 69 55
is_linear=0
shrinkage=0.05


Tree=31
num_leaves=20
num_cat=0
split_feature=27 16 30 14 15 28 16 21 29 11 16 25 25 16 11 11 20 16 29
split_gain=22.2128 17.2547 15.9148 25.2921 19.8242 19.4997 15.8462 13.5611 11.617 9.80161 8.73388 21.7138 8.86074 7.94923 17.8643 8.41558 6.97275 5.80074 1.28168
threshold=73.799612443567312 6204.3720300792684 0.23209250327280875 3768.4813417624373 442.21173017489997 3.5000000000000004 3788.6400884261329 0.91583741584237122 0.011490916377130352 2783.4983207298342 1744.3435399659868 308.5699289725672 598.43328431892326 4552.3679916304054 3800.869494387005 3549.8926001968562 0.16156910299473093 4070.7248864336084 0.024170726674902304
decision_type=2 2 2 2 2 2 2 2 2 2 2 2 2 2 2 2 2 2 2
left_child=-1 2 4 5 6 18 8 13 -2 10 -10 -12 -13 14 15 17 -5 -8 -4
right_child=1 -3 3 16 -6 -7 7 -9 9 -11 11 12 -14 -15 -16 -17 -18 -19 -20
leaf_value=0.75941916659282627 -0.86503630947833798 0.64681589284047891 -2.7492831738055403 -0.16876242005726283 -2.0509750083373706 0.11414320729846139 0.056167438400693825 1.4483672202926217 1.1986309047354979 0.97641655666914429 -0.5736802836370487 2.9880966746426152 0.089723275048608997 -2.0266481345625196 2.4492797928735368 -0.67849243108876167 2.8958863700081485 -0.88879386062444832 -2.2725056883628172
leaf_weight=44.732240200042725 25.283440113067627 27.228320121765137 41.81492018699646 29.173200130462646 34.035400152206421 31.118080139160156 26.255880117416382 35.980280160903931 41.81492018699646 39.87004017829895 40.842480182647705 23.338560104370117 34.035400152206421 27.228320121765137 32.090520143508911 25.283440113067627 23.338560104370117 23.338560104370117 28.200760126113892
leaf_count=46 26 28 43 30 35 32 27 37 43 41 42 24 35 28 33 26 24 24 29
internal_value=0.00298622 0.000411862 -0.00146805 -0.0151899 0.00368171 -0.0298077 0.00699482 -0.00428571 0.0163507 0.0208108 0.0145833 0.00643564 0.0262712 -0.0115942 -0.00545455 -0.0188312 0.012963 -0.00686275 -0.0444444
internal_weight=635.003 590.271 563.043 153.646 409.397 101.134 375.362 170.177 205.185 179.901 140.031 98.2164 57.374 134.197 106.968 74.8779 52.5118 49.5944 70.0157
internal_count=653 607 579 158 421 104 386 175 211 185 144 101 59 138 110 77 54 51 72
is_linear=0
shrinkage=0.05


Tree=32
num_leaves=21
num_cat=0
split_feature=28 16 15 28 30 11 12 19 14 12 26 11 17 19 18 26 11 21 23 17
split_gain=15.4022 14.3503 13.134 14.9867 11.556 16.1654 11.4969 11.8259 10.5362 10.8927 10.0161 13.9318 10.3727 9.07611 8.06126 7.78878 5.17485 4.60463 3.79592 0.72933
threshold=1.5000000000000002 6204.3720300792684 398.07426598845637 3.5000000000000004 0.22313524888163383 3482.7095538208532 2942.5416620869669 0.72663074754224366 3470.35180392335 3931.1912686320761 428.34662616967699 3328.0934522813313 392.00708765247515 0.79277046680703755 0.34604736842473061 747.14390395627299 2868.0174140286663 0.92056712085073722 0.33976499690785411 57.770606900430273
decision_type=2 2 2 2 2 2 2 2 2 2 2 2 2 2 2 2 2 2 2 2
left_child=-1 2 3 4 10 16 7 -5 -4 13 11 18 -13 -10 17 -12 -6 -9 -2 -8
right_child=1 -3 8 6 5 -7 19 14 9 -11 15 12 -14 -15 -16 -17 -18 -19 -20 -21
leaf_value=0.72144820826318501 0.65711637777974097 0.55690182388073861 -2.337059894282119 1.9903020367498314 -1.9550586820914135 3.6647424160752418 -0.16812770914491801 1.3107032092784445 -0.84435416759322601 -1.6902961127064211 -1.7266845066811074 0.10150432052480625 -2.0181073695991856 0.69681625765246202 -0.049778381197575078 0.1319044555324865 -2.7088247125257556 1.8269724176399327 0.16002541822702343 0.12137146198447156
leaf_weight=31.118080139160156 27.228320121765137 28.200760126113892 34.035400152206421 44.732240200042725 39.87004017829895 25.283440113067627 23.338560104370117 24.311000108718872 35.007840156555176 24.311000108718872 27.228320121765137 23.338560104370117 24.311000108718872 26.255880117416382 27.228320121765137 40.842480182647705 24.311000108718872 32.090520143508911 33.062960147857666 23.338560104370117
leaf_count=32 28 29 35 46 41 26 24 25 36 25 28 24 25 27 28 42 25 33 34 24
internal_value=0.00321821 0.00140496 -0.000347222 0.00364238 -0.00384615 -0.0184783 0.015 0.0227273 -0.0150407 -0.00568182 0.00359116 0.0130631 -0.00714286 0.00555556 0.0116279 -0.0114286 -0.0318182 0.0224138 0.0290323 -0.00625
internal_weight=619.444 588.326 560.125 440.515 265.476 89.4645 175.039 128.362 119.61 85.5747 176.012 107.941 47.6496 61.2637 83.6298 68.0708 64.181 56.4015 60.2913 46.6771
internal_count=637 605 576 453 273 92 180 132 123 88 181 111 49 63 86 70 66 58 62 48
is_linear=0
shrinkage=0.05


Tree=33
num_leaves=19
num_cat=1
split_feature=27 16 17 30 2 29 17 27 29 16 16 12 19 19 11 27 20 29
split_gain=20.1981 15.7609 18.539 12.4173 11.8371 11.7904 6.32341 8.36788 10.5439 7.85712 10.0022 6.17533 12.394 11.5003 10.538 6.91779 6.17488 3.93429
threshold=73.799612443567312 6204.3720300792684 41.800601048401866 0.26924400712666025 0 0.012886356329103402 436.6926759923245 402.4123402135877 0.023299963968767951 4144.8950989853447 3542.7566280284123 3567.5838305481852 0.72663074754224366 0.70743282133600727 2697.4317442759498 468.41313608296906 0.20355911322095996 0.019997005396222105
decision_type=2 2 2 2 1 2 2 2 2 2 2 2 2 2 2 2 2 2
left_child=-1 2 3 4 17 16 7 -7 9 10 -9 12 -6 -13 15 -14 -4 -2
right_child=1 -3 5 -5 11 6 -8 8 -10 -11 -12 13 14 -15 -16 -17 -18 -19
leaf_value=0.67088963594960482 1.2451680488145225 0.52905673268670161 -0.79678192911193124 -2.1776151197292961 1.1950312290048075 -1.8492174016137541 -1.8573057479868424 0.13420714164455561 -0.75426407619051128 0.55363904394620389 -0.42750719941417831 -0.30766406513083133 -1.6257419140970588 1.3675760314032528 0.63431087674865616 0.061311259400529866 0.76994539944092022 0.62730746661184478
leaf_weight=39.87004017829895 23.338560104370117 27.228320121765137 37.92516016960144 28.200760126113892 45.704680204391479 28.200760126113892 34.035400152206421 27.228320121765137 35.007840156555176 45.704680204391479 27.228320121765137 33.062960147857666 24.311000108718872 25.283440113067627 38.897600173950195 38.897600173950195 33.062960147857666 27.228320121765137
leaf_count=41 24 28 39 29 47 29 35 28 36 47 28 34 25 26 40 40 34 28
internal_value=0.000940439 -0.00142379 -0.00325132 0.0056314 0.00909091 -0.0126812 -0.0189655 -0.014881 -0.00971223 -0.00145631 -0.0142857 0.00377358 0.00921053 -0.01 -0.00047619 -0.0130769 0.00479452 0.0307692
internal_weight=620.417 580.547 553.318 284.925 256.724 268.393 197.405 163.37 135.169 100.161 54.4566 206.157 147.811 58.3464 102.106 63.2086 70.9881 50.5669
internal_count=638 597 569 293 264 276 203 168 139 103 56 212 152 60 105 65 73 52
cat_boundaries=0 1
cat_threshold=1
is_linear=0
shrinkage=0.05


Tree=34
num_leaves=20
num_cat=0
split_feature=16 16 27 24 30 16 14 18 11 25 19 20 22 18 17 14 27 17 29
split_gain=17.1722 15.421 16.374 15.3265 15.3399 18.0604 16.6373 14.7538 10.5356 20.8793 10.5734 14.7597 13.8047 9.05019 5.0029 4.48943 2.91785 1.6894 1.66428
threshold=1470.7388916718646 6204.3720300792684 73.799612443567312 0.69172558707442444 0.22641505370751708 4617.3167752165382 3791.7609312095606 0.30335728004380874 3328.0934522813313 308.5699289725672 0.61843592554691873 0.18944239473347971 0.0023769384428847006 0.42787952142565544 3.1862800177273134 3227.4608180724895 633.45902091676305 7.0843211532428549 0.024608462152578003
decision_type=2 2 2 2 2 2 2 2 2 2 2 2 2 2 2 2 2 2 2
left_child=-1 2 -2 4 5 7 13 -4 9 17 -10 12 -12 18 -5 16 -11 -9 -6
right_child=1 -3 3 14 6 -7 -8 8 10 15 11 -13 -14 -15 -16 -17 -18 -19 -20
leaf_value=0.88563479013732804 0.51814294289451701 0.56017717037008286 -0.86635033707568998 1.1829096463737963 -2.4148570936430986 -1.6812612925971266 0.074970845602300079 -0.060765645070863177 0.72324062188025673 3.6955304650566756 -0.40613183944346931 -1.8243367137198847 0.52595709174889371 -0.61182824498213828 1.8994543778643356 0.7171258462900959 0.40232672413898884 -0.16850753828049037 -1.9766070097759183
leaf_weight=42.787360191345215 32.090520143508911 27.228320121765137 42.787360191345215 23.338560104370117 41.81492018699646 40.842480182647705 38.897600173950195 24.311000108718872 23.338560104370117 27.228320121765137 24.311000108718872 36.952720165252686 25.283440113067627 26.255880117416382 27.228320121765137 36.952720165252686 30.145640134811401 23.338560104370117 23.338560104370117
leaf_count=44 33 28 44 24 43 42 40 25 24 28 25 38 26 27 28 38 31 24 24
internal_value=0.00125786 -0.00101351 -0.00283688 -0.00499058 -0.00782881 -0.00217391 -0.0223881 0.00214521 0.00675676 0.0157534 -0.00486726 -0.0129213 0.00490196 -0.0340426 0.0211538 0.0293814 0.0381356 -0.0112245 -0.0440299
internal_weight=618.472 575.684 548.456 516.366 465.799 335.492 130.307 294.649 251.862 141.976 109.886 86.5472 49.5944 91.4094 50.5669 94.3267 57.374 47.6496 65.1535
internal_count=636 592 564 531 479 345 134 303 259 146 113 89 51 94 52 97 59 49 67
is_linear=0
shrinkage=0.05


Tree=35
num_leaves=20
num_cat=0
split_feature=27 16 15 30 17 11 17 11 12 25 22 15 14 30 15 18 11 19 18
split_gain=23.4929 14.3696 13.2548 10.6876 21.6338 14.9357 10.391 10.9131 13.5305 10.2557 11.5793 12.9724 10.113 9.84892 7.31158 6.75252 4.20437 1.98808 1.29659
threshold=73.799612443567312 6204.3720300792684 426.51745693810796 0.2262718255354905 291.8753778001772 3328.0934522813313 386.58142882433077 3858.2774896057922 3600.3890348383729 676.83074418644219 0.0028120489257443004 271.47036337921605 3470.35180392335 0.25196127257819018 303.95495666390804 0.31894245887203926 3300.4015528090222 0.67526384633532743 0.46731506823828567
decision_type=2 2 2 2 2 2 2 2 2 2 2 2 2 2 2 2 2 2 2
left_child=-1 2 3 5 14 9 7 8 -7 10 -2 -12 -4 -14 -5 -13 -6 -11 -17
right_child=1 -3 12 4 16 6 -8 -9 -10 17 11 15 13 -15 -16 18 -18 -19 -20
leaf_value=0.62477381953353894 1.0768650630606702 0.47459503753386251 -2.1391695493339031 -0.16827739953061666 -1.8594131794807169 0.09150660988183007 -1.768029246921887 1.2110108993159552 -0.32707146196656683 0.43007102649077145 -0.60291767676803687 -0.5196393424680702 -1.1361562138151506 0.60144582126103296 1.7348674469577821 1.6290836548103436 -0.30959675832875111 1.1186686447526621 0.054117885920787506
leaf_weight=42.787360191345215 25.283440113067627 27.228320121765137 29.173200130462646 36.952720165252686 26.255880117416382 24.311000108718872 44.732240200042725 39.87004017829895 35.007840156555176 23.338560104370117 38.897600173950195 34.035400152206421 30.145640134811401 29.173200130462646 31.118080139160156 23.338560104370117 23.338560104370117 36.952720165252686 23.338560104370117
leaf_count=44 26 28 30 38 27 25 46 41 36 24 40 35 31 30 32 24 24 38 24
internal_value=0.00287714 0.000250417 -0.00148862 0.001875 -0.011157 0.00626741 -0.00608108 0.00294118 -0.0106557 0.0149289 0.00771812 0.00121951 -0.0192308 -0.00737705 0.00714286 0.0126506 -0.0362745 0.0322581 0.025
internal_weight=625.279 582.492 555.263 466.771 117.665 349.106 143.921 99.1889 59.3188 205.185 144.894 119.61 88.492 59.3188 68.0708 80.7125 49.5944 60.2913 46.6771
internal_count=643 599 571 480 121 359 148 102 61 211 149 123 91 61 70 83 51 62 48
is_linear=0
shrinkage=0.05


Tree=36
num_leaves=21
num_cat=0
split_feature=16 16 24 22 27 27 27 27 25 24 21 14 12 12 27 16 30 26 12 30
split_gain=16.1996 17.5126 17.843 18.1201 10.5996 15.3856 16.0351 10.4256 12.3491 11.3643 10.0826 8.69219 11.5732 8.3307 7.45252 7.41843 5.89816 3.98857 3.81196 1.67976
threshold=1470.7388916718646 6204.3720300792684 0.69172558707442444 0.05006392912629181 1024.9853961239362 338.14711010915499 397.35813136606436 605.86997712434993 712.72154776019454 0.042962423064463857 0.90784954716135291 2779.5938076448833 2901.2080900939754 2411.5083343868737 768.53456717989536 3978.727162249183 0.23743232045620641 591.31447347313429 3359.3247315535386 0.22107353539504823
decision_type=2 2 2 2 2 2 2 2 2 2 2 2 2 2 2 2 2 2 2 2
left_child=-1 2 3 4 5 11 -7 9 -9 -8 14 -2 -13 -11 -10 -6 -4 19 -15 -5
right_child=1 -3 16 17 15 6 7 8 10 13 -12 12 -14 18 -16 -17 -18 -19 -20 -21
leaf_value=0.96940511666050733 -0.93583060386261718 0.45086528565716932 2.28289476903266 -0.48070698279369001 0.039082286074260258 -2.125076270925184 1.2653763964899234 -1.6540265168363888 -1.0057184798048249 0.66180192371796454 -1.2739396750141054 1.5005119626117638 0.14418157062805934 -2.6276579340516832 0.40856747516623282 1.0102576816999371 0.59353512855686197 -0.25945343112311436 -0.64058667881622067 -1.8622968213706841
leaf_weight=45.704680204391479 44.732240200042725 28.200760126113892 26.255880117416382 27.228320121765137 27.228320121765137 26.255880117416382 31.118080139160156 34.035400152206421 23.338560104370117 25.283440113067627 31.118080139160156 23.338560104370117 34.035400152206421 24.311000108718872 30.145640134811401 24.311000108718872 36.952720165252686 23.338560104370117 24.311000108718872 26.255880117416382
leaf_count=47 46 29 27 28 28 27 32 35 24 26 32 24 35 25 31 25 38 24 25 27
internal_value=7.87402e-05 -0.00221088 -0.00420394 -0.00748988 -0.00325301 -0.00635359 -0.013035 -0.00869565 -0.0188525 0.00277778 -0.00862069 0.01 0.0228814 -0.00789474 0.00454545 0.0179245 0.0207692 -0.0297468 -0.02 -0.0372727
internal_weight=617.499 571.795 543.594 480.385 403.563 352.023 249.917 223.661 118.638 105.024 84.6023 102.106 57.374 73.9054 53.4842 51.5393 63.2086 76.8228 48.622 53.4842
internal_count=635 588 559 494 415 362 257 230 122 108 87 105 59 76 55 53 65 79 50 55
is_linear=0
shrinkage=0.05


Tree=37
num_leaves=20
num_cat=0
split_feature=27 16 30 12 14 28 15 15 20 21 17 21 30 25 20 11 18 21 29
split_gain=16.356 17.9386 10.5348 18.8475 14.6856 21.3683 10.2477 11.991 9.7529 7.9913 12.6716 11.9161 7.74147 12.4886 6.74802 6.27126 6.05905 4.45256 4.2969
threshold=73.799612443567312 6204.3720300792684 0.2316028351934338 3337.7622548908103 3768.4813417624373 3.5000000000000004 357.55220259640492 320.91022066326542 0.16311701212120358 0.88819996572704218 387.14878516944833 0.89736071805781081 0.18016300473878546 308.5699289725672 0.19639187519876197 2161.9117617412271 0.48964818712290287 0.93488229089203856 0.024170726674902304
decision_type=2 2 2 2 2 2 2 2 2 2 2 2 2 2 2 2 2 2 2
left_child=-1 2 3 6 5 18 7 12 -6 10 16 -11 13 -2 -13 -14 -5 -8 -4
right_child=1 -3 4 9 8 -7 17 -9 -10 11 -12 14 15 -15 -16 -17 -18 -19 -20
leaf_value=0.56385837212901879 -0.4900704670878156 0.48589529569202716 -2.1080287389183741 0.25486732653574723 -0.24648075956695836 0.035870880857041688 -1.0852688204525733 2.419702555975852 2.6042355689996439 -1.6555924354361082 -1.1760925893906546 0.61209604864722778 0.95368599336584026 1.649556958965166 -0.71242026304273232 0.045055010580620093 0.063493121577437958 0.48611292283165808 -1.7691819803021502
leaf_weight=37.92516016960144 33.062960147857666 28.200760126113892 40.842480182647705 25.283440113067627 27.228320121765137 35.007840156555176 27.228320121765137 42.787360191345215 23.338560104370117 32.090520143508911 27.228320121765137 39.87004017829895 42.787360191345215 30.145640134811401 25.283440113067627 35.007840156555176 25.283440113067627 23.338560104370117 26.255880117416382
leaf_count=39 34 29 42 26 28 36 28 44 24 33 28 41 44 31 26 36 26 24 27
internal_value=0.00278638 0.000741351 -0.00121107 0.00296912 -0.0124204 -0.0233333 0.0122407 0.0177249 0.00961538 -0.00944444 0.0025 -0.019 0.0106897 -0.00230769 -0.00671642 0.02125 0.0173077 -0.00769231 -0.0398551
internal_weight=628.196 590.271 562.07 409.397 152.673 102.106 234.358 183.791 50.5669 175.039 77.7952 97.244 141.004 63.2086 65.1535 77.7952 50.5669 50.5669 67.0984
internal_count=646 607 578 421 157 105 241 189 52 180 80 100 145 65 67 80 52 52 69
is_linear=0
shrinkage=0.05


Tree=38
num_leaves=21
num_cat=0
split_feature=16 16 23 18 23 22 21 27 25 22 23 17 29 18 21 16 18 16 19 24
split_gain=15.5529 16.8617 14.0914 9.72661 16.3833 14.5447 13.1077 9.74507 15.3128 9.61383 12.4161 9.41797 9.14555 8.75196 8.15961 7.95134 7.08803 6.97656 5.18635 4.47931
threshold=1510.9914702380956 6204.3720300792684 0.077012471655328762 0.61085570436178516 0.45877414221384116 0.05006392912629181 0.89608823796260284 278.45211285241686 1082.4755977891157 0.039394725225188908 0.28042328042328052 24.101123100091176 0.012962833588322252 0.73087923290399293 0.89058873628033819 4169.266089808084 0.49272302434212228 3532.8192253401362 0.62324862446081331 0.3264091350826045
decision_type=2 2 2 2 2 2 2 2 2 2 2 2 2 2 2 2 2 2 2 2
left_child=12 2 -2 4 5 7 13 -4 9 10 17 16 -1 18 -7 -16 -6 -9 -5 -12
right_child=1 -3 3 6 11 14 -8 8 -10 -11 19 -13 -14 -15 15 -17 -18 -19 -20 -21
leaf_value=0.04410279414398488 2.1960128867769844 0.40402725658970956 0.47698079929368253 -0.97974000865827193 -2.0036851817901069 -0.043559197615166668 3.6177430852653338 -0.11486554340380702 0.83875966981614758 0.27534607030448516 0.64581401343446976 -1.2124954417924316 0.94100011939334971 1.9744946563343448 -0.32973828559777446 -0.37389201188219945 0.18336433958894036 -1.5790053762119201 0.03487542124151588 -1.7108244030646915
leaf_weight=27.228320121765137 35.980280160903931 24.311000108718872 36.952720165252686 23.338560104370117 42.787360191345215 38.897600173950195 28.200760126113892 24.311000108718872 41.81492018699646 30.145640134811401 23.338560104370117 32.090520143508911 30.145640134811401 23.338560104370117 35.007840156555176 24.311000108718872 25.283440113067627 30.145640134811401 23.338560104370117 24.311000108718872
leaf_count=28 37 25 38 24 44 40 29 25 43 31 24 33 31 24 36 25 26 31 24 25
internal_value=-0.000233281 -0.00273973 -0.00456172 -0.00670498 -0.010095 -0.00440252 0.00742574 0.00299539 -0.00195531 -0.0102941 -0.017619 -0.0276699 0.0245763 -0.00416667 -0.020297 -0.0319672 -0.0171429 -0.0339286 -0.0166667 0.00102041
internal_weight=625.279 567.905 543.594 507.614 409.397 309.236 98.2164 211.019 174.067 132.252 102.106 100.161 57.374 70.0157 98.2164 59.3188 68.0708 54.4566 46.6771 47.6496
internal_count=643 584 559 522 421 318 101 217 179 136 105 103 59 72 101 61 70 56 48 49
is_linear=0
shrinkage=0.05


Tree=39
num_leaves=23
num_cat=1
split_feature=16 27 17 30 23 14 29 17 11 2 19 21 30 18 27 11 12 12 15 21 11 18
split_gain=12.9891 13.9074 13.0847 11.589 12.8071 12.514 9.79742 11.6636 15.6887 11.4294 11.7235 8.72638 12.7053 6.69167 9.4987 7.51727 6.47586 13.1902 7.5825 2.31533 1.5789 1.32066
threshold=6204.3720300792684 73.799612443567312 27.347494232581543 0.14790367488617209 0.30214531180769938 3327.2961666666665 0.011490916377130352 2.8638236136641813 2968.8211105123992 0 0.7448529282941041 0.9207104285243044 0.21517527351741728 0.51157165188251574 861.45375798726081 3686.6368132143484 3386.1725655321775 3840.9614678310022 322.30323209304134 0.89614615296381162 3435.5976887875972 0.38019534978422337
decision_type=2 2 2 2 2 2 2 2 2 1 2 2 2 2 2 2 2 2 2 2 2 2
left_child=1 -1 6 -4 5 -5 -3 8 -8 20 19 -12 -13 14 21 -15 18 -18 -7 -11 -9 -6
right_child=-2 2 3 4 13 16 7 9 -10 10 11 12 -14 15 -16 -17 17 -19 -20 -21 -22 -23
leaf_value=0.49744257142232656 0.44139916807794038 -0.049335119487426797 0.80977662445946719 0.33658437594056639 -1.5795818804276083 -1.194495521638163 -1.9364911467856616 -1.380382533895417 0.55594831390914445 0.89395011342368214 -0.18392598339443725 1.3171579777644391 0.05659835174465222 -0.29113720590466913 -0.54589721507683542 0.2150791954961605 0.4728290238982652 -1.409037744025001 -0.037760646680807503 3.4368559310020674 0.12695656653169607 -1.5541182130701927
leaf_weight=40.842480182647705 27.228320121765137 25.283440113067627 23.338560104370117 25.283440113067627 25.283440113067627 23.338560104370117 23.338560104370117 24.311000108718872 29.173200130462646 23.338560104370117 24.311000108718872 23.338560104370117 32.090520143508911 28.200760126113892 27.228320121765137 23.338560104370117 25.283440113067627 28.200760126113892 36.952720165252686 31.118080139160156 25.283440113067627 31.118080139160156
leaf_count=42 28 26 24 26 26 24 24 25 30 24 25 24 33 29 28 24 26 29 38 32 26 32
internal_value=0.00193798 0.000405186 -0.00165217 -0.00882353 -0.0117021 -0.00104895 0.00650558 0.00967078 -0.0111111 0.0156085 0.0231884 0.0109756 0.0219298 -0.0226619 -0.0313953 -0.00849057 -0.00811966 0.00454545 -0.0193548 0.0410714 -0.00490196 -0.0431034
internal_weight=627.224 599.995 559.153 297.567 274.228 139.059 261.586 236.303 52.5118 183.791 134.197 79.7401 55.4291 135.169 83.6298 51.5393 113.775 53.4842 60.2913 54.4566 49.5944 56.4015
internal_count=645 617 575 306 282 143 269 243 54 189 138 82 57 139 86 53 117 55 62 56 51 58
cat_boundaries=0 1
cat_threshold=4
is_linear=0
shrinkage=0.05


Tree=40
num_leaves=21
num_cat=1
split_feature=16 27 16 11 29 17 15 16 15 29 29 27 15 11 26 18 22 25 25 2
split_gain=13.0363 13.613 11.1004 11.4203 9.70611 15.9683 17.5422 11.7643 11.2377 13.5677 10.4682 10.1517 9.56089 9.44229 8.19048 6.8912 6.01987 5.42667 6.63995 1.26913
threshold=6204.3720300792684 73.799612443567312 1439.9357100340139 1113.5277426547248 0.014125160506889101 401.44593405552547 353.74262332143445 4141.7634874299392 261.21556117776214 0.017614690630292654 0.023299963968767951 545.36531932519028 318.47897645378436 3202.1396887824808 344.82547899883275 0.53955473605450976 0.050237472940279408 464.39308741419615 321.13146212938619 0
decision_type=2 2 2 2 2 2 2 2 2 2 2 2 2 2 2 2 2 2 2 1
left_child=1 -1 -3 -4 11 6 8 -7 14 -10 19 17 -13 -8 -6 -16 -15 18 -5 -11
right_child=-2 2 3 4 5 7 13 -9 9 10 -12 12 -14 16 15 -17 -18 -19 -20 -21
leaf_value=0.48694428498676745 0.41932920967404341 0.84925260775249789 -0.90274751205008963 -0.12307655662980495 0.37005230353718876 -1.5168843261983527 -1.8201902369241738 -0.72262836414362119 -0.49548633005812737 0.91737595274802841 0.12060873820511127 0.093285741206348416 1.5139355351669275 0.20432523572135253 -0.032020415247740179 -1.4979301994219369 -0.71059220496833508 -0.74236518110304606 0.67188932692785697 2.0954085416078572
leaf_weight=41.81492018699646 26.255880117416382 32.090520143508911 24.311000108718872 27.228320121765137 28.200760126113892 37.92516016960144 25.283440113067627 39.87004017829895 28.200760126113892 25.283440113067627 27.228320121765137 33.062960147857666 26.255880117416382 34.035400152206421 32.090520143508911 27.228320121765137 29.173200130462646 27.228320121765137 41.81492018699646 24.311000108718872
leaf_count=43 27 33 25 28 29 39 26 41 29 26 28 34 27 35 33 28 30 28 43 25
internal_value=0.000684932 -0.000793651 -0.0028109 -0.00451264 -0.00293006 -0.00745257 -0.00190311 -0.0275 0.00656566 0.0175926 0.028481 0.0075 0.0237705 -0.0203297 -0.00666667 -0.0172131 -0.01 -0.00252525 0.00492958 0.0421569
internal_weight=638.893 612.637 570.822 538.732 514.421 358.83 281.035 77.7952 192.543 105.024 76.8228 155.59 59.3188 88.492 87.5196 59.3188 63.2086 96.2716 69.0432 49.5944
internal_count=657 630 587 554 529 369 289 80 198 108 79 160 61 91 90 61 65 99 71 51
cat_boundaries=0 1
cat_threshold=1
is_linear=0
shrinkage=0.05


Tree=41
num_leaves=21
num_cat=0
split_feature=16 16 23 17 18 25 26 17 26 18 26 26 16 11 17 14 15 14 18 16
split_gain=16.8504 18.1382 11.9029 14.2447 13.9838 12.0027 12.2065 11.2856 10.7883 10.639 8.28471 9.79308 6.50192 8.4687 5.89289 5.82966 5.12627 9.9373 7.42246 3.64579
threshold=6204.3720300792684 1470.7388916718646 0.17814814814814814 466.05703859296005 0.34604736842473061 608.598923834419 261.14088093006995 394.20207223233166 339.27722309474103 0.42787952142565544 606.99841176974621 780.96430525235894 3402.565921665805 2437.8932147249002 419.36775459901315 2344.603508870608 442.21173017489997 4083.9635826782232 0.48451849086545346 1415.2852274814884
decision_type=2 2 2 2 2 2 2 2 2 2 2 2 2 2 2 2 2 2 2 2
left_child=1 19 4 7 5 6 -3 8 12 15 -11 -12 13 -4 -9 -10 17 18 -14 -1
right_child=-2 2 3 -5 -6 -7 -8 14 9 10 11 -13 16 -15 -16 -17 -18 -19 -20 -21
leaf_value=0.53814768782371913 0.39836274919034126 -0.59966910072925828 -1.404445667773295 0.69359101647814747 0.68856550674237793 -0.2702906029508107 1.8590034739742316 -1.6517459999948856 -0.85761013644758466 0.25415124669052885 -1.2889117419405225 0.19410897393528473 0.088621454146030496 2.3266934173131673 -1.0589265292463368 -1.373540105157381 -2.2047797397846765 1.1167165606155169 -0.11692272879831472 1.0127501642028927
leaf_weight=24.311000108718872 26.255880117416382 32.090520143508911 23.338560104370117 23.338560104370117 28.200760126113892 27.228320121765137 45.704680204391479 23.338560104370117 26.255880117416382 29.173200130462646 32.090520143508911 30.145640134811401 23.338560104370117 24.311000108718872 43.75980019569397 41.81492018699646 35.980280160903931 33.062960147857666 25.283440113067627 23.338560104370117
leaf_count=25 27 33 24 24 29 28 47 24 27 30 33 31 24 25 45 43 37 34 26 24
internal_value=-0.0003125 -0.00203915 -0.00460993 -0.0087822 0.00839416 0 0.01 -0.0110422 -0.00718563 -0.0164634 -0.00531915 -0.015625 0.00176471 0.0173469 -0.0297101 -0.0314286 -0.00454545 0.00238095 -0.012 0.027551
internal_weight=622.362 596.106 548.456 415.232 133.224 105.024 77.7952 391.893 324.795 159.48 91.4094 62.2362 165.315 47.6496 67.0984 68.0708 117.665 81.685 48.622 47.6496
internal_count=640 613 564 427 137 108 80 403 334 164 94 64 170 49 69 70 121 84 50 49
is_linear=0
shrinkage=0.05


Tree=42
num_leaves=23
num_cat=1
split_feature=27 16 27 15 23 19 2 11 30 15 16 19 18 11 24 26 24 23 18 18 27 20
split_gain=18.3134 14.5146 14.356 15.5821 17.4195 8.76242 10.6949 9.13076 8.06651 7.05626 10.0862 8.15138 14.9889 13.8248 9.78054 8.14109 7.30128 4.56507 4.54647 3.9708 3.9708 0.72933
threshold=1320.7140862497797 6204.3720300792684 115.38556524729189 430.98193791721138 0.26961031973138511 0.56635711699186386 0 1092.1402766549647 0.22641505370751708 261.01290860865367 4220.6708211761952 0.7908496951351639 0.31204685373493474 2894.3569332353532 0.41390868852727386 447.62622662784185 0.25091046519617949 0.17463833078451019 0.35377148647072393 0.41677780604773013 512.16388700821051 0.19597464300539158
decision_type=2 2 2 2 2 2 1 2 2 2 2 2 2 2 2 2 2 2 2 2 2 2
left_child=1 2 21 5 -5 -4 8 -8 17 10 15 13 20 -11 16 -9 -15 -7 -6 -19 -13 -1
right_child=-2 -3 3 4 18 6 7 9 -10 11 -12 12 -14 14 -16 -17 -18 19 -20 -21 -22 -23
leaf_value=0.39758572039172724 -0.25485103109276114 0.32087133741310797 -0.41141763165195333 0.47073033476339249 -2.0945407527954432 0.61369337265213419 -0.49933639619952858 -1.3030114654922684 -0.046307894273443395 3.01887140565879 1.0012048414705259 -0.037487462775433043 -1.6486127482978929 -0.034868399241649473 -0.69173239190035363 -0.10072906110426559 1.0075364956923154 0.0743316787773729 -0.97815119019571528 0.65322922233296488 1.9895842871221245 0.7860425572086801
leaf_weight=23.338560104370117 24.311000108718872 29.173200130462646 41.81492018699646 26.255880117416382 29.173200130462646 23.338560104370117 24.311000108718872 26.255880117416382 35.980280160903931 41.81492018699646 23.338560104370117 23.338560104370117 24.311000108718872 23.338560104370117 27.228320121765137 27.228320121765137 25.283440113067627 23.338560104370117 32.090520143508911 23.338560104370117 23.338560104370117 23.338560104370117
leaf_count=24 25 30 43 27 30 24 25 27 37 43 24 24 25 24 28 28 26 24 33 24 24 24
internal_value=0.000544323 0.00226537 0.000510204 -0.00185185 -0.0211111 0.002 0.00429975 -0.000671141 0.0178899 0.00201465 -0.0107595 0.00721649 -0.00616438 0.0152893 0.0025641 -0.0227273 0.016 0.0277778 -0.0357143 0.01875 0.0104167 0.0270833
internal_weight=625.279 600.968 571.795 525.118 87.5196 437.598 395.783 289.787 105.996 265.476 76.8228 188.653 70.9881 117.665 75.8503 53.4842 48.622 70.0157 61.2637 46.6771 46.6771 46.6771
internal_count=643 618 588 540 90 450 407 298 109 273 79 194 73 121 78 55 50 72 63 48 48 48
cat_boundaries=0 1
cat_threshold=1
is_linear=0
shrinkage=0.05


Tree=43
num_leaves=22
num_cat=0
split_feature=16 24 29 16 18 29 26 25 23 22 15 21 15 18 15 14 24 17 30 16 18
split_gain=11.8098 10.1221 13.9972 16.9274 11.7725 9.49728 8.6947 9.29143 9.0026 14.1767 9.26816 14.7183 12.0803 9.63334 7.00999 6.81662 4.9589 6.65036 8.25047 4.7485 2.97558
threshold=6204.3720300792684 0.7554799697656841 0.022402349312487056 4617.3167752165382 0.53955473605450976 0.020637403942340201 502.99382342143912 308.5699289725672 0.13151927437641722 0.039394725225188908 319.24078968318992 0.89969698281081445 357.55220259640492 0.61085570436178516 247.59209848837807 3523.8797726403068 0.64239715143874287 62.082038572295467 0.26924400712666025 1672.1817644557825 0.24927231250276496
decision_type=2 2 2 2 2 2 2 2 2 2 2 2 2 2 2 2 2 2 2 2 2
left_child=1 2 3 5 16 6 8 19 -1 10 13 -12 -13 14 -10 20 17 18 -4 -8 -14
right_child=-2 -3 4 -5 -6 -7 7 -9 9 -11 11 12 15 -15 -16 -17 -18 -19 -20 -21 -22
leaf_value=-0.44859013812593873 0.30482777054245258 2.9008916196523518 -0.025338624150447232 -1.3231069646147404 0.10361415892241191 0.67470811298785671 0.55107686286281976 2.1599734952648966 -0.15712433456876909 0.2310680130872374 -1.3934295316059016 1.9478860760070456 0.082867378304077421 0.23782691565667094 -0.56656601815259044 2.0001156958467781 -0.13863638784487051 -0.55690561441928854 -1.6308931181178246 -0.79150636720104262 -1.4709063165898613
leaf_weight=31.118080139160156 24.311000108718872 32.090520143508911 31.118080139160156 28.200760126113892 24.311000108718872 35.980280160903931 26.255880117416382 34.035400152206421 23.338560104370117 23.338560104370117 24.311000108718872 33.062960147857666 23.338560104370117 30.145640134811401 41.81492018699646 25.283440113067627 23.338560104370117 28.200760126113892 24.311000108718872 24.311000108718872 26.255880117416382
leaf_count=32 25 33 32 29 25 37 27 35 24 24 25 34 24 31 43 26 24 29 25 25 27
internal_value=-0.000157233 -0.00155483 -0.00311419 0.00124153 -0.0174074 0.00386473 0.00145889 0.0155172 -0.00275862 0.000387597 -0.0034188 0.00514706 0.0130631 -0.0153061 -0.0261194 0.00194805 -0.0245455 -0.0302326 -0.0201754 0.00192308 -0.00882353
internal_weight=618.472 594.161 562.07 430.791 131.279 402.59 366.61 84.6023 282.008 250.89 227.551 132.252 107.941 95.2991 65.1535 74.8779 106.968 83.6298 55.4291 50.5669 49.5944
internal_count=636 611 578 443 135 414 377 87 290 258 234 136 111 98 67 77 110 86 57 52 51
is_linear=0
shrinkage=0.05


Tree=44
num_leaves=22
num_cat=1
split_feature=13 16 27 20 25 16 22 24 25 17 2 14 15 18 22 14 30 15 24 14 11
split_gain=13.5697 15.0244 12.0394 10.4562 9.01826 13.1058 9.39231 14.2376 12.8082 13.4752 11.4548 8.69596 7.04376 5.93916 10.2987 5.37791 6.76977 5.18635 3.05677 2.49469 0.72933
threshold=1236.123480442177 6204.3720300792684 338.14711010915499 0.048314713067214708 415.4319420415323 3260.5512359481181 0.050955376143631111 0.67470395565633667 1071.2637457482992 394.20207223233166 0 3791.7609312095606 347.0026750763505 0.39251166937055487 0.004586766906876651 2779.5938076448833 0.20421972327175639 325.97790237811449 0.59132137703566279 4276.750198829217 1086.0745129293225
decision_type=2 2 2 2 2 2 2 2 2 2 1 2 2 2 2 2 2 2 2 2 2
left_child=3 2 15 -1 13 -6 8 19 9 10 -7 -12 -13 -4 -15 -2 -17 -10 -18 -8 -5
right_child=1 -3 4 20 5 6 7 -9 17 -11 11 12 -14 14 -16 16 18 -19 -20 -21 -22
leaf_value=-0.032047400392241077 -0.42616063121964171 0.28958638201532994 -1.8900899560015334 0.50865328009936872 1.7355524796032542 0.22458619734259103 -0.85636587537319009 0.57145530336516548 0.012467384722466335 -1.9261668904212315 -1.327428376551528 -0.13618289223123617 1.0801753843804205 -1.5500282010131217 0.078471311566942606 0.044857241872361425 1.1079108424449886 1.9636503885955112 0.43896583410491274 -0.54682438966078883 1.2039235992013286
leaf_weight=27.228320121765137 44.732240200042725 23.338560104370117 34.035400152206421 23.338560104370117 41.81492018699646 26.255880117416382 30.145640134811401 27.228320121765137 23.338560104370117 32.090520143508911 28.200760126113892 35.007840156555176 26.255880117416382 24.311000108718872 23.338560104370117 37.92516016960144 24.311000108718872 23.338560104370117 23.338560104370117 23.338560104370117 23.338560104370117
leaf_count=28 46 24 35 24 43 27 31 28 24 33 29 36 27 25 24 39 25 24 24 24 24
internal_value=0.000931677 -0.00176056 -0.00349265 0.0210526 -0.00780488 -0.00398773 -0.00795053 -0.0222892 -0.002 -0.00921053 -0.0012605 -0.00978261 0.000793651 -0.022619 -0.0112245 0.00970149 0.0170455 0.0208333 0.0295918 -0.0372727 0.0354167
internal_weight=626.251 552.346 529.007 73.9054 398.7 317.015 275.201 80.7125 194.488 147.811 115.72 89.4645 61.2637 81.685 47.6496 130.307 85.5747 46.6771 47.6496 53.4842 46.6771
internal_count=644 568 544 76 410 326 283 83 200 152 119 92 63 84 49 134 88 48 49 55 48
cat_boundaries=0 1
cat_threshold=1
is_linear=0
shrinkage=0.05


Tree=45
num_leaves=21
num_cat=0
split_feature=27 16 16 11 29 14 19 25 30 14 16 19 30 16 29 14 19 19 11 18
split_gain=15.7466 17.2823 10.4877 11.541 12.1561 10.7961 9.96014 9.22425 7.98091 6.74101 14.3886 17.3556 12.4849 10.2006 15.0364 9.26189 8.46212 6.69131 5.58272 2.00653
threshold=73.799612443567312 6204.3720300792684 1439.9357100340139 1113.5277426547248 0.013824090408762752 3227.4608180724895 0.74723307807200012 712.72154776019454 0.17082710316373587 4508.9325160762264 4359.974734837976 0.72868978563986031 0.24465937746679448 3739.8276811317296 0.015939437075208802 3757.989964546096 0.64063785850221755 0.7908496951351639 3473.8101525030925 0.4018404525945215
decision_type=2 2 2 2 2 2 2 2 2 2 2 2 2 2 2 2 2 2 2 2
left_child=-1 2 -2 -4 5 6 -5 8 -7 10 12 -12 13 14 -6 19 -16 -18 -15 -14
right_child=1 -3 3 4 9 7 -8 -9 -10 -11 11 -13 15 18 16 -17 17 -19 -20 -21
leaf_value=0.41701754239966715 0.68440221857242778 0.27510706291456349 -0.87303115560164746 3.9067420778889836 -0.7398554284030241 -0.63695912749265704 0.04341513620057276 0.23484683013165225 0.35699662759823109 -0.75472459531689329 -2.042219044531052 2.3310160318399777 -1.3797275284743564 -1.0908518189196101 -0.037566024247043119 0.016114328943989165 0.3457386674455265 0.47322382821711817 -0.16025587762017901 -1.1431611724824493
leaf_weight=39.87004017829895 33.062960147857666 25.283440113067627 25.283440113067627 24.311000108718872 30.145640134811401 33.062960147857666 29.173200130462646 25.283440113067627 27.228320121765137 42.787360191345215 26.255880117416382 23.338560104370117 35.980280160903931 45.704680204391479 28.200760126113892 23.338560104370117 31.118080139160156 23.338560104370117 32.090520143508911 24.311000108718872
leaf_count=41 34 26 26 25 31 34 30 26 28 44 27 24 37 47 29 24 32 24 33 25
internal_value=7.72798e-05 -0.0019802 -0.0037931 -0.00549451 -0.00384615 0.00874126 0.0263636 -0.00227273 -0.0129032 -0.00862069 -0.00615616 0.0186275 -0.0106383 -0.00357143 0.00603448 -0.0267442 0.0170588 0.0285714 -0.0175 -0.0370968
internal_weight=629.169 589.299 564.015 530.952 505.669 139.059 53.4842 85.5747 60.2913 366.61 323.823 49.5944 274.228 190.598 112.803 83.6298 82.6574 54.4566 77.7952 60.2913
internal_count=647 606 580 546 520 143 55 88 62 377 333 51 282 196 116 86 85 56 80 62
is_linear=0
shrinkage=0.05


Tree=46
num_leaves=21
num_cat=1
split_feature=16 24 22 24 2 17 27 17 19 20 24 14 15 15 19 25 22 11 20 15
split_gain=13.8126 11.4913 15.0939 10.3904 9.79093 13.8961 19.5023 11.9827 8.66924 7.05655 13.5584 4.91259 7.88114 14.7461 6.392 6.09352 6.94488 4.12963 2.72237 2.70894
threshold=6204.3720300792684 0.7554799697656841 0.050237472940279408 0.63656462585034024 0 3.105248807406725 1024.9853961239362 2.8638236136641813 0.77854223443102955 0.091347802703025602 0.50904387421973196 3460.3951937607139 426.11900827462438 305.09887172391592 0.70095371376085758 400.4940153878461 0.0058917017225998012 2161.9117617412271 0.18125608151231049 347.0026750763505
decision_type=2 2 2 2 1 2 2 2 2 2 2 2 2 2 2 2 2 2 2 2
left_child=1 2 4 18 9 7 11 19 -5 -1 -11 12 13 14 -7 -13 -17 -16 -4 -6
right_child=-2 -3 3 8 5 6 -8 -9 -10 10 -12 15 -14 -15 17 16 -18 -19 -20 -21
leaf_value=0.69627498651532349 0.31892498408655162 3.3429353969055358 -0.58589471570040108 0.23588693444551226 -0.14233954725475542 -0.080686033635609541 0.5281965517494529 2.2463077239767637 -0.19908111428078917 -0.40414586963604582 0.046270323832484909 0.16060906969752248 -1.3107411520506389 0.055950339992691771 -0.8094197576758978 0.12818307958075723 -1.7921223161343249 -1.6802057238372723 -0.14084434084668515 0.096961219389955972
leaf_weight=45.704680204391479 28.200760126113892 27.228320121765137 33.062960147857666 25.283440113067627 27.228320121765137 23.338560104370117 41.81492018699646 37.92516016960144 27.228320121765137 37.92516016960144 27.228320121765137 28.200760126113892 27.228320121765137 35.007840156555176 25.283440113067627 25.283440113067627 36.952720165252686 23.338560104370117 23.338560104370117 23.338560104370117
leaf_count=47 29 28 34 26 28 24 43 39 28 39 28 29 28 36 26 26 38 24 24 24
internal_value=0.00200617 0.000403877 -0.00109983 -0.0178571 0.00281837 -0.00123288 -0.00693431 0.0159341 -0.00185185 0.0157895 0.00522388 -0.0127706 -0.0188406 -0.0127273 -0.0256757 -0.00376344 -0.0125 -0.036 -0.0327586 0
internal_weight=630.141 601.94 574.712 108.913 465.799 354.941 266.449 88.492 52.5118 110.858 65.1535 224.634 134.197 106.968 71.9606 90.4369 62.2362 48.622 56.4015 50.5669
internal_count=648 619 591 112 479 365 274 91 54 114 67 231 138 110 74 93 64 50 58 52
cat_boundaries=0 1
cat_threshold=1
is_linear=0
shrinkage=0.05


Tree=47
num_leaves=20
num_cat=0
split_feature=16 16 24 29 16 29 19 19 14 14 24 30 18 19 12 15 12 21 25
split_gain=13.1125 14.055 9.63626 11.285 18.8482 12.7431 10.3684 9.65908 22.7935 22.6707 12.5057 8.9163 7.99038 7.9819 6.39894 4.7738 3.06039 7.87676 2.18176
threshold=6204.3720300792684 1470.7388916718646 0.68845935810221537 0.022147487703153054 4617.3167752165382 0.019916141113157152 0.65588089847896003 0.79058429381517115 3411.7366485969392 3227.4608180724895 0.41390868852727386 0.23743232045620641 0.53955473605450976 0.58371393916353365 2044.957599064626 277.08226412647792 2722.1147887168404 0.92535813570657111 442.68291093466433
decision_type=2 2 2 2 2 2 2 2 2 2 2 2 2 2 2 2 2 2 2
left_child=1 -1 3 4 5 6 13 9 14 18 -11 -4 16 -3 -9 -7 -5 -18 -8
right_child=-2 2 11 12 -6 15 7 8 -10 10 -12 -13 -14 -15 -16 -17 17 -19 -20
leaf_value=0.4331410305127712 0.24406482151882869 0.010752216443432161 1.5969484446697635 -1.2594956535297641 -1.2908306444564595 0.39333989636568423 3.2401849878773072 -0.028433647714864209 1.0863420572114109 0.53067070298450525 -1.5357166431123659 0.3166573873509741 0.094492225794077109 -0.13522256989201795 -1.2686612485397752 0.65182899216548884 -0.62738224974433265 0.04460334828180948 1.5342887126142248
leaf_weight=44.732240200042725 28.200760126113892 31.118080139160156 30.145640134811401 26.255880117416382 27.228320121765137 24.311000108718872 23.338560104370117 30.145640134811401 36.952720165252686 34.035400152206421 28.200760126113892 35.007840156555176 23.338560104370117 43.75980019569397 39.87004017829895 29.173200130462646 35.007840156555176 23.338560104370117 27.228320121765137
leaf_count=46 29 32 31 27 28 25 24 31 38 35 29 36 24 45 41 30 36 24 28
internal_value=0.00289515 0.00131148 -0.000886525 -0.00331992 0.000777202 0.00391061 -0.000165017 0.00530973 -0.00545455 0.0155172 -0.0046875 0.0171642 -0.0175676 -0.0162338 -0.0222222 0.0263636 -0.0247126 -0.0183333 0.0403846
internal_weight=621.389 593.188 548.456 483.303 375.362 348.134 294.649 219.771 106.968 112.803 62.2362 65.1535 107.941 74.8779 70.0157 53.4842 84.6023 58.3464 50.5669
internal_count=639 610 564 497 386 358 303 226 110 116 64 67 111 77 72 55 87 60 52
is_linear=0
shrinkage=0.05


Tree=48
num_leaves=21
num_cat=2
split_feature=23 16 12 11 27 15 16 2 26 23 19 27 23 29 30 15 2 14 24 15
split_gain=13.4302 13.6455 11.5144 8.019 6.38482 17.938 10.0857 22.4076 16.282 9.58467 11.3378 8.02524 15.1125 9.08402 7.61331 6.45275 5.66019 4.22618 3.9708 0.610158
threshold=0.077012471655328762 6204.3720300792684 1236.123480442177 1078.7490378401365 1071.2637457482992 319.24078968318992 3406.7606037414971 0 780.96430525235894 0.13010582010582009 0.79194402199411706 608.09529084687949 0.25922520975825886 0.019633814111766155 0.17445842015824123 268.38219978912304 1 4022.2437277368176 0.12131519274376411 303.40570007399089
decision_type=2 2 2 2 2 2 2 1 2 2 2 2 2 2 2 2 1 2 2 2
left_child=-1 2 3 -2 6 -6 7 -4 11 -9 15 12 16 19 -14 -11 -8 -16 -12 -13
right_child=1 -3 4 -5 5 -7 8 9 -10 10 18 13 14 -15 17 -17 -18 -19 -20 -21
leaf_value=2.1283717159971993 -0.098207896246693335 0.29077549380628259 -1.1720917492404006 0.55161086459504538 -0.72059366112899859 0.6936768750752883 -1.6835228392448045 -0.2049599279342984 0.45202580368290413 0.39395861587512404 -0.082255306181379245 -0.76671940048246023 -0.080745841795159992 -0.4033190361772036 -0.017388151369376461 3.0781757384834418 -0.096818137157457337 1.3152588413826563 0.35207460865458984 -1.0942034158214895
leaf_weight=35.007840156555176 26.255880117416382 25.283440113067627 27.228320121765137 42.787360191345215 25.283440113067627 36.952720165252686 29.173200130462646 24.311000108718872 30.145640134811401 24.311000108718872 23.338560104370117 26.255880117416382 33.062960147857666 44.732240200042725 28.200760126113892 39.87004017829895 24.311000108718872 31.118080139160156 23.338560104370117 23.338560104370117
leaf_count=36 27 26 28 44 26 38 30 25 31 25 24 27 34 46 29 41 25 32 24 24
internal_value=0.00046729 -0.00132013 -0.00293103 0.0161972 -0.00559921 0.009375 -0.00775281 0.00209581 -0.0136691 0.0104317 0.0166667 -0.0180162 -0.0106667 -0.0293814 0.00157895 0.030303 -0.0318182 0.0122951 -0.00208333 -0.0441176
internal_weight=624.306 589.299 564.015 69.0432 494.972 62.2362 432.736 162.397 270.338 135.169 110.858 240.193 145.866 94.3267 92.3818 64.181 53.4842 59.3188 46.6771 49.5944
internal_count=642 606 580 71 509 64 445 167 278 139 114 247 150 97 95 66 55 61 48 51
cat_boundaries=0 1 2
cat_threshold=4 8
is_linear=0
shrinkage=0.05


Tree=49
num_leaves=22
num_cat=0
split_feature=27 16 17 27 22 15 15 21 16 25 16 12 16 27 27 25 18 11 15 30 30
split_gain=19.7608 20.0491 8.57307 10.7008 9.26606 8.37727 8.84408 9.02551 7.85544 7.27356 9.64482 10.1774 14.4386 7.87553 11.5152 12.4561 6.28848 4.84162 4.08106 3.72804 2.4883
threshold=73.799612443567312 6204.3720300792684 41.800601048401866 773.12842356543547 0.051307342310160757 430.98193791721138 376.2446556234475 0.89295426537705136 4130.9110691350679 428.95773637211875 1439.9357100340139 2584.0988047226542 3788.6400884261329 472.60051490167331 712.72154776019454 608.598923834419 0.33496140422554316 1152.9819149447133 298.51365495802594 0.20421972327175639 0.20899922188572959
decision_type=2 2 2 2 2 2 2 2 2 2 2 2 2 2 2 2 2 2 2 2 2
left_child=-1 2 9 5 8 6 7 18 20 10 -2 16 -13 -11 15 -15 -12 -18 -4 -9 -5
right_child=1 -3 3 4 -6 -7 -8 19 -10 13 11 12 -14 14 -16 -17 17 -19 -20 -21 -22
leaf_value=0.38573373133935224 0.52112006473166417 0.21866344479825212 -0.04193836955303816 0.18244294652740933 -0.79359047320777598 -1.1606650581848883 0.23286041002630783 -1.5832644973137109 0.6589930313215242 2.3502003042119948 -1.1379162833912559 1.6782981516703566 -0.076708549705402002 1.2494958993135235 1.9163945768040138 -0.57584718544825575 -0.034103479985032693 -0.038064504413926059 0.019681580350385277 -0.72307948709714376 -0.81506747078177855
leaf_weight=40.842480182647705 30.145640134811401 27.228320121765137 35.007840156555176 33.062960147857666 31.118080139160156 33.062960147857666 26.255880117416382 28.200760126113892 24.311000108718872 23.338560104370117 24.311000108718872 25.283440113067627 27.228320121765137 29.173200130462646 29.173200130462646 25.283440113067627 27.228320121765137 39.87004017829895 24.311000108718872 26.255880117416382 23.338560104370117
leaf_count=42 31 28 36 34 32 34 27 29 25 24 25 26 28 30 30 26 28 41 25 27 24
internal_value=-0.000306748 -0.00262295 -0.00463918 -0.0107509 0.00130435 -0.0185393 -0.0131944 -0.0192308 0.010241 0.00155709 -0.0047486 -0.0101351 0.00740741 0.0118182 0.00465116 -0.00892857 -0.0202128 -0.0123188 -0.0057377 -0.0339286 0
internal_weight=634.031 593.188 565.96 284.925 111.831 173.094 140.031 113.775 80.7125 281.035 174.067 143.921 52.5118 106.968 83.6298 54.4566 91.4094 67.0984 59.3188 54.4566 56.4015
internal_count=652 610 582 293 115 178 144 117 83 289 179 148 54 110 86 56 94 69 61 56 58
is_linear=0
shrinkage=0.05


Tree=50
num_leaves=20
num_cat=1
split_feature=16 27 15 23 22 2 25 28 29 27 30 29 18 22 18 18 19 25 21
split_gain=12.1801 12.8113 10.4087 12.1315 8.59761 7.23193 6.60471 13.926 6.41221 10.1631 11.1043 7.93222 6.49188 7.86252 5.73705 10.6772 5.24382 5.20302 4.9322
threshold=6204.3720300792684 73.799612443567312 442.21173017489997 0.26961031973138511 0.058569091427803706 0 1071.2637457482992 2.5000000000000004 0.011227839706184352 585.51627545334657 0.20054919272364677 0.012863787832523052 0.57267229800344899 0.032562598568383158 0.35143053776750793 0.42120185996253184 0.63528924223813676 712.72154776019454 0.89393099681883992
decision_type=2 2 2 2 2 1 2 2 2 2 2 2 2 2 2 2 2 2 2
left_child=1 -1 4 -4 5 14 7 -7 -9 11 -11 -10 13 -13 -3 -16 -17 -5 -6
right_child=-2 2 3 17 18 6 -8 8 9 10 -12 12 -14 -15 15 16 -18 -19 -20
leaf_value=0.36644704477238466 0.26530354687605584 0.73691967843513673 0.19535249917740743 -1.8827707294432301 -0.032523399934598275 -1.3690952155341607 1.5647997319761258 -0.19728341532932694 1.464874223867314 -0.8117514297419901 0.17336924047573349 -0.85023527796337572 0.84487523348456461 0.41041465943622524 -0.036161279193229846 2.9876753298196946e-05 0.74691319120194144 -0.44703166271006012 -0.99870872245273012
leaf_weight=40.842480182647705 25.283440113067627 25.283440113067627 26.255880117416382 34.035400152206421 28.200760126113892 40.842480182647705 36.952720165252686 32.090520143508911 25.283440113067627 41.81492018699646 27.228320121765137 32.090520143508911 31.118080139160156 24.311000108718872 33.062960147857666 23.338560104370117 28.200760126113892 24.311000108718872 34.035400152206421
leaf_count=42 26 26 27 35 29 42 38 33 26 43 28 33 32 25 34 24 29 25 35
internal_value=0.000632911 -0.000825083 -0.00283688 -0.0189655 0.000104822 0.0027845 -0.00133333 -0.00419847 0.000909091 0.00454545 -0.0105634 0.0137931 0.00666667 -0.00344828 0.0137168 0.00747126 0.0216981 -0.0316667 -0.0171875
internal_weight=614.582 589.299 548.456 84.6023 463.854 401.618 291.732 254.779 213.937 181.846 69.0432 112.803 87.5196 56.4015 109.886 84.6023 51.5393 58.3464 62.2362
internal_count=632 606 564 87 477 413 300 262 220 187 71 116 90 58 113 87 53 60 64
cat_boundaries=0 1
cat_threshold=1
is_linear=0
shrinkage=0.05


Tree=51
num_leaves=22
num_cat=0
split_feature=16 23 29 25 15 15 15 30 17 17 20 25 25 20 16 18 16 29 25 26 25
split_gain=17.9725 9.86372 12.0304 6.91143 14.8479 7.89039 10.5964 8.68988 16.016 11.023 6.36369 6.22362 6.62886 10.245 7.956 7.9037 7.02609 11.1521 5.11458 4.90975 3.9708
threshold=6204.3720300792684 0.077012471655328762 0.029288345284762502 1150.676785540373 319.24078968318992 436.95633997982583 664.54946455423681 0.17277712825950828 2.8118437500000941 382.20946861877502 0.034645185137722405 887.847048452065 278.29159369202745 0.069627766291154705 2388.6577103647569 0.6564471012308265 3260.5512359481181 0.019633814111766155 701.31460829820492 289.24435887002875 684.45979120189293
decision_type=2 2 2 2 2 2 2 2 2 2 2 2 2 2 2 2 2 2 2 2 2
left_child=1 -1 3 5 -5 7 18 9 -9 19 -10 12 13 -12 -15 16 -14 -18 -7 -3 -19
right_child=-2 2 -4 4 -6 6 -8 8 10 -11 11 -13 15 14 -16 -17 17 20 -20 -21 -22
leaf_value=1.7026121933727971 0.25203836953225306 0.21902558030863731 -0.42468007957455711 -0.28276805098421959 0.38209119015633886 -1.4200327671713524 0.014690904965031761 -2.0782091453503031 0.61124440399232827 -0.70079548047701223 -0.074642067660009206 -0.476262036612696 1.3916305126739481 0.99707392623715774 -0.25127501486162729 2.2621798830466702 -0.4268557126468519 0.077996989899259017 -0.36621607802373718 -0.43184746393317397 0.32751749436155397
leaf_weight=35.007840156555176 25.283440113067627 42.787360191345215 23.338560104370117 24.311000108718872 23.338560104370117 39.87004017829895 23.338560104370117 24.311000108718872 23.338560104370117 27.228320121765137 24.311000108718872 24.311000108718872 33.062960147857666 29.173200130462646 23.338560104370117 23.338560104370117 38.897600173950195 23.338560104370117 23.338560104370117 36.952720165252686 23.338560104370117
leaf_count=36 26 44 24 25 24 41 24 25 24 28 25 25 34 30 24 24 40 24 24 38 24
internal_value=0.00102686 -0.000741351 -0.00236427 -0.000822669 0.0173469 -0.00261044 -0.0162921 0.000366748 0.0048495 -0.0118182 0.00839416 0.006 0.00866667 -0.00316456 0.00925926 0.0150685 0.00983607 0.00227273 -0.0269231 -0.00243902 0.01875
internal_weight=615.555 590.271 555.263 531.925 47.6496 484.275 86.5472 397.728 290.76 106.968 266.449 243.11 218.799 76.8228 52.5118 141.976 118.638 85.5747 63.2086 79.7401 46.6771
internal_count=633 607 571 547 49 498 89 409 299 110 274 250 225 79 54 146 122 88 65 82 48
is_linear=0
shrinkage=0.05


Tree=52
num_leaves=20
num_cat=0
split_feature=16 16 24 11 29 14 26 14 14 28 21 25 14 21 12 26 29 30 29
split_gain=16.3682 9.78336 9.93156 9.13373 7.05253 11.6518 11.532 6.41048 9.53415 6.31185 7.77952 6.41169 5.33929 9.80565 13.2811 7.51893 12.3618 11.2126 5.60325
threshold=6204.3720300792684 1444.2748613275273 0.7554799697656841 1121.5130650510207 0.014709166593189252 3227.4608180724895 321.67120511895297 3024.0721859189821 2658.2910246930965 3.5000000000000004 0.90827124717329732 401.78767444428109 3304.0055441260329 0.91657358265348743 3337.7622548908103 787.5916709794343 0.023299963968767951 0.20781441319532765 0.019725019198225852
decision_type=2 2 2 2 2 2 2 2 2 2 2 2 2 2 2 2 2 2 2
left_child=1 -1 3 -3 5 6 -5 8 -6 10 -7 -11 -9 15 -15 16 17 18 -14
right_child=-2 2 -4 4 7 9 -8 12 -10 11 -12 -13 13 14 -16 -17 -18 -19 -20
leaf_value=0.40529578825688584 0.18186317673792407 -0.671793576507421 2.1107136954109977 2.8030727692747424 -0.037145899452540834 -0.34343174253479064 0.049379677631022557 0.076509413272929552 -0.90158873530930639 0.28404930384211297 0.33410265182599685 -0.86580465338198354 -1.2215929263659562 -0.26862964843500808 0.53155524865374704 0.24759454326360597 -1.3126169048305869 0.10951567403364777 -0.95267313582505586
leaf_weight=37.92516016960144 28.200760126113892 32.090520143508911 27.228320121765137 33.062960147857666 45.704680204391479 24.311000108718872 35.007840156555176 38.897600173950195 36.952720165252686 23.338560104370117 24.311000108718872 27.228320121765137 25.283440113067627 24.311000108718872 44.732240200042725 24.311000108718872 32.090520143508911 35.007840156555176 23.338560104370117
leaf_count=39 29 33 28 34 47 25 36 40 38 24 25 28 26 25 46 25 33 36 24
internal_value=-0.00101404 -0.00277778 -0.00445026 -0.0059633 -0.00429688 0.00406977 0.02 -0.00852941 -0.0205882 -0.00686275 0.006 -0.0192308 -0.0045098 -0.00767442 0.00774648 -0.0152778 -0.0205882 -0.0104651 -0.026
internal_weight=623.334 595.133 557.208 529.98 497.889 167.26 68.0708 330.63 82.6574 99.1889 48.622 50.5669 247.972 209.075 69.0432 140.031 115.72 83.6298 48.622
internal_count=641 612 573 545 512 172 70 340 85 102 50 52 255 215 71 144 119 86 50
is_linear=0
shrinkage=0.05


Tree=53
num_leaves=19
num_cat=1
split_feature=16 15 23 17 19 30 2 17 14 30 30 15 22 14 25 23 27 23
split_gain=16.1945 10.3929 16.991 10.1699 13.7057 15.6285 8.40045 8.67377 7.70003 12.4575 9.81708 7.471 7.19799 5.79106 10.0108 9.25289 5.46632 2.8112
threshold=6204.3720300792684 430.98193791721138 0.26961031973138511 400.09576492031198 0.7109268510507647 0.22525490786014155 0 5.3986656186241371 4022.2437277368176 0.20797607237339383 0.21138497526429473 252.08173472503103 0.021670336293218753 3227.4608180724895 308.5699289725672 0.55083144368858672 341.74145486888125 0.25119202118303646
decision_type=2 2 2 2 2 2 1 2 2 2 2 2 2 2 2 2 2 2
left_child=1 3 -3 6 -5 -6 7 -1 10 -10 13 -9 -4 14 15 -8 -12 -13
right_child=-2 2 12 4 5 -7 8 11 9 -11 16 17 -14 -15 -16 -17 -18 -19
leaf_value=-0.021217903372525628 0.23034329221874419 0.36082162970726417 -1.1098042075177248 -1.3549971623994965 0.60327110050560939 -1.8017379576117634 0.5310402546222236 0.01923113736499751 -0.16371146235545453 2.8252618386480739 -0.057948857726247388 0.098648012810741648 -0.66227124439073182 -0.11476415883032801 2.1452454182306901 -0.07337894815855997 -0.45359043862859427 0.94907752489792685
leaf_weight=25.283440113067627 27.228320121765137 35.007840156555176 29.173200130462646 43.75980019569397 27.228320121765137 27.228320121765137 24.311000108718872 24.311000108718872 38.897600173950195 30.145640134811401 28.200760126113892 23.338560104370117 39.87004017829895 37.92516016960144 25.283440113067627 41.81492018699646 39.87004017829895 39.87004017829895
leaf_count=26 28 36 30 45 28 28 25 25 40 31 29 24 41 39 26 43 41 41
internal_value=0.00159744 -0.000167224 -0.014486 0.00295316 -0.0113861 0.00535714 0.00666667 0.0181034 0.00182482 0.0161972 -0.00320197 0.0255556 -0.0288732 0.00488722 0.0117021 0.00147059 -0.0185714 0.0346154
internal_weight=608.747 581.519 104.051 477.468 98.2164 54.4566 379.252 112.803 266.449 69.0432 197.405 87.5196 69.0432 129.335 91.4094 66.1259 68.0708 63.2086
internal_count=626 598 107 491 101 56 390 116 274 71 203 90 71 133 94 68 70 65
cat_boundaries=0 1
cat_threshold=1
is_linear=0
shrinkage=0.05


end of trees

feature_importances:
tail_ms=111
nucleus_span_ms=86
tail_margin_ms=78
neighbor_boundary_gap_ms=78
file_voiced_ratio=62
blank_confidence=60
nucleus_end_ms=59
file_mean_energy=58
onset_ms=52
voiced_confidence=48
mel_window_silence_ratio=43
mel_window_voiced_ratio=43
prev_gap_ms=43
next_gap_ms=38
unvoiced_confidence=37
boundary_confidence=36
mel_window_energy_mean=33
voiced_onset_ms=31
file_row_count=27
voicebank_id=22
row_index_in_wav=2
nucleus_start_ms=2

parameters:
[boosting: gbdt]
[objective: regression_l1]
[metric: l1]
[tree_learner: serial]
[device_type: cpu]
[data_sample_strategy: bagging]
[data: ]
[valid: ]
[num_iterations: 450]
[learning_rate: 0.05]
[num_leaves: 31]
[num_threads: 0]
[seed: 0]
[deterministic: 0]
[force_col_wise: 0]
[force_row_wise: 0]
[histogram_pool_size: -1]
[max_depth: -1]
[min_data_in_leaf: 24]
[min_sum_hessian_in_leaf: 0.001]
[bagging_fraction: 0.85]
[pos_bagging_fraction: 1]
[neg_bagging_fraction: 1]
[bagging_freq: 1]
[bagging_seed: 3]
[bagging_by_query: 0]
[feature_fraction: 0.9]
[feature_fraction_bynode: 1]
[feature_fraction_seed: 2]
[extra_trees: 0]
[extra_seed: 6]
[early_stopping_round: 0]
[early_stopping_min_delta: 0]
[first_metric_only: 0]
[max_delta_step: 0]
[lambda_l1: 0]
[lambda_l2: 0]
[linear_lambda: 0]
[min_gain_to_split: 0]
[drop_rate: 0.1]
[max_drop: 50]
[skip_drop: 0.5]
[xgboost_dart_mode: 0]
[uniform_drop: 0]
[drop_seed: 4]
[top_rate: 0.2]
[other_rate: 0.1]
[min_data_per_group: 100]
[max_cat_threshold: 32]
[cat_l2: 10]
[cat_smooth: 10]
[max_cat_to_onehot: 4]
[top_k: 20]
[monotone_constraints: ]
[monotone_constraints_method: basic]
[monotone_penalty: 0]
[feature_contri: ]
[forcedsplits_filename: ]
[refit_decay_rate: 0.9]
[cegb_tradeoff: 1]
[cegb_penalty_split: 0]
[cegb_penalty_feature_lazy: ]
[cegb_penalty_feature_coupled: ]
[path_smooth: 0]
[interaction_constraints: ]
[verbosity: -1]
[saved_feature_importance_type: 0]
[use_quantized_grad: 0]
[num_grad_quant_bins: 4]
[quant_train_renew_leaf: 0]
[stochastic_rounding: 1]
[linear_tree: 0]
[max_bin: 255]
[max_bin_by_feature: ]
[min_data_in_bin: 3]
[bin_construct_sample_cnt: 200000]
[data_random_seed: 1]
[is_enable_sparse: 1]
[enable_bundle: 1]
[use_missing: 1]
[zero_as_missing: 0]
[feature_pre_filter: 1]
[pre_partition: 0]
[two_round: 0]
[header: 0]
[label_column: ]
[weight_column: ]
[group_column: ]
[ignore_column: ]
[categorical_feature: 0,1,2,3,4,7,8,9]
[forcedbins_filename: ]
[precise_float_parser: 0]
[parser_config_file: ]
[objective_seed: 5]
[num_class: 1]
[is_unbalance: 0]
[scale_pos_weight: 1]
[sigmoid: 1]
[boost_from_average: 1]
[reg_sqrt: 0]
[alpha: 0.9]
[fair_c: 1]
[poisson_max_delta_step: 0.7]
[tweedie_variance_power: 1.5]
[lambdarank_truncation_level: 30]
[lambdarank_norm: 1]
[label_gain: ]
[lambdarank_position_bias_regularization: 0]
[eval_at: ]
[multi_error_top_k: 1]
[auc_mu_weights: ]
[num_machines: 1]
[local_listen_port: 12400]
[time_out: 120]
[machine_list_filename: ]
[machines: ]
[gpu_platform_id: -1]
[gpu_device_id: -1]
[gpu_use_dp: 0]
[num_gpu: 1]

end of parameters

pandas_categorical:[["korean"], ["cvvc"], ["Achu_CVVC", "KII_kor_CVVC", "SONG_CMYK_CVVC", "So Yoon Spindrift_CVVC"], ["aayayawawa", "aeuiueuieeui", "angpangpingalpalpil", "anthanthinamthamthim", "bababyabyabwa", "bababyabyabwabwa", "bebebyebyebwe", "bebebyebyebwebwe", "beobeobyeobyeobweo", "beobeobyeobyeobweobweo", "beubeubeuibeuiilbi", "bibibwibeubeubi", "bibibwibwiinbi", "bobobyobyobyu", "bububyubyuumbu", "bwabwebwibweo", "chachachyachyachwa", "chachachyachyachwachwa", "chechechyechyechwe", "cheocheochyeochyeochweo", "cheocheochyeochyeochweochweo", "cheucheucheuicheuiilchi", "chichichwicheucheuchi", "chochochyochyochyu", "chuchuchyucheuicheui", "chuchuchyuchyuumchu", "chwachwechwichweo", "dadadyadyadwa", "dadadyadyadwadwa", "dededyedyedwedwe", "deodeodyeodyeodweodweo", "deudeudeuideuiildi", "dididwidwiindi", "dododyodyodyu", "dododyodyoongdo", "dududyudeuideui", "dwadwedwidweo", "eeyeyewewe", "eoeeoeeuer", "eoeoeueoaeua", "eoeoyeoyeoweoweo", "eueueeuieuo", "fafafyafyafwa", "feofeofyeofyeofweo", "fofofyofyofyu", "fufufyufeuifeui", "fwafwefwifweo", "gagagyagyagwa", "gagagyagyagwagwa", "geogeogyeogyeogweo", "geogeogyeogyeogweogweo", "geugeugeuigeuiilgi", "gigigwigwiingi", "gogogyogyogyu", "gugugyugyuumgu", "gwagwegwigweo", "hahahyahyahwa", "hahahyahyahwahwa", "heoheohyeohyeohweohweo", "heuheuheuiheuiilhi", "hihihwihwiinhi", "hohohyohyoongho", "huhuhyuheuiheui", "hwahwehwihweo", "iioiuieo", "jajajyajyajwa", "jejejyejyejwe", "jejejyejyejwejwe", "jeojeojyeojyeojweojweo", "jijijwijwiinji", "jjajjajjyajjyajjwa", "jjejjejjyejjyejjwe", "jjejjejjyejjyejjwejjwe", "jjeojjeojjyeojjyeojjweo", "jjeojjeojjyeojjyeojjweojjweo", "jjujjujjyujjeuijjeui", "jjujjujjyujjyuumjju", "jjwajjwejjwijjweo", "jojojyojyojyu", "jujujyujeuijeui", "jujujyujyuumju", "jwajwejwijweo", "kakakyakyakwa", "kakakyakyakwakwa", "kekekyekyekwekwe", "keokeokyeokyeokweo", "kikikwikeukeuki", "kikikwikwiinki", "kkakkakkyakkyakkwa", "kkakkakkyakkyakkwakkwa", "kkekkekkyekkyekkwe", "kkekkekkyekkyekkwekkwe", "kkeokkeokkyeokkyeokkweo", "kkeokkeokkyeokkyeokkweokkweo", "kkeukkeukkeuikkeuiilkki", "kkikkikkwikkwiinkki", "kkokkokkyokkyokkyu", "kkokkokkyokkyoongkko", "kkukkukkyukkeuikkeui", "kkukkukkyukkyuumkku", "kkwakkwekkwikkweo", "kokokyokyokyu", "kokokyokyoongko", "kukukyukeuikeui", "kwakwekwikweo", "lallalilli", "leulleuleuilleui", "lillillwilwi", "loluleol", "lullulelle", "lwellwelweollweo", "lweo", "lyalwalyelwe", "mamamyamyamwa", "mamamyamyamwamwa", "mamemim", "mememyemyemwe", "mememyemyemwemwe", "meomeomyeomyeomweo", "mmweo", "momomyomyomyu", "mumumyumeuimeui", "mwamwemwimweo", "nananyanyanwa", "nananyanyanwanwa", "nenenyenyenwenwe", "neoneonyeonyeonweonweo", "ngangenging", "ngeui", "ngngweo", "ngongungeong", "nininwinwiinni", "nonuneon", "nununyuneuineui", "nununyunyuumnu", "nwanwenwi", "nwanwenwinweo", "oeuieoeuieueui", "owaowiowe", "papapyapyapwa", "papapyapyapwapwa", "peopeopyeopyeopweo", "peopeopyeopyeopweopweo", "pepepyepyepwe", "pepepyepyepwepwe", "peupeupeuipeuiilpi", "pipipwipwiinpi", "popopyopyoongpo", "popopyopyopyu", "ppappappyappyappwa", "ppappappyappyappwappwa", "ppeoppeoppyeoppyeoppweo", "ppeppeppyeppyeppwe", "ppeppeppyeppyeppweppwe", "ppippippwippwiinppi", "ppoppoppyoppyoongppo", "ppuppuppyuppyuumppu", "ppwappweppwippweo", "pupupyupyuumpu", "pwapwepwipweo", "rararyaryarwa", "reoreoryeoryeorweo", "reoreoryeoryeorweorweo", "rereryeryerwe", "rereryeryerwerwe", "ririrwirwiinli", "rreorreorreurreu", "rrerrirrorru", "rururyureuireui", "rwarwerwirweo", "sasasyasyaswa", "seoseosyeosyeosweo", "seoseosyeosyeosweosweo", "sesesyesyesweswe", "sisiswiseuseusi", "sisiswiswiinsi", "sososyosyoongso", "sososyosyosyu", "ssassassyassyasswa", "ssassassyassyasswasswa", "sseosseossyeossyeossweo", "ssessessyessyesswe", "ssessessyessyesswesswe", "ssississwisseusseussi", "ssississwisswiinssi", "ssossossyossyoongsso", "ssossossyossyossyu", "ssussussyusseuisseui", "sswasswesswissweo", "sususyuseuiseui", "sususyusyuumsu", "swasweswisweo", "tatatyatyatwa", "tatatyatyatwatwa", "teoteotyeotyeotweo", "teoteotyeotyeotweotweo", "tetetyetyetwetwe", "thathathyathyathwa", "thethethyethyethwe", "thuthuthyutheuitheui", "thwathwethwithweo", "tititwiteuteuti", "tititwitwiinti", "tototyotyoongto", "tototyotyotyu", "ttattattyattyattwa", "ttattattyattyattwattwa", "tteotteottyeottyeottweo", "tteotteottyeottyeottweottweo", "ttettettyettyettwe", "ttettettyettyettwettwe", "ttittittwittwiintti", "ttottottyottyoongtto", "ttottottyottyottyu", "ttuttuttyutteuitteui", "ttwattwettwittweo", "twatwetwitweo", "uueoueuue", "uuyuyu", "uwauwiuwe", "uweooweoeuweo", "vevevyevyevwe", "vwavwevwivweo", "yayayeyaiyayu", "zazazyazyazwa", "zeozeozyeozyeozweo", "zezezyezyezwe", "zozozyozyozyu", "zwazwezwizweo"], ["'", "'am'tham'thim", "'bwa'bwa", "'bwe'", "'bweo", "'bwi'", "'bwi'bwi'", "'bya'bwa", "'bye'bye'", "'byeo'byeo'", "'byu", "'byu'byu'", "'cheui'cheui", "'cheui'cheui'", "'chwa'chwa", "'chwe'", "'chweo", "'chweo'chweo", "'chwi'", "'chya'chwa", "'chye'chwe", "'chyeo'chweo", "'chyu", "'chyu'chyu'", "'deui'deui", "'dwa'dwa", "'dwe'", "'dweo", "'dweo'dweo", "'dwi'", "'dwi'dwi'", "'dya'dwa", "'dye'dye'", "'dyeo'dyeo'", "'dyo'dyo'", "'dyu", "'e'eui", "'eu'eui", "'feui'feui", "'fwe'", "'fya'fwa", "'fyeo'fweo", "'gwa'gwa", "'gwe'", "'gweo", "'gweo'gweo", "'gwi'", "'gwi'gwi'", "'gya'gwa", "'gyo'", "'heui'heui", "'hwe'", "'hweo'hweo", "'hwi'", "'hwi'hwi'", "'hya'hwa", "'hya'hya'", "'il'bi", "'il'chi", "'il'di", "'il'gi", "'il'hi", "'in'bi", "'in'di", "'in'ji", "'jeui'jeui", "'jjeui'jjeui", "'jjweo", "'jjya'jjwa", "'jjye'jjwe", "'jjye'jjye'", "'jjyeo'jjweo", "'jjyeo'jjyeo'", "'jjyu'jjyu'", "'jwe'", "'jweo", "'jweo'jweo", "'jwi'", "'jya'jwa", "'jye'jwe", "'jye'jye'", "'jyeo'jyeo'", "'keu'keu'ki", "'keui'keui", "'kkeui'kkeui", "'kkeui'kkeui'", "'kkwa'kkwa", "'kkwe'", "'kkwe'kkwe", "'kkweo", "'kkwi'", "'kkwi'kkwi'", "'kkya'kkwa", "'kkya'kkya'", "'kkye'kkwe", "'kkye'kkye'", "'kkyeo'kkweo", "'kkyeo'kkyeo'", "'kkyo'kkyo'", "'kkyu'kkyu'", "'kwe'", "'kweo", "'kwi'", "'kwi'kwi'", "'kya'kwa", "'kya'kya'", "'kye'kye'", "'kyeo'kweo", "'kyo'", "'kyo'kyo'", "'leui'l'leui", "'lwa'", "'lwi", "'lye'", "'meui'meui", "'mwe'", "'mweo", "'mwi'", "'mya'mwa", "'mye'mwe", "'mye'mye'", "'myeo'mweo", "'neui'neui", "'nwa'nwa", "'nwe'", "'nwi'", "'nya'nwa", "'nye'nye'", "'nyeo'nyeo'", "'nyu'nyu'", "'o'weo'", "'o'wi'", "'ong'ho", "'peui'peui'", "'ppwe'", "'ppwe'ppwe", "'ppweo", "'ppwi'", "'ppwi'ppwi'", "'ppya'ppwa", "'ppye'ppwe", "'ppyu'ppyu'", "'pwa'pwa", "'pwe'", "'pwe'pwe", "'pweo", "'pwi'pwi'", "'pya'pwa", "'pya'pya'", "'pye'pwe", "'pyeo'pweo", "'pyo'pyo'", "'pyu", "'reui'reui", "'rreu'rreu", "'rwe'", "'rwi'", "'rya'rwa", "'ryeo'rweo", "'seu'seu'si", "'seui'seui", "'sseu'sseu'ssi", "'sseui'sseui", "'sswa'sswa", "'sswe'", "'ssweo", "'sswi'", "'sswi'sswi'", "'ssya'sswa", "'ssye'sswe", "'ssye'ssye'", "'ssyeo'ssweo", "'ssyo'ssyo'", "'ssyu", "'swe'", "'swe'swe", "'sweo'sweo", "'swi'swi'", "'sya'swa", "'syeo'sweo", "'syo'syo'", "'syu", "'syu'syu'", "'teu'teu'ti", "'theui'theui", "'thwe'", "'thya'thwa", "'thye'thwe", "'tteui'tteui", "'ttwa'ttwa", "'ttwe'", "'ttwe'ttwe", "'ttweo", "'ttwi'", "'ttwi'ttwi'", "'ttya'ttwa", "'ttya'ttya'", "'ttye'ttwe", "'ttye'ttye'", "'ttyeo'ttweo", "'ttyeo'ttyeo'", "'ttyo'ttyo'", "'twe'", "'tweo", "'tweo'tweo", "'tya'twa", "'tya'tya'", "'tye'tye'", "'tyeo'tweo", "'u'wi'", "'um'gu", "'vwe'", "'vwi'", "'vye'vwe", "'wa'wa", "'weo'weo", "'ya'ya'", "'yeo'yeo'", "'yu'yu", "'zya'zwa", "'zye'zwe", "'zyeo'zweo", "'zyo'", "ang'pang'ping'", "be'be'bye'", "beo'beo'byeo'", "bi'bi'bwi'", "bwa'", "chi'chi'chwi'", "cho'cho'chyo'", "chwa'", "dwa'", "e'e'", "e'o'e'eo'e'eu'e'r", "eo'eo'eu'eo'a'eu'a", "eu'eu'e'eu'i'eu'o", "fo'fo'fyo'", "fwa'", "geo'geo'gyeo'", "gwa'", "heo'heo'", "heu'heu'", "hwa'", "i'i'o'i'u'i'eo", "jje'jje'jjye'", "jjwa'", "jo'jo'jyo'", "ju'ju'", "kkeu'kkeu'", "kko'kko'kkyo'", "kkwa'", "ko'ko'kyo'", "kwa'", "l'o'l'u'l'eo'l", "lweo", "lya'", "m'a'm'e'm'i'm", "m'm'weo", "ma'ma'", "me'me'", "mo'mo'myo'", "mwa'", "n'o'n'u'n'eo'n", "n'wa'n'we'n'wi", "neo'neo'", "ng'a'ng'e'ng'i'ng", "ng'eui", "ng'ng'weo", "ng'o'ng'u'ng'eo'ng", "ni'ni'", "nu'nu'", "nwa'", "pa'pa'", "peo'peo'", "po'po'pyo'", "ppa'ppa'", "ppeo'ppeo'ppyeo'", "ppo'ppo'", "ppwa'", "pu'pu'", "pwa'", "re're'", "re're'rye'", "reo'reo'", "ri'ri'", "rre'", "rreo'rreo'", "rwa'", "ssa'ssa'", "ssa'ssa'ssya'", "sso'sso'", "sso'sso'ssyo'", "swa'", "ta'ta'", "teo'teo'", "ti'ti'", "to'to'", "to'to'tyo'", "tto'tto'ttyo'", "ttwa'", "u'u'eo'u'eu'u'e", "vwa'", "ya'ya'ye'ya'i'ya'yu", "zwa'"], ["textgrid"], ["textgrid+audio_fused"], ["filename"]]
