voicebank_id,wav,alias,wav_norm,alias_norm,occurrence_index,line_index,source_oto_id,source_row_id,selector_group_id,selector_rank_label,selector_is_best,selector_quality_score,selector_error_weighted,selector_error_offset,selector_error_cons,selector_error_cutoff,selector_error_pre,selector_error_ovl,language,format_type,alias_type,alias_group,candidate_mode,candidate_index,mapping_confidence,jump_blocked_flag,used_alias_based_syllables,used_nuclei_fallback,words_vs_alias_score_margin,wav_duration_ms,expected_anchor_ms,base_offset_to_expected_ms,base_pre_to_expected_ms,base_cutoff_to_next_anchor_ms,prev_phone_gap_ms,next_phone_gap_ms,energy_mean,db_silence_ratio,local_peak_db,local_valley_db,mel_window_energy_mean,mel_window_silence_ratio,coda_type,vowel_class,bridge_type,mora_position,onset_class,voicing_class,mapping_reason_code,prev_alias_type,next_alias_type,cand_offset,cand_cons,cand_cutoff_abs,cand_pre,cand_ovl,cand_pre_abs,cand_cons_gap,cand_cut_gap,cand_ovl_ratio,cand_offset_to_expected_ms,cand_pre_to_expected_ms,cand_cutoff_to_next_anchor_ms,cand_delta_from_base_total,cand_delta_from_base_anchor,cand_overlap_margin,cand_pre_cons_margin,cand_leak_risk
Achu_CVVC,_an'fan'fin'-'am'fam'fim.wav,n f,anfanfinamfamfim,n f,0,20,f61952d9d341e1af,f61952d9d341e1af:20,Achu_CVVC|f61952d9d341e1af:20,7,1,-668.8488500000002,668.8488500000002,237.31799999999998,51.20200000000003,295.99000000000024,39.358000000000004,9.323,korean,cvvc,vc,vc_other,base,0.0,0.8275234792822297,0.0,1.0,0.0,235.56300000000002,5905.714285714285,1190.0,-44.36999999999989,55.22000000000003,-35.210000000000036,0.0,0.0,0.605619408206909,0.0,-30.113301988791005,-35.23521808537525,0.605619408206909,0.0,other,,vc,head,other,unknown,unknown,,,1145.63,133.14,1328.77,99.59,51.4,1245.22,33.54999999999998,1195.63,0.516116075911236,-44.36999999999989,55.22000000000003,-58.76999999999998,23.559999999999945,0.0,48.190000000000005,33.54999999999998,58.76999999999998
Achu_CVVC,_an'fan'fin'-'am'fam'fim.wav,n f,anfanfinamfamfim,n f,0,20,f61952d9d341e1af,f61952d9d341e1af:20,Achu_CVVC|f61952d9d341e1af:20,6,0,-671.0398300000002,671.0398300000002,237.31799999999998,51.20200000000003,295.99000000000024,41.3498,9.323,korean,cvvc,vc,vc_other,next_safe,3.0,0.8275234792822297,0.0,1.0,0.0,235.56300000000002,5905.714285714285,1190.0,-44.36999999999989,55.22000000000003,-35.210000000000036,0.0,0.0,0.605619408206909,0.0,-30.113301988791005,-35.23521808537525,0.605619408206909,0.0,other,,vc,head,other,unknown,unknown,,,1145.63,133.14,1328.77,97.5982,51.4,1243.2282,35.54179999999998,1195.63,0.5266490570522817,-44.36999999999989,53.228200000000015,-58.76999999999998,25.551799999999943,1.991800000000012,46.19820000000001,35.54179999999998,58.76999999999998
Achu_CVVC,_an'fan'fin'-'am'fam'fim.wav,n f,anfanfinamfamfim,n f,0,20,f61952d9d341e1af,f61952d9d341e1af:20,Achu_CVVC|f61952d9d341e1af:20,5,0,-672.6988500000002,672.6988500000002,237.31799999999998,51.20200000000003,295.99000000000024,42.858000000000004,9.323,korean,cvvc,vc,vc_other,anchor_soft,1.0,0.8275234792822297,0.0,1.0,0.0,235.56300000000002,5905.714285714285,1190.0,-44.36999999999989,55.22000000000003,-35.210000000000036,0.0,0.0,0.605619408206909,0.0,-30.113301988791005,-35.23521808537525,0.605619408206909,0.0,other,,vc,head,other,unknown,unknown,,,1145.63,133.14,1328.77,96.09,51.4,1241.72,37.04999999999998,1195.63,0.5349151836819648,-44.36999999999989,51.72000000000003,-58.76999999999998,27.059999999999945,3.5,44.690000000000005,37.04999999999998,58.76999999999998
Achu_CVVC,_an'fan'fin'-'am'fam'fim.wav,n f,anfanfinamfamfim,n f,0,20,f61952d9d341e1af,f61952d9d341e1af:20,Achu_CVVC|f61952d9d341e1af:20,4,0,-679.7388500000002,679.7388500000002,237.31799999999998,51.20200000000003,295.99000000000024,49.25800000000001,9.323,korean,cvvc,vc,vc_other,anchor_tight,2.0,0.8275234792822297,0.0,1.0,0.0,235.56300000000002,5905.714285714285,1190.0,-44.36999999999989,55.22000000000003,-35.210000000000036,0.0,0.0,0.605619408206909,0.0,-30.113301988791005,-35.23521808537525,0.605619408206909,0.0,other,,vc,head,other,unknown,unknown,,,1145.63,133.14,1328.77,89.69,51.4,1235.3200000000002,43.44999999999999,1195.63,0.5730850707994202,-44.36999999999989,45.320000000000164,-58.76999999999998,33.45999999999995,9.899999999999864,38.29,43.44999999999999,58.76999999999998
Achu_CVVC,_an'fan'fin'-'am'fam'fim.wav,n f,anfanfinamfamfim,n f,0,20,f61952d9d341e1af,f61952d9d341e1af:20,Achu_CVVC|f61952d9d341e1af:20,3,0,-716.5158500000003,716.5158500000003,237.31799999999998,43.20200000000003,334.7600000000002,39.358000000000004,48.513000000000005,korean,cvvc,vc,vc_other,kr_cvvc_bridge_wide,6.0,0.8275234792822297,0.0,1.0,0.0,235.56300000000002,5905.714285714285,1190.0,-44.36999999999989,55.22000000000003,-35.210000000000036,0.0,0.0,0.605619408206909,0.0,-30.113301988791005,-35.23521808537525,0.605619408206909,0.0,other,,vc,head,other,unknown,unknown,,,1145.63,141.14,1290.0,99.59,90.59,1245.22,41.54999999999998,1148.8600000000001,0.9096294808715735,-44.36999999999989,55.22000000000003,-20.0,62.40000000000004,0.0,9.0,41.54999999999998,20.0
Achu_CVVC,_an'fan'fin'-'am'fam'fim.wav,n f,anfanfinamfamfim,n f,0,20,f61952d9d341e1af,f61952d9d341e1af:20,Achu_CVVC|f61952d9d341e1af:20,2,0,-725.3658500000003,725.3658500000003,237.31799999999998,50.20200000000003,338.7600000000002,39.358000000000004,46.513000000000005,korean,cvvc,vc,vc_other,kr_cvvc_bridge_tight,5.0,0.8275234792822297,0.0,1.0,0.0,235.56300000000002,5905.714285714285,1190.0,-44.36999999999989,55.22000000000003,-35.210000000000036,0.0,0.0,0.605619408206909,0.0,-30.113301988791005,-35.23521808537525,0.605619408206909,0.0,other,,vc,head,other,unknown,unknown,,,1145.63,134.14,1286.0,99.59,88.59,1245.22,34.54999999999998,1151.8600000000001,0.8895471432874786,-44.36999999999989,55.22000000000003,-16.0,57.40000000000004,0.0,11.0,34.54999999999998,16.0
Achu_CVVC,_an'fan'fin'-'am'fam'fim.wav,n f,anfanfinamfamfim,n f,0,20,f61952d9d341e1af,f61952d9d341e1af:20,Achu_CVVC|f61952d9d341e1af:20,1,0,-731.5333500000003,731.5333500000003,237.31799999999998,50.75200000000001,344.7600000000002,39.358000000000004,46.513000000000005,korean,cvvc,vc,vc_other,bridge_tight,4.0,0.8275234792822297,0.0,1.0,0.0,235.56300000000002,5905.714285714285,1190.0,-44.36999999999989,55.22000000000003,-35.210000000000036,0.0,0.0,0.605619408206909,0.0,-30.113301988791005,-35.23521808537525,0.605619408206909,0.0,other,,vc,head,other,unknown,unknown,,,1145.63,133.59,1280.0,99.59,88.59,1245.22,34.0,1146.41,0.8895471432874786,-44.36999999999989,55.22000000000003,-10.0,62.85000000000006,0.0,11.0,34.0,10.0
Achu_CVVC,_an'fan'fin'-'am'fam'fim.wav,n fy,anfanfinamfamfim,n fy,0,21,f61952d9d341e1af,f61952d9d341e1af:21,Achu_CVVC|f61952d9d341e1af:21,7,1,-1758.6004500000001,1758.6004500000001,772.8589999999999,39.215999999999994,750.21,33.846999999999994,20.581999999999997,korean,cvvc,vc,vc_other,anchor_tight,2.0,0.8473419665598203,0.0,1.0,0.0,235.619,5905.714285714285,1190.0,-43.809999999999945,51.63000000000011,-31.62000000000012,0.0,0.0,0.6441888963674359,0.0,-29.527860176490105,-35.23521808537525,0.6441888963674359,0.0,other,,vc,mid,other,unknown,unknown,vc,,1146.19,128.98,1325.17,85.53999999999999,45.41,1231.73,43.44,1196.19,0.5308627542670096,-43.809999999999945,41.73000000000002,-55.17000000000007,33.44999999999996,9.900000000000091,40.129999999999995,43.44,55.17000000000007
Achu_CVVC,_an'fan'fin'-'am'fam'fim.wav,n fy,anfanfinamfamfim,n fy,0,21,f61952d9d341e1af,f61952d9d341e1af:21,Achu_CVVC|f61952d9d341e1af:21,6,0,-1767.3907700000002,1767.3907700000002,772.8589999999999,39.215999999999994,750.21,41.8382,20.581999999999997,korean,cvvc,vc,vc_other,next_safe,3.0,0.8473419665598203,0.0,1.0,0.0,235.619,5905.714285714285,1190.0,-43.809999999999945,51.63000000000011,-31.62000000000012,0.0,0.0,0.6441888963674359,0.0,-29.527860176490105,-35.23521808537525,0.6441888963674359,0.0,other,,vc,mid,other,unknown,unknown,vc,,1146.19,128.98,1325.17,93.5312,45.41,1239.7212,35.44879999999999,1196.19,0.48550644063157533,-43.809999999999945,49.72119999999995,-55.17000000000007,25.458799999999954,1.9088000000001557,48.1212,35.44879999999999,55.17000000000007
Achu_CVVC,_an'fan'fin'-'am'fam'fim.wav,n fy,anfanfinamfamfim,n fy,0,21,f61952d9d341e1af,f61952d9d341e1af:21,Achu_CVVC|f61952d9d341e1af:21,5,0,-1811.40195,1811.40195,772.8589999999999,39.215999999999994,798.3800000000001,40.247,20.581999999999997,korean,cvvc,vc,vc_other,anchor_soft,1.0,0.8473419665598203,0.0,1.0,0.0,235.619,5905.714285714285,1190.0,-43.809999999999945,51.63000000000011,-31.62000000000012,0.0,0.0,0.6441888963674359,0.0,-29.527860176490105,-35.23521808537525,0.6441888963674359,0.0,other,,vc,mid,other,unknown,unknown,vc,,1146.19,128.98,1277.0,91.94,45.41,1238.13,37.03999999999999,1148.02,0.4939090711333478,-43.809999999999945,48.13000000000011,-7.0,28.12000000000012,3.5,46.53,37.03999999999999,7.0
Achu_CVVC,_an'fan'fin'-'am'fam'fim.wav,n fy,anfanfinamfamfim,n fy,0,21,f61952d9d341e1af,f61952d9d341e1af:21,Achu_CVVC|f61952d9d341e1af:21,4,0,-1814.3019499999998,1814.3019499999998,772.8589999999999,39.215999999999994,797.3800000000001,43.747,20.581999999999997,korean,cvvc,vc,vc_other,base,0.0,0.8473419665598203,0.0,1.0,0.0,235.619,5905.714285714285,1190.0,-43.809999999999945,51.63000000000011,-31.62000000000012,0.0,0.0,0.6441888963674359,0.0,-29.527860176490105,-35.23521808537525,0.6441888963674359,0.0,other,,vc,mid,other,unknown,unknown,vc,,1146.19,128.98,1278.0,95.44,45.41,1241.63,33.53999999999999,1149.02,0.47579631181894383,-43.809999999999945,51.63000000000011,-8.0,23.62000000000012,0.0,50.03,33.53999999999999,8.0
Achu_CVVC,_an'fan'fin'-'am'fam'fim.wav,n fy,anfanfinamfamfim,n fy,0,21,f61952d9d341e1af,f61952d9d341e1af:21,Achu_CVVC|f61952d9d341e1af:21,3,0,-1825.1154499999998,1825.1154499999998,772.8589999999999,40.215999999999994,789.3800000000001,43.747,59.611999999999995,korean,cvvc,vc,vc_other,kr_cvvc_bridge_tight,5.0,0.8473419665598203,0.0,1.0,0.0,235.619,5905.714285714285,1190.0,-43.809999999999945,51.63000000000011,-31.62000000000012,0.0,0.0,0.6441888963674359,0.0,-29.527860176490105,-35.23521808537525,0.6441888963674359,0.0,other,,vc,mid,other,unknown,unknown,vc,,1146.19,129.98,1286.0,95.44,84.44,1241.63,34.53999999999999,1156.02,0.8847443419949707,-43.809999999999945,51.63000000000011,-16.0,55.65000000000012,0.0,11.0,34.53999999999999,16.0
Achu_CVVC,_an'fan'fin'-'am'fam'fim.wav,n fy,anfanfinamfamfim,n fy,0,21,f61952d9d341e1af,f61952d9d341e1af:21,Achu_CVVC|f61952d9d341e1af:21,2,0,-1828.16545,1828.16545,772.8589999999999,47.215999999999994,785.3800000000001,43.747,61.611999999999995,korean,cvvc,vc,vc_other,kr_cvvc_bridge_wide,6.0,0.8473419665598203,0.0,1.0,0.0,235.619,5905.714285714285,1190.0,-43.809999999999945,51.63000000000011,-31.62000000000012,0.0,0.0,0.6441888963674359,0.0,-29.527860176490105,-35.23521808537525,0.6441888963674359,0.0,other,,vc,mid,other,unknown,unknown,vc,,1146.19,136.98,1290.0,95.44,86.44,1241.63,41.53999999999999,1153.02,0.9056999161777033,-43.809999999999945,51.63000000000011,-20.0,60.65000000000012,0.0,9.0,41.53999999999999,20.0
Achu_CVVC,_an'fan'fin'-'am'fam'fim.wav,n fy,anfanfinamfamfim,n fy,0,21,f61952d9d341e1af,f61952d9d341e1af:21,Achu_CVVC|f61952d9d341e1af:21,1,0,-1830.3564499999998,1830.3564499999998,772.8589999999999,39.676,795.3800000000001,43.747,59.611999999999995,korean,cvvc,vc,vc_other,bridge_tight,4.0,0.8473419665598203,0.0,1.0,0.0,235.619,5905.714285714285,1190.0,-43.809999999999945,51.63000000000011,-31.62000000000012,0.0,0.0,0.6441888963674359,0.0,-29.527860176490105,-35.23521808537525,0.6441888963674359,0.0,other,,vc,mid,other,unknown,unknown,vc,,1146.19,129.44,1280.0,95.44,84.44,1241.63,34.0,1150.56,0.8847443419949707,-43.809999999999945,51.63000000000011,-10.0,61.11000000000013,0.0,11.0,34.0,10.0
Achu_CVVC,_an'van'vin'-'am'vam'vim.wav,n v,anvanvinamvamvim,n v,0,88,f61952d9d341e1af,f61952d9d341e1af:88,Achu_CVVC|f61952d9d341e1af:88,7,1,-583.4360999999999,583.4360999999999,156.03099999999995,66.40199999999999,298.403,31.692000000000007,30.24799999999999,korean,cvvc,vc,vc_other,kr_cvvc_bridge_wide,6.0,0.829120636124189,0.0,1.0,0.0,22.217000000000006,5905.714285714285,1220.0,-77.82999999999993,23.49000000000001,106.51999999999998,0.0,0.0,0.6881294381649626,0.0,-27.083515453667427,-29.16272236012295,0.6881294381649626,0.0,other,,vc,head,other,unknown,unknown,,,1142.17,142.87,1315.48,101.32,92.32,1243.49,41.55000000000001,1172.6100000000001,0.9111725227003553,-77.82999999999993,23.49000000000001,94.51999999999998,58.61999999999999,0.0,9.0,41.55000000000001,0.0
Achu_CVVC,_an'van'vin'-'am'vam'vim.wav,n v,anvanvinamvamvim,n v,0,88,f61952d9d341e1af,f61952d9d341e1af:88,Achu_CVVC|f61952d9d341e1af:88,6,0,-591.7918999999999,591.7918999999999,156.03099999999995,74.40199999999999,310.403,31.692000000000007,8.372,korean,cvvc,vc,vc_other,base,0.0,0.829120636124189,0.0,1.0,0.0,22.217000000000006,5905.714285714285,1220.0,-77.82999999999993,23.49000000000001,106.51999999999998,0.0,0.0,0.6881294381649626,0.0,-27.083515453667427,-29.16272236012295,0.6881294381649626,0.0,other,,vc,head,other,unknown,unknown,,,1142.17,134.87,1303.48,101.32,53.7,1243.49,33.55000000000001,1168.6100000000001,0.5300039478878801,-77.82999999999993,23.49000000000001,106.51999999999998,0.0,0.0,47.61999999999999,33.55000000000001,0.0
Achu_CVVC,_an'van'vin'-'am'vam'vim.wav,n v,anvanvinamvamvim,n v,0,88,f61952d9d341e1af,f61952d9d341e1af:88,Achu_CVVC|f61952d9d341e1af:88,5,0,-594.0209399999999,594.0209399999999,156.03099999999995,74.40199999999999,310.403,33.7184,8.372,korean,cvvc,vc,vc_other,next_safe,3.0,0.829120636124189,0.0,1.0,0.0,22.217000000000006,5905.714285714285,1220.0,-77.82999999999993,23.49000000000001,106.51999999999998,0.0,0.0,0.6881294381649626,0.0,-27.083515453667427,-29.16272236012295,0.6881294381649626,0.0,other,,vc,head,other,unknown,unknown,,,1142.17,134.87,1303.48,99.2936,53.7,1241.4636,35.57640000000001,1168.6100000000001,0.5408203549876327,-77.82999999999993,21.463600000000042,106.51999999999998,2.0263999999999953,2.026399999999967,45.593599999999995,35.57640000000001,0.0
Achu_CVVC,_an'van'vin'-'am'vam'vim.wav,n v,anvanvinamvamvim,n v,0,88,f61952d9d341e1af,f61952d9d341e1af:88,Achu_CVVC|f61952d9d341e1af:88,4,0,-595.6418999999999,595.6418999999999,156.03099999999995,74.40199999999999,310.403,35.19200000000001,8.372,korean,cvvc,vc,vc_other,anchor_soft,1.0,0.829120636124189,0.0,1.0,0.0,22.217000000000006,5905.714285714285,1220.0,-77.82999999999993,23.49000000000001,106.51999999999998,0.0,0.0,0.6881294381649626,0.0,-27.083515453667427,-29.16272236012295,0.6881294381649626,0.0,other,,vc,head,other,unknown,unknown,,,1142.17,134.87,1303.48,97.82,53.7,1239.99,37.05000000000001,1168.6100000000001,0.5489674913105705,-77.82999999999993,19.99000000000001,106.51999999999998,3.5,3.5,44.11999999999999,37.05000000000001,0.0
Achu_CVVC,_an'van'vin'-'am'vam'vim.wav,n v,anvanvinamvamvim,n v,0,88,f61952d9d341e1af,f61952d9d341e1af:88,Achu_CVVC|f61952d9d341e1af:88,3,0,-597.9861,597.9861,156.03099999999995,73.40199999999999,308.403,31.692000000000007,28.24799999999999,korean,cvvc,vc,vc_other,kr_cvvc_bridge_tight,5.0,0.829120636124189,0.0,1.0,0.0,22.217000000000006,5905.714285714285,1220.0,-77.82999999999993,23.49000000000001,106.51999999999998,0.0,0.0,0.6881294381649626,0.0,-27.083515453667427,-29.16272236012295,0.6881294381649626,0.0,other,,vc,head,other,unknown,unknown,,,1142.17,135.87,1305.48,101.32,90.32,1243.49,34.55000000000001,1169.6100000000001,0.8914330833004342,-77.82999999999993,23.49000000000001,104.51999999999998,39.61999999999999,0.0,11.0,34.55000000000001,0.0
Achu_CVVC,_an'van'vin'-'am'vam'vim.wav,n v,anvanvinamvamvim,n v,0,88,f61952d9d341e1af,f61952d9d341e1af:88,Achu_CVVC|f61952d9d341e1af:88,2,0,-600.3536,600.3536,156.03099999999995,73.952,310.403,31.692000000000007,28.24799999999999,korean,cvvc,vc,vc_other,bridge_tight,4.0,0.829120636124189,0.0,1.0,0.0,22.217000000000006,5905.714285714285,1220.0,-77.82999999999993,23.49000000000001,106.51999999999998,0.0,0.0,0.6881294381649626,0.0,-27.083515453667427,-29.16272236012295,0.6881294381649626,0.0,other,,vc,head,other,unknown,unknown,,,1142.17,135.32,1303.48,101.32,90.32,1243.49,34.0,1168.16,0.8914330833004342,-77.82999999999993,23.49000000000001,106.51999999999998,37.06999999999998,0.0,11.0,34.0,0.0
Achu_CVVC,_an'van'vin'-'am'vam'vim.wav,n v,anvanvinamvamvim,n v,0,88,f61952d9d341e1af,f61952d9d341e1af:88,Achu_CVVC|f61952d9d341e1af:88,1,0,-602.6818999999999,602.6818999999999,156.03099999999995,74.40199999999999,310.403,41.59200000000001,8.372,korean,cvvc,vc,vc_other,anchor_tight,2.0,0.829120636124189,0.0,1.0,0.0,22.217000000000006,5905.714285714285,1220.0,-77.82999999999993,23.49000000000001,106.51999999999998,0.0,0.0,0.6881294381649626,0.0,-27.083515453667427,-29.16272236012295,0.6881294381649626,0.0,other,,vc,head,other,unknown,unknown,,,1142.17,134.87,1303.48,91.41999999999999,53.7,1233.5900000000001,43.45000000000002,1168.6100000000001,0.5873988186392476,-77.82999999999993,13.590000000000146,106.51999999999998,9.900000000000006,9.899999999999864,37.719999999999985,43.45000000000002,0.0
Achu_CVVC,_an'van'vin'-'am'vam'vim.wav,n vy,anvanvinamvamvim,n vy,0,89,f61952d9d341e1af,f61952d9d341e1af:89,Achu_CVVC|f61952d9d341e1af:89,7,1,-1746.9387999999994,1746.9387999999994,679.3319999999999,74.05599999999998,788.5579999999998,65.938,29.254000000000005,korean,cvvc,vc,vc_other,kr_cvvc_bridge_wide,6.0,0.822505251508804,0.0,1.0,0.0,22.194000000000006,5905.714285714285,1220.0,-78.05999999999995,24.980000000000018,105.02999999999997,0.0,0.0,0.6881294381649626,0.0,-27.083515453667427,-29.16272236012295,0.6881294381649626,0.0,other,,vc,mid,other,unknown,unknown,vc,,1141.94,144.58,1316.97,103.04,94.04,1244.98,41.540000000000006,1172.39,0.9126552795031055,-78.05999999999995,24.980000000000018,93.02999999999997,58.150000000000006,0.0,9.0,41.540000000000006,0.0
Achu_CVVC,_an'van'vin'-'am'vam'vim.wav,n vy,anvanvinamvamvim,n vy,0,89,f61952d9d341e1af,f61952d9d341e1af:89,Achu_CVVC|f61952d9d341e1af:89,6,0,-1755.9776999999997,1755.9776999999997,679.3319999999999,82.05599999999998,800.5579999999998,65.938,8.896,korean,cvvc,vc,vc_other,base,0.0,0.822505251508804,0.0,1.0,0.0,22.194000000000006,5905.714285714285,1220.0,-78.05999999999995,24.980000000000018,105.02999999999997,0.0,0.0,0.6881294381649626,0.0,-27.083515453667427,-29.16272236012295,0.6881294381649626,0.0,other,,vc,mid,other,unknown,unknown,vc,,1141.94,136.58,1304.97,103.04,55.89,1244.98,33.540000000000006,1168.39,0.5424107142857143,-78.05999999999995,24.980000000000018,105.02999999999997,0.0,0.0,47.150000000000006,33.540000000000006,0.0
Achu_CVVC,_an'van'vin'-'am'vam'vim.wav,n vy,anvanvinamvamvim,n vy,0,89,f61952d9d341e1af,f61952d9d341e1af:89,Achu_CVVC|f61952d9d341e1af:89,5,0,-1758.2445799999998,1758.2445799999998,679.3319999999999,82.05599999999998,800.5579999999998,67.9988,8.896,korean,cvvc,vc,vc_other,next_safe,3.0,0.822505251508804,0.0,1.0,0.0,22.194000000000006,5905.714285714285,1220.0,-78.05999999999995,24.980000000000018,105.02999999999997,0.0,0.0,0.6881294381649626,0.0,-27.083515453667427,-29.16272236012295,0.6881294381649626,0.0,other,,vc,mid,other,unknown,unknown,vc,,1141.94,136.58,1304.97,100.9792,55.89,1242.9192,35.60080000000001,1168.39,0.5534803206997084,-78.05999999999995,22.919200000000046,105.02999999999997,2.0608000000000004,2.060799999999972,45.089200000000005,35.60080000000001,0.0
Achu_CVVC,_an'van'vin'-'am'vam'vim.wav,n vy,anvanvinamvamvim,n vy,0,89,f61952d9d341e1af,f61952d9d341e1af:89,Achu_CVVC|f61952d9d341e1af:89,4,0,-1759.8276999999998,1759.8276999999998,679.3319999999999,82.05599999999998,800.5579999999998,69.438,8.896,korean,cvvc,vc,vc_other,anchor_soft,1.0,0.822505251508804,0.0,1.0,0.0,22.194000000000006,5905.714285714285,1220.0,-78.05999999999995,24.980000000000018,105.02999999999997,0.0,0.0,0.6881294381649626,0.0,-27.083515453667427,-29.16272236012295,0.6881294381649626,0.0,other,,vc,mid,other,unknown,unknown,vc,,1141.94,136.58,1304.97,99.54,55.89,1241.48,37.040000000000006,1168.39,0.5614828209764918,-78.05999999999995,21.480000000000018,105.02999999999997,3.5,3.5,43.650000000000006,37.040000000000006,0.0
Achu_CVVC,_an'van'vin'-'am'vam'vim.wav,n vy,anvanvinamvamvim,n vy,0,89,f61952d9d341e1af,f61952d9d341e1af:89,Achu_CVVC|f61952d9d341e1af:89,3,0,-1761.4887999999996,1761.4887999999996,679.3319999999999,81.05599999999998,798.5579999999998,65.938,27.254000000000005,korean,cvvc,vc,vc_other,kr_cvvc_bridge_tight,5.0,0.822505251508804,0.0,1.0,0.0,22.194000000000006,5905.714285714285,1220.0,-78.05999999999995,24.980000000000018,105.02999999999997,0.0,0.0,0.6881294381649626,0.0,-27.083515453667427,-29.16272236012295,0.6881294381649626,0.0,other,,vc,mid,other,unknown,unknown,vc,,1141.94,137.58,1306.97,103.04,92.04,1244.98,34.540000000000006,1169.39,0.8932453416149069,-78.05999999999995,24.980000000000018,103.02999999999997,39.150000000000006,0.0,11.0,34.540000000000006,0.0
Achu_CVVC,_an'van'vin'-'am'vam'vim.wav,n vy,anvanvinamvamvim,n vy,0,89,f61952d9d341e1af,f61952d9d341e1af:89,Achu_CVVC|f61952d9d341e1af:89,2,0,-1763.8477999999996,1763.8477999999996,679.3319999999999,81.59599999999998,800.5579999999998,65.938,27.254000000000005,korean,cvvc,vc,vc_other,bridge_tight,4.0,0.822505251508804,0.0,1.0,0.0,22.194000000000006,5905.714285714285,1220.0,-78.05999999999995,24.980000000000018,105.02999999999997,0.0,0.0,0.6881294381649626,0.0,-27.083515453667427,-29.16272236012295,0.6881294381649626,0.0,other,,vc,mid,other,unknown,unknown,vc,,1141.94,137.04000000000002,1304.97,103.04,92.04,1244.98,34.000000000000014,1167.93,0.8932453416149069,-78.05999999999995,24.980000000000018,105.02999999999997,36.610000000000014,0.0,11.0,34.000000000000014,0.0
Achu_CVVC,_an'van'vin'-'am'vam'vim.wav,n vy,anvanvinamvamvim,n vy,0,89,f61952d9d341e1af,f61952d9d341e1af:89,Achu_CVVC|f61952d9d341e1af:89,1,0,-1766.8676999999998,1766.8676999999998,679.3319999999999,82.05599999999998,800.5579999999998,75.83800000000001,8.896,korean,cvvc,vc,vc_other,anchor_tight,2.0,0.822505251508804,0.0,1.0,0.0,22.194000000000006,5905.714285714285,1220.0,-78.05999999999995,24.980000000000018,105.02999999999997,0.0,0.0,0.6881294381649626,0.0,-27.083515453667427,-29.16272236012295,0.6881294381649626,0.0,other,,vc,mid,other,unknown,unknown,vc,,1141.94,136.58,1304.97,93.14,55.89,1235.0800000000002,43.44000000000001,1168.39,0.6000644191539618,-78.05999999999995,15.080000000000155,105.02999999999997,9.900000000000006,9.899999999999864,37.25,43.44000000000001,0.0
Achu_CVVC,_ang'vang'ving'-'al'val'vil.wav,ng v,angvangvingalvalvil,ng v,0,176,f61952d9d341e1af,f61952d9d341e1af:176,Achu_CVVC|f61952d9d341e1af:176,7,1,-516.4114999999997,516.4114999999997,107.11899999999991,91.97800000000001,190.01999999999975,106.13200000000002,15.704999999999998,korean,cvvc,vc,vc_other,kr_cvvc_bridge_wide,6.0,0.8261944126287261,0.0,1.0,0.0,22.343000000000007,5936.961451247165,1290.0,-76.56999999999994,27.420000000000073,112.58999999999992,0.0,0.0,0.7615595109026452,0.0,-24.993302344784432,-26.128012205830014,0.7615595109026452,0.0,other,,vc,head,other,unknown,unknown,,,1213.43,145.53,1389.41,103.99,94.99,1317.42,41.540000000000006,1243.88,0.9134532166554477,-76.56999999999994,27.420000000000073,100.58999999999992,57.92999999999999,0.0,9.0,41.540000000000006,0.0
Achu_CVVC,_ang'vang'ving'-'al'val'vil.wav,ng v,angvangvingalvalvil,ng v,0,176,f61952d9d341e1af,f61952d9d341e1af:176,Achu_CVVC|f61952d9d341e1af:176,6,0,-530.9614999999997,530.9614999999997,107.11899999999991,98.97800000000001,200.01999999999975,106.13200000000002,13.704999999999998,korean,cvvc,vc,vc_other,kr_cvvc_bridge_tight,5.0,0.8261944126287261,0.0,1.0,0.0,22.343000000000007,5936.961451247165,1290.0,-76.56999999999994,27.420000000000073,112.58999999999992,0.0,0.0,0.7615595109026452,0.0,-24.993302344784432,-26.128012205830014,0.7615595109026452,0.0,other,,vc,head,other,unknown,unknown,,,1213.43,138.53,1379.41,103.99,92.99,1317.42,34.540000000000006,1240.88,0.894220598134436,-76.56999999999994,27.420000000000073,110.58999999999992,38.92999999999999,0.0,11.0,34.540000000000006,0.0
Achu_CVVC,_ang'vang'ving'-'al'val'vil.wav,ng v,angvangvingalvalvil,ng v,0,176,f61952d9d341e1af,f61952d9d341e1af:176,Achu_CVVC|f61952d9d341e1af:176,5,0,-533.3204999999997,533.3204999999997,107.11899999999991,99.518,202.01999999999975,106.13200000000002,13.704999999999998,korean,cvvc,vc,vc_other,bridge_tight,4.0,0.8261944126287261,0.0,1.0,0.0,22.343000000000007,5936.961451247165,1290.0,-76.56999999999994,27.420000000000073,112.58999999999992,0.0,0.0,0.7615595109026452,0.0,-24.993302344784432,-26.128012205830014,0.7615595109026452,0.0,other,,vc,head,other,unknown,unknown,,,1213.43,137.99,1377.41,103.99,92.99,1317.42,34.000000000000014,1239.42,0.894220598134436,-76.56999999999994,27.420000000000073,112.58999999999992,36.39,0.0,11.0,34.000000000000014,0.0
Achu_CVVC,_ang'vang'ving'-'al'val'vil.wav,ng v,angvangvingalvalvil,ng v,0,176,f61952d9d341e1af,f61952d9d341e1af:176,Achu_CVVC|f61952d9d341e1af:176,4,0,-537.5454999999997,537.5454999999997,107.11899999999991,99.97800000000001,202.01999999999975,106.13200000000002,22.224999999999994,korean,cvvc,vc,vc_other,base,0.0,0.8261944126287261,0.0,1.0,0.0,22.343000000000007,5936.961451247165,1290.0,-76.56999999999994,27.420000000000073,112.58999999999992,0.0,0.0,0.7615595109026452,0.0,-24.993302344784432,-26.128012205830014,0.7615595109026452,0.0,other,,vc,head,other,unknown,unknown,,,1213.43,137.53,1377.41,103.99,57.06,1317.42,33.540000000000006,1239.88,0.548706606404462,-76.56999999999994,27.420000000000073,112.58999999999992,0.0,0.0,46.92999999999999,33.540000000000006,0.0
Achu_CVVC,_ang'vang'ving'-'al'val'vil.wav,ng v,angvangvingalvalvil,ng v,0,176,f61952d9d341e1af,f61952d9d341e1af:176,Achu_CVVC|f61952d9d341e1af:176,3,0,-539.8332799999997,539.8332799999997,107.11899999999991,99.97800000000001,202.01999999999975,108.21180000000003,22.224999999999994,korean,cvvc,vc,vc_other,next_safe,3.0,0.8261944126287261,0.0,1.0,0.0,22.343000000000007,5936.961451247165,1290.0,-76.56999999999994,27.420000000000073,112.58999999999992,0.0,0.0,0.7615595109026452,0.0,-24.993302344784432,-26.128012205830014,0.7615595109026452,0.0,other,,vc,head,other,unknown,unknown,,,1213.43,137.53,1377.41,101.91019999999999,57.06,1315.3402,35.61980000000001,1239.88,0.5599047004127163,-76.56999999999994,25.340200000000095,112.58999999999992,2.079800000000006,2.0797999999999774,44.85019999999999,35.61980000000001,0.0
Achu_CVVC,_ang'vang'ving'-'al'val'vil.wav,ng v,angvangvingalvalvil,ng v,0,176,f61952d9d341e1af,f61952d9d341e1af:176,Achu_CVVC|f61952d9d341e1af:176,2,0,-541.3954999999996,541.3954999999996,107.11899999999991,99.97800000000001,202.01999999999975,109.63200000000002,22.224999999999994,korean,cvvc,vc,vc_other,anchor_soft,1.0,0.8261944126287261,0.0,1.0,0.0,22.343000000000007,5936.961451247165,1290.0,-76.56999999999994,27.420000000000073,112.58999999999992,0.0,0.0,0.7615595109026452,0.0,-24.993302344784432,-26.128012205830014,0.7615595109026452,0.0,other,,vc,head,other,unknown,unknown,,,1213.43,137.53,1377.41,100.49,57.06,1313.92,37.040000000000006,1239.88,0.5678176933028163,-76.56999999999994,23.920000000000073,112.58999999999992,3.5,3.5,43.42999999999999,37.040000000000006,0.0
Achu_CVVC,_ang'vang'ving'-'al'val'vil.wav,ng v,angvangvingalvalvil,ng v,0,176,f61952d9d341e1af,f61952d9d341e1af:176,Achu_CVVC|f61952d9d341e1af:176,1,0,-548.4354999999997,548.4354999999997,107.11899999999991,99.97800000000001,202.01999999999975,116.03200000000002,22.224999999999994,korean,cvvc,vc,vc_other,anchor_tight,2.0,0.8261944126287261,0.0,1.0,0.0,22.343000000000007,5936.961451247165,1290.0,-76.56999999999994,27.420000000000073,112.58999999999992,0.0,0.0,0.7615595109026452,0.0,-24.993302344784432,-26.128012205830014,0.7615595109026452,0.0,other,,vc,head,other,unknown,unknown,,,1213.43,137.53,1377.41,94.08999999999999,57.06,1307.52,43.44000000000001,1239.88,0.6064406419385695,-76.56999999999994,17.519999999999982,112.58999999999992,9.900000000000006,9.900000000000091,37.02999999999999,43.44000000000001,0.0
Achu_CVVC,_ang'vang'ving'-'al'val'vil.wav,ng vy,angvangvingalvalvil,ng vy,0,177,f61952d9d341e1af,f61952d9d341e1af:177,Achu_CVVC|f61952d9d341e1af:177,7,1,-1561.91055,1561.91055,691.491,6.623999999999995,712.4660000000001,13.560999999999993,0.3480000000000061,korean,cvvc,vc,vc_other,base,0.0,0.845219673825099,0.0,1.0,0.0,22.404999999999994,5936.961451247165,1290.0,-75.95000000000005,23.420000000000073,116.60000000000014,0.0,0.0,0.7741198151740708,0.0,-24.927410615874958,-26.044779355393448,0.7741198151740708,0.0,other,,vc,mid,other,unknown,unknown,vc,,1214.05,132.91,1373.3999999999999,99.37,51.09,1313.42,33.53999999999999,1240.4899999999998,0.5141390761799336,-75.95000000000005,23.420000000000073,116.60000000000014,0.0,0.0,48.28,33.53999999999999,0.0
Achu_CVVC,_ang'vang'ving'-'al'val'vil.wav,ng vy,angvangvingalvalvil,ng vy,0,177,f61952d9d341e1af,f61952d9d341e1af:177,Achu_CVVC|f61952d9d341e1af:177,6,0,-1563.72575,1563.72575,691.491,1.3760000000000048,700.4660000000001,13.560999999999993,39.62800000000001,korean,cvvc,vc,vc_other,kr_cvvc_bridge_wide,6.0,0.845219673825099,0.0,1.0,0.0,22.404999999999994,5936.961451247165,1290.0,-75.95000000000005,23.420000000000073,116.60000000000014,0.0,0.0,0.7741198151740708,0.0,-24.927410615874958,-26.044779355393448,0.7741198151740708,0.0,other,,vc,mid,other,unknown,unknown,vc,,1214.05,140.91,1385.3999999999999,99.37,90.37,1313.42,41.53999999999999,1244.4899999999998,0.9094294052530945,-75.95000000000005,23.420000000000073,104.60000000000014,59.28,0.0,9.0,41.53999999999999,0.0
Achu_CVVC,_ang'vang'ving'-'al'val'vil.wav,ng vy,angvangvingalvalvil,ng vy,0,177,f61952d9d341e1af,f61952d9d341e1af:177,Achu_CVVC|f61952d9d341e1af:177,5,0,-1564.09669,1564.09669,691.491,6.623999999999995,712.4660000000001,15.5484,0.3480000000000061,korean,cvvc,vc,vc_other,next_safe,3.0,0.845219673825099,0.0,1.0,0.0,22.404999999999994,5936.961451247165,1290.0,-75.95000000000005,23.420000000000073,116.60000000000014,0.0,0.0,0.7741198151740708,0.0,-24.927410615874958,-26.044779355393448,0.7741198151740708,0.0,other,,vc,mid,other,unknown,unknown,vc,,1214.05,132.91,1373.3999999999999,97.3826,51.09,1311.4325999999999,35.5274,1240.4899999999998,0.5246317103876874,-75.95000000000005,21.432599999999866,116.60000000000014,1.987400000000008,1.987400000000207,46.29259999999999,35.5274,0.0
Achu_CVVC,_ang'vang'ving'-'al'val'vil.wav,ng vy,angvangvingalvalvil,ng vy,0,177,f61952d9d341e1af,f61952d9d341e1af:177,Achu_CVVC|f61952d9d341e1af:177,4,0,-1565.7605500000002,1565.7605500000002,691.491,6.623999999999995,712.4660000000001,17.060999999999993,0.3480000000000061,korean,cvvc,vc,vc_other,anchor_soft,1.0,0.845219673825099,0.0,1.0,0.0,22.404999999999994,5936.961451247165,1290.0,-75.95000000000005,23.420000000000073,116.60000000000014,0.0,0.0,0.7741198151740708,0.0,-24.927410615874958,-26.044779355393448,0.7741198151740708,0.0,other,,vc,mid,other,unknown,unknown,vc,,1214.05,132.91,1373.3999999999999,95.87,51.09,1309.92,37.03999999999999,1240.4899999999998,0.5329091478043183,-75.95000000000005,19.920000000000073,116.60000000000014,3.5,3.5,44.78,37.03999999999999,0.0
Achu_CVVC,_ang'vang'ving'-'al'val'vil.wav,ng vy,angvangvingalvalvil,ng vy,0,177,f61952d9d341e1af,f61952d9d341e1af:177,Achu_CVVC|f61952d9d341e1af:177,3,0,-1572.8005500000002,1572.8005500000002,691.491,6.623999999999995,712.4660000000001,23.461,0.3480000000000061,korean,cvvc,vc,vc_other,anchor_tight,2.0,0.845219673825099,0.0,1.0,0.0,22.404999999999994,5936.961451247165,1290.0,-75.95000000000005,23.420000000000073,116.60000000000014,0.0,0.0,0.7741198151740708,0.0,-24.927410615874958,-26.044779355393448,0.7741198151740708,0.0,other,,vc,mid,other,unknown,unknown,vc,,1214.05,132.91,1373.3999999999999,89.47,51.09,1303.52,43.44,1240.4899999999998,0.571029395328043,-75.95000000000005,13.519999999999982,116.60000000000014,9.900000000000006,9.900000000000091,38.379999999999995,43.44,0.0
Achu_CVVC,_ang'vang'ving'-'al'val'vil.wav,ng vy,angvangvingalvalvil,ng vy,0,177,f61952d9d341e1af,f61952d9d341e1af:177,Achu_CVVC|f61952d9d341e1af:177,2,0,-1575.9365500000001,1575.9365500000001,691.491,5.623999999999995,710.4660000000001,13.560999999999993,37.62800000000001,korean,cvvc,vc,vc_other,kr_cvvc_bridge_tight,5.0,0.845219673825099,0.0,1.0,0.0,22.404999999999994,5936.961451247165,1290.0,-75.95000000000005,23.420000000000073,116.60000000000014,0.0,0.0,0.7741198151740708,0.0,-24.927410615874958,-26.044779355393448,0.7741198151740708,0.0,other,,vc,mid,other,unknown,unknown,vc,,1214.05,133.91,1375.3999999999999,99.37,88.37,1313.42,34.53999999999999,1241.4899999999998,0.8893026064204488,-75.95000000000005,23.420000000000073,114.60000000000014,40.28,0.0,11.0,34.53999999999999,0.0
Achu_CVVC,_ang'vang'ving'-'al'val'vil.wav,ng vy,angvangvingalvalvil,ng vy,0,177,f61952d9d341e1af,f61952d9d341e1af:177,Achu_CVVC|f61952d9d341e1af:177,1,0,-1578.29555,1578.29555,691.491,6.163999999999987,712.4660000000001,13.560999999999993,37.62800000000001,korean,cvvc,vc,vc_other,bridge_tight,4.0,0.845219673825099,0.0,1.0,0.0,22.404999999999994,5936.961451247165,1290.0,-75.95000000000005,23.420000000000073,116.60000000000014,0.0,0.0,0.7741198151740708,0.0,-24.927410615874958,-26.044779355393448,0.7741198151740708,0.0,other,,vc,mid,other,unknown,unknown,vc,,1214.05,133.37,1373.3999999999999,99.37,88.37,1313.42,34.0,1240.0299999999997,0.8893026064204488,-75.95000000000005,23.420000000000073,116.60000000000014,37.74000000000001,0.0,11.0,34.0,0.0
Achu_CVVC,_ng'o'ng'u'ng'eo'ng.wav,eo ng,ngongungeong,eo ng,0,899,f61952d9d341e1af,f61952d9d341e1af:899,Achu_CVVC|f61952d9d341e1af:899,7,1,-1693.544049999999,1693.544049999999,589.0899999999997,92.26700000000002,783.8899999999994,97.09,60.578,korean,cvvc,vc,vc_sonorant,kr_cvvc_bridge_wide,6.0,0.8391538461538455,0.0,1.0,0.0,449.71799999999996,5874.467120181406,3640.0,2.8200000000001637,155.73000000000002,0.0,0.0,0.0,1.0,0.0,-25.212688856831477,-26.522490171553645,1.0,0.0,nasal,,vc,tail,other,unknown,unknown,vv,,3642.82,232.22,3910.84,152.91,143.91,3795.73,79.31,3678.6200000000003,0.9411418481459682,2.8200000000001637,155.73000000000002,0.0,29.039999999999992,0.0,9.0,79.31,0.0
Achu_CVVC,_ng'o'ng'u'ng'eo'ng.wav,eo ng,ngongungeong,eo ng,0,899,f61952d9d341e1af,f61952d9d341e1af:899,Achu_CVVC|f61952d9d341e1af:899,6,0,-1707.676049999999,1707.676049999999,589.0899999999997,100.26700000000002,795.8899999999994,97.09,51.53800000000001,korean,cvvc,vc,vc_sonorant,base,0.0,0.8391538461538455,0.0,1.0,0.0,449.71799999999996,5874.467120181406,3640.0,2.8200000000001637,155.73000000000002,0.0,0.0,0.0,1.0,0.0,-25.212688856831477,-26.522490171553645,1.0,0.0,nasal,,vc,tail,other,unknown,unknown,vv,,3642.82,224.22,3898.84,152.91,134.87,3795.73,71.31,3674.6200000000003,0.8820221045059186,2.8200000000001637,155.73000000000002,0.0,0.0,0.0,18.039999999999992,71.31,0.0
Achu_CVVC,_ng'o'ng'u'ng'eo'ng.wav,eo ng,ngongungeong,eo ng,0,899,f61952d9d341e1af,f61952d9d341e1af:899,Achu_CVVC|f61952d9d341e1af:899,5,0,-1708.094049999999,1708.094049999999,589.0899999999997,99.26700000000002,793.8899999999994,97.09,58.578,korean,cvvc,vc,vc_sonorant,kr_cvvc_bridge_tight,5.0,0.8391538461538455,0.0,1.0,0.0,449.71799999999996,5874.467120181406,3640.0,2.8200000000001637,155.73000000000002,0.0,0.0,0.0,1.0,0.0,-25.212688856831477,-26.522490171553645,1.0,0.0,nasal,,vc,tail,other,unknown,unknown,vv,,3642.82,225.22,3900.84,152.91,141.91,3795.73,72.31,3675.6200000000003,0.9280622588450722,2.8200000000001637,155.73000000000002,0.0,10.039999999999992,0.0,11.0,72.31,0.0
Achu_CVVC,_ng'o'ng'u'ng'eo'ng.wav,eo ng,ngongungeong,eo ng,0,899,f61952d9d341e1af,f61952d9d341e1af:899,Achu_CVVC|f61952d9d341e1af:899,4,0,-1710.844049999999,1710.844049999999,589.0899999999997,100.26700000000002,795.8899999999994,97.09,58.578,korean,cvvc,vc,vc_sonorant,bridge_tight,4.0,0.8391538461538455,0.0,1.0,0.0,449.71799999999996,5874.467120181406,3640.0,2.8200000000001637,155.73000000000002,0.0,0.0,0.0,1.0,0.0,-25.212688856831477,-26.522490171553645,1.0,0.0,nasal,,vc,tail,other,unknown,unknown,vv,,3642.82,224.22,3898.84,152.91,141.91,3795.73,71.31,3674.6200000000003,0.9280622588450722,2.8200000000001637,155.73000000000002,0.0,7.039999999999992,0.0,11.0,71.31,0.0
Achu_CVVC,_ng'o'ng'u'ng'eo'ng.wav,eo ng,ngongungeong,eo ng,0,899,f61952d9d341e1af,f61952d9d341e1af:899,Achu_CVVC|f61952d9d341e1af:899,3,0,-1711.0400699999989,1711.0400699999989,589.0899999999997,100.26700000000002,795.8899999999994,100.1482,51.53800000000001,korean,cvvc,vc,vc_sonorant,next_safe,3.0,0.8391538461538455,0.0,1.0,0.0,449.71799999999996,5874.467120181406,3640.0,2.8200000000001637,155.73000000000002,0.0,0.0,0.0,1.0,0.0,-25.212688856831477,-26.522490171553645,1.0,0.0,nasal,,vc,tail,other,unknown,unknown,vv,,3642.82,224.22,3898.84,149.8518,134.87,3792.6718,74.3682,3674.6200000000003,0.9000225556182843,2.8200000000001637,152.67180000000008,0.0,3.0581999999999994,3.0581999999999425,14.981799999999993,74.3682,0.0
Achu_CVVC,_ng'o'ng'u'ng'eo'ng.wav,eo ng,ngongungeong,eo ng,0,899,f61952d9d341e1af,f61952d9d341e1af:899,Achu_CVVC|f61952d9d341e1af:899,2,0,-1711.526049999999,1711.526049999999,589.0899999999997,100.26700000000002,795.8899999999994,100.59,51.53800000000001,korean,cvvc,vc,vc_sonorant,anchor_soft,1.0,0.8391538461538455,0.0,1.0,0.0,449.71799999999996,5874.467120181406,3640.0,2.8200000000001637,155.73000000000002,0.0,0.0,0.0,1.0,0.0,-25.212688856831477,-26.522490171553645,1.0,0.0,nasal,,vc,tail,other,unknown,unknown,vv,,3642.82,224.22,3898.84,149.41,134.87,3792.23,74.81,3674.6200000000003,0.9026838899672044,2.8200000000001637,152.23000000000002,0.0,3.5,3.5,14.539999999999992,74.81,0.0
Achu_CVVC,_ng'o'ng'u'ng'eo'ng.wav,eo ng,ngongungeong,eo ng,0,899,f61952d9d341e1af,f61952d9d341e1af:899,Achu_CVVC|f61952d9d341e1af:899,1,0,-1717.729049999999,1717.729049999999,589.0899999999997,100.26700000000002,795.8899999999994,106.99000000000001,49.678,korean,cvvc,vc,vc_sonorant,anchor_tight,2.0,0.8391538461538455,0.0,1.0,0.0,449.71799999999996,5874.467120181406,3640.0,2.8200000000001637,155.73000000000002,0.0,0.0,0.0,1.0,0.0,-25.212688856831477,-26.522490171553645,1.0,0.0,nasal,,vc,tail,other,unknown,unknown,vv,,3642.82,224.22,3898.84,143.01,133.01,3785.83,81.21000000000001,3674.6200000000003,0.9300748199426614,2.8200000000001637,145.82999999999993,0.0,11.76000000000002,9.900000000000091,10.0,81.21000000000001,0.0
Achu_CVVC,_va'va'vya'-'vya'vwa.wav,a v,vavavyavyavwa,a v,0,1379,f61952d9d341e1af,f61952d9d341e1af:1379,Achu_CVVC|f61952d9d341e1af:1379,4,1,-799.3585999999998,799.3585999999998,169.04999999999995,118.17999999999998,275.7049999999999,175.89,71.543,korean,cvvc,vcv,vcv,base,0.0,0.9538230472719094,0.0,1.0,0.0,0.0,5936.961451247165,1140.0,0.0,74.1099999999999,-314.1600000000001,0.0,0.0,0.8886150881037042,0.0,-27.250761347915173,-29.7083537316673,0.8886150881037042,0.0,other,,vcv,mid,other,unknown,unknown,cv,,1140.0,168.27,1358.27,74.11,11.79,1214.11,94.16000000000001,1190.0,0.15908784239643772,0.0,74.1099999999999,-144.16000000000008,170.0,0.0,62.32,94.16000000000001,144.16000000000008
Achu_CVVC,_va'va'vya'-'vya'vwa.wav,a v,vavavyavyavwa,a v,0,1379,f61952d9d341e1af,f61952d9d341e1af:1379,Achu_CVVC|f61952d9d341e1af:1379,3,0,-800.9890199999998,800.9890199999998,169.04999999999995,118.17999999999998,275.7049999999999,177.37220000000002,71.543,korean,cvvc,vcv,vcv,next_safe,3.0,0.9538230472719094,0.0,1.0,0.0,0.0,5936.961451247165,1140.0,0.0,74.1099999999999,-314.1600000000001,0.0,0.0,0.8886150881037042,0.0,-27.250761347915173,-29.7083537316673,0.8886150881037042,0.0,other,,vcv,mid,other,unknown,unknown,cv,,1140.0,168.27,1358.27,72.6278,11.79,1212.6278,95.64220000000002,1190.0,0.16233453305758952,0.0,72.62779999999998,-144.16000000000008,171.4822,1.4821999999999207,60.837799999999994,95.64220000000002,144.16000000000008
Achu_CVVC,_va'va'vya'-'vya'vwa.wav,a v,vavavyavyavwa,a v,0,1379,f61952d9d341e1af,f61952d9d341e1af:1379,Achu_CVVC|f61952d9d341e1af:1379,2,0,-803.2085999999997,803.2085999999997,169.04999999999995,118.17999999999998,275.7049999999999,179.39,71.543,korean,cvvc,vcv,vcv,anchor_soft,1.0,0.9538230472719094,0.0,1.0,0.0,0.0,5936.961451247165,1140.0,0.0,74.1099999999999,-314.1600000000001,0.0,0.0,0.8886150881037042,0.0,-27.250761347915173,-29.7083537316673,0.8886150881037042,0.0,other,,vcv,mid,other,unknown,unknown,cv,,1140.0,168.27,1358.27,70.61,11.79,1210.61,97.66000000000001,1190.0,0.16697351649907943,0.0,70.6099999999999,-144.16000000000008,173.5,3.5,58.82,97.66000000000001,144.16000000000008
Achu_CVVC,_va'va'vya'-'vya'vwa.wav,a v,vavavyavyavwa,a v,0,1379,f61952d9d341e1af,f61952d9d341e1af:1379,Achu_CVVC|f61952d9d341e1af:1379,1,0,-810.2485999999998,810.2485999999998,169.04999999999995,118.17999999999998,275.7049999999999,185.79000000000002,71.543,korean,cvvc,vcv,vcv,anchor_tight,2.0,0.9538230472719094,0.0,1.0,0.0,0.0,5936.961451247165,1140.0,0.0,74.1099999999999,-314.1600000000001,0.0,0.0,0.8886150881037042,0.0,-27.250761347915173,-29.7083537316673,0.8886150881037042,0.0,other,,vcv,mid,other,unknown,unknown,cv,,1140.0,168.27,1358.27,64.21,11.79,1204.21,104.06000000000002,1190.0,0.18361625914966517,0.0,64.21000000000004,-144.16000000000008,179.9,9.899999999999864,52.419999999999995,104.06000000000002,144.16000000000008
Achu_CVVC,_va'va'vya'-'vya'vwa.wav,a vy,vavavyavyavwa,a vy,0,1380,f61952d9d341e1af,f61952d9d341e1af:1380,Achu_CVVC|f61952d9d341e1af:1380,4,1,-1758.02405,1758.02405,685.23,118.51899999999998,605.3389999999999,175.89,71.543,korean,cvvc,vcv,vcv,base,0.0,0.9538230472719094,0.0,1.0,0.0,0.0,5936.961451247165,1140.0,0.0,74.1099999999999,0.0,0.0,0.0,0.8886150881037042,0.0,-27.250761347915173,-29.7083537316673,0.8886150881037042,0.0,other,,vcv,tail,other,unknown,unknown,vcv,,1140.0,168.27,1528.27,74.11,11.79,1214.11,94.16000000000001,1360.0,0.15908784239643772,0.0,74.1099999999999,0.0,0.0,0.0,62.32,94.16000000000001,0.0
Achu_CVVC,_va'va'vya'-'vya'vwa.wav,a vy,vavavyavyavwa,a vy,0,1380,f61952d9d341e1af,f61952d9d341e1af:1380,Achu_CVVC|f61952d9d341e1af:1380,3,0,-1759.65447,1759.65447,685.23,118.51899999999998,605.3389999999999,177.37220000000002,71.543,korean,cvvc,vcv,vcv,next_safe,3.0,0.9538230472719094,0.0,1.0,0.0,0.0,5936.961451247165,1140.0,0.0,74.1099999999999,0.0,0.0,0.0,0.8886150881037042,0.0,-27.250761347915173,-29.7083537316673,0.8886150881037042,0.0,other,,vcv,tail,other,unknown,unknown,vcv,,1140.0,168.27,1528.27,72.6278,11.79,1212.6278,95.64220000000002,1360.0,0.16233453305758952,0.0,72.62779999999998,0.0,1.482200000000006,1.4821999999999207,60.837799999999994,95.64220000000002,0.0
Achu_CVVC,_va'va'vya'-'vya'vwa.wav,a vy,vavavyavyavwa,a vy,0,1380,f61952d9d341e1af,f61952d9d341e1af:1380,Achu_CVVC|f61952d9d341e1af:1380,2,0,-1761.87405,1761.87405,685.23,118.51899999999998,605.3389999999999,179.39,71.543,korean,cvvc,vcv,vcv,anchor_soft,1.0,0.9538230472719094,0.0,1.0,0.0,0.0,5936.961451247165,1140.0,0.0,74.1099999999999,0.0,0.0,0.0,0.8886150881037042,0.0,-27.250761347915173,-29.7083537316673,0.8886150881037042,0.0,other,,vcv,tail,other,unknown,unknown,vcv,,1140.0,168.27,1528.27,70.61,11.79,1210.61,97.66000000000001,1360.0,0.16697351649907943,0.0,70.6099999999999,0.0,3.5,3.5,58.82,97.66000000000001,0.0
Achu_CVVC,_va'va'vya'-'vya'vwa.wav,a vy,vavavyavyavwa,a vy,0,1380,f61952d9d341e1af,f61952d9d341e1af:1380,Achu_CVVC|f61952d9d341e1af:1380,1,0,-1768.91405,1768.91405,685.23,118.51899999999998,605.3389999999999,185.79000000000002,71.543,korean,cvvc,vcv,vcv,anchor_tight,2.0,0.9538230472719094,0.0,1.0,0.0,0.0,5936.961451247165,1140.0,0.0,74.1099999999999,0.0,0.0,0.0,0.8886150881037042,0.0,-27.250761347915173,-29.7083537316673,0.8886150881037042,0.0,other,,vcv,tail,other,unknown,unknown,vcv,,1140.0,168.27,1528.27,64.21,11.79,1204.21,104.06000000000002,1360.0,0.18361625914966517,0.0,64.21000000000004,0.0,9.900000000000006,9.899999999999864,52.419999999999995,104.06000000000002,0.0
Achu_CVVC,_ve've'vye'-'vye'vwe.wav,e v,vevevyevyevwe,e v,0,1386,f61952d9d341e1af,f61952d9d341e1af:1386,Achu_CVVC|f61952d9d341e1af:1386,4,1,-818.99515,818.99515,192.69299999999998,108.33000000000001,274.07899999999995,175.89,71.543,korean,cvvc,vcv,vcv,base,0.0,0.9495385548233546,0.0,1.0,0.0,0.0,5874.467120181406,1150.0,0.0,74.1099999999999,-314.1600000000001,0.0,0.0,0.8457701636181569,0.0,-30.625619376117484,-33.520225181043486,0.8457701636181569,0.0,other,,vcv,mid,other,unknown,unknown,cv,,1150.0,168.27,1368.27,74.11,11.79,1224.11,94.16000000000001,1200.0,0.15908784239643772,0.0,74.1099999999999,-144.16000000000008,170.0,0.0,62.32,94.16000000000001,144.16000000000008
Achu_CVVC,_ve've'vye'-'vye'vwe.wav,e v,vevevyevyevwe,e v,0,1386,f61952d9d341e1af,f61952d9d341e1af:1386,Achu_CVVC|f61952d9d341e1af:1386,3,0,-820.6255699999999,820.6255699999999,192.69299999999998,108.33000000000001,274.07899999999995,177.37220000000002,71.543,korean,cvvc,vcv,vcv,next_safe,3.0,0.9495385548233546,0.0,1.0,0.0,0.0,5874.467120181406,1150.0,0.0,74.1099999999999,-314.1600000000001,0.0,0.0,0.8457701636181569,0.0,-30.625619376117484,-33.520225181043486,0.8457701636181569,0.0,other,,vcv,mid,other,unknown,unknown,cv,,1150.0,168.27,1368.27,72.6278,11.79,1222.6278,95.64220000000002,1200.0,0.16233453305758952,0.0,72.62779999999998,-144.16000000000008,171.4822,1.4821999999999207,60.837799999999994,95.64220000000002,144.16000000000008
Achu_CVVC,_ve've'vye'-'vye'vwe.wav,e v,vevevyevyevwe,e v,0,1386,f61952d9d341e1af,f61952d9d341e1af:1386,Achu_CVVC|f61952d9d341e1af:1386,2,0,-822.8451499999999,822.8451499999999,192.69299999999998,108.33000000000001,274.07899999999995,179.39,71.543,korean,cvvc,vcv,vcv,anchor_soft,1.0,0.9495385548233546,0.0,1.0,0.0,0.0,5874.467120181406,1150.0,0.0,74.1099999999999,-314.1600000000001,0.0,0.0,0.8457701636181569,0.0,-30.625619376117484,-33.520225181043486,0.8457701636181569,0.0,other,,vcv,mid,other,unknown,unknown,cv,,1150.0,168.27,1368.27,70.61,11.79,1220.61,97.66000000000001,1200.0,0.16697351649907943,0.0,70.6099999999999,-144.16000000000008,173.5,3.5,58.82,97.66000000000001,144.16000000000008
Achu_CVVC,_ve've'vye'-'vye'vwe.wav,e v,vevevyevyevwe,e v,0,1386,f61952d9d341e1af,f61952d9d341e1af:1386,Achu_CVVC|f61952d9d341e1af:1386,1,0,-829.88515,829.88515,192.69299999999998,108.33000000000001,274.07899999999995,185.79000000000002,71.543,korean,cvvc,vcv,vcv,anchor_tight,2.0,0.9495385548233546,0.0,1.0,0.0,0.0,5874.467120181406,1150.0,0.0,74.1099999999999,-314.1600000000001,0.0,0.0,0.8457701636181569,0.0,-30.625619376117484,-33.520225181043486,0.8457701636181569,0.0,other,,vcv,mid,other,unknown,unknown,cv,,1150.0,168.27,1368.27,64.21,11.79,1214.21,104.06000000000002,1200.0,0.18361625914966517,0.0,64.21000000000004,-144.16000000000008,179.9,9.899999999999864,52.419999999999995,104.06000000000002,144.16000000000008
Achu_CVVC,_ve've'vye'-'vye'vwe.wav,e vy,vevevyevyevwe,e vy,0,1387,f61952d9d341e1af,f61952d9d341e1af:1387,Achu_CVVC|f61952d9d341e1af:1387,4,1,-1818.51165,1818.51165,707.059,117.16299999999998,641.502,175.89,71.541,korean,cvvc,vcv,vcv,base,0.0,0.9495385548233546,0.0,1.0,0.0,0.0,5874.467120181406,1150.0,0.0,74.1099999999999,0.0,0.0,0.0,0.8457701636181569,0.0,-30.625619376117484,-33.520225181043486,0.8457701636181569,0.0,other,,vcv,tail,other,unknown,unknown,vcv,,1150.0,168.27,1538.27,74.11,11.79,1224.11,94.16000000000001,1370.0,0.15908784239643772,0.0,74.1099999999999,0.0,0.0,0.0,62.32,94.16000000000001,0.0
Achu_CVVC,_ve've'vye'-'vye'vwe.wav,e vy,vevevyevyevwe,e vy,0,1387,f61952d9d341e1af,f61952d9d341e1af:1387,Achu_CVVC|f61952d9d341e1af:1387,3,0,-1820.1420699999999,1820.1420699999999,707.059,117.16299999999998,641.502,177.37220000000002,71.541,korean,cvvc,vcv,vcv,next_safe,3.0,0.9495385548233546,0.0,1.0,0.0,0.0,5874.467120181406,1150.0,0.0,74.1099999999999,0.0,0.0,0.0,0.8457701636181569,0.0,-30.625619376117484,-33.520225181043486,0.8457701636181569,0.0,other,,vcv,tail,other,unknown,unknown,vcv,,1150.0,168.27,1538.27,72.6278,11.79,1222.6278,95.64220000000002,1370.0,0.16233453305758952,0.0,72.62779999999998,0.0,1.482200000000006,1.4821999999999207,60.837799999999994,95.64220000000002,0.0
Achu_CVVC,_ve've'vye'-'vye'vwe.wav,e vy,vevevyevyevwe,e vy,0,1387,f61952d9d341e1af,f61952d9d341e1af:1387,Achu_CVVC|f61952d9d341e1af:1387,2,0,-1822.3616499999998,1822.3616499999998,707.059,117.16299999999998,641.502,179.39,71.541,korean,cvvc,vcv,vcv,anchor_soft,1.0,0.9495385548233546,0.0,1.0,0.0,0.0,5874.467120181406,1150.0,0.0,74.1099999999999,0.0,0.0,0.0,0.8457701636181569,0.0,-30.625619376117484,-33.520225181043486,0.8457701636181569,0.0,other,,vcv,tail,other,unknown,unknown,vcv,,1150.0,168.27,1538.27,70.61,11.79,1220.61,97.66000000000001,1370.0,0.16697351649907943,0.0,70.6099999999999,0.0,3.5,3.5,58.82,97.66000000000001,0.0
Achu_CVVC,_ve've'vye'-'vye'vwe.wav,e vy,vevevyevyevwe,e vy,0,1387,f61952d9d341e1af,f61952d9d341e1af:1387,Achu_CVVC|f61952d9d341e1af:1387,1,0,-1829.40165,1829.40165,707.059,117.16299999999998,641.502,185.79000000000002,71.541,korean,cvvc,vcv,vcv,anchor_tight,2.0,0.9495385548233546,0.0,1.0,0.0,0.0,5874.467120181406,1150.0,0.0,74.1099999999999,0.0,0.0,0.0,0.8457701636181569,0.0,-30.625619376117484,-33.520225181043486,0.8457701636181569,0.0,other,,vcv,tail,other,unknown,unknown,vcv,,1150.0,168.27,1538.27,64.21,11.79,1214.21,104.06000000000002,1370.0,0.18361625914966517,0.0,64.21000000000004,0.0,9.900000000000006,9.899999999999864,52.419999999999995,104.06000000000002,0.0
Achu_CVVC,_vo'vo'vyo'-'vyo'-'vyu.wav,o vy,vovovyovyovyu,o vy,0,1410,f61952d9d341e1af,f61952d9d341e1af:1410,Achu_CVVC|f61952d9d341e1af:1410,4,1,-3279.8465,3279.8465,1309.15,113.65099999999998,1390.67,175.887,71.541,korean,cvvc,vcv,vcv,base,0.0,0.948371438495469,0.0,1.0,0.0,0.0,5905.714285714285,3170.0,0.0,74.11000000000013,0.0,0.0,0.0,0.83409900033931,0.0,-27.81284536268577,-29.03143549355605,0.83409900033931,0.0,other,,vcv,tail,other,unknown,unknown,vcv,,3170.0,168.27,3558.27,74.11,11.79,3244.11,94.16000000000001,3390.0,0.15908784239643772,0.0,74.11000000000013,0.0,0.0,0.0,62.32,94.16000000000001,0.0
Achu_CVVC,_vo'vo'vyo'-'vyo'-'vyu.wav,o vy,vovovyovyovyu,o vy,0,1410,f61952d9d341e1af,f61952d9d341e1af:1410,Achu_CVVC|f61952d9d341e1af:1410,3,0,-3281.47692,3281.47692,1309.15,113.65099999999998,1390.67,177.36920000000003,71.541,korean,cvvc,vcv,vcv,next_safe,3.0,0.948371438495469,0.0,1.0,0.0,0.0,5905.714285714285,3170.0,0.0,74.11000000000013,0.0,0.0,0.0,0.83409900033931,0.0,-27.81284536268577,-29.03143549355605,0.83409900033931,0.0,other,,vcv,tail,other,unknown,unknown,vcv,,3170.0,168.27,3558.27,72.6278,11.79,3242.6278,95.64220000000002,3390.0,0.16233453305758952,0.0,72.6278000000002,0.0,1.482200000000006,1.4821999999999207,60.837799999999994,95.64220000000002,0.0
Achu_CVVC,_vo'vo'vyo'-'vyo'-'vyu.wav,o vy,vovovyovyovyu,o vy,0,1410,f61952d9d341e1af,f61952d9d341e1af:1410,Achu_CVVC|f61952d9d341e1af:1410,2,0,-3283.6965,3283.6965,1309.15,113.65099999999998,1390.67,179.387,71.541,korean,cvvc,vcv,vcv,anchor_soft,1.0,0.948371438495469,0.0,1.0,0.0,0.0,5905.714285714285,3170.0,0.0,74.11000000000013,0.0,0.0,0.0,0.83409900033931,0.0,-27.81284536268577,-29.03143549355605,0.83409900033931,0.0,other,,vcv,tail,other,unknown,unknown,vcv,,3170.0,168.27,3558.27,70.61,11.79,3240.61,97.66000000000001,3390.0,0.16697351649907943,0.0,70.61000000000013,0.0,3.5,3.5,58.82,97.66000000000001,0.0
Achu_CVVC,_vo'vo'vyo'-'vyo'-'vyu.wav,o vy,vovovyovyovyu,o vy,0,1410,f61952d9d341e1af,f61952d9d341e1af:1410,Achu_CVVC|f61952d9d341e1af:1410,1,0,-3290.7365000000004,3290.7365000000004,1309.15,113.65099999999998,1390.67,185.78700000000003,71.541,korean,cvvc,vcv,vcv,anchor_tight,2.0,0.948371438495469,0.0,1.0,0.0,0.0,5905.714285714285,3170.0,0.0,74.11000000000013,0.0,0.0,0.0,0.83409900033931,0.0,-27.81284536268577,-29.03143549355605,0.83409900033931,0.0,other,,vcv,tail,other,unknown,unknown,vcv,,3170.0,168.27,3558.27,64.21,11.79,3234.21,104.06000000000002,3390.0,0.18361625914966517,0.0,64.21000000000004,0.0,9.900000000000006,9.900000000000091,52.419999999999995,104.06000000000002,0.0
Achu_CVVC,_vu'vu'vyu'-'veui'veui.wav,u v,vuvuvyuveuiveui,u v,0,1416,f61952d9d341e1af,f61952d9d341e1af:1416,Achu_CVVC|f61952d9d341e1af:1416,4,1,-865.2027500000002,865.2027500000002,213.5340000000001,104.785,298.46900000000005,175.89,71.541,korean,cvvc,vcv,vcv,base,0.0,0.9619672005755087,0.0,1.0,0.0,0.0,5936.961451247165,1170.0,0.0,74.1099999999999,-314.1600000000001,0.0,0.0,0.970056621139698,0.0,-32.83725919172543,-35.67177388364607,0.970056621139698,0.0,other,,vcv,mid,other,unknown,unknown,cv,,1170.0,168.27,1388.27,74.11,11.79,1244.11,94.16000000000001,1220.0,0.15908784239643772,0.0,74.1099999999999,-144.16000000000008,170.0,0.0,62.32,94.16000000000001,144.16000000000008
Achu_CVVC,_vu'vu'vyu'-'veui'veui.wav,u v,vuvuvyuveuiveui,u v,0,1416,f61952d9d341e1af,f61952d9d341e1af:1416,Achu_CVVC|f61952d9d341e1af:1416,3,0,-866.8331700000001,866.8331700000001,213.5340000000001,104.785,298.46900000000005,177.37220000000002,71.541,korean,cvvc,vcv,vcv,next_safe,3.0,0.9619672005755087,0.0,1.0,0.0,0.0,5936.961451247165,1170.0,0.0,74.1099999999999,-314.1600000000001,0.0,0.0,0.970056621139698,0.0,-32.83725919172543,-35.67177388364607,0.970056621139698,0.0,other,,vcv,mid,other,unknown,unknown,cv,,1170.0,168.27,1388.27,72.6278,11.79,1242.6278,95.64220000000002,1220.0,0.16233453305758952,0.0,72.62779999999998,-144.16000000000008,171.4822,1.4821999999999207,60.837799999999994,95.64220000000002,144.16000000000008
Achu_CVVC,_vu'vu'vyu'-'veui'veui.wav,u v,vuvuvyuveuiveui,u v,0,1416,f61952d9d341e1af,f61952d9d341e1af:1416,Achu_CVVC|f61952d9d341e1af:1416,2,0,-869.0527500000001,869.0527500000001,213.5340000000001,104.785,298.46900000000005,179.39,71.541,korean,cvvc,vcv,vcv,anchor_soft,1.0,0.9619672005755087,0.0,1.0,0.0,0.0,5936.961451247165,1170.0,0.0,74.1099999999999,-314.1600000000001,0.0,0.0,0.970056621139698,0.0,-32.83725919172543,-35.67177388364607,0.970056621139698,0.0,other,,vcv,mid,other,unknown,unknown,cv,,1170.0,168.27,1388.27,70.61,11.79,1240.61,97.66000000000001,1220.0,0.16697351649907943,0.0,70.6099999999999,-144.16000000000008,173.5,3.5,58.82,97.66000000000001,144.16000000000008
Achu_CVVC,_vu'vu'vyu'-'veui'veui.wav,u v,vuvuvyuveuiveui,u v,0,1416,f61952d9d341e1af,f61952d9d341e1af:1416,Achu_CVVC|f61952d9d341e1af:1416,1,0,-876.0927500000001,876.0927500000001,213.5340000000001,104.785,298.46900000000005,185.79000000000002,71.541,korean,cvvc,vcv,vcv,anchor_tight,2.0,0.9619672005755087,0.0,1.0,0.0,0.0,5936.961451247165,1170.0,0.0,74.1099999999999,-314.1600000000001,0.0,0.0,0.970056621139698,0.0,-32.83725919172543,-35.67177388364607,0.970056621139698,0.0,other,,vcv,mid,other,unknown,unknown,cv,,1170.0,168.27,1388.27,64.21,11.79,1234.21,104.06000000000002,1220.0,0.18361625914966517,0.0,64.21000000000004,-144.16000000000008,179.9,9.899999999999864,52.419999999999995,104.06000000000002,144.16000000000008
Achu_CVVC,_vu'vu'vyu'-'veui'veui.wav,u vy,vuvuvyuveuiveui,u vy,0,1417,f61952d9d341e1af,f61952d9d341e1af:1417,Achu_CVVC|f61952d9d341e1af:1417,4,1,-1720.8165999999999,1720.8165999999999,681.825,101.237,586.1179999999999,175.889,71.542,korean,cvvc,vcv,vcv,base,0.0,0.9619672005755087,0.0,1.0,0.0,0.0,5936.961451247165,1170.0,0.0,74.1099999999999,0.0,0.0,0.0,0.970056621139698,0.0,-32.83725919172543,-35.67177388364607,0.970056621139698,0.0,other,,vcv,tail,other,unknown,unknown,vcv,,1170.0,168.27,1558.27,74.11,11.79,1244.11,94.16000000000001,1390.0,0.15908784239643772,0.0,74.1099999999999,0.0,0.0,0.0,62.32,94.16000000000001,0.0
Achu_CVVC,_vu'vu'vyu'-'veui'veui.wav,u vy,vuvuvyuveuiveui,u vy,0,1417,f61952d9d341e1af,f61952d9d341e1af:1417,Achu_CVVC|f61952d9d341e1af:1417,3,0,-1722.4470199999998,1722.4470199999998,681.825,101.237,586.1179999999999,177.3712,71.542,korean,cvvc,vcv,vcv,next_safe,3.0,0.9619672005755087,0.0,1.0,0.0,0.0,5936.961451247165,1170.0,0.0,74.1099999999999,0.0,0.0,0.0,0.970056621139698,0.0,-32.83725919172543,-35.67177388364607,0.970056621139698,0.0,other,,vcv,tail,other,unknown,unknown,vcv,,1170.0,168.27,1558.27,72.6278,11.79,1242.6278,95.64220000000002,1390.0,0.16233453305758952,0.0,72.62779999999998,0.0,1.482200000000006,1.4821999999999207,60.837799999999994,95.64220000000002,0.0
Achu_CVVC,_vu'vu'vyu'-'veui'veui.wav,u vy,vuvuvyuveuiveui,u vy,0,1417,f61952d9d341e1af,f61952d9d341e1af:1417,Achu_CVVC|f61952d9d341e1af:1417,2,0,-1724.6665999999998,1724.6665999999998,681.825,101.237,586.1179999999999,179.389,71.542,korean,cvvc,vcv,vcv,anchor_soft,1.0,0.9619672005755087,0.0,1.0,0.0,0.0,5936.961451247165,1170.0,0.0,74.1099999999999,0.0,0.0,0.0,0.970056621139698,0.0,-32.83725919172543,-35.67177388364607,0.970056621139698,0.0,other,,vcv,tail,other,unknown,unknown,vcv,,1170.0,168.27,1558.27,70.61,11.79,1240.61,97.66000000000001,1390.0,0.16697351649907943,0.0,70.6099999999999,0.0,3.5,3.5,58.82,97.66000000000001,0.0
Achu_CVVC,_vu'vu'vyu'-'veui'veui.wav,u vy,vuvuvyuveuiveui,u vy,0,1417,f61952d9d341e1af,f61952d9d341e1af:1417,Achu_CVVC|f61952d9d341e1af:1417,1,0,-1731.7065999999998,1731.7065999999998,681.825,101.237,586.1179999999999,185.789,71.542,korean,cvvc,vcv,vcv,anchor_tight,2.0,0.9619672005755087,0.0,1.0,0.0,0.0,5936.961451247165,1170.0,0.0,74.1099999999999,0.0,0.0,0.0,0.970056621139698,0.0,-32.83725919172543,-35.67177388364607,0.970056621139698,0.0,other,,vcv,tail,other,unknown,unknown,vcv,,1170.0,168.27,1558.27,64.21,11.79,1234.21,104.06000000000002,1390.0,0.18361625914966517,0.0,64.21000000000004,0.0,9.900000000000006,9.899999999999864,52.419999999999995,104.06000000000002,0.0
KII_kor_CVVC,_va'va'vya'-'vya'vwa.wav,a v,vavavyavyavwa,a v,0,1378,e901f032f050076a,e901f032f050076a:1378,KII_kor_CVVC|e901f032f050076a:1378,4,1,-783.3073999999999,783.3073999999999,161.7539999999999,118.17999999999998,268.4090000000001,175.89,71.543,korean,cvvc,vcv,vcv,base,0.0,0.864961538461538,0.0,1.0,0.0,0.0,0.0,1980.0,0.0,74.11000000000013,-314.15999999999985,0.0,0.0,0.0,0.0,0.0,0.0,0.0,0.0,other,,vcv,mid,other,unknown,unknown,cv,,1980.0,168.27,2198.27,74.11,11.79,2054.11,94.16000000000001,2030.0,0.15908784239643772,0.0,74.11000000000013,-144.15999999999985,170.0,0.0,62.32,94.16000000000001,144.15999999999985
KII_kor_CVVC,_va'va'vya'-'vya'vwa.wav,a v,vavavyavyavwa,a v,0,1378,e901f032f050076a,e901f032f050076a:1378,KII_kor_CVVC|e901f032f050076a:1378,3,0,-784.9378199999999,784.9378199999999,161.7539999999999,118.17999999999998,268.4090000000001,177.37220000000002,71.543,korean,cvvc,vcv,vcv,next_safe,3.0,0.864961538461538,0.0,1.0,0.0,0.0,0.0,1980.0,0.0,74.11000000000013,-314.15999999999985,0.0,0.0,0.0,0.0,0.0,0.0,0.0,0.0,other,,vcv,mid,other,unknown,unknown,cv,,1980.0,168.27,2198.27,72.6278,11.79,2052.6278,95.64220000000002,2030.0,0.16233453305758952,0.0,72.6278000000002,-144.15999999999985,171.4822,1.4821999999999207,60.837799999999994,95.64220000000002,144.15999999999985
KII_kor_CVVC,_va'va'vya'-'vya'vwa.wav,a v,vavavyavyavwa,a v,0,1378,e901f032f050076a,e901f032f050076a:1378,KII_kor_CVVC|e901f032f050076a:1378,2,0,-787.1573999999998,787.1573999999998,161.7539999999999,118.17999999999998,268.4090000000001,179.39,71.543,korean,cvvc,vcv,vcv,anchor_soft,1.0,0.864961538461538,0.0,1.0,0.0,0.0,0.0,1980.0,0.0,74.11000000000013,-314.15999999999985,0.0,0.0,0.0,0.0,0.0,0.0,0.0,0.0,other,,vcv,mid,other,unknown,unknown,cv,,1980.0,168.27,2198.27,70.61,11.79,2050.61,97.66000000000001,2030.0,0.16697351649907943,0.0,70.61000000000013,-144.15999999999985,173.5,3.5,58.82,97.66000000000001,144.15999999999985
KII_kor_CVVC,_va'va'vya'-'vya'vwa.wav,a v,vavavyavyavwa,a v,0,1378,e901f032f050076a,e901f032f050076a:1378,KII_kor_CVVC|e901f032f050076a:1378,1,0,-794.1973999999999,794.1973999999999,161.7539999999999,118.17999999999998,268.4090000000001,185.79000000000002,71.543,korean,cvvc,vcv,vcv,anchor_tight,2.0,0.864961538461538,0.0,1.0,0.0,0.0,0.0,1980.0,0.0,74.11000000000013,-314.15999999999985,0.0,0.0,0.0,0.0,0.0,0.0,0.0,0.0,other,,vcv,mid,other,unknown,unknown,cv,,1980.0,168.27,2198.27,64.21,11.79,2044.21,104.06000000000002,2030.0,0.18361625914966517,0.0,64.21000000000004,-144.15999999999985,179.9,9.900000000000091,52.419999999999995,104.06000000000002,144.15999999999985
KII_kor_CVVC,_va'va'vya'-'vya'vwa.wav,a vy,vavavyavyavwa,a vy,0,1379,e901f032f050076a,e901f032f050076a:1379,KII_kor_CVVC|e901f032f050076a:1379,4,1,-1722.9367500000003,1722.9367500000003,657.6170000000002,118.52000000000001,604.7370000000001,175.89,71.543,korean,cvvc,vcv,vcv,base,0.0,0.864961538461538,0.0,1.0,0.0,0.0,0.0,1980.0,0.0,74.11000000000013,0.0,0.0,0.0,0.0,0.0,0.0,0.0,0.0,0.0,other,,vcv,tail,other,unknown,unknown,vcv,,1980.0,168.27,2368.27,74.11,11.79,2054.11,94.16000000000001,2200.0,0.15908784239643772,0.0,74.11000000000013,0.0,0.0,0.0,62.32,94.16000000000001,0.0
KII_kor_CVVC,_va'va'vya'-'vya'vwa.wav,a vy,vavavyavyavwa,a vy,0,1379,e901f032f050076a,e901f032f050076a:1379,KII_kor_CVVC|e901f032f050076a:1379,3,0,-1724.5671700000003,1724.5671700000003,657.6170000000002,118.52000000000001,604.7370000000001,177.37220000000002,71.543,korean,cvvc,vcv,vcv,next_safe,3.0,0.864961538461538,0.0,1.0,0.0,0.0,0.0,1980.0,0.0,74.11000000000013,0.0,0.0,0.0,0.0,0.0,0.0,0.0,0.0,0.0,other,,vcv,tail,other,unknown,unknown,vcv,,1980.0,168.27,2368.27,72.6278,11.79,2052.6278,95.64220000000002,2200.0,0.16233453305758952,0.0,72.6278000000002,0.0,1.482200000000006,1.4821999999999207,60.837799999999994,95.64220000000002,0.0
KII_kor_CVVC,_va'va'vya'-'vya'vwa.wav,a vy,vavavyavyavwa,a vy,0,1379,e901f032f050076a,e901f032f050076a:1379,KII_kor_CVVC|e901f032f050076a:1379,2,0,-1726.7867500000002,1726.7867500000002,657.6170000000002,118.52000000000001,604.7370000000001,179.39,71.543,korean,cvvc,vcv,vcv,anchor_soft,1.0,0.864961538461538,0.0,1.0,0.0,0.0,0.0,1980.0,0.0,74.11000000000013,0.0,0.0,0.0,0.0,0.0,0.0,0.0,0.0,0.0,other,,vcv,tail,other,unknown,unknown,vcv,,1980.0,168.27,2368.27,70.61,11.79,2050.61,97.66000000000001,2200.0,0.16697351649907943,0.0,70.61000000000013,0.0,3.5,3.5,58.82,97.66000000000001,0.0
KII_kor_CVVC,_va'va'vya'-'vya'vwa.wav,a vy,vavavyavyavwa,a vy,0,1379,e901f032f050076a,e901f032f050076a:1379,KII_kor_CVVC|e901f032f050076a:1379,1,0,-1733.8267500000004,1733.8267500000004,657.6170000000002,118.52000000000001,604.7370000000001,185.79000000000002,71.543,korean,cvvc,vcv,vcv,anchor_tight,2.0,0.864961538461538,0.0,1.0,0.0,0.0,0.0,1980.0,0.0,74.11000000000013,0.0,0.0,0.0,0.0,0.0,0.0,0.0,0.0,0.0,other,,vcv,tail,other,unknown,unknown,vcv,,1980.0,168.27,2368.27,64.21,11.79,2044.21,104.06000000000002,2200.0,0.18361625914966517,0.0,64.21000000000004,0.0,9.900000000000006,9.900000000000091,52.419999999999995,104.06000000000002,0.0
KII_kor_CVVC,_ve've'vye'-'vye'vwe.wav,e v,vevevyevyevwe,e v,0,1385,e901f032f050076a,e901f032f050076a:1385,KII_kor_CVVC|e901f032f050076a:1385,4,1,-706.7200999999999,706.7200999999999,127.32999999999993,116.61699999999999,234.48399999999992,175.89,71.543,korean,cvvc,vcv,vcv,base,0.0,0.864961538461538,0.0,1.0,0.0,0.0,0.0,2020.0,0.0,74.11000000000013,-314.15999999999985,0.0,0.0,0.0,0.0,0.0,0.0,0.0,0.0,other,,vcv,mid,other,unknown,unknown,cv,,2020.0,168.27,2238.27,74.11,11.79,2094.11,94.16000000000001,2070.0,0.15908784239643772,0.0,74.11000000000013,-144.15999999999985,170.0,0.0,62.32,94.16000000000001,144.15999999999985
KII_kor_CVVC,_ve've'vye'-'vye'vwe.wav,e v,vevevyevyevwe,e v,0,1385,e901f032f050076a,e901f032f050076a:1385,KII_kor_CVVC|e901f032f050076a:1385,3,0,-708.3505199999998,708.3505199999998,127.32999999999993,116.61699999999999,234.48399999999992,177.37220000000002,71.543,korean,cvvc,vcv,vcv,next_safe,3.0,0.864961538461538,0.0,1.0,0.0,0.0,0.0,2020.0,0.0,74.11000000000013,-314.15999999999985,0.0,0.0,0.0,0.0,0.0,0.0,0.0,0.0,other,,vcv,mid,other,unknown,unknown,cv,,2020.0,168.27,2238.27,72.6278,11.79,2092.6278,95.64220000000002,2070.0,0.16233453305758952,0.0,72.6278000000002,-144.15999999999985,171.4822,1.4821999999999207,60.837799999999994,95.64220000000002,144.15999999999985
KII_kor_CVVC,_ve've'vye'-'vye'vwe.wav,e v,vevevyevyevwe,e v,0,1385,e901f032f050076a,e901f032f050076a:1385,KII_kor_CVVC|e901f032f050076a:1385,2,0,-710.5700999999999,710.5700999999999,127.32999999999993,116.61699999999999,234.48399999999992,179.39,71.543,korean,cvvc,vcv,vcv,anchor_soft,1.0,0.864961538461538,0.0,1.0,0.0,0.0,0.0,2020.0,0.0,74.11000000000013,-314.15999999999985,0.0,0.0,0.0,0.0,0.0,0.0,0.0,0.0,other,,vcv,mid,other,unknown,unknown,cv,,2020.0,168.27,2238.27,70.61,11.79,2090.61,97.66000000000001,2070.0,0.16697351649907943,0.0,70.61000000000013,-144.15999999999985,173.5,3.5,58.82,97.66000000000001,144.15999999999985
KII_kor_CVVC,_ve've'vye'-'vye'vwe.wav,e v,vevevyevyevwe,e v,0,1385,e901f032f050076a,e901f032f050076a:1385,KII_kor_CVVC|e901f032f050076a:1385,1,0,-717.6100999999999,717.6100999999999,127.32999999999993,116.61699999999999,234.48399999999992,185.79000000000002,71.543,korean,cvvc,vcv,vcv,anchor_tight,2.0,0.864961538461538,0.0,1.0,0.0,0.0,0.0,2020.0,0.0,74.11000000000013,-314.15999999999985,0.0,0.0,0.0,0.0,0.0,0.0,0.0,0.0,other,,vcv,mid,other,unknown,unknown,cv,,2020.0,168.27,2238.27,64.21,11.79,2084.21,104.06000000000002,2070.0,0.18361625914966517,0.0,64.21000000000004,-144.15999999999985,179.9,9.900000000000091,52.419999999999995,104.06000000000002,144.15999999999985
KII_kor_CVVC,_ve've'vye'-'vye'vwe.wav,e vy,vevevyevyevwe,e vy,0,1386,e901f032f050076a,e901f032f050076a:1386,KII_kor_CVVC|e901f032f050076a:1386,4,1,-1624.5437,1624.5437,620.998,117.16400000000002,550.5619999999999,175.89,71.542,korean,cvvc,vcv,vcv,base,0.0,0.864961538461538,0.0,1.0,0.0,0.0,0.0,2020.0,0.0,74.11000000000013,0.0,0.0,0.0,0.0,0.0,0.0,0.0,0.0,0.0,other,,vcv,tail,other,unknown,unknown,vcv,,2020.0,168.27,2408.27,74.11,11.79,2094.11,94.16000000000001,2240.0,0.15908784239643772,0.0,74.11000000000013,0.0,0.0,0.0,62.32,94.16000000000001,0.0
KII_kor_CVVC,_ve've'vye'-'vye'vwe.wav,e vy,vevevyevyevwe,e vy,0,1386,e901f032f050076a,e901f032f050076a:1386,KII_kor_CVVC|e901f032f050076a:1386,3,0,-1626.17412,1626.17412,620.998,117.16400000000002,550.5619999999999,177.37220000000002,71.542,korean,cvvc,vcv,vcv,next_safe,3.0,0.864961538461538,0.0,1.0,0.0,0.0,0.0,2020.0,0.0,74.11000000000013,0.0,0.0,0.0,0.0,0.0,0.0,0.0,0.0,0.0,other,,vcv,tail,other,unknown,unknown,vcv,,2020.0,168.27,2408.27,72.6278,11.79,2092.6278,95.64220000000002,2240.0,0.16233453305758952,0.0,72.6278000000002,0.0,1.482200000000006,1.4821999999999207,60.837799999999994,95.64220000000002,0.0
KII_kor_CVVC,_ve've'vye'-'vye'vwe.wav,e vy,vevevyevyevwe,e vy,0,1386,e901f032f050076a,e901f032f050076a:1386,KII_kor_CVVC|e901f032f050076a:1386,2,0,-1628.3936999999999,1628.3936999999999,620.998,117.16400000000002,550.5619999999999,179.39,71.542,korean,cvvc,vcv,vcv,anchor_soft,1.0,0.864961538461538,0.0,1.0,0.0,0.0,0.0,2020.0,0.0,74.11000000000013,0.0,0.0,0.0,0.0,0.0,0.0,0.0,0.0,0.0,other,,vcv,tail,other,unknown,unknown,vcv,,2020.0,168.27,2408.27,70.61,11.79,2090.61,97.66000000000001,2240.0,0.16697351649907943,0.0,70.61000000000013,0.0,3.5,3.5,58.82,97.66000000000001,0.0
KII_kor_CVVC,_ve've'vye'-'vye'vwe.wav,e vy,vevevyevyevwe,e vy,0,1386,e901f032f050076a,e901f032f050076a:1386,KII_kor_CVVC|e901f032f050076a:1386,1,0,-1635.4336999999998,1635.4336999999998,620.998,117.16400000000002,550.5619999999999,185.79000000000002,71.542,korean,cvvc,vcv,vcv,anchor_tight,2.0,0.864961538461538,0.0,1.0,0.0,0.0,0.0,2020.0,0.0,74.11000000000013,0.0,0.0,0.0,0.0,0.0,0.0,0.0,0.0,0.0,other,,vcv,tail,other,unknown,unknown,vcv,,2020.0,168.27,2408.27,64.21,11.79,2084.21,104.06000000000002,2240.0,0.18361625914966517,0.0,64.21000000000004,0.0,9.900000000000006,9.900000000000091,52.419999999999995,104.06000000000002,0.0
KII_kor_CVVC,_vo'vo'vyo'-'vyo'-'vyu.wav,o v,vovovyovyovyu,o v,0,1408,e901f032f050076a,e901f032f050076a:1408,KII_kor_CVVC|e901f032f050076a:1408,4,1,-828.9265,828.9265,175.6790000000001,122.22999999999999,294.4839999999999,175.89,71.541,korean,cvvc,vcv,vcv,base,0.0,0.8649615384615389,0.0,1.0,0.0,0.0,0.0,1960.0,0.0,74.1099999999999,-314.1600000000001,0.0,0.0,0.0,0.0,0.0,0.0,0.0,0.0,other,,vcv,mid,other,unknown,unknown,cv_head,,1960.0,168.27,2178.27,74.11,11.79,2034.11,94.16000000000001,2010.0,0.15908784239643772,0.0,74.1099999999999,-144.16000000000008,170.0,0.0,62.32,94.16000000000001,144.16000000000008
KII_kor_CVVC,_vo'vo'vyo'-'vyo'-'vyu.wav,o v,vovovyovyovyu,o v,0,1408,e901f032f050076a,e901f032f050076a:1408,KII_kor_CVVC|e901f032f050076a:1408,3,0,-830.55692,830.55692,175.6790000000001,122.22999999999999,294.4839999999999,177.37220000000002,71.541,korean,cvvc,vcv,vcv,next_safe,3.0,0.8649615384615389,0.0,1.0,0.0,0.0,0.0,1960.0,0.0,74.1099999999999,-314.1600000000001,0.0,0.0,0.0,0.0,0.0,0.0,0.0,0.0,other,,vcv,mid,other,unknown,unknown,cv_head,,1960.0,168.27,2178.27,72.6278,11.79,2032.6278,95.64220000000002,2010.0,0.16233453305758952,0.0,72.62779999999998,-144.16000000000008,171.4822,1.4821999999999207,60.837799999999994,95.64220000000002,144.16000000000008
KII_kor_CVVC,_vo'vo'vyo'-'vyo'-'vyu.wav,o v,vovovyovyovyu,o v,0,1408,e901f032f050076a,e901f032f050076a:1408,KII_kor_CVVC|e901f032f050076a:1408,2,0,-832.7764999999999,832.7764999999999,175.6790000000001,122.22999999999999,294.4839999999999,179.39,71.541,korean,cvvc,vcv,vcv,anchor_soft,1.0,0.8649615384615389,0.0,1.0,0.0,0.0,0.0,1960.0,0.0,74.1099999999999,-314.1600000000001,0.0,0.0,0.0,0.0,0.0,0.0,0.0,0.0,other,,vcv,mid,other,unknown,unknown,cv_head,,1960.0,168.27,2178.27,70.61,11.79,2030.61,97.66000000000001,2010.0,0.16697351649907943,0.0,70.6099999999999,-144.16000000000008,173.5,3.5,58.82,97.66000000000001,144.16000000000008
KII_kor_CVVC,_vo'vo'vyo'-'vyo'-'vyu.wav,o v,vovovyovyovyu,o v,0,1408,e901f032f050076a,e901f032f050076a:1408,KII_kor_CVVC|e901f032f050076a:1408,1,0,-839.8165,839.8165,175.6790000000001,122.22999999999999,294.4839999999999,185.79000000000002,71.541,korean,cvvc,vcv,vcv,anchor_tight,2.0,0.8649615384615389,0.0,1.0,0.0,0.0,0.0,1960.0,0.0,74.1099999999999,-314.1600000000001,0.0,0.0,0.0,0.0,0.0,0.0,0.0,0.0,other,,vcv,mid,other,unknown,unknown,cv_head,,1960.0,168.27,2178.27,64.21,11.79,2024.21,104.06000000000002,2010.0,0.18361625914966517,0.0,64.21000000000004,-144.16000000000008,179.9,9.899999999999864,52.419999999999995,104.06000000000002,144.16000000000008
KII_kor_CVVC,_vo'vo'vyo'-'vyo'-'vyu.wav,o vy,vovovyovyovyu,o vy,0,1409,e901f032f050076a,e901f032f050076a:1409,KII_kor_CVVC|e901f032f050076a:1409,4,1,-1744.1879999999999,1744.1879999999999,665.808,118.179,616.6370000000002,175.88799999999998,71.542,korean,cvvc,vcv,vcv,base,0.0,0.8649615384615389,0.0,1.0,0.0,0.0,0.0,1960.0,0.0,74.1099999999999,0.0,0.0,0.0,0.0,0.0,0.0,0.0,0.0,0.0,other,,vcv,tail,other,unknown,unknown,vcv,,1960.0,168.27,2348.27,74.11,11.79,2034.11,94.16000000000001,2180.0,0.15908784239643772,0.0,74.1099999999999,0.0,0.0,0.0,62.32,94.16000000000001,0.0
KII_kor_CVVC,_vo'vo'vyo'-'vyo'-'vyu.wav,o vy,vovovyovyovyu,o vy,0,1409,e901f032f050076a,e901f032f050076a:1409,KII_kor_CVVC|e901f032f050076a:1409,3,0,-1745.81842,1745.81842,665.808,118.179,616.6370000000002,177.3702,71.542,korean,cvvc,vcv,vcv,next_safe,3.0,0.8649615384615389,0.0,1.0,0.0,0.0,0.0,1960.0,0.0,74.1099999999999,0.0,0.0,0.0,0.0,0.0,0.0,0.0,0.0,0.0,other,,vcv,tail,other,unknown,unknown,vcv,,1960.0,168.27,2348.27,72.6278,11.79,2032.6278,95.64220000000002,2180.0,0.16233453305758952,0.0,72.62779999999998,0.0,1.482200000000006,1.4821999999999207,60.837799999999994,95.64220000000002,0.0
KII_kor_CVVC,_vo'vo'vyo'-'vyo'-'vyu.wav,o vy,vovovyovyovyu,o vy,0,1409,e901f032f050076a,e901f032f050076a:1409,KII_kor_CVVC|e901f032f050076a:1409,2,0,-1748.038,1748.038,665.808,118.179,616.6370000000002,179.38799999999998,71.542,korean,cvvc,vcv,vcv,anchor_soft,1.0,0.8649615384615389,0.0,1.0,0.0,0.0,0.0,1960.0,0.0,74.1099999999999,0.0,0.0,0.0,0.0,0.0,0.0,0.0,0.0,0.0,other,,vcv,tail,other,unknown,unknown,vcv,,1960.0,168.27,2348.27,70.61,11.79,2030.61,97.66000000000001,2180.0,0.16697351649907943,0.0,70.6099999999999,0.0,3.5,3.5,58.82,97.66000000000001,0.0
KII_kor_CVVC,_vo'vo'vyo'-'vyo'-'vyu.wav,o vy,vovovyovyovyu,o vy,0,1409,e901f032f050076a,e901f032f050076a:1409,KII_kor_CVVC|e901f032f050076a:1409,1,0,-1755.078,1755.078,665.808,118.179,616.6370000000002,185.788,71.542,korean,cvvc,vcv,vcv,anchor_tight,2.0,0.8649615384615389,0.0,1.0,0.0,0.0,0.0,1960.0,0.0,74.1099999999999,0.0,0.0,0.0,0.0,0.0,0.0,0.0,0.0,0.0,other,,vcv,tail,other,unknown,unknown,vcv,,1960.0,168.27,2348.27,64.21,11.79,2024.21,104.06000000000002,2180.0,0.18361625914966517,0.0,64.21000000000004,0.0,9.900000000000006,9.899999999999864,52.419999999999995,104.06000000000002,0.0
KII_kor_CVVC,_vu'vu'vyu'-'veui'veui.wav,u v,vuvuvyuveuiveui,u v,0,1415,e901f032f050076a,e901f032f050076a:1415,KII_kor_CVVC|e901f032f050076a:1415,4,1,-948.8723999999999,948.8723999999999,233.51800000000003,116.037,350.17999999999984,175.89,71.541,korean,cvvc,vcv,vcv,base,0.0,0.8649615384615389,0.0,1.0,0.0,0.0,0.0,1880.0,0.0,74.1099999999999,-314.1600000000001,0.0,0.0,0.0,0.0,0.0,0.0,0.0,0.0,other,,vcv,mid,other,unknown,unknown,cv,,1880.0,168.27,2098.27,74.11,11.79,1954.11,94.16000000000001,1930.0,0.15908784239643772,0.0,74.1099999999999,-144.16000000000008,170.0,0.0,62.32,94.16000000000001,144.16000000000008
KII_kor_CVVC,_vu'vu'vyu'-'veui'veui.wav,u v,vuvuvyuveuiveui,u v,0,1415,e901f032f050076a,e901f032f050076a:1415,KII_kor_CVVC|e901f032f050076a:1415,3,0,-950.5028199999998,950.5028199999998,233.51800000000003,116.037,350.17999999999984,177.37220000000002,71.541,korean,cvvc,vcv,vcv,next_safe,3.0,0.8649615384615389,0.0,1.0,0.0,0.0,0.0,1880.0,0.0,74.1099999999999,-314.1600000000001,0.0,0.0,0.0,0.0,0.0,0.0,0.0,0.0,other,,vcv,mid,other,unknown,unknown,cv,,1880.0,168.27,2098.27,72.6278,11.79,1952.6278,95.64220000000002,1930.0,0.16233453305758952,0.0,72.62779999999998,-144.16000000000008,171.4822,1.4821999999999207,60.837799999999994,95.64220000000002,144.16000000000008
KII_kor_CVVC,_vu'vu'vyu'-'veui'veui.wav,u v,vuvuvyuveuiveui,u v,0,1415,e901f032f050076a,e901f032f050076a:1415,KII_kor_CVVC|e901f032f050076a:1415,2,0,-952.7223999999999,952.7223999999999,233.51800000000003,116.037,350.17999999999984,179.39,71.541,korean,cvvc,vcv,vcv,anchor_soft,1.0,0.8649615384615389,0.0,1.0,0.0,0.0,0.0,1880.0,0.0,74.1099999999999,-314.1600000000001,0.0,0.0,0.0,0.0,0.0,0.0,0.0,0.0,other,,vcv,mid,other,unknown,unknown,cv,,1880.0,168.27,2098.27,70.61,11.79,1950.61,97.66000000000001,1930.0,0.16697351649907943,0.0,70.6099999999999,-144.16000000000008,173.5,3.5,58.82,97.66000000000001,144.16000000000008
KII_kor_CVVC,_vu'vu'vyu'-'veui'veui.wav,u v,vuvuvyuveuiveui,u v,0,1415,e901f032f050076a,e901f032f050076a:1415,KII_kor_CVVC|e901f032f050076a:1415,1,0,-959.7623999999998,959.7623999999998,233.51800000000003,116.037,350.17999999999984,185.79000000000002,71.541,korean,cvvc,vcv,vcv,anchor_tight,2.0,0.8649615384615389,0.0,1.0,0.0,0.0,0.0,1880.0,0.0,74.1099999999999,-314.1600000000001,0.0,0.0,0.0,0.0,0.0,0.0,0.0,0.0,other,,vcv,mid,other,unknown,unknown,cv,,1880.0,168.27,2098.27,64.21,11.79,1944.21,104.06000000000002,1930.0,0.18361625914966517,0.0,64.21000000000004,-144.16000000000008,179.9,9.899999999999864,52.419999999999995,104.06000000000002,144.16000000000008
KII_kor_CVVC,_vu'vu'vyu'-'veui'veui.wav,u vy,vuvuvyuveuiveui,u vy,0,1416,e901f032f050076a,e901f032f050076a:1416,KII_kor_CVVC|e901f032f050076a:1416,4,1,-1851.5321500000005,1851.5321500000005,711.3780000000002,124.25399999999999,664.2320000000004,175.89,71.543,korean,cvvc,vcv,vcv,base,0.0,0.8649615384615389,0.0,1.0,0.0,0.0,0.0,1880.0,0.0,74.1099999999999,0.0,0.0,0.0,0.0,0.0,0.0,0.0,0.0,0.0,other,,vcv,tail,other,unknown,unknown,vcv,,1880.0,168.27,2268.27,74.11,11.79,1954.11,94.16000000000001,2100.0,0.15908784239643772,0.0,74.1099999999999,0.0,0.0,0.0,62.32,94.16000000000001,0.0
KII_kor_CVVC,_vu'vu'vyu'-'veui'veui.wav,u vy,vuvuvyuveuiveui,u vy,0,1416,e901f032f050076a,e901f032f050076a:1416,KII_kor_CVVC|e901f032f050076a:1416,3,0,-1853.1625700000004,1853.1625700000004,711.3780000000002,124.25399999999999,664.2320000000004,177.37220000000002,71.543,korean,cvvc,vcv,vcv,next_safe,3.0,0.8649615384615389,0.0,1.0,0.0,0.0,0.0,1880.0,0.0,74.1099999999999,0.0,0.0,0.0,0.0,0.0,0.0,0.0,0.0,0.0,other,,vcv,tail,other,unknown,unknown,vcv,,1880.0,168.27,2268.27,72.6278,11.79,1952.6278,95.64220000000002,2100.0,0.16233453305758952,0.0,72.62779999999998,0.0,1.482200000000006,1.4821999999999207,60.837799999999994,95.64220000000002,0.0
KII_kor_CVVC,_vu'vu'vyu'-'veui'veui.wav,u vy,vuvuvyuveuiveui,u vy,0,1416,e901f032f050076a,e901f032f050076a:1416,KII_kor_CVVC|e901f032f050076a:1416,2,0,-1855.3821500000004,1855.3821500000004,711.3780000000002,124.25399999999999,664.2320000000004,179.39,71.543,korean,cvvc,vcv,vcv,anchor_soft,1.0,0.8649615384615389,0.0,1.0,0.0,0.0,0.0,1880.0,0.0,74.1099999999999,0.0,0.0,0.0,0.0,0.0,0.0,0.0,0.0,0.0,other,,vcv,tail,other,unknown,unknown,vcv,,1880.0,168.27,2268.27,70.61,11.79,1950.61,97.66000000000001,2100.0,0.16697351649907943,0.0,70.6099999999999,0.0,3.5,3.5,58.82,97.66000000000001,0.0
KII_kor_CVVC,_vu'vu'vyu'-'veui'veui.wav,u vy,vuvuvyuveuiveui,u vy,0,1416,e901f032f050076a,e901f032f050076a:1416,KII_kor_CVVC|e901f032f050076a:1416,1,0,-1862.4221500000006,1862.4221500000006,711.3780000000002,124.25399999999999,664.2320000000004,185.79000000000002,71.543,korean,cvvc,vcv,vcv,anchor_tight,2.0,0.8649615384615389,0.0,1.0,0.0,0.0,0.0,1880.0,0.0,74.1099999999999,0.0,0.0,0.0,0.0,0.0,0.0,0.0,0.0,0.0,other,,vcv,tail,other,unknown,unknown,vcv,,1880.0,168.27,2268.27,64.21,11.79,1944.21,104.06000000000002,2100.0,0.18361625914966517,0.0,64.21000000000004,0.0,9.900000000000006,9.899999999999864,52.419999999999995,104.06000000000002,0.0
So Yoon Spindrift_CVVC,_e'R.wav,e RC4,er,e rc4,0,297,f89d0d88966552a8,f89d0d88966552a8:297,So Yoon Spindrift_CVVC|f89d0d88966552a8:297,4,1,-881.8120999999998,881.8120999999998,363.424,80.475,347.2449999999999,18.076999999999998,20.801999999999992,korean,cvvc,vcv,vcv,base,0.0,0.8981923076923076,0.0,1.0,0.0,329.953,5437.006802721088,1010.0,0.4700000000000273,125.13000000000011,0.0,0.0,0.0,1.0,0.0,-28.702038431476318,-30.279294902003265,1.0,0.0,other,,vcv,head,other,unknown,unknown,,,1010.47,206.15,1371.66,124.66,48.2,1135.13,81.49000000000001,1165.51,0.3866516926038826,0.4700000000000273,125.13000000000011,0.0,0.0,0.0,76.46,81.49000000000001,0.0
So Yoon Spindrift_CVVC,_e'R.wav,e RC4,er,e rc4,0,297,f89d0d88966552a8,f89d0d88966552a8:297,So Yoon Spindrift_CVVC|f89d0d88966552a8:297,3,0,-884.5546199999998,884.5546199999998,363.424,80.475,347.2449999999999,20.5702,20.801999999999992,korean,cvvc,vcv,vcv,next_safe,3.0,0.8981923076923076,0.0,1.0,0.0,329.953,5437.006802721088,1010.0,0.4700000000000273,125.13000000000011,0.0,0.0,0.0,1.0,0.0,-28.702038431476318,-30.279294902003265,1.0,0.0,other,,vcv,head,other,unknown,unknown,,,1010.47,206.15,1371.66,122.1668,48.2,1132.6368,83.98320000000001,1165.51,0.3945425434733496,0.4700000000000273,122.6368,0.0,2.4932000000000016,2.4932000000001153,73.96679999999999,83.98320000000001,0.0
So Yoon Spindrift_CVVC,_e'R.wav,e RC4,er,e rc4,0,297,f89d0d88966552a8,f89d0d88966552a8:297,So Yoon Spindrift_CVVC|f89d0d88966552a8:297,2,0,-885.6620999999998,885.6620999999998,363.424,80.475,347.2449999999999,21.576999999999998,20.801999999999992,korean,cvvc,vcv,vcv,anchor_soft,1.0,0.8981923076923076,0.0,1.0,0.0,329.953,5437.006802721088,1010.0,0.4700000000000273,125.13000000000011,0.0,0.0,0.0,1.0,0.0,-28.702038431476318,-30.279294902003265,1.0,0.0,other,,vcv,head,other,unknown,unknown,,,1010.47,206.15,1371.66,121.16,48.2,1131.63,84.99000000000001,1165.51,0.3978210630571146,0.4700000000000273,121.63000000000011,0.0,3.5,3.5,72.96,84.99000000000001,0.0
So Yoon Spindrift_CVVC,_e'R.wav,e RC4,er,e rc4,0,297,f89d0d88966552a8,f89d0d88966552a8:297,So Yoon Spindrift_CVVC|f89d0d88966552a8:297,1,0,-892.7020999999999,892.7020999999999,363.424,80.475,347.2449999999999,27.977000000000004,20.801999999999992,korean,cvvc,vcv,vcv,anchor_tight,2.0,0.8981923076923076,0.0,1.0,0.0,329.953,5437.006802721088,1010.0,0.4700000000000273,125.13000000000011,0.0,0.0,0.0,1.0,0.0,-28.702038431476318,-30.279294902003265,1.0,0.0,other,,vcv,head,other,unknown,unknown,,,1010.47,206.15,1371.66,114.75999999999999,48.2,1125.23,91.39000000000001,1165.51,0.4200069710700593,0.4700000000000273,115.23000000000002,0.0,9.900000000000006,9.900000000000091,66.55999999999999,91.39000000000001,0.0
So Yoon Spindrift_CVVC,_eo'R.wav,eo RC4,eor,eo rc4,0,306,f89d0d88966552a8,f89d0d88966552a8:306,So Yoon Spindrift_CVVC|f89d0d88966552a8:306,4,1,-2349.4683270975056,2349.4683270975056,396.3789999999999,90.226,1859.0261337868483,3.855000000000004,15.527000000000001,korean,cvvc,vcv,vcv,anchor_tight,2.0,0.8384615384615385,0.0,1.0,0.0,348.4,5499.501133786848,1070.0,16.0,137.23000000000002,0.0,0.0,0.0,1.0,0.0,-28.911734696816914,-29.912300478174167,1.0,0.0,other,,vcv,head,other,unknown,unknown,,,1086.0,206.2,1447.23,111.33,43.41,1197.33,94.86999999999999,1241.03,0.38992185394772294,16.0,127.32999999999993,0.0,9.900000000000006,9.900000000000091,67.92,94.86999999999999,0.0
So Yoon Spindrift_CVVC,_eo'R.wav,eo RC4,eor,eo rc4,0,306,f89d0d88966552a8,f89d0d88966552a8:306,So Yoon Spindrift_CVVC|f89d0d88966552a8:306,3,0,-2356.5083270975056,2356.5083270975056,396.3789999999999,90.226,1859.0261337868483,10.25500000000001,15.527000000000001,korean,cvvc,vcv,vcv,anchor_soft,1.0,0.8384615384615385,0.0,1.0,0.0,348.4,5499.501133786848,1070.0,16.0,137.23000000000002,0.0,0.0,0.0,1.0,0.0,-28.911734696816914,-29.912300478174167,1.0,0.0,other,,vcv,head,other,unknown,unknown,,,1086.0,206.2,1447.23,117.73,43.41,1203.73,88.46999999999998,1241.03,0.36872504884056734,16.0,133.73000000000002,0.0,3.5,3.5,74.32000000000001,88.46999999999998,0.0
So Yoon Spindrift_CVVC,_eo'R.wav,eo RC4,eor,eo rc4,0,306,f89d0d88966552a8,f89d0d88966552a8:306,So Yoon Spindrift_CVVC|f89d0d88966552a8:306,2,0,-2357.6912670975057,2357.6912670975057,396.3789999999999,90.226,1859.0261337868483,11.330400000000012,15.527000000000001,korean,cvvc,vcv,vcv,next_safe,3.0,0.8384615384615385,0.0,1.0,0.0,348.4,5499.501133786848,1070.0,16.0,137.23000000000002,0.0,0.0,0.0,1.0,0.0,-28.911734696816914,-29.912300478174167,1.0,0.0,other,,vcv,head,other,unknown,unknown,,,1086.0,206.2,1447.23,118.8054,43.41,1204.8054,87.39459999999998,1241.03,0.36538743188440925,16.0,134.80539999999996,0.0,2.424599999999998,2.424600000000055,75.39540000000001,87.39459999999998,0.0
So Yoon Spindrift_CVVC,_eo'R.wav,eo RC4,eor,eo rc4,0,306,f89d0d88966552a8,f89d0d88966552a8:306,So Yoon Spindrift_CVVC|f89d0d88966552a8:306,1,0,-2360.358327097506,2360.358327097506,396.3789999999999,90.226,1859.0261337868483,13.75500000000001,15.527000000000001,korean,cvvc,vcv,vcv,base,0.0,0.8384615384615385,0.0,1.0,0.0,348.4,5499.501133786848,1070.0,16.0,137.23000000000002,0.0,0.0,0.0,1.0,0.0,-28.911734696816914,-29.912300478174167,1.0,0.0,other,,vcv,head,other,unknown,unknown,,,1086.0,206.2,1447.23,121.23,43.41,1207.23,84.96999999999998,1241.03,0.35807968324672107,16.0,137.23000000000002,0.0,0.0,0.0,77.82000000000001,84.96999999999998,0.0
So Yoon Spindrift_CVVC,_ve've'vye'-'vye'vwe.wav,e vC4,vevevyevyevwe,e vc4,0,1322,f89d0d88966552a8,f89d0d88966552a8:1322,So Yoon Spindrift_CVVC|f89d0d88966552a8:1322,4,1,-625.33055,625.33055,159.24900000000002,54.00799999999998,234.19700000000012,126.097,42.597,korean,cvvc,vcv,vcv,base,0.0,0.9554290775430756,0.0,1.0,0.0,0.0,5499.501133786848,1150.0,0.0,74.1099999999999,-314.1600000000001,0.0,0.0,0.9046753908153664,0.0,-28.53701170982424,-34.29783638171224,0.9046753908153664,0.0,other,,vcv,mid,other,unknown,unknown,cv,,1150.0,168.27,1368.27,74.11,11.79,1224.11,94.16000000000001,1200.0,0.15908784239643772,0.0,74.1099999999999,-144.16000000000008,170.0,0.0,62.32,94.16000000000001,144.16000000000008
So Yoon Spindrift_CVVC,_ve've'vye'-'vye'vwe.wav,e vC4,vevevyevyevwe,e vc4,0,1322,f89d0d88966552a8,f89d0d88966552a8:1322,So Yoon Spindrift_CVVC|f89d0d88966552a8:1322,3,0,-626.9609700000001,626.9609700000001,159.24900000000002,54.00799999999998,234.19700000000012,127.5792,42.597,korean,cvvc,vcv,vcv,next_safe,3.0,0.9554290775430756,0.0,1.0,0.0,0.0,5499.501133786848,1150.0,0.0,74.1099999999999,-314.1600000000001,0.0,0.0,0.9046753908153664,0.0,-28.53701170982424,-34.29783638171224,0.9046753908153664,0.0,other,,vcv,mid,other,unknown,unknown,cv,,1150.0,168.27,1368.27,72.6278,11.79,1222.6278,95.64220000000002,1200.0,0.16233453305758952,0.0,72.62779999999998,-144.16000000000008,171.4822,1.4821999999999207,60.837799999999994,95.64220000000002,144.16000000000008
So Yoon Spindrift_CVVC,_ve've'vye'-'vye'vwe.wav,e vC4,vevevyevyevwe,e vc4,0,1322,f89d0d88966552a8,f89d0d88966552a8:1322,So Yoon Spindrift_CVVC|f89d0d88966552a8:1322,2,0,-629.18055,629.18055,159.24900000000002,54.00799999999998,234.19700000000012,129.59699999999998,42.597,korean,cvvc,vcv,vcv,anchor_soft,1.0,0.9554290775430756,0.0,1.0,0.0,0.0,5499.501133786848,1150.0,0.0,74.1099999999999,-314.1600000000001,0.0,0.0,0.9046753908153664,0.0,-28.53701170982424,-34.29783638171224,0.9046753908153664,0.0,other,,vcv,mid,other,unknown,unknown,cv,,1150.0,168.27,1368.27,70.61,11.79,1220.61,97.66000000000001,1200.0,0.16697351649907943,0.0,70.6099999999999,-144.16000000000008,173.5,3.5,58.82,97.66000000000001,144.16000000000008
So Yoon Spindrift_CVVC,_ve've'vye'-'vye'vwe.wav,e vC4,vevevyevyevwe,e vc4,0,1322,f89d0d88966552a8,f89d0d88966552a8:1322,So Yoon Spindrift_CVVC|f89d0d88966552a8:1322,1,0,-636.2205500000001,636.2205500000001,159.24900000000002,54.00799999999998,234.19700000000012,135.997,42.597,korean,cvvc,vcv,vcv,anchor_tight,2.0,0.9554290775430756,0.0,1.0,0.0,0.0,5499.501133786848,1150.0,0.0,74.1099999999999,-314.1600000000001,0.0,0.0,0.9046753908153664,0.0,-28.53701170982424,-34.29783638171224,0.9046753908153664,0.0,other,,vcv,mid,other,unknown,unknown,cv,,1150.0,168.27,1368.27,64.21,11.79,1214.21,104.06000000000002,1200.0,0.18361625914966517,0.0,64.21000000000004,-144.16000000000008,179.9,9.899999999999864,52.419999999999995,104.06000000000002,144.16000000000008
So Yoon Spindrift_CVVC,_ve've'vye'-'vye'vwe.wav,e vyC4,vevevyevyevwe,e vyc4,0,1323,f89d0d88966552a8,f89d0d88966552a8:1323,So Yoon Spindrift_CVVC|f89d0d88966552a8:1323,4,1,-1483.9223000000004,1483.9223000000004,633.7650000000001,54.79599999999999,529.2540000000004,122.94500000000001,15.797,korean,cvvc,vcv,vcv,base,0.0,0.9554290775430756,0.0,1.0,0.0,0.0,5499.501133786848,1150.0,0.0,74.1099999999999,0.0,0.0,0.0,0.9046753908153664,0.0,-28.53701170982424,-34.29783638171224,0.9046753908153664,0.0,other,,vcv,tail,other,unknown,unknown,vcv,,1150.0,168.27,1538.27,74.11,11.79,1224.11,94.16000000000001,1370.0,0.15908784239643772,0.0,74.1099999999999,0.0,0.0,0.0,62.32,94.16000000000001,0.0
So Yoon Spindrift_CVVC,_ve've'vye'-'vye'vwe.wav,e vyC4,vevevyevyevwe,e vyc4,0,1323,f89d0d88966552a8,f89d0d88966552a8:1323,So Yoon Spindrift_CVVC|f89d0d88966552a8:1323,3,0,-1485.5527200000004,1485.5527200000004,633.7650000000001,54.79599999999999,529.2540000000004,124.42720000000001,15.797,korean,cvvc,vcv,vcv,next_safe,3.0,0.9554290775430756,0.0,1.0,0.0,0.0,5499.501133786848,1150.0,0.0,74.1099999999999,0.0,0.0,0.0,0.9046753908153664,0.0,-28.53701170982424,-34.29783638171224,0.9046753908153664,0.0,other,,vcv,tail,other,unknown,unknown,vcv,,1150.0,168.27,1538.27,72.6278,11.79,1222.6278,95.64220000000002,1370.0,0.16233453305758952,0.0,72.62779999999998,0.0,1.482200000000006,1.4821999999999207,60.837799999999994,95.64220000000002,0.0
So Yoon Spindrift_CVVC,_ve've'vye'-'vye'vwe.wav,e vyC4,vevevyevyevwe,e vyc4,0,1323,f89d0d88966552a8,f89d0d88966552a8:1323,So Yoon Spindrift_CVVC|f89d0d88966552a8:1323,2,0,-1487.7723000000003,1487.7723000000003,633.7650000000001,54.79599999999999,529.2540000000004,126.44500000000001,15.797,korean,cvvc,vcv,vcv,anchor_soft,1.0,0.9554290775430756,0.0,1.0,0.0,0.0,5499.501133786848,1150.0,0.0,74.1099999999999,0.0,0.0,0.0,0.9046753908153664,0.0,-28.53701170982424,-34.29783638171224,0.9046753908153664,0.0,other,,vcv,tail,other,unknown,unknown,vcv,,1150.0,168.27,1538.27,70.61,11.79,1220.61,97.66000000000001,1370.0,0.16697351649907943,0.0,70.6099999999999,0.0,3.5,3.5,58.82,97.66000000000001,0.0
So Yoon Spindrift_CVVC,_ve've'vye'-'vye'vwe.wav,e vyC4,vevevyevyevwe,e vyc4,0,1323,f89d0d88966552a8,f89d0d88966552a8:1323,So Yoon Spindrift_CVVC|f89d0d88966552a8:1323,1,0,-1494.8123000000003,1494.8123000000003,633.7650000000001,54.79599999999999,529.2540000000004,132.84500000000003,15.797,korean,cvvc,vcv,vcv,anchor_tight,2.0,0.9554290775430756,0.0,1.0,0.0,0.0,5499.501133786848,1150.0,0.0,74.1099999999999,0.0,0.0,0.0,0.9046753908153664,0.0,-28.53701170982424,-34.29783638171224,0.9046753908153664,0.0,other,,vcv,tail,other,unknown,unknown,vcv,,1150.0,168.27,1538.27,64.21,11.79,1214.21,104.06000000000002,1370.0,0.18361625914966517,0.0,64.21000000000004,0.0,9.900000000000006,9.899999999999864,52.419999999999995,104.06000000000002,0.0
So Yoon Spindrift_CVVC,_vo'vo'vyo'-'vyo'-'vyu.wav,o vC4,vovovyovyovyu,o vc4,0,1345,f89d0d88966552a8,f89d0d88966552a8:1345,So Yoon Spindrift_CVVC|f89d0d88966552a8:1345,4,1,-608.7167999999999,608.7167999999999,187.8119999999999,35.87899999999999,202.85500000000002,120.58,40.232,korean,cvvc,vcv,vcv,base,0.0,0.9521942144323663,0.0,1.0,0.0,0.0,5561.995464852607,1220.0,0.0,74.1099999999999,-314.1600000000001,0.0,0.0,0.8723267597082746,0.0,-30.93141372656351,-54.2963326454595,0.8723267597082746,0.0,other,,vcv,mid,other,unknown,unknown,cv_head,,1220.0,168.27,1438.27,74.11,11.79,1294.11,94.16000000000001,1270.0,0.15908784239643772,0.0,74.1099999999999,-144.16000000000008,170.0,0.0,62.32,94.16000000000001,144.16000000000008
So Yoon Spindrift_CVVC,_vo'vo'vyo'-'vyo'-'vyu.wav,o vC4,vovovyovyovyu,o vc4,0,1345,f89d0d88966552a8,f89d0d88966552a8:1345,So Yoon Spindrift_CVVC|f89d0d88966552a8:1345,3,0,-610.3472199999999,610.3472199999999,187.8119999999999,35.87899999999999,202.85500000000002,122.0622,40.232,korean,cvvc,vcv,vcv,next_safe,3.0,0.9521942144323663,0.0,1.0,0.0,0.0,5561.995464852607,1220.0,0.0,74.1099999999999,-314.1600000000001,0.0,0.0,0.8723267597082746,0.0,-30.93141372656351,-54.2963326454595,0.8723267597082746,0.0,other,,vcv,mid,other,unknown,unknown,cv_head,,1220.0,168.27,1438.27,72.6278,11.79,1292.6278,95.64220000000002,1270.0,0.16233453305758952,0.0,72.62779999999998,-144.16000000000008,171.4822,1.4821999999999207,60.837799999999994,95.64220000000002,144.16000000000008
So Yoon Spindrift_CVVC,_vo'vo'vyo'-'vyo'-'vyu.wav,o vC4,vovovyovyovyu,o vc4,0,1345,f89d0d88966552a8,f89d0d88966552a8:1345,So Yoon Spindrift_CVVC|f89d0d88966552a8:1345,2,0,-612.5668,612.5668,187.8119999999999,35.87899999999999,202.85500000000002,124.08,40.232,korean,cvvc,vcv,vcv,anchor_soft,1.0,0.9521942144323663,0.0,1.0,0.0,0.0,5561.995464852607,1220.0,0.0,74.1099999999999,-314.1600000000001,0.0,0.0,0.8723267597082746,0.0,-30.93141372656351,-54.2963326454595,0.8723267597082746,0.0,other,,vcv,mid,other,unknown,unknown,cv_head,,1220.0,168.27,1438.27,70.61,11.79,1290.61,97.66000000000001,1270.0,0.16697351649907943,0.0,70.6099999999999,-144.16000000000008,173.5,3.5,58.82,97.66000000000001,144.16000000000008
So Yoon Spindrift_CVVC,_vo'vo'vyo'-'vyo'-'vyu.wav,o vC4,vovovyovyovyu,o vc4,0,1345,f89d0d88966552a8,f89d0d88966552a8:1345,So Yoon Spindrift_CVVC|f89d0d88966552a8:1345,1,0,-619.6067999999999,619.6067999999999,187.8119999999999,35.87899999999999,202.85500000000002,130.48000000000002,40.232,korean,cvvc,vcv,vcv,anchor_tight,2.0,0.9521942144323663,0.0,1.0,0.0,0.0,5561.995464852607,1220.0,0.0,74.1099999999999,-314.1600000000001,0.0,0.0,0.8723267597082746,0.0,-30.93141372656351,-54.2963326454595,0.8723267597082746,0.0,other,,vcv,mid,other,unknown,unknown,cv_head,,1220.0,168.27,1438.27,64.21,11.79,1284.21,104.06000000000002,1270.0,0.18361625914966517,0.0,64.21000000000004,-144.16000000000008,179.9,9.899999999999864,52.419999999999995,104.06000000000002,144.16000000000008
So Yoon Spindrift_CVVC,_vo'vo'vyo'-'vyo'-'vyu.wav,o vyC4,vovovyovyovyu,o vyc4,0,1346,f89d0d88966552a8,f89d0d88966552a8:1346,So Yoon Spindrift_CVVC|f89d0d88966552a8:1346,4,1,-1473.9681999999998,1473.9681999999998,617.4169999999999,66.61999999999998,493.201,147.37900000000002,33.138,korean,cvvc,vcv,vcv,base,0.0,0.9521942144323663,0.0,1.0,0.0,0.0,5561.995464852607,1220.0,0.0,74.1099999999999,0.0,0.0,0.0,0.8723267597082746,0.0,-30.93141372656351,-54.2963326454595,0.8723267597082746,0.0,other,,vcv,tail,other,unknown,unknown,vcv,,1220.0,168.27,1608.27,74.11,11.79,1294.11,94.16000000000001,1440.0,0.15908784239643772,0.0,74.1099999999999,0.0,0.0,0.0,62.32,94.16000000000001,0.0
So Yoon Spindrift_CVVC,_vo'vo'vyo'-'vyo'-'vyu.wav,o vyC4,vovovyovyovyu,o vyc4,0,1346,f89d0d88966552a8,f89d0d88966552a8:1346,So Yoon Spindrift_CVVC|f89d0d88966552a8:1346,3,0,-1475.5986199999998,1475.5986199999998,617.4169999999999,66.61999999999998,493.201,148.8612,33.138,korean,cvvc,vcv,vcv,next_safe,3.0,0.9521942144323663,0.0,1.0,0.0,0.0,5561.995464852607,1220.0,0.0,74.1099999999999,0.0,0.0,0.0,0.8723267597082746,0.0,-30.93141372656351,-54.2963326454595,0.8723267597082746,0.0,other,,vcv,tail,other,unknown,unknown,vcv,,1220.0,168.27,1608.27,72.6278,11.79,1292.6278,95.64220000000002,1440.0,0.16233453305758952,0.0,72.62779999999998,0.0,1.482200000000006,1.4821999999999207,60.837799999999994,95.64220000000002,0.0
So Yoon Spindrift_CVVC,_vo'vo'vyo'-'vyo'-'vyu.wav,o vyC4,vovovyovyovyu,o vyc4,0,1346,f89d0d88966552a8,f89d0d88966552a8:1346,So Yoon Spindrift_CVVC|f89d0d88966552a8:1346,2,0,-1477.8182,1477.8182,617.4169999999999,66.61999999999998,493.201,150.87900000000002,33.138,korean,cvvc,vcv,vcv,anchor_soft,1.0,0.9521942144323663,0.0,1.0,0.0,0.0,5561.995464852607,1220.0,0.0,74.1099999999999,0.0,0.0,0.0,0.8723267597082746,0.0,-30.93141372656351,-54.2963326454595,0.8723267597082746,0.0,other,,vcv,tail,other,unknown,unknown,vcv,,1220.0,168.27,1608.27,70.61,11.79,1290.61,97.66000000000001,1440.0,0.16697351649907943,0.0,70.6099999999999,0.0,3.5,3.5,58.82,97.66000000000001,0.0
So Yoon Spindrift_CVVC,_vo'vo'vyo'-'vyo'-'vyu.wav,o vyC4,vovovyovyovyu,o vyc4,0,1346,f89d0d88966552a8,f89d0d88966552a8:1346,So Yoon Spindrift_CVVC|f89d0d88966552a8:1346,1,0,-1484.8582,1484.8582,617.4169999999999,66.61999999999998,493.201,157.279,33.138,korean,cvvc,vcv,vcv,anchor_tight,2.0,0.9521942144323663,0.0,1.0,0.0,0.0,5561.995464852607,1220.0,0.0,74.1099999999999,0.0,0.0,0.0,0.8723267597082746,0.0,-30.93141372656351,-54.2963326454595,0.8723267597082746,0.0,other,,vcv,tail,other,unknown,unknown,vcv,,1220.0,168.27,1608.27,64.21,11.79,1284.21,104.06000000000002,1440.0,0.18361625914966517,0.0,64.21000000000004,0.0,9.900000000000006,9.899999999999864,52.419999999999995,104.06000000000002,0.0
So Yoon Spindrift_CVVC,_vu'vu'vyu'-'veui'veui.wav,u vC4,vuvuvyuveuiveui,u vc4,0,1352,f89d0d88966552a8,f89d0d88966552a8:1352,So Yoon Spindrift_CVVC|f89d0d88966552a8:1352,4,1,-616.3419000000001,616.3419000000001,198.336,27.209000000000003,237.02600000000007,96.933,29.985,korean,cvvc,vcv,vcv,base,0.0,0.9563906056075686,0.0,1.0,0.0,0.0,5374.512471655329,1070.0,0.0,74.1099999999999,-314.1600000000001,0.0,0.0,0.9142906714602975,0.0,-28.534419091982567,-36.59438038346608,0.9142906714602975,0.0,other,,vcv,mid,other,unknown,unknown,cv,,1070.0,168.27,1288.27,74.11,11.79,1144.11,94.16000000000001,1120.0,0.15908784239643772,0.0,74.1099999999999,-144.16000000000008,170.0,0.0,62.32,94.16000000000001,144.16000000000008
So Yoon Spindrift_CVVC,_vu'vu'vyu'-'veui'veui.wav,u vC4,vuvuvyuveuiveui,u vc4,0,1352,f89d0d88966552a8,f89d0d88966552a8:1352,So Yoon Spindrift_CVVC|f89d0d88966552a8:1352,3,0,-617.9723200000001,617.9723200000001,198.336,27.209000000000003,237.02600000000007,98.41520000000001,29.985,korean,cvvc,vcv,vcv,next_safe,3.0,0.9563906056075686,0.0,1.0,0.0,0.0,5374.512471655329,1070.0,0.0,74.1099999999999,-314.1600000000001,0.0,0.0,0.9142906714602975,0.0,-28.534419091982567,-36.59438038346608,0.9142906714602975,0.0,other,,vcv,mid,other,unknown,unknown,cv,,1070.0,168.27,1288.27,72.6278,11.79,1142.6278,95.64220000000002,1120.0,0.16233453305758952,0.0,72.62779999999998,-144.16000000000008,171.4822,1.4821999999999207,60.837799999999994,95.64220000000002,144.16000000000008
So Yoon Spindrift_CVVC,_vu'vu'vyu'-'veui'veui.wav,u vC4,vuvuvyuveuiveui,u vc4,0,1352,f89d0d88966552a8,f89d0d88966552a8:1352,So Yoon Spindrift_CVVC|f89d0d88966552a8:1352,2,0,-620.1919000000001,620.1919000000001,198.336,27.209000000000003,237.02600000000007,100.433,29.985,korean,cvvc,vcv,vcv,anchor_soft,1.0,0.9563906056075686,0.0,1.0,0.0,0.0,5374.512471655329,1070.0,0.0,74.1099999999999,-314.1600000000001,0.0,0.0,0.9142906714602975,0.0,-28.534419091982567,-36.59438038346608,0.9142906714602975,0.0,other,,vcv,mid,other,unknown,unknown,cv,,1070.0,168.27,1288.27,70.61,11.79,1140.61,97.66000000000001,1120.0,0.16697351649907943,0.0,70.6099999999999,-144.16000000000008,173.5,3.5,58.82,97.66000000000001,144.16000000000008
So Yoon Spindrift_CVVC,_vu'vu'vyu'-'veui'veui.wav,u vC4,vuvuvyuveuiveui,u vc4,0,1352,f89d0d88966552a8,f89d0d88966552a8:1352,So Yoon Spindrift_CVVC|f89d0d88966552a8:1352,1,0,-627.2319000000001,627.2319000000001,198.336,27.209000000000003,237.02600000000007,106.83300000000001,29.985,korean,cvvc,vcv,vcv,anchor_tight,2.0,0.9563906056075686,0.0,1.0,0.0,0.0,5374.512471655329,1070.0,0.0,74.1099999999999,-314.1600000000001,0.0,0.0,0.9142906714602975,0.0,-28.534419091982567,-36.59438038346608,0.9142906714602975,0.0,other,,vcv,mid,other,unknown,unknown,cv,,1070.0,168.27,1288.27,64.21,11.79,1134.21,104.06000000000002,1120.0,0.18361625914966517,0.0,64.21000000000004,-144.16000000000008,179.9,9.899999999999864,52.419999999999995,104.06000000000002,144.16000000000008
So Yoon Spindrift_CVVC,_vu'vu'vyu'-'veui'veui.wav,u vyC4,vuvuvyuveuiveui,u vyc4,0,1353,f89d0d88966552a8,f89d0d88966552a8:1353,So Yoon Spindrift_CVVC|f89d0d88966552a8:1353,4,1,-1505.8047000000004,1505.8047000000004,734.3320000000001,33.48400000000001,539.9650000000001,35.453,16.585,korean,cvvc,vcv,vcv,base,0.0,0.9563906056075686,0.0,1.0,0.0,0.0,5374.512471655329,1070.0,0.0,74.1099999999999,0.0,0.0,0.0,0.9142906714602975,0.0,-28.534419091982567,-36.59438038346608,0.9142906714602975,0.0,other,,vcv,tail,other,unknown,unknown,vcv,,1070.0,168.27,1458.27,74.11,11.79,1144.11,94.16000000000001,1290.0,0.15908784239643772,0.0,74.1099999999999,0.0,0.0,0.0,62.32,94.16000000000001,0.0
So Yoon Spindrift_CVVC,_vu'vu'vyu'-'veui'veui.wav,u vyC4,vuvuvyuveuiveui,u vyc4,0,1353,f89d0d88966552a8,f89d0d88966552a8:1353,So Yoon Spindrift_CVVC|f89d0d88966552a8:1353,3,0,-1507.4351200000003,1507.4351200000003,734.3320000000001,33.48400000000001,539.9650000000001,36.93520000000001,16.585,korean,cvvc,vcv,vcv,next_safe,3.0,0.9563906056075686,0.0,1.0,0.0,0.0,5374.512471655329,1070.0,0.0,74.1099999999999,0.0,0.0,0.0,0.9142906714602975,0.0,-28.534419091982567,-36.59438038346608,0.9142906714602975,0.0,other,,vcv,tail,other,unknown,unknown,vcv,,1070.0,168.27,1458.27,72.6278,11.79,1142.6278,95.64220000000002,1290.0,0.16233453305758952,0.0,72.62779999999998,0.0,1.482200000000006,1.4821999999999207,60.837799999999994,95.64220000000002,0.0
So Yoon Spindrift_CVVC,_vu'vu'vyu'-'veui'veui.wav,u vyC4,vuvuvyuveuiveui,u vyc4,0,1353,f89d0d88966552a8,f89d0d88966552a8:1353,So Yoon Spindrift_CVVC|f89d0d88966552a8:1353,2,0,-1509.6547000000005,1509.6547000000005,734.3320000000001,33.48400000000001,539.9650000000001,38.953,16.585,korean,cvvc,vcv,vcv,anchor_soft,1.0,0.9563906056075686,0.0,1.0,0.0,0.0,5374.512471655329,1070.0,0.0,74.1099999999999,0.0,0.0,0.0,0.9142906714602975,0.0,-28.534419091982567,-36.59438038346608,0.9142906714602975,0.0,other,,vcv,tail,other,unknown,unknown,vcv,,1070.0,168.27,1458.27,70.61,11.79,1140.61,97.66000000000001,1290.0,0.16697351649907943,0.0,70.6099999999999,0.0,3.5,3.5,58.82,97.66000000000001,0.0
So Yoon Spindrift_CVVC,_vu'vu'vyu'-'veui'veui.wav,u vyC4,vuvuvyuveuiveui,u vyc4,0,1353,f89d0d88966552a8,f89d0d88966552a8:1353,So Yoon Spindrift_CVVC|f89d0d88966552a8:1353,1,0,-1516.6947000000005,1516.6947000000005,734.3320000000001,33.48400000000001,539.9650000000001,45.35300000000001,16.585,korean,cvvc,vcv,vcv,anchor_tight,2.0,0.9563906056075686,0.0,1.0,0.0,0.0,5374.512471655329,1070.0,0.0,74.1099999999999,0.0,0.0,0.0,0.9142906714602975,0.0,-28.534419091982567,-36.59438038346608,0.9142906714602975,0.0,other,,vcv,tail,other,unknown,unknown,vcv,,1070.0,168.27,1458.27,64.21,11.79,1134.21,104.06000000000002,1290.0,0.18361625914966517,0.0,64.21000000000004,0.0,9.900000000000006,9.899999999999864,52.419999999999995,104.06000000000002,0.0
So Yoon Spindrift_CVVC,_an'van'vin'-'am'vam'vim.wav,n vyC4,anvanvinamvamvim,n vyc4,0,1358,f89d0d88966552a8,f89d0d88966552a8:1358,So Yoon Spindrift_CVVC|f89d0d88966552a8:1358,7,1,-1689.2928000000002,1689.2928000000002,754.202,8.423000000000002,756.1660000000002,9.353000000000009,23.854999999999997,korean,cvvc,vc,vc_other,base,0.0,0.853623811409804,0.0,1.0,0.0,22.231999999999992,5561.995464852607,1220.0,-77.68000000000006,22.529999999999973,-12.509999999999991,0.0,0.0,0.890468883328811,0.0,-30.54896715776207,-31.202171081815855,0.890468883328811,0.0,other,,vc,head,other,unknown,unknown,,,1142.32,133.75,1298.0,100.21,52.23,1242.53,33.540000000000006,1164.25,0.5212054685161162,-77.68000000000006,22.529999999999973,-8.0,4.509999999999991,0.0,47.98,33.540000000000006,8.0
So Yoon Spindrift_CVVC,_an'van'vin'-'am'vam'vim.wav,n vyC4,anvanvinamvamvim,n vyc4,0,1358,f89d0d88966552a8,f89d0d88966552a8:1358,So Yoon Spindrift_CVVC|f89d0d88966552a8:1358,6,0,-1694.0928000000004,1694.0928000000004,754.202,8.423000000000002,757.1660000000002,12.853000000000009,23.854999999999997,korean,cvvc,vc,vc_other,anchor_soft,1.0,0.853623811409804,0.0,1.0,0.0,22.231999999999992,5561.995464852607,1220.0,-77.68000000000006,22.529999999999973,-12.509999999999991,0.0,0.0,0.890468883328811,0.0,-30.54896715776207,-31.202171081815855,0.890468883328811,0.0,other,,vc,head,other,unknown,unknown,,,1142.32,133.75,1297.0,96.71,52.23,1239.03,37.040000000000006,1163.25,0.540068245269362,-77.68000000000006,19.029999999999973,-7.0,9.009999999999991,3.5,44.48,37.040000000000006,7.0
So Yoon Spindrift_CVVC,_an'van'vin'-'am'vam'vim.wav,n vyC4,anvanvinamvamvim,n vyc4,0,1358,f89d0d88966552a8,f89d0d88966552a8:1358,So Yoon Spindrift_CVVC|f89d0d88966552a8:1358,5,0,-1696.2474200000001,1696.2474200000001,754.202,8.423000000000002,761.1660000000002,11.357200000000006,23.854999999999997,korean,cvvc,vc,vc_other,next_safe,3.0,0.853623811409804,0.0,1.0,0.0,22.231999999999992,5561.995464852607,1220.0,-77.68000000000006,22.529999999999973,-12.509999999999991,0.0,0.0,0.890468883328811,0.0,-30.54896715776207,-31.202171081815855,0.890468883328811,0.0,other,,vc,head,other,unknown,unknown,,,1142.32,133.75,1293.0,98.2058,52.23,1240.5258,35.544200000000004,1159.25,0.5318423148123634,-77.68000000000006,20.52579999999989,-3.0,11.514199999999988,2.0042000000000826,45.9758,35.544200000000004,3.0
So Yoon Spindrift_CVVC,_an'van'vin'-'am'vam'vim.wav,n vyC4,anvanvinamvamvim,n vyc4,0,1358,f89d0d88966552a8,f89d0d88966552a8:1358,So Yoon Spindrift_CVVC|f89d0d88966552a8:1358,4,0,-1700.5993,1700.5993,754.202,9.423000000000002,749.6560000000002,9.353000000000009,60.834999999999994,korean,cvvc,vc,vc_other,kr_cvvc_bridge_tight,5.0,0.853623811409804,0.0,1.0,0.0,22.231999999999992,5561.995464852607,1220.0,-77.68000000000006,22.529999999999973,-12.509999999999991,0.0,0.0,0.890468883328811,0.0,-30.54896715776207,-31.202171081815855,0.890468883328811,0.0,other,,vc,head,other,unknown,unknown,,,1142.32,134.75,1304.51,100.21,89.21,1242.53,34.540000000000006,1169.76,0.8902305159165752,-77.68000000000006,22.529999999999973,-14.509999999999991,39.98,0.0,11.0,34.540000000000006,14.509999999999991
So Yoon Spindrift_CVVC,_an'van'vin'-'am'vam'vim.wav,n vyC4,anvanvinamvamvim,n vyc4,0,1358,f89d0d88966552a8,f89d0d88966552a8:1358,So Yoon Spindrift_CVVC|f89d0d88966552a8:1358,3,0,-1702.2338000000002,1702.2338000000002,754.202,16.423000000000002,744.1660000000002,9.353000000000009,62.834999999999994,korean,cvvc,vc,vc_other,kr_cvvc_bridge_wide,6.0,0.853623811409804,0.0,1.0,0.0,22.231999999999992,5561.995464852607,1220.0,-77.68000000000006,22.529999999999973,-12.509999999999991,0.0,0.0,0.890468883328811,0.0,-30.54896715776207,-31.202171081815855,0.890468883328811,0.0,other,,vc,head,other,unknown,unknown,,,1142.32,141.75,1310.0,100.21,91.21,1242.53,41.540000000000006,1168.25,0.9101886039317433,-77.68000000000006,22.529999999999973,-20.0,54.470000000000006,0.0,9.0,41.540000000000006,20.0
So Yoon Spindrift_CVVC,_an'van'vin'-'am'vam'vim.wav,n vyC4,anvanvinamvamvim,n vyc4,0,1358,f89d0d88966552a8,f89d0d88966552a8:1358,So Yoon Spindrift_CVVC|f89d0d88966552a8:1358,2,0,-1703.0328000000004,1703.0328000000004,754.202,8.423000000000002,759.1660000000002,19.253000000000014,23.854999999999997,korean,cvvc,vc,vc_other,anchor_tight,2.0,0.853623811409804,0.0,1.0,0.0,22.231999999999992,5561.995464852607,1220.0,-77.68000000000006,22.529999999999973,-12.509999999999991,0.0,0.0,0.890468883328811,0.0,-30.54896715776207,-31.202171081815855,0.890468883328811,0.0,other,,vc,head,other,unknown,unknown,,,1142.32,133.75,1295.0,90.30999999999999,52.23,1232.6299999999999,43.44000000000001,1161.25,0.5783412689624626,-77.68000000000006,12.629999999999882,-5.0,17.409999999999997,9.900000000000091,38.07999999999999,43.44000000000001,5.0
So Yoon Spindrift_CVVC,_an'van'vin'-'am'vam'vim.wav,n vyC4,anvanvinamvamvim,n vyc4,0,1358,f89d0d88966552a8,f89d0d88966552a8:1358,So Yoon Spindrift_CVVC|f89d0d88966552a8:1358,1,0,-1704.4248,1704.4248,754.202,8.882999999999981,754.1660000000002,9.353000000000009,60.834999999999994,korean,cvvc,vc,vc_other,bridge_tight,4.0,0.853623811409804,0.0,1.0,0.0,22.231999999999992,5561.995464852607,1220.0,-77.68000000000006,22.529999999999973,-12.509999999999991,0.0,0.0,0.890468883328811,0.0,-30.54896715776207,-31.202171081815855,0.890468883328811,0.0,other,,vc,head,other,unknown,unknown,,,1142.32,134.20999999999998,1300.0,100.21,89.21,1242.53,33.999999999999986,1165.79,0.8902305159165752,-77.68000000000006,22.529999999999973,-10.0,39.94999999999997,0.0,11.0,33.999999999999986,10.0
So Yoon Spindrift_CVVC,_an'han'hin'-'am'ham'him.wav,n hC5,anhanhinamhamhim,n hc5,0,25,33250f058a87fcd0,33250f058a87fcd0:25,So Yoon Spindrift_CVVC|33250f058a87fcd0:25,7,1,-745.7833499999998,745.7833499999998,325.2439999999999,32.004999999999995,305.423,8.271,28.387000000000004,korean,cvvc,vc,vc_other,anchor_tight,2.0,0.8636454451239529,0.0,1.0,0.0,34.426,5499.501133786848,1210.0,-55.74000000000001,42.039999999999964,27.980000000000018,0.0,0.0,0.8972236820087587,0.0,-29.43092061551237,-31.393283323758187,0.8972236820087587,0.0,other,,vc,head,other,unknown,unknown,,,1154.26,131.32,1312.02,87.88,48.88,1242.1399999999999,43.44,1180.7,0.5562130177514794,-55.74000000000001,32.13999999999987,27.980000000000018,9.900000000000006,9.900000000000091,38.99999999999999,43.44,0.0
So Yoon Spindrift_CVVC,_an'han'hin'-'am'ham'him.wav,n hC5,anhanhinamhamhim,n hc5,0,25,33250f058a87fcd0,33250f058a87fcd0:25,So Yoon Spindrift_CVVC|33250f058a87fcd0:25,6,0,-752.8233499999998,752.8233499999998,325.2439999999999,32.004999999999995,305.423,14.671000000000006,28.387000000000004,korean,cvvc,vc,vc_other,anchor_soft,1.0,0.8636454451239529,0.0,1.0,0.0,34.426,5499.501133786848,1210.0,-55.74000000000001,42.039999999999964,27.980000000000018,0.0,0.0,0.8972236820087587,0.0,-29.43092061551237,-31.393283323758187,0.8972236820087587,0.0,other,,vc,head,other,unknown,unknown,,,1154.26,131.32,1312.02,94.28,48.88,1248.54,37.03999999999999,1180.7,0.5184556639796352,-55.74000000000001,38.539999999999964,27.980000000000018,3.5,3.5,45.4,37.03999999999999,0.0
So Yoon Spindrift_CVVC,_an'han'hin'-'am'ham'him.wav,n hC5,anhanhinamhamhim,n hc5,0,25,33250f058a87fcd0,33250f058a87fcd0:25,So Yoon Spindrift_CVVC|33250f058a87fcd0:25,5,0,-754.5221899999998,754.5221899999998,325.2439999999999,32.004999999999995,305.423,16.215400000000002,28.387000000000004,korean,cvvc,vc,vc_other,next_safe,3.0,0.8636454451239529,0.0,1.0,0.0,34.426,5499.501133786848,1210.0,-55.74000000000001,42.039999999999964,27.980000000000018,0.0,0.0,0.8972236820087587,0.0,-29.43092061551237,-31.393283323758187,0.8972236820087587,0.0,other,,vc,head,other,unknown,unknown,,,1154.26,131.32,1312.02,95.8244,48.88,1250.0844,35.495599999999996,1180.7,0.5100997240786272,-55.74000000000001,40.08439999999996,27.980000000000018,1.955600000000004,1.955600000000004,46.944399999999995,35.495599999999996,0.0
So Yoon Spindrift_CVVC,_an'han'hin'-'am'ham'him.wav,n hC5,anhanhinamhamhim,n hc5,0,25,33250f058a87fcd0,33250f058a87fcd0:25,So Yoon Spindrift_CVVC|33250f058a87fcd0:25,4,0,-756.6733499999998,756.6733499999998,325.2439999999999,32.004999999999995,305.423,18.171000000000006,28.387000000000004,korean,cvvc,vc,vc_other,base,0.0,0.8636454451239529,0.0,1.0,0.0,34.426,5499.501133786848,1210.0,-55.74000000000001,42.039999999999964,27.980000000000018,0.0,0.0,0.8972236820087587,0.0,-29.43092061551237,-31.393283323758187,0.8972236820087587,0.0,other,,vc,head,other,unknown,unknown,,,1154.26,131.32,1312.02,97.78,48.88,1252.04,33.53999999999999,1180.7,0.49989772959705464,-55.74000000000001,42.039999999999964,27.980000000000018,0.0,0.0,48.9,33.53999999999999,0.0
So Yoon Spindrift_CVVC,_an'han'hin'-'am'ham'him.wav,n hC5,anhanhinamhamhim,n hc5,0,25,33250f058a87fcd0,33250f058a87fcd0:25,So Yoon Spindrift_CVVC|33250f058a87fcd0:25,3,0,-770.0283499999999,770.0283499999999,325.2439999999999,40.004999999999995,293.423,18.171000000000006,68.287,korean,cvvc,vc,vc_other,kr_cvvc_bridge_wide,6.0,0.8636454451239529,0.0,1.0,0.0,34.426,5499.501133786848,1210.0,-55.74000000000001,42.039999999999964,27.980000000000018,0.0,0.0,0.8972236820087587,0.0,-29.43092061551237,-31.393283323758187,0.8972236820087587,0.0,other,,vc,head,other,unknown,unknown,,,1154.26,139.32,1324.02,97.78,88.78,1252.04,41.53999999999999,1184.7,0.9079566373491511,-55.74000000000001,42.039999999999964,15.980000000000018,59.9,0.0,9.0,41.53999999999999,0.0
So Yoon Spindrift_CVVC,_an'han'hin'-'am'ham'him.wav,n hC5,anhanhinamhamhim,n hc5,0,25,33250f058a87fcd0,33250f058a87fcd0:25,So Yoon Spindrift_CVVC|33250f058a87fcd0:25,2,0,-772.6783499999999,772.6783499999999,325.2439999999999,33.004999999999995,303.423,18.171000000000006,66.287,korean,cvvc,vc,vc_other,kr_cvvc_bridge_tight,5.0,0.8636454451239529,0.0,1.0,0.0,34.426,5499.501133786848,1210.0,-55.74000000000001,42.039999999999964,27.980000000000018,0.0,0.0,0.8972236820087587,0.0,-29.43092061551237,-31.393283323758187,0.8972236820087587,0.0,other,,vc,head,other,unknown,unknown,,,1154.26,132.32,1314.02,97.78,86.78,1252.04,34.53999999999999,1181.7,0.8875025567600736,-55.74000000000001,42.039999999999964,25.980000000000018,40.9,0.0,11.0,34.53999999999999,0.0
So Yoon Spindrift_CVVC,_an'han'hin'-'am'ham'him.wav,n hC5,anhanhinamhamhim,n hc5,0,25,33250f058a87fcd0,33250f058a87fcd0:25,So Yoon Spindrift_CVVC|33250f058a87fcd0:25,1,0,-774.1193499999999,774.1193499999999,325.2439999999999,32.465,305.423,18.171000000000006,66.287,korean,cvvc,vc,vc_other,bridge_tight,4.0,0.8636454451239529,0.0,1.0,0.0,34.426,5499.501133786848,1210.0,-55.74000000000001,42.039999999999964,27.980000000000018,0.0,0.0,0.8972236820087587,0.0,-29.43092061551237,-31.393283323758187,0.8972236820087587,0.0,other,,vc,head,other,unknown,unknown,,,1154.26,131.78,1312.02,97.78,86.78,1252.04,34.0,1180.24,0.8875025567600736,-55.74000000000001,42.039999999999964,27.980000000000018,38.36000000000001,0.0,11.0,34.0,0.0
So Yoon Spindrift_CVVC,_an'han'hin'-'am'ham'him.wav,n hyC5,anhanhinamhamhim,n hyc5,0,26,33250f058a87fcd0,33250f058a87fcd0:26,So Yoon Spindrift_CVVC|33250f058a87fcd0:26,7,1,-1716.7645,1716.7645,780.146,16.950000000000003,760.3910000000001,0.4059999999999917,9.681000000000004,korean,cvvc,vc,vc_other,anchor_soft,1.0,0.8604007943032272,0.0,1.0,0.0,34.41700000000001,5499.501133786848,1210.0,-55.82999999999993,42.66000000000008,27.34999999999991,0.0,0.0,0.8920848661091967,0.0,-29.453273454570375,-31.393283323758187,0.8920848661091967,0.0,other,,vc,mid,other,unknown,unknown,vc,,1154.17,132.03,1312.65,94.99,49.88,1249.16,37.040000000000006,1180.6200000000001,0.5251079060953785,-55.82999999999993,39.16000000000008,27.34999999999991,3.5,3.5,45.10999999999999,37.040000000000006,0.0
So Yoon Spindrift_CVVC,_an'han'hin'-'am'ham'him.wav,n hyC5,anhanhinamhamhim,n hyc5,0,26,33250f058a87fcd0,33250f058a87fcd0:26,So Yoon Spindrift_CVVC|33250f058a87fcd0:26,6,0,-1718.44772,1718.44772,780.146,16.950000000000003,760.3910000000001,1.9361999999999853,9.681000000000004,korean,cvvc,vc,vc_other,next_safe,3.0,0.8604007943032272,0.0,1.0,0.0,34.41700000000001,5499.501133786848,1210.0,-55.82999999999993,42.66000000000008,27.34999999999991,0.0,0.0,0.8920848661091967,0.0,-29.453273454570375,-31.393283323758187,0.8920848661091967,0.0,other,,vc,mid,other,unknown,unknown,vc,,1154.17,132.03,1312.65,96.52019999999999,49.88,1250.6902,35.50980000000001,1180.6200000000001,0.5167830153688037,-55.82999999999993,40.690200000000004,27.34999999999991,1.9698000000000064,1.9698000000000775,46.640199999999986,35.50980000000001,0.0
So Yoon Spindrift_CVVC,_an'han'hin'-'am'ham'him.wav,n hyC5,anhanhinamhamhim,n hyc5,0,26,33250f058a87fcd0,33250f058a87fcd0:26,So Yoon Spindrift_CVVC|33250f058a87fcd0:26,5,0,-1720.6145,1720.6145,780.146,16.950000000000003,760.3910000000001,3.9059999999999917,9.681000000000004,korean,cvvc,vc,vc_other,base,0.0,0.8604007943032272,0.0,1.0,0.0,34.41700000000001,5499.501133786848,1210.0,-55.82999999999993,42.66000000000008,27.34999999999991,0.0,0.0,0.8920848661091967,0.0,-29.453273454570375,-31.393283323758187,0.8920848661091967,0.0,other,,vc,mid,other,unknown,unknown,vc,,1154.17,132.03,1312.65,98.49,49.88,1252.66,33.540000000000006,1180.6200000000001,0.5064473550614276,-55.82999999999993,42.66000000000008,27.34999999999991,0.0,0.0,48.60999999999999,33.540000000000006,0.0
So Yoon Spindrift_CVVC,_an'han'hin'-'am'ham'him.wav,n hyC5,anhanhinamhamhim,n hyc5,0,26,33250f058a87fcd0,33250f058a87fcd0:26,So Yoon Spindrift_CVVC|33250f058a87fcd0:26,4,0,-1722.9113,1722.9113,780.146,16.950000000000003,760.3910000000001,5.994000000000014,9.681000000000004,korean,cvvc,vc,vc_other,anchor_tight,2.0,0.8604007943032272,0.0,1.0,0.0,34.41700000000001,5499.501133786848,1210.0,-55.82999999999993,42.66000000000008,27.34999999999991,0.0,0.0,0.8920848661091967,0.0,-29.453273454570375,-31.393283323758187,0.8920848661091967,0.0,other,,vc,mid,other,unknown,unknown,vc,,1154.17,132.03,1312.65,88.58999999999999,49.88,1242.76,43.44000000000001,1180.6200000000001,0.5630432328705273,-55.82999999999993,32.75999999999999,27.34999999999991,9.900000000000006,9.900000000000091,38.70999999999999,43.44000000000001,0.0
So Yoon Spindrift_CVVC,_an'han'hin'-'am'ham'him.wav,n hyC5,anhanhinamhamhim,n hyc5,0,26,33250f058a87fcd0,33250f058a87fcd0:26,So Yoon Spindrift_CVVC|33250f058a87fcd0:26,3,0,-1733.8389999999997,1733.8389999999997,780.146,24.950000000000003,748.3910000000001,3.9059999999999917,49.291,korean,cvvc,vc,vc_other,kr_cvvc_bridge_wide,6.0,0.8604007943032272,0.0,1.0,0.0,34.41700000000001,5499.501133786848,1210.0,-55.82999999999993,42.66000000000008,27.34999999999991,0.0,0.0,0.8920848661091967,0.0,-29.453273454570375,-31.393283323758187,0.8920848661091967,0.0,other,,vc,mid,other,unknown,unknown,vc,,1154.17,140.03,1324.65,98.49,89.49,1252.66,41.540000000000006,1184.6200000000001,0.908620164483704,-55.82999999999993,42.66000000000008,15.349999999999909,59.60999999999999,0.0,9.0,41.540000000000006,0.0
So Yoon Spindrift_CVVC,_an'han'hin'-'am'ham'him.wav,n hyC5,anhanhinamhamhim,n hyc5,0,26,33250f058a87fcd0,33250f058a87fcd0:26,So Yoon Spindrift_CVVC|33250f058a87fcd0:26,2,0,-1736.489,1736.489,780.146,17.950000000000003,758.3910000000001,3.9059999999999917,47.291,korean,cvvc,vc,vc_other,kr_cvvc_bridge_tight,5.0,0.8604007943032272,0.0,1.0,0.0,34.41700000000001,5499.501133786848,1210.0,-55.82999999999993,42.66000000000008,27.34999999999991,0.0,0.0,0.8920848661091967,0.0,-29.453273454570375,-31.393283323758187,0.8920848661091967,0.0,other,,vc,mid,other,unknown,unknown,vc,,1154.17,133.03,1314.65,98.49,87.49,1252.66,34.540000000000006,1181.6200000000001,0.8883135343689714,-55.82999999999993,42.66000000000008,25.34999999999991,40.60999999999999,0.0,11.0,34.540000000000006,0.0
So Yoon Spindrift_CVVC,_an'han'hin'-'am'ham'him.wav,n hyC5,anhanhinamhamhim,n hyc5,0,26,33250f058a87fcd0,33250f058a87fcd0:26,So Yoon Spindrift_CVVC|33250f058a87fcd0:26,1,0,-1737.9299999999998,1737.9299999999998,780.146,17.41000000000001,760.3910000000001,3.9059999999999917,47.291,korean,cvvc,vc,vc_other,bridge_tight,4.0,0.8604007943032272,0.0,1.0,0.0,34.41700000000001,5499.501133786848,1210.0,-55.82999999999993,42.66000000000008,27.34999999999991,0.0,0.0,0.8920848661091967,0.0,-29.453273454570375,-31.393283323758187,0.8920848661091967,0.0,other,,vc,mid,other,unknown,unknown,vc,,1154.17,132.49,1312.65,98.49,87.49,1252.66,34.000000000000014,1180.16,0.8883135343689714,-55.82999999999993,42.66000000000008,27.34999999999991,38.07,0.0,11.0,34.000000000000014,0.0
So Yoon Spindrift_CVVC,_an'ran'rin'-'am'ram'rim.wav,n rC5,anranrinamramrim,n rc5,0,61,33250f058a87fcd0,33250f058a87fcd0:61,So Yoon Spindrift_CVVC|33250f058a87fcd0:61,7,1,-718.7951,718.7951,312.193,4.814999999999998,311.6680000000001,10.594999999999999,37.16,korean,cvvc,vc,vc_other,base,0.0,0.8520385361855025,0.0,1.0,0.0,52.056,5499.501133786848,1190.0,-79.44000000000005,21.889999999999873,-1.8799999999998818,0.0,0.0,0.9176930541627147,0.0,-25.456151814070186,-28.56870314060703,0.9176930541627147,0.0,other,,vc,head,other,unknown,unknown,,,1110.56,134.87,1271.8799999999999,101.33,53.71,1211.8899999999999,33.540000000000006,1137.0099999999998,0.5300503306029803,-79.44000000000005,21.889999999999873,-1.8799999999998818,0.0,0.0,47.62,33.540000000000006,1.8799999999998818
So Yoon Spindrift_CVVC,_an'ran'rin'-'am'ram'rim.wav,n rC5,anranrinamramrim,n rc5,0,61,33250f058a87fcd0,33250f058a87fcd0:61,So Yoon Spindrift_CVVC|33250f058a87fcd0:61,6,0,-721.0243600000001,721.0243600000001,312.193,4.814999999999998,311.6680000000001,12.6216,37.16,korean,cvvc,vc,vc_other,next_safe,3.0,0.8520385361855025,0.0,1.0,0.0,52.056,5499.501133786848,1190.0,-79.44000000000005,21.889999999999873,-1.8799999999998818,0.0,0.0,0.9176930541627147,0.0,-25.456151814070186,-28.56870314060703,0.9176930541627147,0.0,other,,vc,head,other,unknown,unknown,,,1110.56,134.87,1271.8799999999999,99.3034,53.71,1209.8634,35.56660000000001,1137.0099999999998,0.5408676842887555,-79.44000000000005,19.863399999999956,-1.8799999999998818,2.026600000000002,2.0265999999999167,45.593399999999995,35.56660000000001,1.8799999999998818
So Yoon Spindrift_CVVC,_an'ran'rin'-'am'ram'rim.wav,n rC5,anranrinamramrim,n rc5,0,61,33250f058a87fcd0,33250f058a87fcd0:61,So Yoon Spindrift_CVVC|33250f058a87fcd0:61,5,0,-722.6451000000001,722.6451000000001,312.193,4.814999999999998,311.6680000000001,14.094999999999999,37.16,korean,cvvc,vc,vc_other,anchor_soft,1.0,0.8520385361855025,0.0,1.0,0.0,52.056,5499.501133786848,1190.0,-79.44000000000005,21.889999999999873,-1.8799999999998818,0.0,0.0,0.9176930541627147,0.0,-25.456151814070186,-28.56870314060703,0.9176930541627147,0.0,other,,vc,head,other,unknown,unknown,,,1110.56,134.87,1271.8799999999999,97.83,53.71,1208.3899999999999,37.040000000000006,1137.0099999999998,0.5490135950117551,-79.44000000000005,18.389999999999873,-1.8799999999998818,3.5,3.5,44.12,37.040000000000006,1.8799999999998818
So Yoon Spindrift_CVVC,_an'ran'rin'-'am'ram'rim.wav,n rC5,anranrinamramrim,n rc5,0,61,33250f058a87fcd0,33250f058a87fcd0:61,So Yoon Spindrift_CVVC|33250f058a87fcd0:61,4,0,-729.63065,729.63065,312.193,4.814999999999998,311.6680000000001,20.44549999999994,37.16,korean,cvvc,vc,vc_other,anchor_tight,2.0,0.8520385361855025,0.0,1.0,0.0,52.056,5499.501133786848,1190.0,-79.44000000000005,21.889999999999873,-1.8799999999998818,0.0,0.0,0.9176930541627147,0.0,-25.456151814070186,-28.56870314060703,0.9176930541627147,0.0,other,,vc,head,other,unknown,unknown,,,1110.56,134.87,1271.8799999999999,91.47950000000006,53.71,1202.0395,43.390499999999946,1137.0099999999998,0.5871260774271828,-79.44000000000005,12.03950000000009,-1.8799999999998818,9.85049999999994,9.850499999999784,37.76950000000006,43.390499999999946,1.8799999999998818
So Yoon Spindrift_CVVC,_an'ran'rin'-'am'ram'rim.wav,n rC5,anranrinamramrim,n rc5,0,61,33250f058a87fcd0,33250f058a87fcd0:61,So Yoon Spindrift_CVVC|33250f058a87fcd0:61,3,0,-731.5741,731.5741,312.193,12.814999999999998,299.6680000000001,10.594999999999999,75.78,korean,cvvc,vc,vc_other,kr_cvvc_bridge_wide,6.0,0.8520385361855025,0.0,1.0,0.0,52.056,5499.501133786848,1190.0,-79.44000000000005,21.889999999999873,-1.8799999999998818,0.0,0.0,0.9176930541627147,0.0,-25.456151814070186,-28.56870314060703,0.9176930541627147,0.0,other,,vc,head,other,unknown,unknown,,,1110.56,142.87,1283.8799999999999,101.33,92.33,1211.8899999999999,41.540000000000006,1141.0099999999998,0.9111812888581862,-79.44000000000005,21.889999999999873,-13.879999999999882,58.62,0.0,9.0,41.540000000000006,13.879999999999882
So Yoon Spindrift_CVVC,_an'ran'rin'-'am'ram'rim.wav,n rC5,anranrinamramrim,n rc5,0,61,33250f058a87fcd0,33250f058a87fcd0:61,So Yoon Spindrift_CVVC|33250f058a87fcd0:61,2,0,-734.2241,734.2241,312.193,5.814999999999998,309.6680000000001,10.594999999999999,73.78,korean,cvvc,vc,vc_other,kr_cvvc_bridge_tight,5.0,0.8520385361855025,0.0,1.0,0.0,52.056,5499.501133786848,1190.0,-79.44000000000005,21.889999999999873,-1.8799999999998818,0.0,0.0,0.9176930541627147,0.0,-25.456151814070186,-28.56870314060703,0.9176930541627147,0.0,other,,vc,head,other,unknown,unknown,,,1110.56,135.87,1273.8799999999999,101.33,90.33,1211.8899999999999,34.540000000000006,1138.0099999999998,0.8914437974933386,-79.44000000000005,21.889999999999873,-3.8799999999998818,39.62,0.0,11.0,34.540000000000006,3.8799999999998818
So Yoon Spindrift_CVVC,_an'ran'rin'-'am'ram'rim.wav,n rC5,anranrinamramrim,n rc5,0,61,33250f058a87fcd0,33250f058a87fcd0:61,So Yoon Spindrift_CVVC|33250f058a87fcd0:61,1,0,-735.6651,735.6651,312.193,5.274999999999977,311.6680000000001,10.594999999999999,73.78,korean,cvvc,vc,vc_other,bridge_tight,4.0,0.8520385361855025,0.0,1.0,0.0,52.056,5499.501133786848,1190.0,-79.44000000000005,21.889999999999873,-1.8799999999998818,0.0,0.0,0.9176930541627147,0.0,-25.456151814070186,-28.56870314060703,0.9176930541627147,0.0,other,,vc,head,other,unknown,unknown,,,1110.56,135.32999999999998,1271.8799999999999,101.33,90.33,1211.8899999999999,33.999999999999986,1136.55,0.8914437974933386,-79.44000000000005,21.889999999999873,-1.8799999999998818,37.07999999999998,0.0,11.0,33.999999999999986,1.8799999999998818
So Yoon Spindrift_CVVC,_an'ran'rin'-'am'ram'rim.wav,n ryC5,anranrinamramrim,n ryc5,0,62,33250f058a87fcd0,33250f058a87fcd0:62,So Yoon Spindrift_CVVC|33250f058a87fcd0:62,7,1,-1721.19825,1721.19825,774.9280000000001,12.958999999999989,748.9190000000001,15.850999999999999,28.031,korean,cvvc,vc,vc_other,base,0.0,0.8510385361855026,0.0,1.0,0.0,52.052,5499.501133786848,1190.0,-79.48000000000002,22.1099999999999,-2.099999999999909,0.0,0.0,0.9176930541627147,0.0,-25.456151814070186,-28.56870314060703,0.9176930541627147,0.0,other,,vc,mid,other,unknown,unknown,vc,,1110.52,135.13,1272.1,101.59,54.04,1212.11,33.53999999999999,1136.9699999999998,0.5319421202874298,-79.48000000000002,22.1099999999999,-2.099999999999909,0.0,0.0,47.550000000000004,33.53999999999999,2.099999999999909
So Yoon Spindrift_CVVC,_an'ran'rin'-'am'ram'rim.wav,n ryC5,anranrinamramrim,n ryc5,0,62,33250f058a87fcd0,33250f058a87fcd0:62,So Yoon Spindrift_CVVC|33250f058a87fcd0:62,6,0,-1723.43323,1723.43323,774.9280000000001,12.958999999999989,748.9190000000001,17.882800000000003,28.031,korean,cvvc,vc,vc_other,next_safe,3.0,0.8510385361855026,0.0,1.0,0.0,52.052,5499.501133786848,1190.0,-79.48000000000002,22.1099999999999,-2.099999999999909,0.0,0.0,0.9176930541627147,0.0,-25.456151814070186,-28.56870314060703,0.9176930541627147,0.0,other,,vc,mid,other,unknown,unknown,vc,,1110.52,135.13,1272.1,99.5582,54.04,1210.0782,35.571799999999996,1136.9699999999998,0.5427980819259488,-79.48000000000002,20.078199999999924,-2.099999999999909,2.031800000000004,2.0317999999999756,45.5182,35.571799999999996,2.099999999999909
So Yoon Spindrift_CVVC,_an'ran'rin'-'am'ram'rim.wav,n ryC5,anranrinamramrim,n ryc5,0,62,33250f058a87fcd0,33250f058a87fcd0:62,So Yoon Spindrift_CVVC|33250f058a87fcd0:62,5,0,-1725.04825,1725.04825,774.9280000000001,12.958999999999989,748.9190000000001,19.351,28.031,korean,cvvc,vc,vc_other,anchor_soft,1.0,0.8510385361855026,0.0,1.0,0.0,52.052,5499.501133786848,1190.0,-79.48000000000002,22.1099999999999,-2.099999999999909,0.0,0.0,0.9176930541627147,0.0,-25.456151814070186,-28.56870314060703,0.9176930541627147,0.0,other,,vc,mid,other,unknown,unknown,vc,,1110.52,135.13,1272.1,98.09,54.04,1208.61,37.03999999999999,1136.9699999999998,0.5509226220817616,-79.48000000000002,18.6099999999999,-2.099999999999909,3.5,3.5,44.050000000000004,37.03999999999999,2.099999999999909
So Yoon Spindrift_CVVC,_an'ran'rin'-'am'ram'rim.wav,n ryC5,anranrinamramrim,n ryc5,0,62,33250f058a87fcd0,33250f058a87fcd0:62,So Yoon Spindrift_CVVC|33250f058a87fcd0:62,4,0,-1732.08825,1732.08825,774.9280000000001,12.958999999999989,748.9190000000001,25.751000000000005,28.031,korean,cvvc,vc,vc_other,anchor_tight,2.0,0.8510385361855026,0.0,1.0,0.0,52.052,5499.501133786848,1190.0,-79.48000000000002,22.1099999999999,-2.099999999999909,0.0,0.0,0.9176930541627147,0.0,-25.456151814070186,-28.56870314060703,0.9176930541627147,0.0,other,,vc,mid,other,unknown,unknown,vc,,1110.52,135.13,1272.1,91.69,54.04,1202.21,43.44,1136.9699999999998,0.5893772494274184,-79.48000000000002,12.210000000000036,-2.099999999999909,9.900000000000006,9.899999999999864,37.65,43.44,2.099999999999909
So Yoon Spindrift_CVVC,_an'ran'rin'-'am'ram'rim.wav,n ryC5,anranrinamramrim,n ryc5,0,62,33250f058a87fcd0,33250f058a87fcd0:62,So Yoon Spindrift_CVVC|33250f058a87fcd0:62,3,0,-1733.94575,1733.94575,774.9280000000001,20.95899999999999,736.9190000000001,15.850999999999999,66.581,korean,cvvc,vc,vc_other,kr_cvvc_bridge_wide,6.0,0.8510385361855026,0.0,1.0,0.0,52.052,5499.501133786848,1190.0,-79.48000000000002,22.1099999999999,-2.099999999999909,0.0,0.0,0.9176930541627147,0.0,-25.456151814070186,-28.56870314060703,0.9176930541627147,0.0,other,,vc,mid,other,unknown,unknown,vc,,1110.52,143.13,1284.1,101.59,92.59,1212.11,41.53999999999999,1140.9699999999998,0.9114086032089773,-79.48000000000002,22.1099999999999,-14.099999999999909,58.550000000000004,0.0,9.0,41.53999999999999,14.099999999999909
So Yoon Spindrift_CVVC,_an'ran'rin'-'am'ram'rim.wav,n ryC5,anranrinamramrim,n ryc5,0,62,33250f058a87fcd0,33250f058a87fcd0:62,So Yoon Spindrift_CVVC|33250f058a87fcd0:62,2,0,-1736.59575,1736.59575,774.9280000000001,13.958999999999989,746.9190000000001,15.850999999999999,64.581,korean,cvvc,vc,vc_other,kr_cvvc_bridge_tight,5.0,0.8510385361855026,0.0,1.0,0.0,52.052,5499.501133786848,1190.0,-79.48000000000002,22.1099999999999,-2.099999999999909,0.0,0.0,0.9176930541627147,0.0,-25.456151814070186,-28.56870314060703,0.9176930541627147,0.0,other,,vc,mid,other,unknown,unknown,vc,,1110.52,136.13,1274.1,101.59,90.59,1212.11,34.53999999999999,1137.9699999999998,0.8917216261443055,-79.48000000000002,22.1099999999999,-4.099999999999909,39.550000000000004,0.0,11.0,34.53999999999999,4.099999999999909
So Yoon Spindrift_CVVC,_an'ran'rin'-'am'ram'rim.wav,n ryC5,anranrinamramrim,n ryc5,0,62,33250f058a87fcd0,33250f058a87fcd0:62,So Yoon Spindrift_CVVC|33250f058a87fcd0:62,1,0,-1738.03675,1738.03675,774.9280000000001,13.418999999999997,748.9190000000001,15.850999999999999,64.581,korean,cvvc,vc,vc_other,bridge_tight,4.0,0.8510385361855026,0.0,1.0,0.0,52.052,5499.501133786848,1190.0,-79.48000000000002,22.1099999999999,-2.099999999999909,0.0,0.0,0.9176930541627147,0.0,-25.456151814070186,-28.56870314060703,0.9176930541627147,0.0,other,,vc,mid,other,unknown,unknown,vc,,1110.52,135.59,1272.1,101.59,90.59,1212.11,34.0,1136.51,0.8917216261443055,-79.48000000000002,22.1099999999999,-2.099999999999909,37.01000000000001,0.0,11.0,34.0,2.099999999999909
So Yoon Spindrift_CVVC,_i'R.wav,i RC5,ir,i rc5,0,424,33250f058a87fcd0,33250f058a87fcd0:424,So Yoon Spindrift_CVVC|33250f058a87fcd0:424,4,1,-812.2163499999996,812.2163499999996,362.9939999999999,62.88500000000002,307.88499999999976,9.057000000000002,5.707000000000001,korean,cvvc,vcv,vcv,anchor_tight,2.0,0.8384615384615385,0.0,1.0,0.0,438.4,5561.995464852607,1070.0,16.0,137.23000000000002,0.0,0.0,0.0,1.0,0.0,-26.69894150298598,-28.557974797749274,1.0,0.0,other,,vcv,head,other,unknown,unknown,,,1086.0,203.34,1444.38,111.33,42.83,1197.33,92.01,1241.0400000000002,0.38471211712925535,16.0,127.32999999999993,0.0,9.900000000000006,9.900000000000091,68.5,92.01,0.0
So Yoon Spindrift_CVVC,_i'R.wav,i RC5,ir,i rc5,0,424,33250f058a87fcd0,33250f058a87fcd0:424,So Yoon Spindrift_CVVC|33250f058a87fcd0:424,3,0,-819.2563499999995,819.2563499999995,362.9939999999999,62.88500000000002,307.88499999999976,15.457000000000008,5.707000000000001,korean,cvvc,vcv,vcv,anchor_soft,1.0,0.8384615384615385,0.0,1.0,0.0,438.4,5561.995464852607,1070.0,16.0,137.23000000000002,0.0,0.0,0.0,1.0,0.0,-26.69894150298598,-28.557974797749274,1.0,0.0,other,,vcv,head,other,unknown,unknown,,,1086.0,203.34,1444.38,117.73,42.83,1203.73,85.61,1241.0400000000002,0.3637985220419604,16.0,133.73000000000002,0.0,3.5,3.5,74.9,85.61,0.0
So Yoon Spindrift_CVVC,_i'R.wav,i RC5,ir,i rc5,0,424,33250f058a87fcd0,33250f058a87fcd0:424,So Yoon Spindrift_CVVC|33250f058a87fcd0:424,2,0,-820.4392899999996,820.4392899999996,362.9939999999999,62.88500000000002,307.88499999999976,16.53240000000001,5.707000000000001,korean,cvvc,vcv,vcv,next_safe,3.0,0.8384615384615385,0.0,1.0,0.0,438.4,5561.995464852607,1070.0,16.0,137.23000000000002,0.0,0.0,0.0,1.0,0.0,-26.69894150298598,-28.557974797749274,1.0,0.0,other,,vcv,head,other,unknown,unknown,,,1086.0,203.34,1444.38,118.8054,42.83,1204.8054,84.5346,1241.0400000000002,0.36050549890829875,16.0,134.80539999999996,0.0,2.424599999999998,2.424600000000055,75.97540000000001,84.5346,0.0
So Yoon Spindrift_CVVC,_i'R.wav,i RC5,ir,i rc5,0,424,33250f058a87fcd0,33250f058a87fcd0:424,So Yoon Spindrift_CVVC|33250f058a87fcd0:424,1,0,-823.1063499999996,823.1063499999996,362.9939999999999,62.88500000000002,307.88499999999976,18.957000000000008,5.707000000000001,korean,cvvc,vcv,vcv,base,0.0,0.8384615384615385,0.0,1.0,0.0,438.4,5561.995464852607,1070.0,16.0,137.23000000000002,0.0,0.0,0.0,1.0,0.0,-26.69894150298598,-28.557974797749274,1.0,0.0,other,,vcv,head,other,unknown,unknown,,,1086.0,203.34,1444.38,121.23,42.83,1207.23,82.11,1241.0400000000002,0.3532953889301328,16.0,137.23000000000002,0.0,0.0,0.0,78.4,82.11,0.0
So Yoon Spindrift_CVVC,_an'van'vin'-'am'vam'vim.wav,n vyC5,anvanvinamvamvim,n vyc5,0,1343,33250f058a87fcd0,33250f058a87fcd0:1343,So Yoon Spindrift_CVVC|33250f058a87fcd0:1343,7,1,-1761.3563500000002,1761.3563500000002,786.5230000000001,8.424000000000007,789.4950000000001,9.352000000000004,23.854999999999997,korean,cvvc,vc,vc_other,base,0.0,0.8539067364240622,0.0,1.0,0.0,22.231999999999992,5499.501133786848,1190.0,-77.68000000000006,22.529999999999973,97.49000000000001,0.0,0.0,0.8932981334713931,0.0,-23.13030334257768,-24.58571173705023,0.8932981334713931,0.0,other,,vc,head,other,unknown,unknown,,,1112.32,133.75,1272.51,100.21,52.23,1212.53,33.540000000000006,1138.76,0.5212054685161162,-77.68000000000006,22.529999999999973,97.49000000000001,0.0,0.0,47.98,33.540000000000006,0.0
So Yoon Spindrift_CVVC,_an'van'vin'-'am'vam'vim.wav,n vyC5,anvanvinamvamvim,n vyc5,0,1343,33250f058a87fcd0,33250f058a87fcd0:1343,So Yoon Spindrift_CVVC|33250f058a87fcd0:1343,6,0,-1763.5609700000002,1763.5609700000002,786.5230000000001,8.424000000000007,789.4950000000001,11.356200000000001,23.854999999999997,korean,cvvc,vc,vc_other,next_safe,3.0,0.8539067364240622,0.0,1.0,0.0,22.231999999999992,5499.501133786848,1190.0,-77.68000000000006,22.529999999999973,97.49000000000001,0.0,0.0,0.8932981334713931,0.0,-23.13030334257768,-24.58571173705023,0.8932981334713931,0.0,other,,vc,head,other,unknown,unknown,,,1112.32,133.75,1272.51,98.2058,52.23,1210.5258,35.544200000000004,1138.76,0.5318423148123634,-77.68000000000006,20.52579999999989,97.49000000000001,2.0041999999999973,2.0042000000000826,45.9758,35.544200000000004,0.0
So Yoon Spindrift_CVVC,_an'van'vin'-'am'vam'vim.wav,n vyC5,anvanvinamvamvim,n vyc5,0,1343,33250f058a87fcd0,33250f058a87fcd0:1343,So Yoon Spindrift_CVVC|33250f058a87fcd0:1343,5,0,-1765.2063500000002,1765.2063500000002,786.5230000000001,8.424000000000007,789.4950000000001,12.852000000000004,23.854999999999997,korean,cvvc,vc,vc_other,anchor_soft,1.0,0.8539067364240622,0.0,1.0,0.0,22.231999999999992,5499.501133786848,1190.0,-77.68000000000006,22.529999999999973,97.49000000000001,0.0,0.0,0.8932981334713931,0.0,-23.13030334257768,-24.58571173705023,0.8932981334713931,0.0,other,,vc,head,other,unknown,unknown,,,1112.32,133.75,1272.51,96.71,52.23,1209.03,37.040000000000006,1138.76,0.540068245269362,-77.68000000000006,19.029999999999973,97.49000000000001,3.5,3.5,44.48,37.040000000000006,0.0
So Yoon Spindrift_CVVC,_an'van'vin'-'am'vam'vim.wav,n vyC5,anvanvinamvamvim,n vyc5,0,1343,33250f058a87fcd0,33250f058a87fcd0:1343,So Yoon Spindrift_CVVC|33250f058a87fcd0:1343,4,0,-1772.2463500000003,1772.2463500000003,786.5230000000001,8.424000000000007,789.4950000000001,19.25200000000001,23.854999999999997,korean,cvvc,vc,vc_other,anchor_tight,2.0,0.8539067364240622,0.0,1.0,0.0,22.231999999999992,5499.501133786848,1190.0,-77.68000000000006,22.529999999999973,97.49000000000001,0.0,0.0,0.8932981334713931,0.0,-23.13030334257768,-24.58571173705023,0.8932981334713931,0.0,other,,vc,head,other,unknown,unknown,,,1112.32,133.75,1272.51,90.30999999999999,52.23,1202.6299999999999,43.44000000000001,1138.76,0.5783412689624626,-77.68000000000006,12.629999999999882,97.49000000000001,9.900000000000006,9.900000000000091,38.07999999999999,43.44000000000001,0.0
So Yoon Spindrift_CVVC,_an'van'vin'-'am'vam'vim.wav,n vyC5,anvanvinamvamvim,n vyc5,0,1343,33250f058a87fcd0,33250f058a87fcd0:1343,So Yoon Spindrift_CVVC|33250f058a87fcd0:1343,3,0,-1774.2973500000003,1774.2973500000003,786.5230000000001,16.424000000000007,777.4950000000001,9.352000000000004,62.834999999999994,korean,cvvc,vc,vc_other,kr_cvvc_bridge_wide,6.0,0.8539067364240622,0.0,1.0,0.0,22.231999999999992,5499.501133786848,1190.0,-77.68000000000006,22.529999999999973,97.49000000000001,0.0,0.0,0.8932981334713931,0.0,-23.13030334257768,-24.58571173705023,0.8932981334713931,0.0,other,,vc,head,other,unknown,unknown,,,1112.32,141.75,1284.51,100.21,91.21,1212.53,41.540000000000006,1142.76,0.9101886039317433,-77.68000000000006,22.529999999999973,85.49000000000001,58.98,0.0,9.0,41.540000000000006,0.0
So Yoon Spindrift_CVVC,_an'van'vin'-'am'vam'vim.wav,n vyC5,anvanvinamvamvim,n vyc5,0,1343,33250f058a87fcd0,33250f058a87fcd0:1343,So Yoon Spindrift_CVVC|33250f058a87fcd0:1343,2,0,-1776.9473500000001,1776.9473500000001,786.5230000000001,9.424000000000007,787.4950000000001,9.352000000000004,60.834999999999994,korean,cvvc,vc,vc_other,kr_cvvc_bridge_tight,5.0,0.8539067364240622,0.0,1.0,0.0,22.231999999999992,5499.501133786848,1190.0,-77.68000000000006,22.529999999999973,97.49000000000001,0.0,0.0,0.8932981334713931,0.0,-23.13030334257768,-24.58571173705023,0.8932981334713931,0.0,other,,vc,head,other,unknown,unknown,,,1112.32,134.75,1274.51,100.21,89.21,1212.53,34.540000000000006,1139.76,0.8902305159165752,-77.68000000000006,22.529999999999973,95.49000000000001,39.98,0.0,11.0,34.540000000000006,0.0
So Yoon Spindrift_CVVC,_an'van'vin'-'am'vam'vim.wav,n vyC5,anvanvinamvamvim,n vyc5,0,1343,33250f058a87fcd0,33250f058a87fcd0:1343,So Yoon Spindrift_CVVC|33250f058a87fcd0:1343,1,0,-1778.3883500000002,1778.3883500000002,786.5230000000001,8.883999999999986,789.4950000000001,9.352000000000004,60.834999999999994,korean,cvvc,vc,vc_other,bridge_tight,4.0,0.8539067364240622,0.0,1.0,0.0,22.231999999999992,5499.501133786848,1190.0,-77.68000000000006,22.529999999999973,97.49000000000001,0.0,0.0,0.8932981334713931,0.0,-23.13030334257768,-24.58571173705023,0.8932981334713931,0.0,other,,vc,head,other,unknown,unknown,,,1112.32,134.20999999999998,1272.51,100.21,89.21,1212.53,33.999999999999986,1138.3,0.8902305159165752,-77.68000000000006,22.529999999999973,97.49000000000001,37.439999999999976,0.0,11.0,33.999999999999986,0.0
So Yoon Spindrift_CVVC,_ang'vang'ving'-'al'val'vil.wav,ng vC5,angvangvingalvalvil,ng vc5,0,1346,33250f058a87fcd0,33250f058a87fcd0:1346,So Yoon Spindrift_CVVC|33250f058a87fcd0:1346,7,1,-798.5558000000001,798.5558000000001,269.145,41.333,347.82500000000005,57.649,73.65299999999999,korean,cvvc,vc,vc_other,kr_cvvc_bridge_wide,6.0,0.82945250766075,0.0,1.0,0.0,448.625,5499.501133786848,1050.0,13.75,115.31999999999994,1654.7,0.0,1320.0,0.8233712304536528,0.0,-22.234903667068977,-24.978896902932227,0.8233712304536528,0.0,other,,vc,head,other,unknown,unknown,,,1063.75,143.11,1237.3,101.57,92.57,1165.32,41.54000000000002,1094.19,0.9113911588067343,13.75,115.31999999999994,1642.7,58.559999999999995,0.0,9.0,41.54000000000002,0.0
So Yoon Spindrift_CVVC,_ang'vang'ving'-'al'val'vil.wav,ng vC5,angvangvingalvalvil,ng vc5,0,1346,33250f058a87fcd0,33250f058a87fcd0:1346,So Yoon Spindrift_CVVC|33250f058a87fcd0:1346,6,0,-799.4037999999999,799.4037999999999,269.145,49.333,359.82500000000005,57.649,35.092999999999996,korean,cvvc,vc,vc_other,base,0.0,0.82945250766075,0.0,1.0,0.0,448.625,5499.501133786848,1050.0,13.75,115.31999999999994,1654.7,0.0,1320.0,0.8233712304536528,0.0,-22.234903667068977,-24.978896902932227,0.8233712304536528,0.0,other,,vc,head,other,unknown,unknown,,,1063.75,135.11,1225.3,101.57,54.01,1165.32,33.54000000000002,1090.19,0.5317515014275869,13.75,115.31999999999994,1654.7,0.0,0.0,47.559999999999995,33.54000000000002,0.0
So Yoon Spindrift_CVVC,_ang'vang'ving'-'al'val'vil.wav,ng vC5,angvangvingalvalvil,ng vc5,0,1346,33250f058a87fcd0,33250f058a87fcd0:1346,So Yoon Spindrift_CVVC|33250f058a87fcd0:1346,5,0,-801.63834,801.63834,269.145,49.333,359.82500000000005,59.680400000000006,35.092999999999996,korean,cvvc,vc,vc_other,next_safe,3.0,0.82945250766075,0.0,1.0,0.0,448.625,5499.501133786848,1050.0,13.75,115.31999999999994,1654.7,0.0,1320.0,0.8233712304536528,0.0,-22.234903667068977,-24.978896902932227,0.8233712304536528,0.0,other,,vc,head,other,unknown,unknown,,,1063.75,135.11,1225.3,99.53859999999999,54.01,1163.2886,35.571400000000025,1090.19,0.5426035728852928,13.75,113.28860000000009,1654.7,2.031400000000005,2.0313999999998487,45.52859999999999,35.571400000000025,0.0
So Yoon Spindrift_CVVC,_ang'vang'ving'-'al'val'vil.wav,ng vC5,angvangvingalvalvil,ng vc5,0,1346,33250f058a87fcd0,33250f058a87fcd0:1346,So Yoon Spindrift_CVVC|33250f058a87fcd0:1346,4,0,-803.2538,803.2538,269.145,49.333,359.82500000000005,61.149,35.092999999999996,korean,cvvc,vc,vc_other,anchor_soft,1.0,0.82945250766075,0.0,1.0,0.0,448.625,5499.501133786848,1050.0,13.75,115.31999999999994,1654.7,0.0,1320.0,0.8233712304536528,0.0,-22.234903667068977,-24.978896902932227,0.8233712304536528,0.0,other,,vc,head,other,unknown,unknown,,,1063.75,135.11,1225.3,98.07,54.01,1161.82,37.04000000000002,1090.19,0.5507290710716836,13.75,111.81999999999994,1654.7,3.5,3.5,44.059999999999995,37.04000000000002,0.0
So Yoon Spindrift_CVVC,_ang'vang'ving'-'al'val'vil.wav,ng vC5,angvangvingalvalvil,ng vc5,0,1346,33250f058a87fcd0,33250f058a87fcd0:1346,So Yoon Spindrift_CVVC|33250f058a87fcd0:1346,3,0,-810.2937999999999,810.2937999999999,269.145,49.333,359.82500000000005,67.549,35.092999999999996,korean,cvvc,vc,vc_other,anchor_tight,2.0,0.82945250766075,0.0,1.0,0.0,448.625,5499.501133786848,1050.0,13.75,115.31999999999994,1654.7,0.0,1320.0,0.8233712304536528,0.0,-22.234903667068977,-24.978896902932227,0.8233712304536528,0.0,other,,vc,head,other,unknown,unknown,,,1063.75,135.11,1225.3,91.66999999999999,54.01,1155.42,43.440000000000026,1090.19,0.5891785753245337,13.75,105.42000000000007,1654.7,9.900000000000006,9.899999999999864,37.65999999999999,43.440000000000026,0.0
So Yoon Spindrift_CVVC,_ang'vang'ving'-'al'val'vil.wav,ng vC5,angvangvingalvalvil,ng vc5,0,1346,33250f058a87fcd0,33250f058a87fcd0:1346,So Yoon Spindrift_CVVC|33250f058a87fcd0:1346,2,0,-813.1057999999999,813.1057999999999,269.145,48.333,357.82500000000005,57.649,71.65299999999999,korean,cvvc,vc,vc_other,kr_cvvc_bridge_tight,5.0,0.82945250766075,0.0,1.0,0.0,448.625,5499.501133786848,1050.0,13.75,115.31999999999994,1654.7,0.0,1320.0,0.8233712304536528,0.0,-22.234903667068977,-24.978896902932227,0.8233712304536528,0.0,other,,vc,head,other,unknown,unknown,,,1063.75,136.11,1227.3,101.57,90.57,1165.32,34.54000000000002,1091.19,0.8917003052082307,13.75,115.31999999999994,1652.7,39.559999999999995,0.0,11.0,34.54000000000002,0.0
So Yoon Spindrift_CVVC,_ang'vang'ving'-'al'val'vil.wav,ng vC5,angvangvingalvalvil,ng vc5,0,1346,33250f058a87fcd0,33250f058a87fcd0:1346,So Yoon Spindrift_CVVC|33250f058a87fcd0:1346,1,0,-815.4648,815.4648,269.145,48.87300000000002,359.82500000000005,57.649,71.65299999999999,korean,cvvc,vc,vc_other,bridge_tight,4.0,0.82945250766075,0.0,1.0,0.0,448.625,5499.501133786848,1050.0,13.75,115.31999999999994,1654.7,0.0,1320.0,0.8233712304536528,0.0,-22.234903667068977,-24.978896902932227,0.8233712304536528,0.0,other,,vc,head,other,unknown,unknown,,,1063.75,135.57,1225.3,101.57,90.57,1165.32,34.0,1089.73,0.8917003052082307,13.75,115.31999999999994,1654.7,37.019999999999975,0.0,11.0,34.0,0.0
So Yoon Spindrift_CVVC,_ang'vang'ving'-'al'val'vil.wav,ng vyC5,angvangvingalvalvil,ng vyc5,0,1347,33250f058a87fcd0,33250f058a87fcd0:1347,So Yoon Spindrift_CVVC|33250f058a87fcd0:1347,7,1,-1848.1142499999999,1848.1142499999999,749.288,50.718999999999994,813.7089999999998,74.91899999999998,28.79700000000001,korean,cvvc,vc,vc_other,kr_cvvc_bridge_wide,6.0,0.8298755845838264,0.0,1.0,0.0,448.63599999999997,5499.501133786848,1050.0,13.6400000000001,116.07000000000016,1653.9499999999998,0.0,1320.0,0.8233712304536528,0.0,-22.234903667068977,-24.978896902932227,0.8233712304536528,0.0,other,,vc,mid,other,unknown,unknown,vc,,1063.64,143.97,1238.0500000000002,102.43,93.43,1166.0700000000002,41.53999999999999,1094.0800000000002,0.9121351166650395,13.6400000000001,116.07000000000016,1641.9499999999998,58.32000000000001,0.0,9.0,41.53999999999999,0.0
So Yoon Spindrift_CVVC,_ang'vang'ving'-'al'val'vil.wav,ng vyC5,angvangvingalvalvil,ng vyc5,0,1347,33250f058a87fcd0,33250f058a87fcd0:1347,So Yoon Spindrift_CVVC|33250f058a87fcd0:1347,6,0,-1857.64095,1857.64095,749.288,58.718999999999994,825.7089999999998,74.91899999999998,9.522999999999996,korean,cvvc,vc,vc_other,base,0.0,0.8298755845838264,0.0,1.0,0.0,448.63599999999997,5499.501133786848,1050.0,13.6400000000001,116.07000000000016,1653.9499999999998,0.0,1320.0,0.8233712304536528,0.0,-22.234903667068977,-24.978896902932227,0.8233712304536528,0.0,other,,vc,mid,other,unknown,unknown,vc,,1063.64,135.97,1226.0500000000002,102.43,55.11,1166.0700000000002,33.53999999999999,1090.0800000000002,0.5380259689544078,13.6400000000001,116.07000000000016,1653.9499999999998,0.0,0.0,47.32000000000001,33.53999999999999,0.0
So Yoon Spindrift_CVVC,_ang'vang'ving'-'al'val'vil.wav,ng vyC5,angvangvingalvalvil,ng vyc5,0,1347,33250f058a87fcd0,33250f058a87fcd0:1347,So Yoon Spindrift_CVVC|33250f058a87fcd0:1347,5,0,-1859.8944099999999,1859.8944099999999,749.288,58.718999999999994,825.7089999999998,76.96759999999999,9.522999999999996,korean,cvvc,vc,vc_other,next_safe,3.0,0.8298755845838264,0.0,1.0,0.0,448.63599999999997,5499.501133786848,1050.0,13.6400000000001,116.07000000000016,1653.9499999999998,0.0,1320.0,0.8233712304536528,0.0,-22.234903667068977,-24.978896902932227,0.8233712304536528,0.0,other,,vc,mid,other,unknown,unknown,vc,,1063.64,135.97,1226.0500000000002,100.3814,55.11,1164.0214,35.5886,1090.0800000000002,0.549006090769804,13.6400000000001,114.02140000000009,1653.9499999999998,2.0486000000000075,2.0486000000000786,45.2714,35.5886,0.0
So Yoon Spindrift_CVVC,_ang'vang'ving'-'al'val'vil.wav,ng vyC5,angvangvingalvalvil,ng vyc5,0,1347,33250f058a87fcd0,33250f058a87fcd0:1347,So Yoon Spindrift_CVVC|33250f058a87fcd0:1347,4,0,-1861.4909499999999,1861.4909499999999,749.288,58.718999999999994,825.7089999999998,78.41899999999998,9.522999999999996,korean,cvvc,vc,vc_other,anchor_soft,1.0,0.8298755845838264,0.0,1.0,0.0,448.63599999999997,5499.501133786848,1050.0,13.6400000000001,116.07000000000016,1653.9499999999998,0.0,1320.0,0.8233712304536528,0.0,-22.234903667068977,-24.978896902932227,0.8233712304536528,0.0,other,,vc,mid,other,unknown,unknown,vc,,1063.64,135.97,1226.0500000000002,98.93,55.11,1162.5700000000002,37.03999999999999,1090.0800000000002,0.5570605478621247,13.6400000000001,112.57000000000016,1653.9499999999998,3.5,3.5,43.82000000000001,37.03999999999999,0.0
So Yoon Spindrift_CVVC,_ang'vang'ving'-'al'val'vil.wav,ng vyC5,angvangvingalvalvil,ng vyc5,0,1347,33250f058a87fcd0,33250f058a87fcd0:1347,So Yoon Spindrift_CVVC|33250f058a87fcd0:1347,3,0,-1862.6642499999998,1862.6642499999998,749.288,57.718999999999994,823.7089999999998,74.91899999999998,26.79700000000001,korean,cvvc,vc,vc_other,kr_cvvc_bridge_tight,5.0,0.8298755845838264,0.0,1.0,0.0,448.63599999999997,5499.501133786848,1050.0,13.6400000000001,116.07000000000016,1653.9499999999998,0.0,1320.0,0.8233712304536528,0.0,-22.234903667068977,-24.978896902932227,0.8233712304536528,0.0,other,,vc,mid,other,unknown,unknown,vc,,1063.64,136.97,1228.0500000000002,102.43,91.43,1166.0700000000002,34.53999999999999,1091.0800000000002,0.8926095870350483,13.6400000000001,116.07000000000016,1651.9499999999998,39.32000000000001,0.0,11.0,34.53999999999999,0.0
So Yoon Spindrift_CVVC,_ang'vang'ving'-'al'val'vil.wav,ng vyC5,angvangvingalvalvil,ng vyc5,0,1347,33250f058a87fcd0,33250f058a87fcd0:1347,So Yoon Spindrift_CVVC|33250f058a87fcd0:1347,2,0,-1865.0232499999997,1865.0232499999997,749.288,58.258999999999986,825.7089999999998,74.91899999999998,26.79700000000001,korean,cvvc,vc,vc_other,bridge_tight,4.0,0.8298755845838264,0.0,1.0,0.0,448.63599999999997,5499.501133786848,1050.0,13.6400000000001,116.07000000000016,1653.9499999999998,0.0,1320.0,0.8233712304536528,0.0,-22.234903667068977,-24.978896902932227,0.8233712304536528,0.0,other,,vc,mid,other,unknown,unknown,vc,,1063.64,136.43,1226.0500000000002,102.43,91.43,1166.0700000000002,34.0,1089.6200000000001,0.8926095870350483,13.6400000000001,116.07000000000016,1653.9499999999998,36.780000000000015,0.0,11.0,34.0,0.0
So Yoon Spindrift_CVVC,_ang'vang'ving'-'al'val'vil.wav,ng vyC5,angvangvingalvalvil,ng vyc5,0,1347,33250f058a87fcd0,33250f058a87fcd0:1347,So Yoon Spindrift_CVVC|33250f058a87fcd0:1347,1,0,-1868.5309499999998,1868.5309499999998,749.288,58.718999999999994,825.7089999999998,84.81899999999999,9.522999999999996,korean,cvvc,vc,vc_other,anchor_tight,2.0,0.8298755845838264,0.0,1.0,0.0,448.63599999999997,5499.501133786848,1050.0,13.6400000000001,116.07000000000016,1653.9499999999998,0.0,1320.0,0.8233712304536528,0.0,-22.234903667068977,-24.978896902932227,0.8233712304536528,0.0,other,,vc,mid,other,unknown,unknown,vc,,1063.64,135.97,1226.0500000000002,92.53,55.11,1156.17,43.44,1090.0800000000002,0.5955906192586188,13.6400000000001,106.17000000000007,1653.9499999999998,9.900000000000006,9.900000000000091,37.42,43.44,0.0
So Yoon Spindrift_CVVC,_e'R.wav,e RG4,er,e rg4,0,297,e1d269693be90cbd,e1d269693be90cbd:297,So Yoon Spindrift_CVVC|e1d269693be90cbd:297,4,1,-784.8228999999998,784.8228999999998,319.33799999999997,80.475,303.1589999999999,18.076999999999998,20.801999999999992,korean,cvvc,vcv,vcv,base,0.0,0.8981923076923076,0.0,1.0,0.0,299.953,5561.995464852607,1110.0,0.4700000000000273,125.13000000000011,0.0,0.0,0.0,1.0,0.0,-28.37389658501582,-29.355001055744076,1.0,0.0,other,,vcv,head,other,unknown,unknown,,,1110.47,206.15,1471.66,124.66,48.2,1235.13,81.49000000000001,1265.51,0.3866516926038826,0.4700000000000273,125.13000000000011,0.0,0.0,0.0,76.46,81.49000000000001,0.0
So Yoon Spindrift_CVVC,_e'R.wav,e RG4,er,e rg4,0,297,e1d269693be90cbd,e1d269693be90cbd:297,So Yoon Spindrift_CVVC|e1d269693be90cbd:297,3,0,-787.5654199999998,787.5654199999998,319.33799999999997,80.475,303.1589999999999,20.5702,20.801999999999992,korean,cvvc,vcv,vcv,next_safe,3.0,0.8981923076923076,0.0,1.0,0.0,299.953,5561.995464852607,1110.0,0.4700000000000273,125.13000000000011,0.0,0.0,0.0,1.0,0.0,-28.37389658501582,-29.355001055744076,1.0,0.0,other,,vcv,head,other,unknown,unknown,,,1110.47,206.15,1471.66,122.1668,48.2,1232.6368,83.98320000000001,1265.51,0.3945425434733496,0.4700000000000273,122.6368,0.0,2.4932000000000016,2.4932000000001153,73.96679999999999,83.98320000000001,0.0
So Yoon Spindrift_CVVC,_e'R.wav,e RG4,er,e rg4,0,297,e1d269693be90cbd,e1d269693be90cbd:297,So Yoon Spindrift_CVVC|e1d269693be90cbd:297,2,0,-788.6728999999998,788.6728999999998,319.33799999999997,80.475,303.1589999999999,21.576999999999998,20.801999999999992,korean,cvvc,vcv,vcv,anchor_soft,1.0,0.8981923076923076,0.0,1.0,0.0,299.953,5561.995464852607,1110.0,0.4700000000000273,125.13000000000011,0.0,0.0,0.0,1.0,0.0,-28.37389658501582,-29.355001055744076,1.0,0.0,other,,vcv,head,other,unknown,unknown,,,1110.47,206.15,1471.66,121.16,48.2,1231.63,84.99000000000001,1265.51,0.3978210630571146,0.4700000000000273,121.63000000000011,0.0,3.5,3.5,72.96,84.99000000000001,0.0
So Yoon Spindrift_CVVC,_e'R.wav,e RG4,er,e rg4,0,297,e1d269693be90cbd,e1d269693be90cbd:297,So Yoon Spindrift_CVVC|e1d269693be90cbd:297,1,0,-795.7128999999999,795.7128999999999,319.33799999999997,80.475,303.1589999999999,27.977000000000004,20.801999999999992,korean,cvvc,vcv,vcv,anchor_tight,2.0,0.8981923076923076,0.0,1.0,0.0,299.953,5561.995464852607,1110.0,0.4700000000000273,125.13000000000011,0.0,0.0,0.0,1.0,0.0,-28.37389658501582,-29.355001055744076,1.0,0.0,other,,vcv,head,other,unknown,unknown,,,1110.47,206.15,1471.66,114.75999999999999,48.2,1225.23,91.39000000000001,1265.51,0.4200069710700593,0.4700000000000273,115.23000000000002,0.0,9.900000000000006,9.900000000000091,66.55999999999999,91.39000000000001,0.0
So Yoon Spindrift_CVVC,_eo'R.wav,eo RG4,eor,eo rg4,0,306,e1d269693be90cbd,e1d269693be90cbd:306,So Yoon Spindrift_CVVC|e1d269693be90cbd:306,4,1,-2443.4737770975057,2443.4737770975057,428.44900000000007,91.606,1914.5471337868485,3.855000000000004,15.527000000000001,korean,cvvc,vcv,vcv,anchor_tight,2.0,0.8846153846153847,0.0,1.0,0.0,379.6,5499.501133786848,1080.0,-4.0,117.23000000000002,0.0,0.0,0.0,1.0,0.0,-26.455540244629926,-27.239525565469165,1.0,0.0,other,,vcv,head,other,unknown,unknown,,,1076.0,204.82,1435.85,111.33,43.41,1187.33,93.49,1231.03,0.38992185394772294,-4.0,107.32999999999993,0.0,9.900000000000006,9.900000000000091,67.92,93.49,0.0
So Yoon Spindrift_CVVC,_eo'R.wav,eo RG4,eor,eo rg4,0,306,e1d269693be90cbd,e1d269693be90cbd:306,So Yoon Spindrift_CVVC|e1d269693be90cbd:306,3,0,-2450.5137770975057,2450.5137770975057,428.44900000000007,91.606,1914.5471337868485,10.25500000000001,15.527000000000001,korean,cvvc,vcv,vcv,anchor_soft,1.0,0.8846153846153847,0.0,1.0,0.0,379.6,5499.501133786848,1080.0,-4.0,117.23000000000002,0.0,0.0,0.0,1.0,0.0,-26.455540244629926,-27.239525565469165,1.0,0.0,other,,vcv,head,other,unknown,unknown,,,1076.0,204.82,1435.85,117.73,43.41,1193.73,87.08999999999999,1231.03,0.36872504884056734,-4.0,113.73000000000002,0.0,3.5,3.5,74.32000000000001,87.08999999999999,0.0
So Yoon Spindrift_CVVC,_eo'R.wav,eo RG4,eor,eo rg4,0,306,e1d269693be90cbd,e1d269693be90cbd:306,So Yoon Spindrift_CVVC|e1d269693be90cbd:306,2,0,-2451.696717097506,2451.696717097506,428.44900000000007,91.606,1914.5471337868485,11.330400000000012,15.527000000000001,korean,cvvc,vcv,vcv,next_safe,3.0,0.8846153846153847,0.0,1.0,0.0,379.6,5499.501133786848,1080.0,-4.0,117.23000000000002,0.0,0.0,0.0,1.0,0.0,-26.455540244629926,-27.239525565469165,1.0,0.0,other,,vcv,head,other,unknown,unknown,,,1076.0,204.82,1435.85,118.8054,43.41,1194.8054,86.01459999999999,1231.03,0.36538743188440925,-4.0,114.80539999999996,0.0,2.424599999999998,2.424600000000055,75.39540000000001,86.01459999999999,0.0
So Yoon Spindrift_CVVC,_eo'R.wav,eo RG4,eor,eo rg4,0,306,e1d269693be90cbd,e1d269693be90cbd:306,So Yoon Spindrift_CVVC|e1d269693be90cbd:306,1,0,-2454.363777097506,2454.363777097506,428.44900000000007,91.606,1914.5471337868485,13.75500000000001,15.527000000000001,korean,cvvc,vcv,vcv,base,0.0,0.8846153846153847,0.0,1.0,0.0,379.6,5499.501133786848,1080.0,-4.0,117.23000000000002,0.0,0.0,0.0,1.0,0.0,-26.455540244629926,-27.239525565469165,1.0,0.0,other,,vcv,head,other,unknown,unknown,,,1076.0,204.82,1435.85,121.23,43.41,1197.23,83.58999999999999,1231.03,0.35807968324672107,-4.0,117.23000000000002,0.0,0.0,0.0,77.82000000000001,83.58999999999999,0.0
So Yoon Spindrift_CVVC,_i'R.wav,i RG4,ir,i rg4,0,424,e1d269693be90cbd,e1d269693be90cbd:424,So Yoon Spindrift_CVVC|e1d269693be90cbd:424,4,1,-2345.6404125850345,2345.6404125850345,366.0050000000001,96.267,1888.1868027210885,9.055999999999997,5.707000000000001,korean,cvvc,vcv,vcv,anchor_tight,2.0,0.8846153846153847,0.0,1.0,0.0,359.6,5437.006802721088,1160.0,-4.0,117.23000000000002,0.0,0.0,0.0,1.0,0.0,-27.084106558070488,-28.117750185140157,1.0,0.0,other,,vcv,head,other,unknown,unknown,,,1156.0,205.36,1516.3899999999999,111.33,42.83,1267.33,94.03000000000002,1311.0299999999997,0.38471211712925535,-4.0,107.32999999999993,0.0,9.900000000000006,9.900000000000091,68.5,94.03000000000002,0.0
So Yoon Spindrift_CVVC,_i'R.wav,i RG4,ir,i rg4,0,424,e1d269693be90cbd,e1d269693be90cbd:424,So Yoon Spindrift_CVVC|e1d269693be90cbd:424,3,0,-2352.6804125850344,2352.6804125850344,366.0050000000001,96.267,1888.1868027210885,15.456000000000003,5.707000000000001,korean,cvvc,vcv,vcv,anchor_soft,1.0,0.8846153846153847,0.0,1.0,0.0,359.6,5437.006802721088,1160.0,-4.0,117.23000000000002,0.0,0.0,0.0,1.0,0.0,-27.084106558070488,-28.117750185140157,1.0,0.0,other,,vcv,head,other,unknown,unknown,,,1156.0,205.36,1516.3899999999999,117.73,42.83,1273.73,87.63000000000001,1311.0299999999997,0.3637985220419604,-4.0,113.73000000000002,0.0,3.5,3.5,74.9,87.63000000000001,0.0
So Yoon Spindrift_CVVC,_i'R.wav,i RG4,ir,i rg4,0,424,e1d269693be90cbd,e1d269693be90cbd:424,So Yoon Spindrift_CVVC|e1d269693be90cbd:424,2,0,-2353.8633525850346,2353.8633525850346,366.0050000000001,96.267,1888.1868027210885,16.531400000000005,5.707000000000001,korean,cvvc,vcv,vcv,next_safe,3.0,0.8846153846153847,0.0,1.0,0.0,359.6,5437.006802721088,1160.0,-4.0,117.23000000000002,0.0,0.0,0.0,1.0,0.0,-27.084106558070488,-28.117750185140157,1.0,0.0,other,,vcv,head,other,unknown,unknown,,,1156.0,205.36,1516.3899999999999,118.8054,42.83,1274.8054,86.55460000000001,1311.0299999999997,0.36050549890829875,-4.0,114.80539999999996,0.0,2.424599999999998,2.424600000000055,75.97540000000001,86.55460000000001,0.0
So Yoon Spindrift_CVVC,_i'R.wav,i RG4,ir,i rg4,0,424,e1d269693be90cbd,e1d269693be90cbd:424,So Yoon Spindrift_CVVC|e1d269693be90cbd:424,1,0,-2356.5304125850344,2356.5304125850344,366.0050000000001,96.267,1888.1868027210885,18.956000000000003,5.707000000000001,korean,cvvc,vcv,vcv,base,0.0,0.8846153846153847,0.0,1.0,0.0,359.6,5437.006802721088,1160.0,-4.0,117.23000000000002,0.0,0.0,0.0,1.0,0.0,-27.084106558070488,-28.117750185140157,1.0,0.0,other,,vcv,head,other,unknown,unknown,,,1156.0,205.36,1516.3899999999999,121.23,42.83,1277.23,84.13000000000001,1311.0299999999997,0.3532953889301328,-4.0,117.23000000000002,0.0,0.0,0.0,78.4,84.13000000000001,0.0
So Yoon Spindrift_CVVC,_u'R.wav,u RG4,ur,u rg4,0,1217,e1d269693be90cbd,e1d269693be90cbd:1217,So Yoon Spindrift_CVVC|e1d269693be90cbd:1217,4,1,-803.4273999999999,803.4273999999999,341.81899999999996,75.543,311.98,13.099999999999994,2.558,korean,cvvc,vcv,vcv,anchor_tight,2.0,0.8846153846153847,0.0,1.0,0.0,259.6,5561.995464852607,1090.0,-4.0,117.23000000000002,0.0,0.0,0.0,1.0,0.0,-27.360445872579326,-28.56859121940774,1.0,0.0,other,,vcv,head,other,unknown,unknown,,,1086.0,203.19,1444.23,111.33,41.85,1197.33,91.86,1241.04,0.375909458367017,-4.0,107.32999999999993,0.0,9.900000000000006,9.900000000000091,69.47999999999999,91.86,0.0
So Yoon Spindrift_CVVC,_u'R.wav,u RG4,ur,u rg4,0,1217,e1d269693be90cbd,e1d269693be90cbd:1217,So Yoon Spindrift_CVVC|e1d269693be90cbd:1217,3,0,-810.4674,810.4674,341.81899999999996,75.543,311.98,19.5,2.558,korean,cvvc,vcv,vcv,anchor_soft,1.0,0.8846153846153847,0.0,1.0,0.0,259.6,5561.995464852607,1090.0,-4.0,117.23000000000002,0.0,0.0,0.0,1.0,0.0,-27.360445872579326,-28.56859121940774,1.0,0.0,other,,vcv,head,other,unknown,unknown,,,1086.0,203.19,1444.23,117.73,41.85,1203.73,85.46,1241.04,0.35547439055465896,-4.0,113.73000000000002,0.0,3.5,3.5,75.88,85.46,0.0
So Yoon Spindrift_CVVC,_u'R.wav,u RG4,ur,u rg4,0,1217,e1d269693be90cbd,e1d269693be90cbd:1217,So Yoon Spindrift_CVVC|e1d269693be90cbd:1217,2,0,-811.6503399999999,811.6503399999999,341.81899999999996,75.543,311.98,20.575400000000002,2.558,korean,cvvc,vcv,vcv,next_safe,3.0,0.8846153846153847,0.0,1.0,0.0,259.6,5561.995464852607,1090.0,-4.0,117.23000000000002,0.0,0.0,0.0,1.0,0.0,-27.360445872579326,-28.56859121940774,1.0,0.0,other,,vcv,head,other,unknown,unknown,,,1086.0,203.19,1444.23,118.8054,41.85,1204.8054,84.38459999999999,1241.04,0.3522567156038362,-4.0,114.80539999999996,0.0,2.424599999999998,2.424600000000055,76.9554,84.38459999999999,0.0
So Yoon Spindrift_CVVC,_u'R.wav,u RG4,ur,u rg4,0,1217,e1d269693be90cbd,e1d269693be90cbd:1217,So Yoon Spindrift_CVVC|e1d269693be90cbd:1217,1,0,-814.3173999999999,814.3173999999999,341.81899999999996,75.543,311.98,23.0,2.558,korean,cvvc,vcv,vcv,base,0.0,0.8846153846153847,0.0,1.0,0.0,259.6,5561.995464852607,1090.0,-4.0,117.23000000000002,0.0,0.0,0.0,1.0,0.0,-27.360445872579326,-28.56859121940774,1.0,0.0,other,,vcv,head,other,unknown,unknown,,,1086.0,203.19,1444.23,121.23,41.85,1207.23,81.96,1241.04,0.34521158129175944,-4.0,117.23000000000002,0.0,0.0,0.0,79.38,81.96,0.0
So Yoon Spindrift_CVVC,_va'va'vya'-'vya'vwa.wav,a vG4,vavavyavyavwa,a vg4,0,1300,e1d269693be90cbd,e1d269693be90cbd:1300,So Yoon Spindrift_CVVC|e1d269693be90cbd:1300,4,1,-1922.2898499999997,1922.2898499999997,786.8119999999999,61.88899999999998,762.3109999999999,139.497,18.949,korean,cvvc,vcv,vcv,base,0.0,0.9613264024814336,0.0,1.0,0.0,0.0,5499.501133786848,2100.0,0.0,74.11000000000013,-314.15999999999985,0.0,0.0,0.9636486401989566,0.0,-27.76584983628164,-30.037484474053944,0.9636486401989566,0.0,other,,vcv,mid,other,unknown,unknown,cv,,2100.0,168.27,2318.27,74.11,11.79,2174.11,94.16000000000001,2150.0,0.15908784239643772,0.0,74.11000000000013,-144.15999999999985,170.0,0.0,62.32,94.16000000000001,144.15999999999985
So Yoon Spindrift_CVVC,_va'va'vya'-'vya'vwa.wav,a vG4,vavavyavyavwa,a vg4,0,1300,e1d269693be90cbd,e1d269693be90cbd:1300,So Yoon Spindrift_CVVC|e1d269693be90cbd:1300,3,0,-1923.9202699999996,1923.9202699999996,786.8119999999999,61.88899999999998,762.3109999999999,140.9792,18.949,korean,cvvc,vcv,vcv,next_safe,3.0,0.9613264024814336,0.0,1.0,0.0,0.0,5499.501133786848,2100.0,0.0,74.11000000000013,-314.15999999999985,0.0,0.0,0.9636486401989566,0.0,-27.76584983628164,-30.037484474053944,0.9636486401989566,0.0,other,,vcv,mid,other,unknown,unknown,cv,,2100.0,168.27,2318.27,72.6278,11.79,2172.6278,95.64220000000002,2150.0,0.16233453305758952,0.0,72.6278000000002,-144.15999999999985,171.4822,1.4821999999999207,60.837799999999994,95.64220000000002,144.15999999999985
So Yoon Spindrift_CVVC,_va'va'vya'-'vya'vwa.wav,a vG4,vavavyavyavwa,a vg4,0,1300,e1d269693be90cbd,e1d269693be90cbd:1300,So Yoon Spindrift_CVVC|e1d269693be90cbd:1300,2,0,-1926.1398499999998,1926.1398499999998,786.8119999999999,61.88899999999998,762.3109999999999,142.997,18.949,korean,cvvc,vcv,vcv,anchor_soft,1.0,0.9613264024814336,0.0,1.0,0.0,0.0,5499.501133786848,2100.0,0.0,74.11000000000013,-314.15999999999985,0.0,0.0,0.9636486401989566,0.0,-27.76584983628164,-30.037484474053944,0.9636486401989566,0.0,other,,vcv,mid,other,unknown,unknown,cv,,2100.0,168.27,2318.27,70.61,11.79,2170.61,97.66000000000001,2150.0,0.16697351649907943,0.0,70.61000000000013,-144.15999999999985,173.5,3.5,58.82,97.66000000000001,144.15999999999985
So Yoon Spindrift_CVVC,_va'va'vya'-'vya'vwa.wav,a vG4,vavavyavyavwa,a vg4,0,1300,e1d269693be90cbd,e1d269693be90cbd:1300,So Yoon Spindrift_CVVC|e1d269693be90cbd:1300,1,0,-1933.1798499999998,1933.1798499999998,786.8119999999999,61.88899999999998,762.3109999999999,149.397,18.949,korean,cvvc,vcv,vcv,anchor_tight,2.0,0.9613264024814336,0.0,1.0,0.0,0.0,5499.501133786848,2100.0,0.0,74.11000000000013,-314.15999999999985,0.0,0.0,0.9636486401989566,0.0,-27.76584983628164,-30.037484474053944,0.9636486401989566,0.0,other,,vcv,mid,other,unknown,unknown,cv,,2100.0,168.27,2318.27,64.21,11.79,2164.21,104.06000000000002,2150.0,0.18361625914966517,0.0,64.21000000000004,-144.15999999999985,179.9,9.900000000000091,52.419999999999995,104.06000000000002,144.15999999999985
So Yoon Spindrift_CVVC,_va'va'vya'-'vya'vwa.wav,a vyG4,vavavyavyavwa,a vyg4,0,1301,e1d269693be90cbd,e1d269693be90cbd:1301,So Yoon Spindrift_CVVC|e1d269693be90cbd:1301,4,1,-980.3831999999999,980.3831999999999,304.414,33.51299999999998,460.1579999999999,114.27499999999999,18.949,korean,cvvc,vcv,vcv,base,0.0,0.9613264024814336,0.0,1.0,0.0,0.0,5499.501133786848,2100.0,0.0,74.11000000000013,0.0,0.0,0.0,0.9636486401989566,0.0,-27.76584983628164,-30.037484474053944,0.9636486401989566,0.0,other,,vcv,tail,other,unknown,unknown,vcv,,2100.0,168.27,2488.27,74.11,11.79,2174.11,94.16000000000001,2320.0,0.15908784239643772,0.0,74.11000000000013,0.0,0.0,0.0,62.32,94.16000000000001,0.0
So Yoon Spindrift_CVVC,_va'va'vya'-'vya'vwa.wav,a vyG4,vavavyavyavwa,a vyg4,0,1301,e1d269693be90cbd,e1d269693be90cbd:1301,So Yoon Spindrift_CVVC|e1d269693be90cbd:1301,3,0,-982.0136199999998,982.0136199999998,304.414,33.51299999999998,460.1579999999999,115.7572,18.949,korean,cvvc,vcv,vcv,next_safe,3.0,0.9613264024814336,0.0,1.0,0.0,0.0,5499.501133786848,2100.0,0.0,74.11000000000013,0.0,0.0,0.0,0.9636486401989566,0.0,-27.76584983628164,-30.037484474053944,0.9636486401989566,0.0,other,,vcv,tail,other,unknown,unknown,vcv,,2100.0,168.27,2488.27,72.6278,11.79,2172.6278,95.64220000000002,2320.0,0.16233453305758952,0.0,72.6278000000002,0.0,1.482200000000006,1.4821999999999207,60.837799999999994,95.64220000000002,0.0
So Yoon Spindrift_CVVC,_va'va'vya'-'vya'vwa.wav,a vyG4,vavavyavyavwa,a vyg4,0,1301,e1d269693be90cbd,e1d269693be90cbd:1301,So Yoon Spindrift_CVVC|e1d269693be90cbd:1301,2,0,-984.2331999999999,984.2331999999999,304.414,33.51299999999998,460.1579999999999,117.77499999999999,18.949,korean,cvvc,vcv,vcv,anchor_soft,1.0,0.9613264024814336,0.0,1.0,0.0,0.0,5499.501133786848,2100.0,0.0,74.11000000000013,0.0,0.0,0.0,0.9636486401989566,0.0,-27.76584983628164,-30.037484474053944,0.9636486401989566,0.0,other,,vcv,tail,other,unknown,unknown,vcv,,2100.0,168.27,2488.27,70.61,11.79,2170.61,97.66000000000001,2320.0,0.16697351649907943,0.0,70.61000000000013,0.0,3.5,3.5,58.82,97.66000000000001,0.0
So Yoon Spindrift_CVVC,_va'va'vya'-'vya'vwa.wav,a vyG4,vavavyavyavwa,a vyg4,0,1301,e1d269693be90cbd,e1d269693be90cbd:1301,So Yoon Spindrift_CVVC|e1d269693be90cbd:1301,1,0,-991.2731999999999,991.2731999999999,304.414,33.51299999999998,460.1579999999999,124.175,18.949,korean,cvvc,vcv,vcv,anchor_tight,2.0,0.9613264024814336,0.0,1.0,0.0,0.0,5499.501133786848,2100.0,0.0,74.11000000000013,0.0,0.0,0.0,0.9636486401989566,0.0,-27.76584983628164,-30.037484474053944,0.9636486401989566,0.0,other,,vcv,tail,other,unknown,unknown,vcv,,2100.0,168.27,2488.27,64.21,11.79,2164.21,104.06000000000002,2320.0,0.18361625914966517,0.0,64.21000000000004,0.0,9.900000000000006,9.900000000000091,52.419999999999995,104.06000000000002,0.0
So Yoon Spindrift_CVVC,_ve've'vye'-'vye'vwe.wav,e vyG4,vevevyevyevwe,e vyg4,0,1308,e1d269693be90cbd,e1d269693be90cbd:1308,So Yoon Spindrift_CVVC|e1d269693be90cbd:1308,4,1,-2953.39955,2953.39955,1218.378,70.29499999999999,1292.977,122.94500000000001,15.797,korean,cvvc,vcv,vcv,base,0.0,0.9537259796331,0.0,1.0,0.0,0.0,5437.006802721088,2940.0,0.0,74.11000000000013,0.0,0.0,0.0,0.8876444117156203,0.0,-30.34302578304836,-39.51084655319597,0.8876444117156203,0.0,other,,vcv,tail,other,unknown,unknown,vcv,,2940.0,152.77,3288.9,74.11,11.79,3014.11,78.66000000000001,3136.13,0.15908784239643772,0.0,74.11000000000013,0.0,0.0,0.0,62.32,78.66000000000001,0.0
So Yoon Spindrift_CVVC,_ve've'vye'-'vye'vwe.wav,e vyG4,vevevyevyevwe,e vyg4,0,1308,e1d269693be90cbd,e1d269693be90cbd:1308,So Yoon Spindrift_CVVC|e1d269693be90cbd:1308,3,0,-2955.02997,2955.02997,1218.378,70.29499999999999,1292.977,124.42720000000001,15.797,korean,cvvc,vcv,vcv,next_safe,3.0,0.9537259796331,0.0,1.0,0.0,0.0,5437.006802721088,2940.0,0.0,74.11000000000013,0.0,0.0,0.0,0.8876444117156203,0.0,-30.34302578304836,-39.51084655319597,0.8876444117156203,0.0,other,,vcv,tail,other,unknown,unknown,vcv,,2940.0,152.77,3288.9,72.6278,11.79,3012.6278,80.14220000000002,3136.13,0.16233453305758952,0.0,72.6278000000002,0.0,1.482200000000006,1.4821999999999207,60.837799999999994,80.14220000000002,0.0
So Yoon Spindrift_CVVC,_ve've'vye'-'vye'vwe.wav,e vyG4,vevevyevyevwe,e vyg4,0,1308,e1d269693be90cbd,e1d269693be90cbd:1308,So Yoon Spindrift_CVVC|e1d269693be90cbd:1308,2,0,-2957.24955,2957.24955,1218.378,70.29499999999999,1292.977,126.44500000000001,15.797,korean,cvvc,vcv,vcv,anchor_soft,1.0,0.9537259796331,0.0,1.0,0.0,0.0,5437.006802721088,2940.0,0.0,74.11000000000013,0.0,0.0,0.0,0.8876444117156203,0.0,-30.34302578304836,-39.51084655319597,0.8876444117156203,0.0,other,,vcv,tail,other,unknown,unknown,vcv,,2940.0,152.77,3288.9,70.61,11.79,3010.61,82.16000000000001,3136.13,0.16697351649907943,0.0,70.61000000000013,0.0,3.5,3.5,58.82,82.16000000000001,0.0
So Yoon Spindrift_CVVC,_ve've'vye'-'vye'vwe.wav,e vyG4,vevevyevyevwe,e vyg4,0,1308,e1d269693be90cbd,e1d269693be90cbd:1308,So Yoon Spindrift_CVVC|e1d269693be90cbd:1308,1,0,-2964.28955,2964.28955,1218.378,70.29499999999999,1292.977,132.84500000000003,15.797,korean,cvvc,vcv,vcv,anchor_tight,2.0,0.9537259796331,0.0,1.0,0.0,0.0,5437.006802721088,2940.0,0.0,74.11000000000013,0.0,0.0,0.0,0.8876444117156203,0.0,-30.34302578304836,-39.51084655319597,0.8876444117156203,0.0,other,,vcv,tail,other,unknown,unknown,vcv,,2940.0,152.77,3288.9,64.21,11.79,3004.21,88.56000000000002,3136.13,0.18361625914966517,0.0,64.21000000000004,0.0,9.900000000000006,9.900000000000091,52.419999999999995,88.56000000000002,0.0
So Yoon Spindrift_CVVC,_vo'vo'vyo'-'vyo'-'vyu.wav,o vG4,vovovyovyovyu,o vg4,0,1330,e1d269693be90cbd,e1d269693be90cbd:1330,So Yoon Spindrift_CVVC|e1d269693be90cbd:1330,4,1,-696.2196000000001,696.2196000000001,213.63599999999997,52.929,245.72900000000004,120.58,40.232,korean,cvvc,vcv,vcv,base,0.0,0.941824023580343,0.0,1.0,0.0,0.0,5499.501133786848,1150.0,0.0,74.1099999999999,-268.4000000000001,0.0,0.0,0.768624851188041,0.0,-29.483231472489983,-36.96120839606655,0.768624851188041,0.0,other,,vcv,mid,other,unknown,unknown,cv_head,,1150.0,151.22,1351.22,74.11,11.79,1224.11,77.11,1200.0,0.15908784239643772,0.0,74.1099999999999,-127.11000000000013,141.28999999999996,0.0,62.32,77.11,127.11000000000013
So Yoon Spindrift_CVVC,_vo'vo'vyo'-'vyo'-'vyu.wav,o vG4,vovovyovyovyu,o vg4,0,1330,e1d269693be90cbd,e1d269693be90cbd:1330,So Yoon Spindrift_CVVC|e1d269693be90cbd:1330,3,0,-697.8500200000001,697.8500200000001,213.63599999999997,52.929,245.72900000000004,122.0622,40.232,korean,cvvc,vcv,vcv,next_safe,3.0,0.941824023580343,0.0,1.0,0.0,0.0,5499.501133786848,1150.0,0.0,74.1099999999999,-268.4000000000001,0.0,0.0,0.768624851188041,0.0,-29.483231472489983,-36.96120839606655,0.768624851188041,0.0,other,,vcv,mid,other,unknown,unknown,cv_head,,1150.0,151.22,1351.22,72.6278,11.79,1222.6278,78.5922,1200.0,0.16233453305758952,0.0,72.62779999999998,-127.11000000000013,142.77219999999997,1.4821999999999207,60.837799999999994,78.5922,127.11000000000013
So Yoon Spindrift_CVVC,_vo'vo'vyo'-'vyo'-'vyu.wav,o vG4,vovovyovyovyu,o vg4,0,1330,e1d269693be90cbd,e1d269693be90cbd:1330,So Yoon Spindrift_CVVC|e1d269693be90cbd:1330,2,0,-700.0696000000002,700.0696000000002,213.63599999999997,52.929,245.72900000000004,124.08,40.232,korean,cvvc,vcv,vcv,anchor_soft,1.0,0.941824023580343,0.0,1.0,0.0,0.0,5499.501133786848,1150.0,0.0,74.1099999999999,-268.4000000000001,0.0,0.0,0.768624851188041,0.0,-29.483231472489983,-36.96120839606655,0.768624851188041,0.0,other,,vcv,mid,other,unknown,unknown,cv_head,,1150.0,151.22,1351.22,70.61,11.79,1220.61,80.61,1200.0,0.16697351649907943,0.0,70.6099999999999,-127.11000000000013,144.78999999999996,3.5,58.82,80.61,127.11000000000013
So Yoon Spindrift_CVVC,_vo'vo'vyo'-'vyo'-'vyu.wav,o vG4,vovovyovyovyu,o vg4,0,1330,e1d269693be90cbd,e1d269693be90cbd:1330,So Yoon Spindrift_CVVC|e1d269693be90cbd:1330,1,0,-707.1096000000001,707.1096000000001,213.63599999999997,52.929,245.72900000000004,130.48000000000002,40.232,korean,cvvc,vcv,vcv,anchor_tight,2.0,0.941824023580343,0.0,1.0,0.0,0.0,5499.501133786848,1150.0,0.0,74.1099999999999,-268.4000000000001,0.0,0.0,0.768624851188041,0.0,-29.483231472489983,-36.96120839606655,0.768624851188041,0.0,other,,vcv,mid,other,unknown,unknown,cv_head,,1150.0,151.22,1351.22,64.21,11.79,1214.21,87.01,1200.0,0.18361625914966517,0.0,64.21000000000004,-127.11000000000013,151.18999999999997,9.899999999999864,52.419999999999995,87.01,127.11000000000013
So Yoon Spindrift_CVVC,_vo'vo'vyo'-'vyo'-'vyu.wav,o vyG4,vovovyovyovyu,o vyg4,0,1331,e1d269693be90cbd,e1d269693be90cbd:1331,So Yoon Spindrift_CVVC|e1d269693be90cbd:1331,4,1,-1611.8815500000003,1611.8815500000003,660.565,83.66999999999999,566.3440000000003,147.37900000000002,33.138,korean,cvvc,vcv,vcv,base,0.0,0.941824023580343,0.0,1.0,0.0,0.0,5499.501133786848,1150.0,0.0,74.1099999999999,0.0,0.0,0.0,0.768624851188041,0.0,-29.483231472489983,-36.96120839606655,0.768624851188041,0.0,other,,vcv,tail,other,unknown,unknown,vcv,,1150.0,151.22,1492.51,74.11,11.79,1224.11,77.11,1341.29,0.15908784239643772,0.0,74.1099999999999,0.0,0.0,0.0,62.32,77.11,0.0
So Yoon Spindrift_CVVC,_vo'vo'vyo'-'vyo'-'vyu.wav,o vyG4,vovovyovyovyu,o vyg4,0,1331,e1d269693be90cbd,e1d269693be90cbd:1331,So Yoon Spindrift_CVVC|e1d269693be90cbd:1331,3,0,-1613.5119700000002,1613.5119700000002,660.565,83.66999999999999,566.3440000000003,148.8612,33.138,korean,cvvc,vcv,vcv,next_safe,3.0,0.941824023580343,0.0,1.0,0.0,0.0,5499.501133786848,1150.0,0.0,74.1099999999999,0.0,0.0,0.0,0.768624851188041,0.0,-29.483231472489983,-36.96120839606655,0.768624851188041,0.0,other,,vcv,tail,other,unknown,unknown,vcv,,1150.0,151.22,1492.51,72.6278,11.79,1222.6278,78.5922,1341.29,0.16233453305758952,0.0,72.62779999999998,0.0,1.482200000000006,1.4821999999999207,60.837799999999994,78.5922,0.0
So Yoon Spindrift_CVVC,_vo'vo'vyo'-'vyo'-'vyu.wav,o vyG4,vovovyovyovyu,o vyg4,0,1331,e1d269693be90cbd,e1d269693be90cbd:1331,So Yoon Spindrift_CVVC|e1d269693be90cbd:1331,2,0,-1615.7315500000004,1615.7315500000004,660.565,83.66999999999999,566.3440000000003,150.87900000000002,33.138,korean,cvvc,vcv,vcv,anchor_soft,1.0,0.941824023580343,0.0,1.0,0.0,0.0,5499.501133786848,1150.0,0.0,74.1099999999999,0.0,0.0,0.0,0.768624851188041,0.0,-29.483231472489983,-36.96120839606655,0.768624851188041,0.0,other,,vcv,tail,other,unknown,unknown,vcv,,1150.0,151.22,1492.51,70.61,11.79,1220.61,80.61,1341.29,0.16697351649907943,0.0,70.6099999999999,0.0,3.5,3.5,58.82,80.61,0.0
So Yoon Spindrift_CVVC,_vo'vo'vyo'-'vyo'-'vyu.wav,o vyG4,vovovyovyovyu,o vyg4,0,1331,e1d269693be90cbd,e1d269693be90cbd:1331,So Yoon Spindrift_CVVC|e1d269693be90cbd:1331,1,0,-1622.7715500000004,1622.7715500000004,660.565,83.66999999999999,566.3440000000003,157.279,33.138,korean,cvvc,vcv,vcv,anchor_tight,2.0,0.941824023580343,0.0,1.0,0.0,0.0,5499.501133786848,1150.0,0.0,74.1099999999999,0.0,0.0,0.0,0.768624851188041,0.0,-29.483231472489983,-36.96120839606655,0.768624851188041,0.0,other,,vcv,tail,other,unknown,unknown,vcv,,1150.0,151.22,1492.51,64.21,11.79,1214.21,87.01,1341.29,0.18361625914966517,0.0,64.21000000000004,0.0,9.900000000000006,9.899999999999864,52.419999999999995,87.01,0.0
So Yoon Spindrift_CVVC,_vu'vu'vyu'-'veui'veui.wav,u vG4,vuvuvyuveuiveui,u vg4,0,1337,e1d269693be90cbd,e1d269693be90cbd:1337,So Yoon Spindrift_CVVC|e1d269693be90cbd:1337,4,1,-3629.15235,3629.15235,1579.122,13.021999999999991,1604.277,96.932,29.984,korean,cvvc,vcv,vcv,base,0.0,0.9420763147604682,0.0,1.0,0.0,0.0,5499.501133786848,3020.0,0.0,74.11000000000013,-314.15999999999985,0.0,0.0,0.7711477629893017,0.0,-29.089342946827895,-39.86125450539332,0.7711477629893017,0.0,other,,vcv,mid,other,unknown,unknown,cv,,3020.0,168.27,3238.27,74.11,11.79,3094.11,94.16000000000001,3070.0,0.15908784239643772,0.0,74.11000000000013,-144.15999999999985,170.0,0.0,62.32,94.16000000000001,144.15999999999985
So Yoon Spindrift_CVVC,_vu'vu'vyu'-'veui'veui.wav,u vG4,vuvuvyuveuiveui,u vg4,0,1337,e1d269693be90cbd,e1d269693be90cbd:1337,So Yoon Spindrift_CVVC|e1d269693be90cbd:1337,3,0,-3630.78277,3630.78277,1579.122,13.021999999999991,1604.277,98.41420000000001,29.984,korean,cvvc,vcv,vcv,next_safe,3.0,0.9420763147604682,0.0,1.0,0.0,0.0,5499.501133786848,3020.0,0.0,74.11000000000013,-314.15999999999985,0.0,0.0,0.7711477629893017,0.0,-29.089342946827895,-39.86125450539332,0.7711477629893017,0.0,other,,vcv,mid,other,unknown,unknown,cv,,3020.0,168.27,3238.27,72.6278,11.79,3092.6278,95.64220000000002,3070.0,0.16233453305758952,0.0,72.6278000000002,-144.15999999999985,171.4822,1.4821999999999207,60.837799999999994,95.64220000000002,144.15999999999985
So Yoon Spindrift_CVVC,_vu'vu'vyu'-'veui'veui.wav,u vG4,vuvuvyuveuiveui,u vg4,0,1337,e1d269693be90cbd,e1d269693be90cbd:1337,So Yoon Spindrift_CVVC|e1d269693be90cbd:1337,2,0,-3633.0023499999998,3633.0023499999998,1579.122,13.021999999999991,1604.277,100.432,29.984,korean,cvvc,vcv,vcv,anchor_soft,1.0,0.9420763147604682,0.0,1.0,0.0,0.0,5499.501133786848,3020.0,0.0,74.11000000000013,-314.15999999999985,0.0,0.0,0.7711477629893017,0.0,-29.089342946827895,-39.86125450539332,0.7711477629893017,0.0,other,,vcv,mid,other,unknown,unknown,cv,,3020.0,168.27,3238.27,70.61,11.79,3090.61,97.66000000000001,3070.0,0.16697351649907943,0.0,70.61000000000013,-144.15999999999985,173.5,3.5,58.82,97.66000000000001,144.15999999999985
So Yoon Spindrift_CVVC,_vu'vu'vyu'-'veui'veui.wav,u vG4,vuvuvyuveuiveui,u vg4,0,1337,e1d269693be90cbd,e1d269693be90cbd:1337,So Yoon Spindrift_CVVC|e1d269693be90cbd:1337,1,0,-3640.0423499999997,3640.0423499999997,1579.122,13.021999999999991,1604.277,106.83200000000001,29.984,korean,cvvc,vcv,vcv,anchor_tight,2.0,0.9420763147604682,0.0,1.0,0.0,0.0,5499.501133786848,3020.0,0.0,74.11000000000013,-314.15999999999985,0.0,0.0,0.7711477629893017,0.0,-29.089342946827895,-39.86125450539332,0.7711477629893017,0.0,other,,vcv,mid,other,unknown,unknown,cv,,3020.0,168.27,3238.27,64.21,11.79,3084.21,104.06000000000002,3070.0,0.18361625914966517,0.0,64.21000000000004,-144.15999999999985,179.9,9.900000000000091,52.419999999999995,104.06000000000002,144.15999999999985
So Yoon Spindrift_CVVC,_vu'vu'vyu'-'veui'veui.wav,u vyG4,vuvuvyuveuiveui,u vyg4,0,1338,e1d269693be90cbd,e1d269693be90cbd:1338,So Yoon Spindrift_CVVC|e1d269693be90cbd:1338,4,1,-2991.7641999999996,2991.7641999999996,1173.177,87.89899999999997,1298.1839999999997,174.964,55.208000000000006,korean,cvvc,vcv,vcv,base,0.0,0.9420763147604682,0.0,1.0,0.0,0.0,5499.501133786848,3020.0,0.0,74.11000000000013,0.0,0.0,0.0,0.7711477629893017,0.0,-29.089342946827895,-39.86125450539332,0.7711477629893017,0.0,other,,vcv,tail,other,unknown,unknown,vcv,,3020.0,168.27,3408.27,74.11,11.79,3094.11,94.16000000000001,3240.0,0.15908784239643772,0.0,74.11000000000013,0.0,0.0,0.0,62.32,94.16000000000001,0.0
So Yoon Spindrift_CVVC,_vu'vu'vyu'-'veui'veui.wav,u vyG4,vuvuvyuveuiveui,u vyg4,0,1338,e1d269693be90cbd,e1d269693be90cbd:1338,So Yoon Spindrift_CVVC|e1d269693be90cbd:1338,3,0,-2993.3946199999996,2993.3946199999996,1173.177,87.89899999999997,1298.1839999999997,176.44620000000003,55.208000000000006,korean,cvvc,vcv,vcv,next_safe,3.0,0.9420763147604682,0.0,1.0,0.0,0.0,5499.501133786848,3020.0,0.0,74.11000000000013,0.0,0.0,0.0,0.7711477629893017,0.0,-29.089342946827895,-39.86125450539332,0.7711477629893017,0.0,other,,vcv,tail,other,unknown,unknown,vcv,,3020.0,168.27,3408.27,72.6278,11.79,3092.6278,95.64220000000002,3240.0,0.16233453305758952,0.0,72.6278000000002,0.0,1.482200000000006,1.4821999999999207,60.837799999999994,95.64220000000002,0.0
So Yoon Spindrift_CVVC,_vu'vu'vyu'-'veui'veui.wav,u vyG4,vuvuvyuveuiveui,u vyg4,0,1338,e1d269693be90cbd,e1d269693be90cbd:1338,So Yoon Spindrift_CVVC|e1d269693be90cbd:1338,2,0,-2995.6141999999995,2995.6141999999995,1173.177,87.89899999999997,1298.1839999999997,178.464,55.208000000000006,korean,cvvc,vcv,vcv,anchor_soft,1.0,0.9420763147604682,0.0,1.0,0.0,0.0,5499.501133786848,3020.0,0.0,74.11000000000013,0.0,0.0,0.0,0.7711477629893017,0.0,-29.089342946827895,-39.86125450539332,0.7711477629893017,0.0,other,,vcv,tail,other,unknown,unknown,vcv,,3020.0,168.27,3408.27,70.61,11.79,3090.61,97.66000000000001,3240.0,0.16697351649907943,0.0,70.61000000000013,0.0,3.5,3.5,58.82,97.66000000000001,0.0
So Yoon Spindrift_CVVC,_vu'vu'vyu'-'veui'veui.wav,u vyG4,vuvuvyuveuiveui,u vyg4,0,1338,e1d269693be90cbd,e1d269693be90cbd:1338,So Yoon Spindrift_CVVC|e1d269693be90cbd:1338,1,0,-3002.6542,3002.6542,1173.177,87.89899999999997,1298.1839999999997,184.86400000000003,55.208000000000006,korean,cvvc,vcv,vcv,anchor_tight,2.0,0.9420763147604682,0.0,1.0,0.0,0.0,5499.501133786848,3020.0,0.0,74.11000000000013,0.0,0.0,0.0,0.7711477629893017,0.0,-29.089342946827895,-39.86125450539332,0.7711477629893017,0.0,other,,vcv,tail,other,unknown,unknown,vcv,,3020.0,168.27,3408.27,64.21,11.79,3084.21,104.06000000000002,3240.0,0.18361625914966517,0.0,64.21000000000004,0.0,9.900000000000006,9.900000000000091,52.419999999999995,104.06000000000002,0.0
So Yoon Spindrift_CVVC,_an'van'vin'-'am'vam'vim.wav,n vyG4,anvanvinamvamvim,n vyg4,0,1343,e1d269693be90cbd,e1d269693be90cbd:1343,So Yoon Spindrift_CVVC|e1d269693be90cbd:1343,7,1,-1820.6955000000003,1820.6955000000003,815.878,8.423000000000002,813.3320000000001,9.353000000000009,23.854999999999997,korean,cvvc,vc,vc_other,base,0.0,0.8560471384294053,0.0,1.0,0.0,22.232000000000006,5499.501133786848,1070.0,-77.67999999999995,22.529999999999973,67.49000000000001,0.0,0.0,0.9147021535248188,0.0,-29.15442045889318,-30.04208813509342,0.9147021535248188,0.0,other,,vc,head,other,unknown,unknown,,,992.32,133.75,1152.51,100.21,52.23,1092.53,33.540000000000006,1018.76,0.5212054685161162,-77.67999999999995,22.529999999999973,67.49000000000001,0.0,0.0,47.98,33.540000000000006,0.0
So Yoon Spindrift_CVVC,_an'van'vin'-'am'vam'vim.wav,n vyG4,anvanvinamvamvim,n vyg4,0,1343,e1d269693be90cbd,e1d269693be90cbd:1343,So Yoon Spindrift_CVVC|e1d269693be90cbd:1343,6,0,-1822.9001200000002,1822.9001200000002,815.878,8.423000000000002,813.3320000000001,11.357200000000006,23.854999999999997,korean,cvvc,vc,vc_other,next_safe,3.0,0.8560471384294053,0.0,1.0,0.0,22.232000000000006,5499.501133786848,1070.0,-77.67999999999995,22.529999999999973,67.49000000000001,0.0,0.0,0.9147021535248188,0.0,-29.15442045889318,-30.04208813509342,0.9147021535248188,0.0,other,,vc,head,other,unknown,unknown,,,992.32,133.75,1152.51,98.2058,52.23,1090.5258000000001,35.544200000000004,1018.76,0.5318423148123634,-77.67999999999995,20.525800000000118,67.49000000000001,2.0041999999999973,2.004199999999855,45.9758,35.544200000000004,0.0
So Yoon Spindrift_CVVC,_an'van'vin'-'am'vam'vim.wav,n vyG4,anvanvinamvamvim,n vyg4,0,1343,e1d269693be90cbd,e1d269693be90cbd:1343,So Yoon Spindrift_CVVC|e1d269693be90cbd:1343,5,0,-1824.5455000000004,1824.5455000000004,815.878,8.423000000000002,813.3320000000001,12.853000000000009,23.854999999999997,korean,cvvc,vc,vc_other,anchor_soft,1.0,0.8560471384294053,0.0,1.0,0.0,22.232000000000006,5499.501133786848,1070.0,-77.67999999999995,22.529999999999973,67.49000000000001,0.0,0.0,0.9147021535248188,0.0,-29.15442045889318,-30.04208813509342,0.9147021535248188,0.0,other,,vc,head,other,unknown,unknown,,,992.32,133.75,1152.51,96.71,52.23,1089.03,37.040000000000006,1018.76,0.540068245269362,-77.67999999999995,19.029999999999973,67.49000000000001,3.5,3.5,44.48,37.040000000000006,0.0
So Yoon Spindrift_CVVC,_an'van'vin'-'am'vam'vim.wav,n vyG4,anvanvinamvamvim,n vyg4,0,1343,e1d269693be90cbd,e1d269693be90cbd:1343,So Yoon Spindrift_CVVC|e1d269693be90cbd:1343,4,0,-1831.5855000000004,1831.5855000000004,815.878,8.423000000000002,813.3320000000001,19.253000000000014,23.854999999999997,korean,cvvc,vc,vc_other,anchor_tight,2.0,0.8560471384294053,0.0,1.0,0.0,22.232000000000006,5499.501133786848,1070.0,-77.67999999999995,22.529999999999973,67.49000000000001,0.0,0.0,0.9147021535248188,0.0,-29.15442045889318,-30.04208813509342,0.9147021535248188,0.0,other,,vc,head,other,unknown,unknown,,,992.32,133.75,1152.51,90.30999999999999,52.23,1082.63,43.44000000000001,1018.76,0.5783412689624626,-77.67999999999995,12.63000000000011,67.49000000000001,9.900000000000006,9.899999999999864,38.07999999999999,43.44000000000001,0.0
So Yoon Spindrift_CVVC,_an'van'vin'-'am'vam'vim.wav,n vyG4,anvanvinamvamvim,n vyg4,0,1343,e1d269693be90cbd,e1d269693be90cbd:1343,So Yoon Spindrift_CVVC|e1d269693be90cbd:1343,3,0,-1833.6365,1833.6365,815.878,16.423000000000002,801.3320000000001,9.353000000000009,62.834999999999994,korean,cvvc,vc,vc_other,kr_cvvc_bridge_wide,6.0,0.8560471384294053,0.0,1.0,0.0,22.232000000000006,5499.501133786848,1070.0,-77.67999999999995,22.529999999999973,67.49000000000001,0.0,0.0,0.9147021535248188,0.0,-29.15442045889318,-30.04208813509342,0.9147021535248188,0.0,other,,vc,head,other,unknown,unknown,,,992.32,141.75,1164.51,100.21,91.21,1092.53,41.540000000000006,1022.76,0.9101886039317433,-77.67999999999995,22.529999999999973,55.49000000000001,58.98,0.0,9.0,41.540000000000006,0.0
So Yoon Spindrift_CVVC,_an'van'vin'-'am'vam'vim.wav,n vyG4,anvanvinamvamvim,n vyg4,0,1343,e1d269693be90cbd,e1d269693be90cbd:1343,So Yoon Spindrift_CVVC|e1d269693be90cbd:1343,2,0,-1836.2865000000002,1836.2865000000002,815.878,9.423000000000002,811.3320000000001,9.353000000000009,60.834999999999994,korean,cvvc,vc,vc_other,kr_cvvc_bridge_tight,5.0,0.8560471384294053,0.0,1.0,0.0,22.232000000000006,5499.501133786848,1070.0,-77.67999999999995,22.529999999999973,67.49000000000001,0.0,0.0,0.9147021535248188,0.0,-29.15442045889318,-30.04208813509342,0.9147021535248188,0.0,other,,vc,head,other,unknown,unknown,,,992.32,134.75,1154.51,100.21,89.21,1092.53,34.540000000000006,1019.76,0.8902305159165752,-77.67999999999995,22.529999999999973,65.49000000000001,39.98,0.0,11.0,34.540000000000006,0.0
So Yoon Spindrift_CVVC,_an'van'vin'-'am'vam'vim.wav,n vyG4,anvanvinamvamvim,n vyg4,0,1343,e1d269693be90cbd,e1d269693be90cbd:1343,So Yoon Spindrift_CVVC|e1d269693be90cbd:1343,1,0,-1837.7275,1837.7275,815.878,8.882999999999981,813.3320000000001,9.353000000000009,60.834999999999994,korean,cvvc,vc,vc_other,bridge_tight,4.0,0.8560471384294053,0.0,1.0,0.0,22.232000000000006,5499.501133786848,1070.0,-77.67999999999995,22.529999999999973,67.49000000000001,0.0,0.0,0.9147021535248188,0.0,-29.15442045889318,-30.04208813509342,0.9147021535248188,0.0,other,,vc,head,other,unknown,unknown,,,992.32,134.20999999999998,1152.51,100.21,89.21,1092.53,33.999999999999986,1018.3,0.8902305159165752,-77.67999999999995,22.529999999999973,67.49000000000001,37.439999999999976,0.0,11.0,33.999999999999986,0.0
So Yoon Spindrift_CVVC,_ang'vang'ving'-'al'val'vil.wav,ng vG4,angvangvingalvalvil,ng vg4,0,1346,e1d269693be90cbd,e1d269693be90cbd:1346,So Yoon Spindrift_CVVC|e1d269693be90cbd:1346,7,1,-845.5722999999997,845.5722999999997,325.9849999999999,27.933999999999997,334.5139999999999,57.650000000000006,73.65299999999999,korean,cvvc,vc,vc_other,kr_cvvc_bridge_wide,6.0,0.8551897462758871,0.0,1.0,0.0,20.375,5437.006802721088,1160.0,-96.25,5.319999999999936,64.70000000000005,0.0,0.0,0.9584359242973294,0.0,-28.42641069489336,-29.75279646380955,0.9584359242973294,0.0,other,,vc,head,other,unknown,unknown,,,1063.75,143.11,1237.3,101.57,92.57,1165.32,41.54000000000002,1094.19,0.9113911588067343,-96.25,5.319999999999936,52.700000000000045,58.559999999999995,0.0,9.0,41.54000000000002,0.0
So Yoon Spindrift_CVVC,_ang'vang'ving'-'al'val'vil.wav,ng vG4,angvangvingalvalvil,ng vg4,0,1346,e1d269693be90cbd,e1d269693be90cbd:1346,So Yoon Spindrift_CVVC|e1d269693be90cbd:1346,6,0,-846.4202999999997,846.4202999999997,325.9849999999999,35.934,346.5139999999999,57.650000000000006,35.092999999999996,korean,cvvc,vc,vc_other,base,0.0,0.8551897462758871,0.0,1.0,0.0,20.375,5437.006802721088,1160.0,-96.25,5.319999999999936,64.70000000000005,0.0,0.0,0.9584359242973294,0.0,-28.42641069489336,-29.75279646380955,0.9584359242973294,0.0,other,,vc,head,other,unknown,unknown,,,1063.75,135.11,1225.3,101.57,54.01,1165.32,33.54000000000002,1090.19,0.5317515014275869,-96.25,5.319999999999936,64.70000000000005,0.0,0.0,47.559999999999995,33.54000000000002,0.0
So Yoon Spindrift_CVVC,_ang'vang'ving'-'al'val'vil.wav,ng vG4,angvangvingalvalvil,ng vg4,0,1346,e1d269693be90cbd,e1d269693be90cbd:1346,So Yoon Spindrift_CVVC|e1d269693be90cbd:1346,5,0,-847.8832999999997,847.8832999999997,325.9849999999999,35.934,346.5139999999999,58.97999999999999,35.092999999999996,korean,cvvc,vc,vc_other,anchor_soft,1.0,0.8551897462758871,0.0,1.0,0.0,20.375,5437.006802721088,1160.0,-96.25,5.319999999999936,64.70000000000005,0.0,0.0,0.9584359242973294,0.0,-28.42641069489336,-29.75279646380955,0.9584359242973294,0.0,other,,vc,head,other,unknown,unknown,,,1063.75,135.11,1225.3,100.24000000000001,54.01,1163.99,34.870000000000005,1090.19,0.5388068635275338,-96.25,3.990000000000009,64.70000000000005,1.329999999999984,1.3299999999999272,46.23000000000001,34.870000000000005,0.0
So Yoon Spindrift_CVVC,_ang'vang'ving'-'al'val'vil.wav,ng vG4,angvangvingalvalvil,ng vg4,0,1346,e1d269693be90cbd,e1d269693be90cbd:1346,So Yoon Spindrift_CVVC|e1d269693be90cbd:1346,4,0,-848.6548399999997,848.6548399999997,325.9849999999999,35.934,346.5139999999999,59.68140000000001,35.092999999999996,korean,cvvc,vc,vc_other,next_safe,3.0,0.8551897462758871,0.0,1.0,0.0,20.375,5437.006802721088,1160.0,-96.25,5.319999999999936,64.70000000000005,0.0,0.0,0.9584359242973294,0.0,-28.42641069489336,-29.75279646380955,0.9584359242973294,0.0,other,,vc,head,other,unknown,unknown,,,1063.75,135.11,1225.3,99.53859999999999,54.01,1163.2886,35.571400000000025,1090.19,0.5426035728852928,-96.25,3.2886000000000877,64.70000000000005,2.031400000000005,2.0313999999998487,45.52859999999999,35.571400000000025,0.0
So Yoon Spindrift_CVVC,_ang'vang'ving'-'al'val'vil.wav,ng vG4,angvangvingalvalvil,ng vg4,0,1346,e1d269693be90cbd,e1d269693be90cbd:1346,So Yoon Spindrift_CVVC|e1d269693be90cbd:1346,3,0,-849.0536999999997,849.0536999999997,325.9849999999999,35.934,346.5139999999999,60.04399999999998,35.092999999999996,korean,cvvc,vc,vc_other,anchor_tight,2.0,0.8551897462758871,0.0,1.0,0.0,20.375,5437.006802721088,1160.0,-96.25,5.319999999999936,64.70000000000005,0.0,0.0,0.9584359242973294,0.0,-28.42641069489336,-29.75279646380955,0.9584359242973294,0.0,other,,vc,head,other,unknown,unknown,,,1063.75,135.11,1225.3,99.17600000000002,54.01,1162.926,35.934,1090.19,0.5445874001774622,-96.25,2.925999999999931,64.70000000000005,2.393999999999977,2.3940000000000055,45.16600000000002,35.934,0.0
So Yoon Spindrift_CVVC,_ang'vang'ving'-'al'val'vil.wav,ng vG4,angvangvingalvalvil,ng vg4,0,1346,e1d269693be90cbd,e1d269693be90cbd:1346,So Yoon Spindrift_CVVC|e1d269693be90cbd:1346,2,0,-860.1222999999997,860.1222999999997,325.9849999999999,34.934,344.5139999999999,57.650000000000006,71.65299999999999,korean,cvvc,vc,vc_other,kr_cvvc_bridge_tight,5.0,0.8551897462758871,0.0,1.0,0.0,20.375,5437.006802721088,1160.0,-96.25,5.319999999999936,64.70000000000005,0.0,0.0,0.9584359242973294,0.0,-28.42641069489336,-29.75279646380955,0.9584359242973294,0.0,other,,vc,head,other,unknown,unknown,,,1063.75,136.11,1227.3,101.57,90.57,1165.32,34.54000000000002,1091.19,0.8917003052082307,-96.25,5.319999999999936,62.700000000000045,39.559999999999995,0.0,11.0,34.54000000000002,0.0
So Yoon Spindrift_CVVC,_ang'vang'ving'-'al'val'vil.wav,ng vG4,angvangvingalvalvil,ng vg4,0,1346,e1d269693be90cbd,e1d269693be90cbd:1346,So Yoon Spindrift_CVVC|e1d269693be90cbd:1346,1,0,-862.4812999999997,862.4812999999997,325.9849999999999,35.47400000000002,346.5139999999999,57.650000000000006,71.65299999999999,korean,cvvc,vc,vc_other,bridge_tight,4.0,0.8551897462758871,0.0,1.0,0.0,20.375,5437.006802721088,1160.0,-96.25,5.319999999999936,64.70000000000005,0.0,0.0,0.9584359242973294,0.0,-28.42641069489336,-29.75279646380955,0.9584359242973294,0.0,other,,vc,head,other,unknown,unknown,,,1063.75,135.57,1225.3,101.57,90.57,1165.32,34.0,1089.73,0.8917003052082307,-96.25,5.319999999999936,64.70000000000005,37.019999999999975,0.0,11.0,34.0,0.0
So Yoon Spindrift_CVVC,_ang'vang'ving'-'al'val'vil.wav,ng vyG4,angvangvingalvalvil,ng vyg4,0,1347,e1d269693be90cbd,e1d269693be90cbd:1347,So Yoon Spindrift_CVVC|e1d269693be90cbd:1347,7,1,-1903.94945,1903.94945,787.261,50.72,822.518,74.91899999999998,28.796000000000006,korean,cvvc,vc,vc_other,kr_cvvc_bridge_wide,6.0,0.8518820539681943,0.0,1.0,0.0,20.36400000000001,5437.006802721088,1160.0,-96.3599999999999,6.070000000000164,63.94999999999982,0.0,0.0,0.9584359242973294,0.0,-28.42641069489336,-29.75279646380955,0.9584359242973294,0.0,other,,vc,mid,other,unknown,unknown,vc,,1063.64,143.97,1238.0500000000002,102.43,93.43,1166.0700000000002,41.53999999999999,1094.0800000000002,0.9121351166650395,-96.3599999999999,6.070000000000164,51.94999999999982,58.32000000000001,0.0,9.0,41.53999999999999,0.0
So Yoon Spindrift_CVVC,_ang'vang'ving'-'al'val'vil.wav,ng vyG4,angvangvingalvalvil,ng vyg4,0,1347,e1d269693be90cbd,e1d269693be90cbd:1347,So Yoon Spindrift_CVVC|e1d269693be90cbd:1347,6,0,-1913.4770500000002,1913.4770500000002,787.261,58.72,834.518,74.91899999999998,9.524000000000001,korean,cvvc,vc,vc_other,base,0.0,0.8518820539681943,0.0,1.0,0.0,20.36400000000001,5437.006802721088,1160.0,-96.3599999999999,6.070000000000164,63.94999999999982,0.0,0.0,0.9584359242973294,0.0,-28.42641069489336,-29.75279646380955,0.9584359242973294,0.0,other,,vc,mid,other,unknown,unknown,vc,,1063.64,135.97,1226.0500000000002,102.43,55.11,1166.0700000000002,33.53999999999999,1090.0800000000002,0.5380259689544078,-96.3599999999999,6.070000000000164,63.94999999999982,0.0,0.0,47.32000000000001,33.53999999999999,0.0
So Yoon Spindrift_CVVC,_ang'vang'ving'-'al'val'vil.wav,ng vyG4,angvangvingalvalvil,ng vyg4,0,1347,e1d269693be90cbd,e1d269693be90cbd:1347,So Yoon Spindrift_CVVC|e1d269693be90cbd:1347,5,0,-1915.1463,1915.1463,787.261,58.72,834.518,76.43650000000002,9.524000000000001,korean,cvvc,vc,vc_other,anchor_soft,1.0,0.8518820539681943,0.0,1.0,0.0,20.36400000000001,5437.006802721088,1160.0,-96.3599999999999,6.070000000000164,63.94999999999982,0.0,0.0,0.9584359242973294,0.0,-28.42641069489336,-29.75279646380955,0.9584359242973294,0.0,other,,vc,mid,other,unknown,unknown,vc,,1063.64,135.97,1226.0500000000002,100.91249999999997,55.11,1164.5525,35.05750000000003,1090.0800000000002,0.5461166852471202,-96.3599999999999,4.552500000000009,63.94999999999982,1.517500000000041,1.5175000000001546,45.80249999999997,35.05750000000003,0.0
So Yoon Spindrift_CVVC,_ang'vang'ving'-'al'val'vil.wav,ng vyG4,angvangvingalvalvil,ng vyg4,0,1347,e1d269693be90cbd,e1d269693be90cbd:1347,So Yoon Spindrift_CVVC|e1d269693be90cbd:1347,4,0,-1915.73051,1915.73051,787.261,58.72,834.518,76.96759999999999,9.524000000000001,korean,cvvc,vc,vc_other,next_safe,3.0,0.8518820539681943,0.0,1.0,0.0,20.36400000000001,5437.006802721088,1160.0,-96.3599999999999,6.070000000000164,63.94999999999982,0.0,0.0,0.9584359242973294,0.0,-28.42641069489336,-29.75279646380955,0.9584359242973294,0.0,other,,vc,mid,other,unknown,unknown,vc,,1063.64,135.97,1226.0500000000002,100.3814,55.11,1164.0214,35.5886,1090.0800000000002,0.549006090769804,-96.3599999999999,4.021400000000085,63.94999999999982,2.0486000000000075,2.0486000000000786,45.2714,35.5886,0.0
So Yoon Spindrift_CVVC,_ang'vang'ving'-'al'val'vil.wav,ng vyG4,angvangvingalvalvil,ng vyg4,0,1347,e1d269693be90cbd,e1d269693be90cbd:1347,So Yoon Spindrift_CVVC|e1d269693be90cbd:1347,3,0,-1916.4817000000003,1916.4817000000003,787.261,58.72,834.518,77.65050000000005,9.524000000000001,korean,cvvc,vc,vc_other,anchor_tight,2.0,0.8518820539681943,0.0,1.0,0.0,20.36400000000001,5437.006802721088,1160.0,-96.3599999999999,6.070000000000164,63.94999999999982,0.0,0.0,0.9584359242973294,0.0,-28.42641069489336,-29.75279646380955,0.9584359242973294,0.0,other,,vc,mid,other,unknown,unknown,vc,,1063.64,135.97,1226.0500000000002,99.69849999999994,55.11,1163.3385,36.27150000000006,1090.0800000000002,0.5527665912726875,-96.3599999999999,3.3385000000000673,63.94999999999982,2.731500000000068,2.7315000000000964,44.58849999999994,36.27150000000006,0.0
So Yoon Spindrift_CVVC,_ang'vang'ving'-'al'val'vil.wav,ng vyG4,angvangvingalvalvil,ng vyg4,0,1347,e1d269693be90cbd,e1d269693be90cbd:1347,So Yoon Spindrift_CVVC|e1d269693be90cbd:1347,2,0,-1918.49945,1918.49945,787.261,57.72,832.518,74.91899999999998,26.796000000000006,korean,cvvc,vc,vc_other,kr_cvvc_bridge_tight,5.0,0.8518820539681943,0.0,1.0,0.0,20.36400000000001,5437.006802721088,1160.0,-96.3599999999999,6.070000000000164,63.94999999999982,0.0,0.0,0.9584359242973294,0.0,-28.42641069489336,-29.75279646380955,0.9584359242973294,0.0,other,,vc,mid,other,unknown,unknown,vc,,1063.64,136.97,1228.0500000000002,102.43,91.43,1166.0700000000002,34.53999999999999,1091.0800000000002,0.8926095870350483,-96.3599999999999,6.070000000000164,61.94999999999982,39.32000000000001,0.0,11.0,34.53999999999999,0.0
So Yoon Spindrift_CVVC,_ang'vang'ving'-'al'val'vil.wav,ng vyG4,angvangvingalvalvil,ng vyg4,0,1347,e1d269693be90cbd,e1d269693be90cbd:1347,So Yoon Spindrift_CVVC|e1d269693be90cbd:1347,1,0,-1920.85845,1920.85845,787.261,58.25999999999999,834.518,74.91899999999998,26.796000000000006,korean,cvvc,vc,vc_other,bridge_tight,4.0,0.8518820539681943,0.0,1.0,0.0,20.36400000000001,5437.006802721088,1160.0,-96.3599999999999,6.070000000000164,63.94999999999982,0.0,0.0,0.9584359242973294,0.0,-28.42641069489336,-29.75279646380955,0.9584359242973294,0.0,other,,vc,mid,other,unknown,unknown,vc,,1063.64,136.43,1226.0500000000002,102.43,91.43,1166.0700000000002,34.0,1089.6200000000001,0.8926095870350483,-96.3599999999999,6.070000000000164,63.94999999999982,36.780000000000015,0.0,11.0,34.0,0.0
SONG_CMYK_CVVC,_o'eo'o'eu'o'R.wav,o eo,oeooeuor,o eo,0,2074,a7d87a7321aa6931,a7d87a7321aa6931:2074,SONG_CMYK_CVVC|a7d87a7321aa6931:2074,7,1,-357.7798999999999,357.7798999999999,8.420000000000073,40.418000000000006,241.19299999999976,40.47800000000001,87.201,korean,cvvc,vv,vv,kr_cvvc_bridge_wide,6.0,0.821402698783549,0.0,1.0,0.0,-2.0420000000000074,7680.0,2380.0,20.420000000000073,202.6199999999999,1893.0699999999997,0.0,0.0,0.9994116032201077,0.0,-20.293919198329142,-21.8521424627751,0.9994116032201077,0.0,none,eo,vv,head,other,unknown,unknown,,,2400.42,306.51,2728.9300000000003,182.2,177.2,2582.62,124.31,2422.42,0.9725576289791438,20.420000000000073,202.6199999999999,1881.0699999999997,27.0,0.0,5.0,124.31,0.0
SONG_CMYK_CVVC,_o'eo'o'eu'o'R.wav,o eo,oeooeuor,o eo,0,2074,a7d87a7321aa6931,a7d87a7321aa6931:2074,SONG_CMYK_CVVC|a7d87a7321aa6931:2074,6,0,-369.57989999999984,369.57989999999984,8.420000000000073,46.418000000000006,249.19299999999976,40.47800000000001,85.201,korean,cvvc,vv,vv,kr_cvvc_bridge_tight,5.0,0.821402698783549,0.0,1.0,0.0,-2.0420000000000074,7680.0,2380.0,20.420000000000073,202.6199999999999,1893.0699999999997,0.0,0.0,0.9994116032201077,0.0,-20.293919198329142,-21.8521424627751,0.9994116032201077,0.0,none,eo,vv,head,other,unknown,unknown,,,2400.42,300.51,2720.9300000000003,182.2,175.2,2582.62,118.31,2420.42,0.9615806805708013,20.420000000000073,202.6199999999999,1889.0699999999997,11.0,0.0,7.0,118.31,0.0
SONG_CMYK_CVVC,_o'eo'o'eu'o'R.wav,o eo,oeooeuor,o eo,0,2074,a7d87a7321aa6931,a7d87a7321aa6931:2074,SONG_CMYK_CVVC|a7d87a7321aa6931:2074,5,0,-372.82989999999984,372.82989999999984,8.420000000000073,48.418000000000006,253.19299999999976,40.47800000000001,80.201,korean,cvvc,vv,vv,base,0.0,0.821402698783549,0.0,1.0,0.0,-2.0420000000000074,7680.0,2380.0,20.420000000000073,202.6199999999999,1893.0699999999997,0.0,0.0,0.9994116032201077,0.0,-20.293919198329142,-21.8521424627751,0.9994116032201077,0.0,none,eo,vv,head,other,unknown,unknown,,,2400.42,298.51,2716.9300000000003,182.2,170.2,2582.62,116.31,2418.42,0.9341383095499451,20.420000000000073,202.6199999999999,1893.0699999999997,0.0,0.0,12.0,116.31,0.0
SONG_CMYK_CVVC,_o'eo'o'eu'o'R.wav,o eo,oeooeuor,o eo,0,2074,a7d87a7321aa6931,a7d87a7321aa6931:2074,SONG_CMYK_CVVC|a7d87a7321aa6931:2074,4,0,-375.07989999999984,375.07989999999984,8.420000000000073,48.418000000000006,253.19299999999976,40.47800000000001,85.201,korean,cvvc,vv,vv,bridge_tight,4.0,0.821402698783549,0.0,1.0,0.0,-2.0420000000000074,7680.0,2380.0,20.420000000000073,202.6199999999999,1893.0699999999997,0.0,0.0,0.9994116032201077,0.0,-20.293919198329142,-21.8521424627751,0.9994116032201077,0.0,none,eo,vv,head,other,unknown,unknown,,,2400.42,298.51,2716.9300000000003,182.2,175.2,2582.62,116.31,2418.42,0.9615806805708013,20.420000000000073,202.6199999999999,1893.0699999999997,5.0,0.0,7.0,116.31,0.0
SONG_CMYK_CVVC,_o'eo'o'eu'o'R.wav,o eo,oeooeuor,o eo,0,2074,a7d87a7321aa6931,a7d87a7321aa6931:2074,SONG_CMYK_CVVC|a7d87a7321aa6931:2074,3,0,-376.5484999999999,376.5484999999999,8.420000000000073,48.418000000000006,253.19299999999976,44.122000000000014,79.55699999999999,korean,cvvc,vv,vv,next_safe,3.0,0.821402698783549,0.0,1.0,0.0,-2.0420000000000074,7680.0,2380.0,20.420000000000073,202.6199999999999,1893.0699999999997,0.0,0.0,0.9994116032201077,0.0,-20.293919198329142,-21.8521424627751,0.9994116032201077,0.0,none,eo,vv,head,other,unknown,unknown,,,2400.42,298.51,2716.9300000000003,178.55599999999998,169.55599999999998,2578.976,119.95400000000001,2418.42,0.9495956450637335,20.420000000000073,198.9760000000001,1893.0699999999997,4.288000000000011,3.643999999999778,9.0,119.95400000000001,0.0
SONG_CMYK_CVVC,_o'eo'o'eu'o'R.wav,o eo,oeooeuor,o eo,0,2074,a7d87a7321aa6931,a7d87a7321aa6931:2074,SONG_CMYK_CVVC|a7d87a7321aa6931:2074,2,0,-376.67989999999986,376.67989999999986,8.420000000000073,48.418000000000006,253.19299999999976,43.97800000000001,80.201,korean,cvvc,vv,vv,anchor_soft,1.0,0.821402698783549,0.0,1.0,0.0,-2.0420000000000074,7680.0,2380.0,20.420000000000073,202.6199999999999,1893.0699999999997,0.0,0.0,0.9994116032201077,0.0,-20.293919198329142,-21.8521424627751,0.9994116032201077,0.0,none,eo,vv,head,other,unknown,unknown,,,2400.42,298.51,2716.9300000000003,178.7,170.2,2579.12,119.81,2418.42,0.9524342473419138,20.420000000000073,199.1199999999999,1893.0699999999997,3.5,3.5,8.5,119.81,0.0
SONG_CMYK_CVVC,_o'eo'o'eu'o'R.wav,o eo,oeooeuor,o eo,0,2074,a7d87a7321aa6931,a7d87a7321aa6931:2074,SONG_CMYK_CVVC|a7d87a7321aa6931:2074,1,0,-380.1648999999999,380.1648999999999,8.420000000000073,48.418000000000006,253.19299999999976,50.378000000000014,72.30099999999999,korean,cvvc,vv,vv,anchor_tight,2.0,0.821402698783549,0.0,1.0,0.0,-2.0420000000000074,7680.0,2380.0,20.420000000000073,202.6199999999999,1893.0699999999997,0.0,0.0,0.9994116032201077,0.0,-20.293919198329142,-21.8521424627751,0.9994116032201077,0.0,none,eo,vv,head,other,unknown,unknown,,,2400.42,298.51,2716.9300000000003,172.29999999999998,162.29999999999998,2572.7200000000003,126.21000000000001,2418.42,0.9419616947185142,20.420000000000073,192.72000000000025,1893.0699999999997,17.80000000000001,9.899999999999636,10.0,126.21000000000001,0.0
SONG_CMYK_CVVC,_o'eo'o'eu'o'R.wav,eo o,oeooeuor,eo o,0,2075,a7d87a7321aa6931,a7d87a7321aa6931:2075,SONG_CMYK_CVVC|a7d87a7321aa6931:2075,7,1,-1415.1316000000002,1415.1316000000002,472.86400000000003,28.711000000000013,765.9190000000003,29.361999999999995,88.28,korean,cvvc,vv,vv,kr_cvvc_bridge_wide,6.0,0.8280565449373953,0.0,1.0,0.0,-1.8690000000000055,7680.0,2380.0,18.690000000000055,202.6199999999999,1892.48,0.0,0.0,0.9994116032201077,0.0,-20.293919198329142,-21.8521424627751,0.9994116032201077,0.0,none,o,vv,mid,other,unknown,unknown,vv,,2398.69,308.83,2729.52,183.93,178.93,2582.62,124.89999999999998,2420.69,0.9728157451204262,18.690000000000055,202.6199999999999,1880.48,27.0,0.0,5.0,124.89999999999998,0.0
SONG_CMYK_CVVC,_o'eo'o'eu'o'R.wav,eo o,oeooeuor,eo o,0,2075,a7d87a7321aa6931,a7d87a7321aa6931:2075,SONG_CMYK_CVVC|a7d87a7321aa6931:2075,6,0,-1426.9316000000003,1426.9316000000003,472.86400000000003,34.71100000000001,773.9190000000003,29.361999999999995,86.28,korean,cvvc,vv,vv,kr_cvvc_bridge_tight,5.0,0.8280565449373953,0.0,1.0,0.0,-1.8690000000000055,7680.0,2380.0,18.690000000000055,202.6199999999999,1892.48,0.0,0.0,0.9994116032201077,0.0,-20.293919198329142,-21.8521424627751,0.9994116032201077,0.0,none,o,vv,mid,other,unknown,unknown,vv,,2398.69,302.83,2721.52,183.93,176.93,2582.62,118.89999999999998,2418.69,0.9619420431685968,18.690000000000055,202.6199999999999,1888.48,11.0,0.0,7.0,118.89999999999998,0.0
SONG_CMYK_CVVC,_o'eo'o'eu'o'R.wav,eo o,oeooeuor,eo o,0,2075,a7d87a7321aa6931,a7d87a7321aa6931:2075,SONG_CMYK_CVVC|a7d87a7321aa6931:2075,5,0,-1430.1816000000001,1430.1816000000001,472.86400000000003,36.71100000000001,777.9190000000003,29.361999999999995,81.28,korean,cvvc,vv,vv,base,0.0,0.8280565449373953,0.0,1.0,0.0,-1.8690000000000055,7680.0,2380.0,18.690000000000055,202.6199999999999,1892.48,0.0,0.0,0.9994116032201077,0.0,-20.293919198329142,-21.8521424627751,0.9994116032201077,0.0,none,o,vv,mid,other,unknown,unknown,vv,,2398.69,300.83,2717.52,183.93,171.93,2582.62,116.89999999999998,2416.69,0.934757788289023,18.690000000000055,202.6199999999999,1892.48,0.0,0.0,12.0,116.89999999999998,0.0
SONG_CMYK_CVVC,_o'eo'o'eu'o'R.wav,eo o,oeooeuor,eo o,0,2075,a7d87a7321aa6931,a7d87a7321aa6931:2075,SONG_CMYK_CVVC|a7d87a7321aa6931:2075,4,0,-1432.4316000000001,1432.4316000000001,472.86400000000003,36.71100000000001,777.9190000000003,29.361999999999995,86.28,korean,cvvc,vv,vv,bridge_tight,4.0,0.8280565449373953,0.0,1.0,0.0,-1.8690000000000055,7680.0,2380.0,18.690000000000055,202.6199999999999,1892.48,0.0,0.0,0.9994116032201077,0.0,-20.293919198329142,-21.8521424627751,0.9994116032201077,0.0,none,o,vv,mid,other,unknown,unknown,vv,,2398.69,300.83,2717.52,183.93,176.93,2582.62,116.89999999999998,2416.69,0.9619420431685968,18.690000000000055,202.6199999999999,1892.48,5.0,0.0,7.0,116.89999999999998,0.0
SONG_CMYK_CVVC,_o'eo'o'eu'o'R.wav,eo o,oeooeuor,eo o,0,2075,a7d87a7321aa6931,a7d87a7321aa6931:2075,SONG_CMYK_CVVC|a7d87a7321aa6931:2075,3,0,-1433.92269,1433.92269,472.86400000000003,36.71100000000001,777.9190000000003,33.04060000000001,80.60139999999998,korean,cvvc,vv,vv,next_safe,3.0,0.8280565449373953,0.0,1.0,0.0,-1.8690000000000055,7680.0,2380.0,18.690000000000055,202.6199999999999,1892.48,0.0,0.0,0.9994116032201077,0.0,-20.293919198329142,-21.8521424627751,0.9994116032201077,0.0,none,o,vv,mid,other,unknown,unknown,vv,,2398.69,300.83,2717.52,180.2514,171.2514,2578.9414,120.5786,2416.69,0.9500697359354768,18.690000000000055,198.94140000000016,1892.48,4.357200000000034,3.678599999999733,9.0,120.5786,0.0
SONG_CMYK_CVVC,_o'eo'o'eu'o'R.wav,eo o,oeooeuor,eo o,0,2075,a7d87a7321aa6931,a7d87a7321aa6931:2075,SONG_CMYK_CVVC|a7d87a7321aa6931:2075,2,0,-1434.0316000000003,1434.0316000000003,472.86400000000003,36.71100000000001,777.9190000000003,32.861999999999995,81.28,korean,cvvc,vv,vv,anchor_soft,1.0,0.8280565449373953,0.0,1.0,0.0,-1.8690000000000055,7680.0,2380.0,18.690000000000055,202.6199999999999,1892.48,0.0,0.0,0.9994116032201077,0.0,-20.293919198329142,-21.8521424627751,0.9994116032201077,0.0,none,o,vv,mid,other,unknown,unknown,vv,,2398.69,300.83,2717.52,180.43,171.93,2579.12,120.39999999999998,2416.69,0.9528903175746827,18.690000000000055,199.1199999999999,1892.48,3.5,3.5,8.5,120.39999999999998,0.0
SONG_CMYK_CVVC,_o'eo'o'eu'o'R.wav,eo o,oeooeuor,eo o,0,2075,a7d87a7321aa6931,a7d87a7321aa6931:2075,SONG_CMYK_CVVC|a7d87a7321aa6931:2075,1,0,-1437.5166000000002,1437.5166000000002,472.86400000000003,36.71100000000001,777.9190000000003,39.262,73.38,korean,cvvc,vv,vv,anchor_tight,2.0,0.8280565449373953,0.0,1.0,0.0,-1.8690000000000055,7680.0,2380.0,18.690000000000055,202.6199999999999,1892.48,0.0,0.0,0.9994116032201077,0.0,-20.293919198329142,-21.8521424627751,0.9994116032201077,0.0,none,o,vv,mid,other,unknown,unknown,vv,,2398.69,300.83,2717.52,174.03,164.03,2572.7200000000003,126.79999999999998,2416.69,0.942538642762742,18.690000000000055,192.72000000000025,1892.48,17.80000000000001,9.899999999999636,10.0,126.79999999999998,0.0
SONG_CMYK_CVVC,_o'eo'o'eu'o'R.wav,o R,oeooeuor,o r,0,2078,a7d87a7321aa6931,a7d87a7321aa6931:2078,SONG_CMYK_CVVC|a7d87a7321aa6931:2078,7,1,-5433.339949999999,5433.339949999999,2032.585,425.187,2615.7400000000002,5.63300000000001,89.001,korean,cvvc,vc,vc_sonorant,kr_cvvc_bridge_wide,6.0,0.8436929571125785,0.0,1.0,0.0,-1.461999999999989,7680.0,2380.0,14.61999999999989,202.6199999999999,1934.3600000000001,0.0,0.0,0.999237263433473,0.0,-19.936982216487557,-21.8521424627751,0.999237263433473,0.0,liquid,,vc,mid,other,unknown,unknown,vv,,2394.62,275.02,2687.64,188.0,179.0,2582.62,87.01999999999998,2412.62,0.9521276595744681,14.61999999999989,202.6199999999999,1922.3600000000001,29.0,0.0,9.0,87.01999999999998,0.0
SONG_CMYK_CVVC,_o'eo'o'eu'o'R.wav,o R,oeooeuor,o r,0,2078,a7d87a7321aa6931,a7d87a7321aa6931:2078,SONG_CMYK_CVVC|a7d87a7321aa6931:2078,6,0,-5447.489949999999,5447.489949999999,2032.585,433.187,2627.7400000000002,5.63300000000001,80.001,korean,cvvc,vc,vc_sonorant,base,0.0,0.8436929571125785,0.0,1.0,0.0,-1.461999999999989,7680.0,2380.0,14.61999999999989,202.6199999999999,1934.3600000000001,0.0,0.0,0.999237263433473,0.0,-19.936982216487557,-21.8521424627751,0.999237263433473,0.0,liquid,,vc,mid,other,unknown,unknown,vv,,2394.62,267.02,2675.64,188.0,170.0,2582.62,79.01999999999998,2408.62,0.9042553191489362,14.61999999999989,202.6199999999999,1934.3600000000001,0.0,0.0,18.0,79.01999999999998,0.0
SONG_CMYK_CVVC,_o'eo'o'eu'o'R.wav,o R,oeooeuor,o r,0,2078,a7d87a7321aa6931,a7d87a7321aa6931:2078,SONG_CMYK_CVVC|a7d87a7321aa6931:2078,5,0,-5447.88995,5447.88995,2032.585,432.187,2625.7400000000002,5.63300000000001,87.001,korean,cvvc,vc,vc_sonorant,kr_cvvc_bridge_tight,5.0,0.8436929571125785,0.0,1.0,0.0,-1.461999999999989,7680.0,2380.0,14.61999999999989,202.6199999999999,1934.3600000000001,0.0,0.0,0.999237263433473,0.0,-19.936982216487557,-21.8521424627751,0.999237263433473,0.0,liquid,,vc,mid,other,unknown,unknown,vv,,2394.62,268.02,2677.64,188.0,177.0,2582.62,80.01999999999998,2409.62,0.9414893617021277,14.61999999999989,202.6199999999999,1932.3600000000001,10.0,0.0,11.0,80.01999999999998,0.0
SONG_CMYK_CVVC,_o'eo'o'eu'o'R.wav,o R,oeooeuor,o r,0,2078,a7d87a7321aa6931,a7d87a7321aa6931:2078,SONG_CMYK_CVVC|a7d87a7321aa6931:2078,4,0,-5450.63995,5450.63995,2032.585,433.187,2627.7400000000002,5.63300000000001,87.001,korean,cvvc,vc,vc_sonorant,bridge_tight,4.0,0.8436929571125785,0.0,1.0,0.0,-1.461999999999989,7680.0,2380.0,14.61999999999989,202.6199999999999,1934.3600000000001,0.0,0.0,0.999237263433473,0.0,-19.936982216487557,-21.8521424627751,0.999237263433473,0.0,liquid,,vc,mid,other,unknown,unknown,vv,,2394.62,267.02,2675.64,188.0,177.0,2582.62,79.01999999999998,2408.62,0.9414893617021277,14.61999999999989,202.6199999999999,1934.3600000000001,7.0,0.0,11.0,79.01999999999998,0.0
SONG_CMYK_CVVC,_o'eo'o'eu'o'R.wav,o R,oeooeuor,o r,0,2078,a7d87a7321aa6931,a7d87a7321aa6931:2078,SONG_CMYK_CVVC|a7d87a7321aa6931:2078,3,0,-5451.33995,5451.33995,2032.585,433.187,2627.7400000000002,9.13300000000001,80.001,korean,cvvc,vc,vc_sonorant,anchor_soft,1.0,0.8436929571125785,0.0,1.0,0.0,-1.461999999999989,7680.0,2380.0,14.61999999999989,202.6199999999999,1934.3600000000001,0.0,0.0,0.999237263433473,0.0,-19.936982216487557,-21.8521424627751,0.999237263433473,0.0,liquid,,vc,mid,other,unknown,unknown,vv,,2394.62,267.02,2675.64,184.5,170.0,2579.12,82.51999999999998,2408.62,0.9214092140921409,14.61999999999989,199.1199999999999,1934.3600000000001,3.5,3.5,14.5,82.51999999999998,0.0
SONG_CMYK_CVVC,_o'eo'o'eu'o'R.wav,o R,oeooeuor,o r,0,2078,a7d87a7321aa6931,a7d87a7321aa6931:2078,SONG_CMYK_CVVC|a7d87a7321aa6931:2078,2,0,-5451.62595,5451.62595,2032.585,433.187,2627.7400000000002,9.393,80.001,korean,cvvc,vc,vc_sonorant,next_safe,3.0,0.8436929571125785,0.0,1.0,0.0,-1.461999999999989,7680.0,2380.0,14.61999999999989,202.6199999999999,1934.3600000000001,0.0,0.0,0.999237263433473,0.0,-19.936982216487557,-21.8521424627751,0.999237263433473,0.0,liquid,,vc,mid,other,unknown,unknown,vv,,2394.62,267.02,2675.64,184.24,170.0,2578.8599999999997,82.77999999999997,2408.62,0.9227095093356491,14.61999999999989,198.85999999999967,1934.3600000000001,3.759999999999991,3.7600000000002183,14.240000000000009,82.77999999999997,0.0
SONG_CMYK_CVVC,_o'eo'o'eu'o'R.wav,o R,oeooeuor,o r,0,2078,a7d87a7321aa6931,a7d87a7321aa6931:2078,SONG_CMYK_CVVC|a7d87a7321aa6931:2078,1,0,-5457.52495,5457.52495,2032.585,433.187,2627.7400000000002,15.533000000000015,78.101,korean,cvvc,vc,vc_sonorant,anchor_tight,2.0,0.8436929571125785,0.0,1.0,0.0,-1.461999999999989,7680.0,2380.0,14.61999999999989,202.6199999999999,1934.3600000000001,0.0,0.0,0.999237263433473,0.0,-19.936982216487557,-21.8521424627751,0.999237263433473,0.0,liquid,,vc,mid,other,unknown,unknown,vv,,2394.62,267.02,2675.64,178.1,168.1,2572.72,88.91999999999999,2408.62,0.9438517686692869,14.61999999999989,192.7199999999998,1934.3600000000001,11.800000000000011,9.900000000000091,10.0,88.91999999999999,0.0
SONG_CMYK_CVVC,_ppeo'ppeo'_'ppyeo'ppyeo'_'ppweo'ppweo.wav,eo pp,ppeoppeoppyeoppyeoppweoppweo,eo pp,0,2302,a7d87a7321aa6931,a7d87a7321aa6931:2302,SONG_CMYK_CVVC|a7d87a7321aa6931:2302,7,1,-853.8440500000008,853.8440500000008,173.76700000000028,157.781,412.8640000000005,99.251,2.4989999999999952,korean,cvvc,vc,vc_other,kr_cvvc_bridge_wide,6.0,0.8305413871703711,0.0,1.0,0.0,21.06999999999998,7760.0,2170.0,-89.30000000000018,7.199999999999818,379.35000000000036,0.0,0.0,0.6748470700842781,0.05263157894736842,-27.282270333136754,-75.61536723328115,0.6748470700842781,0.05263157894736842,other,,vc,mid,other,unknown,unknown,cv,,2080.7,149.95,2242.6499999999996,96.5,87.5,2177.2,53.44999999999999,2092.7,0.9067357512953368,-89.30000000000018,7.199999999999818,367.35000000000036,33.0,0.0,9.0,53.44999999999999,0.0
SONG_CMYK_CVVC,_ppeo'ppeo'_'ppyeo'ppyeo'_'ppweo'ppweo.wav,eo pp,ppeoppeoppyeoppyeoppweoppweo,eo pp,0,2302,a7d87a7321aa6931,a7d87a7321aa6931:2302,SONG_CMYK_CVVC|a7d87a7321aa6931:2302,6,0,-870.1940500000007,870.1940500000007,173.76700000000028,164.781,422.8640000000005,99.251,4.498999999999995,korean,cvvc,vc,vc_other,kr_cvvc_bridge_tight,5.0,0.8305413871703711,0.0,1.0,0.0,21.06999999999998,7760.0,2170.0,-89.30000000000018,7.199999999999818,379.35000000000036,0.0,0.0,0.6748470700842781,0.05263157894736842,-27.282270333136754,-75.61536723328115,0.6748470700842781,0.05263157894736842,other,,vc,mid,other,unknown,unknown,cv,,2080.7,142.95,2232.6499999999996,96.5,85.5,2177.2,46.44999999999999,2089.7,0.8860103626943006,-89.30000000000018,7.199999999999818,377.35000000000036,14.0,0.0,11.0,46.44999999999999,0.0
SONG_CMYK_CVVC,_ppeo'ppeo'_'ppyeo'ppyeo'_'ppweo'ppweo.wav,eo pp,ppeoppeoppyeoppyeoppweoppweo,eo pp,0,2302,a7d87a7321aa6931,a7d87a7321aa6931:2302,SONG_CMYK_CVVC|a7d87a7321aa6931:2302,5,0,-872.9440500000007,872.9440500000007,173.76700000000028,165.781,424.8640000000005,99.251,4.498999999999995,korean,cvvc,vc,vc_other,bridge_tight,4.0,0.8305413871703711,0.0,1.0,0.0,21.06999999999998,7760.0,2170.0,-89.30000000000018,7.199999999999818,379.35000000000036,0.0,0.0,0.6748470700842781,0.05263157894736842,-27.282270333136754,-75.61536723328115,0.6748470700842781,0.05263157894736842,other,,vc,mid,other,unknown,unknown,cv,,2080.7,141.95,2230.6499999999996,96.5,85.5,2177.2,45.44999999999999,2088.7,0.8860103626943006,-89.30000000000018,7.199999999999818,379.35000000000036,11.0,0.0,11.0,45.44999999999999,0.0
SONG_CMYK_CVVC,_ppeo'ppeo'_'ppyeo'ppyeo'_'ppweo'ppweo.wav,eo pp,ppeoppeoppyeoppyeoppweoppweo,eo pp,0,2302,a7d87a7321aa6931,a7d87a7321aa6931:2302,SONG_CMYK_CVVC|a7d87a7321aa6931:2302,4,0,-877.8940500000008,877.8940500000008,173.76700000000028,165.781,424.8640000000005,99.251,15.498999999999995,korean,cvvc,vc,vc_other,base,0.0,0.8305413871703711,0.0,1.0,0.0,21.06999999999998,7760.0,2170.0,-89.30000000000018,7.199999999999818,379.35000000000036,0.0,0.0,0.6748470700842781,0.05263157894736842,-27.282270333136754,-75.61536723328115,0.6748470700842781,0.05263157894736842,other,,vc,mid,other,unknown,unknown,cv,,2080.7,141.95,2230.6499999999996,96.5,74.5,2177.2,45.44999999999999,2088.7,0.772020725388601,-89.30000000000018,7.199999999999818,379.35000000000036,0.0,0.0,22.0,45.44999999999999,0.0
SONG_CMYK_CVVC,_ppeo'ppeo'_'ppyeo'ppyeo'_'ppweo'ppweo.wav,eo pp,ppeoppeoppyeoppyeoppweoppweo,eo pp,0,2302,a7d87a7321aa6931,a7d87a7321aa6931:2302,SONG_CMYK_CVVC|a7d87a7321aa6931:2302,3,0,-879.8740500000007,879.8740500000007,173.76700000000028,165.781,424.8640000000005,101.05099999999996,15.498999999999995,korean,cvvc,vc,vc_other,anchor_soft,1.0,0.8305413871703711,0.0,1.0,0.0,21.06999999999998,7760.0,2170.0,-89.30000000000018,7.199999999999818,379.35000000000036,0.0,0.0,0.6748470700842781,0.05263157894736842,-27.282270333136754,-75.61536723328115,0.6748470700842781,0.05263157894736842,other,,vc,mid,other,unknown,unknown,cv,,2080.7,141.95,2230.6499999999996,94.70000000000005,74.5,2175.3999999999996,47.24999999999994,2088.7,0.7866948257655751,-89.30000000000018,5.399999999999636,379.35000000000036,1.7999999999999545,1.800000000000182,20.200000000000045,47.24999999999994,0.0
SONG_CMYK_CVVC,_ppeo'ppeo'_'ppyeo'ppyeo'_'ppweo'ppweo.wav,eo pp,ppeoppeoppyeoppyeoppweoppweo,eo pp,0,2302,a7d87a7321aa6931,a7d87a7321aa6931:2302,SONG_CMYK_CVVC|a7d87a7321aa6931:2302,2,0,-880.0170500000008,880.0170500000008,173.76700000000028,165.781,424.8640000000005,101.18100000000001,15.498999999999995,korean,cvvc,vc,vc_other,next_safe,3.0,0.8305413871703711,0.0,1.0,0.0,21.06999999999998,7760.0,2170.0,-89.30000000000018,7.199999999999818,379.35000000000036,0.0,0.0,0.6748470700842781,0.05263157894736842,-27.282270333136754,-75.61536723328115,0.6748470700842781,0.05263157894736842,other,,vc,mid,other,unknown,unknown,cv,,2080.7,141.95,2230.6499999999996,94.57,74.5,2175.27,47.379999999999995,2088.7,0.7877762503965318,-89.30000000000018,5.269999999999982,379.35000000000036,1.9300000000000068,1.9299999999998363,20.069999999999993,47.379999999999995,0.0
SONG_CMYK_CVVC,_ppeo'ppeo'_'ppyeo'ppyeo'_'ppweo'ppweo.wav,eo pp,ppeoppeoppyeoppyeoppweoppweo,eo pp,0,2302,a7d87a7321aa6931,a7d87a7321aa6931:2302,SONG_CMYK_CVVC|a7d87a7321aa6931:2302,1,0,-881.4580500000008,881.4580500000008,173.76700000000028,165.781,424.8640000000005,102.49099999999993,15.498999999999995,korean,cvvc,vc,vc_other,anchor_tight,2.0,0.8305413871703711,0.0,1.0,0.0,21.06999999999998,7760.0,2170.0,-89.30000000000018,7.199999999999818,379.35000000000036,0.0,0.0,0.6748470700842781,0.05263157894736842,-27.282270333136754,-75.61536723328115,0.6748470700842781,0.05263157894736842,other,,vc,mid,other,unknown,unknown,cv,,2080.7,141.95,2230.6499999999996,93.26000000000008,74.5,2173.96,48.68999999999991,2088.7,0.7988419472442627,-89.30000000000018,3.9600000000000364,379.35000000000036,3.239999999999924,3.2399999999997817,18.760000000000076,48.68999999999991,0.0
SONG_CMYK_CVVC,_ppu'ppu'_'ppyu'ppyu'_'um'ppu.wav,u pp,ppuppuppyuppyuumppu,u pp,0,2399,a7d87a7321aa6931,a7d87a7321aa6931:2399,SONG_CMYK_CVVC|a7d87a7321aa6931:2399,7,1,-649.4967500000004,649.4967500000004,117.5340000000001,117.91000000000003,316.7600000000002,89.37299999999999,6.9410000000000025,korean,cvvc,vc,vc_other,kr_cvvc_bridge_wide,6.0,0.8290007913195746,0.0,1.0,0.0,20.736999999999988,7840.0,2230.0,-92.63000000000011,13.309999999999945,325.24000000000024,0.0,0.0,0.8646232978111335,0.0,-23.896337424781777,-42.84055001190285,0.8646232978111335,0.0,other,,vc,mid,other,unknown,unknown,cv,,2137.37,157.39,2306.7599999999998,105.94,96.94,2243.31,51.44999999999999,2149.37,0.915046252595809,-92.63000000000011,13.309999999999945,313.24000000000024,33.0,0.0,9.0,51.44999999999999,0.0
SONG_CMYK_CVVC,_ppu'ppu'_'ppyu'ppyu'_'um'ppu.wav,u pp,ppuppuppyuppyuumppu,u pp,0,2399,a7d87a7321aa6931,a7d87a7321aa6931:2399,SONG_CMYK_CVVC|a7d87a7321aa6931:2399,6,0,-664.0467500000003,664.0467500000003,117.5340000000001,124.91000000000003,326.7600000000002,89.37299999999999,4.9410000000000025,korean,cvvc,vc,vc_other,kr_cvvc_bridge_tight,5.0,0.8290007913195746,0.0,1.0,0.0,20.736999999999988,7840.0,2230.0,-92.63000000000011,13.309999999999945,325.24000000000024,0.0,0.0,0.8646232978111335,0.0,-23.896337424781777,-42.84055001190285,0.8646232978111335,0.0,other,,vc,mid,other,unknown,unknown,cv,,2137.37,150.39,2296.7599999999998,105.94,94.94,2243.31,44.44999999999999,2146.37,0.8961676420615443,-92.63000000000011,13.309999999999945,323.24000000000024,14.0,0.0,11.0,44.44999999999999,0.0
SONG_CMYK_CVVC,_ppu'ppu'_'ppyu'ppyu'_'um'ppu.wav,u pp,ppuppuppyuppyuumppu,u pp,0,2399,a7d87a7321aa6931,a7d87a7321aa6931:2399,SONG_CMYK_CVVC|a7d87a7321aa6931:2399,5,0,-666.7967500000003,666.7967500000003,117.5340000000001,125.91000000000003,328.7600000000002,89.37299999999999,4.9410000000000025,korean,cvvc,vc,vc_other,bridge_tight,4.0,0.8290007913195746,0.0,1.0,0.0,20.736999999999988,7840.0,2230.0,-92.63000000000011,13.309999999999945,325.24000000000024,0.0,0.0,0.8646232978111335,0.0,-23.896337424781777,-42.84055001190285,0.8646232978111335,0.0,other,,vc,mid,other,unknown,unknown,cv,,2137.37,149.39,2294.7599999999998,105.94,94.94,2243.31,43.44999999999999,2145.37,0.8961676420615443,-92.63000000000011,13.309999999999945,325.24000000000024,11.0,0.0,11.0,43.44999999999999,0.0
SONG_CMYK_CVVC,_ppu'ppu'_'ppyu'ppyu'_'um'ppu.wav,u pp,ppuppuppyuppyuumppu,u pp,0,2399,a7d87a7321aa6931,a7d87a7321aa6931:2399,SONG_CMYK_CVVC|a7d87a7321aa6931:2399,4,0,-667.2998500000003,667.2998500000003,117.5340000000001,125.91000000000003,328.7600000000002,89.37299999999999,6.0589999999999975,korean,cvvc,vc,vc_other,base,0.0,0.8290007913195746,0.0,1.0,0.0,20.736999999999988,7840.0,2230.0,-92.63000000000011,13.309999999999945,325.24000000000024,0.0,0.0,0.8646232978111335,0.0,-23.896337424781777,-42.84055001190285,0.8646232978111335,0.0,other,,vc,mid,other,unknown,unknown,cv,,2137.37,149.39,2294.7599999999998,105.94,83.94,2243.31,43.44999999999999,2145.37,0.7923352841230885,-92.63000000000011,13.309999999999945,325.24000000000024,0.0,0.0,22.0,43.44999999999999,0.0
SONG_CMYK_CVVC,_ppu'ppu'_'ppyu'ppyu'_'um'ppu.wav,u pp,ppuppuppyuppyuumppu,u pp,0,2399,a7d87a7321aa6931,a7d87a7321aa6931:2399,SONG_CMYK_CVVC|a7d87a7321aa6931:2399,3,0,-669.6305300000004,669.6305300000004,117.5340000000001,125.91000000000003,328.7600000000002,91.4918,6.0589999999999975,korean,cvvc,vc,vc_other,next_safe,3.0,0.8290007913195746,0.0,1.0,0.0,20.736999999999988,7840.0,2230.0,-92.63000000000011,13.309999999999945,325.24000000000024,0.0,0.0,0.8646232978111335,0.0,-23.896337424781777,-42.84055001190285,0.8646232978111335,0.0,other,,vc,mid,other,unknown,unknown,cv,,2137.37,149.39,2294.7599999999998,103.82119999999999,83.94,2241.1911999999998,45.568799999999996,2145.37,0.8085053919623353,-92.63000000000011,11.191199999999753,325.24000000000024,2.1188000000000073,2.118800000000192,19.881199999999993,45.568799999999996,0.0
SONG_CMYK_CVVC,_ppu'ppu'_'ppyu'ppyu'_'um'ppu.wav,u pp,ppuppuppyuppyuumppu,u pp,0,2399,a7d87a7321aa6931,a7d87a7321aa6931:2399,SONG_CMYK_CVVC|a7d87a7321aa6931:2399,2,0,-670.9601000000004,670.9601000000004,117.5340000000001,125.91000000000003,328.7600000000002,92.70049999999998,6.0589999999999975,korean,cvvc,vc,vc_other,anchor_soft,1.0,0.8290007913195746,0.0,1.0,0.0,20.736999999999988,7840.0,2230.0,-92.63000000000011,13.309999999999945,325.24000000000024,0.0,0.0,0.8646232978111335,0.0,-23.896337424781777,-42.84055001190285,0.8646232978111335,0.0,other,,vc,mid,other,unknown,unknown,cv,,2137.37,149.39,2294.7599999999998,102.61250000000001,83.94,2239.9825,46.777499999999975,2145.37,0.8180289925691313,-92.63000000000011,9.982500000000073,325.24000000000024,3.3274999999999864,3.3274999999998727,18.672500000000014,46.777499999999975,0.0
SONG_CMYK_CVVC,_ppu'ppu'_'ppyu'ppyu'_'um'ppu.wav,u pp,ppuppuppyuppyuumppu,u pp,0,2399,a7d87a7321aa6931,a7d87a7321aa6931:2399,SONG_CMYK_CVVC|a7d87a7321aa6931:2399,1,0,-673.8883000000003,673.8883000000003,117.5340000000001,125.91000000000003,328.7600000000002,95.36249999999997,6.0589999999999975,korean,cvvc,vc,vc_other,anchor_tight,2.0,0.8290007913195746,0.0,1.0,0.0,20.736999999999988,7840.0,2230.0,-92.63000000000011,13.309999999999945,325.24000000000024,0.0,0.0,0.8646232978111335,0.0,-23.896337424781777,-42.84055001190285,0.8646232978111335,0.0,other,,vc,mid,other,unknown,unknown,cv,,2137.37,149.39,2294.7599999999998,99.95050000000002,83.94,2237.3205,49.43949999999997,2145.37,0.8398157087758439,-92.63000000000011,7.320499999999811,325.24000000000024,5.989499999999978,5.989500000000135,16.01050000000002,49.43949999999997,0.0
SONG_CMYK_CVVC,_ro'ro'_'ryo'ryo'_'ong'lo.wav,ng l,rororyoryoonglo,ng l,0,2547,a7d87a7321aa6931,a7d87a7321aa6931:2547,SONG_CMYK_CVVC|a7d87a7321aa6931:2547,7,1,-626.9294999999988,626.9294999999988,266.14599999999973,5.944999999999993,267.1829999999991,20.875,27.572000000000003,korean,cvvc,vc,vc_sonorant,base,0.0,0.8239162919166072,0.0,1.0,0.0,168.18800000000002,7840.0,5700.0,-18.11999999999989,126.10000000000036,-92.55999999999949,0.0,0.0,0.9360859960891444,0.0,-19.734685653780637,-20.048535549260507,0.9360859960891444,0.0,liquid,,vc,mid,other,unknown,unknown,vc,,5681.88,222.78,5954.66,144.22,126.22,5826.1,78.56,5731.88,0.8751906809041742,-18.11999999999989,126.10000000000036,-128.5599999999995,36.0,0.0,18.0,78.56,128.5599999999995
SONG_CMYK_CVVC,_ro'ro'_'ryo'ryo'_'ong'lo.wav,ng l,rororyoryoonglo,ng l,0,2547,a7d87a7321aa6931,a7d87a7321aa6931:2547,SONG_CMYK_CVVC|a7d87a7321aa6931:2547,6,0,-630.0794999999988,630.0794999999988,266.14599999999973,5.944999999999993,267.1829999999991,20.875,34.572,korean,cvvc,vc,vc_sonorant,bridge_tight,4.0,0.8239162919166072,0.0,1.0,0.0,168.18800000000002,7840.0,5700.0,-18.11999999999989,126.10000000000036,-92.55999999999949,0.0,0.0,0.9360859960891444,0.0,-19.734685653780637,-20.048535549260507,0.9360859960891444,0.0,liquid,,vc,mid,other,unknown,unknown,vc,,5681.88,222.78,5954.66,144.22,133.22,5826.1,78.56,5731.88,0.9237276383303287,-18.11999999999989,126.10000000000036,-128.5599999999995,43.0,0.0,11.0,78.56,128.5599999999995
SONG_CMYK_CVVC,_ro'ro'_'ryo'ryo'_'ong'lo.wav,ng l,rororyoryoonglo,ng l,0,2547,a7d87a7321aa6931,a7d87a7321aa6931:2547,SONG_CMYK_CVVC|a7d87a7321aa6931:2547,5,0,-630.1023399999989,630.1023399999989,266.14599999999973,5.944999999999993,267.1829999999991,23.7594,27.572000000000003,korean,cvvc,vc,vc_sonorant,next_safe,3.0,0.8239162919166072,0.0,1.0,0.0,168.18800000000002,7840.0,5700.0,-18.11999999999989,126.10000000000036,-92.55999999999949,0.0,0.0,0.9360859960891444,0.0,-19.734685653780637,-20.048535549260507,0.9360859960891444,0.0,liquid,,vc,mid,other,unknown,unknown,vc,,5681.88,222.78,5954.66,141.3356,126.22,5823.2156,81.4444,5731.88,0.893051715208341,-18.11999999999989,123.21560000000045,-128.5599999999995,38.8844,2.884399999999914,15.1156,81.4444,128.5599999999995
SONG_CMYK_CVVC,_ro'ro'_'ryo'ryo'_'ong'lo.wav,ng l,rororyoryoonglo,ng l,0,2547,a7d87a7321aa6931,a7d87a7321aa6931:2547,SONG_CMYK_CVVC|a7d87a7321aa6931:2547,4,0,-630.1794999999988,630.1794999999988,266.14599999999973,4.944999999999993,268.1829999999991,20.875,34.572,korean,cvvc,vc,vc_sonorant,kr_cvvc_bridge_tight,5.0,0.8239162919166072,0.0,1.0,0.0,168.18800000000002,7840.0,5700.0,-18.11999999999989,126.10000000000036,-92.55999999999949,0.0,0.0,0.9360859960891444,0.0,-19.734685653780637,-20.048535549260507,0.9360859960891444,0.0,liquid,,vc,mid,other,unknown,unknown,vc,,5681.88,223.78,5955.66,144.22,133.22,5826.1,79.56,5731.88,0.9237276383303287,-18.11999999999989,126.10000000000036,-129.5599999999995,45.0,0.0,11.0,79.56,129.5599999999995
SONG_CMYK_CVVC,_ro'ro'_'ryo'ryo'_'ong'lo.wav,ng l,rororyoryoonglo,ng l,0,2547,a7d87a7321aa6931,a7d87a7321aa6931:2547,SONG_CMYK_CVVC|a7d87a7321aa6931:2547,3,0,-630.7794999999988,630.7794999999988,266.14599999999973,5.944999999999993,267.1829999999991,24.375,27.572000000000003,korean,cvvc,vc,vc_sonorant,anchor_soft,1.0,0.8239162919166072,0.0,1.0,0.0,168.18800000000002,7840.0,5700.0,-18.11999999999989,126.10000000000036,-92.55999999999949,0.0,0.0,0.9360859960891444,0.0,-19.734685653780637,-20.048535549260507,0.9360859960891444,0.0,liquid,,vc,mid,other,unknown,unknown,vc,,5681.88,222.78,5954.66,140.72,126.22,5822.6,82.06,5731.88,0.8969584991472428,-18.11999999999989,122.60000000000036,-128.5599999999995,39.5,3.5,14.5,82.06,128.5599999999995
SONG_CMYK_CVVC,_ro'ro'_'ryo'ryo'_'ong'lo.wav,ng l,rororyoryoonglo,ng l,0,2547,a7d87a7321aa6931,a7d87a7321aa6931:2547,SONG_CMYK_CVVC|a7d87a7321aa6931:2547,2,0,-635.2729999999988,635.2729999999988,266.14599999999973,2.055000000000007,275.1829999999991,20.875,36.572,korean,cvvc,vc,vc_sonorant,kr_cvvc_bridge_wide,6.0,0.8239162919166072,0.0,1.0,0.0,168.18800000000002,7840.0,5700.0,-18.11999999999989,126.10000000000036,-92.55999999999949,0.0,0.0,0.9360859960891444,0.0,-19.734685653780637,-20.048535549260507,0.9360859960891444,0.0,liquid,,vc,mid,other,unknown,unknown,vc,,5681.88,230.78,5962.66,144.22,135.22,5826.1,86.56,5731.88,0.937595340452087,-18.11999999999989,126.10000000000036,-136.5599999999995,61.0,0.0,9.0,86.56,136.5599999999995
SONG_CMYK_CVVC,_ro'ro'_'ryo'ryo'_'ong'lo.wav,ng l,rororyoryoonglo,ng l,0,2547,a7d87a7321aa6931,a7d87a7321aa6931:2547,SONG_CMYK_CVVC|a7d87a7321aa6931:2547,1,0,-636.9644999999988,636.9644999999988,266.14599999999973,5.944999999999993,267.1829999999991,30.775000000000006,25.671999999999997,korean,cvvc,vc,vc_sonorant,anchor_tight,2.0,0.8239162919166072,0.0,1.0,0.0,168.18800000000002,7840.0,5700.0,-18.11999999999989,126.10000000000036,-92.55999999999949,0.0,0.0,0.9360859960891444,0.0,-19.734685653780637,-20.048535549260507,0.9360859960891444,0.0,liquid,,vc,mid,other,unknown,unknown,vc,,5681.88,222.78,5954.66,134.32,124.32,5816.2,88.46000000000001,5731.88,0.9255509231685527,-18.11999999999989,116.19999999999982,-128.5599999999995,47.80000000000001,9.900000000000546,10.0,88.46000000000001,128.5599999999995
SONG_CMYK_CVVC,_tteo'tteo'_'ttyeo'ttyeo'_'ttweo'ttweo.wav,eo tt,tteotteottyeottyeottweottweo,eo tt,0,3036,a7d87a7321aa6931,a7d87a7321aa6931:3036,SONG_CMYK_CVVC|a7d87a7321aa6931:3036,7,1,-672.8559499999994,672.8559499999994,109.46299999999974,125.387,324.16399999999976,106.169,10.458999999999989,korean,cvvc,vc,vc_other,kr_cvvc_bridge_wide,6.0,0.9018760723540304,0.0,1.0,0.0,33.20500000000002,7680.0,2190.0,-67.94999999999982,20.590000000000146,376.6399999999999,0.0,40.0,0.924145338924919,0.0,-22.60166346932533,-27.698846811554994,0.924145338924919,0.0,other,,vc,mid,other,unknown,unknown,cv,,2122.05,141.31,2275.36,88.54,79.54,2210.59,52.769999999999996,2134.05,0.8983510277840524,-67.94999999999982,20.590000000000146,364.6399999999999,33.0,0.0,9.0,52.769999999999996,0.0
SONG_CMYK_CVVC,_tteo'tteo'_'ttyeo'ttyeo'_'ttweo'ttweo.wav,eo tt,tteotteottyeottyeottweottweo,eo tt,0,3036,a7d87a7321aa6931,a7d87a7321aa6931:3036,SONG_CMYK_CVVC|a7d87a7321aa6931:3036,6,0,-689.2059499999995,689.2059499999995,109.46299999999974,132.387,334.16399999999976,106.169,12.458999999999989,korean,cvvc,vc,vc_other,kr_cvvc_bridge_tight,5.0,0.9018760723540304,0.0,1.0,0.0,33.20500000000002,7680.0,2190.0,-67.94999999999982,20.590000000000146,376.6399999999999,0.0,40.0,0.924145338924919,0.0,-22.60166346932533,-27.698846811554994,0.924145338924919,0.0,other,,vc,mid,other,unknown,unknown,cv,,2122.05,134.31,2265.36,88.54,77.54,2210.59,45.769999999999996,2131.05,0.8757623672916196,-67.94999999999982,20.590000000000146,374.6399999999999,14.0,0.0,11.0,45.769999999999996,0.0
SONG_CMYK_CVVC,_tteo'tteo'_'ttyeo'ttyeo'_'ttweo'ttweo.wav,eo tt,tteotteottyeottyeottweottweo,eo tt,0,3036,a7d87a7321aa6931,a7d87a7321aa6931:3036,SONG_CMYK_CVVC|a7d87a7321aa6931:3036,5,0,-691.9559499999993,691.9559499999993,109.46299999999974,133.387,336.16399999999976,106.169,12.458999999999989,korean,cvvc,vc,vc_other,bridge_tight,4.0,0.9018760723540304,0.0,1.0,0.0,33.20500000000002,7680.0,2190.0,-67.94999999999982,20.590000000000146,376.6399999999999,0.0,40.0,0.924145338924919,0.0,-22.60166346932533,-27.698846811554994,0.924145338924919,0.0,other,,vc,mid,other,unknown,unknown,cv,,2122.05,133.31,2263.36,88.54,77.54,2210.59,44.769999999999996,2130.05,0.8757623672916196,-67.94999999999982,20.590000000000146,376.6399999999999,11.0,0.0,11.0,44.769999999999996,0.0
SONG_CMYK_CVVC,_tteo'tteo'_'ttyeo'ttyeo'_'ttweo'ttweo.wav,eo tt,tteotteottyeottyeottweottweo,eo tt,0,3036,a7d87a7321aa6931,a7d87a7321aa6931:3036,SONG_CMYK_CVVC|a7d87a7321aa6931:3036,4,0,-696.9059499999994,696.9059499999994,109.46299999999974,133.387,336.16399999999976,106.169,23.45899999999999,korean,cvvc,vc,vc_other,base,0.0,0.9018760723540304,0.0,1.0,0.0,33.20500000000002,7680.0,2190.0,-67.94999999999982,20.590000000000146,376.6399999999999,0.0,40.0,0.924145338924919,0.0,-22.60166346932533,-27.698846811554994,0.924145338924919,0.0,other,,vc,mid,other,unknown,unknown,cv,,2122.05,133.31,2263.36,88.54,66.54,2210.59,44.769999999999996,2130.05,0.7515247345832392,-67.94999999999982,20.590000000000146,376.6399999999999,0.0,0.0,22.0,44.769999999999996,0.0
SONG_CMYK_CVVC,_tteo'tteo'_'ttyeo'ttyeo'_'ttweo'ttweo.wav,eo tt,tteotteottyeottyeottweottweo,eo tt,0,3036,a7d87a7321aa6931,a7d87a7321aa6931:3036,SONG_CMYK_CVVC|a7d87a7321aa6931:3036,3,0,-698.8538299999994,698.8538299999994,109.46299999999974,133.387,336.16399999999976,107.9398,23.45899999999999,korean,cvvc,vc,vc_other,next_safe,3.0,0.9018760723540304,0.0,1.0,0.0,33.20500000000002,7680.0,2190.0,-67.94999999999982,20.590000000000146,376.6399999999999,0.0,40.0,0.924145338924919,0.0,-22.60166346932533,-27.698846811554994,0.924145338924919,0.0,other,,vc,mid,other,unknown,unknown,cv,,2122.05,133.31,2263.36,86.7692,66.54,2208.8192000000004,46.540800000000004,2130.05,0.7668619740645299,-67.94999999999982,18.819200000000365,376.6399999999999,1.7708000000000084,1.770799999999781,20.22919999999999,46.540800000000004,0.0
SONG_CMYK_CVVC,_tteo'tteo'_'ttyeo'ttyeo'_'ttweo'ttweo.wav,eo tt,tteotteottyeottyeottweottweo,eo tt,0,3036,a7d87a7321aa6931,a7d87a7321aa6931:3036,SONG_CMYK_CVVC|a7d87a7321aa6931:3036,2,0,-700.7559499999994,700.7559499999994,109.46299999999974,133.387,336.16399999999976,109.669,23.45899999999999,korean,cvvc,vc,vc_other,anchor_soft,1.0,0.9018760723540304,0.0,1.0,0.0,33.20500000000002,7680.0,2190.0,-67.94999999999982,20.590000000000146,376.6399999999999,0.0,40.0,0.924145338924919,0.0,-22.60166346932533,-27.698846811554994,0.924145338924919,0.0,other,,vc,mid,other,unknown,unknown,cv,,2122.05,133.31,2263.36,85.04,66.54,2207.09,48.269999999999996,2130.05,0.7824553151458138,-67.94999999999982,17.090000000000146,376.6399999999999,3.5,3.5,18.5,48.269999999999996,0.0
SONG_CMYK_CVVC,_tteo'tteo'_'ttyeo'ttyeo'_'ttweo'ttweo.wav,eo tt,tteotteottyeottyeottweottweo,eo tt,0,3036,a7d87a7321aa6931,a7d87a7321aa6931:3036,SONG_CMYK_CVVC|a7d87a7321aa6931:3036,1,0,-707.0979999999995,707.0979999999995,109.46299999999974,133.387,336.16399999999976,115.43450000000006,23.45899999999999,korean,cvvc,vc,vc_other,anchor_tight,2.0,0.9018760723540304,0.0,1.0,0.0,33.20500000000002,7680.0,2190.0,-67.94999999999982,20.590000000000146,376.6399999999999,0.0,40.0,0.924145338924919,0.0,-22.60166346932533,-27.698846811554994,0.924145338924919,0.0,other,,vc,mid,other,unknown,unknown,cv,,2122.05,133.31,2263.36,79.27449999999995,66.54,2201.3245,54.035500000000056,2130.05,0.8393619638092962,-67.94999999999982,11.324500000000171,376.6399999999999,9.26550000000006,9.265499999999975,12.73449999999994,54.035500000000056,0.0
SONG_CMYK_CVVC,_tteo'tteo'_'ttyeo'ttyeo'_'ttweo'ttweo.wav,eo T,tteotteottyeottyeottweottweo,eo t,0,3038,a7d87a7321aa6931,a7d87a7321aa6931:3038,SONG_CMYK_CVVC|a7d87a7321aa6931:3038,7,1,-652.9513499999995,652.9513499999995,128.17299999999977,103.447,320.93399999999974,87.459,8.251000000000005,korean,cvvc,vc,vc_stop,kr_cvvc_bridge_wide,6.0,0.8303137689507818,0.0,1.0,0.0,31.334000000000014,7680.0,2190.0,-86.65999999999985,20.590000000000146,373.40999999999985,0.0,40.0,0.928137689507818,0.0,-22.49666087558249,-27.698846811554994,0.928137689507818,0.0,stop,,vc,mid,other,unknown,unknown,vc,,2103.34,163.25,2278.59,107.25,98.25,2210.59,56.0,2115.34,0.916083916083916,-86.65999999999985,20.590000000000146,361.40999999999985,27.760000000000005,0.0,9.0,56.0,0.0
SONG_CMYK_CVVC,_tteo'tteo'_'ttyeo'ttyeo'_'ttweo'ttweo.wav,eo T,tteotteottyeottyeottweottweo,eo t,0,3038,a7d87a7321aa6931,a7d87a7321aa6931:3038,SONG_CMYK_CVVC|a7d87a7321aa6931:3038,6,0,-667.5013499999995,667.5013499999995,128.17299999999977,110.447,330.93399999999974,87.459,6.251000000000005,korean,cvvc,vc,vc_stop,kr_cvvc_bridge_tight,5.0,0.8303137689507818,0.0,1.0,0.0,31.334000000000014,7680.0,2190.0,-86.65999999999985,20.590000000000146,373.40999999999985,0.0,40.0,0.928137689507818,0.0,-22.49666087558249,-27.698846811554994,0.928137689507818,0.0,stop,,vc,mid,other,unknown,unknown,vc,,2103.34,156.25,2268.59,107.25,96.25,2210.59,49.0,2112.34,0.8974358974358975,-86.65999999999985,20.590000000000146,371.40999999999985,8.760000000000005,0.0,11.0,49.0,0.0
SONG_CMYK_CVVC,_tteo'tteo'_'ttyeo'ttyeo'_'ttweo'ttweo.wav,eo T,tteotteottyeottyeottweottweo,eo t,0,3038,a7d87a7321aa6931,a7d87a7321aa6931:3038,SONG_CMYK_CVVC|a7d87a7321aa6931:3038,5,0,-667.6593499999996,667.6593499999996,128.17299999999977,111.447,332.93399999999974,87.459,0.49099999999999966,korean,cvvc,vc,vc_stop,base,0.0,0.8303137689507818,0.0,1.0,0.0,31.334000000000014,7680.0,2190.0,-86.65999999999985,20.590000000000146,373.40999999999985,0.0,40.0,0.928137689507818,0.0,-22.49666087558249,-27.698846811554994,0.928137689507818,0.0,stop,,vc,mid,other,unknown,unknown,vc,,2103.34,155.25,2266.59,107.25,90.49,2210.59,48.0,2111.34,0.8437296037296037,-86.65999999999985,20.590000000000146,373.40999999999985,0.0,0.0,16.760000000000005,48.0,0.0
SONG_CMYK_CVVC,_tteo'tteo'_'ttyeo'ttyeo'_'ttweo'ttweo.wav,eo T,tteotteottyeottyeottweottweo,eo t,0,3038,a7d87a7321aa6931,a7d87a7321aa6931:3038,SONG_CMYK_CVVC|a7d87a7321aa6931:3038,4,0,-670.0188499999995,670.0188499999995,128.17299999999977,111.447,332.93399999999974,89.604,0.49099999999999966,korean,cvvc,vc,vc_stop,next_safe,3.0,0.8303137689507818,0.0,1.0,0.0,31.334000000000014,7680.0,2190.0,-86.65999999999985,20.590000000000146,373.40999999999985,0.0,40.0,0.928137689507818,0.0,-22.49666087558249,-27.698846811554994,0.928137689507818,0.0,stop,,vc,mid,other,unknown,unknown,vc,,2103.34,155.25,2266.59,105.105,90.49,2208.445,50.144999999999996,2111.34,0.8609485752342895,-86.65999999999985,18.445000000000164,373.40999999999985,2.144999999999996,2.144999999999982,14.615000000000009,50.144999999999996,0.0
SONG_CMYK_CVVC,_tteo'tteo'_'ttyeo'ttyeo'_'ttweo'ttweo.wav,eo T,tteotteottyeottyeottweottweo,eo t,0,3038,a7d87a7321aa6931,a7d87a7321aa6931:3038,SONG_CMYK_CVVC|a7d87a7321aa6931:3038,3,0,-670.2513499999995,670.2513499999995,128.17299999999977,111.447,332.93399999999974,87.459,6.251000000000005,korean,cvvc,vc,vc_stop,bridge_tight,4.0,0.8303137689507818,0.0,1.0,0.0,31.334000000000014,7680.0,2190.0,-86.65999999999985,20.590000000000146,373.40999999999985,0.0,40.0,0.928137689507818,0.0,-22.49666087558249,-27.698846811554994,0.928137689507818,0.0,stop,,vc,mid,other,unknown,unknown,vc,,2103.34,155.25,2266.59,107.25,96.25,2210.59,48.0,2111.34,0.8974358974358975,-86.65999999999985,20.590000000000146,373.40999999999985,5.760000000000005,0.0,11.0,48.0,0.0
SONG_CMYK_CVVC,_tteo'tteo'_'ttyeo'ttyeo'_'ttweo'ttweo.wav,eo T,tteotteottyeottyeottweottweo,eo t,0,3038,a7d87a7321aa6931,a7d87a7321aa6931:3038,SONG_CMYK_CVVC|a7d87a7321aa6931:3038,2,0,-671.5093499999995,671.5093499999995,128.17299999999977,111.447,332.93399999999974,90.959,0.49099999999999966,korean,cvvc,vc,vc_stop,anchor_soft,1.0,0.8303137689507818,0.0,1.0,0.0,31.334000000000014,7680.0,2190.0,-86.65999999999985,20.590000000000146,373.40999999999985,0.0,40.0,0.928137689507818,0.0,-22.49666087558249,-27.698846811554994,0.928137689507818,0.0,stop,,vc,mid,other,unknown,unknown,vc,,2103.34,155.25,2266.59,103.75,90.49,2207.09,51.5,2111.34,0.8721927710843373,-86.65999999999985,17.090000000000146,373.40999999999985,3.5,3.5,13.260000000000005,51.5,0.0
SONG_CMYK_CVVC,_tteo'tteo'_'ttyeo'ttyeo'_'ttweo'ttweo.wav,eo T,tteotteottyeottyeottweottweo,eo t,0,3038,a7d87a7321aa6931,a7d87a7321aa6931:3038,SONG_CMYK_CVVC|a7d87a7321aa6931:3038,1,0,-678.5369749999995,678.5369749999995,128.17299999999977,111.447,332.93399999999974,96.72450000000006,2.014500000000055,korean,cvvc,vc,vc_stop,anchor_tight,2.0,0.8303137689507818,0.0,1.0,0.0,31.334000000000014,7680.0,2190.0,-86.65999999999985,20.590000000000146,373.40999999999985,0.0,40.0,0.928137689507818,0.0,-22.49666087558249,-27.698846811554994,0.928137689507818,0.0,stop,,vc,mid,other,unknown,unknown,vc,,2103.34,155.25,2266.59,97.98449999999994,87.98449999999994,2201.3245,57.26550000000006,2111.34,0.8979430420117467,-86.65999999999985,11.324500000000171,373.40999999999985,11.771000000000114,9.265499999999975,10.0,57.26550000000006,0.0
SONG_CMYK_CVVC,_ttu'ttu'_'ttyu'ttyu'_'um'ttu.wav,u tt,ttuttuttyuttyuumttu,u tt,0,3133,a7d87a7321aa6931,a7d87a7321aa6931:3133,SONG_CMYK_CVVC|a7d87a7321aa6931:3133,7,1,-727.9972499999993,727.9972499999993,125.86899999999969,127.78600000000003,358.96699999999964,108.013,4.911000000000001,korean,cvvc,vc,vc_other,kr_cvvc_bridge_wide,6.0,0.8247169972799033,0.0,1.0,0.0,40.64000000000001,7680.0,2350.0,-93.59999999999991,10.309999999999945,384.80999999999995,0.0,30.0,0.7437084343374893,0.0,-24.68785682692899,-45.053621265623754,0.7437084343374893,0.0,other,,vc,mid,other,unknown,unknown,cv,,2256.4,158.79,2427.19,103.91,94.91,2360.31,54.879999999999995,2268.4,0.9133865845443172,-93.59999999999991,10.309999999999945,372.80999999999995,33.0,0.0,9.0,54.879999999999995,0.0
SONG_CMYK_CVVC,_ttu'ttu'_'ttyu'ttyu'_'um'ttu.wav,u tt,ttuttuttyuttyuumttu,u tt,0,3133,a7d87a7321aa6931,a7d87a7321aa6931:3133,SONG_CMYK_CVVC|a7d87a7321aa6931:3133,6,0,-742.5472499999993,742.5472499999993,125.86899999999969,134.78600000000003,368.96699999999964,108.013,2.9110000000000014,korean,cvvc,vc,vc_other,kr_cvvc_bridge_tight,5.0,0.8247169972799033,0.0,1.0,0.0,40.64000000000001,7680.0,2350.0,-93.59999999999991,10.309999999999945,384.80999999999995,0.0,30.0,0.7437084343374893,0.0,-24.68785682692899,-45.053621265623754,0.7437084343374893,0.0,other,,vc,mid,other,unknown,unknown,cv,,2256.4,151.79,2417.19,103.91,92.91,2360.31,47.879999999999995,2265.4,0.8941391588874988,-93.59999999999991,10.309999999999945,382.80999999999995,14.0,0.0,11.0,47.879999999999995,0.0
SONG_CMYK_CVVC,_ttu'ttu'_'ttyu'ttyu'_'um'ttu.wav,u tt,ttuttuttyuttyuumttu,u tt,0,3133,a7d87a7321aa6931,a7d87a7321aa6931:3133,SONG_CMYK_CVVC|a7d87a7321aa6931:3133,5,0,-745.2972499999993,745.2972499999993,125.86899999999969,135.78600000000003,370.96699999999964,108.013,2.9110000000000014,korean,cvvc,vc,vc_other,bridge_tight,4.0,0.8247169972799033,0.0,1.0,0.0,40.64000000000001,7680.0,2350.0,-93.59999999999991,10.309999999999945,384.80999999999995,0.0,30.0,0.7437084343374893,0.0,-24.68785682692899,-45.053621265623754,0.7437084343374893,0.0,other,,vc,mid,other,unknown,unknown,cv,,2256.4,150.79,2415.19,103.91,92.91,2360.31,46.879999999999995,2264.4,0.8941391588874988,-93.59999999999991,10.309999999999945,384.80999999999995,11.0,0.0,11.0,46.879999999999995,0.0
SONG_CMYK_CVVC,_ttu'ttu'_'ttyu'ttyu'_'um'ttu.wav,u tt,ttuttuttyuttyuumttu,u tt,0,3133,a7d87a7321aa6931,a7d87a7321aa6931:3133,SONG_CMYK_CVVC|a7d87a7321aa6931:3133,4,0,-747.6273499999993,747.6273499999993,125.86899999999969,135.78600000000003,370.96699999999964,108.013,8.088999999999999,korean,cvvc,vc,vc_other,base,0.0,0.8247169972799033,0.0,1.0,0.0,40.64000000000001,7680.0,2350.0,-93.59999999999991,10.309999999999945,384.80999999999995,0.0,30.0,0.7437084343374893,0.0,-24.68785682692899,-45.053621265623754,0.7437084343374893,0.0,other,,vc,mid,other,unknown,unknown,cv,,2256.4,150.79,2415.19,103.91,81.91,2360.31,46.879999999999995,2264.4,0.7882783177749976,-93.59999999999991,10.309999999999945,384.80999999999995,0.0,0.0,22.0,46.879999999999995,0.0
SONG_CMYK_CVVC,_ttu'ttu'_'ttyu'ttyu'_'um'ttu.wav,u tt,ttuttuttyuttyuumttu,u tt,0,3133,a7d87a7321aa6931,a7d87a7321aa6931:3133,SONG_CMYK_CVVC|a7d87a7321aa6931:3133,3,0,-749.9133699999993,749.9133699999993,125.86899999999969,135.78600000000003,370.96699999999964,110.0912,8.088999999999999,korean,cvvc,vc,vc_other,next_safe,3.0,0.8247169972799033,0.0,1.0,0.0,40.64000000000001,7680.0,2350.0,-93.59999999999991,10.309999999999945,384.80999999999995,0.0,30.0,0.7437084343374893,0.0,-24.68785682692899,-45.053621265623754,0.7437084343374893,0.0,other,,vc,mid,other,unknown,unknown,cv,,2256.4,150.79,2415.19,101.8318,81.91,2358.2318,48.95819999999999,2264.4,0.8043656303826505,-93.59999999999991,8.231800000000021,384.80999999999995,2.0781999999999954,2.0781999999999243,19.921800000000005,48.95819999999999,0.0
SONG_CMYK_CVVC,_ttu'ttu'_'ttyu'ttyu'_'um'ttu.wav,u tt,ttuttuttyuttyuumttu,u tt,0,3133,a7d87a7321aa6931,a7d87a7321aa6931:3133,SONG_CMYK_CVVC|a7d87a7321aa6931:3133,2,0,-750.4625999999993,750.4625999999993,125.86899999999969,135.78600000000003,370.96699999999964,110.59049999999999,8.088999999999999,korean,cvvc,vc,vc_other,anchor_soft,1.0,0.8247169972799033,0.0,1.0,0.0,40.64000000000001,7680.0,2350.0,-93.59999999999991,10.309999999999945,384.80999999999995,0.0,30.0,0.7437084343374893,0.0,-24.68785682692899,-45.053621265623754,0.7437084343374893,0.0,other,,vc,mid,other,unknown,unknown,cv,,2256.4,150.79,2415.19,101.33250000000001,81.91,2357.7325,49.45749999999998,2264.4,0.8083290158636172,-93.59999999999991,7.732500000000073,384.80999999999995,2.5774999999999864,2.5774999999998727,19.422500000000014,49.45749999999998,0.0
SONG_CMYK_CVVC,_ttu'ttu'_'ttyu'ttyu'_'um'ttu.wav,u tt,ttuttuttyuttyuumttu,u tt,0,3133,a7d87a7321aa6931,a7d87a7321aa6931:3133,SONG_CMYK_CVVC|a7d87a7321aa6931:3133,1,0,-752.7307999999992,752.7307999999992,125.86899999999969,135.78600000000003,370.96699999999964,112.65249999999997,8.088999999999999,korean,cvvc,vc,vc_other,anchor_tight,2.0,0.8247169972799033,0.0,1.0,0.0,40.64000000000001,7680.0,2350.0,-93.59999999999991,10.309999999999945,384.80999999999995,0.0,30.0,0.7437084343374893,0.0,-24.68785682692899,-45.053621265623754,0.7437084343374893,0.0,other,,vc,mid,other,unknown,unknown,cv,,2256.4,150.79,2415.19,99.27050000000003,81.91,2355.6705,51.519499999999965,2264.4,0.8251192448914831,-93.59999999999991,5.670500000000175,384.80999999999995,4.63949999999997,4.639499999999771,17.36050000000003,51.519499999999965,0.0
SONG_CMYK_CVVC,_u'e'u'o'u'eo'u'R.wav,u R,ueuoueour,u r,1,3196,a7d87a7321aa6931,a7d87a7321aa6931:3196,SONG_CMYK_CVVC|a7d87a7321aa6931:3196,7,1,-1431.51445,1431.51445,262.96399999999994,433.379,731.6610000000001,0.3739999999999952,86.55100000000002,korean,cvvc,vc,vc_sonorant,next_safe,3.0,0.8598784114427999,0.0,1.0,0.0,-0.025,7680.0,5210.0,0.25,222.0,-174.72000000000025,0.0,0.0,0.6083994990433828,0.0,-18.134852458137477,-19.325526142138948,0.6083994990433828,0.0,liquid,,vc,tail,other,unknown,unknown,vv,,5210.25,287.47,5547.72,217.315,176.55,5427.565,70.15500000000003,5260.25,0.8124151577203599,0.25,217.5649999999996,-107.72000000000025,71.435,4.4350000000004,40.764999999999986,70.15500000000003,107.72000000000025
SONG_CMYK_CVVC,_u'e'u'o'u'eo'u'R.wav,u R,ueuoueour,u r,1,3196,a7d87a7321aa6931,a7d87a7321aa6931:3196,SONG_CMYK_CVVC|a7d87a7321aa6931:3196,6,0,-1432.54295,1432.54295,262.96399999999994,433.379,731.6610000000001,1.3089999999999975,86.55100000000002,korean,cvvc,vc,vc_sonorant,anchor_soft,1.0,0.8598784114427999,0.0,1.0,0.0,-0.025,7680.0,5210.0,0.25,222.0,-174.72000000000025,0.0,0.0,0.6083994990433828,0.0,-18.134852458137477,-19.325526142138948,0.6083994990433828,0.0,liquid,,vc,tail,other,unknown,unknown,vv,,5210.25,287.47,5547.72,218.25,176.55,5428.5,69.22000000000003,5260.25,0.8089347079037801,0.25,218.5,-107.72000000000025,70.5,3.5,41.69999999999999,69.22000000000003,107.72000000000025
SONG_CMYK_CVVC,_u'e'u'o'u'eo'u'R.wav,u R,ueuoueour,u r,1,3196,a7d87a7321aa6931,a7d87a7321aa6931:3196,SONG_CMYK_CVVC|a7d87a7321aa6931:3196,5,0,-1436.39295,1436.39295,262.96399999999994,433.379,731.6610000000001,4.8089999999999975,86.55100000000002,korean,cvvc,vc,vc_sonorant,base,0.0,0.8598784114427999,0.0,1.0,0.0,-0.025,7680.0,5210.0,0.25,222.0,-174.72000000000025,0.0,0.0,0.6083994990433828,0.0,-18.134852458137477,-19.325526142138948,0.6083994990433828,0.0,liquid,,vc,tail,other,unknown,unknown,vv,,5210.25,287.47,5547.72,221.75,176.55,5432.0,65.72000000000003,5260.25,0.7961668545659527,0.25,222.0,-107.72000000000025,67.0,0.0,45.19999999999999,65.72000000000003,107.72000000000025
SONG_CMYK_CVVC,_u'e'u'o'u'eo'u'R.wav,u R,ueuoueour,u r,1,3196,a7d87a7321aa6931,a7d87a7321aa6931:3196,SONG_CMYK_CVVC|a7d87a7321aa6931:3196,4,0,-1436.70315,1436.70315,262.96399999999994,433.379,731.6610000000001,5.091000000000008,86.55100000000002,korean,cvvc,vc,vc_sonorant,anchor_tight,2.0,0.8598784114427999,0.0,1.0,0.0,-0.025,7680.0,5210.0,0.25,222.0,-174.72000000000025,0.0,0.0,0.6083994990433828,0.0,-18.134852458137477,-19.325526142138948,0.6083994990433828,0.0,liquid,,vc,tail,other,unknown,unknown,vv,,5210.25,287.47,5547.72,211.85,176.55,5422.1,75.62000000000003,5260.25,0.8333726693415153,0.25,212.10000000000036,-107.72000000000025,76.9,9.899999999999636,35.29999999999998,75.62000000000003,107.72000000000025
SONG_CMYK_CVVC,_u'e'u'o'u'eo'u'R.wav,u R,ueuoueour,u r,1,3196,a7d87a7321aa6931,a7d87a7321aa6931:3196,SONG_CMYK_CVVC|a7d87a7321aa6931:3196,3,0,-1438.2829499999998,1438.2829499999998,262.96399999999994,425.379,723.6610000000001,4.8089999999999975,122.751,korean,cvvc,vc,vc_sonorant,kr_cvvc_bridge_wide,6.0,0.8598784114427999,0.0,1.0,0.0,-0.025,7680.0,5210.0,0.25,222.0,-174.72000000000025,0.0,0.0,0.6083994990433828,0.0,-18.134852458137477,-19.325526142138948,0.6083994990433828,0.0,liquid,,vc,tail,other,unknown,unknown,vv,,5210.25,295.47,5555.72,221.75,212.75,5432.0,73.72000000000003,5260.25,0.9594137542277339,0.25,222.0,-115.72000000000025,103.19999999999999,0.0,9.0,73.72000000000003,115.72000000000025
SONG_CMYK_CVVC,_u'e'u'o'u'eo'u'R.wav,u R,ueuoueour,u r,1,3196,a7d87a7321aa6931,a7d87a7321aa6931:3196,SONG_CMYK_CVVC|a7d87a7321aa6931:3196,2,0,-1449.98295,1449.98295,262.96399999999994,432.379,730.6610000000001,4.8089999999999975,120.751,korean,cvvc,vc,vc_sonorant,kr_cvvc_bridge_tight,5.0,0.8598784114427999,0.0,1.0,0.0,-0.025,7680.0,5210.0,0.25,222.0,-174.72000000000025,0.0,0.0,0.6083994990433828,0.0,-18.134852458137477,-19.325526142138948,0.6083994990433828,0.0,liquid,,vc,tail,other,unknown,unknown,vv,,5210.25,288.47,5548.72,221.75,210.75,5432.0,66.72000000000003,5260.25,0.9503945885005637,0.25,222.0,-108.72000000000025,101.19999999999999,0.0,11.0,66.72000000000003,108.72000000000025
SONG_CMYK_CVVC,_u'e'u'o'u'eo'u'R.wav,u R,ueuoueour,u r,1,3196,a7d87a7321aa6931,a7d87a7321aa6931:3196,SONG_CMYK_CVVC|a7d87a7321aa6931:3196,1,0,-1451.78295,1451.78295,262.96399999999994,433.379,731.6610000000001,4.8089999999999975,120.751,korean,cvvc,vc,vc_sonorant,bridge_tight,4.0,0.8598784114427999,0.0,1.0,0.0,-0.025,7680.0,5210.0,0.25,222.0,-174.72000000000025,0.0,0.0,0.6083994990433828,0.0,-18.134852458137477,-19.325526142138948,0.6083994990433828,0.0,liquid,,vc,tail,other,unknown,unknown,vv,,5210.25,287.47,5547.72,221.75,210.75,5432.0,65.72000000000003,5260.25,0.9503945885005637,0.25,222.0,-107.72000000000025,101.19999999999999,0.0,11.0,65.72000000000003,107.72000000000025
