tree
version=v4
num_class=1
num_tree_per_iteration=1
label_index=0
max_feature_idx=74
objective=regression_l1
feature_names=language format_type alias_type alias_group row_index_in_wav row_ratio_in_wav is_head_row is_tail_row wav_duration_ms base_offset base_cons base_cutoff_abs base_pre base_ovl base_cons_gap base_cut_gap base_ovl_ratio curr_phone_start_ms curr_phone_end_ms curr_phone_len_ms curr_vowel_start_ms curr_vowel_end_ms curr_vowel_len_ms syllable_start_ms syllable_end_ms syllable_len_ms prev_phone_gap_ms next_phone_gap_ms expected_anchor_ms base_offset_to_expected_ms base_pre_to_expected_ms base_cutoff_to_next_anchor_ms energy_mean energy_min energy_max energy_slope_pre energy_slope_post valley_energy valley_dist_from_cutoff_ms db_mean db_min db_silence_ratio f0_voicing_mean f0_voicing_near_pre zcr_mean spectral_flux_mean onset_class voicing_class is_tense is_diphthong coda_type vowel_class mora_position bridge_type is_nasal_or_sonorant prev_alias_type next_alias_type prev_base_pre next_base_pre prev_base_offset next_base_offset prev_base_cutoff_abs next_base_cutoff_abs mapping_confidence used_alias_occurrence_mapping used_exact_vowel_fix used_nuclei_fallback used_alias_based_syllables words_vs_alias_score_margin jump_blocked_flag mapping_reason_code local_peak_db local_valley_db mel_window_energy_mean mel_window_silence_ratio
feature_infos=none none -1:0:1:2:3 -1:1:0:3:2:4:6 [0:7] [0:1] [0:1] [0:1] [700.6802721088435:5749.8412698412694] [0:3535.5999999999999] [100.16:293.76999999999998] [225.94999999999999:3839.54] [0:167.40000000000001] [0:141.74000000000001] [29.010000000000005:161.56] [8:683.36000000000001] [0:0.85035714285714281] [10:3630] [40:4180] [10:2070] [0:3630] [0:4180] [0:2070] [0:3570] [40:4180] [40:2210] none [0:560] [10:3630] [-187.78:5.6599999999999966] [-24.970000000000027:93.599999999999923] [-541.99000000000001:2038.79] [0.0164389487117606:1] [0:1] [0.1052411831442804:1] [-0.1082870304136998:0.99746521059252979] [-0.26561884225717758:0.91554178097058081] [0:1] [0.13476190476194461:686.86893424036271] [-57.858591754737994:-9.6683194513510955] [-94.624466016092001:-13.058172385845188] [0:0.64864864864864868] [0.1454008151692944:1] [0.0047033252354277003:1] [0.0056705415367167:0.17947263963708529] [0:0.066769476333917596] -1:1:3:2:0 -1:1:2:0 [0:1] [0:1] -1:1:2 -1:15:18:19:6:11:13:1:3:17:9:16:4:7:20:14:8:12:2:5:0:10 -1:0:1:2 -1:0:1 [0:1] -1:0:1:2:4 none [0:184.91999999999999] [0:185.41999999999999] [0:3428.02] [0:4101.6999999999998] [0:3735.0700000000002] [0:4368.3199999999997] [0.55882726817388217:1] none [0:1] none none [-0.56599999999999973:1610.3230000000001] none none [-57.858591754737994:-9.6683194513510955] [-94.624466016092001:-13.058172385845188] [0.0164389487117606:1] [0:0.64864864864864868]
tree_sizes=1619 1562 1499 1660 1567 1564 1657 1728 1737 1753 1491 1663 1745 1589 1752 1617 1746 1654 1666 1751 1755 1740 1674 1754 1654 1834 1681 1683 1760 1578 1757 1739 1683 1739 1671 1741 1663 1761 1600 1685 1653 1670 1655 1859 1747 1843 1823 1666 1842 1663 1751 1784 1765 1669 1764 1696 1849 1694 1852 1754 1740 1686 1575 1760 1686 1740 1676 1864 1675 1777 1603 1674 1769 1839 1692 1610 1953 1784 1684 1756 1775 1693 1616 1780 1771 1772 1663 1856 1673 1768 1751 1765 1618 1673 1588 1775 1705 1704 1621 1751 1843 1698 1796 1711 1693 1618 1591 1778 1697 1678 1771 1695 1707 1667

Tree=0
num_leaves=18
num_cat=2
split_feature=23 43 51 13 11 14 17 4 23 68 15 8 25 47 40 38 10
split_gain=281.486 59.6314 64.2228 10.2419 7.36242 14.9631 6.06485 12.5994 5.17979 4.29468 4.62834 4.24034 2.28215 1.90588 1.42932 1.02424 0.0666667
threshold=915.00000000000011 0.97089263670841552 0 48.460000000000008 388.98000000000008 98.670000000000016 2015.0000000000002 1.0000000180025095e-35 315.00000000000006 171.11950000000004 68.580000000000013 1038.0385487528347 675.00000000000011 1 -21.859277753557603 193.19326530612258 206.97000000000003
decision_type=2 2 1 2 2 2 2 2 2 2 2 2 2 1 2 2 2
left_child=1 2 11 -2 -4 12 7 13 14 10 -7 -1 -6 -5 15 -3 -8
right_child=3 8 4 6 5 9 16 -9 -10 -11 -12 -13 -14 -15 -16 -17 -18
leaf_value=-44.867250871658328 -45.32250089645386 -47.30717582702637 -47.608750915527345 -42.465750885009768 -45.507500934600827 -48.025000762939456 -41.256250858306885 -45.327750873565677 -48.440250778198241 -46.345750904083253 -46.942250823974611 -44.530000877380374 -46.42025089263916 -43.753750872612002 -49.208350753784181 -48.621750831604004 -40.343000888824463
leaf_weight=42 46 40 59 49 50 46 40 40 41 46 75 60 49 70 85 48 80
leaf_count=42 46 40 59 49 50 46 40 40 41 46 75 60 49 70 85 48 80
internal_value=-45.6658 -45.685 -45.6743 -45.6279 -45.6849 -45.6819 -45.6243 -45.6307 -45.7066 -45.691 -45.696 -45.6409 -45.6665 -45.6226 -45.7104 -45.7059 -45.6158
internal_weight=966 641 427 325 325 266 279 159 214 167 121 102 99 119 173 88 120
internal_count=966 641 427 325 325 266 279 159 214 167 121 102 99 119 173 88 120
cat_boundaries=0 1 2
cat_threshold=1900576 2
is_linear=0
shrinkage=1


Tree=1
num_leaves=17
num_cat=1
split_feature=23 9 3 22 14 37 14 9 37 9 37 45 18 63 44 14
split_gain=267.059 62.4891 33.7023 16.0384 13.2042 10.4143 8.75244 21.0169 7.538 7.26694 4.58577 2.88161 1.89904 1.27126 1.07977 0.281739
threshold=915.00000000000011 144.65000000000001 0 395.00000000000006 98.670000000000016 0.55917114519669286 102.06500000000001 1512.1250000000002 0.33221003423905388 258.70500000000004 0.72931608656752556 0.0157739577911357 995.00000000000011 0.75663032916372241 0.033881485681882602 82.110000000000014
decision_type=2 2 9 2 2 2 2 2 2 2 2 2 2 2 2 2
left_child=1 8 3 -3 -4 -5 10 -8 -1 -7 15 -6 -11 -10 -15 -2
right_child=6 2 4 5 11 9 7 -9 13 12 -12 -13 -14 14 -16 -17
leaf_value=-1.2169123840332032 4.0466500520706177 -1.0199498653411865 -0.42448744773864749 1.5395000553131106 -1.8915998816490174 -0.60021237850189202 0.0034375703334809772 2.5403125524520878 -2.8228618431091306 0.89111253976821914 1.9064375436306003 -1.975249900817871 0.24800005912780776 -2.1944125652313233 -2.7296119499206544 3.5696875131130223
leaf_weight=41 69 44 69 41 52 41 46 73 48 40 52 77 55 41 92 81
leaf_count=41 69 44 69 41 52 41 46 73 48 40 52 77 55 41 92 81
internal_value=0 -0.0186427 -0.00727924 0.00627706 -0.0216346 0.0132768 0.0372274 0.0264706 -0.0400901 0.00661765 0.0435644 -0.0321705 0.0142105 -0.0444751 -0.0469925 0.048
internal_weight=962 641 419 221 198 177 321 119 222 136 202 129 95 181 133 150
internal_count=962 641 419 221 198 177 321 119 222 136 202 129 95 181 133 150
cat_boundaries=0 1
cat_threshold=2
is_linear=0
shrinkage=0.05


Tree=2
num_leaves=16
num_cat=1
split_feature=23 42 51 12 20 14 17 68 18 9 17 68 43 59 42
split_gain=256.631 79.9949 55.9353 13.4326 11.9147 13.2534 6.67285 9.9297 6.37212 3.37792 3.32057 2.73838 2.73019 0.861702 0.729565
threshold=915.00000000000011 0.96712712449777549 0 75.795000000000016 315.00000000000006 94.65000000000002 2015.0000000000002 88.542000000000016 889.09500000000014 1320.5500000000004 435.00000000000006 53.198000000000008 0.79129516400095701 1971.8950000000002 0.99877465850843394
decision_type=2 2 1 2 2 2 2 2 2 2 2 2 2 2 2
left_child=1 2 8 -2 12 -6 7 9 -1 -5 -7 -3 -4 -8 -13
right_child=3 11 4 6 5 10 13 -9 -10 -11 -12 14 -14 -15 -16
leaf_value=0.20843534219265011 0.36603131464123745 -1.2216351246833801 -1.7019875125885009 2.6148031495213511 0.22725629758834814 -0.81171488523483259 4.8809800326824195 0.9621103613674642 1.0862044486999511 1.0386344305872919 -1.4038786512017252 -2.5931313524246216 -1.3646249179840089 3.5013175189495089 -3.3707693967819212
leaf_weight=44 40 41 67 70 60 65 81 40 67 40 74 78 47 47 103
leaf_count=44 40 41 67 70 60 65 81 40 67 40 74 78 47 47 103
internal_value=-0.00217842 -0.0202786 -0.00754717 0.0345912 -0.0181115 -0.0113065 0.0384892 0.0313333 0.0219008 0.0390909 -0.0197842 -0.0445946 -0.0315789 0.046875 -0.0472376
internal_weight=964 646 424 318 313 199 278 150 111 110 139 222 114 128 181
internal_count=964 646 424 318 313 199 278 150 111 110 139 222 114 128 181
cat_boundaries=0 1
cat_threshold=1900576
is_linear=0
shrinkage=0.05


Tree=3
num_leaves=18
num_cat=1
split_feature=23 9 51 42 12 14 37 14 12 60 60 14 17 63 32 24 39
split_gain=234.264 61.8134 29.6767 26.7367 13.3212 13.0855 10.2173 6.94511 5.61757 5.07086 8.57853 6.39797 4.97222 4.65116 1.71417 1.83707 0.989783
threshold=955.00000000000011 144.65000000000001 0 0.97853421679239416 76.910000000000011 98.670000000000016 0.29699365020077423 102.33000000000001 83.27500000000002 2309.3600000000001 1901.2700000000002 102.06500000000001 425.00000000000006 0.77068007077020173 0.94602993679868408 790.36500000000012 -20.087778793644926
decision_type=2 2 1 2 2 2 2 2 2 2 2 2 2 2 2 2 2
left_child=1 6 5 7 -2 13 -1 -4 -9 10 11 16 -7 -3 -8 -16 -6
right_child=4 2 3 -5 9 12 14 8 -10 -11 -12 -13 -14 -15 15 -17 -18
leaf_value=-1.1426155745834112 0.34772974890917541 0.069374125027656677 1.0085735443234447 -1.6504266814708708 3.0283942565411333 -1.0541292095065118 -2.373647777235508 0.54528977270126366 -0.22637935110032537 4.7388509877622127 1.046547373482585 1.3854082205891611 -2.0591865572452543 -0.60681489002704625 -2.7029008545398714 -2.3127615131855008 2.7900629863232376
leaf_weight=40 40 43 70 43 62 56 96 41 58 70 42 40 75 43 41 40 54
leaf_count=40 40 43 70 43 62 56 96 41 58 70 42 40 75 43 41 40 54
internal_value=-0.00146751 -0.0185759 -0.00757576 0.00585586 0.0344156 -0.0200441 -0.0403226 0.0150888 0.00656566 0.0384328 0.0343434 0.0397436 -0.030916 -0.00581395 -0.0454802 -0.0401235 0.0456897
internal_weight=954 646 429 212 308 217 217 169 99 268 198 156 131 86 177 81 116
internal_count=954 646 429 212 308 217 217 169 99 268 198 156 131 86 177 81 116
cat_boundaries=0 1
cat_threshold=23514
is_linear=0
shrinkage=0.05


Tree=4
num_leaves=17
num_cat=1
split_feature=23 42 51 4 61 20 14 68 15 11 14 15 32 42 14 14
split_gain=213.468 65.6382 48.6379 17.4632 33.1613 13.3438 11.3463 7.79445 5.47954 4.77368 3.48088 3.15339 3.02662 2.72254 1.1 0.273016
threshold=915.00000000000011 0.96712712449777549 0 1.5000000000000002 1199.0900000000004 315.00000000000006 98.670000000000016 52.750500000000009 57.630000000000017 630.91000000000008 106.855 69.579999999999984 0.92395136226962182 0.99316797800996859 106.96000000000002 96.335000000000022
decision_type=2 2 1 2 2 2 2 2 2 2 2 2 2 2 2 2
left_child=1 2 9 4 11 12 -7 -3 -8 -1 -10 -2 -4 -9 -5 -15
right_child=3 7 5 14 -6 6 8 13 10 -11 -12 -13 -14 15 -16 -17
leaf_value=0.74256798261106027 1.3549618960554899 -1.0616385981935261 -1.2708548103936019 5.1082500542894005 -0.081971049489080988 0.18875595518201571 -1.9770166157954934 -1.7779627526921034 -0.78633432846009732 1.0095670445861671 -0.048968527581393501 2.4326432792182269 -1.3202842059296369 -2.6059433919215205 2.4003793905228381 -3.1106745433780549
leaf_weight=67 40 40 67 88 67 76 41 53 41 40 40 77 48 40 40 86
leaf_count=67 40 40 67 88 67 76 41 53 41 40 40 77 48 40 40 86
internal_value=-0.00120925 -0.0177621 -0.00619048 0.0326923 0.0228261 -0.0159443 -0.00858586 -0.0399543 -0.0180328 0.0217949 -0.0104938 0.0388889 -0.03 -0.0444134 0.046875 -0.0484127
internal_weight=951 639 420 312 184 313 198 219 122 107 81 117 115 179 128 126
internal_count=951 639 420 312 184 313 198 219 122 107 81 117 115 179 128 126
cat_boundaries=0 1
cat_threshold=1908736
is_linear=0
shrinkage=0.05


Tree=5
num_leaves=17
num_cat=1
split_feature=23 42 51 13 20 10 19 68 28 11 11 39 42 68 59 8
split_gain=193.586 70.7276 47.4486 19.1691 12.7976 11.3813 10.4881 9.27622 6.62782 10.4 4.85401 3.12446 2.82429 2.6 1.74869 0.270968
threshold=915.00000000000011 0.96712712449777549 0 51.590000000000011 315.00000000000006 236.59000000000003 535.00000000000011 52.998500000000007 1915.0000000000002 1710.865 630.91000000000008 -17.712436695818962 0.99528727844088916 77.532000000000025 1958.0550000000001 1178.6621315192747
decision_type=2 2 1 2 2 2 2 2 2 2 2 2 2 2 2 2
left_child=1 2 10 -2 11 6 -6 -3 9 13 -1 -4 -9 -5 -10 -14
right_child=3 7 4 8 5 -7 -8 12 14 -11 -12 -13 15 -15 -16 -17
leaf_value=0.7783762610638143 0.29563303309092676 -0.73115145304492124 -1.249703953686744 2.3840111171646643 -0.66210595644536563 -1.1393162158229202 0.23446922534592432 -1.7010648897157012 4.1989187130739536 0.37244640253682831 1.0596304681356141 -1.2512298884827793 -2.8101331815694124 1.2502653098761776 3.4268966214170309 -3.0131012900973708
leaf_weight=71 51 40 79 64 69 58 76 61 72 40 41 42 84 40 49 40
leaf_count=71 51 40 79 64 69 58 76 61 72 40 41 42 84 40 49 40
internal_value=-0.00117707 -0.0165658 -0.00481651 0.0310127 -0.0143713 -0.00714286 0.000344828 -0.0393333 0.0364151 0.0291667 0.0221311 -0.027686 -0.0440541 0.0375 0.0450413 -0.0483871
internal_weight=977 661 436 316 324 203 145 225 265 144 112 121 185 104 121 124
internal_count=977 661 436 316 324 203 145 225 265 144 112 121 185 104 121 124
cat_boundaries=0 1
cat_threshold=1908736
is_linear=0
shrinkage=0.05


Tree=6
num_leaves=18
num_cat=1
split_feature=18 9 51 14 4 57 39 33 44 14 9 38 8 40 44 44 18
split_gain=170.998 51.9348 27.2579 19.3054 16.344 33.3062 15.3607 15.1672 7.87692 6.70266 3.85933 3.42526 3.37341 2.80277 2.02126 1.88956 0.786325
threshold=1415.0000000000002 144.65000000000001 0 99.390000000000015 1.5000000000000002 86.285000000000011 -18.356467164890343 0.32800314583602591 0.021122767224269853 111.35500000000002 290.09500000000008 177.04714285714289 1089.5351473922906 -19.232046335152127 0.031046214913524203 0.04380493337113691 800.97500000000014
decision_type=2 2 1 2 2 2 2 2 2 2 2 2 2 2 2 2 2
left_child=1 7 6 10 5 14 -3 -1 13 -6 -4 -9 -5 -8 -2 -16 -13
right_child=4 2 3 12 9 -7 8 11 -10 -11 -12 16 -14 -15 15 -17 -18
leaf_value=-0.98254360183786038 2.1760025930244766 -0.66848675883517716 -0.35929145055295386 -1.0442463623132248 4.2255078906483687 -0.091261750416313348 1.2832389273611007 -1.600511385830502 -0.031737716931090357 1.3444343290956806 0.12715972951842466 -2.4625006287738316 -2.4728718392502778 0.68818502004358217 1.4959550346042454 1.6128648864602271 -2.3393903101567051
leaf_weight=40 40 79 41 58 90 79 47 61 40 41 43 69 64 43 42 44 48
leaf_count=40 40 79 41 58 90 79 47 61 40 41 43 69 64 43 42 44 48
internal_value=-0.000257998 -0.0155608 -0.00518072 -0.0175926 0.0285714 0.0197561 0.00753425 -0.0353211 0.0184615 0.0423664 0 -0.041573 -0.0311475 0.0266667 0.0357143 0.0313953 -0.0465812
internal_weight=969 633 415 206 336 205 209 218 130 131 84 178 122 90 126 86 117
internal_count=969 633 415 206 336 205 209 218 130 131 84 178 122 90 126 86 117
cat_boundaries=0 1
cat_threshold=2039846
is_linear=0
shrinkage=0.05


Tree=7
num_leaves=19
num_cat=1
split_feature=23 23 3 18 57 43 9 14 42 25 63 19 14 35 39 39 14 14
split_gain=189.51 62.0216 37.8239 15.5484 27.6067 14.4349 12.7393 12.2905 11.1009 5.29833 5.13107 4.54094 3.2 2.71297 1.88 1.7561 0.553846 0.253211
threshold=915.00000000000011 175.00000000000003 0 1975.0000000000002 95.825000000000003 0.91067128922081331 346.39000000000004 98.670000000000016 0.96712712449777549 675.00000000000011 0.77540795365261961 495.00000000000006 96.91500000000002 0.32798521746653364 -19.777675719950576 -17.127332436164171 106.20500000000001 103.50500000000001
decision_type=2 2 9 2 2 2 2 2 2 2 2 2 2 2 2 2 2 2
left_child=1 8 7 4 -2 11 -7 -3 10 16 -1 -4 -11 -9 -10 -13 -5 -16
right_child=3 2 5 9 -6 6 -8 13 14 12 -12 15 -14 -15 17 -17 -18 -19
leaf_value=-0.66034730324873436 2.0830104297478584 -0.41180439123209855 0.12895936779365122 3.9350472028204928 -0.17248531111370227 -0.96258357097544889 0.63738420554415498 -2.4178952138863679 -1.6172714733375793 1.6181483136161336 -1.2048105700761054 0.653775769041403 0.99043828972666015 -1.4532482157514401 -2.5962192170451583 1.2309963643996853 2.519638850118171 -2.7253105027196716
leaf_weight=50 77 59 40 64 50 50 43 59 42 40 61 41 40 50 69 41 40 40
leaf_count=50 77 59 40 64 50 50 43 59 42 40 61 41 40 50 69 41 40 40
internal_value=-0.00167364 -0.0171318 -0.00430809 0.0303859 0.0169291 0.00955556 -0.00483871 -0.0213483 -0.0358779 0.0396739 -0.0238739 0.0213115 0.03 -0.0325688 -0.044702 0.0280488 0.0471154 -0.0481651
internal_weight=956 645 383 311 127 215 93 168 262 184 111 122 80 109 151 82 104 109
internal_count=956 645 383 311 127 215 93 168 262 184 111 122 80 109 151 82 104 109
cat_boundaries=0 1
cat_threshold=13
is_linear=0
shrinkage=0.05


Tree=8
num_leaves=19
num_cat=1
split_feature=18 42 51 10 12 23 14 10 4 58 39 32 72 39 16 19 45 11
split_gain=178.369 66.0636 30.9523 17.3302 14.4847 10.7274 12.7768 9.42857 7.55191 8.75291 5.45201 4.98739 8.03178 6.9177 2.71124 2.4634 0.609677 0.550776
threshold=1415.0000000000002 0.96712712449777549 0 236.92500000000004 78.63000000000001 325.00000000000006 99.390000000000015 189.85500000000005 1.5000000000000002 82.475000000000009 -17.83989154341953 0.89630716818087175 -22.802523585005257 -18.441008014007515 0.79242024395861255 135.00000000000003 0.021392955334913102 2693.8750000000005
decision_type=2 2 1 2 2 2 2 2 2 2 2 2 2 2 2 2 2 2
left_child=1 2 10 4 -2 11 -7 -3 9 14 -1 -4 13 -13 -6 -9 -17 -10
right_child=3 7 5 -5 8 6 -8 15 17 -11 -12 12 -14 -15 -16 16 -18 -19
leaf_value=0.10781013342135869 0.30353866584833045 -0.9182259958694996 -0.55908061246283869 -0.12603932715030447 1.3467764898911723 0.62624352875727674 -0.77755828507088476 -1.4989064995234449 3.8861896041228023 0.37845324420553511 0.83369539174575069 -1.1591852969659935 -0.64843529260567212 -0.89719258811077118 1.8442518527310157 -2.7688495192391702 -2.6246409986037662 2.8475240356727363
leaf_weight=40 50 48 47 40 57 42 64 52 69 40 65 50 66 41 41 84 40 41
leaf_count=40 50 48 47 40 57 42 64 52 69 40 65 50 66 41 41 84 40 41
internal_value=-0.000972364 -0.0165102 -0.0046988 0.0284024 0.0325503 -0.0125 0 -0.0383929 0.0375 0.0297101 0.0178261 -0.0196078 -0.0238854 -0.0335165 0.0377551 -0.04375 -0.0475806 0.0472727
internal_weight=977 639 415 338 298 310 106 224 248 138 105 204 157 91 98 176 124 110
internal_count=977 639 415 338 298 310 106 224 248 138 105 204 157 91 98 176 124 110
cat_boundaries=0 1
cat_threshold=1900576
is_linear=0
shrinkage=0.05


Tree=9
num_leaves=19
num_cat=1
split_feature=17 42 51 14 60 39 32 22 42 44 24 9 20 32 42 32 39 9
split_gain=162.74 61.9692 39.0323 16.8985 16.7311 9.83696 13.5762 9.2672 9.03682 8.03453 7.35648 9.44532 5.13704 3.65714 2.82971 3.44583 0.890241 0.224176
threshold=1015.0000000000001 0.96712712449777549 0 102.06500000000001 1965.0450000000003 -18.307058573430918 0.89000042381585742 815.00000000000011 0.91398764596760385 0.018287496455911503 2045.0000000000002 977.97500000000014 325.00000000000006 0.96529021286432626 0.99877465850843394 0.93744259758255455 -19.90610646398456 107.75000000000001
decision_type=2 2 1 2 2 2 2 2 2 2 2 2 2 2 2 2 2 2
left_child=1 2 13 10 -5 6 -4 14 9 -7 11 -2 -8 -1 15 -3 -12 -16
right_child=3 7 5 4 -6 8 12 -9 -10 -11 16 -13 -14 -15 17 -17 -18 -19
leaf_value=1.0897318313936424 2.3580210990246959 -1.6474515559294844 -0.038941449214995677 -0.061967370987879633 2.2907736799931739 -0.54435839464357449 -1.1970496010649474 -0.68343494581923603 -0.80575463811884629 0.5893268600657493 3.6283221821280942 0.60931536523566077 -1.1158412875113872 0.5373116047721388 -2.3732124654318256 -1.2394908967189757 3.2306287712055806 -2.0552591646791125
leaf_weight=63 49 43 51 77 51 53 44 40 50 57 64 42 59 42 51 45 43 40
leaf_count=63 49 43 51 77 51 53 44 40 50 57 64 42 59 42 51 45 43 40
internal_value=-0.000518672 -0.0152038 -0.00393795 0.0282209 0.0140625 -0.0126543 -0.0220779 -0.036758 -0.004375 0.00363636 0.0373737 0.0269231 -0.0325243 0.0213043 -0.0416201 -0.0352273 0.0462617 -0.0478022
internal_weight=964 638 419 326 128 314 154 219 160 110 198 91 103 105 179 88 107 91
internal_count=964 638 419 326 128 314 154 219 160 110 198 91 103 105 179 88 107 91
cat_boundaries=0 1
cat_threshold=1908736
is_linear=0
shrinkage=0.05


Tree=10
num_leaves=16
num_cat=1
split_feature=18 42 3 17 5 43 68 11 11 15 61 38 33 23 23
split_gain=175.678 47.425 26.0144 17.5813 24.9416 13.6849 7.83721 5.12906 5.2624 4.61419 4.58339 4.12005 3.2982 1.75079 0.80996
threshold=1275.0000000000002 0.96712712449777549 0 1915.0000000000002 1.0000000180025095e-35 0.90950341354080655 59.210500000000003 470.06000000000006 600.95000000000016 71.700000000000017 2157.7650000000008 202.67027210884359 0.29699365020077423 165.00000000000003 55.000000000000007
decision_type=2 2 9 2 2 2 2 2 2 2 2 2 2 2 2
left_child=1 2 5 4 11 9 -3 12 -9 -1 -5 -2 -4 14 -8
right_child=3 6 7 10 -6 -7 13 8 -10 -11 -12 -13 -14 -15 -16
leaf_value=0.5188806976878052 0.7924245064211114 -0.77668052001601873 -1.2203540364734817 3.5221774668687917 -0.1341858621858478 -0.43536795801553407 -2.2545518421602346 -0.07277793383801115 -1.0072608093718471 1.0540521159509575 1.930911987041797 2.2608458643801255 -1.0757720660818406 -1.780024243301741 -1.8742648245322309
leaf_weight=69 76 40 42 73 75 77 59 56 72 45 66 58 44 43 54
leaf_count=69 76 40 42 73 75 77 59 56 72 45 66 58 44 43 54
internal_value=-0.000684932 -0.0170549 -0.00728395 0.0275862 0.0184211 0.00621891 -0.0372449 -0.01875 -0.0132813 0.0175439 0.0413669 0.0313433 -0.0290698 -0.0423077 -0.0455752
internal_weight=949 601 405 348 209 191 196 214 128 114 139 134 86 156 113
internal_count=949 601 405 348 209 191 196 214 128 114 139 134 86 156 113
cat_boundaries=0 1
cat_threshold=2
is_linear=0
shrinkage=0.05


Tree=11
num_leaves=18
num_cat=1
split_feature=23 23 51 14 25 44 62 14 19 40 18 15 16 11 35 16 32
split_gain=179.617 38.6873 32.3218 15.0705 12.7923 12.4516 6.19509 8.12864 5.67103 4.89288 5.23346 4.87805 4.36915 6.85733 5.12656 3.38094 2.09428
threshold=955.00000000000011 145.00000000000003 0 100.80500000000002 415.00000000000006 0.023674510915792403 2659.5650000000005 98.975000000000009 35.000000000000007 -22.396166876326635 800.97500000000014 76.945000000000022 0.7982052954897485 483.25500000000005 0.25371708149228128 0.7014891454165505 0.94833958926716255
decision_type=2 2 1 2 2 2 2 2 2 2 2 2 2 2 2 2 2
left_child=1 8 12 -4 -2 15 7 16 -1 10 -10 -9 13 -3 -15 -5 -6
right_child=4 2 3 5 6 -7 -8 11 9 -11 -12 -13 -14 14 -16 -17 -18
leaf_value=-0.78166604986690469 0.78063922585239676 -1.0170001221427378 0.9199990918352644 0.67364774815360207 2.7388086535871348 -1.7079662019985744 3.3685747946946378 0.28866946287915102 -1.2698821222316448 -2.4992151691678619 -1.0066674208902817 0.8872938568120049 -1.1622480322944089 -0.82189192870700811 0.024644113197580711 -0.06076481964131393 1.1845830679280682
leaf_weight=40 58 47 77 43 62 47 62 41 42 79 44 41 68 52 53 44 48
leaf_count=40 58 47 77 43 62 47 62 41 42 79 44 41 68 52 53 44 48
internal_value=-0.00126582 -0.0165094 -0.00800464 0.0061086 0.0298077 -0.00373134 0.0346457 0.0302083 -0.0343902 -0.0384848 -0.0302326 0.0182927 -0.0208696 -0.0171053 -0.01 0.00747126 0.0390909
internal_weight=948 636 431 211 312 134 254 192 205 165 86 82 220 152 105 87 110
internal_count=948 636 431 211 312 134 254 192 205 165 86 82 220 152 105 87 110
cat_boundaries=0 1
cat_threshold=152540
is_linear=0
shrinkage=0.05


Tree=12
num_leaves=19
num_cat=1
split_feature=18 42 51 17 57 15 38 23 68 14 38 42 14 45 25 19 40 9
split_gain=153.931 45.7673 27.1252 22.7074 29.0589 17.0734 11.1609 10.4967 8.87507 6.48377 9.58502 7.09721 5.77888 5.57758 4.05 3.91357 0.892308 0.224176
threshold=1275.0000000000002 0.96712712449777549 0 1915.0000000000002 89.395000000000024 77.370000000000005 204.30034013605442 225.00000000000003 53.464500000000008 98.670000000000016 208.13520408163268 0.8715088642944272 106.96000000000002 0.0090487952493974021 745.00000000000011 45.000000000000007 -21.337678871827585 1987.9350000000002
decision_type=2 2 1 2 2 2 2 2 2 2 2 2 2 2 2 2 2 2
left_child=1 2 9 4 6 -6 14 -4 -3 11 -11 -1 17 -9 -2 -10 -17 -5
right_child=3 8 7 12 5 -7 -8 13 15 10 -12 -13 -14 -15 -16 16 -18 -19
leaf_value=0.17936232285763812 1.5037510942093908 -0.6765970339683085 -0.41438272874091259 3.5880717997985259 -0.65040818954686719 0.26330463270944904 1.9901373181750976 0.69403049323565735 -1.0647219977314328 -1.5864802858263836 -0.61524454774897674 -0.83494959866689311 1.1666701010622653 0.58943672728513796 0.31862971813779117 -2.0391665827290448 -2.4181231115871609 3.7083351358641865
leaf_weight=50 40 40 48 51 40 41 59 40 40 66 57 48 40 71 40 72 58 40
leaf_count=50 40 40 48 51 40 41 59 40 40 66 57 48 40 71 40 72 58 40
internal_value=-0.00185972 -0.0174576 -0.00710526 0.024359 0.0145455 -0.00925926 0.0284173 0.00857988 -0.0361905 -0.0179654 -0.0264228 -0.00918367 0.0408397 0.0175676 0.01625 -0.0411765 -0.0453846 0.0478022
internal_weight=941 590 380 351 220 81 139 159 210 221 123 98 131 111 80 170 130 91
internal_count=941 590 380 351 220 81 139 159 210 221 123 98 131 111 80 170 130 91
cat_boundaries=0 1
cat_threshold=138204
is_linear=0
shrinkage=0.05


Tree=13
num_leaves=17
num_cat=1
split_feature=23 42 51 17 57 10 14 20 14 45 9 25 40 16 32 59
split_gain=167.064 48.8406 33.936 14.237 20.5788 10.709 7.31597 6.9423 8.98802 5.40193 4.25012 3.61129 2.36473 3.39099 1.48038 0.690738
threshold=915.00000000000011 0.96987233423349151 0 1915.0000000000002 89.395000000000024 190.22000000000003 112.36500000000002 315.00000000000006 98.670000000000016 0.012133404611038852 351.60500000000008 655.00000000000011 -21.691442434092981 0.77996977030443093 0.90741985725476126 1900.0150000000001
decision_type=2 2 1 2 2 2 2 2 2 2 2 2 2 2 2 2
left_child=1 2 10 4 9 -3 15 14 -9 -2 -1 -10 13 -7 -4 -5
right_child=3 5 7 6 -6 12 -8 8 11 -11 -12 -13 -14 -15 -16 -17
leaf_value=0.56175654761184379 0.80796333957138522 -0.51624993970233424 -0.524375165128242 2.5502014175350824 -0.12492238480432452 -1.4732432521987207 0.76354029087385689 0.087430743928734955 -0.96582280561848133 1.7898046890420787 0.7262912165323796 -0.52512225937426338 -2.3489801256328482 -1.7588983831804741 -0.90306254117759543 3.8723519327363785
leaf_weight=66 47 44 43 55 72 47 42 78 72 70 42 44 68 57 72 49
leaf_count=66 47 44 43 55 72 47 42 78 72 70 42 44 68 57 72 49
internal_value=-0.00123967 -0.0163507 -0.00635492 0.0273134 0.018254 -0.0356481 0.0390411 -0.0145768 -0.00927835 0.0311966 0.0169492 -0.0181034 -0.0412791 -0.0365385 -0.0247826 0.0461538
internal_weight=968 633 417 335 189 216 146 309 194 117 108 116 172 104 115 104
internal_count=968 633 417 335 189 216 146 309 194 117 108 116 172 104 115 104
cat_boundaries=0 1
cat_threshold=1908736
is_linear=0
shrinkage=0.05


Tree=14
num_leaves=19
num_cat=1
split_feature=18 42 51 4 4 68 14 20 18 14 22 35 32 30 19 11 42 8
split_gain=143.772 43.4306 21.9485 18.4221 27.1281 9.74927 9.24444 7.42921 5.72344 4.96706 5.85627 3.92838 3.2043 2.77436 3.4445 2.37503 1.90869 0.0555556
threshold=1415.0000000000002 0.96712712449777549 0 1.5000000000000002 1.0000000180025095e-35 59.210500000000003 109.40000000000002 265.00000000000006 775.00000000000011 98.670000000000016 485.00000000000006 0.16348279467768853 0.91193211987994771 9.2000000000000188 85.000000000000014 568.06000000000006 0.99872680633804811 5688.1179138322004
decision_type=2 2 1 2 2 2 2 2 2 2 2 2 2 2 2 2 2 2
left_child=1 2 8 4 11 -3 17 12 -1 15 -11 -2 -4 14 -7 -9 -16 -5
right_child=3 5 7 6 -6 13 -8 9 -10 10 -12 -13 -14 -15 16 -17 -18 -19
leaf_value=-0.0087840043194782787 0.76756517259281587 -0.54892099666573946 -1.0529705471391184 3.2818813285743236 -0.1545327506700149 -0.65204416164075463 0.72536327633016406 -0.39513171608462977 0.85172562611394709 -0.027900753509754142 -0.98837797964952934 1.4531265449310835 -0.94738515961910486 -1.4977537710110072 -1.9642133305565732 0.19793023691160505 -2.2195175706104844 3.256228634591638
leaf_weight=42 45 42 44 50 74 40 40 40 78 49 78 73 46 54 40 42 43 40
leaf_count=42 45 42 44 50 74 40 40 40 78 49 78 73 46 54 40 42 43 40
internal_value=-0.00177083 -0.0155172 -0.00608592 0.0254658 0.015625 -0.0335616 0.04 -0.0131068 0.0115385 -0.00837321 -0.0145669 0.0305085 -0.0255556 -0.0387006 -0.0345528 0.00121951 -0.0403614 0.0488889
internal_weight=960 638 419 322 192 219 130 299 120 209 127 118 90 177 123 82 83 90
internal_count=960 638 419 322 192 219 130 299 120 209 127 118 90 177 123 82 83 90
cat_boundaries=0 1
cat_threshold=1925120
is_linear=0
shrinkage=0.05


Tree=15
num_leaves=18
num_cat=3
split_feature=8 23 51 30 25 23 10 43 47 8 12 47 15 8 13 10 33
split_gain=120.785 49.639 24.6352 19.9443 17.7288 11.8536 11.0529 9.13208 7.22583 5.9314 5.7467 5.7379 5.64706 3.16171 2.56702 1.7555 0.904348
threshold=4636.8253968253975 145.00000000000003 0 4.49000000000001 425.00000000000006 235.00000000000003 245.465 0.99678827526972191 1 997.857142857143 101.11000000000001 2 76.945000000000022 1178.6621315192747 100.30000000000001 207.48000000000005 0.29699365020077423
decision_type=2 2 1 2 2 2 2 2 1 2 2 1 2 2 2 2 2
left_child=1 7 3 -3 -2 -5 9 8 -1 -4 -7 12 -6 -11 -12 -9 -13
right_child=4 2 6 5 11 10 -8 15 -10 13 14 16 -14 -15 -16 -17 -18
leaf_value=-0.26607484809785048 0.38996965411221024 -0.51651028500740037 -0.65698865889200708 -0.14965938544758509 0.89963028916795773 0.39532415569611051 -2.0230342010780396 -1.1299227526894513 -1.0608268168922153 0.071774033096084197 0.7656264587469277 2.6846970482803472 0.9433909937024656 -0.26742580094702356 0.5664586709800844 -2.0596281681635475 3.126481346463156
leaf_weight=45 64 46 61 43 51 44 60 43 61 72 57 52 51 78 42 63 40
leaf_count=45 64 46 61 43 51 44 60 43 61 72 57 52 51 78 42 63 40
internal_value=-0.000256937 -0.0108392 -0.00228628 0.00950413 0.0290698 0.0172043 -0.0122776 -0.0311321 -0.0207547 -0.00734597 0.0241259 0.0365979 0.0284314 -0.002 0.0308081 -0.0415094 0.0456522
internal_weight=973 715 503 232 258 186 271 212 106 211 143 194 102 150 99 106 92
internal_count=973 715 503 232 258 186 271 212 106 211 143 194 102 150 99 106 92
cat_boundaries=0 1 2 3
cat_threshold=1437736 4 2
is_linear=0
shrinkage=0.05


Tree=16
num_leaves=19
num_cat=1
split_feature=23 42 51 11 11 14 68 22 14 68 11 38 9 40 45 42 40 61
split_gain=126.156 40.7787 23.0536 13.9298 18.2832 12.0069 11.8756 8.9539 8.71652 6.8156 6.65588 5.60667 5.55385 3.24696 4.647 2.89711 2.82648 0.894309
threshold=955.00000000000011 0.98889509636715045 0 2131.4400000000005 1290.6900000000003 94.365000000000009 53.464500000000008 485.00000000000006 112.36500000000002 69.790500000000023 479.83500000000009 199.65344671201817 258.70500000000004 -19.927917417037079 0.015960844341224953 0.92575525150513005 -20.726007626095051 2121.3100000000004
decision_type=2 2 1 2 2 2 2 2 2 2 2 2 2 2 2 2 2 2
left_child=1 2 15 4 -2 12 -6 -7 17 -3 -9 -12 -4 14 -11 16 -1 -5
right_child=3 9 5 8 6 7 -8 10 -10 13 11 -13 -14 -15 -16 -17 -18 -19
leaf_value=1.0456852068155047 1.9548752693375562 -0.76906929645212907 -0.39246653867026354 2.211891878232092 0.53908632632545095 -0.32016031051352312 -0.15294258096253693 -1.2451096506293049 0.72147928425250274 -1.3657436786931969 -1.4061891925671992 -0.42175595808966693 0.29261490789498784 -1.9595527813503821 -1.9024788413526761 0.058238320335713571 0.36259891523262255 3.38168805195596
leaf_weight=42 58 47 65 55 71 77 53 51 41 51 40 60 52 40 50 43 40 41
leaf_count=42 58 47 65 55 71 77 53 51 41 51 40 60 52 40 50 43 40 41
internal_value=-0.000255885 -0.012766 -0.00489362 0.0255486 0.0164835 -0.0114085 0.00564516 -0.0184211 0.0375912 -0.0324468 -0.0254967 -0.018 0.00128205 -0.0379433 -0.0331683 0.012963 0.0195122 0.0458333
internal_weight=977 658 470 319 182 345 124 228 137 188 151 100 117 141 101 125 82 96
internal_count=977 658 470 319 182 345 124 228 137 188 151 100 117 141 101 125 82 96
cat_boundaries=0 1
cat_threshold=1908736
is_linear=0
shrinkage=0.05


Tree=17
num_leaves=18
num_cat=2
split_feature=18 42 51 11 57 60 18 10 11 47 18 32 61 45 11 39 21
split_gain=105.711 51.1548 23.8687 18.5276 21.0239 12.6834 8.81438 8.62051 7.01591 8.10466 6.72549 5.81809 4.16127 3.84199 3.05181 1.21822 0.828916
threshold=1415.0000000000002 0.96987233423349151 0 2173.8600000000001 69.970000000000013 1946.3450000000003 819.90000000000009 207.48000000000005 476.96000000000009 1 1925.0000000000002 0.97200737192041065 2202.6050000000005 0.022749659110706501 614.58000000000015 -20.221540101546122 812.08500000000015
decision_type=2 2 1 2 2 2 2 2 2 1 2 2 2 2 2 2 2
left_child=1 2 8 4 10 -6 -4 -3 13 -10 -2 -8 -5 -1 -11 -9 -17
right_child=3 7 6 12 5 -7 11 15 9 14 -12 -13 -14 -15 -16 16 -18
leaf_value=-1.372037836586413 1.297244045143068 -0.59625633727436878 -0.14952023673512721 2.9056756823726717 -0.46164148538568028 0.275802949098715 0.76969992253998165 -1.4892947011174256 -1.122241147774903 0.42319606894070039 0.70316431249622002 0.065003001820809911 1.2646428835764438 -0.68093724240212272 -0.4385089821235626 -1.7183855788997811 -2.1540549745525164
leaf_weight=41 68 78 52 60 46 44 78 47 56 49 51 41 59 61 42 40 43
leaf_count=41 68 78 52 60 46 44 78 47 56 49 51 41 59 61 42 40 43
internal_value=-0.00135983 -0.0133758 -0.00333333 0.0216463 0.0126794 -0.00555556 0.0107735 -0.0336538 -0.0129344 -0.00646259 0.0264706 0.0189076 0.037395 -0.0235294 0.00274725 -0.0415385 -0.0451807
internal_weight=956 628 420 328 209 90 171 208 249 147 119 119 119 102 91 130 83
internal_count=956 628 420 328 209 90 171 208 249 147 119 119 119 102 91 130 83
cat_boundaries=0 1 2
cat_threshold=164830 2
is_linear=0
shrinkage=0.05


Tree=18
num_leaves=18
num_cat=1
split_feature=23 42 51 11 61 39 13 15 14 43 23 42 18 14 10 43 57
split_gain=103.238 41.997 20.8871 13.5162 18.5074 10.6145 9.92294 8.19594 7.18509 6.96049 6.83411 4.13387 3.74977 3.35541 2.21874 1.76178 0.929934
threshold=915.00000000000011 0.96712712449777549 0 2173.8600000000001 1229.0150000000001 -20.052935182279032 99.030000000000015 69.810000000000016 109.26000000000001 0.90950341354080655 315.00000000000006 0.87402067010689877 1815.0000000000002 107.51000000000001 207.48000000000005 0.70282389000532075 107.74000000000002
decision_type=2 2 1 2 2 2 2 2 2 2 2 2 2 2 2 2 2
left_child=1 2 10 4 7 6 -3 -2 16 13 11 -1 -9 -4 -7 -12 -5
right_child=3 5 9 8 -6 14 -8 12 -10 -11 15 -13 -14 -15 -16 -17 -18
leaf_value=-0.42076345889892547 0.16460521723914701 0.025192469074590208 0.74871064403753851 1.8278888773014694 -0.15908559936934596 -0.7110532970534017 -1.5575905831562229 1.5208964103852558 0.62225270189699755 -0.070234841266455558 -0.55448138949952885 -0.81080471538415078 0.78445465500174505 0.13336422365475187 -1.8842619488332604 0.099012954749657933 3.1493715051793401
leaf_weight=70 40 41 75 40 59 54 46 59 40 72 40 74 40 43 76 46 47
leaf_count=70 40 41 75 40 59 54 46 59 40 72 40 74 40 43 76 46 47
internal_value=-0.000623701 -0.0123234 -0.00309524 0.0223077 0.0141414 -0.0301843 -0.0166667 0.0241007 0.0350394 0.009 -0.0129167 -0.0201389 0.0318182 0.0169492 -0.0392308 -0.00232558 0.0431034
internal_weight=962 637 420 325 198 217 87 139 127 190 230 144 99 118 130 86 87
internal_count=962 637 420 325 198 217 87 139 127 190 230 144 99 118 130 86 87
cat_boundaries=0 1
cat_threshold=33758
is_linear=0
shrinkage=0.05


Tree=19
num_leaves=19
num_cat=1
split_feature=23 42 13 51 23 14 68 12 16 18 59 19 14 32 33 45 10 12
split_gain=95.3235 43.012 20.2725 14.9726 10.5538 9.9438 8.5856 8.27456 7.58766 10.4867 6.56709 5.66789 3.88889 3.29608 3.18699 3.76307 2.55914 0.844019
threshold=915.00000000000011 0.96712712449777549 52.835000000000008 0 145.00000000000003 97.180000000000021 58.208500000000008 124.86000000000001 0.77996977030443093 796.82500000000016 1041.0300000000002 425.00000000000006 92.019999999999996 0.96569827540074449 0.27451025714236549 0.012354488972013402 204.31500000000003 138.93500000000003
decision_type=2 2 2 1 2 2 2 2 2 2 2 2 2 2 2 2 2 2
left_child=1 3 -2 13 -5 16 12 -8 9 -3 -9 -7 -4 -1 -13 -16 -6 -10
right_child=2 8 6 4 5 11 7 10 17 -11 -12 14 -14 -15 15 -17 -18 -19
leaf_value=0.7457243096618047 -0.16340498920777735 -1.0120647618917491 0.92693239993931265 -1.127769133032787 0.016636423284869296 0.077931137175349371 0.066577636906345466 1.0254967423387527 -1.8209750175582049 -0.19881644047800595 2.4856630375309461 -0.9891817278214714 2.1419289781391804 0.057790948087962771 -0.85061866754484028 -0.10064831344102708 0.32797514219164303 -1.5233561981069514
leaf_weight=68 48 78 40 61 42 40 48 59 40 50 46 41 72 40 42 40 51 55
leaf_count=68 48 78 40 61 42 40 48 59 40 50 46 41 72 40 42 40 51 55
internal_value=-0.00109261 -0.012037 0.0215655 -0.00270588 -0.00810398 -0.00390625 0.0269811 0.019281 -0.0298206 -0.021875 0.0271429 -0.0113497 0.0375 0.0127119 -0.0166667 -0.0109756 0.00913978 -0.0405263
internal_weight=961 648 313 425 317 256 265 153 223 128 105 163 112 108 123 82 93 95
internal_count=961 648 313 425 317 256 265 153 223 128 105 163 112 108 123 82 93 95
cat_boundaries=0 1
cat_threshold=1916928
is_linear=0
shrinkage=0.05


Tree=20
num_leaves=19
num_cat=1
split_feature=8 23 51 19 25 14 68 13 43 35 43 45 17 32 38 32 38 23
split_gain=93.6279 30.6794 23.9796 17.1364 13.8465 8.94526 7.55786 10.3834 7.11441 7.15684 6.90754 6.92623 6.17506 4.04946 3.91722 3.14344 3.10994 1.01236
threshold=4636.8253968253975 145.00000000000003 0 285.00000000000006 425.00000000000006 98.190000000000012 68.141000000000005 107.27500000000002 0.99397212879810748 0.19571630242108967 0.86968206683185423 0.016463813521569951 575.00000000000011 0.95863453976734114 204.92823129251707 0.92456677136457766 218.01153061224485 265.00000000000006
decision_type=2 2 1 2 2 2 2 2 2 2 2 2 2 2 2 2 2 2
left_child=1 8 3 -3 -2 -5 16 -8 9 -1 11 -4 17 -7 -13 -10 -6 -12
right_child=4 2 10 5 6 13 7 -9 15 -11 12 14 -14 -15 -16 -17 -18 -19
leaf_value=0.00078696839779688341 0.19993806178974119 -0.3719661448383228 0.35237808033247192 0.72751728160312013 1.9136000861607976 0.67090161621915057 0.17900037495743715 2.5288538973123362 -1.3233197129772281 -0.94507392000816959 -0.76096978854189379 -0.089288483491406639 -0.14255814380373621 -0.03587027887784533 -1.0730101867831923 -1.2416367247768105 1.4027075307405021 -0.74706907433965741
leaf_weight=42 71 49 40 71 59 44 40 42 41 64 44 69 40 41 53 72 50 41
leaf_count=42 71 49 40 71 59 44 40 42 41 64 44 69 40 41 53 72 50 41
internal_value=-0.000359712 -0.00977496 -0.00284553 0.01 0.0251908 0.0185897 0.032199 0.0207317 -0.0253425 -0.0160377 -0.0119529 -0.00555556 -0.0212 0.00764706 -0.0114754 -0.0340708 0.0408257 -0.0288235
internal_weight=973 711 492 205 262 156 191 82 219 106 287 162 125 85 122 113 109 85
internal_count=973 711 492 205 262 156 191 82 219 106 287 162 125 85 122 113 109 85
cat_boundaries=0 1
cat_threshold=1435680
is_linear=0
shrinkage=0.05


Tree=21
num_leaves=19
num_cat=1
split_feature=18 43 11 57 3 43 18 36 19 38 14 39 15 39 25 21 25 27
split_gain=71.3285 32.1075 17.5365 25.974 15.3334 8.16116 7.0944 9.27887 6.92432 6.65188 6.30036 5.46816 5 4.46285 5.42191 3.83003 3.77338 2.58941
threshold=1275.0000000000002 0.99678827526972191 2156.6600000000003 69.970000000000013 0 0.91067128922081331 876.63000000000011 0.0087836803843963016 435.00000000000006 204.92823129251707 109.15500000000002 -20.087778793644926 76.865000000000023 -20.156219916694919 665.00000000000011 854.86500000000012 680.34000000000003 1.0000000180025095e-35
decision_type=2 2 2 2 9 2 2 2 2 2 2 2 2 2 2 2 2 2
left_child=1 4 3 11 5 15 9 16 -7 -6 17 -2 -5 -3 -15 -1 -8 -4
right_child=2 13 10 12 6 8 7 -9 -10 -11 -12 -13 -14 14 -16 -17 -18 -19
leaf_value=0.11857449189854706 1.033288940206134 -0.72921656117166622 3.3156744214502014 -0.38256796238948276 -0.56403830727548687 0.20500623291770453 -0.27510614434387648 0.38599510844441504 -0.70971562062267468 -1.1512446506239158 0.48119221746211843 0.55168469619665295 -0.019193229939158486 -0.74441175286457129 -2.0229990908229656 0.7132231269108753 -0.84478811136203058 1.5674531126057505
leaf_weight=41 68 50 43 40 55 45 45 50 49 41 40 72 40 44 58 74 56 40
leaf_count=41 68 50 43 40 55 45 45 50 49 41 40 72 40 44 58 74 56 40
internal_value=-0.00205047 -0.0123355 0.0161808 0.00772727 -0.00570175 0.0043379 -0.0138132 -0.00761589 -0.00638298 -0.025 0.0313008 0.0207143 -0.015 -0.0322368 -0.0382353 0.0134783 -0.0163366 0.0391566
internal_weight=951 608 343 220 456 209 247 151 94 96 123 140 80 152 102 115 101 83
internal_count=951 608 343 220 456 209 247 151 94 96 123 140 80 152 102 115 101 83
cat_boundaries=0 1
cat_threshold=2
is_linear=0
shrinkage=0.05


Tree=22
num_leaves=18
num_cat=1
split_feature=23 42 11 24 3 21 68 54 39 30 33 32 39 43 40 44 44
split_gain=82.3133 29.8867 16.356 18.0938 16.2079 10.4602 9.82333 9.30337 12.049 6.27826 5.11168 7.59268 4.64806 4.47754 3.92489 3.42792 3.11938
threshold=915.00000000000011 0.96712712449777549 2173.8600000000001 1535.0000000000002 0 819.90000000000009 59.06600000000001 1.0000000180025095e-35 -20.156219916694919 8.8549999999999631 0.11196380058060067 0.90619491523931617 -18.858330483778968 0.84460031769489619 -21.788734733888699 0.042387297986957707 0.019138077686419005
decision_type=2 2 2 2 9 2 2 2 2 2 2 2 2 2 2 2 2
left_child=1 4 3 -2 5 -1 -5 8 -3 10 -6 -12 -13 -7 -10 -4 -15
right_child=2 7 15 6 9 13 -8 -9 14 -11 11 12 -14 16 -16 -17 -18
leaf_value=-0.32093407231936449 1.2909890280732743 0.046683213804491787 2.0753840785494804 0.42669138759725683 -1.0034467879433862 0.50050261841571597 -0.16349744283872525 -1.884657921471127 -0.58148131663858749 0.10091896531227446 0.14810278100778404 -1.2224409705013082 -0.55558614608952794 -0.024349172969924383 -1.1717920845411438 1.0018841128817557 0.28437603841235343
leaf_weight=50 68 48 73 74 43 54 53 67 45 46 43 40 58 54 64 47 41
leaf_count=50 68 48 73 74 43 54 53 67 45 46 43 40 58 54 64 47 41
internal_value=-0.000516529 -0.0106432 0.0204762 0.0115385 -0.00291375 0.00741627 0.000393701 -0.0254464 -0.0187898 -0.0116667 -0.0163043 -0.0117021 -0.0193878 0.0144295 -0.0279817 0.035 0.00789474
internal_weight=968 653 315 195 429 199 127 224 157 230 184 141 98 149 109 120 95
internal_count=968 653 315 195 429 199 127 224 157 230 184 141 98 149 109 120 95
cat_boundaries=0 1
cat_threshold=2
is_linear=0
shrinkage=0.05


Tree=23
num_leaves=19
num_cat=1
split_feature=18 51 42 11 57 32 32 23 63 32 10 39 14 39 35 10 44 14
split_gain=74.5508 22.71 22.0484 21.0051 20.5548 12.7867 9.12101 6.11113 5.45366 5.14515 4.74199 5.27573 4.47621 4.23108 3.98635 3.36265 3.15956 0.839141
threshold=1235.0000000000002 0 0.9563770521104511 2173.8600000000001 69.970000000000013 0.92312773735054166 0.96776582352961149 255.00000000000003 0.77540795365261961 0.91309367131837893 219.65000000000003 -20.087778793644926 109.00500000000001 -17.526186672387414 0.088883076066241171 207.48000000000005 0.04182024383328601 103.50500000000001
decision_type=2 1 2 2 2 2 2 2 2 2 2 2 2 2 2 2 2 2
left_child=1 5 7 4 10 -1 13 8 -3 -6 11 -2 16 -7 -9 -4 -5 -17
right_child=3 2 15 12 9 6 -8 14 -10 -11 -12 -13 -14 -15 -16 17 -18 -19
leaf_value=-0.32124887763568499 0.93682883236151437 -0.15143851364168981 -0.67003930788925004 3.0340070757202842 0.051677780776054054 0.2002512456666633 -0.30455647479475267 0.14775534057879833 -0.82014220457246878 -0.39150711969784863 0.92279547730586509 0.071358016809415517 0.53479713538249618 0.99788833377831132 -0.32474886283168908 -1.4623071386299658 1.7844333331604134 -1.7791472400849884
leaf_weight=71 47 55 40 42 47 52 59 46 78 44 61 49 40 42 75 40 41 42
leaf_count=71 47 55 40 42 47 52 59 46 78 44 61 49 40 42 75 40 41 42
internal_value=-0.0007724 -0.0116667 -0.0189119 0.0168464 0.00846774 0.00128205 0.00947712 -0.0110236 -0.0184211 -0.0104396 0.0194268 0.0125 0.0337398 0.0191489 -0.00289256 -0.0368852 0.0403614 -0.0426829
internal_weight=971 600 376 371 248 224 153 254 133 91 157 96 123 94 121 122 83 82
internal_count=971 600 376 371 248 224 153 254 133 91 157 96 123 94 121 122 83 82
cat_boundaries=0 1
cat_threshold=1917988
is_linear=0
shrinkage=0.05


Tree=24
num_leaves=18
num_cat=2
split_feature=23 10 11 42 9 3 31 51 39 73 10 42 10 11 19 12 10
split_gain=62.3023 31.6834 19.1348 14.406 10.2739 10.0624 7.15036 8.33976 7.15979 6.21691 6.04938 5.72836 6.54047 9.00357 4.08149 3.23951 2.9448
threshold=225.00000000000003 248.14500000000001 2196.1050000000009 0.98771818977405379 2023.9050000000002 0 235.74999999999991 1 -18.327873663390395 0.92456677136457766 207.48000000000005 0.87289057998785091 223.38000000000002 363.64500000000004 525.00000000000011 129.50500000000002 208.03500000000003
decision_type=2 2 2 2 2 9 2 1 2 2 2 2 2 2 2 2 2
left_child=3 2 5 11 -4 6 7 16 -9 14 -5 -1 13 -13 -7 -12 -2
right_child=1 -3 4 10 -6 9 -8 8 -10 -11 15 12 -14 -15 -16 -17 -18
leaf_value=0.11435973092044023 0.89732503322742296 -1.4518029322981998 2.0978132251362593 -0.44884992320344996 0.7530609723559536 -0.14623267236126267 0.87095828954501797 -0.20008207809300901 0.23770111501274371 -0.65041702272097135 -1.8664543670864384 -0.78419685138886597 -1.0300248603539011 0.12004887926269525 0.54145520826123639 -1.0196404492120692 0.24779867362793731
leaf_weight=54 64 76 53 54 66 42 66 62 64 57 41 41 40 50 50 40 42
leaf_count=54 64 76 53 54 66 42 66 62 64 57 41 41 40 50 50 40 42
internal_value=-0.0010395 0.00794393 0.0120141 -0.0190625 0.0298319 0.00727069 0.0123377 0.00862069 -0.000735294 -0.00345912 -0.0314815 -0.01 -0.0156489 -0.00824176 0.00434783 -0.0401235 0.0181034
internal_weight=962 642 566 320 119 447 298 232 126 149 135 185 131 91 92 81 106
internal_count=962 642 566 320 119 447 298 232 126 149 135 185 131 91 92 81 106
cat_boundaries=0 1 2
cat_threshold=14 1335328
is_linear=0
shrinkage=0.05


Tree=25
num_leaves=20
num_cat=1
split_feature=8 51 23 14 48 58 43 38 63 14 15 60 45 35 45 37 40 15 37
split_gain=60.0018 25.2886 18.2752 14.0387 12.1809 15.9095 10.2738 9.63685 9.33228 9.19484 9.0499 6.16916 4.65665 6.36364 4.28345 4.02056 4.23442 3.2 3.01808
threshold=5543.8095238095248 0 145.00000000000003 94.365000000000009 1.0000000180025095e-35 111.95500000000001 0.99397212879810748 22.753367346938806 0.7462818687889744 113.40500000000002 68.03000000000003 1490.8100000000002 0.0157739577911357 0.022638186184915903 0.021652791286035103 0.62323986877925397 -21.337678871827585 75.13000000000001 0.56339846902898749
decision_type=2 1 2 2 2 2 2 2 2 2 2 2 2 2 2 2 2 2 2
left_child=1 6 8 10 5 9 18 -5 -3 11 -4 -2 13 -9 -14 -10 -17 -7 -1
right_child=4 2 3 7 -6 17 -8 12 15 -11 -12 -13 14 -15 -16 16 -18 -19 -20
leaf_value=0.76803765848250949 2.5074220144105346 -0.26015441477235618 -0.15791449444920858 0.12249361728734415 2.422316018570438 -0.25907655100831611 -0.23489553619225489 -0.69980760675382214 -0.939820426805553 0.062105725502625123 0.52382476431857128 0.77774741421474003 -1.2887762683575972 -0.013963346820552404 -0.57641064131779129 -0.55290768085508801 -1.4116906694908034 0.63404142441021405 0.25563350651307193
leaf_weight=46 45 42 59 42 46 40 45 40 65 41 48 46 47 70 73 40 41 40 45
leaf_count=46 45 42 59 42 46 40 45 40 65 41 48 46 47 70 73 40 41 40 45
internal_value=-0.000468262 -0.00803698 -0.012565 -0.00646438 0.020155 0.0150943 0.0109589 -0.0125 -0.0255319 0.0257576 0.0088785 0.0346154 -0.0165217 -0.00909091 -0.0233333 -0.0315068 -0.0240741 -0.0025 0.0214286
internal_weight=961 703 567 379 258 212 136 272 188 132 107 91 230 110 120 146 81 80 91
internal_count=961 703 567 379 258 212 136 272 188 132 107 91 230 110 120 146 81 80 91
cat_boundaries=0 1
cat_threshold=1376256
is_linear=0
shrinkage=0.05


Tree=26
num_leaves=18
num_cat=1
split_feature=18 43 51 60 58 25 49 13 25 43 23 45 8 36 32 17 25
split_gain=58.7616 24.2091 15.9882 10.718 14.9348 9.4932 8.50619 8.13223 7.85202 7.50085 8.79005 5.97424 5.62936 4.75135 4.44444 4.2185 3.45454
threshold=1415.0000000000002 0.93706922446044627 0 2445.4900000000002 93.825000000000017 770.97500000000014 1.0000000180025095e-35 104.03500000000001 690.00000000000023 0.43292364341190914 135.00000000000003 0.014976451865403051 1020.7596371882088 0.012018079051315652 0.95574964661490236 495.00000000000006 625.00000000000011
decision_type=2 2 1 2 2 2 2 2 2 2 2 2 2 2 2 2 2
left_child=1 2 16 4 5 7 -3 -2 14 -4 -11 -10 -12 -6 -8 -14 -1
right_child=3 6 9 -5 13 -7 8 -9 11 10 12 -13 15 -15 -16 -17 -18
leaf_value=0.063062906077429134 0.52908502457582629 -1.1278346023886801 0.31400640270190439 1.7709080676965379 -0.20473843995757088 0.029149279705142916 -0.48748050638036422 2.5567239535079431 -1.4895968436697018 -1.0535588771802489 -0.64870645447065933 -0.82360327963014446 0.071802699291572125 0.18438826817450896 0.044997368869569954 -0.97396282866149608 0.56099091366369647
leaf_weight=58 78 60 49 54 58 52 45 42 46 41 58 47 72 43 45 46 61
leaf_count=58 78 60 49 54 58 52 45 42 46 41 58 47 72 43 45 46 61
internal_value=-0.00235602 -0.0113057 -0.00350649 0.0148318 0.0108059 0.0197674 -0.0236626 0.0275 -0.018306 -0.0101449 -0.0145161 -0.0284946 -0.00965909 -0.00445545 -0.00777778 -0.00338983 0.0112403
internal_weight=955 628 385 327 273 172 243 120 183 266 217 93 176 101 90 118 119
internal_count=955 628 385 327 273 172 243 120 183 266 217 93 176 101 90 118 119
cat_boundaries=0 1
cat_threshold=1925152
is_linear=0
shrinkage=0.05


Tree=27
num_leaves=18
num_cat=1
split_feature=18 43 48 60 68 51 65 43 33 39 30 38 8 63 18 10 63
split_gain=47.6202 23.44 15.7383 17.4638 10.2773 9.56504 9.283 7.69821 7.31902 5.83433 5.78519 5.48701 5.15264 4.99274 3.28577 3.02587 2.62045
threshold=1235.0000000000002 0.96272303461695075 1.0000000180025095e-35 1538.0700000000004 106.64600000000002 0 1.0000000180025095e-35 0.78243367713160372 0.16532459656026158 -17.171776924241389 6.780000000000002 221.37702947845807 954.90929705215422 0.76598885610074674 822.12000000000012 208.32500000000002 0.77698050182131839
decision_type=2 2 2 2 2 1 2 2 2 2 2 2 2 2 2 2 2
left_child=1 5 3 4 13 7 -3 8 -1 14 -8 -5 -12 -2 -7 -15 -9
right_child=2 6 -4 11 -6 9 10 16 -10 -11 12 -13 -14 15 -16 -17 -18
leaf_value=-0.37933728404522676 0.63942810184206533 -1.4687634922455435 1.7657658023524101 -0.20834738917670254 -0.078200437728593294 -0.37150919421505879 -1.1349796005440582 -0.57941012413374648 0.32753863905422415 0.54138766219215773 -0.8009096510322089 0.13732226455559557 -0.057758614070682772 0.53731688528873034 0.079081727607779234 1.7526813463717184 -0.62500844536105193
leaf_weight=51 51 44 79 70 41 42 49 40 78 76 54 40 59 41 68 40 41
leaf_count=51 51 44 79 70 41 42 49 40 78 76 54 40 59 41 68 40 41
internal_value=-0.000518672 -0.00913621 0.0138122 0.00830389 0.0182081 -0.0020202 -0.0228155 -0.00909091 -0.00193798 0.00612245 -0.017284 -0.00727273 -0.0110619 0.025 -0.000909091 0.032716 -0.0216049
internal_weight=964 602 362 283 173 396 206 210 129 186 162 110 113 132 110 81 81
internal_count=964 602 362 283 173 396 206 210 129 186 162 110 113 132 110 81 81
cat_boundaries=0 1
cat_threshold=136142
is_linear=0
shrinkage=0.05


Tree=28
num_leaves=19
num_cat=1
split_feature=23 10 15 63 51 29 68 63 72 10 38 25 15 33 8 38 63 10
split_gain=35.4544 20.9347 17.5898 16.8423 11.6171 9.83626 9.3909 8.32345 9.00523 7.22996 7.70615 6.95113 6.72047 6.00889 5.62791 4.81822 4.5017 1.8
threshold=145.00000000000003 248.14500000000001 77.370000000000005 0.81206151538502869 0 -73.654999999999916 155.63150000000005 0.74372525907272158 -22.704309498855192 193.25500000000002 206.99828798185942 460.00000000000017 68.190000000000012 0.55402075823937291 1093.6054421768711 177.51826530612246 0.76036953357043846 211.05500000000004
decision_type=2 2 2 2 1 2 2 2 2 2 2 2 2 2 2 2 2 2
left_child=7 2 3 4 15 11 -3 -1 13 10 -5 -4 16 -9 -11 -2 -6 -10
right_child=1 6 5 9 12 -7 -8 8 17 14 -12 -13 -14 -15 -16 -17 -18 -19
leaf_value=-0.014648554353880173 0.026555022999084521 -1.5611721113731207 0.18121685342148669 0.52276457329419568 -0.35715791621336646 0.033924482027586932 -0.12654367752546988 -0.82522145349558318 -0.89396803699706173 -0.050239647260568891 -0.26108219450524722 1.3325863511528753 0.51184187111042867 0.036350127490383959 -0.57730831235555902 1.1862714488482633 0.089866336004933892 -1.6445921465104609
leaf_weight=45 40 41 42 45 52 57 44 50 40 43 78 72 66 40 43 62 69 40
leaf_count=45 40 41 42 45 52 57 44 50 40 43 78 72 66 40 43 62 69 40
internal_value=-0.00232198 0.00278515 0.00575486 0.00100402 0.00882353 0.0195906 -0.0205882 -0.0202326 -0.0252941 -0.00980861 -0.00203252 0.0280702 0.000761421 -0.0144444 -0.0209302 0.0214286 -0.00619835 -0.0375
internal_weight=969 754 669 498 289 171 85 215 170 209 123 114 187 90 86 102 121 80
internal_count=969 754 669 498 289 171 85 215 170 209 123 114 187 90 86 102 121 80
cat_boundaries=0 1
cat_threshold=1409538
is_linear=0
shrinkage=0.05


Tree=29
num_leaves=17
num_cat=2
split_feature=17 23 10 46 51 12 15 12 9 40 25 45 14 40 45 14
split_gain=49.4467 16.5714 15.3258 12.8028 11.6776 11.0797 9.49911 11.279 7.73556 7.61304 6.56757 6.2021 5.54029 3.81099 3.70069 4.97623
threshold=635.00000000000011 85.000000000000014 251.05000000000004 0 1 78.63000000000001 77.515000000000029 137.27500000000003 1005.6200000000001 -21.753909487051171 610.00000000000034 0.014535964476812753 97.720000000000013 -23.238203992264463 0.023672314744293904 98.190000000000012
decision_type=2 2 2 1 1 2 2 2 2 2 2 2 2 2 2 2
left_child=1 9 5 4 13 -2 7 8 -7 -1 -6 -5 -8 -3 15 -12
right_child=2 3 -4 11 10 6 12 -9 -10 -11 14 -13 -14 -15 -16 -17
leaf_value=-0.74939930089405926 -0.21075506408174116 0.88312310062351895 -0.87627923314128753 -0.8606126543363779 -0.58250431100100641 0.67538132583741306 0.79591549836355002 1.5579305308783624 -0.084872025423111633 -1.327798760755033 0.18300950780473288 -1.1662780553488361 1.3714950771884633 0.093109328479874173 -0.34251252403229704 -0.13995229972503048
leaf_weight=68 47 40 40 71 74 45 56 78 75 56 57 41 52 65 49 42
leaf_count=68 47 40 40 71 74 45 56 78 75 56 57 41 52 65 49 42
internal_value=-0.00177824 -0.0112789 0.0118321 -0.00671982 -0.00133531 0.0151558 0.0186275 0.0121212 0.0025 -0.0274194 -0.00775862 -0.0204918 0.0305556 0.0117391 -0.00202703 0.00353535
internal_weight=956 563 393 439 327 353 306 198 120 124 222 112 108 105 148 99
internal_count=956 563 393 439 327 353 306 198 120 124 222 112 108 105 148 99
cat_boundaries=0 1 2
cat_threshold=6 1296384
is_linear=0
shrinkage=0.05


Tree=30
num_leaves=19
num_cat=1
split_feature=18 43 51 68 48 4 62 10 57 71 68 14 15 35 32 8 11 58
split_gain=37.5938 21.4424 14.8219 10.738 10.5092 13.2427 9.99024 8.64774 8.41302 8.13802 6.62503 5.66786 5.16367 4.86957 3.39617 3.2961 3.27805 2.87507
threshold=1415.0000000000002 0.99397212879810748 0 30.514000000000003 1.0000000180025095e-35 1.0000000180025095e-35 2745.7050000000004 208.32500000000002 120.76000000000002 -16.97095569375514 107.41200000000002 89.055000000000021 60.730000000000025 0.10989452023132092 0.96569827540074449 1098.2879818594106 1801.1450000000002 110.29000000000001
decision_type=2 2 1 2 2 2 2 2 2 2 2 2 2 2 2 2 2 2
left_child=1 2 14 -4 5 11 -6 -3 17 13 -11 -2 -9 -5 -1 -15 -10 -7
right_child=4 7 3 9 6 8 -8 12 16 10 -12 -13 -14 15 -16 -17 -18 -19
leaf_value=0.73312792992044029 0.3429849160105502 -0.30171740321337737 0.46037206526257823 -0.19812803415559443 0.14590487578996089 -0.038632255067328952 2.3321480740994871 -0.90086151658179148 0.0053216308510748433 -0.31237029047154208 0.23743594450473254 1.1758712688980815 -1.2672445676986104 -0.52375137263377847 0.24949936888971971 -1.028666999172253 0.7572948058987623 -0.28108353068144426
leaf_weight=70 40 74 43 63 40 41 41 51 42 50 45 56 46 74 44 70 40 40
leaf_count=70 40 74 43 63 40 41 41 51 42 50 45 56 46 74 44 70 40 40
internal_value=-0.00134021 -0.00857143 -0.00294118 -0.00802817 0.0120588 0.00714286 0.0277778 -0.0236842 -0.00153374 -0.0115894 0.000526316 0.021875 -0.0335052 -0.0171498 0.0120968 -0.0222222 0.0097561 -0.012963
internal_weight=970 630 459 345 340 259 81 171 163 302 95 96 97 207 114 144 82 81
internal_count=970 630 459 345 340 259 81 171 163 302 95 96 97 207 114 144 82 81
cat_boundaries=0 1
cat_threshold=1908736
is_linear=0
shrinkage=0.05


Tree=31
num_leaves=19
num_cat=0
split_feature=20 5 11 21 39 30 15 17 58 11 42 11 39 42 35 38 45 25
split_gain=35.166 20.6552 26.3311 11.2041 8.99788 6.90561 10.091 8.95267 6.30267 6.14158 9.10775 6.06673 5.71245 7.46972 6.47499 3.72364 3.37925 2.21424
threshold=1975.0000000000002 0.41428571428571431 491.22500000000008 2730.0000000000005 -20.190746562401525 4.8349999999998667 77.705000000000027 1045.0000000000002 72.350000000000009 792.14000000000021 0.92064229748101623 600.95000000000016 -19.590024977936711 0.92510512300332448 0.27651685953638255 193.30386621315193 0.018886658115350653 675.00000000000011
decision_type=2 2 2 2 2 2 2 2 2 2 2 2 2 2 2 2 2 2
left_child=1 2 12 -2 8 -6 7 9 16 10 11 -7 15 14 -14 -1 -4 -15
right_child=3 -3 4 -5 5 6 -8 -9 -10 -11 -12 -13 13 17 -16 -17 -18 -19
leaf_value=0.13454491869019733 1.5088040839465888 -1.1957909912606042 0.93166749437489349 0.75235252225259563 -0.24207297850852749 0.67324215363254014 0.64412134260511178 -0.34726560531876349 -0.064812514054984408 0.47187956795305441 -0.58557407454344668 -0.12520184216317107 0.12699604720711141 -0.45391127353240218 -0.44330285715456874 -0.56015894769006569 0.50580761582785916 -1.2052179106722065
leaf_weight=55 58 49 41 75 55 60 43 41 41 40 45 71 42 51 41 45 40 70
leaf_count=55 58 49 41 75 55 60 43 41 41 40 45 71 42 51 41 45 40 70
internal_value=-0.00244029 -0.00626506 -0.00428937 0.0214286 0.00303983 -0.000985915 0.002 -0.00175097 0.0147541 0.00231481 -0.00170455 0.00496183 -0.0157895 -0.0205882 -0.00903614 -0.006 0.0228395 -0.0285124
internal_weight=963 830 781 133 477 355 300 257 122 216 176 131 304 204 83 100 81 121
internal_count=963 830 781 133 477 355 300 257 122 216 176 131 304 204 83 100 81 121
is_linear=0
shrinkage=0.05


Tree=32
num_leaves=18
num_cat=1
split_feature=23 68 46 10 18 15 63 49 43 40 18 38 23 45 10 14 68
split_gain=40.2947 23.2771 15.6848 19.7328 14.4847 10.5701 9.31066 8.73941 9.39058 8.57907 7.50042 7.36552 5.06451 4.92044 4.03162 5.09697 2.53561
threshold=175.00000000000003 41.734500000000004 0 220.89500000000001 1965.0000000000002 74.55000000000004 0.86879179615376889 1.0000000180025095e-35 0.99005449317596617 -21.753909487051171 1495.0000000000002 176.39026077097506 85.000000000000014 0.022242428962386155 197.93500000000003 95.66500000000002 154.52450000000002
decision_type=2 2 1 2 2 2 2 2 2 2 2 2 2 2 2 2 2
left_child=9 4 3 5 10 6 11 16 -9 14 -2 -3 -11 -13 -1 -16 -4
right_child=1 2 7 -5 -6 -7 -8 8 -10 12 -12 13 -14 -15 15 -17 -18
leaf_value=-0.15867446052657216 0.53414972740930566 -0.098935240097306837 -1.3092483488396871 0.79570443527196633 1.0851241571222423 1.2282412312675675 -0.62772610669739071 0.18500389392138514 -1.1735155883172874 -1.1640547475698579 -0.056187305459363707 0.55030942266290395 -0.20150376144300211 -0.16337979452705476 -0.23075686938891665 -0.70304221803213773 -0.35610944647045117
leaf_weight=73 72 47 42 66 60 60 53 64 52 50 42 70 41 41 48 40 41
leaf_count=73 72 47 42 66 60 60 53 64 52 50 42 70 41 41 48 40 41
internal_value=-0.0018711 0.00422535 -0.000932836 0.0056196 0.0201149 -0.000184502 -0.00545024 -0.0117225 -0.00344828 -0.0190476 0.00964912 0.000632911 -0.0313187 0.00765766 -0.0121118 -0.0193182 -0.0246988
internal_weight=962 710 536 337 174 271 211 199 116 252 114 158 91 111 161 88 83
internal_count=962 710 536 337 174 271 211 199 116 252 114 158 91 111 161 88 83
cat_boundaries=0 1
cat_threshold=2
is_linear=0
shrinkage=0.05


Tree=33
num_leaves=19
num_cat=0
split_feature=17 42 14 58 11 15 15 14 11 72 42 68 14 72 45 68 10 42
split_gain=25.9076 13.104 12.9472 10.8359 16.019 10.3128 10.0911 11.8084 8.39514 7.28828 6.92793 6.6622 6.61902 4.89666 4.50126 4.12951 2.70771 6.81597
threshold=645.00000000000011 0.96712712449777549 114.71000000000002 111.95500000000001 2173.8600000000001 78.785000000000025 75.239999999999995 96.985000000000014 1242.4450000000002 -21.753909487051171 0.86364682343099763 77.532000000000025 101.28000000000002 -27.392542848377989 0.016394854874984804 171.11950000000004 191.82000000000002 0.88912707530327595
decision_type=2 2 2 2 2 2 2 2 2 2 2 2 2 2 2 2 2 2
left_child=1 6 3 4 8 -5 7 10 -2 12 -1 -10 -3 -12 -11 16 -9 -18
right_child=2 9 -4 5 -6 -7 -8 15 11 14 13 -13 -14 -15 -16 -17 17 -19
leaf_value=0.4921813300187971 0.61780422879728858 0.021982115405446478 -0.26451462608870069 -0.30503431051827257 2.4575630181858994 0.64974635276016501 0.53183565432901114 -0.83851904180210224 0.48880939787431421 -0.77959769909640508 -0.63766259732326314 -0.25080099104156245 -1.0391007942507364 0.061798528605740713 -1.0458927341276441 -0.073303724746669019 -0.053397671033168774 -0.61701125784562638
leaf_weight=51 65 57 71 66 56 41 49 44 55 54 40 40 47 52 40 41 58 44
leaf_count=51 65 57 71 66 56 41 49 44 55 54 40 40 47 52 40 41 58 44
internal_value=-0.00252317 -0.0092721 0.00736041 0.0116099 0.0180556 -0.00140187 -0.00382586 -0.0069697 0.01 -0.019697 0.00384615 0.000526316 -0.0105769 -0.00434783 -0.0297872 -0.0152406 -0.0191781 -0.0147059
internal_weight=971 577 394 323 216 107 379 330 160 198 143 95 104 92 94 187 146 102
internal_count=971 577 394 323 216 107 379 330 160 198 143 95 104 92 94 187 146 102
is_linear=0
shrinkage=0.05


Tree=34
num_leaves=18
num_cat=1
split_feature=23 68 8 14 22 38 51 38 73 14 19 19 14 42 40 18 44
split_gain=27.3995 16.2644 12.5181 9.40329 17.2305 9.66765 9.15064 8.81556 7.17369 9.43539 7.2 6.12026 4.95799 5.23467 4.84091 4.21018 5.33556
threshold=135.00000000000003 31.914000000000009 4636.8253968253975 113.40500000000002 445.00000000000006 194.21390022675743 0 177.51826530612246 0.96383950819907671 104.34500000000001 606.81500000000017 425.00000000000006 93.065000000000012 0.98410441537294735 -22.610468481274292 995.00000000000011 0.018287496455911503
decision_type=2 2 2 2 2 2 1 2 2 2 2 2 2 2 2 2 2
left_child=7 11 6 4 5 -4 8 -1 9 10 -3 -2 -8 15 -9 16 -14
right_child=1 2 3 -5 -6 -7 12 14 -10 -11 -12 -13 13 -15 -16 -17 -18
leaf_value=-0.07577931046690943 0.20476752186299496 0.30171107716700618 -0.20948064551565368 -0.14396197507356626 2.3022172275094177 0.8626560497035346 0.073598040062453407 -0.53986527982305077 0.03686337333213565 -1.0362311764373648 -0.42810282303074559 0.85924155819865122 -0.08555086447823293 -0.35485142959410115 -1.158893084516101 -0.18804193100305933 0.21008496040194694
leaf_weight=58 62 40 41 50 48 57 71 76 62 61 40 69 50 43 53 47 40
leaf_count=58 62 40 41 50 48 57 71 76 62 61 40 69 50 43 53 47 40
internal_value=-0.00072314 0.00339309 0.000153846 0.0107143 0.0171233 0.00510204 -0.00440529 -0.0179144 -0.0119718 -0.0187943 -0.0075 0.0194656 0.00210728 -0.00222222 -0.0251938 0.00255474 0.00888889
internal_weight=968 781 650 196 146 98 454 187 203 141 80 131 251 180 129 137 90
internal_count=968 781 650 196 146 98 454 187 203 141 80 131 251 180 129 137 90
cat_boundaries=0 1
cat_threshold=541598
is_linear=0
shrinkage=0.05


Tree=35
num_leaves=19
num_cat=0
split_feature=17 43 57 22 33 10 32 32 35 45 10 62 35 11 12 32 17 11
split_gain=20.6551 15.5632 7.78566 7.72817 6.61466 8.77814 9.15434 13.6641 6.08926 6.9737 5.89333 5.6481 7.25216 4.59649 6.08451 4.33781 3.98361 3.81195
threshold=625.00000000000011 0.99397212879810748 135.94000000000003 375.00000000000006 0.90760347539167319 237.11500000000004 0.94602993679868408 0.86891845543693436 0.30024918054119171 0.025225092723692853 208.03500000000003 2177.5350000000003 0.39444058126785858 1238.9800000000002 127.25500000000001 0.96548467632166524 205.00000000000003 1757.7350000000001
decision_type=2 2 2 2 2 2 2 2 2 2 2 2 2 2 2 2 2 2
left_child=1 4 3 17 5 6 7 -1 -9 -10 -3 12 13 -5 -15 -8 -12 -2
right_child=2 10 -4 11 -6 -7 15 8 9 -11 16 -13 -14 14 -16 -17 -18 -19
leaf_value=0.56808977050089138 -0.20336212391495645 -0.22562828533413326 -0.31788014408881526 0.63270870561579373 -0.37901452828663695 -0.82474262182538283 0.50952141483647251 -0.29677803868217828 0.36392798546490046 -0.37768965490554973 -1.1192209590029252 0.97602906917405718 -0.10381051118067663 -0.095140073155604937 0.77772562551365798 0.056246935994602155 -0.51953276819455674 0.68397967333764353
leaf_weight=40 41 65 61 54 42 69 63 67 43 46 43 60 46 40 43 54 42 47
leaf_count=40 41 65 61 54 42 69 63 67 43 46 43 60 46 40 43 54 42 47
internal_value=-0.00144928 -0.00749129 0.00739796 0.010423 -0.00259434 -0.00052356 0.00303514 -0.00357143 -0.0102564 -0.00168539 -0.0213333 0.0150206 0.0106557 0.0164234 0.00903614 0.0141026 -0.03 -0.00227273
internal_weight=966 574 392 331 424 382 313 196 156 89 150 243 183 137 83 117 85 88
internal_count=966 574 392 331 424 382 313 196 156 89 150 243 183 137 83 117 85 88
is_linear=0
shrinkage=0.05


Tree=36
num_leaves=18
num_cat=0
split_feature=18 11 5 15 38 38 14 40 71 10 22 12 12 15 43 32 19
split_gain=21.8012 13.3572 13.427 13.0181 9.82556 9.14331 9.93967 8.30761 8.06329 7.85408 9.72631 6.21118 4.97375 4.48569 4.01988 4.00415 2.64256
threshold=1975.0000000000002 363.64500000000004 1.0000000180025095e-35 75.239999999999995 8.6837188208616869 183.03298185941046 94.455000000000027 -22.704309498855192 -19.094549796946342 204.31500000000003 565.00000000000011 138.33500000000004 137.27500000000003 74.719999999999999 0.7071278555769408 0.91309367131837893 415.00000000000006
decision_type=2 2 2 2 2 2 2 2 2 2 2 2 2 2 2 2 2
left_child=1 7 3 4 -3 11 -7 -1 12 14 -11 -6 13 -2 -8 -4 -5
right_child=8 2 15 16 5 6 9 -9 -10 10 -12 -13 -14 -15 -16 -17 -18
leaf_value=-0.33483342681638856 -0.27566013792607003 0.39056442069505071 -0.37453466074093139 0.21408300808255662 -0.51141902758624525 0.52498237229933487 -0.70898802839518282 -0.88430635092360255 1.0040132301982465 0.5079139063891468 -0.43023491863176561 -0.10459358482092398 1.2470730206954972 0.54353753541584593 -0.06578291928009615 -0.60246095901987828 0.74024593030715258
leaf_weight=78 44 40 46 41 70 49 53 61 50 71 50 45 50 64 42 40 65
leaf_count=78 44 40 46 41 70 49 53 61 50 71 50 45 50 64 42 40 65
internal_value=-0.00182482 -0.00579228 -0.00261438 0.000380228 -0.00357143 -0.00605263 -0.000943396 -0.0197842 0.0125 -0.00555556 0.00289256 -0.0178261 0.00696203 0.000925926 -0.0163158 -0.0209302 0.0160377
internal_weight=959 751 612 526 420 380 265 139 208 216 121 115 158 108 95 86 106
internal_count=959 751 612 526 420 380 265 139 208 216 121 115 158 108 95 86 106
is_linear=0
shrinkage=0.05


Tree=37
num_leaves=19
num_cat=1
split_feature=20 51 9 4 45 14 15 14 33 48 39 39 19 36 45 22 63 38
split_gain=18.0785 14.6616 10.9655 12.065 10.8309 12.0022 10.4767 8.43215 8.23515 7.39509 6.89402 6.04075 5.77976 4.70167 4.3666 4.25725 3.95208 2.6782
threshold=1975.0000000000002 0 135.56000000000003 1.0000000180025095e-35 0.0064825578882695507 101.28000000000002 77.705000000000027 95.66500000000002 0.79925650119246372 1.0000000180025095e-35 -18.679361587637683 -18.638152247869865 555.00000000000011 0.0034076818304737007 0.019551690709127753 495.00000000000006 0.77778897612088205 195.97626984126987
decision_type=2 1 2 2 2 2 2 2 2 2 2 2 2 2 2 2 2 2
left_child=1 2 7 6 -3 8 11 -1 12 -2 13 -4 17 -7 -14 -12 -13 -6
right_child=9 4 3 -5 5 10 -8 -9 -10 -11 15 16 14 -15 -16 -17 -18 -19
leaf_value=-0.57345064640768939 0.45152625466188001 0.54174478485557298 0.20909228693478218 -0.37714444128541036 0.29378111516988453 -0.75089466870787125 0.44703304757929135 -1.1005742827240212 -0.15786389210978627 1.8136753362707179 0.14713523438991274 -0.015545631835657048 0.31949811308640153 -0.08536529838016059 -0.133800596257238 -0.50805649789456586 -0.2965658442600127 0.27725802743702593
leaf_weight=44 77 44 68 52 53 56 41 48 43 51 46 53 41 52 42 48 57 46
leaf_count=44 77 44 68 52 53 56 41 48 43 51 46 53 41 52 42 48 57 46
internal_value=-0.0018711 -0.00455635 -0.0119303 -0.00719557 0.00135135 -0.00105386 -0.00205479 -0.0271739 0.00688889 0.015625 -0.00990099 -0.00730337 0.0115385 -0.0185185 0.00180723 0 -0.0145455 0.019697
internal_weight=962 834 363 271 471 427 219 92 225 128 202 178 182 108 83 94 110 99
internal_count=962 834 363 271 471 427 219 92 225 128 202 178 182 108 83 94 110 99
cat_boundaries=0 1
cat_threshold=146344
is_linear=0
shrinkage=0.05


Tree=38
num_leaves=17
num_cat=1
split_feature=23 62 38 4 51 40 5 11 35 17 38 35 68 12 39 63
split_gain=25.7921 11.8447 9.01951 10.7985 9.21388 8.34552 8.23422 9.42947 8.58801 7.4865 7.39806 7.18176 5.23817 6.48507 9.75688 4.18332
threshold=135.00000000000003 2745.7050000000004 19.570759637188221 2.5000000000000004 0 -23.079968881396656 0.2678571428571429 782.20500000000004 0.30024918054119171 1055.0000000000002 183.40968253968251 0.23358894889807469 42.020500000000006 110.48500000000001 -18.82524102574067 0.77326853218348734
decision_type=2 2 2 2 1 2 2 2 2 2 2 2 2 2 2 2
left_child=5 2 -2 4 12 11 7 8 10 -9 -6 -1 -4 -14 -15 -7
right_child=1 -3 3 -5 6 15 -8 9 -10 -11 -12 -13 13 14 -16 -17
leaf_value=0.092397047476475092 0.3750657617034196 1.128417705318167 0.40678639549251872 0.5857461558322502 -0.73238907447180979 -0.72121239752762278 -0.436310381797677 0.48092105641757688 0.079474207377136355 -0.055937687348141377 -0.49921119672798098 -0.52716059911101887 -0.1430576337618244 -0.12108048574055902 0.48350165852805971 -0.80351154066234975
leaf_weight=49 64 50 49 59 40 45 60 44 69 71 74 44 59 68 63 43
leaf_count=49 64 50 49 59 40 45 60 44 69 71 74 44 59 68 63 43
internal_value=-0.00152471 0.00246753 0.000833333 -0.000914634 -0.00293132 -0.0185083 -0.00788043 -0.00469799 -0.0117486 0.00652174 -0.0201754 -0.00806452 0.00461847 0.00105263 0.00725191 -0.0295455
internal_weight=951 770 720 656 597 181 358 298 183 115 114 93 239 190 131 88
internal_count=951 770 720 656 597 181 358 298 183 115 114 93 239 190 131 88
cat_boundaries=0 1
cat_threshold=1386562
is_linear=0
shrinkage=0.05


Tree=39
num_leaves=18
num_cat=1
split_feature=59 68 11 4 19 51 39 39 10 42 23 39 17 44 35 14 63
split_gain=26.6215 18.1833 17.1467 12.4663 10.1602 8.73893 9.61933 10.6953 8.57867 12.7327 12.2519 6.48496 6.40197 4.38017 3.1079 2.97232 1.7561
threshold=1424.8250000000003 42.020500000000006 380.63500000000016 1.0000000180025095e-35 595.00000000000011 0 -17.193325492093006 -19.503274151925091 206.11000000000004 0.86604265102078826 355.00000000000006 -19.590024977936711 2105.0000000000005 0.020839240147434004 0.48233410614882594 95.27500000000002 0.79662463576367559
decision_type=2 2 2 2 2 1 2 2 2 2 2 2 2 2 2 2 2
left_child=1 4 11 5 14 8 7 -7 -4 -10 -11 -3 -2 -9 -1 -13 -8
right_child=12 2 3 -5 -6 6 16 13 9 10 -12 15 -14 -15 -16 -17 -18
leaf_value=-0.10814617646828779 1.8649455384438149 -0.15459054987812096 -0.32599325268054785 -0.55930364598997717 0.48848096727179108 0.32500811009933539 0.6612174308069968 -0.47104937704380073 0.40885467462325614 -0.64078057344922046 0.33873962443229932 -0.36116594567305715 0.40754723274039278 -0.027267623566014976 0.16238017789755529 -1.024900583962846 0.094189538757953536
leaf_weight=66 58 41 67 63 50 66 41 42 41 69 53 44 70 43 46 52 41
leaf_count=66 58 41 67 63 50 66 41 42 41 69 53 44 70 43 46 52 41
internal_value=-0.0024659 -0.00575758 -0.00942685 -0.00532319 0.00925926 -0.0024838 0.00432099 -0.00298013 -0.00916667 -0.00337423 -0.0114754 -0.0251825 0.01875 -0.0147059 0.000892857 -0.0322917 0.0182927
internal_weight=953 825 663 526 162 463 233 151 230 163 122 137 128 85 112 96 82
internal_count=953 825 663 526 162 463 233 151 230 163 122 137 128 85 112 96 82
cat_boundaries=0 1
cat_threshold=660442
is_linear=0
shrinkage=0.05


Tree=40
num_leaves=18
num_cat=3
split_feature=8 9 61 58 47 51 40 8 8 8 45 42 47 32 30 71 42
split_gain=23.3755 14.6658 12.4839 11.3257 10.5727 9.95215 9.50351 8.35897 7.04627 6.92472 6.38549 7.15859 5.61465 9.2234 4.27135 4.29944 9.59163
threshold=4038.0952380952385 75.02500000000002 291.13000000000005 97.745000000000019 0 1 -21.753909487051171 1251.2358276643993 1119.0929705215424 1038.0385487528347 0.0064825578882695507 0.99625154598177823 2 0.91309367131837893 5.0499999999999838 -20.052935182279032 0.8949646910907848
decision_type=2 2 2 2 1 1 2 2 2 2 2 2 1 2 2 2 2
left_child=1 6 5 4 -2 7 -1 8 9 -3 -7 14 -5 -14 -12 -16 -17
right_child=3 2 -4 12 -6 10 -8 -9 -10 -11 11 -13 13 -15 15 16 -18
leaf_value=-0.3336565918903851 0.2495534020337265 -0.49944940550904315 -1.0055513538070824 1.0328465767522155 2.4752347552967904 0.26807327560913613 -0.9009489658878419 0.17285374740010229 -0.62334803748763934 0.022639275036605969 -0.26697544018376806 -0.39468895525100867 0.24085600922140707 -0.33061749488254755 0.88766497047972848 0.41492350485872936 -0.10168292783789062
leaf_weight=67 78 69 50 41 44 53 50 59 46 47 40 48 47 49 40 69 63
leaf_count=67 78 69 50 41 44 53 50 59 46 47 40 48 47 49 40 69 63
internal_value=-0.00260417 -0.00734665 -0.00410959 0.0102317 0.0213115 -0.00187266 -0.0235043 -0.00974026 -0.0160494 -0.00948276 0.00386997 0.000769231 0.000364964 -0.00625 0.00471698 0.00813953 0.00378788
internal_weight=960 701 584 259 122 534 117 221 162 116 313 260 137 96 212 172 132
internal_count=960 701 584 259 122 534 117 221 162 116 313 260 137 96 212 172 132
cat_boundaries=0 1 2 3
cat_threshold=2 134102 1
is_linear=0
shrinkage=0.05


Tree=41
num_leaves=18
num_cat=0
split_feature=54 4 30 11 58 40 9 45 25 63 38 38 42 11 68 63 60
split_gain=20.8447 18.5565 13.4752 14.0374 12.9789 9.95986 9.50143 13.4254 7.43417 9.97554 8.39571 7.9488 6.92741 8.2607 4.86489 4.85369 3.00733
threshold=1.0000000180025095e-35 1.5000000000000002 19.76499999999999 359.76500000000004 110.29000000000001 -24.241460282276698 346.39000000000004 0.014389476829264001 770.97500000000014 0.78783015742591578 225.4384013605443 175.30622448979599 0.81849678352239719 598.19000000000017 108.00850000000001 0.76960634223070512 1488.2800000000002
decision_type=2 2 2 2 2 2 2 2 2 2 2 2 2 2 2 2 2
left_child=1 2 3 5 -3 -1 -2 -8 9 11 12 -5 -11 -14 -10 -13 -15
right_child=6 4 -4 8 -6 -7 7 -9 14 10 -12 15 13 16 -16 -17 -18
leaf_value=-0.094070169114579022 -1.2783579555535625 2.3231506535142472 0.48611149213554961 -0.079519963436654864 0.35451714596745065 -0.65434245670101143 0.09185272899988331 -0.85926499282917224 -0.014469380956724721 -0.60409173587320175 0.24933353109291112 0.33139519928985772 0.15124127178869262 -0.18142407691214643 -0.29048199418541859 1.0468346578017733 -0.22165409631194369
leaf_weight=49 63 47 63 44 54 56 54 48 61 43 48 69 76 68 43 43 42
leaf_count=49 63 47 63 44 54 56 54 48 61 43 48 69 76 68 43 43 42
internal_value=-0.00108136 0.00223325 -0.000638298 -0.00280374 0.0222772 -0.0195238 -0.0172727 -0.00784314 0.000465549 0.00334873 -0.00234657 0.0134615 -0.00633188 -0.00215054 -0.0115385 0.0205357 -0.0109091
internal_weight=971 806 705 642 101 105 165 102 537 433 277 156 229 186 104 112 110
internal_count=971 806 705 642 101 105 165 102 537 433 277 156 229 186 104 112 110
is_linear=0
shrinkage=0.05


Tree=42
num_leaves=18
num_cat=0
split_feature=17 42 30 25 25 44 25 16 35 33 71 9 36 14 44 36 24
split_gain=17.2332 11.7951 8.73027 11.2945 13.75 8.49495 8.48492 8.47739 8.32938 7.36327 7.12153 6.5526 6.48026 6.29957 5.14929 4.73351 4.44803
threshold=635.00000000000011 0.89276508364852536 17.360000000000003 721.63000000000011 425.00000000000006 0.018287496455911503 701.81500000000017 0.66444237953477081 0.11361099880888031 0.90372120982839421 -20.973434955763416 276.38000000000005 0.068009100875855003 98.975000000000009 0.04182024383328601 0.022294599853866504 1965.0000000000002
decision_type=2 2 2 2 2 2 2 2 2 2 2 2 2 2 2 2 2
left_child=1 5 3 4 -2 -1 11 -3 9 13 -5 -7 14 -9 16 -10 -6
right_child=2 7 -4 10 12 6 -8 8 15 -11 -12 -13 -14 -15 -16 -17 -18
leaf_value=-0.2762613245677436 -0.22281705541050717 0.071429892061841124 0.6818790854911857 -0.56706177797693624 0.43983669823965177 0.77408984574561335 -0.15723854387599909 0.10665716022911625 -0.16087849259663242 -0.39883945276164745 0.10068676529179328 0.042535795602747055 0.023851820983137983 -0.67835306217738067 0.28792770340380802 -0.96728486587566886 1.3270725686371636
leaf_weight=66 60 65 44 55 47 45 45 59 74 52 40 42 53 70 48 54 42
leaf_count=66 60 65 44 55 47 45 45 59 74 52 40 42 53 70 48 54 42
internal_value=-0.00182102 -0.00734266 0.0062982 0.00362319 0.0092 0.00252525 0.00984848 -0.0125668 -0.0160194 -0.00911602 -0.0110526 0.0189655 0.0157895 -0.00271318 0.0215328 -0.0257813 0.0286517
internal_weight=961 572 389 345 250 198 132 374 309 181 95 87 190 129 137 128 89
internal_count=961 572 389 345 250 198 132 374 309 181 95 87 190 129 137 128 89
is_linear=0
shrinkage=0.05


Tree=43
num_leaves=20
num_cat=1
split_feature=23 62 30 51 42 14 32 40 32 19 39 68 14 40 15 29 45 15 12
split_gain=24.5233 13.8253 11.1031 11.0715 11.0229 10.5091 9.24691 9.34458 10.2021 8.62684 8.58499 7.82394 7.1151 11.0755 6.23845 3.04762 3.01055 2.63871 2.22023
threshold=185.00000000000003 2760.5700000000002 4.2499999999997735 0 0.89421900239537833 78.780000000000015 0.89191959537040677 -27.135699877303733 0.97829222053998599 535.00000000000011 -20.742328562430941 118.47400000000002 99.685000000000016 -21.588395236903445 69.215000000000032 -97.694999999999979 0.025158179394023004 68.275000000000006 99.720000000000013
decision_type=2 2 2 1 2 2 2 2 2 2 2 2 2 2 2 2 2 2 2
left_child=4 2 11 5 -1 -4 16 17 9 -9 -7 -2 13 -6 -12 -16 -5 -8 -14
right_child=1 -3 3 6 12 10 7 8 -10 -11 14 -13 18 -15 15 -17 -18 -19 -20
leaf_value=0.043716832633788276 -0.040265680483897275 0.97461924338675776 0.99527917697493962 0.046149513399812749 -0.00051471734737020827 -0.31988556040180249 -0.57601393885967911 0.64772902294946366 -0.47934547728388033 -0.15043281942143844 -0.0055680099400234441 -0.90204760275653395 -0.54916093446449421 -0.44686386977115228 0.98447956105379653 0.66152353228640726 0.73586047508487651 -0.24154557271806887 -1.090174576452793
leaf_weight=53 45 55 40 43 73 47 41 49 49 52 49 46 40 45 42 42 46 46 51
leaf_count=53 45 55 40 43 73 47 41 49 49 52 49 46 40 45 42 42 46 46 51
internal_value=-0.00262055 0.00231214 0.000235479 0.0029304 -0.0156489 0.0113043 -0.00297619 -0.00822785 -0.000666667 0.00841584 0.00666667 -0.0159341 -0.0208134 -0.0127119 0.0131579 0.0214286 0.0106742 -0.0212644 -0.0313187
internal_weight=954 692 637 546 262 220 326 237 150 101 180 91 209 118 133 84 89 87 91
internal_count=954 692 637 546 262 220 326 237 150 101 180 91 209 118 133 84 89 87 91
cat_boundaries=0 1
cat_threshold=1239584
is_linear=0
shrinkage=0.05


Tree=44
num_leaves=19
num_cat=2
split_feature=11 54 61 3 39 36 47 25 9 30 32 22 15 36 36 40 18 22
split_gain=18.4783 15.849 13.6597 8.90305 8.88252 8.81411 6.36123 5.77595 5.44788 5.3845 7.19678 5.06047 6.99421 5.66774 5.62446 3.62304 2.74628 2.52417
threshold=371.19500000000005 1.0000000180025095e-35 1757.7350000000001 0 -19.007391321655081 0.015543859965928702 1 595.00000000000011 623.3850000000001 2.4800000000000186 0.97942963368594749 555.00000000000011 71.65000000000002 0.022677883636177402 -0.0020529629136921998 -23.098353747349233 1435.0000000000002 615.00000000000011
decision_type=2 2 2 9 2 2 1 2 2 2 2 2 2 2 2 2 2 2
left_child=6 2 3 5 8 7 -1 -2 -3 -5 11 13 -13 14 -11 -8 -12 -9
right_child=1 4 -4 9 -6 -7 15 17 -10 10 16 12 -14 -15 -16 -17 -18 -19
leaf_value=-0.041182277981124574 -0.48254728804739977 -1.7590535199710722 1.2183195462273355 -0.11966713026562666 0.075180666583068503 0.13758267719636594 -0.29014960091611286 0.15526674366233043 -0.29670118353549635 0.26692247977314676 -0.2258357699669471 -0.11039763436545443 0.63377634532692051 0.08888558164518337 0.99114202249899996 -0.60947457046119313 0.086942208250271158 -0.41318421497234437
leaf_weight=54 52 42 75 63 48 59 53 46 58 42 41 55 47 50 74 47 40 40
leaf_count=54 52 42 75 63 48 59 53 46 58 42 41 55 47 50 74 47 40 40
internal_value=-0.00162272 0.00132212 0.00453216 0.00205255 -0.0135135 -0.00652174 -0.0175325 -0.0137681 -0.022 0.00616114 0.00873926 0.0126866 0.00392157 0.0180723 0.0241379 -0.025 -0.00432099 -0.00581395
internal_weight=986 832 684 609 148 197 154 138 100 412 349 268 102 166 116 100 81 86
internal_count=986 832 684 609 148 197 154 138 100 412 349 268 102 166 116 100 81 86
cat_boundaries=0 1 2
cat_threshold=1 4
is_linear=0
shrinkage=0.05


Tree=45
num_leaves=20
num_cat=1
split_feature=54 51 45 34 9 15 14 40 43 35 10 38 68 33 14 19 44 44 39
split_gain=16.3405 15.1493 13.9578 10.6372 9.32743 8.71205 9.25197 7.34364 10.1086 7.054 6.71747 6.22288 5.41544 9.10634 4.87805 3.95214 3.77808 3.55691 2.93624
threshold=1.0000000180025095e-35 0 0.014903700688540951 0.99145639083761428 346.39000000000004 68.450000000000031 92.019999999999996 -21.588395236903445 0.91318074614094125 0.24118337718365748 201.155 186.21913832199547 42.020500000000006 0.070672454820308164 93.480000000000004 435.00000000000006 0.029912106606180853 0.037283810603912608 -19.529498441180881
decision_type=2 1 2 2 2 2 2 2 2 2 2 2 2 2 2 2 2 2 2
left_child=1 3 4 -1 -2 9 17 10 -9 16 18 -12 13 -8 -11 -14 -5 -7 -3
right_child=2 7 -4 5 -6 6 12 8 -10 14 11 -13 15 -15 -16 -17 -18 -19 -20
leaf_value=0.8593955430289999 -1.3145915450126608 -0.056000367530383899 -0.94427890918547286 -0.04932472456937198 0.090072833574427247 1.0244044578379548 -0.051612186803704586 0.0014704469024291456 -0.44669205718294586 -0.34503133157849675 -0.14484710632959727 0.47925846667047822 0.05978047522985435 0.50762167139742831 -0.17996405621954281 -0.30117370569245305 0.2356237544730839 0.46276039305236483 -0.19413863279798793
leaf_weight=47 40 40 65 41 52 42 46 50 76 41 42 54 45 54 41 72 43 40 42
leaf_count=47 40 40 65 41 52 42 46 50 76 41 42 54 45 54 41 72 43 40 42
internal_value=-0.00210689 0.000735294 -0.016879 0.0059387 -0.00434783 0.00376344 0.00886288 -0.00796178 -0.0174603 -0.00542169 -0.00168539 0.00729167 0.00345622 0.012 -0.0158537 -0.00384615 0.0047619 0.0231707 -0.0121951
internal_weight=973 816 157 512 92 465 299 304 126 166 178 96 217 100 82 117 84 82 82
internal_count=973 816 157 512 92 465 299 304 126 166 178 96 217 100 82 117 84 82 82
cat_boundaries=0 1
cat_threshold=1499354
is_linear=0
shrinkage=0.05


Tree=46
num_leaves=20
num_cat=1
split_feature=20 14 4 58 22 51 15 30 15 15 22 57 32 39 45 14 15 14 35
split_gain=13.3185 11.9949 8.81122 9.91212 11.5003 6.90732 7.0411 6.71394 6.81731 8.45636 6.34509 5.1086 6.81491 6.23901 5.85515 7.12022 3.7353 2.63377 2.45
threshold=165.00000000000003 120.23 1.5000000000000002 119.67000000000002 555.00000000000011 0 79.285000000000025 10.384999999999993 68.03000000000003 70.02000000000001 606.81500000000017 81.635000000000005 0.93100320440155049 -19.384152714730472 0.013207764183645752 103.81000000000002 70.79000000000002 105.69000000000001 0.022638186184915903
decision_type=2 2 2 2 2 1 2 2 2 2 2 2 2 2 2 2 2 2 2
left_child=16 2 5 4 -4 6 7 8 10 -10 -2 12 13 -7 15 18 -1 -11 -14
right_child=1 -3 3 -5 -6 11 -8 -9 9 17 -12 -13 14 -15 -16 -17 -18 -19 -20
leaf_value=-0.45253270195852374 -0.26218280534847288 -0.81061765317281953 2.0426686756879295 -0.29388813816000975 0.22890247050689605 0.2306742995571833 0.30908855499406979 0.08646542069211445 0.33295547960593552 -0.35147486654814486 -0.53165480882915617 -0.20370351011704368 0.010940444271861516 -0.16019790917710638 0.59977460009234407 0.47062269597686923 -0.19846801438044964 -0.14059033164372697 -0.35635407206561664
leaf_weight=58 55 65 41 41 40 51 41 65 41 44 41 40 40 55 77 45 43 40 40
leaf_count=58 55 65 41 41 40 51 41 65 41 44 41 40 40 55 77 45 43 40 40
internal_value=-0.00212876 -0.000116009 0.00156838 0.0139344 0.0240741 -0.000666667 -0.00578635 -0.00874126 -0.0128959 -0.0052 -0.0229167 0.00418994 0.00649351 -0.00377358 0.0118812 0.0052 -0.0193069 -0.0142857 -0.00375
internal_weight=963 862 797 122 81 675 327 286 221 125 96 348 308 106 202 125 101 84 80
internal_count=963 862 797 122 81 675 327 286 221 125 96 348 308 106 202 125 101 84 80
cat_boundaries=0 1
cat_threshold=662428
is_linear=0
shrinkage=0.05


Tree=47
num_leaves=18
num_cat=0
split_feature=18 22 43 68 12 57 63 38 42 29 35 42 43 22 19 36 71
split_gain=17.1273 11.0628 11.7523 9.18552 9.35207 8.86141 9.26894 11.662 9.71942 7.37925 5.66786 5.4129 5.12203 4.25121 6.89879 7.73556 4.03765
threshold=2005.0000000000002 555.00000000000011 0.98536950968974613 69.450500000000019 129.77000000000001 81.635000000000005 0.87347692005041266 180.7747845804989 0.85849286293344351 -109.73500000000003 0.51295851493170119 0.98039737302544872 0.79129516400095701 595.00000000000011 632.08500000000015 0.015543859965928702 -19.613692334647002
decision_type=2 2 2 2 2 2 2 2 2 2 2 2 2 2 2 2 2
left_child=1 5 13 10 -5 6 7 9 -8 -1 -2 12 -9 -3 -15 -16 -4
right_child=3 2 16 4 -6 -7 8 11 -10 -11 -12 -13 -14 14 15 -17 -18
leaf_value=-0.32715507630509233 0.99391055783403215 -0.45530471155787355 -0.22889212621864347 -0.33180579791844472 0.40437374660450465 -0.23065168244081474 -0.6185201278120438 0.60901393898519618 0.029127479241357793 0.028199512545504749 0.17429078886675714 0.83846122579672966 0.017337278211958563 0.22550730395484006 -0.49087025796684253 0.24886448078871234 -0.94255486746879102
leaf_weight=74 56 60 48 43 62 70 40 48 62 50 40 42 75 48 50 40 67
leaf_count=74 56 60 48 43 62 70 40 48 62 50 40 42 75 48 50 40 67
internal_value=-0.00230769 -0.00568475 -0.0129393 0.0106965 0.00047619 -0.000759219 0.00217391 0.0067474 -0.0107843 -0.00483871 0.021875 0.0154545 0.0101626 -0.00555556 -0.000724638 -0.00888889 -0.0256522
internal_weight=975 774 313 201 105 461 391 289 102 124 96 165 123 198 138 90 115
internal_count=975 774 313 201 105 461 391 289 102 124 96 165 123 198 138 90 115
is_linear=0
shrinkage=0.05


Tree=48
num_leaves=20
num_cat=1
split_feature=23 46 39 30 5 45 43 63 68 21 44 23 14 44 68 9 38 40 24
split_gain=19.7756 10.2995 11.8348 11.2153 14.2119 10.2278 11.7119 9.31398 8.85227 7.93903 7.03284 6.55408 5.6615 4.15422 4.70408 3.44738 5.75782 3.2 2.21185
threshold=95.000000000000014 0 -19.007391321655081 8.9200000000000319 0.53571428571428581 0.018349811775626352 0.84460031769489619 0.77540795365261961 158.78200000000004 420.00000000000006 0.022540402608449053 295.00000000000006 97.850000000000023 0.029345052452509155 31.914000000000009 427.68500000000006 215.75687074829912 -20.005016951557916 1445.0000000000002
decision_type=2 1 2 2 2 2 2 2 2 2 2 2 2 2 2 2 2 2 2
left_child=9 3 15 4 5 6 -2 -8 17 -1 -7 -9 -11 -12 -15 -3 -17 -4 -16
right_child=1 2 8 -5 -6 10 7 11 -10 12 13 -13 -14 14 18 16 -18 -19 -20
leaf_value=-0.0064145568113165297 0.83364213227225903 -1.3747257783410527 0.032204824294346859 0.56884738158116155 1.4989875245072941 -0.29808393680827622 0.44197567158408513 -0.54298827546015627 0.43286154865754373 -0.69048226502747712 0.12199138800195081 0.061638768940747823 -0.87107684061984691 0.19535090343629202 -0.015690569527506248 -0.01000390562194582 -0.60661141847123634 -0.28529648774469107 -0.30972603826243778
leaf_weight=40 43 41 40 79 56 63 45 42 47 48 44 69 46 40 40 56 49 40 42
leaf_count=40 43 41 40 79 56 63 45 42 47 48 44 69 46 40 40 56 49 40 42
internal_value=-0.000824742 0.00203349 -0.00583039 0.00584642 0.00309917 0 0.00829146 0.00192308 0.00511811 -0.0186567 -0.00720524 -0.00585586 -0.0265957 -0.00180723 -0.00655738 -0.0157534 -0.0109524 -0.005 -0.0134146
internal_weight=970 836 273 563 484 428 199 156 127 134 229 111 94 166 122 146 105 80 82
internal_count=970 836 273 563 484 428 199 156 127 134 229 111 94 166 122 146 105 80 82
cat_boundaries=0 1
cat_threshold=3
is_linear=0
shrinkage=0.05


Tree=49
num_leaves=18
num_cat=2
split_feature=8 51 47 58 38 63 68 20 32 14 54 63 12 42 10 32 9
split_gain=16.4889 15.0244 9.40003 11.6401 12.5874 7.18328 6.581 6.41978 5.07235 8.2909 5.04443 5.02311 6.82424 5.15449 7.0271 4.31427 1.25
threshold=5617.7777777777783 0 1 82.475000000000009 209.46107709750575 0.76409769699134145 31.914000000000009 165.00000000000003 0.97200737192041065 104.41500000000002 1.0000000180025095e-35 0.78135958150843898 141.03000000000003 0.81849678352239719 196.94500000000002 0.91309367131837893 293.38500000000005
decision_type=2 1 1 2 2 2 2 2 2 2 2 2 2 2 2 2 2
left_child=1 5 -2 4 -4 -1 -3 -8 9 -7 11 12 -9 -13 -15 -5 -14
right_child=2 6 3 15 -6 8 7 10 -10 -11 -12 13 16 14 -16 -17 -18
leaf_value=-0.24344124506448123 1.4695330113064129 0.31047199476148823 1.570416057391034 0.080267784991744237 -0.086326573583182631 0.32339004829537199 -0.49741320828539487 0.29144466245102535 -0.1022052246987144 0.0059023356699873025 -0.89501556170622065 -0.61754944272996826 -0.11809963290038966 0.050407711332952944 -0.36588786706970639 -0.23713648620644712 -0.1914561780780451
leaf_weight=56 58 46 54 48 44 63 67 68 42 53 76 46 40 65 48 54 40
leaf_count=56 58 46 54 48 44 63 67 68 42 53 76 46 40 65 48 54 40
internal_value=-0.00268595 -0.00661972 0.00813953 0.003 0.0153061 0.00446429 -0.0112648 -0.0133333 0.0101266 0.0155172 -0.0108355 -0.00798046 -0.00135135 -0.0141509 -0.00840708 -0.00882353 -0.01125
internal_weight=968 710 258 200 98 214 496 450 158 116 383 307 148 159 113 102 80
internal_count=968 710 258 200 98 214 496 450 158 116 383 307 148 159 113 102 80
cat_boundaries=0 1 2
cat_threshold=1855492 1
is_linear=0
shrinkage=0.05


Tree=50
num_leaves=19
num_cat=0
split_feature=34 45 25 61 25 38 63 29 33 18 68 44 15 9 24 29 32 10
split_gain=13.8305 13.5811 13.9445 9.12245 10.101 6.83534 9.85591 6.86429 6.14901 5.87898 6.95299 8.1975 4.23495 4.21586 3.85573 3.18711 2.84794 2.54515
threshold=0.98245018981055388 0.008058303664248501 701.81500000000017 1757.7350000000001 641.47500000000014 221.92836734693881 0.79458570039544063 -113.78499999999998 0.91162892347271829 854.86500000000012 57.455000000000005 0.04182024383328601 68.190000000000012 448.84000000000009 635.00000000000011 -79.934999999999988 0.8111771497093907 212.50500000000002
decision_type=2 2 2 2 2 2 2 2 2 2 2 2 2 2 2 2 2 2
left_child=16 8 3 4 5 6 7 -3 17 -4 -11 13 -6 -12 -8 -16 -1 -2
right_child=1 2 9 -5 12 -7 14 -9 -10 10 11 -13 -14 -15 15 -17 -18 -19
leaf_value=0.39485004594413486 0.70349915422415354 -0.29988572914945083 -0.77437527075330559 0.80210267115134715 0.011277563557581872 0.15134234627453313 -0.034792720929327108 0.29641313522890239 -0.019525136517177445 0.17005975852640312 -0.26392302492852021 -0.58488905192259955 0.39365517318328253 0.076961246256892046 -0.21176132364408604 -0.59819797723427437 0.087085449848166185 0.054540768484089203
leaf_weight=41 42 72 57 57 41 62 46 40 63 44 64 54 42 42 67 40 42 44
leaf_count=41 42 72 57 57 41 62 46 40 63 44 64 54 42 42 67 40 42 44
internal_value=-0.000833333 -0.00267959 -0.00549451 -0.000321199 -0.00292683 -0.00688073 -0.0103774 0.000892857 0.0110738 -0.014751 -0.0107843 -0.015625 0.0126506 -0.00754717 -0.0186275 -0.0238318 0.0186747 0.0197674
internal_weight=960 877 728 467 410 327 265 112 149 261 204 160 83 106 153 107 83 86
internal_count=960 877 728 467 410 327 265 112 149 261 204 160 83 106 153 107 83 86
is_linear=0
shrinkage=0.05


Tree=51
num_leaves=19
num_cat=1
split_feature=51 54 59 30 35 5 17 58 39 8 32 45 48 35 33 19 17 32
split_gain=11.8978 10.0384 13.2177 6.91592 9.26367 6.13802 5.91081 5.96187 5.6991 5.4036 4.66281 6.03419 7.07278 4.66451 4.93861 3.63698 3.27317 3.16065
threshold=0 1.0000000180025095e-35 1494.2550000000003 4.584999999999952 0.0039924831490592508 0.2678571428571429 255.00000000000003 108.92500000000001 -18.470409413858331 4097.9591836734708 0.97468478458684638 0.019103542791366203 1.0000000180025095e-35 0.24118337718365748 0.23297694143943112 505.00000000000006 465.00000000000006 0.95235139718782047
decision_type=1 2 2 2 2 2 2 2 2 2 2 2 2 2 2 2 2 2
left_child=3 2 5 -1 -5 10 8 9 -6 16 11 12 17 -13 -15 -3 -8 -2
right_child=1 15 -4 4 6 -7 7 -9 -10 -11 -12 13 -14 14 -16 -17 -18 -19
leaf_value=-0.49988037456420148 0.66609408844573825 -0.095227865693190958 1.0162400938267357 0.34519477185319086 -0.05662128204066335 -0.037664234213543681 0.021410118896192112 -0.50871529117452841 -0.57067464153714342 0.51318718833681543 -0.0514632085586193 0.11455743118852624 -0.078303025642543392 0.11590786320179164 -0.1330015413500763 -0.81071793891886024 -0.15888718263631213 0.23432754523847274
leaf_weight=47 52 56 41 58 40 47 64 40 43 40 71 41 49 75 52 41 57 58
leaf_count=47 52 56 41 58 40 47 64 40 43 40 71 41 49 75 52 41 57 58
internal_value=-0.00174897 0.00278246 0.00576132 -0.00839599 -0.00614035 0.00325843 -0.00985915 -0.00522388 -0.0210843 -0.000931677 0.00527638 0.00779817 0.0147799 0.00119048 -0.00354331 -0.0118557 -0.00619835 0.0218182
internal_weight=972 583 486 389 342 445 284 201 83 161 398 327 159 168 127 97 121 110
internal_count=972 583 486 389 342 445 284 201 83 161 398 327 159 168 127 97 121 110
cat_boundaries=0 1
cat_threshold=73145
is_linear=0
shrinkage=0.05


Tree=52
num_leaves=19
num_cat=1
split_feature=68 68 54 63 40 51 34 44 44 73 19 45 31 63 8 15 9 68
split_gain=17.7071 13.1541 11.1325 10.9076 10.3495 10.3327 9.1257 7.78871 5.53887 9.11478 5.52118 5.45455 5.01391 4.98289 4.97342 10.6142 4.05 3.54952
threshold=40.96200000000001 195.68200000000004 1.0000000180025095e-35 0.89688778497220634 -22.802523585005257 0 0.99992894433466517 0.037096543381518604 0.023674510915792403 0.94434353791865544 485.00000000000006 0.021876509072904404 244.82999999999996 0.79109922167062019 1098.2879818594106 65.97999999999999 240.76000000000002 62.536000000000008
decision_type=2 2 2 2 2 1 2 2 2 2 2 2 2 2 2 2 2 2
left_child=3 2 5 12 -3 7 -7 8 9 -2 -4 -5 -1 14 -8 -16 -9 -15
right_child=1 4 10 11 -6 6 13 16 -10 -11 -12 -13 -14 17 15 -17 -18 -19
leaf_value=0.83205083930172741 -0.69718961177062866 -0.093676619605028585 -0.43966148719316184 0.21177085096020321 0.40111536824343208 0.21804587018820953 0.27019232561906703 -0.62439801345811474 0.17671045738674032 0.01015978525003476 -1.246110525301096 -0.2878277428104507 0.51866625621729001 -0.02196156284489206 -0.38171235983395635 0.40306803902968191 -0.15813316519728673 -0.40017324814551608
leaf_weight=54 43 49 49 40 52 43 62 40 58 50 52 48 46 73 45 46 40 63
leaf_count=54 43 49 49 40 52 43 62 40 58 50 52 48 46 73 45 46 40 63
internal_value=-0.00204617 -0.00542484 -0.00798193 0.0117021 0.0113861 -0.00523979 0.000584795 -0.0130705 -0.00695364 -0.0145161 -0.0232673 -0.00113636 0.023 -0.00259516 0.00359477 -0.00384615 -0.02625 -0.00955882
internal_weight=953 765 664 188 101 563 332 231 151 93 101 88 100 289 153 91 80 136
internal_count=953 765 664 188 101 563 332 231 151 93 101 88 100 289 153 91 80 136
cat_boundaries=0 1
cat_threshold=674620
is_linear=0
shrinkage=0.05


Tree=53
num_leaves=18
num_cat=2
split_feature=51 22 57 8 30 39 58 36 51 42 43 15 25 63 42 25 39
split_gain=10.8685 10.9967 10.4566 11.807 7.22428 6.40394 6.40346 5.98442 5.73131 5.69594 5.34188 4.95637 4.81989 4.44251 4.30509 4.304 4.19023
threshold=0 535.00000000000011 135.28500000000003 1254.3764172335602 3.2799999999999732 -20.052935182279032 111.72000000000001 0.074642503454265555 1 0.96578131419479751 0.97915530329044909 66.765000000000015 610.00000000000034 0.77068007077020173 0.97222484109593121 630.00000000000023 -17.566248493225398
decision_type=1 2 2 2 2 2 2 2 1 2 2 2 2 2 2 2 2
left_child=1 4 3 8 -1 -3 7 15 13 -7 12 -6 -10 -2 -13 -5 -14
right_child=2 5 -4 6 11 9 -8 -9 10 -11 -12 14 16 -15 -16 -17 -18
leaf_value=-0.049076080660524296 0.23949772584958709 0.29876320727756717 -0.80014129645781873 0.53073778744392652 0.025256758162348094 -0.02239659214454548 -0.2109965196404284 -0.14141888298416253 -0.48236239830772443 -0.47214305199583023 -0.47280792290244167 0.60450252506708446 0.096177541002270328 -0.039252694415898765 0.57090436801882838 0.18904087574934356 -0.11815725914939393
leaf_weight=42 45 62 43 47 67 72 66 44 62 46 52 50 47 69 42 63 42
leaf_count=42 45 62 43 47 67 72 66 44 62 46 52 50 47 69 42 63 42
internal_value=-0.000988554 0.00549872 -0.00525424 -0.00344507 0.0136816 -0.00333333 0.00545455 0.011039 -0.00962145 -0.0101695 -0.0143192 0.0185535 -0.0102649 0 0.026087 0.0172727 -0.00280899
internal_weight=961 381 580 537 201 180 220 154 317 118 203 159 151 114 92 110 89
internal_count=961 381 580 537 201 180 220 154 317 118 203 159 151 114 92 110 89
cat_boundaries=0 1 2
cat_threshold=1909857 37392
is_linear=0
shrinkage=0.05


Tree=54
num_leaves=19
num_cat=1
split_feature=34 8 3 39 35 15 38 32 35 15 63 35 15 35 22 68 32 68
split_gain=11.48 10.4889 10.7758 11.9852 9.16892 6.30604 8.21253 7.86048 5.55556 6.09524 5.22804 5.14329 4.1193 6.33754 7.13752 5.70699 3.43554 3.08958
threshold=0.97633126172774187 873.03854875283457 0 -22.938382658940018 0.32207278127695033 74.719999999999999 213.41256235827669 0.97468478458684638 0.1763984608000965 63.060000000000024 0.81631874761636036 0.0053029168322949504 68.275000000000006 0.29828032631014562 570.00000000000034 96.01900000000002 0.95530040740916478 125.26850000000002
decision_type=2 2 9 2 2 2 2 2 2 2 2 2 2 2 2 2 2 2
left_child=-1 -2 12 -4 5 6 7 8 9 -5 -6 -9 15 -14 -15 -3 -7 -17
right_child=1 2 3 4 10 16 -8 11 -10 -11 -12 -13 13 14 -16 17 -18 -19
leaf_value=0.38691385092736685 -0.52997451689756869 -0.42664317788405093 -0.47715522868406562 0.053516191909546512 0.4801633075040867 0.087321538728604695 -0.25909145140935108 0.031750618835433821 -0.10563209113626684 0.66023984796718449 0.25741469929515776 -0.28571626105079545 -0.31867873490641824 -0.17870544889941656 0.36092989702881906 0.021321401284151165 0.77943055740598377 -0.49756039960173237
leaf_weight=65 72 56 47 42 42 44 42 44 48 54 52 40 74 79 48 41 43 46
leaf_count=65 72 56 47 42 42 44 42 44 48 54 52 40 74 79 48 41 43 46
internal_value=-0.00107252 -0.00251641 -0.000950119 0.00374016 0.00631929 0.00266106 -0.00111111 0.00263158 0.00972222 0.0166667 0.0202128 -0.00952381 -0.00762712 -0.00323383 0.00354331 -0.0143357 0.0143678 -0.00632184
internal_weight=979 914 842 498 451 357 270 228 144 96 94 84 344 201 127 143 87 87
internal_count=979 914 842 498 451 357 270 228 144 96 94 84 344 201 127 143 87 87
cat_boundaries=0 1
cat_threshold=9
is_linear=0
shrinkage=0.05


Tree=55
num_leaves=18
num_cat=1
split_feature=10 51 23 68 63 10 17 45 68 11 44 29 11 35 68 43 11
split_gain=10.9374 9.65611 10.5411 9.54879 7.96452 7.577 6.98729 6.40308 6.06729 10.6413 5.58322 5.69443 5.21105 5.00433 3.84101 2.39024 1.62737
threshold=248.14500000000001 0 145.00000000000003 171.11950000000004 0.76532925009904373 221.03000000000003 1610.0000000000002 0.018349811775626352 40.032000000000004 868.54000000000008 0.022256875531613204 -103.33499999999998 852.15500000000009 0.054207794612212805 79.101500000000001 0.91192909322168714 501.35000000000008
decision_type=2 1 2 2 2 2 2 2 2 2 2 2 2 2 2 2 2
left_child=1 6 4 -2 -3 7 10 12 -9 -10 -1 16 15 -7 -6 -4 -12
right_child=3 2 5 -5 14 13 -8 8 9 -11 11 -13 -14 -15 -16 -17 -18
leaf_value=0.20078041383777531 -0.89244726660400253 0.00062636393526389618 0.17491728528157965 0.025886624521266555 -0.030383801621800901 -0.012326804910323653 0.66871289289715485 0.01904158595926422 -0.060469216750479227 -0.54178105837679957 -0.41360405319298227 0.17632666397323504 0.34987757393092372 0.4401929605154502 -0.66846018125935103 -0.05091825720533194 -0.035555045606945515
leaf_weight=70 64 45 41 41 52 42 42 72 70 51 40 73 69 66 42 41 43
leaf_count=70 64 45 41 41 52 42 42 72 70 51 40 73 69 66 42 41 43
internal_value=-0.00238589 -0.000523865 -0.00407654 -0.017619 -0.0161871 -0.000442478 0.00719424 -0.00406977 -0.0101036 -0.0169421 0.0039823 -0.00128205 0.00364238 0.0111111 -0.0244681 -0.00487805 -0.010241
internal_weight=964 859 591 105 139 452 268 344 193 121 226 156 151 108 94 82 83
internal_count=964 859 591 105 139 452 268 344 193 121 226 156 151 108 94 82 83
cat_boundaries=0 1
cat_threshold=1851460
is_linear=0
shrinkage=0.05


Tree=56
num_leaves=20
num_cat=1
split_feature=34 15 51 21 44 14 68 25 63 38 23 11 38 15 36 45 25 21 22
split_gain=12.8409 9.74856 12.4385 9.75238 9.12558 6.43474 5.9446 8.55615 5.48129 10.5529 7.9194 7.97728 7.0296 4.203 4.06349 3.98674 5.30179 3.27722 2.6631
threshold=0.96431283809891233 77.705000000000027 0 796.82500000000016 0.052877799829883713 104.34500000000001 33.157500000000006 625.00000000000011 0.91787291656848724 183.03298185941046 295.00000000000006 431.06500000000005 209.6763945578231 84.04000000000002 0.0013821105845663003 0.018264342088686804 680.34000000000003 1035.0000000000002 555.00000000000011
decision_type=2 2 1 2 2 2 2 2 2 2 2 2 2 2 2 2 2 2 2
left_child=-1 2 3 -2 5 15 13 -8 9 10 11 -4 14 -3 18 -5 -17 -7 -11
right_child=1 6 8 4 -6 17 7 -9 -10 12 -12 -13 -14 -15 -16 16 -18 -19 -20
leaf_value=0.41219052171119874 -0.61922470650725536 0.51997856726737413 -0.075613199203044351 0.054925722358768074 0.046459056971436402 -0.39451286100428223 0.27384643763583727 -0.19461425273967711 -0.13362026431371918 0.5686306000212582 0.080439526106960244 -0.55055383137175229 -0.077776270647293089 0.15643789794272722 0.031983365802219055 -0.003358398810489405 -0.74872420108140991 -0.95441012709347106 0.42546478588731279
leaf_weight=51 56 41 44 52 52 43 51 48 58 41 60 41 60 48 42 45 48 40 43
leaf_count=51 56 41 44 52 52 43 51 48 58 41 60 41 60 48 42 45 48 40 43
internal_value=-0.00186722 -0.00323111 -0.00586207 -0.0127168 -0.00928571 -0.0135965 0.00691489 -0.00151515 0.00037594 0.00287009 -0.00724138 -0.0170588 0.0107527 0.0162921 0.0174603 -0.00724138 -0.0134409 -0.0246988 0.0238095
internal_weight=964 913 725 336 280 228 188 99 389 331 145 85 186 89 126 145 93 83 84
internal_count=964 913 725 336 280 228 188 99 389 331 145 85 186 89 126 145 93 83 84
cat_boundaries=0 1
cat_threshold=143835
is_linear=0
shrinkage=0.05


Tree=57
num_leaves=18
num_cat=1
split_feature=25 51 59 39 9 9 45 12 8 12 45 68 68 39 14 32 44
split_gain=12.3918 9.47323 7.99679 7.65984 5.30326 8.41716 5.40179 5.31308 6.43763 5.25144 6.5826 5.55836 4.44142 4.25485 3.75002 3.67122 2.93139
threshold=721.63000000000011 0 1041.0300000000002 -20.292786990123446 107.75000000000001 167.77000000000001 0.008789750227130853 110.86000000000001 1120.2380952380954 151.25500000000002 0.021132183367419153 61.20300000000001 97.874000000000009 -18.081802880280243 99.825000000000003 0.95737552105320167 0.037283810603912608
decision_type=2 1 2 2 2 2 2 2 2 2 2 2 2 2 2 2 2
left_child=1 3 4 -1 -3 -6 -7 8 -8 10 11 -2 -9 -5 -15 -13 -12
right_child=9 2 -4 13 5 6 7 12 -10 -11 16 15 -14 14 -16 -17 -18
leaf_value=0.084373987194402214 0.29740961160264695 -0.35897386924502755 0.91822791442725493 -0.47463894222636838 0.12731886287522906 0.44183141624893491 -0.24129943999058492 0.62315371831510769 0.005907221855700584 0.028143263920521733 -0.32980749814989851 -0.024500024817377675 -0.37540828834692308 0.093981457905705654 -0.18994533560195992 -0.31976411548710049 -0.49247218128742176
leaf_weight=72 40 59 70 63 44 60 44 48 59 42 45 73 41 58 44 66 41
leaf_count=72 40 59 70 63 44 60 44 48 59 42 45 73 41 58 44 66 41
internal_value=-0.000980392 0.00287009 0.00724138 -0.00506073 0.0043662 0.00709459 0.00357143 -0.000520833 -0.00825243 -0.00928339 -0.0118868 -0.00642458 0.00842697 -0.0112121 -0.00490196 -0.0111511 -0.0232558
internal_weight=969 662 425 237 355 296 252 192 103 307 265 179 89 165 102 139 86
internal_count=969 662 425 237 355 296 252 192 103 307 265 179 89 165 102 139 86
cat_boundaries=0 1
cat_threshold=35764
is_linear=0
shrinkage=0.05


Tree=58
num_leaves=20
num_cat=1
split_feature=68 51 22 39 14 44 19 39 19 17 35 19 17 58 9 9 25 23 68
split_gain=13.8411 13.3565 10.0888 10.0497 5.93027 5.90276 5.65989 4.83471 6.79907 8.5279 6.96209 5.04111 4.25606 4.07422 8.77679 4.05931 3.375 2.71951 2.46067
threshold=31.914000000000009 0 545.00000000000011 -21.045195090105953 109.78000000000002 0.031613269067195908 415.00000000000006 -23.37992643387155 35.000000000000007 625.00000000000011 0.55314251632140821 595.00000000000011 395.00000000000006 82.475000000000009 496.11000000000007 176.31000000000003 595.00000000000011 135.00000000000003 99.009500000000017
decision_type=2 1 2 2 2 2 2 2 2 2 2 2 2 2 2 2 2 2 2
left_child=3 7 13 -1 5 12 -5 -2 -9 10 11 18 -4 14 15 -3 -17 -7 -10
right_child=1 2 4 6 -6 17 -8 8 9 -11 -12 -13 -14 -15 -16 16 -18 -19 -20
leaf_value=0.59050065860998857 -0.59285945764365311 0.11011562036362257 0.15508216738267713 -0.13591869468110271 -0.76646548144017312 -0.50305610201539863 0.29393020488920812 0.11174890598304899 -0.42323847369846385 0.015456454874211545 0.020380366384744521 -0.32567534357861239 -0.0084544658495111953 -0.0050496310810208556 0.6532813354507131 -0.14385213399121871 0.2048667880011367 -0.0079472791048133661 -0.49590845223058366
leaf_weight=50 48 40 40 40 40 40 54 47 46 66 40 75 48 60 52 48 48 46 40
leaf_count=50 48 40 40 40 40 40 54 47 46 66 40 75 48 60 52 48 48 46 40
internal_value=-0.000413223 -0.00291262 0.00275424 0.0138889 -0.00514019 -0.00114943 0.00425532 -0.00994624 -0.00796178 -0.0110487 -0.0161692 -0.0208075 0.00795455 0.00967742 0.0132979 0.00661765 0.00104167 -0.0104651 -0.0290698
internal_weight=968 824 462 144 214 174 94 362 314 267 201 161 88 248 188 136 96 86 86
internal_count=968 824 462 144 214 174 94 362 314 267 201 161 88 248 188 136 96 86 86
cat_boundaries=0 1
cat_threshold=153560
is_linear=0
shrinkage=0.05


Tree=59
num_leaves=19
num_cat=2
split_feature=68 46 68 12 51 15 18 15 45 39 60 8 44 39 73 9 42 14
split_gain=10.4337 8.50609 12.3956 10.324 7.79939 6.08689 5.67235 5.54563 5.49166 7.09897 5.22567 6.77148 5.14426 4.45889 4.27326 4.09119 3.86088 1.8
threshold=31.914000000000009 0 158.78200000000004 138.50000000000003 1 71.27000000000001 1965.0000000000002 74.795000000000002 0.019103542791366203 -17.83989154341953 1465.8750000000002 1020.7596371882088 0.028210944145165805 -19.007391321655081 0.9478904542959935 285.73500000000007 0.89421900239537833 74.38000000000001
decision_type=2 1 2 2 1 2 2 2 2 2 2 2 2 2 2 2 2 2
left_child=6 3 5 4 7 14 15 12 9 -6 11 -10 16 -4 -3 -1 -2 -5
right_child=1 2 13 17 8 -7 -8 -9 10 -11 -12 -13 -14 -15 -16 -17 -18 -19
leaf_value=0.16516102854372738 0.024710586224415288 -0.27945287779041195 -0.43899583495792149 0.058267450378153111 0.060541305004190353 -0.065688660929679496 0.50108360903288762 0.96220502464430702 -0.48338905648553454 -0.22141622423683033 -0.3538938172142132 0.0078861474972539373 0.26592666367505585 0.46341252699653757 -0.91580926734191415 -0.10671269272004374 -0.2186336907604714 0.94387581668812615
leaf_weight=44 54 65 64 40 50 50 49 42 47 53 40 52 66 52 54 53 52 40
leaf_count=44 54 65 64 40 50 50 49 42 47 53 40 52 66 52 54 53 52 40
internal_value=-0.000672182 -0.00286236 -0.00966102 0.000915751 -0.00197368 -0.0186391 0.0116438 0.00491071 -0.00793651 0.000485437 -0.0147482 -0.00858586 0.00116279 0.00258621 -0.0247899 0.00463918 -0.00566038 0.0175
internal_weight=967 821 285 536 456 169 146 214 242 103 139 99 172 116 119 97 106 80
internal_count=967 821 285 536 456 169 146 214 242 103 139 99 172 116 119 97 106 80
cat_boundaries=0 1 2
cat_threshold=2 1922208
is_linear=0
shrinkage=0.05


Tree=60
num_leaves=19
num_cat=0
split_feature=14 25 68 62 8 15 44 18 44 32 33 33 44 63 12 63 15 39
split_gain=10.4923 10.7161 10.1998 8.5806 10.689 8.55351 13.003 6.7486 6.64536 5.9088 6.26566 4.96666 6.1411 5.10004 4.49291 3.97978 4.95628 3.30235
threshold=96.730000000000004 755.00000000000011 186.10300000000004 1745.7950000000003 4636.8253968253975 71.530000000000001 0.035866175219733461 744.25000000000011 0.042954352140629405 0.97265044013448509 0.39087039140766938 0.070672454820308164 0.040402608449106862 0.88495400671494784 125.95500000000001 0.7712760882149351 68.275000000000006 -19.141298639343137
decision_type=2 2 2 2 2 2 2 2 2 2 2 2 2 2 2 2 2 2
left_child=1 3 5 4 9 6 15 -7 -3 10 -1 -9 13 -13 -5 -2 -17 -4
right_child=2 8 17 14 -6 7 -8 11 -10 -11 -12 12 -14 -15 -16 16 -18 -19
leaf_value=0.011947673211936662 -0.60172514694017287 0.023981063450980857 0.010533392589047353 0.32559730742522303 1.6760519459892713 -0.41462615642042522 0.044839865210208531 -0.2911259490821454 -0.30978588377454486 -0.1297014831994181 0.33535661497273028 0.46401789505010582 -0.15850193548651853 0.14074350870904997 -0.32321507776390113 -0.68860399092037605 -0.45821576545359854 0.47739607164493736
leaf_weight=57 53 67 42 47 41 51 69 48 45 40 76 50 43 64 43 40 44 43
leaf_count=57 53 67 42 47 41 51 69 48 45 40 76 50 43 64 43 40 44 43
internal_value=0.000986501 0.00697115 -0.0035649 0.0118421 0.0172897 -0.00649351 -0.0140777 -0.000390625 -0.00625 0.0118497 0.0169173 0.00365854 0.00796178 0.0140351 -0.00111111 -0.0229927 -0.0297619 0.0123529
internal_weight=963 416 547 304 214 462 206 256 112 173 133 205 157 114 90 137 84 85
internal_count=963 416 547 304 214 462 206 256 112 173 133 205 157 114 90 137 84 85
is_linear=0
shrinkage=0.05


Tree=61
num_leaves=18
num_cat=2
split_feature=61 52 34 58 39 11 39 47 33 36 39 44 15 13 13 36 72
split_gain=13.6963 10.4177 9.6828 9.7688 6.56215 9.70269 6.85173 6.33358 5.96839 6.10674 5.76923 4.55177 5.78064 9.34723 8.92375 4.13162 2.88032
threshold=1764.3150000000003 0 0.98245018981055388 125.02000000000001 -20.156219916694919 380.63500000000016 -21.242402934348657 1 0.095979433865491515 0.023671225610876152 -19.11650409693905 0.030195633683016702 71.700000000000017 88.590000000000018 109.79000000000001 0.0059672209559064006 -32.076115506583129
decision_type=2 1 2 2 2 2 2 1 2 2 2 2 2 2 2 2 2
left_child=1 -1 -3 4 6 15 7 -4 -7 10 -10 12 13 -12 -15 -6 -2
right_child=16 2 3 -5 5 8 -8 -9 9 -11 11 -13 -14 14 -16 -17 -18
leaf_value=-0.63147570408374243 1.1513216383257228 0.11795595371925352 0.26118172240624321 -0.44377066014886124 -0.36129081921126843 -0.15815904423253074 0.31549144731501289 -0.18206089723239557 -0.47987989365026107 0.08490099866552292 -0.45324644819977711 0.40507235033093103 0.10323849312378382 0.16389347440169308 -0.40166618763100603 -0.70102582041863082 0.17594482066415687
leaf_weight=42 47 48 44 44 59 41 73 58 54 72 49 62 73 54 48 43 49
leaf_count=42 47 48 44 44 59 41 73 58 54 72 49 62 73 54 48 43 49
internal_value=-0.00229167 -0.00428241 -0.00304136 -0.00439276 -0.0030137 -0.00567568 0.00542857 -0.00294118 -0.00253863 -0.000728155 -0.00352941 -0.000699301 -0.00401786 -0.00960265 -0.000980392 -0.0196078 0.015625
internal_weight=960 864 822 774 730 555 175 102 453 412 340 286 224 151 102 102 96
internal_count=960 864 822 774 730 555 175 102 453 412 340 286 224 151 102 102 96
cat_boundaries=0 1 2
cat_threshold=4 4
is_linear=0
shrinkage=0.05


Tree=62
num_leaves=17
num_cat=0
split_feature=15 14 44 68 44 22 25 14 38 60 15 38 63 71 8 22
split_gain=12.3789 7.45315 17.908 9.79798 9.89655 5.5917 7.43725 4.85894 5.66833 6.01364 4.38312 8.51212 3.9438 5.2447 4.18841 2.8295
threshold=77.370000000000005 93.065000000000012 0.043237879217465212 187.12800000000001 0.046073149985823604 784.86500000000012 770.97500000000014 118.26000000000002 220.76992063492068 1490.8100000000002 68.450000000000031 173.51636054421775 0.77243933800903919 -17.655404929150794 1234.5238095238099 505.00000000000006
decision_type=2 2 2 2 2 2 2 2 2 2 2 2 2 2 2 2
left_child=1 2 10 4 5 6 12 8 9 -2 11 -1 -3 14 15 -14
right_child=7 3 -4 -5 -6 -7 -8 -9 -10 -11 -12 -13 13 -15 -16 -17
leaf_value=0.044259987222454944 0.57026332827600701 -0.085000823395449399 -0.22936639334808234 0.075894203134239654 0.11924239525125274 0.24271529109454876 -0.61373379449844345 -0.13340907668653124 0.49789028175936495 -0.062911234003600658 0.61022119679191977 -0.11136080626050014 0.041232436683625195 -0.52861626323174027 -0.2485605013085479 -0.24424131686082262
leaf_weight=54 48 68 79 65 73 40 40 47 67 40 55 66 47 78 46 45
leaf_count=54 48 68 79 65 73 40 40 47 67 40 55 66 47 78 46 45
internal_value=-0.000104384 -0.00304233 0.00393701 -0.00657371 -0.00926773 -0.0126374 -0.0148148 0.0108911 0.0151613 0.00681818 0.0128571 0.0075 -0.0119718 -0.0152778 -0.00942029 -0.00326087
internal_weight=958 756 254 502 437 364 324 202 155 88 175 120 284 216 138 92
internal_count=958 756 254 502 437 364 324 202 155 88 175 120 284 216 138 92
is_linear=0
shrinkage=0.05


Tree=63
num_leaves=19
num_cat=3
split_feature=34 51 47 68 22 59 13 44 54 40 51 32 8 62 18 11 68 35
split_gain=12.3757 10.8858 10.2052 8.30136 8.3321 7.55129 5.7619 5.62798 5.59269 5.70261 5.29182 4.94106 4.76648 6.19999 6.48443 6.19109 4.10875 4.02698
threshold=0.98245018981055388 0 1 24.257500000000007 724.3900000000001 984.80000000000007 94.02500000000002 0.021689821377941555 1.0000000180025095e-35 -29.860341189063522 2 0.96318685073848187 898.39002267573699 1752.0350000000003 1125.0000000000002 530.20500000000004 95.851500000000016 0.074896619355908259
decision_type=2 1 1 2 2 2 2 2 2 2 1 2 2 2 2 2 2 2
left_child=6 2 7 -3 12 10 -1 -2 9 -9 16 -12 -5 14 15 -14 -4 -17
right_child=1 3 5 4 -6 -7 -8 8 -10 -11 11 -13 13 -15 -16 17 -18 -19
leaf_value=0.25529770871750462 0.040872255715661332 0.15750710070473187 0.37301810020498327 -0.41964372712623899 -0.67753305894477267 0.82022890282766747 0.064447347680079412 -0.1401042135082777 -0.71025282370607501 0.096330577107453241 0.21995532142231886 -0.18154206985581639 0.073497270022472347 -0.35582110780605297 0.33267563811600953 -0.013575670494781989 0.010691569025010495 -0.49711088855568186
leaf_weight=42 54 48 74 51 41 50 42 42 57 44 76 66 55 41 41 44 45 42
leaf_count=42 54 48 74 51 41 50 42 42 57 44 76 66 55 41 41 44 45 42
internal_value=-0.000471204 -0.00223881 0.00250965 -0.00871314 -0.0119048 0.00819936 0.0178571 -0.00634518 -0.0115385 -0.00348837 0.00478927 -0.00197368 -0.00875912 -0.00560538 -0.00164835 -0.00673759 0.0120155 -0.0151163
internal_weight=955 871 508 363 315 311 84 197 143 86 261 142 274 223 182 141 119 86
internal_count=955 871 508 363 315 311 84 197 143 86 261 142 274 223 182 141 119 86
cat_boundaries=0 1 2 3
cat_threshold=2089090 2 1089666
is_linear=0
shrinkage=0.05


Tree=64
num_leaves=18
num_cat=1
split_feature=51 30 42 59 22 10 42 13 8 44 29 32 35 14 25 14 8
split_gain=9.50144 9.00659 6.92358 8.34126 6.34879 5.67342 7.49243 6.32537 5.7642 4.99036 5.23345 6.13292 5.39117 5.61452 4.61141 4.33649 2.4387
threshold=0 18.210000000000036 0.99964761658836154 973.97500000000002 714.09500000000014 206.56000000000003 0.89213337117210634 48.460000000000008 5652.1768707482997 0.044371987524808608 -73.424999999999969 0.97343015801434085 0.21233774896152163 96.010000000000005 625.00000000000011 99.135000000000005 1019.3764172335601
decision_type=1 2 2 2 2 2 2 2 2 2 2 2 2 2 2 2 2
left_child=2 4 3 9 5 7 -7 -2 16 10 11 12 -1 -14 -9 -4 -8
right_child=1 -3 15 -5 -6 6 8 14 -10 -11 -12 -13 13 -15 -16 -17 -18
leaf_value=0.21783823873613209 0.1052034629205707 0.21811269775235706 0.1306080616382424 0.71970516830002396 -0.54178973492772797 0.29367045624293076 -0.07381965385149343 -0.29411607134836898 0.30349421439889745 0.60934256371783213 -0.056131478452223507 -0.17841858118319387 -0.13239880021736425 0.2672974202694231 -0.047321795952987959 -0.37248485192427272 -0.42596605052530556
leaf_weight=78 41 60 41 49 64 52 45 78 49 42 56 47 45 48 64 60 52
leaf_count=78 41 60 41 49 64 52 45 78 49 42 56 47 45 48 64 60 52
internal_value=-5.14933e-05 -0.00475728 0.00504202 0.00835616 -0.00730337 -0.00485564 0.0010101 -0.0112022 -0.00479452 0.00537975 0.00291971 0.00642202 0.0108187 0.00268817 -0.0161972 -0.00643564 -0.0118557
internal_weight=971 505 466 365 445 381 198 183 146 316 274 218 171 93 142 101 97
internal_count=971 505 466 365 445 381 198 183 146 316 274 218 171 93 142 101 97
cat_boundaries=0 1
cat_threshold=1925316
is_linear=0
shrinkage=0.05


Tree=65
num_leaves=19
num_cat=0
split_feature=14 68 39 33 17 36 24 33 40 40 33 22 43 22 40 45 40 36
split_gain=8.66557 10.8036 12.6587 8.47907 8.9203 4.69969 6.68863 4.86184 5.96415 5.7994 5.42543 5.03922 4.3993 5.97055 5.86318 3.48301 3.37193 1.8
threshold=122.295 31.914000000000009 -21.045195090105953 0.092328567896255265 195.00000000000003 -0.0010697539146280997 938.6600000000002 0.90760347539167319 -27.657987248089793 -33.551561371096945 0.20254504665471043 525.00000000000011 0.91368974304492989 555.00000000000011 -20.506344158508742 0.018526505098307503 -21.588395236903445 0.0022245228104370508
decision_type=2 2 2 2 2 2 2 2 2 2 2 2 2 2 2 2 2 2
left_child=1 2 -1 -3 16 6 -6 8 9 10 -7 -11 14 17 -10 -4 -5 -14
right_child=-2 3 15 4 5 7 -8 -9 12 11 -12 -13 13 -15 -16 -17 -18 -19
leaf_value=0.68335351734100458 -0.67658024083311585 -0.27704638969353751 0.46141688400572289 -0.14255406608792356 0.052670563800361239 -0.088308029589781262 -0.24628082748010344 -0.21145203905196761 0.54763386657091162 -0.14932691005890036 0.54424260501611621 0.0011234095177336202 0.45968826565238052 -0.081056359256289318 0.070284684533511665 -0.074999858903819036 -0.33347164260934331 0.033279266968059121
leaf_weight=49 41 65 40 60 49 49 67 42 52 43 42 53 40 69 43 45 54 40
leaf_count=49 41 65 40 60 49 49 67 42 52 43 42 53 40 69 43 45 54 40
internal_value=-0.00068929 0.000332594 0.0134328 -0.00195312 -0.000355619 0.00212224 -0.00689655 0.00433404 0.00591647 -0.000802139 0.00824176 -0.009375 0.0110656 0.0057047 0.0194737 0.00176471 -0.0131579 0.015
internal_weight=943 902 134 768 703 589 116 473 431 187 91 96 244 149 95 85 114 80
internal_count=943 902 134 768 703 589 116 473 431 187 91 96 244 149 95 85 114 80
is_linear=0
shrinkage=0.05


Tree=66
num_leaves=18
num_cat=1
split_feature=34 68 51 8 60 14 36 25 43 29 29 45 33 14 45 44 12
split_gain=10.0607 7.97103 9.05907 8.61823 9.94185 8.48329 8.79967 8.44353 6.94795 8.60393 6.2349 5.59354 7.24263 6.21835 4.4582 4.20153 3.77857
threshold=0.96431283809891233 33.388000000000012 0 873.03854875283457 1490.8100000000002 102.7 0.0067414240292314508 871.40500000000009 0.7341028385030367 -81.109999999999999 -128.28499999999997 0.012068553816914603 0.49274954389164416 104.00000000000001 0.019645553625176056 0.031613269067195908 104.83000000000001
decision_type=2 2 1 2 2 2 2 2 2 2 2 2 2 2 2 2 2
left_child=-1 8 5 -4 7 6 14 10 -2 -10 -5 13 16 -12 -3 -7 -13
right_child=1 2 3 4 -6 15 -8 -9 9 -11 11 12 -14 -15 -16 -17 -18
leaf_value=0.35062558900704777 0.31235700309445757 -0.0087790266615279233 -0.56028183326859704 0.36834992411395717 -0.15686712939088032 -0.50606650216326443 -0.29630146901973814 -0.52114468810095793 0.33045292958984618 -0.18438983749808441 -0.04490238105595843 -0.0037574456887725207 0.33127029865894858 0.070995688699693457 0.29119581575705172 -0.23396678610609811 0.32811822964117487
leaf_weight=51 52 57 52 51 71 69 64 43 57 42 67 48 55 55 45 51 42
leaf_count=51 52 57 52 51 71 69 64 43 57 42 67 48 55 55 45 51 42
internal_value=-0.00102881 -0.00222584 -0.00428571 0 0.00231481 -0.0111486 -0.00421687 0.00567867 0.00827815 0.000505051 0.00849057 0.00543071 0.012069 -0.00245902 0.00490196 -0.0216667 0.00333333
internal_weight=972 921 770 484 432 286 166 361 151 99 318 267 145 122 102 120 90
internal_count=972 921 770 484 432 286 166 361 151 99 318 267 145 122 102 120 90
cat_boundaries=0 1
cat_threshold=787802
is_linear=0
shrinkage=0.05


Tree=67
num_leaves=20
num_cat=1
split_feature=51 68 35 43 14 19 44 11 58 8 14 15 16 24 42 24 22 33 33
split_gain=8.58605 12.1344 8.67228 8.0765 7.87812 7.27345 5.84606 6.56177 7.50503 7.82196 5.80341 6.28284 6.23214 4.83873 8.87832 4.53212 3.5303 2.47036 2.37056
threshold=0 29.497000000000007 0.68384387409195602 0.92770574637689107 120.08000000000003 565.00000000000011 0.015735752764388954 359.76500000000004 76.390000000000015 4636.8253968253975 98.435000000000016 70.89500000000001 0.80028879200625935 1045.0000000000002 0.93009804285440789 925.00000000000011 435.00000000000006 0.56339846902898749 0.66854075043410854
decision_type=1 2 2 2 2 2 2 2 2 2 2 2 2 2 2 2 2 2 2
left_child=3 5 4 16 6 -2 -3 -8 9 13 12 -12 -5 15 -15 18 -1 -18 -9
right_child=1 2 -4 10 -6 -7 7 8 -10 -11 11 -13 -14 14 -16 -17 17 -19 -20
leaf_value=0.29051087206658971 -0.012461108764508034 -0.35522067324360923 -0.32051028308081836 -0.013147110738217905 -0.88605450418217024 0.49892976590679139 -0.30570891067346723 0.081647988330099966 -0.1559152635149765 0.69198183746602737 -0.58723848622162433 0.0036995123173520386 0.83991997913215544 -0.32941392532189884 0.042707393857345149 0.26477361917967779 0.78058818289385368 0.010334503861614053 -0.19947933181393812
leaf_weight=42 51 48 47 73 40 40 78 44 58 45 43 68 40 41 40 55 43 49 40
leaf_count=42 51 48 47 73 40 40 78 44 58 45 43 68 40 41 40 55 43 49 40
internal_value=-0.00177665 -0.00525903 -0.00820896 0.00434783 -0.00623722 0.0115385 -0.00434298 -0.00236908 0.000773994 0.00433962 -0.00133929 -0.00945946 0.00663717 0.000454545 -0.00925926 0.00611511 0.0141791 0.00869565 -0.00119048
internal_weight=985 627 536 358 489 91 449 401 323 265 224 111 113 220 81 139 134 92 84
internal_count=985 627 536 358 489 91 449 401 323 265 224 111 113 220 81 139 134 92 84
cat_boundaries=0 1
cat_threshold=1860128
is_linear=0
shrinkage=0.05


Tree=68
num_leaves=18
num_cat=2
split_feature=51 8 10 33 19 13 45 51 33 45 32 16 10 19 33 38 71
split_gain=10.006 8.22394 8.21122 7.42853 4.80729 4.66221 4.9025 8.27413 6.02644 5.83402 5.54176 5.48198 6.19363 5.01722 3.40493 3.07001 2.54929
threshold=0 873.03854875283457 248.14500000000001 0.58777560193719658 565.00000000000011 116.84000000000002 0.018349811775626352 1 0.31206255909816577 0.010068120983938602 0.95454874769562281 0.76707360327344276 185.62500000000003 415.00000000000006 0.78955205942974016 207.48961451247166 -19.847083341392317
decision_type=1 2 2 2 2 2 2 1 2 2 2 2 2 2 2 2 2
left_child=3 -2 5 4 15 6 7 10 11 -9 -3 12 -8 -11 -5 -1 -14
right_child=1 2 -4 14 -6 -7 8 9 -10 13 -12 -13 16 -15 -16 -17 -18
leaf_value=0.48803376218549599 -0.52495967630707374 0.20009649370058488 -0.49513597951306781 -0.1121489320501845 0.033588047110686151 0.27174003788657902 0.1215967318238505 -0.0024432509351539622 -0.33787379547205032 0.026608450835075459 -0.14508245466894573 0.25513982605719915 -0.15555124067002879 0.610335557363475 0.24994200003928668 0.20605311395667272 -0.025715756513009683
leaf_weight=40 52 42 75 60 51 57 45 65 74 44 78 48 45 46 56 53 41
leaf_count=40 52 42 75 60 51 57 45 65 74 44 78 48 45 46 56 53 41
internal_value=-0.000823045 -0.00387812 -0.00242424 0.00740741 0.0152778 -0.00042735 -0.00189394 0.00272727 -0.006917 0.01 -0.00692308 -0.00195531 -0.00725191 0.0188889 -0.00172414 0.022043 -0.0151163
internal_weight=972 712 660 260 144 585 528 275 253 155 120 179 131 90 116 93 86
internal_count=972 712 660 260 144 585 528 275 253 155 120 179 131 90 116 93 86
cat_boundaries=0 1 2
cat_threshold=1581125 268576
is_linear=0
shrinkage=0.05


Tree=69
num_leaves=19
num_cat=1
split_feature=61 57 51 63 15 24 45 36 44 8 33 40 63 14 16 10 43 71
split_gain=9.62194 8.21702 7.36423 9.03758 7.60764 7.8143 7.4686 9.17306 6.51084 6.24565 5.44178 6.39368 5.93217 5.49654 7.02032 5.75621 5.83119 3.07001
threshold=2257.2150000000006 135.28500000000003 0 0.71660433919224176 77.40500000000003 1495.0000000000002 0.014149945843242952 0.033793586511265655 0.021689821377941555 2857.1428571428578 0.83537119666305915 -21.643834360213237 0.7719144311918954 108.29000000000001 0.80685291969058048 190.22000000000003 0.66313826673727405 -18.249303863652198
decision_type=2 2 1 2 2 2 2 2 2 2 2 2 2 2 2 2 2 2
left_child=1 2 6 -4 10 -6 8 17 -1 -10 11 13 -12 14 15 -5 -17 -8
right_child=-2 -3 3 4 5 -7 7 -9 9 -11 12 -13 -14 -15 -16 16 -18 -19
leaf_value=0.039855363851476699 0.36848472732477955 -0.30657156512924699 0.3390999535437505 -0.45887310167942241 0.56437063028257839 -0.022140709024116315 0.24201280208793535 -0.02965247199186645 -0.30049453870505921 0.14501457448354813 0.37382415415024028 -0.36877513844460097 -0.19122342398675984 0.094503990331246429 -0.53072457530654826 0.023803806622626312 -0.3485280239241384 0.61812787252737766
leaf_weight=66 42 51 40 53 49 59 53 56 57 41 40 75 42 42 42 53 61 40
leaf_count=66 42 51 40 53 49 59 53 56 57 41 40 75 42 42 42 53 61 40
internal_value=-0.00197505 -0.00304348 -0.00189873 -0.00530035 -0.00717054 0.00462963 0.00417957 0.0124161 -0.00304878 -0.0112245 -0.0102941 -0.0131902 0.00121951 -0.00936255 -0.0126794 -0.00808383 -0.00175439 0.022043
internal_weight=962 920 869 556 516 108 313 149 164 98 408 326 82 251 209 167 114 93
internal_count=962 920 869 556 516 108 313 149 164 98 408 326 82 251 209 167 114 93
cat_boundaries=0 1
cat_threshold=1949696
is_linear=0
shrinkage=0.05


Tree=70
num_leaves=17
num_cat=2
split_feature=14 41 21 51 68 22 36 51 18 18 35 43 15 14 11 23
split_gain=8.7887 9.41605 6.37736 6.56239 6.59663 6.54432 18.268 6.48592 9.94843 5.57529 5.00519 5.12169 4.3498 4.20489 3.91837 10.2858
threshold=122.59500000000001 1.0000000180025095e-35 3045.0000000000005 0 40.96200000000001 535.00000000000011 0.035596166794186257 1 1055.0000000000002 1475.0000000000002 0.22873133649333591 0.92966591157020673 57.630000000000017 98.190000000000012 384.98000000000008 385.00000000000006
decision_type=2 2 2 1 2 2 2 1 2 2 2 2 2 2 2 2
left_child=1 2 3 12 9 6 10 8 -7 -5 11 -6 -1 -9 -14 -16
right_child=-2 -3 -4 4 5 7 -8 13 -10 -11 -12 -13 14 -15 15 -17
leaf_value=-0.73211992876016341 -0.66405355905154062 0.37940192946682549 0.28289473035273149 0.55650610439976256 0.073016048830642832 0.1973146105471594 -0.40801993733492525 -0.083347330220343047 -0.2951882486638141 0.035028732343044315 0.17793811844417001 -0.062492280460836373 -0.26837763067948117 -0.54529319151789424 0.3265230376910358 -0.14835657592300713
leaf_weight=58 41 52 53 48 72 56 59 52 53 63 41 54 49 50 68 79
leaf_count=58 41 52 53 48 72 56 59 52 53 63 41 54 49 50 68 79
internal_value=-0.000527426 0.000496141 -0.000760234 -0.00187032 0.00125448 -0.00148741 0.00442478 -0.00781991 0.0012605 0.0121622 0.0128743 0.00793651 -0.00833333 -0.0160714 -0.00510204 -0.00102041
internal_weight=948 907 855 802 548 437 226 211 109 111 167 126 254 102 196 147
internal_count=948 907 855 802 548 437 226 211 109 111 167 126 254 102 196 147
cat_boundaries=0 1 2
cat_threshold=36676 1708162
is_linear=0
shrinkage=0.05


Tree=71
num_leaves=18
num_cat=2
split_feature=51 35 35 35 61 14 33 63 21 54 45 35 57 8 47 18 10
split_gain=10.4891 9.29159 10.1268 9.70809 8.37844 7.81662 7.6832 7.41281 6 5.38283 5.68727 6.33351 5.30817 5.45637 5.77409 4.02587 3.72412
threshold=0 0.30233437430930832 0.38977859879081339 0.068723375033850564 1888.3400000000004 104.56999999999999 0.84471983205024359 0.72471711593362975 1825.0000000000002 1.0000000180025095e-35 0.011026714257016653 0.20883233896366257 69.970000000000013 953.69614512471651 1 995.00000000000011 208.90500000000003
decision_type=1 2 2 2 2 2 2 2 2 2 2 2 2 2 1 2 2
left_child=1 3 -3 5 7 6 -1 -2 -4 10 -5 -12 13 -9 -15 16 -16
right_child=4 2 8 9 -6 -7 -8 12 -10 -11 11 -13 -14 14 15 -17 -18
leaf_value=0.38115550787812258 0.24396195995612224 0.52318038790176924 -0.1308232200389286 -0.34918992303173324 0.37592420698766704 -0.061003883442985088 0.032077672847429288 -0.38429446232024206 0.36301691682233611 -1.0245673659835122 0.14921985761343989 -0.15013625253394985 -0.25723070868977749 -0.1319153329411166 0.11159641420730822 0.28088845964568726 -0.66538322400159022
leaf_weight=41 42 50 48 46 41 59 61 48 48 40 77 57 58 76 49 72 40
leaf_count=41 42 50 48 46 41 59 61 48 48 40 77 57 58 76 49 72 40
internal_value=0.000262329 0.00493482 0.0157534 0.000918635 -0.00550459 0.0102484 0.0186275 -0.00792208 0.00625 -0.00590909 -0.00222222 0.00298507 -0.0103499 -0.00754386 -0.00443038 0.000931677 -0.00617978
internal_weight=953 527 146 381 426 161 102 385 96 220 180 134 343 285 237 161 89
internal_count=953 527 146 381 426 161 102 385 96 220 180 134 343 285 237 161 89
cat_boundaries=0 1 2
cat_threshold=2093120 4
is_linear=0
shrinkage=0.05


Tree=72
num_leaves=19
num_cat=1
split_feature=34 3 68 13 42 23 42 58 11 16 29 63 19 42 14 43 40 15
split_gain=7.30127 7.18773 9.96391 9.19085 9.43405 7.05985 7.16696 6.10374 5.19615 5.00908 5.07205 5.80224 4.89922 4.82007 4.63183 4.05 3.28914 1.2794
threshold=0.9810480125956188 0 52.118000000000016 93.835000000000022 0.99625154598177823 95.000000000000014 0.99904172887018305 73.710000000000022 1753.4950000000001 0.81741362622821223 -123.33999999999996 0.80761299744193404 565.00000000000011 0.82994875693866188 105.93500000000002 0.97793383992446492 -21.691442434092981 70.02000000000001
decision_type=2 9 2 2 2 2 2 2 2 2 2 2 2 2 2 2 2 2
left_child=15 2 8 4 14 -3 7 9 -2 10 -7 -12 16 -13 17 -1 -5 -4
right_child=1 5 3 12 -6 6 -8 -9 -10 -11 11 13 -14 -15 -16 -17 -18 -19
leaf_value=0.41396557602310757 0.53908626999823039 -0.85137329263322747 -0.0092761207569697756 0.61431478737782474 -0.46823675587362434 -0.27383306958356712 0.2771110915447576 -0.33771380491845893 0.21647314809302234 0.30099170534484837 0.14238930200657532 -0.38296965654805604 -0.10196912852506586 -0.037746793942607583 0.024020996011233111 0.047461594904403451 0.034442505901398947 -0.15426045426478546
leaf_weight=40 41 42 43 47 46 51 49 68 48 40 64 41 75 77 66 40 45 49
leaf_count=40 41 42 43 47 46 51 49 68 48 40 64 41 75 77 66 40 45 49
internal_value=-0.000720165 -0.00201794 0.00234043 -0.00121294 -0.00833333 -0.00656109 -0.00461538 -0.00718475 0.0174157 -0.00384615 -0.00665236 -0.00274725 0.00748503 -0.00932203 -0.00253165 0.01375 0.0152174 -0.00978261
internal_weight=972 892 460 371 204 432 390 341 89 273 233 182 167 118 158 80 92 92
internal_count=972 892 460 371 204 432 390 341 89 273 233 182 167 118 158 80 92 92
cat_boundaries=0 1
cat_threshold=2
is_linear=0
shrinkage=0.05


Tree=73
num_leaves=20
num_cat=2
split_feature=46 45 25 58 4 51 9 38 30 13 39 68 20 16 11 11 36 32 45
split_gain=8.64799 13.094 9.03939 7.66466 11.3033 9.71689 7.65512 7.1713 6.88902 11.6485 7.32366 8.49303 4.28381 3.93125 3.75409 6.8058 3.27662 3.18584 6.7922
threshold=0 0.015515273888708101 675.00000000000011 76.390000000000015 1.0000000180025095e-35 1 409.53000000000003 220.76992063492068 8.7450000000000063 110.26000000000001 -20.292786990123446 127.36400000000002 205.00000000000003 0.77260768868994545 619.98500000000001 491.22500000000008 0.0087836803843963016 0.97468478458684638 0.019776720888752552
decision_type=1 2 2 2 2 1 2 2 2 2 2 2 2 2 2 2 2 2 2
left_child=3 2 6 4 5 12 -2 16 10 -10 -7 14 -1 -3 15 -12 -5 18 -14
right_child=1 13 -4 7 -6 8 -8 -9 9 -11 11 -13 17 -15 -16 -17 -18 -19 -20
leaf_value=-0.19471805109044951 -0.072795266095169717 -0.47084859657264283 -0.68629749217210412 -0.40482423330768819 1.3659284305603983 0.37097614810789853 0.77205953829077023 0.12992238589992944 0.96564688652935338 0.021216592275096868 -0.18555226287865667 0.53152850544927033 0.17035960846152209 -0.41444198652461073 -0.15593442889832368 0.19696025812306869 -0.09753903296216411 -0.211098668344885 -0.028692444078099656
leaf_weight=41 42 42 46 44 40 56 41 52 43 46 78 40 58 45 44 47 40 40 69
leaf_count=41 42 42 46 44 40 56 41 52 43 46 78 40 58 45 44 47 40 40 69
internal_value=-0.000733753 -0.00929204 0.000387597 0.00187166 0.00431894 0.0024911 0.010241 -0.00882353 0.00741758 0.0196629 0.00358491 -0.000717703 -0.0059633 -0.0247126 -0.0056213 -0.0012 -0.0178571 -0.00269461 0.0011811
internal_weight=954 216 129 738 602 562 83 136 354 89 265 209 208 87 169 125 84 167 127
internal_count=954 216 129 738 602 562 83 136 354 89 265 209 208 87 169 125 84 167 127
cat_boundaries=0 1 2
cat_threshold=6 658220
is_linear=0
shrinkage=0.05


Tree=74
num_leaves=18
num_cat=1
split_feature=51 30 29 29 39 39 44 14 34 33 10 45 38 14 44 40 14
split_gain=11.7226 8.02652 5.63745 5.83335 6.77084 5.52933 4.79715 5.88295 4.8704 5.95839 6.78108 6.56515 5.86725 4.58999 3.81492 3.32157 2.71005
threshold=0 14.810000000000061 -128.06500000000005 -113.78499999999998 -17.63969810262201 -18.284967499996366 0.063016766120061116 75.140000000000015 0.99145639083761428 0.58150116145785358 237.37500000000003 0.026046351407563301 150.76980725623585 102.7 0.026226254607314956 -24.024199653886992 109.40000000000002
decision_type=1 2 2 2 2 2 2 2 2 2 2 2 2 2 2 2 2
left_child=2 6 -1 -4 5 14 7 -2 -9 11 12 13 -11 -10 -5 -3 -15
right_child=1 15 3 4 -6 -7 -8 8 9 10 -12 -13 -14 16 -16 -17 -18
leaf_value=0.54151087150800881 -0.44513687987527178 0.13513292870426596 -0.24898608658947055 0.10155794653149144 -0.019125704065105966 0.21373293184798214 0.02476860550654152 0.25549519178771302 -0.090305109953392748 -0.068018477385604112 -0.69564094175615176 -0.017538673402831505 0.19377783326590181 -0.50268472319701518 -0.020204598974984656 -0.002693337552959463 -0.30628896473765421
leaf_weight=45 52 42 77 46 77 41 55 40 63 43 43 65 63 45 62 60 61
leaf_count=45 52 42 77 46 77 41 55 40 63 43 43 65 63 45 62 60 61
internal_value=-0.00285714 -0.00685358 0.00446927 0.00214521 0.00619469 0.0124161 -0.00943396 -0.0110526 -0.00910165 -0.0108355 -0.00302013 -0.015812 0.00377358 -0.0210059 0.00648148 0.00588235 -0.0273585
internal_weight=980 632 348 303 226 149 530 475 423 383 149 234 106 169 108 102 106
internal_count=980 632 348 303 226 149 530 475 423 383 149 234 106 169 108 102 106
cat_boundaries=0 1
cat_threshold=1925121
is_linear=0
shrinkage=0.05


Tree=75
num_leaves=17
num_cat=2
split_feature=51 34 13 15 54 45 32 15 68 51 10 39 45 9 43 10
split_gain=8.67834 8.15781 7.73085 6.3482 5.68381 5.21094 5.48662 4.78521 7.42805 4.19267 9.37193 4.03409 3.83851 3.65626 3.54815 3.33438
threshold=0 0.98916528545948046 45.940000000000005 74.719999999999999 1.0000000180025095e-35 0.025777285132503703 0.97434133157220504 71.140000000000029 34.045500000000004 1 212.09500000000003 -19.353075764716952 0.027029092422964203 201.72000000000006 0.84208305203822131 221.20500000000001
decision_type=1 2 2 2 2 2 2 2 2 1 2 2 2 2 2 2
left_child=1 -1 -2 9 5 6 7 -3 -9 10 -4 -5 13 -11 -15 -16
right_child=2 4 3 11 -6 -7 -8 8 -10 12 -12 -13 -14 14 15 -17
leaf_value=0.51038681615279846 -0.16407606760467175 0.24706793885962811 -0.12909323725964114 -0.012027165720876809 -0.4678515519403007 -0.2644530078323058 -0.29370463841284788 0.15520486225040672 -0.042166878731026008 -0.14911204274017961 0.2034059975955998 0.36789842500635594 0.088214088456917861 -0.043926230448143103 -0.11204187845760689 0.062007734962096529
leaf_weight=45 46 79 52 63 55 61 46 41 73 72 51 53 46 48 46 70
leaf_count=45 46 79 52 63 55 61 46 41 73 72 51 53 46 48 46 70
internal_value=-0.000158395 0.00536585 -0.00421903 -0.00249501 0.00295775 0.00566667 0.00899582 0.0126943 0.00614035 -0.00558442 0.00309735 0.00775862 -0.00856164 -0.0114407 -0.00731707 -0.00258621
internal_weight=947 400 547 501 355 300 239 193 114 385 103 116 282 236 164 116
internal_count=947 400 547 501 355 300 239 193 114 385 103 116 282 236 164 116
cat_boundaries=0 1 2
cat_threshold=1323087 99328
is_linear=0
shrinkage=0.05


Tree=76
num_leaves=21
num_cat=1
split_feature=51 36 36 59 57 9 32 63 15 33 19 35 32 32 45 36 39 39 40 39
split_gain=10.4981 6.88824 6.05524 5.499 5.92989 6.18222 5.73309 6.62372 6.25692 6.07302 6.16294 5.22619 6.64578 6.85714 5.17085 4.74947 4.79175 8.68515 3.22881 2.78261
threshold=0 0.18424476685079641 0.11632672106383452 1507.5150000000001 58.535000000000004 1486.7700000000002 0.98278219736528061 0.73443055060252516 74.55000000000004 0.14568117536203998 632.08500000000015 0.26904667780729791 0.94434353791865544 0.96635574547940228 0.020191641341178051 0.058336984792158805 -19.689743219361478 -18.206664815003212 -18.915477148291547 -21.475896233200434
decision_type=1 2 2 2 2 2 2 2 2 2 2 2 2 2 2 2 2 2 2 2
left_child=2 3 15 4 6 -6 7 -2 9 -9 11 12 -11 -14 -12 16 19 -18 -19 -1
right_child=1 -3 -4 -5 5 -7 -8 8 -10 10 14 -13 13 -15 -16 -17 17 18 -20 -21
leaf_value=0.02176363218981572 0.73646302625354787 -0.37225554529201887 0.63472289693752337 0.24507973110732381 -0.20332643091664446 -0.068478536591520728 -0.30757864597221796 -0.33505600383449025 0.30236109618831936 -0.19029633514076033 -0.48559458861490246 0.26735909353624276 0.79151995036088862 -0.25746717569289573 -0.13627134109477856 -0.23949520495747151 -0.32146699554699509 0.22423878292120245 -0.00011973377625871252 0.57582355712434374
leaf_weight=46 43 40 42 61 42 41 41 45 66 40 40 45 42 42 42 40 57 70 49 46
leaf_count=46 43 40 42 61 42 41 41 45 66 40 40 45 42 42 42 40 57 70 49 46
internal_value=-0.00102041 -0.00484375 0.00583333 -0.00355932 -0.00519849 -0.0174699 -0.0029148 -0.00111111 -0.00331492 -0.00641892 -0.00338645 0.00207101 -0.00322581 0.0047619 -0.0146341 0.00357143 0.00597015 0.00113636 0.00882353 0.0152174
internal_weight=980 630 350 590 529 83 446 405 362 296 251 169 124 84 82 308 268 176 119 92
internal_count=980 630 350 590 529 83 446 405 362 296 251 169 124 84 82 308 268 176 119 92
cat_boundaries=0 1
cat_threshold=1617988
is_linear=0
shrinkage=0.05


Tree=77
num_leaves=19
num_cat=1
split_feature=41 51 33 35 35 23 30 45 5 11 45 18 35 45 11 10 44 45
split_gain=7.914 5.00622 9.26476 9.3719 8.88223 8.10526 8.073 7.80466 9.61849 8.71111 7.75758 5.46308 6.54545 5.12863 4.1093 3.92727 3.80764 6.00296
threshold=0.022474747474747453 0 0.91342976746542393 0.054207794612212805 0.27070120413721049 295.00000000000006 6.99000000000001 0.017680071182558703 0.2678571428571429 752.73500000000013 0.026952207252696505 985.00000000000011 0.15368053635868023 0.026296707151366353 978.73500000000013 219.43000000000004 0.041536716756450202 0.021957686155235603
decision_type=2 1 2 2 2 2 2 2 2 2 2 2 2 2 2 2 2 2
left_child=1 2 3 5 6 -1 -5 9 10 15 16 -8 -13 14 -6 -3 17 -9
right_child=-2 7 -4 4 13 -7 11 8 -10 -11 -12 12 -14 -15 -16 -17 -18 -19
leaf_value=0.020276936285979732 0.31668257485399604 0.010740024643263624 -0.26675671171015963 -0.53782984968962921 0.071212867352151224 0.70445263243525591 0.015714754254982654 -0.18944690034119935 -0.34186360482436468 0.22229681696269665 0.16132899956193364 -0.40296037286781533 0.041271183030737069 -0.075933635118936318 0.31147145570439111 -0.45150514261751395 0.002591902318261763 -0.059240549616615824
leaf_weight=57 45 66 52 57 45 42 54 44 60 60 44 44 44 42 77 54 40 48
leaf_count=57 45 66 52 57 45 42 54 44 60 60 44 44 44 42 77 54 40 48
internal_value=-0.00158974 -0.00258065 0.000763359 0.0030303 -0.000688705 0.0166667 -0.00778894 -0.00657277 -0.0127119 0.00111111 -0.00681818 -0.00140845 -0.00909091 0.00792683 0.0131148 -0.00666667 -0.0128788 -0.0184783
internal_weight=975 930 514 462 363 99 199 416 236 180 176 142 88 164 122 120 132 92
internal_count=975 930 514 462 363 99 199 416 236 180 176 142 88 164 122 120 132 92
cat_boundaries=0 1
cat_threshold=1882692
is_linear=0
shrinkage=0.05


Tree=78
num_leaves=18
num_cat=2
split_feature=36 30 59 5 44 3 39 68 44 39 45 11 17 36 45 47 14
split_gain=7.48445 8.98492 7.41077 7.08306 6.65407 6.26749 6.79794 7.33672 6.06149 5.50756 5.46911 5.06374 7.93651 4.25063 8.33823 3.93315 3.8375
threshold=-0.029866484672387849 14.810000000000061 1965.0450000000003 0.69047619047619058 0.063016766120061116 0 -15.752723339995351 60.229000000000006 0.037850864757584306 -20.190746562401525 0.011622639020282502 619.98500000000001 245.00000000000003 0.025009481616483604 0.014976451865403051 1 102.33000000000001
decision_type=2 2 2 2 2 9 2 2 2 2 2 2 2 2 2 1 2
left_child=-1 2 3 4 5 6 7 15 10 -7 -3 12 -11 14 16 -2 -9
right_child=1 8 -4 -5 -6 9 -8 13 -10 11 -12 -13 -14 -15 -16 -17 -18
leaf_value=-0.14513569435365917 0.80097820860486102 0.020933762990355476 0.30812603352404377 -0.36353441702411421 0.17411388623895585 0.015910208690266003 0.12579710768933125 -0.18445006024325608 -0.0053668985053025864 -0.62071379416326211 0.4409691625123322 -0.35606226641267452 0.013420151027921179 -0.29288991822178473 0.35133436103946319 0.0074087889451991632 0.0040704958879487661
leaf_weight=74 42 40 44 54 50 68 53 57 44 40 42 70 72 62 42 53 45
leaf_count=74 42 40 44 54 50 68 53 57 44 40 42 70 72 62 42 53 45
internal_value=-0.000945378 0.000341686 -0.00172872 -0.0029661 -0.00152905 -0.00298013 0.00137363 -0.00149502 0.0126984 -0.00884615 0.0207317 -0.0137363 -0.00714286 -0.00679612 -0.00208333 0.01 -0.00980392
internal_weight=952 878 752 708 654 604 354 301 126 250 82 182 112 206 144 95 102
internal_count=952 878 752 708 654 604 354 301 126 250 82 182 112 206 144 95 102
cat_boundaries=0 1 2
cat_threshold=10 1
is_linear=0
shrinkage=0.05


Tree=79
num_leaves=19
num_cat=1
split_feature=11 57 13 44 29 68 15 54 10 39 60 14 68 51 8 8 25 10
split_gain=7.193 11.0322 9.48194 6.55231 6.33386 6.57598 7.10617 7.25849 8.2284 7.04079 6.54028 6.37211 5.42219 5.32744 9.05923 5.86492 6.05776 3.2
threshold=2205.8700000000003 135.28500000000003 123.39500000000001 0.04182024383328601 -137.10999999999996 195.68200000000004 76.189999999999998 1.0000000180025095e-35 221.20500000000001 -21.024977120102168 1488.2800000000002 94.65000000000002 30.253000000000004 0 1038.0385487528347 979.08163265306132 701.81500000000017 196.94500000000002
decision_type=2 2 2 2 2 2 2 2 2 2 2 2 2 1 2 2 2 2
left_child=1 2 4 -2 -1 6 7 8 9 -6 12 -10 -8 14 -11 17 -17 -15
right_child=3 -3 -4 -5 5 -7 10 -9 11 13 -12 -13 -14 15 -16 16 -18 -19
leaf_value=-0.4401927325753871 0.33207433387410035 -0.3068172762609187 0.52073581437237948 -0.016271282106521668 0.15430389625560964 0.43751712045519453 0.022877906116504934 -0.6703951666033604 -0.015176494742943181 -0.38123078697458512 -0.044289468960480249 0.24580583227622768 0.65490324933393529 -0.18189334986488001 0.15919396923770179 -0.3314109461910425 -0.020618725148735487 0.024292727547021012
leaf_weight=44 69 43 43 47 69 53 47 57 48 41 59 43 48 40 63 67 40 40
leaf_count=44 69 43 43 47 69 53 47 57 48 41 59 43 48 40 63 67 40 40
internal_value=-0.000468262 -0.00207101 -0.00074813 0.0112069 -0.00204216 -0.000909091 -0.00226586 -0.00511811 -0.00299335 -0.00638889 0.00714286 0.0104396 0.0152632 -0.00979381 0 -0.014467 -0.0228972 -0.005
internal_weight=961 845 802 116 759 715 662 508 451 360 154 91 95 291 104 187 107 80
internal_count=961 845 802 116 759 715 662 508 451 360 154 91 95 291 104 187 107 80
cat_boundaries=0 1
cat_threshold=1094276
is_linear=0
shrinkage=0.05


Tree=80
num_leaves=19
num_cat=1
split_feature=54 44 13 3 25 25 4 15 32 30 44 15 15 60 63 43 33 23
split_gain=5.58599 7.86066 7.36542 8.88657 6.87687 5.89501 5.74255 5.67503 5.11579 7.26607 5.41819 4.6802 4.30718 3.86278 3.74462 3.58519 3.39429 3.20889
threshold=1.0000000180025095e-35 0.021689821377941555 123.39500000000001 0 714.25000000000011 625.00000000000011 1.5000000000000002 62.445000000000014 0.97660661978607222 6.780000000000002 0.029628579529345004 73.670000000000002 67.849999999999994 1477.9900000000002 0.79849017226543462 0.88668588688236072 0.60102699463570575 225.00000000000003
decision_type=2 2 2 9 2 2 2 2 2 2 2 2 2 2 2 2 2 2
left_child=2 -2 3 6 5 11 7 -1 9 10 -9 14 -6 -13 -5 -11 -3 -17
right_child=1 16 -4 4 12 -7 -8 8 -10 15 -12 13 -14 -15 -16 17 -18 -19
leaf_value=0.19614962344815381 0.059544256642682925 -0.076397119399648092 0.52676386457170465 -0.034279545383735323 -0.41167982021399169 0.052299588872506325 0.56916308842288144 0.031429585455089094 -0.1741966209736564 -0.01198234003032308 -0.27902559629213075 0.33252210452523423 -0.074048219975872881 -0.10239175136604879 -0.32079917618530374 0.030418428998961744 -0.75710692912376631 0.59476933642113028
leaf_weight=65 59 55 48 55 48 61 57 42 55 54 41 40 53 59 42 50 50 40
leaf_count=65 59 55 48 55 48 61 57 42 55 54 41 40 53 59 42 50 50 40
internal_value=-0.00195072 -0.0103659 -0.000246914 -0.00144357 -0.00706522 -0.00291829 0.00362319 0.00129683 -0.00177305 0.00154185 -0.010241 -0.00714286 -0.0183168 0.000505051 -0.0149485 0.00833333 -0.0185714 0.0144444
internal_weight=974 164 810 762 358 257 404 347 282 227 83 196 101 99 97 144 105 90
internal_count=974 164 810 762 358 257 404 347 282 227 83 196 101 99 97 144 105 90
cat_boundaries=0 1
cat_threshold=2
is_linear=0
shrinkage=0.05


Tree=81
num_leaves=18
num_cat=1
split_feature=51 15 15 10 10 29 19 25 44 45 44 57 18 9 38 25 22
split_gain=6.70225 6.22736 6.07901 5.93939 5.00009 7.84401 6.21941 8.48319 7.13275 7.35517 5.72102 4.3955 7.79805 4.02433 4.53207 3.68182 3.11755
threshold=0 78.174999999999997 60.730000000000025 200.78500000000005 250.04000000000002 -132.21499999999995 815.00000000000011 835.00000000000011 0.025092146299971602 0.014976451865403051 0.054011908137227053 61.065000000000005 945.00000000000011 415.47000000000008 178.86385487528347 605.00000000000011 395.00000000000006
decision_type=1 2 2 2 2 2 2 2 2 2 2 2 2 2 2 2 2
left_child=1 2 -1 -4 5 -2 7 8 9 13 11 12 16 14 -7 -11 -10
right_child=4 -3 3 -5 -6 6 -8 -9 10 15 -12 -13 -14 -15 -16 -17 -18
leaf_value=0.25787059249669469 0.24594783034635193 0.26526271125164913 0.05578874590254284 -0.25173128272805456 -0.27921063741250834 -0.03581863378073926 0.31828590842008958 -0.41595615504777755 0.026834145656772182 -0.36761411436172975 -0.048471049636567724 -0.071338722019599121 0.53847913869461728 -0.059519596398940812 0.03077391500222362 -0.025215238876248061 -0.059147989041992234
leaf_weight=69 46 52 66 66 69 41 40 43 40 44 52 68 76 48 45 44 53
leaf_count=69 46 52 66 66 69 41 40 43 40 44 52 68 76 48 45 44 53
internal_value=-0.00135135 0.00551331 0.00174129 -0.00454545 -0.00382476 -0.0025 -0.0040404 -0.00541516 -0.00362035 -0.0103604 0.00155709 0.00485232 0.0091716 -0.00298507 0.00348837 -0.0215909 -0.000537634
internal_weight=962 253 201 132 709 640 594 554 511 222 289 237 169 134 86 88 93
internal_count=962 253 201 132 709 640 594 554 511 222 289 237 169 134 86 88 93
cat_boundaries=0 1
cat_threshold=1057859
is_linear=0
shrinkage=0.05


Tree=82
num_leaves=17
num_cat=1
split_feature=34 51 32 68 36 32 43 58 8 9 19 44 17 10 43 32
split_gain=8.64257 7.66987 6.6342 5.88631 6.35728 9.19608 5.85763 4.70226 7.14613 4.55144 4.40765 3.91464 6.83591 5.23919 4.99931 2.78839
threshold=0.9810480125956188 0 0.88668128875555929 40.032000000000004 0.11519894297296411 0.93140099884227368 0.86405879946896313 111.95500000000001 4157.8231292517021 325.31000000000006 545.00000000000011 0.042387297986957707 205.00000000000003 242.37500000000003 0.70282389000532075 0.96446810808175742
decision_type=2 1 2 2 2 2 2 2 2 2 2 2 2 2 2 2
left_child=-1 3 10 -2 5 -5 -7 8 11 -8 -3 12 -4 14 -14 -16
right_child=1 2 7 4 -6 6 9 -9 -10 -11 -12 -13 13 -15 15 -17
leaf_value=0.071936827406803058 0.33403880749661125 -0.34088492917921487 0.088130720322905642 -0.29062211228104434 0.25327755709880934 0.23766859136063412 -0.32708325793479354 -0.18020290421247154 0.32682038145690273 0.16047915093735537 -0.16844944400548983 -0.13808733140696888 -0.096194414600219602 -0.61625305498161043 0.076413691447876533 -0.013074918564887029
leaf_weight=71 67 53 40 71 44 43 62 42 57 66 43 66 48 49 54 71
leaf_count=71 67 53 40 71 44 43 62 42 57 66 43 66 48 49 54 71
internal_value=-0.000580781 -0.00194064 -0.00572233 0.00371901 0.000699301 -0.00247934 0.00380117 -0.00316159 -0.00142857 -0.0015625 -0.0177083 -0.00426829 -0.00152672 -0.00495495 -0.000867052 0.0044
internal_weight=947 876 523 353 286 242 171 427 385 128 96 328 262 222 173 125
internal_count=947 876 523 353 286 242 171 427 385 128 96 328 262 222 173 125
cat_boundaries=0 1
cat_threshold=1782786
is_linear=0
shrinkage=0.05


Tree=83
num_leaves=19
num_cat=1
split_feature=14 12 29 20 51 25 10 15 68 19 17 44 15 60 18 44 39 38
split_gain=7.47062 5.76133 6.16595 6.22817 6.34852 9.47645 6.68851 7.30125 5.69547 6.02703 6.14215 5.99122 4.90889 4.31279 7.34194 4.13192 5.40781 2.9882
threshold=122.59500000000001 151.62000000000003 -139.60999999999993 245.00000000000003 0 871.40500000000009 214.80500000000004 72.225000000000023 195.68200000000004 595.00000000000011 375.00000000000006 0.023958037992628255 57.835000000000029 1488.2800000000002 1867.4150000000002 0.054295435214062902 -19.353075764716952 202.27682539682544
decision_type=2 2 2 2 1 2 2 2 2 2 2 2 2 2 2 2 2 2
left_child=1 2 -1 15 6 8 7 -5 9 10 -6 -12 -8 -13 -15 16 -4 -18
right_child=-2 -3 3 4 5 -7 12 -9 -10 -11 11 13 -14 14 -16 -17 17 -19
leaf_value=-0.34968622366185614 -0.48267496990852199 0.2845606212977117 0.047520985857596544 -0.27363912550613773 0.194702884097957 -0.2671177973701106 -0.034498919119202574 -0.012477057132121327 0.55369309875602202 0.2450500933484816 -0.095723950132241775 0.75342892250883586 0.14874871399099515 -0.29328134579507747 0.16115889881159104 -0.15097223168093132 -0.0023130871329108517 -0.50015359748041743
leaf_weight=43 40 43 53 68 65 40 40 64 44 63 73 41 50 40 58 40 61 42
leaf_count=43 40 43 53 68 65 40 40 64 44 63 73 41 50 40 58 40 61 42
internal_value=-0.00134298 -0.000431034 -0.00129944 -0.000356295 0.00201238 0.00552995 -0.00474138 -0.0121212 0.00807292 0.00588235 0.00270758 -0.00141509 0.00555556 0.00467626 -0.00102041 -0.00816327 -0.00448718 -0.011165
internal_weight=968 928 885 842 646 424 222 132 384 340 277 212 90 139 98 196 156 103
internal_count=968 928 885 842 646 424 222 132 384 340 277 212 90 139 98 196 156 103
cat_boundaries=0 1
cat_threshold=557846
is_linear=0
shrinkage=0.05


Tree=84
num_leaves=19
num_cat=1
split_feature=54 51 59 19 44 8 43 8 42 35 32 32 17 35 24 16 17 33
split_gain=8.29229 7.75754 9.56361 8.38915 7.37809 6.46183 5.58377 4.51378 4.61806 6.4278 4.40471 9.17379 5.61916 6.8839 6.61245 3.83978 3.42241 3.02703
threshold=1.0000000180025095e-35 0 1492.3800000000003 415.00000000000006 0.021689821377941555 898.39002267573699 0.91739165839182313 1005.6462585034016 0.93427151301279387 0.32939720848582016 0.88770256985292151 0.90468051531234239 345.00000000000006 0.20883233896366257 796.82500000000016 0.79944877773706169 745.00000000000011 0.60256760328234804
decision_type=2 1 2 2 2 2 2 2 2 2 2 2 2 2 2 2 2 2
left_child=1 3 10 6 -2 -5 -1 -7 9 -9 -3 -12 13 14 -13 17 -6 -14
right_child=4 2 -4 5 16 7 -8 8 -10 -11 11 12 15 -15 -16 -17 -18 -19
leaf_value=-0.31342260284343326 0.025963228335981726 -0.058447248212292108 0.60918642388177779 -0.33964433476517897 -0.58098791716238762 0.29548715814214382 -0.0041059954193670483 -0.19081637505401458 0.15034217174856668 0.077220271772403676 0.55191779351437165 0.025112884742456033 -0.0088731179973927429 -0.078583890840183565 0.43030324654065311 0.20296938353374758 -0.1193053438918283 -0.092977811372301045
leaf_weight=48 59 66 44 41 55 41 62 61 64 65 40 49 48 42 40 43 53 63
leaf_count=48 59 66 44 41 55 41 62 61 64 65 40 49 48 42 40 43 53 63
internal_value=-0.00152439 0.000550796 0.00505618 -0.00459184 -0.0116766 0 -0.0163636 0.00324675 0 -0.00555556 0.00268542 0.00507692 0.00192982 0.00954198 0.0174157 -0.00454545 -0.0194444 -0.00945946
internal_weight=984 817 435 382 167 272 110 231 190 126 391 325 285 131 89 154 108 111
internal_count=984 817 435 382 167 272 110 231 190 126 391 325 285 131 89 154 108 111
cat_boundaries=0 1
cat_threshold=101305
is_linear=0
shrinkage=0.05


Tree=85
num_leaves=19
num_cat=1
split_feature=51 44 42 22 68 25 33 14 14 61 24 22 14 44 11 21 14 9
split_gain=6.99241 7.51026 7.16377 6.18262 8.76359 6.12865 5.64667 5.16665 4.82894 4.78192 6.99194 5.24538 4.74376 4.6808 3.93024 3.59284 3.36983 3.26265
threshold=0 0.017153388148568153 0.88355353351910904 535.00000000000011 57.455000000000005 894.86500000000012 0.49274954389164416 77.560000000000002 115.35000000000001 1255.7800000000002 1535.0000000000002 632.08500000000015 93.360000000000014 0.027360362914658303 530.20500000000004 800.97500000000014 72.189999999999998 1488.2800000000002
decision_type=1 2 2 2 2 2 2 2 2 2 2 2 2 2 2 2 2 2
left_child=2 -2 14 6 -5 -6 17 16 9 10 11 12 -9 -8 -1 -14 -3 -4
right_child=1 7 3 4 5 -7 13 8 -10 -11 -12 -13 15 -15 -16 -17 -18 -19
leaf_value=0.34079010551759803 -0.22232455380784055 -0.0019921330052973473 -0.21536460559261503 0.28713611439969861 -0.32190209856010021 -0.010160059885881001 0.02250339722663677 -0.045782885880714622 -0.2147761832240967 0.28947452114738098 -0.22190494866275101 -0.15257975614573915 0.025055692938874687 0.31375308521633588 0.0091157411324692909 1.023826193217829 -0.20875061521885138 0.092957171851489315
leaf_weight=42 79 41 50 58 73 42 56 40 41 41 44 58 42 51 72 51 42 48
leaf_count=42 79 41 50 58 73 42 56 40 41 41 44 58 42 51 72 51 42 48
internal_value=-0.00118435 -0.00541922 0.00298805 -0.00026455 -0.00722543 -0.0152174 0.00560976 -0.00275 0.000157729 0.00253623 -0.000212766 0.0039267 0.0093985 0.0135514 0.0140351 0.0155914 -0.0138554 -0.00306122
internal_weight=971 479 492 378 173 115 205 400 317 276 235 191 133 107 114 93 83 98
internal_count=971 479 492 378 173 115 205 400 317 276 235 191 133 107 114 93 83 98
cat_boundaries=0 1
cat_threshold=2040972
is_linear=0
shrinkage=0.05


Tree=86
num_leaves=18
num_cat=0
split_feature=25 18 32 32 19 14 42 39 32 58 23 35 14 40 45 39 14
split_gain=7.34887 7.35434 6.48408 5.90584 7.36514 9.2621 6.52636 5.98951 5.9583 10.3508 6.76459 5.56481 9.57871 4.04086 3.85714 3.50962 3.36296
threshold=721.63000000000011 854.86500000000012 0.9736256832354433 0.97343015801434085 515.00000000000011 104.34500000000001 0.91301548235631413 -20.773574912186032 0.88836990433958796 103.90500000000002 225.00000000000003 0.26429105378547263 105.69000000000001 -33.551561371096945 0.019103542791366203 -20.742328562430941 100.01500000000003
decision_type=2 2 2 2 2 2 2 2 2 2 2 2 2 2 2 2 2
left_child=3 -2 11 4 6 13 7 -1 -8 10 -10 15 -13 -6 -9 -3 -5
right_child=1 2 -4 16 5 -7 8 14 9 -11 -12 12 -14 -15 -16 -17 -18
leaf_value=0.011339628765811316 -0.42028280834741666 -0.59465868494492047 0.09653129072653642 -0.21120832611744866 0.65347573180264862 -0.1018881972448912 -0.046973027713273656 -0.078329533246288288 0.039418710558095427 -0.032906120782040561 0.56878685628587 -0.23159370636858301 0.27215267961905315 0.1006999336964066 -0.31589389964404058 -0.12160408811252613 0.00033680560713378327
leaf_weight=50 47 41 47 73 59 51 53 42 52 54 64 55 41 76 42 72 51
leaf_count=50 47 41 47 73 59 51 53 42 52 54 64 55 41 76 42 72 51
internal_value=-0.00195876 -0.00841584 -0.00507813 0.000974513 0.00322284 0.0112903 -0.000980392 -0.00970149 0.00426009 0.00882353 0.0172414 -0.00885167 0 0.0181481 -0.0178571 -0.0163717 -0.00887097
internal_weight=970 303 256 667 543 186 357 134 223 170 116 209 96 135 84 113 124
internal_count=970 303 256 667 543 186 357 134 223 170 116 209 96 135 84 113 124
is_linear=0
shrinkage=0.05


Tree=87
num_leaves=20
num_cat=1
split_feature=46 30 44 10 14 22 63 9 33 39 45 35 44 15 9 63 15 43 33
split_gain=9.20129 7.02405 6.30854 6.14671 7.58552 7.49517 6.68187 5.97115 7.77893 6.96618 6.3639 5.6633 5.20095 5.14286 4.60641 4.06623 2.84444 2.82993 2.50121
threshold=0 21.024999999999867 0.063016766120061116 210.68000000000004 74.965000000000018 621.03000000000009 0.80512417861321495 409.53000000000003 0.79824045852656977 -18.77133800367578 0.022821101665085202 0.3189351990340254 0.021689821377941555 70.444999999999993 170.08000000000001 0.7679571835057194 72.009999999999991 0.97484896097213525 0.6557671789071241
decision_type=1 2 2 2 2 2 2 2 2 2 2 2 2 2 2 2 2 2 2
left_child=12 2 3 4 -2 11 -6 8 9 -8 17 13 -1 15 -7 -5 -11 -9 -14
right_child=1 -3 -4 5 6 14 7 10 -10 16 -12 -13 18 -15 -16 -17 -18 -19 -20
leaf_value=0.002258480911578964 -0.39072287959711716 0.096858318465552706 0.26921187146427944 0.0020220860221819236 0.23924898531967359 0.018488366237616915 0.081456704608670813 -0.29279205834518435 0.22763185021214982 -0.11630573888474345 0.017539007449334766 0.88099544054907497 -0.1062165356433972 -0.12742829578605033 -0.20513078169654053 0.51802893377321479 -0.095954470781513035 -0.032074619788763671 -0.54317064767096779
leaf_weight=56 41 64 63 43 63 40 57 49 44 45 40 51 58 42 47 41 45 42 45
leaf_count=56 41 64 63 43 63 40 57 49 44 45 40 51 58 42 47 41 45 42 45
internal_value=-0.000922131 0.00126965 -6.64011e-05 -0.00144928 -0.00516432 0.00454545 -0.00298701 -0.00590062 -0.00026178 -0.00578231 -0.0141221 0.010452 -0.0115385 0.0047619 -0.00747126 0.0119048 -0.0144444 -0.0214286 -0.018932
internal_weight=976 817 753 690 426 264 385 322 191 147 131 177 159 126 87 84 90 91 103
internal_count=976 817 753 690 426 264 385 322 191 147 131 177 159 126 87 84 90 91 103
cat_boundaries=0 1
cat_threshold=8
is_linear=0
shrinkage=0.05


Tree=88
num_leaves=18
num_cat=1
split_feature=51 59 35 15 43 40 39 40 45 32 12 13 45 14 33 35 15
split_gain=9.14959 11.437 7.05396 6.29669 6.01282 5.43913 7.2322 6.61848 5.04111 4.73088 4.64827 6 5.75614 6.55926 5.22667 4.29925 4.29318
threshold=0 1693.1300000000003 0.53423666476730913 73.52000000000001 0.85471966621605566 -21.337678871827585 -17.854326759212814 -27.657987248089793 0.024102760024654005 0.92219909161424718 130.46000000000004 114.86500000000001 0.01120458973782955 109.56000000000002 0.87023623018406637 0.53877711091061964 72.785000000000011
decision_type=1 2 2 2 2 2 2 2 2 2 2 2 2 2 2 2 2
left_child=2 3 8 5 -5 7 -7 9 10 15 12 -12 14 16 -1 -2 -14
right_child=1 -3 -4 4 -6 6 -8 -9 -10 -11 11 -13 13 -15 -16 -17 -18
leaf_value=0.43303544016782514 0.017235709118686059 0.39824345131635114 -0.092194715963243121 0.095035129254386605 -0.077109131465930514 -0.38364429675631834 -0.080911697972382512 0.036076473138521692 0.59089160779531869 -0.25052952433293502 0.2924044652697888 0.0064752183289634507 0.020864509388481167 -0.25296732775440994 -0.038078875681688641 -0.15871194860339699 -0.26926267593086556
leaf_weight=60 52 41 51 56 78 46 73 74 42 45 48 48 63 44 40 59 51
leaf_count=60 52 41 51 56 78 46 73 74 42 45 48 48 63 44 40 59 51
internal_value=-0.00252317 -0.00692884 0.00273523 -0.00921325 0 -0.0127507 -0.0214286 -0.00826087 0.00505051 -0.0141026 0.00310734 0.0125 -0.000387597 -0.00632911 0.009 -0.00855856 0
internal_weight=971 524 447 483 134 349 119 230 396 156 354 96 258 158 100 111 114
internal_count=971 524 447 483 134 349 119 230 396 156 354 96 258 158 100 111 114
cat_boundaries=0 1
cat_threshold=2072592
is_linear=0
shrinkage=0.05


Tree=89
num_leaves=19
num_cat=1
split_feature=51 38 24 57 15 33 40 38 63 15 38 35 25 22 25 29 10 8
split_gain=7.63011 7.00671 6.75924 7.07932 5.33516 6.05994 7.98083 6.28947 9.07642 6.11178 5.56733 5.39005 5.23966 4.62856 4.48965 3.56744 2.20384 1.96283
threshold=0 234.83756235827676 2965.0000000000005 61.065000000000005 74.719999999999999 0.14568117536203998 -21.691442434092981 202.03259637188208 0.88288838368009126 66.940000000000026 215.55832199546489 0.044682336176669758 680.34000000000003 642.12000000000012 625.00000000000011 -103.83 202.77500000000003 1280.4421768707487
decision_type=1 2 2 2 2 2 2 2 2 2 2 2 2 2 2 2 2 2
left_child=12 2 3 4 5 -2 7 13 -9 11 -6 -8 17 14 -7 -5 -11 -1
right_child=1 -3 -4 15 10 6 9 8 -10 16 -12 -13 -14 -15 -16 -17 -18 -19
leaf_value=0.67041765557979394 -0.18176924090576385 -0.32305912383790636 0.41473283061719712 -0.31664390186447949 -0.012711308740004769 -0.012085972928912492 0.023361018101031396 0.77265430980197825 -0.037533876764895439 -0.1964295894521918 0.86798451627923334 -0.19256658712330632 -0.089425615056366953 -0.096125800550630205 0.15653967252095488 -0.02048932271163011 -0.10273629301977182 0.34202742228744898
leaf_weight=40 61 42 42 58 71 52 62 48 44 44 43 50 40 73 54 55 47 42
leaf_count=40 61 42 42 58 71 52 62 48 44 44 43 50 40 73 54 55 47 42
internal_value=-0.00216942 -0.00385514 -0.0028607 -0.00393701 -0.00192604 -0.00401869 -0.0021097 0.00350554 0.0141304 -0.00960591 0.00789474 -0.00178571 0.00909091 -0.00195531 0.00471698 -0.0154867 -0.0192308 0.0170732
internal_weight=968 846 804 762 649 535 474 271 92 203 114 112 122 179 106 113 91 82
internal_count=968 846 804 762 649 535 474 271 92 203 114 112 122 179 106 113 91 82
cat_boundaries=0 1
cat_threshold=1056769
is_linear=0
shrinkage=0.05


Tree=90
num_leaves=19
num_cat=0
split_feature=34 32 15 13 24 24 44 15 18 68 32 14 40 68 71 57 11 23
split_gain=7.76105 5.47399 6.26709 7.43299 6.25652 6.8047 6.94692 10.3815 6.12443 6.10159 6.07545 5.63333 6.09367 5.24289 4.87619 6.44329 2.64578 2.1319
threshold=0.97861739600011333 0.88668128875555929 76.189999999999998 69.305000000000021 800.97500000000014 871.40500000000009 0.042387297986957707 67.420000000000002 1055.0000000000002 30.514000000000003 0.96318685073848187 93.815000000000012 -22.670382734363141 42.020500000000006 -20.382508404062843 62.605000000000011 553.41500000000008 525.00000000000011
decision_type=2 2 2 2 2 2 2 2 2 2 2 2 2 2 2 2 2 2
left_child=-1 9 3 13 -5 -6 7 8 -7 -2 -9 -4 -13 -3 15 -11 -15 -10
right_child=1 2 11 4 5 6 -8 10 17 14 -12 12 -14 16 -16 -17 -18 -19
leaf_value=0.30848594036180066 0.16926120530632752 -0.00080504351954004962 -0.16456486633435966 -0.23771354854696441 0.24986749825596208 0.011527695666340777 -0.2792477572342959 1.1663991178165274 -0.20751336846787397 0.094716715322064007 0.014088356093305899 0.0096761194928379982 0.73814768903083849 -0.19749449937717645 -0.21816187577647775 -0.51871790142418994 -0.10931824630415043 -0.081867723823262351
leaf_weight=70 40 40 40 74 43 73 53 46 41 40 44 77 43 53 56 44 42 42
leaf_count=70 40 40 40 74 43 73 53 46 41 40 44 77 43 53 56 44 42 42
internal_value=-0.00317378 -0.00443322 -0.00246132 -0.00499093 -0.00168269 0.00116959 -0.00150502 0.00203252 -0.00576923 -0.0122222 0.0155556 0.00625 0.0116667 -0.0151852 -0.0171429 -0.00952381 -0.0215789 -0.0150602
internal_weight=961 891 711 551 416 342 299 246 156 180 90 160 120 135 140 84 95 83
internal_count=961 891 711 551 416 342 299 246 156 180 90 160 120 135 140 84 95 83
is_linear=0
shrinkage=0.05


Tree=91
num_leaves=19
num_cat=1
split_feature=51 34 54 63 38 63 33 25 19 39 25 63 38 23 29 63 19 32
split_gain=7.60709 7.60196 7.55774 9.84952 8.80176 12.2714 6.90601 8.16667 14.961 6.20606 5.90211 4.37616 6.26274 7.11329 4.20644 3.23878 2.93117 2.08603
threshold=0 0.99992894433466517 1.0000000180025095e-35 0.7462818687889744 205.95037414966001 0.8658129249679084 0.80619371518517202 721.63000000000011 465.00000000000006 -18.334664703180454 835.00000000000011 0.78625573722346376 220.76992063492068 395.00000000000006 -116.10999999999999 0.76409769699134145 555.00000000000011 0.9533416112427171
decision_type=1 2 2 2 2 2 2 2 2 2 2 2 2 2 2 2 2 2
left_child=1 -1 3 -2 6 -6 7 8 -5 -7 11 14 13 17 15 -3 -4 -13
right_child=2 10 16 4 5 9 -8 -9 -10 -11 -12 12 -14 -15 -16 -17 -18 -19
leaf_value=0.58383615061494187 0.093394289258693419 -0.14322229548617679 -0.11968148676788957 -0.086078767422846536 0.70582520128039006 0.037756637342014267 0.0091927310622629942 -0.37016698275783838 0.16717635121626487 -0.47477918088402282 -0.25610983911361201 -0.044945495152667908 0.10063116186223837 -0.14218081069617447 0.40692982080715584 0.23484049629363107 -0.61167720804895787 0.12466461148241806
leaf_weight=41 73 49 41 44 46 48 63 60 56 40 54 55 73 46 41 56 40 41
leaf_count=41 73 49 41 44 46 48 63 60 56 40 54 55 73 46 41 56 40 41
internal_value=-0.00211996 0.00257511 -0.006238 -0.00372093 -0.00714286 0.00298507 -0.0132287 -0.01875 -0.01 -0.00795455 0.00060241 0.00290859 -0.00162791 -0.00774648 0.00958904 0.00428571 -0.0203704 0
internal_weight=967 456 511 430 357 134 223 160 100 88 415 361 215 142 146 105 81 96
internal_count=967 456 511 430 357 134 223 160 100 88 415 361 215 142 146 105 81 96
cat_boundaries=0 1
cat_threshold=1534020
is_linear=0
shrinkage=0.05


Tree=92
num_leaves=17
num_cat=1
split_feature=59 41 36 8 40 51 68 18 10 63 44 37 54 15 11 24
split_gain=7.08376 6.09914 5.95624 8.40448 6.71288 5.5154 5.29095 6.00506 5.41326 4.79779 4.89044 7.51619 4.45285 3.89368 3.107 2.74086
threshold=1979.3900000000001 0.020620748299319706 -0.027716702244404649 873.03854875283457 -42.592007370808346 0 33.501500000000014 1945.0000000000002 196.64000000000001 0.76465443499730834 0.029912106606180853 0.75905581735493399 1.0000000180025095e-35 64.66500000000002 661.17500000000007 1115.0000000000002
decision_type=2 2 2 2 2 1 2 2 2 2 2 2 2 2 2 2
left_child=1 2 -1 -4 -5 6 -6 8 -8 15 11 14 13 -10 -11 -7
right_child=-2 -3 3 4 5 9 7 -9 12 10 -12 -13 -14 -15 -16 -17
leaf_value=-0.15293795368142843 0.36679588873803159 0.23270440888022892 -0.38670379175370295 -0.17516933986894545 0.36792861446253622 -0.37654712923217881 -0.048417215029095573 -0.091992870701625054 0.46822578016923022 -0.027916017300620412 0.027147642666851369 0.028627912214678732 -0.42127031908759033 0.15230539380734714 -0.31698369749392175 -0.096352511946769331
leaf_weight=74 42 55 58 63 55 44 67 65 59 43 78 55 54 72 40 42
leaf_count=74 42 55 58 63 55 44 67 65 59 43 78 55 54 72 40 42
internal_value=-0.00341615 -0.004329 -0.00535098 -0.00408805 -0.00264586 -0.00118694 0.00287958 0.000473186 0.00396825 -0.00608974 -0.00231481 -0.00797101 0.00837838 0.0133588 -0.0174699 -0.0162791
internal_weight=966 924 869 795 737 674 372 317 252 302 216 138 185 131 83 86
internal_count=966 924 869 795 737 674 372 317 252 302 216 138 185 131 83 86
cat_boundaries=0 1
cat_threshold=1288278
is_linear=0
shrinkage=0.05


Tree=93
num_leaves=18
num_cat=0
split_feature=68 33 39 8 39 44 68 68 63 17 49 30 36 39 18 43 29
split_gain=6.71446 7.88654 7.41561 6.61074 6.82134 10.6243 6.45711 6.4 6.32278 6.80994 5.86251 5.61641 4.33897 4.07044 5.06297 3.66324 2.47153
threshold=52.118000000000016 0.66854075043410854 -20.382508404062843 873.03854875283457 -15.921601062575986 0.025942727530479104 191.96850000000003 106.64600000000002 0.77778897612088205 1045.0000000000002 1.0000000180025095e-35 8.8549999999999631 0.018443942221056702 -18.704463429947648 1015.0000000000001 0.90950341354080655 -82.649999999999935
decision_type=2 2 2 2 2 2 2 2 2 2 2 2 2 2 2 2 2
left_child=1 2 16 -2 5 6 7 15 10 -10 11 -7 -12 -4 -15 -5 -1
right_child=3 -3 13 4 -6 8 -8 -9 9 -11 12 -13 -14 14 -16 -17 -18
leaf_value=0.79995948520744753 -0.37322531967896994 0.16292401725209552 -0.11396465248139696 -0.0080442112570736409 0.089048783810198276 -0.11698520137972715 0.03475760020848178 -0.84098781602272832 0.010211210708304464 -0.21067901419047985 0.16354841756016911 0.12874554274652114 0.28234855804912656 -0.15492840930521085 0.1866245711455532 -0.21312770178297635 0.0043681724226004807
leaf_weight=43 57 52 56 63 75 52 44 65 72 47 69 48 41 47 40 41 40
leaf_count=43 57 52 56 63 75 52 44 65 72 47 69 48 41 47 40 41 40
internal_value=-0.00294118 0.00359712 -0.000442478 -0.00563798 -0.0041329 -0.00608856 -0.0147887 -0.0192308 -0.000455927 -0.00966387 0.0047619 -0.004 0.0127273 -0.00734266 -0.000574713 -0.0115385 0.0114458
internal_weight=952 278 226 674 617 542 213 169 329 119 210 100 110 143 87 104 83
internal_count=952 278 226 674 617 542 213 169 329 119 210 100 110 143 87 104 83
is_linear=0
shrinkage=0.05


Tree=94
num_leaves=17
num_cat=2
split_feature=51 42 34 68 10 15 15 58 38 8 51 43 15 39 44 35
split_gain=6.62825 7.78774 6.55188 6.29378 5.92628 8.58126 5.34405 5.09486 7.6405 9.88603 4.89475 7.01531 6.09733 4.56711 3.65928 3.21169
threshold=0 0.98956961187263492 0.98916528545948046 96.89800000000001 207.48000000000005 59.134999999999998 74.55000000000004 110.29000000000001 215.75687074829912 4157.8231292517021 1 0.89616233854625726 67.915000000000035 -19.731332246491032 0.035299121066061756 0.094906842106152564
decision_type=1 2 2 2 2 2 2 2 2 2 1 2 2 2 2 2
left_child=1 4 -2 -3 6 -6 -1 8 9 10 15 12 -12 -10 -13 -4
right_child=2 3 7 -5 5 -7 -8 -9 13 -11 11 14 -14 -15 -16 -17
leaf_value=-0.02604497421018577 0.28456702577741882 0.01398949711423887 -0.010215800065676817 -0.26230259375781489 0.028184385505546319 0.93532398725162769 0.34592604931152088 -0.1950270014175608 -0.11611876556490444 0.2803860866006353 -0.076943253585670141 0.18779384293785598 0.040321442616244242 -0.0305998366701008 -0.0018872275903966341 -0.23904439247565251
leaf_weight=56 67 78 59 59 43 61 40 69 47 51 74 56 51 54 47 55
leaf_count=56 67 78 59 59 43 61 40 69 47 51 74 56 51 54 47 55
internal_value=-0.00201655 0.00360231 -0.005 -0.00547445 0.01 0.0182692 0.00104167 -0.00683837 -0.00506073 -0.0019084 -0.00497076 -0.000420168 -0.0084 -0.0173267 0.0092233 -0.0129032
internal_weight=967 337 630 137 200 104 96 563 494 393 342 228 125 101 103 114
internal_count=967 337 630 137 200 104 96 563 494 393 342 228 125 101 103 114
cat_boundaries=0 1 2
cat_threshold=1649152 135520
is_linear=0
shrinkage=0.05


Tree=95
num_leaves=19
num_cat=1
split_feature=59 5 38 38 51 40 35 19 44 44 44 63 22 25 38 29 39 33
split_gain=8.10695 6.79129 7.37255 7.60412 5.6362 5.82793 5.59741 4.56522 3.97239 7.18405 4.96052 3.94144 3.57194 4.15769 4.98399 9.05181 2.61379 1.73965
threshold=1979.3900000000001 0.2678571428571429 185.65196145124716 216.49464852607721 0 -33.726652471282122 0.49467124985714411 686.40500000000009 0.020414914274596754 0.025768129054854105 0.040686135525942711 0.81820485677525456 615.00000000000011 675.00000000000011 191.8833673469388 -90.224999999999994 -17.127332436164171 0.58777560193719658
decision_type=2 2 2 2 1 2 2 2 2 2 2 2 2 2 2 2 2 2
left_child=1 4 -3 -4 5 11 7 8 16 -10 -11 -1 13 14 -7 -16 -6 -14
right_child=-2 2 3 -5 6 12 -8 -9 9 10 -12 -13 17 -15 15 -17 -18 -19
leaf_value=-0.013278871187694019 0.26845404502961473 -0.2975403993562547 0.18691610523524976 -0.12386726456049431 -0.004296872947874242 -0.16121129814768978 -0.072196810361297548 0.2305854310963977 -0.14316037027273784 0.12639130799684467 -0.16957606692159147 0.28114806912920293 -0.20534110998487948 0.017845779823881004 0.2149926454119914 -0.15384062425884226 0.275972057791318 -0.19591991023564717
leaf_weight=43 41 40 40 73 44 71 52 60 49 77 47 41 48 50 42 49 59 41
leaf_count=43 41 40 40 73 44 71 52 60 49 77 47 41 48 50 42 49 59 41
internal_value=-0.00346432 -0.00442765 -0.0140523 -0.00752212 -0.00252264 -0.00670886 0.00175879 0.00416667 0.00144928 -0.00317919 0.00322581 0.0047619 -0.0101329 -0.00660377 -0.0104938 -0.00274725 0.0092233 -0.0185393
internal_weight=967 926 153 113 773 385 388 336 276 173 124 84 301 212 162 91 103 89
internal_count=967 926 153 113 773 385 388 336 276 173 124 84 301 212 162 91 103 89
cat_boundaries=0 1
cat_threshold=88974
is_linear=0
shrinkage=0.05


Tree=96
num_leaves=18
num_cat=1
split_feature=36 36 54 29 14 14 58 15 51 39 65 33 45 32 33 38 29
split_gain=10.1935 10.0085 5.5537 6.73998 6.73513 6.17214 5.87921 6.77681 5.34717 5.96462 5.10505 4.85938 7.86206 4.08662 7.61905 3.63591 3.50002
threshold=0.18424476685079641 0.11519894297296411 1.0000000180025095e-35 -131.40499999999997 74.855000000000004 112.36500000000002 107.63500000000002 78.785000000000025 0 -17.655404929150794 1.0000000180025095e-35 0.89800148596360885 0.019103542791366203 0.93477086505703033 0.2916572815737567 201.66659863945574 -138.77999999999997
decision_type=2 2 2 2 2 2 2 2 1 2 2 2 2 2 2 2 2
left_child=1 2 3 16 -5 -4 8 -8 11 13 -7 12 15 14 -10 -6 -1
right_child=-2 -3 5 4 6 10 7 -9 9 -11 -12 -13 -14 -15 -16 -17 -18
leaf_value=0.0013703324456216138 -0.29347050112747725 0.25818585002919575 -0.67581497080569763 -0.18903854952878307 0.19419336973572554 -0.29377593790663337 -0.24112689916253949 0.027705170439200889 0.29611508408527226 -0.026523934305520937 0.025823104554785571 -0.16750315666021776 -0.16119391943979197 0.3533062239613976 -0.045738089406202498 -0.013179974158120267 0.16394416140776003
leaf_weight=43 43 71 45 59 66 43 47 41 56 79 46 41 67 73 40 62 45
leaf_count=43 43 71 45 59 66 43 47 41 56 79 46 41 67 73 40 62 45
internal_value=-0.00294726 -0.00183983 -0.00334115 -0.00159944 -0.00340729 -0.0126866 -0.00174825 -0.0136364 0.000413223 0.00542636 -0.00505618 -0.00487805 -0.00179487 0.0109467 0.00416667 0.00546875 0.0113636
internal_weight=967 924 853 719 631 134 572 88 484 248 89 236 195 169 96 128 88
internal_count=967 924 853 719 631 134 572 88 484 248 89 236 195 169 96 128 88
cat_boundaries=0 1
cat_threshold=703268
is_linear=0
shrinkage=0.05


Tree=97
num_leaves=18
num_cat=1
split_feature=34 15 33 73 51 45 9 23 14 42 63 45 45 19 10 10 10
split_gain=8.29099 7.80511 4.3661 6.83809 5.74374 8.19851 6.02759 5.88003 4.38988 5.48981 5.27435 7.13903 4.50664 4.37827 3.48943 3.48031 2.927
threshold=0.9810480125956188 65.510000000000019 0.83537119666305915 0.98831091523264747 0 0.017680071182558703 80.990000000000009 165.00000000000003 119.01000000000002 0.8042111638192827 0.76070757228975627 0.017848974560043154 0.024927249665898207 415.00000000000006 207.48000000000005 219.17500000000004 214.72500000000002
decision_type=2 2 2 2 1 2 2 2 2 2 2 2 2 2 2 2 2
left_child=1 -1 4 13 5 15 -6 -8 9 -9 -11 -12 -13 -4 -7 -2 -15
right_child=2 -3 3 -5 6 14 7 8 -10 10 11 12 -14 16 -16 -17 -18
leaf_value=0.37727436122751001 -0.0037249026739228698 -0.012401032214284591 -0.031877657608149694 -0.22688824826978848 -0.33416443965847198 0.0055860088028691027 0.014377378290945942 -0.38496338081280546 -0.3124461925064651 -0.26613667203578401 0.17611263545583836 -0.12954294764352028 0.096576627503728044 0.14989628530549767 0.85778281273946222 -0.39854743419934224 0.011234632647329336
leaf_weight=41 79 44 47 43 64 50 61 45 43 46 73 78 46 47 51 40 61
leaf_count=41 79 44 47 43 64 50 61 45 43 46 73 78 46 47 51 40 61
internal_value=-0.00255474 0.0123529 -0.00400458 0.00252525 -0.00591716 0.000869565 -0.00901288 -0.00688776 -0.00951662 -0.00729167 -0.00432099 -0.000761421 -0.00806452 0.00741935 0.0113861 -0.00798319 0.012963
internal_weight=959 85 874 198 676 220 456 392 331 288 243 197 124 155 101 119 108
internal_count=959 85 874 198 676 220 456 392 331 288 243 197 124 155 101 119 108
cat_boundaries=0 1
cat_threshold=1853952
is_linear=0
shrinkage=0.05


Tree=98
num_leaves=17
num_cat=1
split_feature=45 43 17 29 25 51 15 27 20 15 8 30 35 73 45 43
split_gain=4.80357 8.77353 8.73407 7.21871 8.99064 6.2602 7.11169 6.59479 10.7308 7.4079 8.01574 6.05574 8.01185 3.97879 4.02858 3.9997
threshold=0.015515273888708101 0.84460031769489619 1645.0000000000002 -79.934999999999988 525.00000000000011 0 63.060000000000024 1.0000000180025095e-35 1445.0000000000002 68.275000000000006 1206.541950113379 5.1800000000000361 0.16618798820981404 0.97200737192041065 0.0064825578882695507 0.95089512722905545
decision_type=2 2 2 2 2 1 2 2 2 2 2 2 2 2 2 2
left_child=1 -1 11 5 -5 6 -2 8 9 10 -7 -3 13 15 -15 -13
right_child=3 2 -4 4 -6 7 -8 -9 -10 -11 -12 12 -14 14 -16 -17
leaf_value=0.25009115743302424 0.46108789246962412 -0.062497348518216714 0.32524642607100845 -0.0066290046668505912 -0.34021068103546909 -0.017803999636858414 -0.0056563284068246846 -0.19708254388622742 0.96292840411353853 0.085955920184704493 -0.51875127947627764 0.072842844158978792 0.22492944345561627 -0.0033499414800562733 -0.26146790801136321 -0.067169304777414146
leaf_weight=49 40 67 41 63 66 78 70 59 41 64 44 45 45 65 69 46
leaf_count=49 40 67 41 63 66 78 70 59 41 64 44 45 45 65 69 46
internal_value=-0.00241597 0.00152225 -0.0010582 -0.00561905 -0.0158915 -0.00227273 0.0075 -0.00608108 -0.00242291 -0.00752688 -0.0147541 -0.0037092 -0.00037037 -0.00422222 -0.00970149 0.00384615
internal_weight=952 427 378 525 129 396 110 286 227 186 122 337 270 225 134 91
internal_count=952 427 378 525 129 396 110 286 227 186 122 337 270 225 134 91
cat_boundaries=0 1
cat_threshold=98374
is_linear=0
shrinkage=0.05


Tree=99
num_leaves=19
num_cat=0
split_feature=68 58 8 35 42 60 21 40 36 15 8 10 32 10 35 22 38 24
split_gain=7.64506 8.85207 7.72606 6.28264 6.8412 5.51374 4.75395 3.86054 4.84964 3.59743 3.44028 4.91504 6.17559 8.12319 5.70905 5 2.93117 2.35669
threshold=40.96200000000001 89.395000000000024 5652.1768707482997 0.03475374870473661 0.99964761658836154 1963.1150000000002 1475.0000000000002 -22.305766578558835 -0.007949566802680547 75.300000000000011 953.69614512471651 236.25000000000003 0.95574964661490236 205.59500000000003 0.34207155976722187 642.12000000000012 206.42812925170065 955.00000000000011
decision_type=2 2 2 2 2 2 2 2 2 2 2 2 2 2 2 2 2 2
left_child=5 2 3 7 10 6 9 -2 -9 -1 -5 12 13 14 -12 -15 -3 -10
right_child=1 16 -4 4 -6 -7 -8 8 17 -11 11 -13 -14 15 -16 -17 -18 -19
leaf_value=-0.0007768683749077355 0.20641142983893845 -0.29964627434434832 0.30898410476745808 0.024099622042200508 -0.31965364992052764 0.25035920517822224 -0.098484166500149684 -0.13408470804989711 -0.020331376755513733 0.082131616272745678 -0.25223936048657514 -0.21405077704703751 -0.09531409572600609 0.59505883432219508 0.0061969083445685413 -0.00098676922990037497 -0.024005730768096357 0.2346121117765094
leaf_weight=43 49 40 59 71 74 43 67 45 44 48 41 68 54 40 50 40 41 42
leaf_count=43 49 40 59 71 74 43 67 45 44 48 41 68 54 40 50 40 41 42
internal_value=-0.00245047 -0.00474934 -0.00288035 -0.00453074 -0.00776256 0.00621891 0.00189873 0.00333333 -0.00114504 0.00934066 -0.00494505 -0.00733788 -0.00377778 0.000877193 -0.00934066 0.0125 -0.0203704 0.00581395
internal_weight=959 758 677 618 438 201 158 180 131 91 364 293 225 171 91 80 81 86
internal_count=959 758 677 618 438 201 158 180 131 91 364 293 225 171 91 80 81 86
is_linear=0
shrinkage=0.05


Tree=100
num_leaves=20
num_cat=0
split_feature=68 33 32 62 35 40 54 15 44 19 25 68 68 15 18 33 18 35 42
split_gain=10.2982 7.93999 10.4378 5.89735 8.86319 6.75003 5.84501 9.36129 9.17211 5.83575 8.78954 5.8037 8.52513 5.65217 5.33288 5.01724 4.77996 4.40075 4.00845
threshold=51.234999999999999 0.66854075043410854 0.93880983963671427 2267.9700000000007 0.27070120413721049 -28.591054744533853 1.0000000180025095e-35 63.59500000000002 0.019988658916926503 595.00000000000011 595.00000000000011 60.711500000000008 127.10150000000002 57.630000000000017 876.63000000000011 0.29699365020077423 2285.0000000000005 0.53423666476730913 0.9234891971507494
decision_type=2 2 2 2 2 2 2 2 2 2 2 2 2 2 2 2 2 2 2
left_child=1 2 14 4 5 -2 7 13 -8 10 -9 -6 15 -7 -1 -13 17 -16 -12
right_child=3 -3 -4 -5 11 6 8 9 -10 -11 18 12 -14 -15 16 -17 -18 -19 -20
leaf_value=-0.083091193486581727 -0.30566645387877789 0.17032918795919638 -0.25243960982092978 -0.14379707907794989 -0.014122886432491556 -0.0018768644191229811 0.0048691874761935599 0.0013822231321345413 -0.60331157912312572 0.031156872774885259 -0.056454010771888545 0.56847221488492905 -0.14222084568190782 0.18445118354929849 0.50786030381831437 0.12263172495405127 -0.066292074968150774 0.048703466221533098 -0.39017013865219996
leaf_weight=43 43 53 41 47 46 52 43 68 58 60 44 60 46 40 41 49 40 56 41
leaf_count=43 43 53 41 47 46 52 43 68 58 60 44 60 46 40 41 49 40 56 41
internal_value=-0.00200824 0.00620438 0.0020362 -0.00523673 -0.004 -0.00790646 -0.00591133 -0.00245902 -0.0163366 -0.00821596 -0.0133987 0.00472637 0.00935484 0.0108696 0.00722222 0.0169725 0.0120438 0.0180412 -0.0241176
internal_weight=971 274 221 697 650 449 406 305 101 213 153 201 155 92 180 109 137 97 85
internal_count=971 274 221 697 650 449 406 305 101 213 153 201 155 92 180 109 137 97 85
is_linear=0
shrinkage=0.05


Tree=101
num_leaves=18
num_cat=1
split_feature=68 51 33 63 43 43 42 10 63 18 40 25 10 36 33 25 15
split_gain=5.79877 6.59704 5.44896 7.72808 7.43348 5.01601 9.14515 9.47795 8.55453 10.9738 6.62063 3.77628 7.76616 5.40509 6.23184 4.34923 6.77809
threshold=42.020500000000006 0 0.66854075043410854 0.83605835388116312 0.80717739529528132 0.87426251224115203 0.98915632982822077 216.83500000000004 0.7805910793605374 1085.0000000000002 -21.230040621951634 770.97500000000014 239.15000000000003 0.0013821105845663003 0.51449383972434026 641.47500000000014 72.185000000000016
decision_type=2 1 2 2 2 2 2 2 2 2 2 2 2 2 2 2 2
left_child=2 11 3 -1 -5 8 10 -8 9 -3 -7 12 13 15 -15 16 -2
right_child=1 5 -4 4 -6 6 7 -9 -10 -11 -12 -13 -14 14 -16 -17 -18
leaf_value=0.50687767667945105 -0.1523128912330404 0.11645814850845895 0.63830462489078355 0.01909735969082256 -0.1252791477006808 0.27114567947026419 0.011299189538050314 -0.33610593332247191 -0.095940747127731651 -0.22837239074540916 -0.011762955588291924 -0.087514735537182281 0.45207875628134464 0.0040721367562293054 -0.25905102492642984 0.20636911489449483 0.097939867330023134
leaf_weight=53 54 43 40 68 52 55 51 66 63 44 54 75 42 56 51 51 41
leaf_count=53 54 43 40 68 52 55 51 66 63 44 54 75 42 56 51 51 41
internal_value=-0.00140772 -0.00348525 0.00586854 0.00202312 -0.005 -0.00803109 -0.00353982 -0.0132479 -0.0153333 -0.00517241 0.00688073 0.00131579 0.00389831 0.000592885 -0.00794393 0.00684932 0.000526316
internal_weight=959 746 213 173 120 376 226 117 150 87 109 370 295 253 107 146 95
internal_count=959 746 213 173 120 376 226 117 150 87 109 370 295 253 107 146 95
cat_boundaries=0 1
cat_threshold=1158756
is_linear=0
shrinkage=0.05


Tree=102
num_leaves=19
num_cat=1
split_feature=36 34 14 51 36 39 39 63 25 18 16 57 33 8 45 63 14 36
split_gain=5.89451 6.84314 7.40486 4.37978 4.9609 4.93538 5.63131 7.17225 4.07115 4.76794 4.53201 3.84234 4.6853 4.2981 3.61357 6.35788 4.12507 2.83011
threshold=-0.027716702244404649 0.96431283809891233 71.52000000000001 0 -0.0023354541220975997 -18.132772063017253 -16.291888269561721 0.79410486587378282 490.00000000000017 871.40500000000009 0.76945195914964593 104.25000000000001 0.095979433865491515 1001.5873015873018 0.019645553625176056 0.83605835388116312 94.970000000000013 -0.048531451406016342
decision_type=2 2 2 1 2 2 2 2 2 2 2 2 2 2 2 2 2 2
left_child=17 -2 -3 11 -5 8 7 -7 -6 -10 -11 12 -4 -14 15 16 -15 -1
right_child=1 2 3 4 5 6 -8 -9 9 10 -12 -13 13 14 -16 -17 -18 -19
leaf_value=-0.039590069949289847 0.14265771556427254 -0.016154078265834215 -0.18915319248887147 0.056604349047964679 -0.0028441395618916234 0.26576323289348591 -0.13451670149021097 -0.017665276315751301 -0.34797786272286546 -0.19552342727158745 -0.032611136662693239 0.11551971211813959 0.078465283928351684 -0.13290189272497238 0.18955855109798103 -0.11938340075207049 0.083201885231257225 -0.13252092538771337
leaf_weight=42 45 42 46 55 51 47 67 51 43 40 67 60 72 43 56 43 53 41
leaf_count=42 45 42 46 55 51 47 67 51 43 40 67 60 72 43 56 43 53 41
internal_value=-0.00352697 -0.0023269 -0.00334928 -0.002267 -0.00568445 -0.0079235 -0.00151515 0.00612245 -0.0131841 -0.0173333 -0.0116822 0.00169713 -0.000479233 0.00205993 -0.00179487 -0.00611511 0.00104167 -0.0162651
internal_weight=964 881 836 794 421 366 165 98 201 150 107 373 313 267 195 139 96 83
internal_count=964 881 836 794 421 366 165 98 201 150 107 373 313 267 195 139 96 83
cat_boundaries=0 1
cat_threshold=2032320
is_linear=0
shrinkage=0.05


Tree=103
num_leaves=18
num_cat=1
split_feature=41 36 12 42 51 44 43 63 30 19 44 72 10 36 19 71 19
split_gain=5.86723 5.29085 5.9841 7.14501 8.65402 8.48972 8.11611 9.60227 7.54321 6.20513 6.01364 4.86317 3.69145 3.70513 3.40111 3.34488 1.93773
threshold=1.0000000180025095e-35 -0.029866484672387849 151.62000000000003 0.8042111638192827 0 0.04182024383328601 0.97216617887330348 0.75637500093584531 10.845000000000001 455.00000000000006 0.022256875531613204 -24.161962731581529 191.19500000000002 0.027577149474233602 400.00000000000017 -18.070281535142254 545.00000000000011
decision_type=2 2 2 2 1 2 2 2 2 2 2 2 2 2 2 2 2
left_child=1 -1 3 -3 8 6 14 -8 10 -7 -5 -9 -12 16 -6 -16 -14
right_child=-2 2 -4 4 5 9 7 11 -10 -11 12 -13 13 -15 15 -17 -18
leaf_value=-0.11882115749887917 0.13698160875653473 -0.19419576379419967 0.29472955380565297 0.3471495119649543 -0.028744818123240992 -0.27224273817199912 -0.25975905385278236 0.1813283602885159 0.52965983763492352 -0.043219425758428548 0.019115205024990447 0.056922527173698258 0.13619469756389063 -0.22978028753373364 0.023128937300509023 -0.031626875633416374 -0.13293414004165421
leaf_weight=67 54 53 45 70 60 42 40 43 62 49 47 45 56 52 54 74 48
leaf_count=67 54 53 45 70 60 42 40 43 62 49 47 45 56 52 54 74 48
internal_value=-0.00119667 -0.00214994 -0.00107143 -0.00207547 -0.000808625 -0.00563549 -0.00189873 0.0078125 0.00507246 -0.0192308 0.00164835 0.0170455 -0.00270936 -0.00641026 -0.00851064 -0.00390625 -0.000961538
internal_weight=961 907 840 795 742 407 316 128 335 91 273 88 203 156 188 128 104
internal_count=961 907 840 795 742 407 316 128 335 91 273 88 203 156 188 128 104
cat_boundaries=0 1
cat_threshold=1648662
is_linear=0
shrinkage=0.05


Tree=104
num_leaves=18
num_cat=1
split_feature=34 51 40 68 45 12 12 14 38 8 33 57 43 14 22 42 12
split_gain=6.22497 6.53576 7.5851 8.66569 5.9828 5.00852 8.98417 6.44738 4.37705 4.33007 4.00079 3.791 3.73731 3.25579 5.71648 4.34344 2.45
threshold=0.97861739600011333 0 -42.153157419061252 51.234999999999999 0.023223623500764404 147.57500000000002 122.77500000000002 106.20500000000001 208.93602040816316 880.26077097505674 0.8376781982468281 107.74000000000002 0.97659036292775936 81.02500000000002 445.00000000000006 0.89276508364852536 127.61000000000001
decision_type=2 1 2 2 2 2 2 2 2 2 2 2 2 2 2 2 2
left_child=-1 2 -2 8 5 6 7 -5 -4 -3 11 13 -8 -11 -15 -16 -12
right_child=1 9 3 4 -6 -7 12 -9 -10 10 16 -13 -14 14 15 -17 -18
leaf_value=0.34218331374530564 -0.055874152384069745 -0.32130479965238518 0.62759955143402379 -0.19021054511027585 0.10267675275759416 -0.378297317133508 0.0029978444890232936 0.0086218494838663957 0.047222069046305395 -0.090593409155745763 0.08840115263311521 0.0089580288423981354 0.16472469662386865 0.039903961567863536 -0.013683947347276871 -0.3357892201452945 -0.074501235554575995
leaf_weight=67 68 44 51 77 56 40 53 54 47 54 40 44 50 52 53 77 40
leaf_count=67 68 44 51 77 56 40 53 54 47 54 40 44 50 52 53 77 40
internal_value=-0.00201655 -0.00311111 0.000790514 0.00327103 -0.000606061 -0.00364964 -0.000854701 -0.00954198 0.0163265 -0.00772947 -0.00611111 -0.00892857 0.0101942 -0.0114407 -0.00824176 -0.0138462 0.00375
internal_weight=967 900 496 428 330 274 234 131 98 404 360 280 103 236 182 130 80
internal_count=967 900 496 428 330 274 234 131 98 404 360 280 103 236 182 130 80
cat_boundaries=0 1
cat_threshold=1242712
is_linear=0
shrinkage=0.05


Tree=105
num_leaves=17
num_cat=1
split_feature=63 30 51 60 18 45 12 29 13 40 39 39 43 35 32 45
split_gain=6.46024 5.73343 6.77697 8.2669 5.91497 6.66273 5.64247 4.19255 5.52755 3.44615 4.15359 7.12932 4.1257 3.38413 6.00119 3.38094
threshold=0.71660433919224176 12.364999999999954 0 1959.4950000000001 995.00000000000011 0.016045763444703705 121.60000000000001 -73.424999999999969 62.445000000000007 -20.903044349700583 -20.156219916694919 -18.356467164890343 0.96903675880272166 0.11237062225731777 0.9250893609021118 0.022375706227722104
decision_type=2 2 1 2 2 2 2 2 2 2 2 2 2 2 2 2
left_child=-1 2 7 4 13 -6 -3 8 -2 10 12 -12 -10 -4 -15 -7
right_child=1 6 3 -5 5 15 -8 -9 9 -11 11 -13 -14 14 -16 -17
leaf_value=0.2215728090312549 0.22334692580493823 -0.032156080443413164 -0.037805872035529833 -0.17820359196114399 0.12751491447984442 -0.29005881332943773 -0.072067073558391398 -0.082774959169417531 -0.024655004219873433 0.066974478640250371 -0.16400634147242604 0.0013975640157560143 0.33678107992353934 -0.061818301478471227 -0.53860236086169544 0.00070032495478367096
leaf_weight=70 47 49 73 42 73 43 72 73 53 63 50 66 41 56 40 44
leaf_count=70 47 49 73 42 73 43 72 73 53 63 50 66 41 56 40 44
internal_value=-0.00319372 -0.00435028 -0.00274869 -0.00748031 -0.0050152 0.001875 -0.0144628 0.00186104 0.004375 0.00164835 -0.00142857 -0.00775862 0.00638298 -0.0115385 -0.0177083 -0.00747126
internal_weight=955 885 764 371 329 160 121 393 320 273 210 116 94 169 96 87
internal_count=955 885 764 371 329 160 121 393 320 273 210 116 94 169 96 87
cat_boundaries=0 1
cat_threshold=2048396
is_linear=0
shrinkage=0.05


Tree=106
num_leaves=17
num_cat=0
split_feature=44 34 68 32 42 42 32 44 32 16 38 18 44 38 22 33
split_gain=10.2498 4.706 5.75883 6.63767 6.15134 6.8847 7.2 5.5886 5.25585 8.50486 7.11506 5.04236 4.84052 4.67057 2.68789 2.11672
threshold=0.063016766120061116 0.97861739600011333 42.020500000000006 0.88770256985292151 0.99698230299297685 0.98039737302544872 0.95925904862804501 0.031896796144031701 0.97343015801434085 0.73081540618299889 180.28823129251685 1205.0000000000002 0.028210944145165805 212.70706349206355 570.00000000000034 0.80619371518517202
decision_type=2 2 2 2 2 2 2 2 2 2 2 2 2 2 2 2
left_child=1 -1 12 14 5 7 -7 8 9 -5 -11 15 -3 -14 -4 -6
right_child=-2 2 3 4 11 6 -8 -9 -10 10 -12 -13 13 -15 -16 -17
leaf_value=0.34137023622536805 0.098687200877148842 0.070755075663039332 -0.12138937943848305 -0.025919737649550269 -0.27618503069225292 0.35761134243460974 -0.003242442670895507 -0.23709296210959963 -0.074847375061140212 -0.0305214273189236 0.37047699358380681 -0.0023146910573060178 -0.22825424498727359 0.018244380403555294 -0.057270932559949729 -0.16765768433130007
leaf_weight=61 70 68 59 70 42 40 40 59 76 40 76 53 43 66 43 40
leaf_count=61 70 68 59 70 42 40 40 59 76 40 76 53 43 66 43 40
internal_value=-0.0012685 -0.00273973 -0.00374233 -0.00595611 -0.00373134 -0.000623441 0.0125 -0.00389408 -0.000763359 0.00376344 0.012069 -0.012963 0.00423729 -0.00229358 -0.0176471 -0.0207317
internal_weight=946 876 815 638 536 401 80 321 262 186 116 135 177 109 102 82
internal_count=946 876 815 638 536 401 80 321 262 186 116 135 177 109 102 82
is_linear=0
shrinkage=0.05


Tree=107
num_leaves=19
num_cat=1
split_feature=44 51 19 22 44 25 36 44 44 38 15 14 25 44 39 35 32 44
split_gain=8.44729 5.34658 6.47342 7.0077 6.19692 6.11952 6.70694 8.53279 5.9138 5.23159 6.37165 6.07724 5.65993 4.55537 3.83901 2.65306 3.52195 1.45739
threshold=0.063016766120061116 0 535.00000000000011 595.00000000000011 0.015168698610717303 425.00000000000006 0.054492113036703656 0.018003969379075651 0.019705131840090703 199.43620181405899 70.79000000000002 94.280000000000015 515.00000000000011 0.04380493337113691 -18.958284633865542 0.23071175086031911 0.96258469704729077 0.0350155939892259
decision_type=2 1 2 2 2 2 2 2 2 2 2 2 2 2 2 2 2 2
left_child=1 2 5 -4 -3 17 7 -7 -6 11 -11 13 -12 -10 -9 16 -5 -1
right_child=-2 4 3 15 8 6 -8 14 9 10 12 -13 -14 -15 -16 -17 -18 -19
leaf_value=-0.33855778150226712 0.07387882073021608 -0.81842583083989173 -0.14948107414913103 0.422857363759708 0.14253977847413424 -0.0088096479825120252 -0.031973441938743498 0.067998327560525068 0.0086864671513907869 0.039419994703234811 0.022194094460322323 -0.38384554887758537 -0.21300498462819004 -0.18154894070973776 0.24227352948819103 -0.1336454154851052 -0.038603497815256294 -0.0014383759595354207
leaf_weight=41 70 45 72 41 46 53 54 40 61 57 44 52 64 41 53 49 40 40
leaf_count=41 70 45 72 41 46 53 54 40 61 57 44 52 64 41 53 49 40 40
internal_value=-0.00244029 -0.0037514 -0.00010142 -0.00693069 -0.00785714 0.00480427 0.0095 0.0150685 -0.00589041 -0.00830721 -0.00212121 -0.0149351 -0.00925926 -0.00784314 0.0241935 0 0.00555556 -0.00679012
internal_weight=963 893 483 202 410 281 200 146 365 319 165 154 108 102 93 130 81 81
internal_count=963 893 483 202 410 281 200 146 365 319 165 154 108 102 93 130 81 81
cat_boundaries=0 1
cat_threshold=2060385
is_linear=0
shrinkage=0.05


Tree=108
num_leaves=18
num_cat=1
split_feature=25 44 25 30 25 29 14 51 45 45 22 39 49 42 38 44 15
split_gain=11.1505 7.532 6.69488 5.08104 7.0988 12.3496 7.63165 7.45502 7.37568 7.788 6.61059 6.17921 5.23185 4.53604 4.52078 3.16032 2.45
threshold=205.00000000000003 0.060816557981287156 415.00000000000006 18.679999999999996 762.12000000000012 -126.24999999999999 99.945000000000007 0 0.0157739577911357 0.022900841402845203 485.00000000000006 -18.82524102574067 1.0000000180025095e-35 0.97515329678923168 215.75687074829912 0.040686135525942711 72.965000000000018
decision_type=2 2 2 2 2 2 2 1 2 2 2 2 2 2 2 2 2
left_child=15 2 -2 4 5 12 13 11 10 -10 16 -7 -4 -6 -8 -1 -9
right_child=1 -3 3 -5 6 7 14 8 9 -11 -12 -13 -14 -15 -16 -17 -18
leaf_value=0.073396097991247453 -0.17272233205504739 0.090058899796780528 0.013012784991556182 0.063792650984160565 -0.45494814611818146 -0.057428859252744241 0.15084176832576404 -0.0016680306650622258 -0.31585826179800985 -0.027240255487473244 -0.10757338924965786 0.24609114044878311 0.55107624279251599 -0.030757513644941527 -0.3172584188498051 0.0053491994079230666 0.44216059089324489
leaf_weight=48 62 62 44 73 44 43 52 40 58 71 76 73 43 41 54 41 40
leaf_count=48 62 62 44 73 44 43 52 40 58 71 76 73 43 41 54 41 40
internal_value=-0.000569948 -0.00228311 -0.00356265 -0.00226064 -0.00360825 -0.000409836 -0.0117801 -0.00411471 -0.00830508 -0.0174419 -0.00128205 0.00634921 0.0166667 -0.0229412 -0.00283019 0.0162921 0.00875
internal_weight=965 876 814 752 679 488 191 401 285 129 156 116 87 85 106 89 80
internal_count=965 876 814 752 679 488 191 401 285 129 156 116 87 85 106 89 80
cat_boundaries=0 1
cat_threshold=1116296
is_linear=0
shrinkage=0.05


Tree=109
num_leaves=18
num_cat=3
split_feature=41 51 62 59 21 44 18 51 36 9 39 47 11 38 38 14 10
split_gain=8.40673 7.09078 9.4451 8.27749 5.19944 5.18246 4.68834 6.01199 5.2381 4.85384 4.62315 5.78117 4.1771 3.77789 4.881 3.15455 2.81951
threshold=1.0000000180025095e-35 0 2526.8750000000005 1041.0300000000002 2125.0000000000005 0.063016766120061116 744.25000000000011 1 0.052972226988364256 109.39500000000001 -17.22269735896797 2 718.94500000000005 185.12061224489801 212.70706349206355 104.34500000000001 219.43000000000004
decision_type=2 1 2 2 2 2 2 1 2 2 2 1 2 2 2 2 2
left_child=1 12 3 4 5 6 9 13 10 -3 11 -9 -1 -8 16 -13 -15
right_child=-2 2 -4 -5 -6 -7 7 8 -10 -11 -12 15 -14 14 -16 -17 -18
leaf_value=-0.070416742795202936 0.3783540625450883 0.00082153228103578615 -0.16960005071161355 0.48408911741684052 -0.14674348184433389 0.38629251624640198 0.07491230022706806 -0.44510333489927911 0.023202140438431586 -0.078344434547121547 0.011175532319651182 0.009667639537090978 -0.018870129253318081 -0.13222051730000609 0.47813072396974549 -0.15526835605934936 0.08295955418596393
leaf_weight=73 50 51 63 45 41 40 72 44 40 60 69 44 40 40 67 67 41
leaf_count=73 50 51 63 45 41 40 72 44 40 60 69 44 40 40 67 67 41
internal_value=-0.00195354 -0.00306577 -0.00125945 0.000346741 -0.0010355 7.87402e-05 -0.00109244 0.00103306 -0.0040146 -0.0103604 -0.00714286 -0.0119355 -0.0142276 0.00695652 0.0027027 -0.00585586 -0.00555556
internal_weight=947 897 784 721 676 635 595 484 264 111 224 155 113 220 148 111 81
internal_count=947 897 784 721 676 635 595 484 264 111 224 155 113 220 148 111 81
cat_boundaries=0 1 2 3
cat_threshold=525569 1306658 4
is_linear=0
shrinkage=0.05


Tree=110
num_leaves=19
num_cat=1
split_feature=51 13 29 63 72 58 59 13 12 8 72 8 23 32 23 44 38 38
split_gain=6.72992 6.56652 6.21681 7.64751 4.86686 4.4013 5.73706 4.10109 7.55164 6.83871 13.8083 5.69233 5.09367 6.25224 8.7052 3.46255 2.95934 2.14661
threshold=0 44.365000000000009 -101.01499999999999 0.77224186894219393 -28.165026723544788 130.66000000000003 1041.0300000000002 50.945000000000007 96.500000000000014 1001.5873015873018 -23.238203992264463 901.54195011337868 445.00000000000006 0.93477086505703033 1015.0000000000001 0.021406294301105702 189.90105442176881 190.39062358276632
decision_type=1 2 2 2 2 2 2 2 2 2 2 2 2 2 2 2 2 2
left_child=2 -2 3 17 -4 6 7 -3 -9 10 -10 -12 15 -14 -15 -11 -17 -1
right_child=1 5 4 -5 -6 -7 -8 8 9 12 11 -13 13 14 -16 16 -18 -19
leaf_value=0.02011403954855169 -0.19751220543901057 0.11665617197482306 0.02105376758080162 -0.11484047357204759 0.053275357706988304 -0.16867119389288343 0.17682349463898483 -0.10580123221420266 0.29813644521261634 -0.023473447777672619 -0.1273571290160728 0.11784826387553943 -0.096878563312724097 0.25646920453086269 -0.020546111695620428 -0.22211190681787657 -0.029518696203176112 0.51347472446412323
leaf_weight=41 49 40 57 59 42 46 60 79 40 70 48 43 57 42 43 53 48 40
leaf_count=41 49 40 57 59 42 46 60 79 40 70 48 43 57 42 43 53 48 40
internal_value=-0.00130617 -0.00370879 0.00582329 -0.000714286 0.0156566 -0.00246637 -0.00136437 -0.00293073 -0.0041109 -0.00157658 0.00801527 -0.00274725 -0.00559105 0.00140845 0.01 -0.0114035 -0.0173267 0.00925926
internal_weight=957 718 239 140 99 669 623 563 523 444 131 91 313 142 85 171 101 81
internal_count=957 718 239 140 99 669 623 563 523 444 131 91 313 142 85 171 101 81
cat_boundaries=0 1
cat_threshold=1187905
is_linear=0
shrinkage=0.05


Tree=111
num_leaves=18
num_cat=1
split_feature=51 54 13 38 17 33 35 36 35 19 13 45 36 14 22 14 15
split_gain=6.91801 7.21889 7.06087 9.82615 6.19399 6.12736 6.16514 6.78043 5.43106 8.79163 11.4904 5.2889 5.21653 3.62169 6.62812 2.61324 2.27642
threshold=0 1.0000000180025095e-35 79.77000000000001 202.03259637188208 1035.0000000000002 0.90231838990856483 1.0000000180025095e-35 -0.010431509510955148 0.55314251632140821 135.00000000000003 77.090000000000018 0.018141364791830702 0.0013821105845663003 79.825000000000017 525.00000000000011 100.95 67.190000000000012
decision_type=1 2 2 2 2 2 2 2 2 2 2 2 2 2 2 2 2
left_child=1 2 11 4 12 6 -2 -8 9 -9 -11 -1 -4 -12 -15 -10 -16
right_child=5 -3 3 -5 -6 -7 7 8 15 10 13 -13 -14 14 16 -17 -18
leaf_value=-0.0013377289968158125 0.33510243763080327 -0.25314830394732546 0.042355996519906826 0.83180736165657176 -0.17809929881866715 -0.20150830583738163 -0.16734347168457939 0.103050202822714 0.016104185156444472 -0.18977367528134864 0.74959774691597181 -0.07958799858777077 -0.096030079503363203 0.058549736051806536 -0.12958343439509115 0.25912426248686737 -0.0098607853780885435
leaf_weight=60 51 69 73 47 62 48 49 53 42 72 40 71 45 53 42 40 40
leaf_count=60 51 69 73 47 62 48 49 53 42 72 40 71 45 53 42 40 40
internal_value=-0.00141066 -0.00606407 -0.00335196 0.00198238 -0.00333333 0.00240741 0.00414938 0.00220418 0.00445026 0.00133333 -0.00263158 -0.0125954 0.00338983 0.00428571 0.00037037 0.0158537 -0.00853659
internal_weight=957 427 358 227 180 530 482 431 382 300 247 131 118 175 135 82 82
internal_count=957 427 358 227 180 530 482 431 382 300 247 131 118 175 135 82 82
cat_boundaries=0 1
cat_threshold=639315
is_linear=0
shrinkage=0.05


Tree=112
num_leaves=18
num_cat=1
split_feature=51 43 42 40 42 45 45 35 35 14 14 19 35 39 33 39 73
split_gain=7.46294 6.09524 6.60138 5.63502 5.42449 4.86404 5.55556 5.06978 7.08823 6.99895 5.01923 4.61172 5.84069 4.46367 4.22965 4.04494 2.31609
threshold=0 0.56964141486489861 0.91343831931105213 -29.599348519045645 0.99996390797230861 0.0050855533564681003 0.0085362687602552022 0.27070120413721049 0.70242009695005236 104.41500000000002 94.65000000000002 535.00000000000011 0.22327483033958737 -18.334664703180454 0.26565762817101507 -18.11128132956598 0.97974522093161076
decision_type=1 2 2 2 2 2 2 2 2 2 2 2 2 2 2 2 2
left_child=5 -2 3 -3 11 -1 16 9 14 10 15 12 -4 -11 -9 -8 -7
right_child=1 2 4 -5 -6 6 7 8 -10 13 -12 -13 -14 -15 -16 -17 -18
leaf_value=-0.15945479509512275 0.2685798758415196 -0.1759400972677701 0.43428836493250889 0.0034076410224808118 -0.14555472380743573 0.20647042837701265 -0.25070191577990925 0.13111983312725375 -0.060264017667496277 -0.17015368635810929 0.079877136680354621 -0.0043090082509738897 0.0058176998231616039 -0.33398569065916139 -0.015058259867896773 0.012972939979856513 -0.0022161688853172381
leaf_weight=43 64 72 47 46 62 43 49 58 41 54 50 79 78 40 64 40 45
leaf_count=43 64 72 47 46 62 43 49 58 41 54 50 79 78 40 64 40 45
internal_value=-0.00189744 0.00283843 0.000520833 -0.00932203 0.00488722 -0.00586592 -0.00454545 -0.00707071 -0.000306748 -0.0118026 -0.00467626 0.00882353 0.0148 -0.0223404 0.0057377 -0.0117978 0.00681818
internal_weight=975 448 384 118 266 527 484 396 163 233 139 204 125 94 122 89 88
internal_count=975 448 384 118 266 527 484 396 163 233 139 204 125 94 122 89 88
cat_boundaries=0 1
cat_threshold=645616
is_linear=0
shrinkage=0.05


Tree=113
num_leaves=18
num_cat=0
split_feature=34 43 10 8 8 14 22 23 10 43 33 35 10 63 10 24 33
split_gain=7.74341 5.95883 4.55211 4.06717 7.09764 4.16405 9.42719 7.5956 4.78147 4.427 6.13455 9.91631 6.96731 3.79468 4.97998 3.45244 1.68231
threshold=0.99145639083761428 0.9925634118988621 258.55000000000007 873.03854875283457 920.10204081632662 105.93500000000002 485.00000000000006 465.00000000000006 205.59500000000003 0.96756735895816759 0.45020290325606277 0.0012023740571993002 206.56000000000003 0.79305062067278309 216.83500000000004 1525.0000000000002 0.095979433865491515
decision_type=2 2 2 2 2 2 2 2 2 2 2 2 2 2 2 2 2
left_child=1 -1 3 -2 -5 9 7 -7 -8 10 12 -12 16 14 -11 -14 -6
right_child=2 -3 -4 4 5 6 8 -9 -10 13 11 -13 15 -15 -16 -17 -18
leaf_value=0.15239723514119927 -0.2381668199909143 -0.022954612244163022 -0.1991639534886229 0.15893349607100726 -0.29190874748829149 0.4890347589590448 0.0016875074958918824 0.0067539810862601969 -0.48335636918456065 0.22194956627043486 0.015840545889201963 -0.227198490612642 0.35957648897580885 -0.02613667714977428 -0.013928572851857269 -0.034002506968428839 -0.0061473567118050633
leaf_weight=56 73 41 56 66 52 40 50 65 47 40 41 77 42 64 69 43 48
leaf_count=56 73 41 56 66 52 40 50 65 47 40 41 77 42 64 69 43 48
internal_value=-0.00257732 0.0108247 -0.00406644 -0.00312118 -0.00201613 -0.00353982 0.00247525 0.0128571 -0.00876289 -0.00609244 -0.00973597 -0.0186441 -0.00405405 0.000289017 0.0059633 0.00647059 -0.013
internal_weight=970 97 873 817 744 678 202 105 97 476 303 118 185 173 109 85 100
internal_count=970 97 873 817 744 678 202 105 97 476 303 118 185 173 109 85 100
is_linear=0
shrinkage=0.05


end of trees

feature_importances:
base_cons_gap=114
vowel_class=89
base_cut_gap=83
words_vs_alias_score_margin=79
db_mean=78
zcr_mean=77
spectral_flux_mean=72
energy_mean=67
f0_voicing_mean=67
base_cons=66
valley_dist_from_cutoff_ms=60
energy_slope_pre=59
syllable_len_ms=56
mapping_confidence=55
base_cutoff_abs=54
syllable_start_ms=54
energy_min=54
wav_duration_ms=53
f0_voicing_near_pre=52
curr_phone_end_ms=50
db_min=45
curr_phone_len_ms=44
base_offset=40
energy_slope_post=40
curr_vowel_len_ms=39
curr_phone_start_ms=32
base_pre=30
base_pre_to_expected_ms=26
base_offset_to_expected_ms=25
base_ovl=24
next_base_pre=23
prev_base_pre=22
energy_max=20
syllable_end_ms=18
is_nasal_or_sonorant=18
prev_base_offset=17
next_base_offset=16
row_index_in_wav=14
base_ovl_ratio=14
curr_vowel_start_ms=13
voicing_class=13
curr_vowel_end_ms=12
prev_base_cutoff_abs=12
alias_group=11
local_peak_db=10
row_ratio_in_wav=9
next_base_cutoff_abs=9
local_valley_db=8
valley_energy=7
mel_window_energy_mean=7
onset_class=6
db_silence_ratio=5
is_tense=5
is_diphthong=4
next_phone_gap_ms=2
base_cutoff_to_next_anchor_ms=2
used_exact_vowel_fix=2
expected_anchor_ms=1
mora_position=1

parameters:
[boosting: gbdt]
[objective: regression_l1]
[metric: l1]
[tree_learner: serial]
[device_type: cpu]
[data_sample_strategy: bagging]
[data: ]
[valid: ]
[num_iterations: 500]
[learning_rate: 0.05]
[num_leaves: 31]
[num_threads: 0]
[seed: 0]
[deterministic: 0]
[force_col_wise: 0]
[force_row_wise: 0]
[histogram_pool_size: -1]
[max_depth: -1]
[min_data_in_leaf: 40]
[min_sum_hessian_in_leaf: 0.001]
[bagging_fraction: 0.85]
[pos_bagging_fraction: 1]
[neg_bagging_fraction: 1]
[bagging_freq: 1]
[bagging_seed: 3]
[bagging_by_query: 0]
[feature_fraction: 0.85]
[feature_fraction_bynode: 1]
[feature_fraction_seed: 2]
[extra_trees: 0]
[extra_seed: 6]
[early_stopping_round: 0]
[early_stopping_min_delta: 0]
[first_metric_only: 0]
[max_delta_step: 0]
[lambda_l1: 0]
[lambda_l2: 0]
[linear_lambda: 0]
[min_gain_to_split: 0]
[drop_rate: 0.1]
[max_drop: 50]
[skip_drop: 0.5]
[xgboost_dart_mode: 0]
[uniform_drop: 0]
[drop_seed: 4]
[top_rate: 0.2]
[other_rate: 0.1]
[min_data_per_group: 100]
[max_cat_threshold: 32]
[cat_l2: 10]
[cat_smooth: 10]
[max_cat_to_onehot: 4]
[top_k: 20]
[monotone_constraints: ]
[monotone_constraints_method: basic]
[monotone_penalty: 0]
[feature_contri: ]
[forcedsplits_filename: ]
[refit_decay_rate: 0.9]
[cegb_tradeoff: 1]
[cegb_penalty_split: 0]
[cegb_penalty_feature_lazy: ]
[cegb_penalty_feature_coupled: ]
[path_smooth: 0]
[interaction_constraints: ]
[verbosity: -1]
[saved_feature_importance_type: 0]
[use_quantized_grad: 0]
[num_grad_quant_bins: 4]
[quant_train_renew_leaf: 0]
[stochastic_rounding: 1]
[linear_tree: 0]
[max_bin: 255]
[max_bin_by_feature: ]
[min_data_in_bin: 3]
[bin_construct_sample_cnt: 200000]
[data_random_seed: 1]
[is_enable_sparse: 1]
[enable_bundle: 1]
[use_missing: 1]
[zero_as_missing: 0]
[feature_pre_filter: 1]
[pre_partition: 0]
[two_round: 0]
[header: 0]
[label_column: ]
[weight_column: ]
[group_column: ]
[ignore_column: ]
[categorical_feature: 0,1,2,3,46,47,50,51,52,53,55,56,70]
[forcedbins_filename: ]
[precise_float_parser: 0]
[parser_config_file: ]
[objective_seed: 5]
[num_class: 1]
[is_unbalance: 0]
[scale_pos_weight: 1]
[sigmoid: 1]
[boost_from_average: 1]
[reg_sqrt: 0]
[alpha: 0.9]
[fair_c: 1]
[poisson_max_delta_step: 0.7]
[tweedie_variance_power: 1.5]
[lambdarank_truncation_level: 30]
[lambdarank_norm: 1]
[label_gain: ]
[lambdarank_position_bias_regularization: 0]
[eval_at: ]
[multi_error_top_k: 1]
[auc_mu_weights: ]
[num_machines: 1]
[local_listen_port: 12400]
[time_out: 120]
[machine_list_filename: ]
[machines: ]
[gpu_platform_id: -1]
[gpu_device_id: -1]
[gpu_use_dp: 0]
[num_gpu: 1]

end of parameters

pandas_categorical:[["korean"], ["cv"], ["cv", "cv_head", "mono", "vc"], ["cv", "cv_glide", "cv_head", "cv_head_glide", "mono", "vc_sonorant", "vc_stop"], ["other", "plosive", "sibilant", "sonorant"], ["unknown", "voiced", "voiceless"], ["nasal", "none", "stop"], ["", "a", "ae", "e", "eo", "eui", "i", "o", "oe", "u", "ui", "wa", "wae", "we", "weo", "wi", "ya", "ye", "yeo", "yo", "yu"], ["head", "mid", "tail"], ["", "vc"], ["", "cv", "cv_head", "mono", "vc"], [""], ["unknown"]]
