tree
version=v4
num_class=1
num_tree_per_iteration=1
label_index=0
max_feature_idx=110
objective=regression_l1
feature_names=language format_type alias_type alias_group row_index_in_wav row_ratio_in_wav file_row_count file_cv_count file_vc_count file_vv_count file_vcv_count file_br_count file_mono_count file_cv_ratio file_vc_ratio file_vc_cv_ratio file_cv_vc_balance file_mean_energy file_voiced_ratio file_mean_syllable_dur_ms is_head_row is_tail_row wav_duration_ms base_offset base_cons base_cutoff_abs base_pre base_ovl base_cons_gap base_cut_gap base_ovl_ratio curr_phone_start_ms curr_phone_end_ms curr_phone_len_ms curr_vowel_start_ms curr_vowel_end_ms curr_vowel_len_ms syllable_start_ms syllable_end_ms syllable_len_ms prev_phone_gap_ms next_phone_gap_ms expected_anchor_ms base_offset_to_expected_ms base_pre_to_expected_ms base_cutoff_to_next_anchor_ms energy_mean energy_min energy_max energy_slope_pre energy_slope_post valley_energy valley_dist_from_cutoff_ms db_mean db_min db_silence_ratio f0_voicing_mean f0_voicing_near_pre zcr_mean spectral_flux_mean onset_class voicing_class is_tense is_diphthong coda_type vowel_class mora_position bridge_type is_nasal_or_sonorant prev_alias_type next_alias_type prev_base_pre next_base_pre prev_base_offset next_base_offset prev_base_cutoff_abs next_base_cutoff_abs mapping_confidence used_alias_occurrence_mapping used_exact_vowel_fix used_nuclei_fallback used_alias_based_syllables words_vs_alias_score_margin jump_blocked_flag mapping_reason_code local_peak_db local_valley_db mel_window_energy_mean mel_window_silence_ratio mel_voiced_formant_ratio mel_silence_sparse_ratio mel_unvoiced_diffuse_ratio mel_breath_like_ratio blank_span_confidence mel_offset_candidate_ms mel_cutoff_candidate_ms mel_voiced_onset_ms mel_vowel_nucleus_start_ms mel_vowel_nucleus_end_ms mel_voiced_onset_to_pre_ms mel_safety_clamped onset_patch_energy_mean onset_patch_voiced_ratio onset_patch_unvoiced_ratio tail_patch_energy_mean tail_patch_silence_ratio syllable_blank_confidence syllable_mel_voiced_conf syllable_mel_silence_conf syllable_mel_unvoiced_conf syllable_mel_breath_conf
feature_infos=none none -1:2:1:5:4:6:3 -1:4:2:3:10:1:6:11:7:8:5:9 [0:26] [0:1] [1:27] [0:23] [0:8] [0:16] [0:6] [0:5] [0:1] [0:1] [0:1] [0.071428571428571397:5] [-1:1] [0.1075903494089874:0.57181666363649752] [0.034608378870673903:0.78084714548802947] [14.999999999999901:3810.0000000000009] [0:1] [0:1] [2196.9841269841268:8160] [305:6278] [100:524.21000000000004] [1071.7:6560] [0:360] [0:272.25999999999999] [20:295.81] [7.9999999999999858:1482.6800000000001] [0:0.99309392265193364] [0:6280] [630:6890] [9.9999999999995435:3810] [0:6280] [0:6890] [0:3770] [0:5610] [630:8000] [30:4890] [0:470] [0:470] [330:6280] [-395.97000000000003:98.25] [-69.420000000000073:444.55000000000018] [-3829.71:3384.0500000000002] [0:1] [0:1] [0:1] [-0.90782228061711123:1] [-0.94803462318462162:1] [0:1] [0:1578.3829478458051] [-112.2029316115954:0] [-120:0] [0:1] [0:1] [0:1] [0:0.54040260844910692] [0:0.096532423145855306] -1:0:1:3:2 -1:0:2:1 [0:1] [0:1] -1:2:3:1:4 -1:0:4:8:3:1:7:19:18:10:13:12:16:11:17:20:14:6:5 -1:1:0:2 -1:0:2:1:3 [0:1] -1:3:2:0:5:6:7:4 -1:2:3:5:6:0:7:4 [0:360] [0:360] [0:6591.4899999999998] [0:6592.25] [0:6926.0699999999997] [0:6926.0699999999997] [0.52016583403774208:1] [0:1] [0:1] [0:1] none [-1.4870000000000021:4847.9340000000002] [0:1] none [-112.2029316115954:0] [-120:0] [0:1] [0:1] [0:1] [0:1] [0:0.94117647058823517] [0:0.22222222222222221] [0:0.85338983050847461] [305:6278] [1031.6643990929706:6560] [0:6250.7936507936511] [0:6260.7709750566892] [0:6470.2947845804993] [-79.895600907029348:79.999387755102362] none [0:1] [0:1] [0:1] [0:1] [0:1] [0:0.79999999999999993] [0:1] [0:1] [0:1] [0:1]
tree_sizes=3280 3368 3355 3392 3352 3361 3326 3366 3371 3364 3344 3339 3317 3315 3377 3345 3387 3371 3383 3312 3365 3389 3332 3382 3399 3408 3352 3359 3387 3388 3368 3399 3330 3389 3406 3387 3380 3382 3383 3378 3373 3358 3364 3397 3397 3411 3408 3390 3396 3345 3371 3402 3388 3389 3435 3395 3408 3378 3357 3415 3385 3413 3432 3398 3410 3391 3381 3407 3391 3403 3422 3427 3415 3373 3417 3431 3395 3378 3415 3413 3446 3440 3389 3412 3400 3368 3401 3433 3446 3419 3383 3438 3419 3413 3383 3424 3368 3406 3397 3396 3418 3410 3428 3422 3412 3420 3403 3404 3407 3412 3396 3415 3414 3423 3410 3410 3434 3434 3426 3419 3398 3419 3425 3437 3431 3420 3448 3427 3438 3451 3435 3368 3445 3398 3409 3412 3458 3433 3396 3442 3407 3409 3392 3431 3458 3394 3448 3432 3418 3417 3418 3410 3445 3422 3413 3421 3387 3434 3383 3433 3428 3427 3433 3397 3415 3441 3450 3394 3439 3410 3395 3435 3412 3425 3450 3421 3390 3450 3409 3433 3434 3385 3416 3425 3452 3443 3419 3420 3431 3440 3440 3404 3451 3424 3410 3424 3445 3451 3430 3408 3427 3446 3406 3454 3434 3461 3436 3449 3440 3441 3461 3423 3436 3420 3463 3426 3406 3425 3446 3429 3408 3418 3429 3397 3434 3428 3453 3440 3431 3411 3446 3421

Tree=0
num_leaves=31
num_cat=7
split_feature=31 3 64 77 50 34 69 65 2 4 3 34 5 27 28 34 52 22 57 37 24 8 44 74 34 7 59 82 65 49
split_gain=293.763 162.569 140.777 145.427 92.8977 81.0064 59.3499 65.7798 62.1331 76.4443 58.1485 52.2274 72.6357 43.1147 41.7729 39.7725 39.6274 39.2526 37.0642 34.9123 29.1231 29.1191 24.6252 24.2137 20.2095 25.3301 20.091 19.1753 18.0171 19.0752
threshold=2625.0000000000005 0 1 0.96407553230118703 0.12619579173991033 1495.0000000000002 2 3 4 1.5000000000000002 5 1155.0000000000002 0.48913043478260876 8.5750000000000011 177.98000000000005 2105.0000000000005 229.4459297052156 5827.5963718820867 0.99658159054469853 1355.0000000000002 179.10500000000005 4.5000000000000009 1.0000000180025095e-35 3046.5400000000004 1205.0000000000002 6.5000000000000009 0.0048844709155080506 3077.5565000000011 6 0.080076910250225966
decision_type=2 9 9 2 2 2 9 9 9 2 9 2 2 2 2 2 2 2 2 2 2 2 2 2 2 2 2 2 9 2
left_child=1 14 5 18 6 -3 8 -8 9 -2 13 17 20 -6 -1 -16 23 22 -4 27 -13 -11 -5 -9 -22 -26 -18 -20 -21 -30
right_child=4 2 3 11 10 -7 7 16 -10 21 -12 12 -14 -15 15 -17 26 -19 19 28 24 -23 -24 -25 25 -27 -28 -29 29 -31
leaf_value=-72.016052055358884 -84.845402145385748 -62.845402145385741 -73.845502145390498 -77.90915222167969 -78.663552093505857 -84.845402145385748 -84.845402145385748 -78.338402175903326 -84.845402145385748 -67.575052261352539 -84.845402145385748 -77.094752120971677 -62.845402145385741 -73.845552145387046 -76.740852165222165 -79.210951995849612 -81.22865180969238 -79.4618522644043 -70.139802169799808 -68.137752151489252 -77.783552169799805 -84.845402145385748 -76.190802192687983 -82.40620231628418 -81.29930229187012 -77.931352233886713 -76.213902091979975 -77.77290229797363 -80.618702316284185 -72.29760217666626
leaf_weight=555.60462668538094 37.511740252375603 30.539879277348518 386.0337892472744 34.414885729551315 69.400704443454742 247.44822809100151 758.97675813734531 156.91176082193851 86.692410409450531 172.0169376283884 103.96916592121124 118.37569545209408 63.017987757921219 215.98715148866177 65.313382372260094 39.486747577786446 41.760854184627533 73.800312787294388 189.55729389190674 47.028604224324226 100.67977696657181 21.527837365865707 164.51653051376343 306.58737727999687 315.51983261108398 71.721739500761032 139.12588982284069 49.702858090400696 93.287464648485184 18.032828390598297
leaf_count=1021 97 70 713 49 146 549 1795 376 199 324 223 197 174 399 110 75 102 112 429 104 138 52 210 732 608 110 235 109 211 33
internal_value=-77.7318 -77.7207 -77.7279 -77.7226 -77.7457 -77.7603 -77.7507 -77.755 -77.7309 -77.7173 -77.7236 -77.7358 -77.7433 -77.7123 -77.6994 -77.7279 -77.7428 -77.7173 -77.7066 -77.7173 -77.7486 -77.704 -77.7058 -77.7508 -77.754 -77.7592 -77.7232 -77.7053 -77.7355 -77.7461
internal_weight=4774.55 2664.08 2003.68 1725.69 2110.47 277.988 1721.11 1403.36 317.749 231.057 389.357 942.047 669.315 285.388 660.405 104.8 644.386 272.732 783.643 397.609 606.297 193.545 198.931 463.499 487.921 387.242 180.887 239.26 158.349 111.32
internal_count=9702 5022 3816 3197 4680 619 3912 3240 672 473 768 1598 1227 545 1206 185 1445 371 1599 886 1053 376 259 1108 856 718 337 538 348 244
cat_boundaries=0 1 2 3 4 5 6 7
cat_threshold=100 8 32 1574107 16 2132 614401
is_linear=0
shrinkage=1


Tree=1
num_leaves=31
num_cat=4
split_feature=34 3 23 101 3 5 13 26 52 13 4 77 65 101 16 5 61 28 24 102 59 5 75 22 46 22 73 97 24 23
split_gain=281.634 170.539 185.323 126.177 95.5821 115.126 76.4011 65.8552 64.9968 61.5621 51.7872 49.8984 49.4582 44.9799 43.466 44.1707 39.8042 33.7621 30.6423 28.5714 27.0475 49.5165 29.4096 25.2189 24.944 24.7306 24.1848 22.93 19.7808 18.9682
threshold=2965.0000000000005 0 1536.6450000000002 0.66281157843672212 1 0.41885964912280704 0.6132478632478634 80.885000000000005 129.6605895691612 0.95238095238095244 4.5000000000000009 0.79141289183224195 2 0.703531089761113 0.5634920634920636 0.7947368421052633 3 200.44500000000002 201.21500000000003 0.39047619047619048 0.015635940376194906 0.48913043478260876 4509.1550000000016 6870.9750566893426 0.95098629531416645 6030.7029478458053 1824.2300000000002 3005.6689342403638 235.73500000000004 1157.2500000000002
decision_type=2 9 2 2 9 2 2 2 2 2 2 2 9 2 2 2 1 2 2 2 2 2 2 2 2 2 2 2 2 2
left_child=1 2 7 8 5 10 -7 16 -4 20 -2 -11 19 18 15 24 28 -18 -8 -6 21 29 -23 -10 -5 -16 -27 -14 -1 -3
right_child=4 9 3 14 12 6 13 -9 23 11 -12 -13 27 -15 25 -17 17 -19 -20 -21 -22 22 -24 -25 -26 26 -28 -29 -30 -31
leaf_value=1.9099276542663575 -6.7577298927307128 6.7703525447845472 -1.2682849311828612 -1.0901347541809081 0.8943276255798992 5.7810526847839361 -0.7169797706604002 5.4509750965883725 -0.68390470504760759 3.6007026027631945 0.076977577209472514 -2.3837423706054688 -1.4901898384094239 -2.1428898811340331 -6.7577298927307128 14.50699010848999 0.58963997840881321 -1.6876599025726322 3.6922276072669775 -4.4683899879455566 4.5873526477813718 14.50699010848999 -3.1918149757385255 1.8230751637270446 -3.9546121788024906 -2.8816848182678223 1.0353375816345214 -6.7577298927307128 -0.37874244689941394 -0.020297250747680809
leaf_weight=223.8066650480032 217.07456940412521 26.470275431871414 148.28127045929432 105.70805187523365 127.20393252372742 205.64047086238861 55.46971495449543 200.6351655125618 67.155683562159538 60.543650135397911 120.27456140518188 126.04036451876163 85.983759567141533 173.17830400168896 296.70583958923817 35.941414713859558 181.22889988124371 64.013463526964188 58.573993414640427 123.32052277028561 611.21503986418247 178.72879944741726 14.537557661533354 183.58850780129433 98.758352726697922 42.810402095317841 65.383592531085014 615.13234725594521 30.466122031211853 213.37201063334942
leaf_count=301 521 37 265 227 310 381 122 377 147 116 225 243 186 360 671 84 305 105 86 291 1147 519 22 273 200 71 120 1542 42 363
internal_value=0.000504126 0.00991866 -0.000203974 -0.0135489 -0.0152165 -0.00261015 0.0127626 0.0196982 0.00855273 0.0240709 -0.0251469 -0.00218773 -0.0259146 -0.00389462 -0.0272154 -0.0103746 0.00997967 -0.00439216 0.020488 -0.00602437 0.0289929 0.0194338 0.0382673 0.024071 -0.0193603 -0.0372145 -0.0167512 -0.0328372 0.0238411 0.00425768
internal_weight=4757.24 2975.39 1744.48 1044.33 1781.85 830.212 492.862 700.15 399.025 1230.91 337.349 186.584 951.641 287.222 645.308 240.408 499.515 245.242 114.044 250.524 1044.32 433.109 193.266 250.744 204.466 404.9 108.194 701.116 254.273 239.842
internal_count=9659 5635 3188 2058 4024 1695 949 1130 685 2447 746 359 2329 568 1373 511 753 410 208 601 2088 941 541 420 427 862 191 1728 343 400
cat_boundaries=0 1 2 3 4
cat_threshold=3082 452 1386496 2
is_linear=0
shrinkage=0.05


Tree=2
num_leaves=31
num_cat=4
split_feature=25 2 23 4 23 44 44 74 16 5 46 101 52 74 95 104 72 70 28 50 44 52 28 75 65 8 15 61 5 73
split_gain=262.449 147.397 147.721 137.993 170.023 93.1215 93.0238 73.4888 51.3835 44.8362 42.4848 40.7283 38.8205 37.9205 36.1589 36.1547 34.7082 50.9466 31.4725 30.3262 29.9427 29.525 33.436 29.2889 28.7818 36.8419 27.5456 27.4754 26.5959 25.4464
threshold=3365.4500000000003 0 1566.7450000000001 1.5000000000000002 1117.0500000000002 -18.819999999999933 -23.114999999999892 2419.4400000000005 0.5634920634920636 0.7947368421052633 0.96978897114078555 0.71255409513331724 122.45678004535149 3011.5050000000006 1889.8300000000002 0.32909435626526312 120.96500000000002 1 147.07500000000002 0.089522313310100257 106.6600000000001 9.6186961451246606 116.52 4784.4250000000011 2 1.5000000000000002 0.19090909090909094 3 0.23669467787114842 4125.8550000000005
decision_type=2 9 2 2 2 2 2 2 2 2 2 2 2 2 2 2 2 9 2 2 2 2 2 2 9 2 2 1 2 2
left_child=1 2 -1 4 15 12 -6 -5 9 -4 21 18 -2 23 -13 -3 19 28 -8 -15 -21 22 -9 24 -7 -26 -20 -28 -18 -30
right_child=5 3 8 7 6 13 11 10 -10 -11 -12 14 -14 16 -16 -17 17 -19 26 20 -22 -23 -24 -25 25 -27 27 -29 29 -31
leaf_value=13.966925601845027 -6.4198433980941774 -0.12297676706314108 -6.6832204008102423 12.949474902629852 3.1033849673271181 -3.392535624504089 2.0039213368761417 3.3712849703775718 -6.4198433980941774 14.163295609474183 -0.40734921360015836 -0.14558955812454216 3.6882787284075746 -6.4198433980941774 -5.5134475593566892 3.419626352435357 -6.4198433980941774 -6.4198433980941774 0.45609567975997933 -3.6242432699203491 3.5077162269083786 3.3713849703765009 -0.6121874613761904 -6.4198433980941774 -1.2906434164047242 4.1055499505996709 -0.21153868021393976 -2.4216009740829465 3.507566226901254 -3.8558232450485228
leaf_weight=76.761962339282036 52.699684113264084 69.126861542463303 74.261491149663925 495.72707505524158 151.52204737067223 109.6544011682272 142.48835369944572 62.490749076008797 240.40911871194839 30.747637867927551 120.43264724314213 198.82681156694889 97.580540150403976 422.38803048431873 324.67769141495228 314.59702377021313 28.095809534192085 221.4299064129591 164.5387576520443 116.71799109876156 20.544782847166061 424.79766020178795 115.35929299890995 75.370543241500854 121.35149776935577 144.65729793906212 95.344009906053543 117.33928264677525 130.30993989109993 45.432855471968651
leaf_count=180 128 100 169 1138 251 216 265 123 535 72 234 307 167 1067 729 427 70 546 275 258 34 792 203 174 277 310 136 211 255 90
internal_value=0.00076887 0.00897064 -0.0183261 0.0131091 0.00339746 -0.0158776 -0.00590248 0.025794 -0.0327028 -0.00352374 0.0156283 -0.0112197 0.0215706 -0.0197968 -0.0210632 0.0323531 -0.0252952 -0.0145278 -0.00130426 -0.0334772 -0.0130598 0.0210462 0.0039422 -0.00778981 -0.00208267 0.00690679 -0.00886642 -0.0207505 0.00399582 0.0114132
internal_weight=4805.68 3219.45 422.18 2797.27 1578.46 1586.23 1194.74 1218.81 345.418 105.009 723.08 1043.21 150.28 1435.95 523.505 383.724 984.919 425.269 519.71 559.651 137.263 602.648 177.85 451.034 375.663 266.009 377.222 212.683 203.839 175.743
internal_count=9739 6147 956 5191 2701 3592 2174 2490 776 241 1352 1923 295 3297 1036 527 2320 961 887 1359 292 1118 326 977 803 587 622 347 415 345
cat_boundaries=0 1 2 3 4
cat_threshold=32 36 802890 2
is_linear=0
shrinkage=0.05


Tree=3
num_leaves=31
num_cat=3
split_feature=34 3 95 38 3 5 57 13 26 6 26 65 44 13 77 28 16 52 45 35 22 75 91 35 57 104 76 77 99 77
split_gain=230.991 164.699 179.475 117.571 100.204 103.043 74.2056 74.1225 56.5516 56.4751 50.9699 41.5103 38.5404 38.4068 37.7703 30.5566 27.5697 26.9385 23.9028 23.4909 22.9941 35.386 29.5534 22.3568 22.2804 22.0294 20.254 20.0585 19.2465 18.4214
threshold=2965.0000000000005 0 1904.8501360544221 2785.0000000000005 1 0.41885964912280704 0.36052826438675328 0.6132478632478634 8.9400000000000031 8.5000000000000018 65.100000000000009 2 -28.155000000000197 0.95238095238095244 0.99349388270016215 180.22000000000003 0.5634920634920636 157.74369614512469 130.15500000000023 3985.0000000000005 5530.7482993197291 1226.0700000000002 0.012121657361151903 1195.0000000000002 0.9852343653941581 0.54833896212168842 4260.045000000001 0.68124419611557274 50.903287981859428 0.96407553230118703
decision_type=2 9 2 2 9 2 2 2 2 2 2 9 2 2 2 2 2 2 2 2 2 2 2 2 2 2 2 2 2 2
left_child=1 2 10 16 5 9 -5 -7 14 -2 20 19 -9 18 -3 24 -4 -15 -10 -6 22 23 -1 -22 25 -8 -13 -11 -14 -19
right_child=4 8 3 6 11 7 15 12 13 27 -12 26 28 17 -16 -17 -18 29 -20 -21 21 -23 -24 -25 -26 -27 -28 -29 -30 -31
leaf_value=0.96510690481662709 -6.0988512281894689 6.40165821758759 2.2561357773718238 3.2646071040761258 0.8391733986416483 5.6434217041044619 -1.1933030626058583 3.3234522904951249 5.6975037473616004 3.8936459002971646 4.9339449631020305 -6.0988512281894689 1.5319968514919282 -3.4579337003469464 -1.0760249411344531 -1.9792404650211333 -6.0988512281894689 2.7733937275030418 0.63528387976950429 -5.0446614698886876 1.8617793439802526 6.2647707088708877 -1.5959974295377735 -1.8456404039144516 -1.3590086472034451 0.75799723484145431 -6.0988512281894689 -1.1297864307880403 -3.2430430883884429 -0.35916834084987603
leaf_weight=262.42737965285778 157.68315300345421 50.750884085893631 38.513405874371529 110.42387318611145 122.1412051320076 204.05773414671421 39.277932405471802 34.706613063812256 785.79589755833149 50.164668992161751 261.16898334026337 476.94865573942661 93.940268740057945 54.390459209680557 78.677122607827187 126.77468711137772 304.62100623548031 48.214500889182091 107.43266752362251 143.76099643111229 28.509677648544312 27.170435220003128 58.871080458164215 89.395494386553764 325.67893558740616 114.67541006207466 217.20018687844276 127.81343343853951 162.04996244609356 42.947457239031792
leaf_count=356 393 117 95 182 264 382 61 51 1633 100 475 1131 179 118 130 226 679 82 196 368 41 53 115 138 669 172 602 250 342 79
internal_value=0.000331251 0.00891639 -0.000685263 -0.0138151 -0.0138412 -0.000955341 -0.00229385 0.0135405 0.0234136 -0.0223502 0.0184343 -0.0247196 -0.00267414 0.0274972 -0.00755192 -0.00915867 -0.0378837 0.00368036 0.0313781 -0.00708711 0.00853072 -0.00799149 0.015991 -0.0198456 -0.00338831 0.0122856 -0.0312774 -0.00304576 -0.00937764 0.0202954
internal_weight=4746.18 2955.72 1787.51 1059.97 1790.47 830.416 716.831 494.755 1168.21 335.661 727.543 960.051 290.697 1038.78 129.428 606.407 343.134 145.552 893.229 265.902 466.374 145.076 321.298 117.905 479.632 153.953 694.149 177.978 255.99 91.162
internal_count=9679 5617 3262 2084 4062 1697 1310 954 2355 743 1178 2365 572 2108 247 1128 774 279 1829 632 703 232 471 179 902 233 1733 350 521 161
cat_boundaries=0 1 2 3
cat_threshold=3210 452 1515520
is_linear=0
shrinkage=0.05


Tree=4
num_leaves=31
num_cat=6
split_feature=35 44 3 23 65 3 74 29 5 101 23 7 73 42 16 95 10 73 105 52 5 65 32 22 49 65 72 59 65 101
split_gain=230.719 120.78 100.673 96.2734 76.2643 72.0247 77.3184 54.8149 53.9177 50.302 58.7003 51.9265 48.4759 48.2431 47.7167 44.2808 44.2518 35.5243 30.4055 30.3818 29.7585 29.6757 27.1973 24.1317 22.8751 22.177 21.8893 20.3111 19.9913 20.9761
threshold=2585.0000000000005 -14.850000000000135 0 1106.7500000000002 1 2 3046.5400000000004 12.23000000000002 0.51000000000000012 0.45593465094567676 1877.9900000000002 7.5000000000000009 1127.2500000000002 1935.0000000000002 -0.74999999999999989 2374.3200000000002 1.0000000180025095e-35 1885.0550000000003 0.16333333333333333 280.29869614512478 0.36602870813397131 3 4905.0000000000009 6870.9750566893426 0.51585749662786218 4 126.69000000000001 0.021693570139615304 5 0.47607588951931484
decision_type=2 2 9 2 9 9 2 2 2 2 2 2 2 2 2 2 2 2 2 2 2 9 2 2 2 9 2 2 9 2
left_child=2 7 15 18 9 13 16 -2 25 23 -11 -12 -6 -3 26 -1 22 -18 -4 27 -17 -15 28 -5 -23 -8 -10 -16 -7 -30
right_child=1 5 3 4 12 6 8 -9 14 10 11 -13 -14 21 19 20 17 -19 -20 -21 -22 24 -24 -25 -26 -27 -28 -29 29 -31
leaf_value=5.4530784653890283 -5.7939086667799948 2.4937070961019394 3.0020477866632373 0.63593689593041636 -0.58007624374151234 1.5910934152245524 -5.7939086667799948 3.3095824969680545 -0.23193385407455766 -0.12184292561173393 -5.6221084348464014 2.1433289885032325 12.980553542380646 2.5897262351155286 -3.4127073784469371 -0.024949205048805823 -1.1646035289713588 8.0699002254551591 -0.26841595560669873 0.75461856291055729 3.1481730294089236 -5.7939086667799948 -3.8097868423247334 2.7901672487534621 -0.27547610030889519 -2.2779992288709972 6.6207007684353716 2.9722522411110939 3.6115265246303867 -2.1161991863036156
leaf_weight=328.48910550773144 34.94384340941906 30.898503333330154 262.25254565477371 76.331509321928024 114.57757687568665 189.80701763927937 287.06380398571491 214.03991398215294 28.600874096155167 491.195949614048 263.85761275887489 63.711888507008553 187.50880734622478 44.416717633605003 288.51958176493645 123.32397305965424 53.366766378283501 230.49993611872196 56.667773097753525 81.840942338109016 99.777368709445 385.23092661798 101.60010027885437 60.063411608338356 47.124476447701454 368.05359832942486 71.495354533195496 38.025502935051918 20.897862106561661 112.1701258122921
leaf_count=568 91 63 387 172 195 433 711 396 45 812 547 112 519 95 674 187 109 552 83 142 211 922 198 92 75 804 105 78 41 234
internal_value=0.000118015 -0.0097897 0.0123578 0.00576291 -0.00042429 -0.0132566 -0.00855911 0.0233443 -0.0165332 -0.00736525 -0.0121256 -0.0285196 0.0210685 -0.0298216 -0.00431648 0.0305446 0.0044192 0.0197013 0.0303348 -0.0118995 0.0139082 -0.0343329 -0.00580066 0.0206705 -0.037847 -0.0260155 0.0266216 -0.0187269 0.00129899 -0.0130491
internal_weight=4756.35 2628.6 2127.76 1576.17 1257.25 2379.61 1871.94 248.984 1163.6 955.16 818.765 327.57 302.086 507.671 508.482 551.59 708.342 283.867 318.92 408.386 223.101 476.772 424.475 136.395 432.355 655.117 100.096 326.545 322.875 133.068
internal_count=9653 5768 3885 2919 2449 5281 4126 487 2559 1735 1471 659 714 1155 1044 966 1567 661 470 894 398 1092 906 264 997 1515 150 752 708 275
cat_boundaries=0 1 2 3 4 5 6
cat_threshold=100 6555 1032 1071136 1577153 13459
is_linear=0
shrinkage=0.05


Tree=5
num_leaves=31
num_cat=5
split_feature=31 3 23 101 3 5 5 59 28 65 13 4 61 44 38 28 23 58 23 105 16 35 51 50 76 98 61 5 24 78
split_gain=206.16 141.959 171.867 100.28 89.6637 86.1034 70.4294 100.695 56.6165 55.9979 52.8626 52.6469 44.1077 41.4818 41.4421 41.0456 39.3882 35.4413 35.0566 31.9092 28.825 28.6969 28.1811 27.9087 27.4955 25.3545 24.8066 23.9748 29.2533 23.8679
threshold=3025.0000000000005 0 1536.6450000000002 0.57973725396121478 1 0.40588235294117653 0.48913043478260876 0.017237374077543204 135.31500000000003 2 0.6132478632478634 2.5000000000000004 3 -28.155000000000197 2785.0000000000005 163.50500000000002 1137.0350000000001 0.021257826590562651 2070.2600000000007 0.7350000000000001 0.5634920634920636 4945.0000000000009 0.075780558540375964 0.062433883854160356 3575.8050000000007 2362.1315192743768 4 0.69782608695652182 179.10500000000005 1.0000000180025095e-35
decision_type=2 9 2 2 9 2 2 2 2 9 2 2 1 2 2 2 2 2 2 2 2 2 2 2 2 2 1 2 2 2
left_child=1 2 8 15 5 11 7 16 -1 21 -7 -2 -10 -12 20 29 -3 -18 -9 -14 -5 -6 -16 -19 -8 -20 -26 28 -24 -4
right_child=4 6 3 14 9 10 24 18 12 -11 13 -13 19 -15 22 -17 17 23 25 -21 -22 -23 27 -25 26 -27 -28 -29 -30 -31
leaf_value=4.4018871711971768 -5.549533025377869 2.6062365742645399 -5.5042132334409954 3.1346916042940176 0.56224385702877056 4.192949616143129 12.696245866482318 4.3457320413676639 1.3509108670902847 -5.5042132334409954 2.9918005511219659 -0.36142430393087893 -1.4687385276540519 -0.70241569926859393 -3.3508176069068316 -0.52117314209806909 0.73963671162736455 -2.2192577459409564 -2.6564591580587562 0.88137771207052473 -5.5042132334409954 -5.4061556527887582 0.4432540575176418 0.54854313201445215 1.8349801928166665 2.3428430008478727 -0.05722328092960325 2.4602399233597523 -3.1369256179826204 2.6507588863088971
leaf_weight=279.68131709098816 111.34582474827766 50.937303423881531 31.524822399020195 32.273585498332977 184.91532291471958 181.31621417403221 362.06066986918449 292.36327730119228 234.77745348215103 620.05262407660484 37.528555601835251 176.01372039318085 177.82759186625481 269.47967933118343 59.134098142385483 130.2844745516777 108.40087099373341 198.62128569185734 30.111475229263306 32.582949221134186 280.98080934584141 57.458672076463699 79.989745736122131 51.587707951664925 47.340186148881912 84.413903698325157 81.383490934967995 96.091139853000641 261.70079493522644 145.59579463303089
leaf_count=519 305 69 72 73 453 322 992 473 311 1566 55 342 293 542 118 230 182 376 63 43 624 139 130 84 73 158 148 196 534 244
internal_value=0.000505023 0.00798748 -0.00100165 -0.0133058 -0.0138818 -0.00135862 0.0205079 0.0116665 0.0179546 -0.0248416 0.0114028 -0.0230921 0.0068789 -0.00123966 -0.0225317 0.0110091 -0.00583588 -0.0116798 0.0292833 -0.00974566 -0.0367745 -0.00379992 -0.013553 -0.022026 0.0356336 0.00583411 0.0157856 -0.00917683 -0.0153819 0.0266787
internal_weight=4787.78 3149.66 1842.44 1117.58 1638.11 775.684 1307.22 816.436 724.869 862.427 488.324 287.36 445.188 307.008 810.17 307.405 409.547 358.61 406.889 210.411 313.254 242.374 496.916 250.209 490.784 114.525 128.724 437.782 341.691 177.121
internal_count=9729 6005 3387 2221 3724 1566 2618 1405 1166 2158 919 647 647 597 1675 546 711 642 694 336 697 592 978 460 1213 221 221 860 664 316
cat_boundaries=0 1 2 3 4 5
cat_threshold=3210 452 1325088 2 2
is_linear=0
shrinkage=0.05


Tree=6
num_leaves=31
num_cat=7
split_feature=31 2 44 77 38 5 13 69 5 72 2 65 26 61 42 22 97 47 31 74 61 82 5 98 74 44 101 8 69 45
split_gain=209.088 163.511 114.318 100.332 94.3945 77.0244 69.6516 61.3017 60.5419 55.746 54.5291 61.7706 48.6857 47.9424 45.6665 41.1177 39.0849 35.4748 33.3925 30.7092 29.1998 29.0956 28.9921 42.2584 28.899 28.5524 26.1421 26.4979 26.1097 23.0402
threshold=1955.0000000000002 0 -14.850000000000135 0.99998212466496705 3050.0000000000005 0.33974358974358976 0.6132478632478634 1 0.324561403508772 115.545 2 3 120.02000000000002 4 1545.0000000000002 5827.5963718820867 3175.2834467120188 0.65057842661763454 3025.0000000000005 3064.4400000000005 5 1455.3285000000003 0.71130952380952395 3694.1043083900231 3011.5050000000006 2.1600000000000823 0.73798717433802929 1.0000000180025095e-35 6 -62.689999999999934
decision_type=2 9 2 2 2 2 2 9 2 2 9 9 2 1 2 2 2 2 2 2 1 2 2 2 2 2 2 2 9 2
left_child=3 2 29 28 5 21 19 9 13 24 12 16 20 14 15 -5 -12 -14 -13 22 -9 -4 -3 -24 -6 -15 27 -27 -1 -2
right_child=1 6 4 8 7 -7 -8 10 -10 -11 11 18 17 25 -16 -17 -18 -19 -20 -21 -22 -23 23 -25 -26 26 -28 -29 -30 -31
leaf_value=1.8159808076143187 3.1620245873265334 -5.4792107243492065 -3.3164607880963404 1.5373590596544973 10.951249622942809 12.035637948250304 -5.2290025717689455 0.11441780034701879 7.1470954942309222 5.5657458165333811 2.0692294097945991 -1.2105115138053357 2.9944458298743486 -2.4382216056371209 -2.4890301864636779 -1.2836046582961544 -2.1406412057039441 -1.9500575207782049 -5.2720563741089759 -5.2290025717689455 -1.625379842914072 0.92628424445192514 4.6928115820024257 -1.6222030728389676 -2.5236362001558188 0.56048070700715158 -2.7776807057802859 -2.2852453449537187 4.8778878484984594 -5.4385701380808218
leaf_weight=165.16866128146648 227.00475130975246 98.502960011363029 73.890651926398277 161.93209791183472 81.791282117366791 174.67049278318882 305.98032815754414 340.27146244049072 81.072003766894341 141.10433484613895 123.68485717475414 384.12260204553604 95.634583532810211 92.967738762497902 79.463652342557907 50.848883777856827 128.08367075026035 26.596722006797791 355.70187401771545 163.07660090923309 337.33371886610985 49.828902691602707 83.344010531902313 85.540558785200119 104.86100207269192 96.185540437698364 79.614899039268494 37.991200715303421 514.59256136417389 25.612511560320854
leaf_count=308 407 244 139 196 184 519 714 603 151 261 281 733 136 178 150 72 307 43 937 439 736 77 182 159 205 142 139 65 932 59
internal_value=9.12312e-05 -0.00652508 -0.000717022 0.0166663 -0.00406395 0.0222657 -0.0272047 -0.00777128 0.00308798 0.0119249 -0.0113779 -0.0191894 -0.00157628 -0.00240035 0.0120921 0.0241706 0.00240437 0.0274487 -0.026472 -0.01461 -0.00683528 -0.00791867 -0.00418055 0.00839333 -0.00564017 -0.016207 -0.00614783 0.00732019 0.0302509 0.0312851
internal_weight=4766.48 3406.64 2670.19 1359.84 2417.58 298.39 736.444 2119.19 680.076 327.757 1791.43 991.593 799.836 599.004 292.245 212.781 251.769 122.231 739.824 430.464 677.605 123.72 267.388 168.885 186.652 306.759 213.792 134.177 679.761 252.617
internal_count=9698 7365 5627 2333 5161 735 1738 4426 1093 650 3776 2258 1518 942 418 268 588 179 1670 1024 1339 216 585 341 389 524 346 207 1240 466
cat_boundaries=0 1 2 3 4 5 6 7
cat_threshold=22 96 2 1253408 2 2 24
is_linear=0
shrinkage=0.05


Tree=7
num_leaves=31
num_cat=3
split_feature=34 3 74 72 3 37 23 50 73 73 101 32 13 77 16 74 52 49 3 101 27 23 74 4 30 13 52 74 104 22
split_gain=203.797 229.148 109.898 91.1115 89.5677 66.0468 65.678 60.1636 57.6913 56.8314 44.2897 44.0067 41.9475 40.025 39.1788 30.3339 27.9409 27.6642 27.4115 26.9522 26.4593 25.8938 24.0135 46.2217 21.9554 21.5102 21.0523 20.556 18.7316 17.8205
threshold=1955.0000000000002 0 2914.6800000000003 118.795 1 2605.0000000000005 1096.5150000000001 0.17834499964293102 1226.7650000000001 4487.3050000000012 0.90652754355321075 4275.0000000000009 0.6132478632478634 0.99998212466496705 0.5634920634920636 5114.8000000000011 147.52757369614508 0.4859948166744712 2 0.37010007134364148 4.245000000000001 3636.8150000000005 3101.6700000000005 3.5000000000000004 0.86933009518703963 0.37980769230769235 151.64163265306095 3763.7800000000007 0.64876476798672555 5921.3378684807258
decision_type=2 9 2 2 9 2 2 2 2 2 2 2 2 2 2 2 2 2 9 2 2 2 2 2 2 2 2 2 2 2
left_child=4 7 8 5 6 11 28 12 -3 13 18 16 22 -10 -15 -7 -4 -14 -5 -8 -18 -9 23 -2 -16 -12 -19 -13 -1 -21
right_child=1 2 3 10 -6 15 19 21 9 -11 25 27 17 14 24 -17 20 26 -20 29 -22 -23 -24 -25 -26 -27 -28 -29 -30 -31
leaf_value=1.0632295842305055 -3.9063135913276046 -2.3573676276890247 -1.1291663910028802 -4.9631337634666535 6.489793703265919 -5.3780445623905555 2.4514612297338667 1.8533170475117395 7.6305320562857109 -5.0646058442862607 4.2154808439388587 2.4769400497369576 -4.967552443180498 -0.33129512812785011 2.4293813071853272 0.070230570715168736 -0.78718414123704084 -1.1976678824445699 2.7003557656238502 0.044387103058573275 1.3174556787039748 -4.967552443180498 -4.967552443180498 2.6025873480916433 -0.30163259742985887 -2.7938657879375399 0.63779614617218749 -5.2064198089352285 2.7849090066358326 -1.2194244253813467
leaf_weight=93.419211983680725 158.15885174274445 73.956480666995049 223.56533533334732 57.248395368456841 397.02246510982513 207.77525895833969 84.811334133148193 97.974493473768234 535.28248922526836 52.757943093776703 41.333721235394478 17.035916551947594 443.42560718953609 89.246089994907379 205.8543116748333 40.385926842689514 91.447822794318199 58.766024589538574 267.48004996776581 517.29228173196316 190.71962668001652 29.075338169932365 150.87349027395248 116.33168065547943 31.558734312653542 117.01572498679161 37.511718153953552 102.74097752571106 156.6650997698307 115.01567858457565
leaf_count=133 355 148 434 136 774 550 165 167 1254 114 73 40 1014 156 417 81 179 99 480 874 322 75 406 256 66 250 56 270 213 179
internal_value=0.000964873 -0.0055243 0.00331727 -0.00590766 0.017316 -0.0155424 0.00874982 -0.0243199 0.0160103 0.0194447 0.0115173 -0.00688336 -0.0288007 0.0225281 0.00873572 -0.0373683 -0.000429217 -0.038055 0.0220894 0.00114599 0.0100319 0.0078014 -0.0170587 -0.00825103 0.0193524 -0.010163 -0.0137611 -0.0341346 0.0309037 -0.00240406
internal_weight=4801.75 3437.52 2345.4 1356.75 1364.23 873.671 967.204 1092.12 988.656 914.7 483.078 625.51 965.067 861.942 326.659 248.161 505.733 539.703 324.728 717.119 282.167 127.05 425.364 274.491 237.413 158.349 96.2777 119.777 250.084 632.308
internal_count=9736 7398 4970 2815 2338 1876 1564 2428 2155 2007 939 1245 2186 1893 639 631 935 1169 616 1218 501 242 1017 611 483 323 155 310 346 1053
cat_boundaries=0 1 2 3
cat_threshold=3112 154 400
is_linear=0
shrinkage=0.05


Tree=8
num_leaves=31
num_cat=5
split_feature=31 3 23 101 44 4 23 26 38 3 95 8 71 52 61 28 4 14 65 26 33 24 50 65 15 16 22 101 7 24
split_gain=162.461 138.291 145.524 94.7221 83.3865 63.1321 81.6707 60.6947 59.0872 50.8016 47.8616 45.6742 45.3189 44.6292 35.867 35.2919 32.8603 58.4769 32.424 30.605 28.1153 28.0958 26.9479 25.8554 25.5563 23.8695 23.7162 30.6534 23.2677 22.499
threshold=3005.0000000000005 0 1536.6450000000002 0.41182413892909864 -14.850000000000135 1.5000000000000002 1157.2500000000002 88.110000000000014 2950.0000000000005 1 2374.3200000000002 1.0000000180025095e-35 57.315000000000005 122.45678004535149 2 183.47500000000005 1.5000000000000002 0.58333333333333337 3 4.7200000000000015 284.99999999999983 237.68500000000003 0.095018813821722906 4 0.19090909090909094 0.5634920634920636 5530.7482993197291 0.69467728748285495 13.500000000000002 225.33000000000001
decision_type=2 9 2 2 2 2 2 2 2 9 2 2 2 2 1 2 2 2 9 2 2 2 2 9 2 2 2 2 2 2
left_child=1 2 7 -4 13 6 -3 14 25 -6 -7 -8 18 -2 21 20 -14 22 28 -12 -10 24 23 -18 -1 -5 27 -16 -11 -24
right_child=4 5 3 8 9 10 11 -9 15 12 19 -13 16 -15 26 -17 17 -19 -20 -21 -22 -23 29 -25 -26 -27 -28 -29 -30 -31
leaf_value=2.0582178959158988 -4.7191748210214737 4.3543039570674669 2.1369076026809917 -0.018678171380005538 -4.7191748210214737 6.4652510343560792 -3.0548963224949541 4.3894600081670889 1.0875504940028997 -2.3145823496148821 -0.30010962427088406 1.7979659330058468 -4.876972335981657 2.8689055696790144 0.86212376002167734 -1.6586515052456434 0.38527749032057912 3.4710770528710579 -4.8177102794776232 2.5372217177713754 -0.80288070369299447 -0.56922182995995674 -0.12856068313440192 -3.1042700810356396 0.51686474173346475 -4.7191748210214737 -1.4323645973500185 -1.1343728745581565 1.9481568338173147 2.8573561661145606
leaf_weight=125.75798201560974 56.518036544322968 105.26909473538399 127.05935643613338 45.882356449961662 219.22657047212124 271.16519464552402 150.06933487951756 199.7104807049036 183.56935255229473 159.79877436161041 70.930979520082474 90.55714313685894 73.909130439162254 103.08035618066788 100.00352497398853 103.62479269504547 162.93497709929943 131.26071095466614 279.6439847946167 563.04705137014389 350.26556111872196 30.071761667728424 101.83728875219822 302.28882367908955 107.84986421465874 309.4074040800333 87.754201859235764 84.654540076851845 62.118797659873962 42.020279750227928
leaf_count=162 139 141 231 100 549 573 289 372 318 375 122 201 184 176 160 189 385 213 706 1198 700 41 194 679 150 679 146 137 149 74
internal_value=0.000494688 0.00728762 -0.0014175 -0.0127753 -0.0119583 0.0200506 0.00204125 0.0158486 -0.0179777 -0.0155346 0.0271543 -0.0140285 -0.0115072 0.0224391 0.00708368 -0.00887103 -0.00431189 -0.00113824 -0.0234177 0.0196349 -0.0036877 0.0202291 -0.00766166 -0.01351 0.0260849 -0.034317 -0.0056403 0.0045299 -0.00770895 0.0112513
internal_weight=4801.29 3106.65 1855.61 1119.81 1694.64 1251.04 345.896 735.802 992.749 1535.04 905.143 240.626 1315.81 159.598 536.092 637.46 814.251 740.342 501.562 633.978 533.835 263.68 609.081 465.224 233.608 355.29 272.412 184.658 221.918 143.858
internal_count=9732 5909 3385 2217 3823 2524 631 1168 1986 3508 1893 490 2959 315 796 1207 1729 1545 1230 1320 1018 353 1332 1064 312 779 443 297 524 268
cat_boundaries=0 1 2 3 4 5
cat_threshold=3210 1032 2 1128704 12545
is_linear=0
shrinkage=0.05


Tree=9
num_leaves=31
num_cat=4
split_feature=23 3 38 26 64 43 70 4 25 65 75 31 6 94 34 4 94 16 23 5 104 46 31 45 7 104 89 52 31 5
split_gain=146.645 152.515 134.365 93.8322 85.8399 53.5146 48.7482 46.1384 60.1955 46.7659 47.9391 45.298 43.2945 58.5627 41.1813 35.3782 72.2435 31.9607 33.9117 31.6647 31.6299 31.3066 30.4307 27.4606 27.101 26.8861 26.3739 25.7142 23.985 31.2618
threshold=1106.7500000000002 0 3050.0000000000005 134.43500000000003 1 -82.355000000000004 2 1.5000000000000002 3365.4500000000003 3 4784.4250000000011 1865.0000000000002 15.500000000000002 3697.2500000000005 1545.0000000000002 2.5000000000000004 2033.6757369614513 0.5634920634920636 3653.1150000000002 0.324561403508772 0.35333843734918136 0.95635531267853369 2435.0000000000005 -52.350000000000357 1.5000000000000002 0.30089635208961657 0.94151846785225735 138.64598639455792 3565.0000000000005 0.7633053221288516
decision_type=2 9 2 2 9 2 9 2 2 9 2 2 2 2 2 2 2 2 2 2 2 2 2 2 2 2 2 2 2 2
left_child=20 2 15 7 11 6 22 12 24 -10 26 -3 -4 -14 23 16 19 18 -13 -2 -1 -5 -6 -7 -9 -16 -11 -26 29 -27
right_child=1 4 3 21 5 14 -8 8 9 10 -12 17 13 -15 25 -17 -18 -19 -20 -21 -22 -23 -24 -25 27 28 -28 -29 -30 -31
leaf_value=-0.20251725235074433 -1.2469728972097684 8.9847188635065134 -4.4986658133101178 2.5943721847366445 7.6444201905333502 -0.54076073846195882 2.5461894292186233 7.7817680781572456 -3.6508162796817474 1.9479504921887707 -4.9697859349884324 1.8679157865009763 7.3356629934808728 -5.1340275410304503 -3.2793055264174158 11.028702768442018 -1.6663400986589787 -4.4832160799703997 -4.4832160799703997 3.7899487962603482 2.6997889642553652 -2.3132091198108724 -4.4832160799703997 0.81744713370837452 -0.11954245842098993 -0.91301299013826887 -1.9073188272525536 2.259985027680834 -4.4810633898533982 2.0962706640218549
leaf_weight=56.500881254673004 32.594769015908241 34.782320827245712 202.38762010633945 246.58115378022194 56.396230682730675 175.48638470470905 159.6891211271286 49.054708570241928 373.30859999358654 319.53734585642815 67.736811488866806 50.632271602749825 43.545340985059738 24.579184204339981 141.97829656302929 193.83352693915367 65.187171503901482 295.01759473979473 32.879746377468109 170.70611338317394 311.49177728593349 22.499600142240524 113.07646436989307 189.83248537778854 188.95104533433914 569.53845885396004 63.623043522238731 199.0498820990324 215.38684786856174 81.226493194699287
leaf_count=81 61 70 442 447 121 289 284 84 899 640 146 104 102 64 313 593 112 687 83 289 456 41 273 286 369 1127 121 373 514 181
internal_value=0.000424078 -0.00212344 0.00689058 0.000748166 -0.0117418 -0.0066716 0.0113964 -0.00403539 -1.66029e-05 -0.00797087 0.00300681 -0.0319774 -0.0227729 0.0117043 -0.0110504 0.0309658 0.0192137 -0.0377687 -0.0104615 0.0339002 0.0307395 0.0279791 -0.0076042 0.0033322 0.0149837 -0.0162622 0.00992835 0.0105566 -0.0129563 -0.00816956
internal_weight=4747.09 4379.1 2263.18 1800.85 2115.92 1702.61 329.162 1531.77 1261.26 824.206 450.897 413.312 270.512 68.1245 1373.45 462.322 268.488 378.53 83.512 203.301 367.993 269.081 169.473 365.319 437.056 1008.13 383.16 388.001 866.152 650.765
internal_count=9652 9115 4783 3728 4332 3388 678 3240 2632 1806 907 944 608 166 2710 1055 462 874 187 350 537 488 394 575 826 2135 761 742 1822 1308
cat_boundaries=0 1 2 3 4
cat_threshold=340 8 224 2048096
is_linear=0
shrinkage=0.05


Tree=10
num_leaves=31
num_cat=5
split_feature=101 42 2 37 52 59 69 82 61 4 32 69 77 5 16 27 17 27 4 28 5 6 17 74 61 23 28 96 59 28
split_gain=160.952 95.6162 98.9531 101.651 90.296 82.385 61.473 53.7885 61.5339 48.117 50.4296 43.628 39.2198 30.6756 29.9141 28.7712 30.8526 29.0996 28.3973 25.3407 24.5864 23.7668 23.5746 22.0625 21.1007 21.0991 21.0952 20.8848 20.8517 20.8119
threshold=0.74362802617259693 1965.0000000000002 0 1195.0000000000002 125.14705215419509 0.015225709318911001 1 2049.1720000000005 2 1.5000000000000002 3185.0000000000005 3 0.99998212466496705 0.48913043478260876 0.53588516746411485 114.21500000000002 0.28521686745361241 1.2700000000000002 1.5000000000000002 171.08000000000001 0.7947368421052633 20.500000000000004 0.37169356351671518 3472.5350000000003 4 2688.2200000000007 93.725000000000023 2297.278911564626 0.0068420161299886512 174.69000000000003
decision_type=2 2 9 2 2 2 9 2 1 2 2 9 2 2 2 2 2 2 2 2 2 2 2 2 1 2 2 2 2 2
left_child=4 6 14 7 15 25 -2 13 -9 -5 27 -12 -8 -4 20 16 19 -18 22 -1 -3 -13 -14 -19 -24 -6 -10 -11 -27 -7
right_child=1 2 3 9 5 29 12 8 26 10 11 21 18 -15 -16 -17 17 23 -20 -21 -22 -23 24 -25 -26 28 -28 -29 -30 -31
leaf_value=-0.05518710930659268 -1.8420739013367111 -4.6223404798729026 -0.51507163113567278 -4.3628706365801948 0.4087995863709239 2.4325911023345359 7.2621991810066824 0.99849363755690845 1.5948673188710281 -1.4573147494442993 -3.3173110803073786 6.1835053710831636 -1.2295627410402561 10.243192135709528 -4.2590552759718809 -4.2590552759718809 -0.6937142155806193 1.4021714878559841 9.5569908597197895 -1.2804392440069714 2.736762819870231 -6.0069377139696476 1.0833453133314179 -4.1308320701208512 -1.2958276771956889 -1.6307979744217249 -2.8205442858497243 2.2309193115825856 0.077105259241449176 0.53544701382594084
leaf_weight=159.49428743124008 141.56376342475414 40.32204470038414 33.870592221617699 277.99967010319233 280.66347903013229 805.58906988799572 200.94229543209076 115.71994003653526 28.42195238173008 58.222974821925163 565.5337200909853 99.257133632898331 86.655736118555069 155.90474583208561 272.15364018082619 102.47676360607147 143.94013923406601 308.39510133862495 30.285554111003876 98.836907282471657 43.706847280263901 28.274503469467163 67.97340589761734 51.035855919122696 31.869183331727982 79.660704270005226 105.09234912693501 123.24275255203247 141.04070693254471 93.367674306035042
leaf_count=325 279 99 49 677 487 1438 414 179 56 109 1297 198 133 448 636 248 250 563 62 183 91 65 83 118 49 194 216 232 299 216
internal_value=0.000472713 -0.00825494 -0.0134875 -0.00795006 0.010135 0.0179785 0.00996733 0.0124742 -0.00279772 -0.0157988 -0.0100388 -0.0161825 0.0193792 0.032531 -0.0369694 -0.0025745 0.000771816 0.00798069 0.00509292 -0.013275 -0.0119299 0.0101551 -0.00219956 0.0155884 0.0143618 0.00173896 -0.0259271 0.0134259 -0.00982788 0.0270355
internal_weight=4771.51 2507.01 1947.72 1591.54 2264.5 1400.32 559.29 439.01 249.234 1152.53 874.531 693.065 417.726 189.775 356.183 864.179 761.702 503.371 216.784 258.331 84.0289 127.532 186.498 359.431 99.8426 501.365 133.514 181.466 220.701 898.957
internal_count=9693 5372 4352 3526 4321 2634 1020 948 451 2578 1901 1560 741 497 826 1687 1439 931 327 508 190 263 265 681 132 980 272 341 493 1654
cat_boundaries=0 1 2 3 4 5
cat_threshold=32 24 2 140 2
is_linear=0
shrinkage=0.05


Tree=11
num_leaves=31
num_cat=6
split_feature=31 3 4 25 3 44 64 43 5 37 13 65 59 6 59 25 22 5 13 69 37 13 74 101 53 23 61 51 104 72
split_gain=161.342 169.793 105.421 102.972 100.714 94.4135 64.3534 62.8879 53.9308 52.1899 43.3214 41.8935 41.2843 37.369 35.0911 34.4301 59.969 37.096 32.3028 29.7887 27.7015 26.2305 27.1608 25.0485 24.2937 23.3219 23.0192 23.0198 22.3711 21.6522
threshold=1965.0000000000002 0 1.5000000000000002 3365.4500000000003 1 -14.074999999999816 2 -94.914999999999949 0.48913043478260876 2465.0000000000005 0.6132478632478634 3 0.034676448021589805 8.5000000000000018 0.019802887107514055 1591.1000000000001 5827.5963718820867 0.324561403508772 0.73205741626794263 4 1005.0000000000001 0.67543859649122817 1982.1050000000002 0.57409966709971083 -22.789570246468518 2166.5150000000008 5 0.65057842661763454 0.85246899968660828 144.61000000000004
decision_type=2 9 2 2 9 2 9 2 2 2 2 9 2 2 2 2 2 2 2 9 2 2 2 2 2 2 1 2 2 2
left_child=4 2 9 8 7 -5 21 -1 14 13 -7 26 19 -2 28 16 20 23 -10 -8 -9 22 -3 -17 -21 -26 -12 -28 -4 -6
right_child=1 6 3 5 29 10 12 15 18 -11 11 -13 -14 -15 -16 17 -18 -19 -20 24 -22 -23 -24 -25 25 -27 27 -29 -30 -31
leaf_value=2.1561531574831383 -4.1857830569986572 1.6528904420592008 -1.0255331804749588 3.0562257114593336 5.6182243195990118 2.1711220046833706 0.87392176422928436 -0.6590285048015887 9.78300677806957 -4.6369370102524137 0.95552237632813197 -4.0665295934799586 2.311429466225293 2.1416602928859989 1.6735226951785132 0.18294321802622593 -1.3455011163535517 10.762797175169645 0.58191601953155325 -3.8588373689358115 1.0045582606443284 -4.0461025121732863 -4.0461025121732863 -1.9312451372290902 1.6790164851904708 -2.0954954999173299 0.2862710571112288 -2.0692798899309266 0.3505227781392723 3.5531125271926953
leaf_weight=166.36751556396484 137.39074455201626 28.538958728313446 67.260269343852997 99.116243630647659 307.54163761436939 116.72250649333 170.49145615100861 47.248125493526459 362.42392317950726 122.77312368154526 150.05258196592331 482.6681939214468 33.416896373033524 74.306020319461823 137.39187744259834 121.60230632126331 120.30911375582218 43.101508408784866 167.11925953626633 319.35655222833157 289.73631972074509 308.01939384639263 49.69991272687912 228.84382934868336 35.451402872800827 190.09212718904018 85.554245755076408 73.415295615792274 132.37169612944126 94.9364063590765
leaf_count=251 298 52 115 184 577 196 399 71 918 330 283 1141 53 164 222 213 191 115 301 718 368 713 120 437 51 419 207 153 208 208
internal_value=0.000955211 -0.00504098 0.00306438 0.00769314 0.0150774 -0.00317629 -0.0206571 0.00641348 0.0203307 -0.0227797 -0.00823208 -0.0124246 -0.0117264 -0.00773865 0.0046953 0.000979118 0.0103099 -0.009863 0.0302817 -0.0144204 0.0211287 -0.0372374 -0.0123485 -0.0152466 -0.0199213 -0.00772426 0.00219911 -0.0109879 -0.00868924 0.0359223
internal_weight=4763.32 3343.63 2208.57 1874.1 1419.69 1007.53 1135.07 1017.21 866.567 334.47 908.413 791.69 748.808 211.697 337.024 850.841 457.294 393.548 529.543 715.392 336.984 386.258 78.2389 350.446 544.9 225.544 309.022 158.97 199.632 402.478
internal_count=9676 7245 4720 3928 2431 2164 2525 1646 1764 792 1980 1784 1640 462 545 1395 630 765 1219 1587 439 885 172 650 1188 470 643 360 323 785
cat_boundaries=0 1 2 3 4 5 6
cat_threshold=342 154 8 539048 96 2
is_linear=0
shrinkage=0.05


Tree=12
num_leaves=31
num_cat=6
split_feature=34 5 77 7 44 4 14 65 65 52 4 33 61 23 23 7 25 3 49 60 33 17 5 85 3 71 31 52 35 36
split_gain=150.545 110.7 94.498 85.389 80.3053 50.7438 68.4643 49.5329 45.7225 43.1766 37.7023 37.457 34.0431 32.2003 31.0335 29.8582 29.4698 39.78 26.7925 26.2328 25.2324 24.5569 22.045 21.8037 20.6099 26.5168 23.8378 22.1405 19.7539 19.7291
threshold=2985.0000000000005 0.82971014492753636 0.98344415434545185 4.5000000000000009 -15.805000000000289 1.5000000000000002 0.58333333333333337 0 1 122.45678004535149 6.5000000000000009 244.99999999999991 2 1905.8750000000002 2424.4000000000001 4.5000000000000009 1556.3000000000004 3 0.068992236249123165 4 1795 0.27475154839419375 0.33974358974358976 -20.868967560389379 5 57.315000000000005 3025.0000000000005 295.15303854875293 1585.0000000000002 145.00000000000003
decision_type=2 2 2 2 2 2 2 9 9 2 2 2 1 2 2 2 2 9 2 1 2 2 2 2 9 2 2 2 2 2
left_child=1 2 11 -3 9 -6 7 24 15 -2 13 -1 19 -5 -12 -4 -13 22 -9 28 29 -20 -18 -24 26 -26 -7 -27 -10 -19
right_child=4 3 8 10 5 6 -8 18 12 -11 14 16 -14 -15 -16 -17 17 20 21 -21 -22 -23 23 -25 25 27 -28 -29 -30 -31
leaf_value=2.5028441271308259 -3.8437973865646216 10.928270400686927 -1.4343884548353771 0.023332382458465875 -4.2580986186825802 0.14899377728273464 2.5326648619195278 -1.3863836389035775 1.8388928687429775 2.5229098277543045 10.787422260076985 5.0303033680713272 -0.75868201518502409 -3.8437973865646216 -1.3889480737188198 3.7574432693883524 -0.15208615564509956 1.8191039403123754 -1.1267385130252194 -0.10017097388093675 4.2896312900674891 1.3561156610444727 3.1479186645597252 -1.1644129080824059 -4.2452374655498764 -2.5448267705542031 -3.9863698913494932 2.311738956350005 0.37921244615106642 -2.1981199715235462
leaf_weight=817.28235812485218 62.677491053938866 57.656708464026451 24.289286583662033 43.531837344169617 180.28539519011974 40.840481266379356 129.81473514437675 339.76107950508595 80.424989193677902 107.40803740918636 23.965331047773361 98.442237764596939 547.0453408062458 193.7733981013298 32.093491226434708 201.64615234732628 72.29468697309494 30.680907070636749 57.014550819993019 285.32331228256226 25.292675659060478 111.78048387169838 122.72575077414513 18.844969391822815 115.10353162884712 264.80626982450485 316.32193927466869 20.176161602139473 178.50508736073971 166.68252673745155
leaf_count=1578 153 154 34 74 483 68 214 817 100 191 49 178 986 455 64 375 146 64 118 443 61 191 278 38 286 602 807 30 281 353
internal_value=0.000643568 0.00739949 0.0108705 -0.0189973 -0.0110439 -0.0145668 -0.011342 -0.0148885 0.00133894 0.0215962 -0.0299299 0.0201553 -0.00296107 -0.0386419 0.00694933 0.021297 0.00986962 0.00429668 -0.00251126 0.00586548 -0.0103952 0.0137216 0.0191816 0.0315501 -0.0228657 -0.0141217 -0.0320093 -0.00629399 0.0170121 -0.0168876
internal_weight=4766.49 3020.5 2669.48 351.021 1745.99 1575.9 1395.62 1265.8 1317.23 170.086 293.364 1352.25 1091.3 237.305 56.0588 225.935 534.964 436.522 508.556 544.253 222.656 168.795 213.865 141.571 757.248 400.086 357.162 284.982 258.93 197.363
internal_count=9671 5711 4915 796 3960 3616 3133 2919 2219 344 642 2696 1810 529 113 409 1118 940 1126 824 478 309 462 316 1793 918 875 632 381 417
cat_boundaries=0 1 2 3 4 5 6
cat_threshold=476243 925696 2 212 2 1048
is_linear=0
shrinkage=0.05


Tree=13
num_leaves=31
num_cat=8
split_feature=101 31 65 95 2 28 3 22 82 4 14 73 31 27 75 4 65 23 3 15 47 31 4 61 24 46 61 26 10 61
split_gain=135.904 92.5875 104.063 80.2246 78.2873 68.8865 101.818 58.2146 40.6201 39.8173 40.9699 39.1745 42.293 37.2626 36.899 34.2374 32.2134 29.4887 28.7105 26.7206 26.1242 23.2253 22.8237 23.7664 23.2429 22.1497 21.6793 21.6158 20.501 19.3772
threshold=0.69467728748285495 3015.0000000000005 0 1834.4050000000002 1 153.88000000000002 2 5530.7482993197291 2269.7250000000008 1.5000000000000002 0.58333333333333337 1701.3400000000004 2545.0000000000005 44.215000000000011 4435.6000000000013 2.5000000000000004 3 2971.2500000000005 4 0.13961038961038957 0.57649771204836919 1595.0000000000002 6.5000000000000009 5 255.24500000000003 0.82460704896296622 6 79.070000000000007 1.0000000180025095e-35 7
decision_type=2 2 9 2 9 2 9 2 2 2 2 2 2 2 2 2 9 2 9 2 2 2 2 1 2 2 1 2 2 1
left_child=5 2 3 13 11 6 27 17 15 -3 16 -5 -13 25 18 20 -11 -7 -8 -9 -4 -20 24 -24 -6 -2 -10 -1 -27 -21
right_child=1 9 8 4 22 7 14 19 26 10 -12 12 -14 -15 -16 -17 -18 -19 21 29 -22 -23 23 -25 -26 28 -28 -29 -30 -31
leaf_value=2.0715653432302217 -1.1670210369304783 -3.9844437982262009 6.3269551995581201 -4.9085671684197232 -3.65160751723639 1.2030967760598636 2.3976300441830314 0.71672290462600619 1.3068336131013318 -3.7045606687291599 2.8665002578963854 2.0269101847506357 -0.4866059890791391 4.4575158064246736 -4.1088947483574989 9.4847471916734101 -0.40728309082678327 -4.7263311636933159 11.109156234305877 -0.060866216764085837 -0.36153991823624509 -1.6887056604019897 6.4632280737470751 -1.8511800424486482 -2.8554174209197871 -0.67098252675988945 -0.75824451887063771 2.1137329107233049 0.94310731103791534 -1.1870874588233791
leaf_weight=264.51616212725639 98.652201175689697 105.01650317013264 80.35069839656353 98.40210422873497 318.13075861334801 286.542760014534 301.35945218801498 37.065640807151794 74.032999396324158 499.56438371539116 67.526605814695358 139.55510193109512 100.9256641715765 106.46045419573784 63.977058574557304 171.80617195367813 323.57420130074024 22.907705575227737 23.804069712758064 208.76473991572857 88.623507469892502 187.62492194771767 33.538309752941132 28.803512811660767 104.42270271480083 61.749314785003662 146.38147556781769 306.15974846482277 139.29109334945679 284.1713053882122
leaf_count=467 162 283 154 218 716 498 654 73 120 1195 108 278 187 199 158 503 691 71 61 366 161 442 67 58 227 86 283 438 192 587
internal_value=0.000617572 -0.00650591 0.000289102 -0.00784872 -0.016879 0.0106089 0.018572 -0.000275787 0.0179443 -0.0187294 -0.0152961 0.00191624 0.0128473 0.0102737 0.00337026 0.0290825 -0.0183675 0.016956 0.00789574 -0.0103369 0.013102 -0.00627866 -0.0294469 -0.00181248 -0.0342208 0.00124726 0.00153772 0.0332936 0.0107693 -0.0134154
internal_weight=4773.7 2786.81 1791.13 1229.93 823.778 1986.89 1147.44 839.452 561.195 995.682 890.665 338.883 240.481 406.153 576.766 340.78 823.139 309.45 512.788 530.002 168.974 211.429 484.895 62.3418 422.553 299.693 220.414 570.676 201.04 492.936
internal_count=9703 5888 3611 2390 1751 3815 2220 1595 1221 2277 1994 683 465 639 1315 818 1886 569 1157 1026 315 503 1068 125 943 440 403 905 278 953
cat_boundaries=0 1 2 3 4 5 6 7 8
cat_threshold=7579 18 46 984163 80 1 2 2
is_linear=0
shrinkage=0.05


Tree=14
num_leaves=31
num_cat=3
split_feature=42 3 4 3 74 26 101 73 37 77 30 77 49 7 74 13 23 101 6 95 22 61 37 76 4 101 49 77 72 32
split_gain=130.189 167.178 93.2297 85.3636 84.211 63.6329 59.6923 58.6789 54.7192 50.4567 48.9205 41.0363 40.7107 33.8625 32.7816 32.754 32.6703 30.7271 30.3664 27.8781 65.5776 27.8699 24.1674 22.479 23.8145 22.3743 22.1412 21.6436 21.4985 21.2239
threshold=1985.0000000000002 0 1.5000000000000002 1 3198.3000000000006 89.250000000000014 0.74362802617259693 4573.5900000000011 2465.0000000000005 0.9763660056507425 0.47582513551495692 0.99998212466496705 0.052199634986376656 9.5000000000000018 3519.8150000000005 0.6132478632478634 3636.8150000000005 0.84322460006392219 8.5000000000000018 1583.7350000000004 5827.5963718820867 2 1005.0000000000001 3735.1500000000001 3.5000000000000004 0.57409966709971083 0.032532940194706858 0.87284108948769334 143.965 3695.0000000000005
decision_type=2 9 2 9 2 2 2 2 2 2 2 2 2 2 2 2 2 2 2 2 2 1 2 2 2 2 2 2 2 2
left_child=3 6 8 -1 7 12 16 11 13 28 17 -4 -6 -3 -12 23 18 -7 -2 20 22 -14 -11 24 -8 -21 -13 -20 -5 -15
right_child=1 2 4 9 5 10 15 -9 -10 19 14 26 21 29 -16 -17 -18 -19 27 25 -22 -23 -24 -25 -26 -27 -28 -29 -30 -31
leaf_value=5.4617795074708733 -1.5738344999938789 -1.7325420229157729 8.0745022712554526 2.0936517665458783 -3.5240754358343369 2.2672716112093112 -3.6870878121857689 -4.4613593985540261 -3.992963038894354 -0.89426187858050321 2.2861501166143996 4.9742430354722202 0.60807487665733084 12.620549408911025 -2.9562687011086348 -3.4690271413745708 -3.722095492770666 -0.13030908120533022 2.5047597801172063 0.43298135610655353 -1.3891950888357976 -0.62854427412869218 0.8910059611551141 -3.6871954466916179 2.158611804882125 -1.7791741099144489 -0.088607127832643337 -0.025638956056850761 -0.59646326462277732 -3.9370661697581846
leaf_weight=319.32209096848965 162.62301377952099 201.95603086054325 559.97572591900826 360.93763670325279 332.79277019202709 124.79359765350819 104.27110300958157 60.776580885052681 128.34570871293545 40.938884824514389 51.155726790428162 133.58286267518997 137.71024611592293 37.473831951618195 152.52914251387119 379.78946140408516 86.041814923286438 46.967294678092003 72.973632454872131 93.192559897899628 99.368262648582458 152.34141653776169 220.5802379399538 83.764921024441719 80.511693224310875 205.96639847755432 201.90726135671139 84.189772695302963 47.608184516429901 15.432918220758436
leaf_count=633 363 403 1290 647 836 188 233 126 346 59 80 307 229 100 307 870 225 80 126 161 155 305 278 231 174 394 331 127 78 36
internal_value=0.000996415 -0.00428209 0.0031977 0.0138965 0.00763263 -0.00252491 -0.0207034 0.0182368 -0.019339 0.00683567 0.0137343 0.0214636 -0.0123258 -0.00593109 -0.00283962 -0.0303131 -0.00586129 0.0333886 0.00149739 -0.00164821 0.00770757 0.00136671 0.0208457 -0.0169483 -0.00720859 -0.0129344 0.00763512 0.0171704 0.0207095 0.029677
internal_weight=4779.82 3391.91 2337.74 1387.91 1954.53 998.29 1054.17 956.242 383.208 1068.59 375.446 895.466 622.844 254.863 203.685 648.337 405.828 171.761 319.786 660.046 360.887 290.052 261.519 268.548 184.783 299.159 335.49 157.163 408.546 52.9068
internal_count=9718 7313 4964 2405 4079 2025 2349 2054 885 1772 655 1928 1370 539 387 1508 841 268 616 1047 492 534 337 638 407 555 638 253 725 136
cat_boundaries=0 1 2 3
cat_threshold=3112 3108 2
is_linear=0
shrinkage=0.05


Tree=15
num_leaves=31
num_cat=6
split_feature=34 3 4 43 3 25 37 5 64 65 23 57 34 49 76 65 16 23 61 24 27 77 24 30 72 30 28 97 6 37
split_gain=128.465 153.988 80.7663 76.3407 74.6133 70.2192 64.3511 59.4549 54.3237 42.1215 37.7086 35.884 35.4496 30.4686 26.6864 24.072 23.4434 29.4508 23.4214 23.3548 23.33 21.2452 21.2725 19.6952 19.2747 19.0275 18.71 18.6009 18.4996 17.914
threshold=1955.0000000000002 0 1.5000000000000002 -59.149999999999856 1 3435.9850000000001 2465.0000000000005 0.45643939393939398 2 3 1066.2500000000002 0.16010126425545659 2595.0000000000005 0.068992236249123165 3387.8350000000005 4 0.5634920634920636 3653.1150000000002 5 187.76500000000001 1.2700000000000002 0.77176172291445833 188.55000000000004 0.7742676144030628 182.84000000000003 0.42640925250169309 156.22500000000002 3519.5011337868486 18.500000000000004 2065.0000000000005
decision_type=2 9 2 2 9 2 2 2 9 9 2 2 2 2 2 9 2 2 1 2 2 2 2 2 2 2 2 2 2 2
left_child=4 2 6 23 24 7 9 19 16 -2 -6 -10 25 15 21 -7 17 -3 -14 -5 26 -13 -23 -4 -1 -9 -12 -16 -20 -25
right_child=1 8 3 5 10 13 -8 12 11 -11 20 14 18 -15 27 -17 -18 -19 28 -21 -22 22 -24 29 -26 -27 -28 -29 -30 -31
leaf_value=4.9893913271313473 1.6249959021392635 1.2967522221166108 2.2252091203270465 0.25712956832708433 1.8821375362067585 -3.8834017037328779 -3.8355928499325502 8.546108983037799 1.7409867514892363 -3.1870640278397646 1.4504712605222707 0.40810846385685695 -0.61134114561591746 0.15434123147602749 -0.79527787876992884 -0.83656826276052598 -3.3041657959025219 -3.2748910862261087 1.4364258193084374 -0.80562789306587279 0.33804968712264699 0.26589682836576289 -1.7274099374261276 10.766858911391477 0.53593932215692708 1.3205917931012032 -1.3465313275185418 -3.6694680694369186 -0.056856590714957633 -4.9529686210942385
leaf_weight=276.31758077442646 98.97102302312851 50.029856771230698 365.20534414052963 139.72264190018177 158.63892737030983 195.94718272984028 123.92312380671501 157.65746782720089 63.487635210156441 146.26346652209759 30.548887491226196 215.93994514644146 72.288122862577438 235.6671379506588 155.52881017327309 274.20560087263584 295.97425138950348 31.834652066230774 110.47945255041122 175.59960930049419 656.630724132061 47.352791309356689 138.62587143480778 19.519647225737572 34.953353971242905 76.132791072130203 171.46302704513073 168.48445843160152 44.523584634065628 29.805193990468979
leaf_count=541 184 103 661 230 226 530 337 471 129 333 50 461 155 454 314 628 686 80 194 283 1094 76 262 56 70 163 320 465 76 66
internal_value=0.000231165 -0.00487767 0.0027491 0.00692574 0.0134331 0.00162101 -0.0186363 0.0119973 -0.0195391 -0.00379649 0.0065944 -0.0117184 0.0234395 -0.00979299 -0.0150194 -0.0171479 -0.0351555 -0.0124046 0.00937875 -0.00473402 0.00252144 -0.00641187 -0.0187989 0.0258937 0.0344641 0.0371094 -0.0123377 -0.0256965 0.0203397 -0.00376195
internal_weight=4761.72 3433.17 2265.91 1896.75 1328.55 1482.22 369.158 776.404 1167.26 245.234 1017.28 789.42 461.081 705.82 725.932 470.153 377.839 81.8645 227.291 315.322 858.643 401.919 185.979 414.53 311.271 233.79 202.012 324.013 155.003 49.3248
internal_count=9698 7397 4821 3967 2301 3184 854 1572 2576 517 1690 1707 1059 1612 1578 1158 869 183 425 513 1464 799 338 783 611 634 370 779 270 122
cat_boundaries=0 1 2 3 4 5 6
cat_threshold=342 3108 8 475331 999488 4
is_linear=0
shrinkage=0.05


Tree=16
num_leaves=31
num_cat=4
split_feature=23 3 31 5 28 44 3 5 6 13 31 43 22 23 13 59 101 31 31 5 101 53 72 65 65 73 75 30 17 25
split_gain=132.47 148.267 72.9684 66.6917 64.1775 62.9702 57.8209 51.9522 53.8471 49.142 48.4617 41.5155 39.6732 53.1798 35.2116 33.5053 32.5053 30.0284 26.8184 50.7818 35.2226 28.9988 26.1719 26.6276 25.7797 25.1004 24.3044 23.8546 39.7733 23.6234
threshold=1916.6250000000002 0 2665.0000000000005 0.45227272727272733 82.000000000000014 -28.155000000000197 1 0.52506265664160412 8.5000000000000018 0.64102564102564108 3025.0000000000005 -94.914999999999949 6030.7029478458053 2076.7050000000004 0.73205741626794263 0.034676448021589805 0.70645698399036416 4505.0000000000009 3525.0000000000005 0.70710784313725505 0.77447939007186251 -24.449060241323316 95.240000000000023 2 3 1956.7000000000003 4068.5850000000005 0.16709104333718997 0.35841670255951302 1611.3650000000002
decision_type=2 9 2 2 2 2 9 2 2 2 2 2 2 2 2 2 2 2 2 2 2 2 2 9 9 2 2 2 2 2
left_child=6 4 3 12 -2 -4 11 8 10 -9 25 -1 13 -3 -5 18 26 24 19 20 21 -6 23 27 -11 -7 -10 -13 -29 -8
right_child=1 2 5 14 15 7 29 9 16 17 -12 22 -14 -15 -16 -17 -18 -19 -20 -21 -22 -23 -24 -25 -26 -27 -28 28 -30 -31
leaf_value=1.6617909673849547 -3.1303674945107165 0.55887795719729749 1.896865752380984 8.4470132708895687 -1.0422718718827433 -4.0339855321365716 9.9521829634511079 2.7391619690782978 1.1296085192083696 1.7758814318771734 -3.6438132074359233 -1.0706546771133929 1.0412937808755254 -2.6567671027614352 0.29635631157180953 1.796084051178739 -1.27937115967774 -3.9734560225087598 -3.3770512107813078 2.3171520780166093 -4.050595125469477 0.5230329901281543 -1.4590899506829851 0.91287475237517279 -1.0299348704977624 0.19110705408703979 -3.4316630091738833 -0.42150844910611024 1.1996474004501569 3.0285647857094578
leaf_weight=179.48064322769642 333.23005020618439 175.67273440957069 92.537006467580795 249.48506827652454 138.20375698804855 45.929110467433929 115.23131531476974 181.83684180676937 124.60718896985054 165.52915766835213 236.8761950135231 188.77781757712364 216.68300890922546 117.49407944083214 103.21570037305355 30.699894547462463 182.17826734483242 90.657668933272362 206.10972453653812 112.24308224022388 136.44545768201351 108.69885396957397 110.58541364967823 190.98358170688152 263.80651900172234 119.37870720028877 47.870343372225761 155.79931606352329 121.59377352893353 260.35477319359779
leaf_count=271 774 274 172 717 272 104 233 323 220 359 654 356 378 217 186 48 388 214 514 254 328 167 193 315 578 220 111 233 161 508
internal_value=0.000519337 -0.00460108 0.00228532 0.013953 -0.0200329 -0.0041878 0.0139876 -0.00672516 -0.0158119 0.00307379 -0.0283358 0.00710697 0.00238936 -0.00960155 0.030669 -0.0119442 -0.0016096 -0.00475009 -0.0141811 -0.00787736 -0.0165379 -0.00527111 0.00212083 0.00590783 0.000771198 -0.00755936 0.0139474 -0.000740911 0.00857383 0.0303433
internal_weight=4802.2 3479.39 2413.76 862.551 1065.63 1551.21 1322.81 1458.67 756.84 701.83 402.184 947.221 509.85 293.167 352.701 732.401 354.656 519.993 701.701 495.591 383.348 246.903 767.74 657.154 429.336 165.308 172.478 466.171 277.393 375.586
internal_count=9742 7472 5115 1772 2357 3343 2270 3171 1697 1474 978 1529 869 491 903 1583 719 1151 1535 1021 767 439 1258 1065 937 324 331 750 394 741
cat_boundaries=0 1 2 3 4
cat_threshold=3080 154 2330 1587200
is_linear=0
shrinkage=0.05


Tree=17
num_leaves=31
num_cat=4
split_feature=52 59 2 74 31 65 72 23 73 70 5 37 89 18 5 94 28 16 47 28 97 15 104 101 97 48 65 5 7 26
split_gain=128.755 120.044 74.1213 90.2377 75.2189 54.2003 45.3763 42.586 37.5763 30.678 30.4841 28.6921 27.2855 25.3842 23.4673 26.1855 22.844 22.3277 21.7269 21.6727 21.0976 20.2882 28.9739 20.875 21.2728 19.8952 19.0423 19.1423 22.9277 20.4277
threshold=135.580283446712 0.016152651710491153 0 2887.6200000000003 1865.0000000000002 1 110.61000000000001 1536.6450000000002 4573.5900000000011 2 0.2752525252525253 2690.0000000000005 0.97202660406885777 0.40558050284159847 0.39009661835748799 2417.6842290249438 175.27500000000003 0.53588516746411485 0.063494033889463661 173.405 4292.7437641723363 0.3257575757575758 0.62174154974958573 0.69467728748285495 1164.8526077097506 0.98145925723969019 3 0.47493734335839594 1.5000000000000002 50.420000000000009
decision_type=2 2 9 2 2 9 2 2 2 9 2 2 2 2 2 2 2 2 2 2 2 2 2 2 2 2 9 2 2 2
left_child=2 7 4 5 -1 8 11 -2 14 10 -8 13 26 -5 19 -16 18 -6 -3 -4 -12 23 -23 24 -7 -21 -9 28 -28 -30
right_child=1 16 3 6 17 21 9 12 -10 -11 20 -13 -14 -15 15 -17 -18 -19 -20 25 -22 22 -24 -25 -26 -27 27 -29 29 -31
leaf_value=9.8581813599645791 1.8070244123920796 2.3220594588461503 2.0687714822329974 -1.415278080271547 -3.150402075840276 0.68563262824143156 -4.0259233440340969 -0.68308220339164338 -4.4677618947503719 -3.3681351509775297 1.9236240563134122 -3.4504868535043558 -2.9738491197851804 -7.1035015025699977e-07 7.9875482997548364 6.0323514226760651 0.19875270443709142 -2.9738491197851804 1.4682780415603593 0.82873604605174056 -2.6509680385342196 -1.3869924685768611 0.39972584112343701 -0.21275007908714941 -0.14992371210765398 -1.8023756822080603 -3.5498101963827562 0.862337710410359 -0.34461094743146037 1.5601878485583005
leaf_weight=57.683774530887604 165.37052209675312 446.63247385621071 165.84079991281033 183.09084749221802 80.017471045255661 68.057341635227203 39.982953175902367 330.27856670320034 35.739993363618851 123.22904422879219 175.38060200214386 190.87387035787106 146.00417065620422 152.70915195345879 162.20272849500179 134.78837278485298 119.9487536251545 294.68319648504257 419.67973645031452 23.60331155359745 26.454222917556763 157.15524186193943 96.743679821491241 281.23657515645027 77.953092366456985 60.719087466597557 44.314372032880783 284.35957749187946 184.4472426623106 66.831776961684227
leaf_count=122 267 839 344 398 190 87 103 671 76 295 315 488 310 282 477 322 274 690 721 36 59 276 192 495 143 113 97 614 326 127
internal_value=0.000466855 0.00933676 -0.00709979 -0.00322556 -0.0257457 0.00535155 -0.01542 -0.00113895 0.0163824 -0.00187229 0.00849498 -0.0248102 -0.00483286 -0.0160116 0.019908 0.0294116 0.0223122 -0.0345236 0.0251438 0.0086255 0.0167476 -0.00426607 -0.0155226 0.00232345 0.0176621 -0.0120135 -0.0016143 0.00385636 -0.00498674 0.000861117
internal_weight=4796.01 2207.87 2588.15 2155.76 432.384 1264.04 891.721 1221.61 582.894 365.047 241.818 526.674 1056.24 335.8 547.154 296.991 986.261 374.701 866.312 250.163 201.835 681.146 253.899 427.247 146.01 84.3224 910.232 579.953 295.593 251.279
internal_count=9749 4246 5503 4501 1002 2561 1940 2412 1368 772 477 1168 2145 680 1292 799 1834 880 1560 493 374 1193 468 725 230 149 1835 1164 550 453
cat_boundaries=0 1 2 3 4
cat_threshold=32 2042881 36 17745
is_linear=0
shrinkage=0.05


Tree=18
num_leaves=31
num_cat=4
split_feature=52 59 2 74 31 72 65 75 19 94 70 89 13 74 5 18 4 65 28 25 54 18 25 49 28 28 24 47 28 49
split_gain=121.121 99.4734 72.6111 80.5679 73.5128 61.4666 51.4916 42.4809 36.029 34.1447 33.95 30.804 27.3843 32.7416 27.4726 22.6836 21.7497 33.7167 21.0568 21.0225 20.7716 20.0663 19.9496 19.843 19.7699 19.6157 18.3942 18.2083 16.5554 18.4902
threshold=145.40818594104306 0.015935415435772201 0 2887.6200000000003 1865.0000000000002 120.96500000000002 1 4303.3100000000004 197.0833333333334 1154.5000000000002 2 0.98496155585707823 0.67543859649122817 3437.0100000000007 0.82971014492753636 0.40771473203506087 2.5000000000000004 3 156.22500000000002 4421.1350000000011 -24.738032508645983 0.47458537952340435 3450.4150000000004 0.065121798619271559 175.27500000000003 215.36000000000004 199.86500000000004 0.054123925488791406 110.46500000000002 0.22630321453608385
decision_type=2 2 9 2 2 2 9 2 2 2 9 2 2 2 2 2 2 9 2 2 2 2 2 2 2 2 2 2 2 2
left_child=2 9 4 6 -1 8 7 23 -5 26 -7 16 13 14 -6 25 22 18 -18 -20 -12 -10 28 -4 27 -8 -2 -3 -11 -30
right_child=1 24 3 5 12 10 15 -9 21 11 20 -13 -14 -15 -16 -17 17 -19 19 -21 -22 -23 -24 -25 -26 -27 -28 -29 29 -31
leaf_value=9.379998590013896 -0.43124545314720852 2.2200729321267807 7.8835880367984421 -3.1691802319418687 -4.6214942379108592 -3.1997283934286531 -0.34953805009057182 -4.0385537820961677 -1.5073585643530423 1.5881840335078767 1.3834966027284099 -3.0718403800665133 -2.8337466753926011 -2.8059357012000081 10.51703966728182 0.29837117537005969 -2.8251566637959216 1.254290086703957 0.4345006323538364 -0.6745019364013175 -2.5029091462143174 0.91265407240556518 -3.5462170802137707 0.59255916607865489 0.18881506921523689 -0.98897271047076463 2.8126329942681219 1.4608591322557141 -1.1940746217902387 0.11451453020005574
leaf_weight=57.965715616941452 38.878298461437225 398.02751769125462 290.99392768740654 192.51508468389511 38.628503069281578 122.24771030247211 421.83807922899723 62.127833664417267 366.9593907147646 42.376673564314842 188.57720665633678 127.05955010652542 271.72248515486717 40.648622170090675 43.118896126747131 440.23630641400814 127.00216878950596 272.22050759196281 69.370056629180908 34.419528052210808 36.934536904096603 25.816486284136772 62.591781601309776 77.073446393013 116.39472354948521 35.179664343595505 81.350569844245911 404.65504671633244 198.16103439033031 138.87880972027779
leaf_count=124 52 751 769 475 92 299 782 128 789 71 348 275 636 105 89 804 281 548 144 70 79 40 166 169 265 58 127 678 379 205
internal_value=0.000365909 0.00934609 -0.00662397 -0.00288976 -0.0246857 -0.0141617 0.00501139 0.0189961 -0.0240538 -0.000182335 0.00248715 -0.00301587 -0.0329642 -0.0133267 0.00490904 -0.00188439 9.18623e-05 0.00720239 -0.00689803 0.00950955 0.0137438 -0.0153688 -0.00800003 0.0258929 0.0217072 -0.00970809 0.0250842 0.0244997 -0.00368561 -0.00738905
internal_weight=4823.97 2111.39 2712.58 2260.5 452.084 933.05 1327.45 430.195 585.291 1192.31 347.759 1072.08 394.119 122.396 81.7474 897.254 945.021 503.012 230.792 103.79 225.512 392.776 442.008 368.067 919.077 457.018 120.229 802.683 379.417 337.04
internal_count=9798 4012 5786 4740 1046 2030 2710 1066 1304 2318 726 2139 922 286 181 1644 1864 1043 495 214 427 829 821 938 1694 840 179 1429 655 584
cat_boundaries=0 1 2 3 4
cat_threshold=32 1515521 192 271809
is_linear=0
shrinkage=0.05


Tree=19
num_leaves=31
num_cat=9
split_feature=23 2 31 31 4 4 44 69 94 3 13 74 69 65 45 7 37 32 61 70 89 65 34 73 74 61 71 25 22 28
split_gain=125.235 100.97 90.1111 76.1141 90.8052 80.3731 82.1081 50.3922 44.8343 47.8742 41.5277 44.7338 41.4349 36.5148 31.0059 30.1216 35.8392 27.765 26.7432 23.9511 24.7072 23.5139 28.7377 19.6114 23.1679 19.3654 18.6325 18.2119 60.9495 33.7396
threshold=1086.6050000000002 0 2015.0000000000002 2985.0000000000005 1.5000000000000002 1.5000000000000002 -14.074999999999816 1 1901.1519274376421 2 0.67543859649122817 2067.0350000000003 3 4 -71.920000000000059 6.5000000000000009 1995.0000000000002 3095.0000000000005 5 6 0.94151846785225735 7 3615.0000000000005 3030.0450000000005 4381.2750000000005 8 115.00000000000001 1591.1000000000001 5827.5963718820867 177.98000000000005
decision_type=2 9 2 2 2 2 2 9 2 9 2 2 9 9 2 2 2 2 1 9 2 9 2 2 2 1 2 2 2 2
left_child=18 2 26 4 15 21 -7 23 -6 14 11 -4 17 -9 -10 16 27 -11 -1 -15 -21 22 -5 -8 -25 -16 -2 28 -3 -29
right_child=1 3 10 5 8 6 7 13 9 12 -12 -13 -14 19 25 -17 -18 -19 -20 20 -22 -23 -24 24 -26 -27 -28 29 -30 -31
leaf_value=0.8527486823125443 -1.8820433408734765 0.66249743350970935 4.6295404143182006 2.1969464334039559 5.1392967580608486 1.9536251384360224 9.2840243307863997 -3.2033969701227223 7.6998291364013873 7.443886996160292 -2.6920593416229708 -2.8526928214941112 -0.060285394663667093 -3.0397419737572209 7.1475814780444598 1.1677473225404931 -4.5066953235426128 0.015021590644573025 2.6910136241838174 0.29035969808757472 -2.0046037437518183 -3.1416732432385843 -3.713388890437392 1.758268023361321 -4.6902266168066076 -0.15842482059719779 9.6493067941966082 -0.017709447963091662 -1.482945271116801 -1.6604311469683424
leaf_weight=119.55829563736916 35.287968382239342 222.70874018967152 58.429594725370407 18.539494127035141 160.57748861610889 109.65618841350079 37.393997803330421 385.92136530578136 160.61797273159027 95.986902892589569 294.73448072373867 109.53970828652382 503.54820162057877 157.03501117229462 36.743664532899857 129.45191951096058 77.834131270647049 61.898832142353058 192.53894117474556 391.599993288517 95.95419242978096 150.16228756308556 24.268021196126938 163.17866809666157 24.602427378296852 88.446829229593277 52.541364058852196 524.64836868643761 112.29721692204475 179.99322725832462
leaf_count=174 70 297 117 34 357 206 74 947 471 257 686 264 835 404 74 226 200 107 286 811 196 422 63 297 55 184 118 955 182 340
internal_value=0.000439029 -0.00170197 -0.0215468 0.00114216 0.00681789 -0.00742706 -0.0031581 -0.00678152 0.0172348 0.0130934 -0.0307514 -0.0109093 0.00533637 -0.0114166 0.0298152 -0.00243687 -0.00508185 0.0268811 0.0310595 -0.00395537 0.00161822 -0.0376317 0.000581351 0.0143027 0.00835315 0.0122046 0.0244919 -0.00263182 0.00696578 -0.00719478
internal_weight=4775.7 4463.6 550.533 3913.07 2354.75 1558.31 1365.34 1255.69 1107.82 947.242 462.704 167.969 661.434 1030.51 285.808 1246.93 1117.48 157.886 312.097 644.589 487.554 192.97 42.8075 225.175 187.781 125.19 87.8293 1039.65 335.006 704.642
internal_count=9709 9249 1255 7994 4485 3509 2990 2784 2285 1928 1067 381 1199 2358 729 2200 1974 364 460 1411 1007 519 97 426 352 258 188 1774 479 1295
cat_boundaries=0 1 2 3 4 5 6 7 8 9
cat_threshold=32 32 80 8 279617 4 136 1507392 2
is_linear=0
shrinkage=0.05


Tree=20
num_leaves=31
num_cat=4
split_feature=23 2 31 23 5 44 13 73 37 6 13 5 23 72 76 73 74 98 96 61 30 61 49 28 65 50 58 23 5 97
split_gain=109.384 110.099 85.2141 67.8932 87.087 72.8402 62.3272 43.8738 40.6411 37.4338 37.0492 36.2725 47.7406 35.623 38.1051 35.2041 34.5189 33.0754 29.5233 24.3106 22.9599 25.483 21.5454 23.689 27.3543 21.0957 20.7209 19.9298 19.485 23.778
threshold=1086.6050000000002 0 1865.0000000000002 2887.6800000000003 0.31414473684210531 -18.819999999999933 0.73205741626794263 1885.0550000000003 2085.0000000000005 9.5000000000000018 0.67543859649122817 0.36602870813397131 1985.9850000000004 113.34500000000001 3046.3300000000004 2823.6150000000002 2318.1950000000002 3694.1043083900231 1553.9682539682542 1 0.85710201747937609 2 0.082258304622336006 178.59 3 -0.057076281861922089 0.13094523870823482 1927.2500000000002 0.7947368421052633 3888.6621315192747
decision_type=2 9 2 2 2 2 2 2 2 2 2 2 2 2 2 2 2 2 2 1 2 1 2 2 9 2 2 2 2 2
left_child=19 2 -2 4 9 -5 8 -7 11 18 16 12 -6 14 17 -16 28 -9 -3 -1 21 -15 -20 24 -24 -14 -8 -12 -4 -30
right_child=1 3 10 5 6 7 26 13 -10 -11 27 -13 25 20 15 -17 -18 -19 22 -21 -22 -23 23 -25 -26 -27 -28 -29 29 -31
leaf_value=0.80371011226675793 8.990374529509328 0.071794147444835948 -4.2963173589716419 1.5181086239869399 3.2345579790083137 -3.0847760145207235 -0.1707047044221022 9.9896651163564698 -0.22175444913179235 0.85176083458623431 -0.084067389794014249 7.5887999862882483 3.8166860866252885 -0.78193874436817135 -0.43235466115477417 -3.096509002398625 -2.8748144248086747 -0.71091143197784423 -4.0626944618282934 2.5432129734922047 -2.6651474780397937 1.3710292178667558 0.86945572361157886 -1.4086395771409614 -0.89042987499933801 -0.56772889916588754 1.1500424039118984 -2.5574563745418217 11.271313658144468 -0.80292588026290379
leaf_weight=114.37010759115219 65.298506990075111 510.71097959578037 25.406129851937294 118.1639426201582 152.29438929259777 70.409510314464569 311.01498755812645 51.366034373641014 78.496326968073845 210.24686260521412 34.355977088212967 305.15692637860775 28.554436385631561 157.19921177625656 276.77455361187458 381.64437852799892 99.112993478775024 189.36596903204918 181.98652741312981 175.2425123155117 93.3523960262537 306.4796876758337 81.151254326105118 104.27279065549374 123.77465905249119 109.02136546373367 45.004015907645226 270.09231641888618 37.90741640329361 21.134043604135513
leaf_count=166 145 795 56 233 273 203 553 127 141 377 56 902 50 340 524 1000 242 408 409 266 245 589 120 195 217 165 76 655 81 34
internal_value=-0.000487281 -0.00242939 -0.0230847 0.000569212 0.00623138 -0.00714446 0.0169247 -0.0100719 0.0258691 -0.0028511 -0.0306796 0.0303301 0.0176637 -0.00820801 -0.0143633 -0.0205872 -0.0129372 0.00265942 -0.00687622 0.0292852 0.00172781 0.00628261 -0.0156282 -0.00759431 0.00227782 -0.00368552 3.72062e-06 -0.041377 0.0105527 0.0263076
internal_weight=4729.36 4439.75 553.307 3886.44 2241.69 1644.76 1029.54 1526.59 673.523 1212.14 488.009 595.027 289.87 1456.18 899.151 658.419 183.561 240.732 1001.9 289.613 557.031 463.679 491.185 309.199 204.926 137.576 356.019 304.448 84.4476 59.0415
internal_count=9643 9211 1269 7942 4273 3669 2160 3436 1531 2113 1124 1390 488 3233 2059 1524 413 535 1736 432 1174 929 941 532 337 215 629 711 171 115
cat_boundaries=0 1 2 3 4
cat_threshold=32 4 4 1154
is_linear=0
shrinkage=0.05


Tree=21
num_leaves=31
num_cat=3
split_feature=23 5 16 50 5 23 6 3 4 14 61 49 16 28 61 101 27 78 23 101 16 31 76 17 76 15 101 33 104 22
split_gain=110.291 89.4311 96.5004 72.7509 70.9914 75.4255 61.5633 50.9578 46.8378 56.2302 37.17 40.4079 28.7268 26.8634 34.2386 28.5072 26.4376 24.7697 22.997 22.726 22.4401 22.1561 19.5709 19.3183 19.3098 25.9124 18.7084 17.8008 17.0071 16.8935
threshold=2887.6800000000003 0.82971014492753636 0.5634920634920636 0.12619579173991033 0.48913043478260876 1066.2500000000002 8.5000000000000018 0 1.5000000000000002 0.58333333333333337 1 0.082258304622336006 0.93333333333333346 168.62500000000003 2 0.83028422763178278 8.4950000000000028 1.0000000180025095e-35 1940.5900000000004 0.89172310602166271 0.74537037037037046 3145.0000000000005 1578.7750000000003 0.29859297372524179 2225.7650000000003 0.19090909090909094 0.46712823370124718 59.999999999999893 0.57584549871959456 5468.2539682539691
decision_type=2 2 2 2 2 2 2 9 2 2 1 2 2 2 1 2 2 2 2 2 2 2 2 2 2 2 2 2 2 2
left_child=1 4 -3 8 5 28 12 16 26 10 11 21 -6 15 24 17 -5 -7 -4 -8 -20 -10 -17 -19 25 -15 -2 -11 -1 -24
right_child=3 2 18 7 6 13 19 -9 9 27 -12 -13 -14 14 -16 22 -18 23 20 -21 -22 -23 29 -25 -26 -27 -28 -29 -30 -31
leaf_value=0.0025851410455100424 0.65735372180629315 7.3778789025158575 -0.17948497120092244 -0.09095822556811442 7.2508971099859556 -0.25585603616016245 0.42952399402499086 -0.74284180714976245 0.54027109603093071 -0.58401480746812362 -2.4126809968879899 1.0911639837612712 -0.39784665632822686 1.1465527024202249 -0.87426134152950685 8.9066552966675996 1.4422031927875929 1.3191224276920792 -2.4295835558147303 -1.2432894495237599 0.083836316837963665 -2.3203360249089662 -4.1417369816665683 0.75201461496010613 -0.13103900198809129 -0.33985067479986175 -2.7764521175270418 7.4977490715826933 2.2732903866677527 -0.3175869098529589
leaf_weight=36.677799046039581 20.115940988063812 76.529811307787895 64.464991420507431 35.857549905776978 289.32098351418972 110.59855750203133 142.15319247543812 192.98692774772644 57.887234330177307 46.213687300682068 761.95310705900192 114.81421798467636 27.296750068664551 112.91586881875992 418.69169954955578 32.657144010066986 110.18737548589706 203.79766899347305 175.6681471914053 66.599385604262352 29.089604988694191 256.9986337274313 52.069366410374641 380.42888675630093 227.85303242504597 48.045915186405182 151.44515514373779 83.17216882109642 178.15613380074501 264.11520878970623
leaf_count=53 48 187 118 68 848 190 251 451 112 80 1856 183 52 150 761 70 150 317 422 135 58 589 118 657 361 67 414 144 255 524
internal_value=1.00896e-05 0.00601485 -0.0178707 -0.00961889 0.00920176 0.00502851 0.025613 0.0112895 -0.0143681 -0.0111762 -0.0145753 -0.00281623 0.0395108 0.00177396 -0.00507359 0.00707204 0.0323468 0.0129273 -0.0319542 0.00453398 -0.0401538 -0.0120748 -0.0045904 0.0170347 0.00561034 0.0188676 -0.038946 0.0201299 0.0330722 -0.0083965
internal_weight=4768.76 2937.13 345.753 1831.63 2591.38 2066.01 525.37 339.032 1492.6 1321.04 1191.65 429.7 316.618 1851.17 807.507 1043.67 146.045 694.825 269.223 208.753 204.758 314.886 348.842 584.227 388.815 160.962 171.561 129.386 214.834 316.185
internal_count=9689 5594 785 4095 4809 3523 1286 669 3426 2964 2740 884 900 3215 1339 1876 218 1164 598 386 480 701 712 974 578 217 462 224 308 642
cat_boundaries=0 1 2 3
cat_threshold=4 2 2
is_linear=0
shrinkage=0.05


Tree=22
num_leaves=31
num_cat=7
split_feature=34 44 65 14 5 37 4 39 70 64 6 26 74 73 61 60 50 101 98 61 16 13 52 14 34 44 57 36 61 22
split_gain=114.627 95.4482 72.083 76.6747 79.1893 71.0707 62.5973 93.5851 57.6477 45.7584 44.4865 43.0383 41.5199 36.7447 34.5643 34.4197 33.3157 31.157 29.4864 26.3684 23.8347 23.5237 22.3468 22.2702 21.1742 20.0557 19.5672 19.3325 19.173 17.743
threshold=1985.0000000000002 -24.889999999999869 0 0.21637426900584791 0.34698996655518394 2725.0000000000005 2.5000000000000004 2575.0000000000005 1 2 9.5000000000000018 65.685000000000016 2548.3550000000005 3312.5900000000006 3 4 0.076860322502543113 0.73798717433802929 1329.478458049887 5 0.55050505050505061 0.76984126984126988 121.25695011337849 0.093073593073593072 4205.0000000000009 -3.4999999999998859 0.66504155351903826 895.00000000000011 6 8080.0000000000009
decision_type=2 2 9 2 2 2 2 2 9 9 2 2 2 2 1 1 2 2 2 1 2 2 2 2 2 2 2 2 1 2
left_child=8 22 3 9 12 6 10 -8 11 20 28 14 -5 29 15 18 19 23 -1 24 -3 -10 -2 -16 -9 26 -11 -27 -4 -6
right_child=1 2 5 4 13 -7 7 16 21 25 -12 -13 -14 -15 17 -17 -18 -19 -20 -21 -22 -23 -24 -25 -26 27 -28 -29 -30 -31
leaf_value=0.4920481455194281 0.073133884285645934 -2.2920469470435907 -0.20151104292312871 1.5535225171558158 1.8249375074553258 -2.9583074379272021 6.2003731532364927 1.0366057845732073 3.5172878222688748 -0.29769656724989918 2.2685819002599548 1.7022369015996099 -2.50611690488671 -0.23984326107566858 0.31479602377234389 1.1999644907309666 1.7366116622243621 -2.5426817177871044 -0.88405096307926179 -1.6836558221145907 -2.308104378023994 0.11191750714906945 1.3700930331482133 -1.0967261503532268 -2.2752086494768649 -2.4650047504360759 1.4368268634621346 0.30740614854858705 -1.6875633156303409 -0.18364566890224665
leaf_weight=78.213549345731735 72.418451055884361 46.110532879829407 247.10487511754036 37.681703746318817 188.6534054428339 207.24570120871067 249.8351441770792 125.44457224011421 229.58388996124268 29.920750081539154 84.389183476567268 383.85343039035797 155.24187988042831 175.22337037324905 184.52445510029793 164.78581205010414 94.909162387251854 125.23702494800091 105.01794290542603 196.83490237593651 319.24319702386856 75.067106574773788 197.28165258467197 89.876678884029388 28.391652077436447 509.72013272345066 36.716654762625694 76.887872934341431 236.47194989025593 26.036249995231628
leaf_count=100 159 111 423 74 353 530 685 245 405 46 203 700 366 347 336 232 182 238 183 468 748 124 323 157 61 1184 53 159 487 41
internal_value=0.000538509 -0.00453849 -0.00704225 -0.0143344 3.9419e-05 0.000989319 0.00544789 0.0155061 0.0123521 -0.0226998 -0.00686732 0.00690501 -0.0261618 0.0130034 -2.11226e-05 0.0114992 0.00177151 -0.0100534 -0.0038785 -0.00534121 -0.0368167 0.031328 0.0239809 -0.000621767 0.0101678 -0.0140261 0.0117528 -0.0171936 -0.012713 0.0268701
internal_weight=4777.92 3341.76 3072.06 1601.44 582.837 1470.63 1263.38 695.415 1436.16 1018.6 567.966 1131.51 192.924 389.913 747.655 348.017 445.58 399.638 183.231 350.671 365.354 304.651 269.7 274.401 153.836 653.245 66.6374 586.608 483.577 214.69
internal_count=9723 7248 6766 3482 1181 3284 2754 1641 2475 2301 1113 1946 440 741 1246 515 956 731 283 774 859 529 482 493 306 1442 99 1343 910 394
cat_boundaries=0 1 2 3 4 5 6 7
cat_threshold=1371 228 8 2 9 2 2
is_linear=0
shrinkage=0.05


Tree=23
num_leaves=31
num_cat=4
split_feature=23 65 5 4 2 13 44 25 5 65 23 13 4 51 75 72 43 34 17 7 6 42 101 24 23 12 28 105 28 61
split_gain=111.393 91.317 75.5909 70.3383 78.9032 68.3034 67.0659 55.1169 48.2012 41.8537 39.6928 34.9467 33.1394 47.096 39.381 28.8799 27.5005 31.416 37.0066 28.5015 26.1394 26.0076 24.7106 25.9866 22.7831 30.4892 21.5479 21.2595 25.4579 20.807
threshold=2887.6800000000003 0 0.82971014492753636 1.5000000000000002 1 0.70294117647058829 -14.074999999999816 1382.3450000000003 0.63961038961038974 2 1905.8750000000002 0.6132478632478634 2.5000000000000004 0.35679772555958472 3244.3300000000004 97.560000000000016 -98.654999999999973 1545.0000000000002 0.35731329022796726 4.5000000000000009 18.500000000000004 3185.0000000000005 0.92193407102633895 201.21500000000003 1157.2500000000002 1.0000000180025095e-35 180.22000000000003 0.7350000000000001 135.61500000000004 3
decision_type=2 9 2 2 9 2 2 2 2 9 2 2 2 2 2 2 2 2 2 2 2 2 2 2 2 2 2 2 2 1
left_child=1 2 7 -2 6 -4 -5 -1 16 -6 -7 -8 13 26 -14 -10 19 18 27 -9 -12 29 23 -13 -15 -26 -3 28 -18 -11
right_child=3 12 5 4 9 10 11 8 15 21 20 22 14 24 -16 -17 17 -19 -20 -21 -22 -23 -24 -25 25 -27 -28 -29 -30 -31
leaf_value=3.5292714298925412 -2.618393320688007 2.0532325726750509 8.1725643917720756 1.9563572535056206 0.068625460021193171 0.45351391616628689 1.6905221639644457 -0.23286676722542046 0.029156037492571587 0.98980885957006848 -2.1926991591227947 -0.43118879604877808 6.1461679782017731 1.5308625679840717 -0.66744175578999787 7.9542130307986145 1.3054134785185605 -0.68341298109528825 0.70087249455444089 1.3615327626623712 0.12777612009027237 -2.4417984925384917 -2.5245865306991826 1.5951222372040734 0.0084474836399195397 -5.0794141620348388 0.25902766167263563 0.55013599380416522 -1.0791818849811008 -2.09890480476265
leaf_weight=103.55221951007843 201.31897483766079 276.09469272196293 37.275427639484406 106.65261524915695 240.93130230903625 39.24598690867424 170.7754157781601 127.67950694262981 68.809929579496384 49.564691364765167 195.52824409306049 305.62613178789616 242.33692429959774 41.918591469526291 30.429925948381424 118.60905848443508 35.14624235033989 607.857924669981 259.07204227149487 156.18762889504433 30.744333326816559 413.71642735600471 150.95671004056931 105.1007657200098 237.31176264584064 35.974512159824371 64.981244802474976 27.287290513515472 162.1577570438385 98.388158172369003
leaf_count=185 540 480 101 196 581 67 292 219 114 88 456 657 705 60 50 307 60 1152 374 227 51 1039 353 171 417 71 121 37 250 208
internal_value=0.000631808 0.00674341 0.000592698 -0.0089788 -0.00555827 -0.0223857 0.0051836 0.00477165 0.0024309 -0.016646 -0.0312834 -0.000148556 0.0195631 0.0136857 0.0344215 0.0262186 -0.000810559 -0.00441609 0.00509343 0.0130534 -0.0393346 -0.0241112 -0.00617066 0.000187264 -0.000247333 -0.00551204 0.0265619 -0.00976086 -0.0154817 -0.00654885
internal_weight=4741.23 2898.2 1969.15 1843.03 1641.71 302.794 839.112 1666.36 1562.81 802.601 265.519 732.459 929.048 656.281 272.767 187.419 1375.39 1091.52 483.663 283.867 226.273 561.669 561.684 410.727 315.205 273.286 341.076 224.591 197.304 147.953
internal_count=9629 5504 3600 4125 3585 675 1669 2925 2740 1916 574 1473 1904 1149 755 421 2319 1873 721 446 507 1335 1181 828 548 488 601 347 310 296
cat_boundaries=0 1 2 3 4
cat_threshold=6555 18 1194032 2
is_linear=0
shrinkage=0.05


Tree=24
num_leaves=31
num_cat=3
split_feature=34 3 37 4 3 71 28 44 17 23 5 96 61 38 56 95 5 34 94 99 72 101 27 106 10 44 13 101 35 31
split_gain=107.307 137.724 73.153 70.9725 69.2301 58.0008 56.9593 42.5155 55.3255 34.3278 33.1123 70.9229 32.5483 30.2853 28.3995 27.6779 35.4699 34.2587 24.7897 23.4427 23.1837 21.5804 20.4602 19.9875 21.5776 24.1902 19.433 18.7658 18.6873 18.2772
threshold=2005.0000000000002 0 2605.0000000000005 1.5000000000000002 1 78.585000000000022 82.000000000000014 -7.9999999999998854 0.27394752349704377 1013.8000000000001 0.48913043478260876 2511.7913832199552 2 4215.0000000000009 0.99958044060078477 2502.3650000000007 0.7947368421052633 3455.0000000000005 2088.7483786848074 58.378265306122337 176.46000000000001 0.39141494115371273 1.2700000000000002 1.0000000180025095e-35 1.5000000000000002 13.629999999999997 0.95238095238095244 0.73798717433802929 1485.0000000000002 1175.0000000000002
decision_type=2 9 2 2 9 2 2 2 2 2 2 2 1 2 2 2 2 2 2 2 2 2 2 2 2 2 2 2 2 2
left_child=4 6 7 -4 20 -5 -2 26 14 -6 13 -12 -13 -10 -9 18 -17 -18 -8 -14 -1 -11 -23 -24 25 29 -3 -26 -29 -25
right_child=1 2 3 5 9 -7 15 8 10 21 11 12 19 -15 -16 16 17 -19 -20 -21 -22 22 23 24 27 -27 -28 28 -30 -31
leaf_value=3.270547129597182 -2.0744741895699761 1.2671676576137469 -2.5389199870032542 -2.8035978855572368 1.4959442586864227 0.94066488727890452 -0.44448381532981429 0.081157985146864328 -1.1041792236013768 1.1530400955242517 5.7860967614643348 -0.79296960537863159 1.3760287464873597 0.49521417426539571 -1.3782024193826872 -2.5794071012913506 4.4132113306371075 -2.2326419506085258 1.1886476782352517 0.039095261049787666 -0.43937689859235285 -0.77962867144550296 -0.4011712490877436 -0.97774100206940029 0.94111978439876376 3.3663226634117827 -0.50163116387558737 -1.4549466465122547 0.26760362156916923 0.065282427785454192
leaf_weight=308.70308680832386 350.3019642084837 216.77555330097675 120.57200668752193 161.51035366952419 86.332551628351212 246.16064392030239 58.82575686275959 151.46147735416889 180.49235631525517 142.4346257597208 211.75221693515778 131.73424962162971 156.41097751259804 283.62486729025841 213.86262328922749 298.90361812710762 71.739136517047882 128.31286697089672 69.988002568483353 175.47609126567841 44.820886999368668 202.55277849733829 239.91725720465183 63.143772393465042 147.70922109484673 36.222363591194153 22.174934938549995 25.384259194135666 63.090106070041656 125.73403424024582
leaf_count=586 804 402 327 418 126 436 120 384 316 273 618 277 264 521 483 760 167 275 109 376 92 368 362 92 234 73 41 45 113 188
internal_value=0.000110574 -0.00497853 0.00180873 -0.0144841 0.0112408 -0.00451703 -0.0205533 0.00675473 0.00364364 0.00500119 0.00907208 0.0161377 0.00518747 -0.00120967 -0.0132883 -0.0117501 -0.0170845 -0.00078916 0.00891261 0.013534 0.0302328 0.00254471 -0.00030616 0.00373725 0.00982525 -0.00125182 0.0263471 0.0203825 0.00217191 -0.00842976
internal_weight=4736.12 3250.08 2272.01 528.243 1486.04 407.671 978.071 1743.77 1504.81 1132.52 1139.49 675.374 463.621 464.117 365.324 627.769 498.956 200.052 128.814 331.887 353.524 1046.19 903.754 701.201 461.284 225.1 238.95 236.184 88.4744 188.878
internal_count=9650 7098 4863 1181 2552 854 2235 3682 3239 1874 2372 1535 917 837 867 1431 1202 442 229 640 678 1748 1475 1107 745 353 443 392 158 280
cat_boundaries=0 1 2 3
cat_threshold=3080 3108 4
is_linear=0
shrinkage=0.05


Tree=25
num_leaves=31
num_cat=2
split_feature=52 59 29 31 31 4 4 95 4 14 24 65 29 15 4 44 48 45 15 101 4 42 33 25 61 98 75 25 73 94
split_gain=104.155 84.4047 80.6271 55.6765 49.0321 42.0375 82.2526 39.1757 34.7261 39.609 33.0254 29.0623 27.6825 27.3955 25.9391 22.6602 22.5273 24.3633 21.6464 25.8083 19.6243 19.486 18.2299 18.0523 17.2032 28.7324 16.9556 16.8607 18.2644 26.5556
threshold=140.07087301587299 0.015803703179535052 12.000000000000016 1635.0000000000002 2585.0000000000005 2.5000000000000004 4.5000000000000009 1860.5900000000004 1.5000000000000002 0.58333333333333337 155.86500000000004 0 15.60000000000001 0.19090909090909094 2.5000000000000004 -31.450000000000042 0.9270193778440633 -353.77500000000003 0.19090909090909094 0.73798717433802929 1.5000000000000002 2365.0000000000005 59.999999999999893 2324.9300000000003 1 3609.2970521541952 4193.630000000001 4692.1550000000016 1146.5900000000004 1065.7755102040819
decision_type=2 2 2 2 2 2 2 2 2 2 2 9 2 2 2 2 2 2 2 2 2 2 2 2 1 2 2 2 2 2
left_child=2 7 3 -1 5 10 -7 -2 -6 15 -4 -9 -3 -5 -13 -10 -12 -18 19 -19 -15 23 -11 -8 25 -16 -22 28 29 -14
right_child=1 12 4 13 8 6 21 11 9 22 16 14 27 20 24 -17 17 18 -20 -21 26 -23 -24 -25 -26 -27 -28 -29 -30 -31
leaf_value=8.1350473601164666 0.87513322021639761 1.4249598974955 5.0770463728086037 -1.9793404916881572 -2.3522349185023743 5.4230758968934367 0.81518652197583286 -0.80656272291097231 1.9233222185903047 -0.95025204208957958 0.69990904300119328 -0.43217236367601192 1.7856880683476501 -2.0929537159639922 5.5317314453854962 -1.7139200591346411 -1.369476437563391 0.76084032560830228 -0.6737712995198919 -0.57987034135399129 -0.068155962009716839 0.69780289697630027 7.1689564232858105 -0.76911667011593143 1.0220398111063731 -1.9033800327192354 -2.3146709628803563 -1.5226668230631859 1.8494846993366623 -0.073097421345975633
leaf_weight=39.214891850948334 157.96422390639782 129.58780314028263 54.155083894729614 219.41963332891464 103.81108246743679 156.04140156507492 35.135054811835289 409.90491504967213 20.035330250859261 34.085464954376221 96.760965883731842 282.59154789149761 65.389436393976212 50.774682372808456 27.832674607634544 701.90916314721107 104.86921848356724 142.89880433678627 296.64933387935162 170.77916052937508 135.75020295381546 39.213292837142944 68.788031667470932 101.08191920816898 259.01145063340664 47.866822734475136 74.741051271557808 28.442775398492813 501.35879909992218 226.50256504118443
leaf_count=89 250 207 114 510 290 478 67 810 31 65 179 537 95 130 85 1619 187 209 520 303 276 69 122 199 527 114 172 67 991 399
internal_value=0.000342911 0.00855468 -0.00628721 -0.0239374 -0.0019714 0.00471473 0.0198573 -0.000349016 -0.010594 -0.00716381 -0.00108051 -0.00391384 0.0196475 -0.0286109 0.00298982 -0.0112999 -0.00360201 -0.00666535 -0.00284003 0.00631713 -0.017672 -0.00363304 0.0218623 -0.0125739 0.0124559 -0.00851187 -0.0109417 0.0162603 0.0176165 0.00767323
internal_weight=4782.57 2136.45 2646.11 519.9 2126.21 1197.58 331.472 1185.17 928.629 824.818 866.113 1027.21 951.281 480.686 617.302 721.944 811.957 715.197 610.327 313.678 261.266 175.43 102.873 136.217 334.711 75.6995 210.491 821.694 793.251 291.892
internal_count=9711 4082 5629 1177 4452 2325 813 2323 2127 1837 1512 2073 1759 1088 1263 1650 1398 1219 1032 512 578 335 187 266 726 199 448 1552 1485 494
cat_boundaries=0 1 2
cat_threshold=263475 4
is_linear=0
shrinkage=0.05


Tree=26
num_leaves=31
num_cat=5
split_feature=29 31 37 101 43 65 75 23 82 4 96 27 69 4 27 22 42 65 35 73 94 13 7 17 43 3 22 72 65 73
split_gain=101.029 86.9606 69.1526 80.8456 41.4076 32.6054 31.9342 31.0251 29.6679 29.7291 37.6334 29.3729 28.852 27.7167 31.9957 25.4033 26.5444 31.6348 24.636 24.4343 24.7973 22.6979 22.268 30.0187 26.3721 22.4912 22.3781 20.8605 20.1347 41.785
threshold=12.000000000000016 2015.0000000000002 1185.0000000000002 0.83367096371099969 -128.81000000000003 0 1981.0550000000003 1013.8000000000001 1986.2815000000003 2.5000000000000004 2052.8344671201817 90.00500000000001 1 1.5000000000000002 99.660000000000011 6870.9750566893426 4185.0000000000009 2 2275.0000000000005 1226.7650000000001 2976.3543083900231 0.69210526315789489 1.0000000180025095e-35 0.35731329022796726 -158.85499999999999 3 5827.5963718820867 143.965 4 4090.1700000000005
decision_type=2 2 2 2 2 9 2 2 2 2 2 2 9 2 2 2 2 9 2 2 2 2 2 2 2 9 2 2 9 2
left_child=1 -1 5 4 11 8 -5 -7 9 10 -2 -4 13 -3 -15 19 17 -17 -10 -6 -21 -13 24 -24 27 26 -25 -9 -8 -30
right_child=2 12 3 6 15 7 28 22 18 -11 -12 21 -14 14 -16 16 -18 -19 -20 20 -22 -23 23 25 -26 -27 -28 -29 29 -31
leaf_value=5.869988473124109 1.8389337186413515 -2.1496828662265188 1.1647792984180156 -2.858181649644 -5.5994218188196747 1.3709373251247623 -2.0229035295392239 1.4508428329783067 0.82019868481700409 5.3422001300589477 -0.74960091712493515 2.9453527993075777 -1.8803734671037491 3.513312546438617 -2.0104431866995442 0.025791709286482958 -1.1615267807870169 1.1369517145858588 -0.2409166808240798 1.7248504117632983 -2.7007576375393287 -0.6201351408913347 -0.62141138681448405 0.72279830932788736 8.0792755862427423 -1.3532057971189424 -0.75127073078213669 -1.09327027873321 0.30129879772293011 -2.4192822732769259
leaf_weight=103.62639456987381 186.71435888111591 35.01577065885067 123.63116240501404 99.255846425890923 38.713988736271858 78.496612071990967 304.25011831521988 43.827094048261642 119.64882291853428 132.61415635049343 36.026410236954689 76.311796620488167 308.3719783872366 91.372283890843391 48.754196926951408 452.84999665617943 182.74201789498329 253.34580473601818 167.22018228471279 82.248569130897522 121.83310669660568 30.342414334416389 474.87477362155914 346.92877075076103 89.153856560587883 179.74976491928101 46.62440200150013 29.763398617506027 370.63747949898243 105.35097824037075
leaf_count=209 308 91 192 240 95 117 688 80 192 423 48 169 728 166 113 797 406 507 327 190 312 57 836 560 221 366 73 52 848 253
internal_value=0.000296649 -0.0191228 0.00302887 -0.00294609 0.0046844 0.00996232 -0.014763 0.00522672 0.0190915 0.0290444 0.0178854 0.0240111 -0.0280311 -0.00965853 -0.000267 0.000751804 0.00466676 0.00906195 0.00742801 -0.0135819 -0.00667342 0.00478526 0.00329257 0.000620869 0.0205 0.00832185 0.0147957 -0.00165378 -0.0113648 -0.00454555
internal_weight=4760.3 587.141 4173.16 2241.51 1362.02 1931.64 879.494 1289.42 642.224 355.355 222.741 230.285 483.514 175.142 140.126 1131.73 888.938 706.196 286.869 242.796 204.082 106.654 1210.92 1048.18 162.744 573.303 393.553 73.5905 780.239 475.988
internal_count=9664 1307 8357 4754 2725 3603 2029 2305 1298 779 356 418 1098 370 279 2307 1710 1304 519 597 502 226 2188 1835 353 999 633 132 1789 1101
cat_boundaries=0 1 2 3 4 5
cat_threshold=1979392 160 17881 1052 267768
is_linear=0
shrinkage=0.05


Tree=27
num_leaves=31
num_cat=6
split_feature=101 64 96 4 34 4 4 30 44 71 8 34 73 34 65 34 102 10 6 61 65 69 4 4 65 17 43 34 17 28
split_gain=95.9392 77.2874 73.3085 77.1791 68.2206 44.3891 36.5693 36.2773 43.9437 33.5504 33.051 32.7059 28.361 27.9577 26.1494 23.6852 21.5637 21.5288 21.3438 19.7784 22.4382 21.7019 17.9113 17.9743 17.1449 17.0049 16.9637 17.7247 16.125 15.7381
threshold=0.69112301157247635 0 2676.4172335600911 2.5000000000000004 1495.0000000000002 5.5000000000000009 1.5000000000000002 0.77345825948731928 -9.2300000000000164 81.950000000000003 1.5000000000000002 2095.0000000000005 2808.1950000000006 1145.0000000000002 1 4155.0000000000009 0.77500000000000013 1.5000000000000002 7.5000000000000009 2 3 4 1.5000000000000002 13.500000000000002 5 0.31444690747438897 33.405000000000207 3715.0000000000005 0.36182552311957988 125.63500000000001
decision_type=2 9 2 2 2 2 2 2 2 2 2 2 2 2 9 2 2 2 2 1 9 9 2 2 9 2 2 2 2 2
left_child=7 4 3 29 -2 -5 -4 8 18 -6 11 28 -12 17 -15 26 19 -10 -1 -8 21 -21 -14 -24 -9 -7 27 -16 -11 -3
right_child=1 2 6 5 9 25 16 24 13 10 12 -13 22 14 15 -17 -18 -19 -20 20 -22 -23 23 -25 -26 -27 -28 -29 -30 -31
leaf_value=1.1065403334971149 7.8142035454975982 0.82889597177064334 -2.4109927147467305 5.13089845534813 -1.7863547937485622 -0.089774367656731885 -1.1007300209552213 -0.66422029376358305 0.18867114542686425 -1.7863547937485622 6.5879801581668209 -1.9001194170208919 -1.5954360583479101 0.8927103348553278 0.080867045163017084 -2.7843123331601962 -2.2604808571642709 1.417399597809792 0.99922041961780972 8.8445369129923535 0.60925759317906558 -2.1254974751000746 0.63718279600258088 -3.8198520611458253 0.77564612553836554 1.7693166178366662 1.7444776116509708 -2.8760571568226667 0.99770507506479478 -0.33815207626091315
leaf_weight=228.81018888950348 33.965183347463608 231.80198702216148 91.797502338886261 213.56189835071564 128.20531901717186 80.923442348837852 231.75191207230091 230.26146624982357 86.987871021032333 25.405651062726974 28.707109406590462 175.2859713435173 26.235619932413101 257.17251789569855 631.62181878089905 89.367268919944763 211.17752689123154 100.27938328683376 136.42444694042206 45.457957521080971 265.7784817814827 154.87390021979809 86.230511546134949 28.342353075742722 95.247030392289162 34.055079400539398 43.717973947525024 42.215801596641541 33.619131833314896 664.93319162726402
leaf_count=445 82 453 257 604 319 146 504 507 130 53 62 420 66 538 1148 218 489 134 201 106 512 358 149 65 230 66 86 114 55 1130
internal_value=-0.000349135 -0.00628541 -0.00202519 0.00616618 -0.022606 0.0268982 -0.0120737 0.00818528 0.0112517 -0.0273914 -0.0203168 -0.0324835 -0.00349949 0.00679809 0.00366286 -0.000854572 -0.00903653 0.0246132 0.0265106 -0.0048003 0.00113508 -0.0112149 -0.0127338 -0.00420039 -0.0070437 0.00185049 0.00215795 0.000199759 -0.000291869 -0.00142948
internal_weight=4734.22 2792.11 2226.11 1225.28 565.997 328.54 1000.84 1942.11 1616.6 532.032 403.826 234.311 169.516 1251.36 1064.1 806.923 909.04 187.267 365.235 697.862 466.11 200.332 140.808 114.573 325.508 114.979 717.556 673.838 59.0248 896.735
internal_count=9647 5896 4625 2399 1271 816 2226 3751 3014 1189 870 528 342 2368 2104 1566 1969 264 646 1480 976 464 280 214 737 212 1348 1262 108 1583
cat_boundaries=0 1 2 3 4 5 6
cat_threshold=8 211104 4 1505 160 84363
is_linear=0
shrinkage=0.05


Tree=28
num_leaves=31
num_cat=3
split_feature=29 23 37 44 22 5 94 73 23 5 24 23 31 15 17 77 3 37 58 22 5 25 101 34 71 3 94 3 6 23
split_gain=97.9988 93.8439 76.4765 97.045 58.1753 61.5712 43.9869 42.7169 34.3137 29.8301 43.7854 36.8939 34.2971 27.3181 27.3163 28.1347 25.9622 24.2788 21.9318 21.735 54.8876 37.4191 23.4662 21.4464 21.2162 20.6237 42.7409 22.5326 32.8001 26.3042
threshold=12.000000000000016 1936.1100000000004 1185.0000000000002 -17.204999999999924 6870.9750566893426 0.36602870813397131 2976.3543083900231 4090.1700000000005 1013.8000000000001 0.324561403508772 221.80500000000004 1776.9750000000001 1565.0000000000002 0.19090909090909094 0.33010149037048131 0.86845068497969458 0 955.00000000000011 0.025551566793001104 5827.5963718820867 0.12132352941176471 1611.3650000000002 0.39608000074230115 1295.0000000000002 103.84500000000001 1 3697.2500000000005 2 6.5000000000000009 2851.1400000000003
decision_type=2 2 2 2 2 2 2 2 2 2 2 2 2 2 2 2 9 2 2 2 2 2 2 2 2 9 2 9 2 2
left_child=1 23 8 -4 5 -5 -7 25 -2 12 14 -12 17 -3 15 -11 -9 -10 -15 21 22 -19 -21 -1 -25 26 27 28 -6 -29
right_child=2 13 3 4 7 6 -8 16 9 10 11 -13 -14 18 -16 -17 -18 19 -20 20 -22 -23 -24 24 -26 -27 -28 29 -30 -31
leaf_value=6.9151270918152452 1.5665002075824055 -1.6970370540611341 1.1890084209971865 -3.4014683497313403 -0.82298331661885271 5.9561412985049689 -1.8900845019528774 -0.060836783351849277 -2.9939189734200591 5.2814418646499579 8.4599736879683167 -1.0613179766858096 -3.6637765661222859 -1.0342869290337777 2.7444279703722301 -0.086140159758817711 -2.1390403854282569 0.61292851639893875 -1.876618968621365 0.52514501037953776 1.6450259523366473 -0.5284988321846037 -1.5321202106122325 -6.3777244194917984 2.6691414831081008 0.70648964203863607 -2.306860993165138 0.079555883549130624 10.326547795838247 -2.6183158767706018
leaf_weight=48.215112581849098 106.76691430807114 195.39745800197124 195.26749178767204 219.52646146714687 28.18371145427227 76.236118957400322 192.28649410605431 161.23961971700191 29.174652874469757 77.746870949864388 36.886075526475906 212.87363761663437 114.3233816921711 131.54283298552036 465.13604395091534 194.40890276432037 175.48632706701756 358.15371835231781 152.07262070477009 31.665855169296265 51.986549735069275 149.99253122508526 114.83388689160347 24.140687525272369 47.98127156496048 429.56219068169594 221.56014236807823 384.71976013481617 88.741599529981613 67.858014762401581
leaf_count=97 154 474 337 540 65 191 452 334 64 206 108 442 234 286 968 369 407 480 342 44 85 291 181 44 92 793 585 642 237 168
internal_value=0.000293886 -0.0186154 0.0030022 -0.00329373 -0.00650883 -0.0215718 -0.00551425 -0.00178832 0.0102591 0.00865771 0.0145705 -0.00352302 0.00179259 -0.0285319 0.0206998 0.00811796 -0.0175546 0.00575119 -0.0186209 0.00759666 -0.00643412 0.0130772 -0.0220969 0.0208582 0.00359967 0.00256102 -0.00226164 0.00495887 0.0235308 -0.000351436
internal_weight=4783.97 599.35 4184.62 2240.67 2045.4 488.049 268.523 1557.35 1943.95 1837.18 987.052 249.76 850.131 479.013 737.292 272.156 336.726 735.807 283.615 706.633 198.486 508.146 146.5 120.337 72.122 1220.63 791.063 569.503 116.925 452.578
internal_count=9712 1335 8377 4751 4414 1183 643 3231 3626 3472 2093 550 1379 1102 1543 575 741 1145 628 1081 310 771 225 233 136 2490 1697 1112 302 810
cat_boundaries=0 1 2 3
cat_threshold=2054 3098 16
is_linear=0
shrinkage=0.05


Tree=29
num_leaves=31
num_cat=2
split_feature=29 25 31 44 4 5 4 23 16 16 74 5 3 59 27 22 71 61 28 72 39 94 45 51 24 52 91 75 72 4
split_gain=92.9315 88.2176 64.8471 78.0856 43.4793 37.7032 89.6361 46.1688 32.1664 30.8232 44.8549 34.4927 28.2797 27.2674 32.096 26.5309 23.6948 23.0976 31.4787 32.2381 30.0593 22.209 22.0119 20.4892 20.428 19.9342 19.1656 18.7633 18.1238 17.8958
threshold=12.000000000000016 1862.8300000000002 2915.0000000000005 -14.850000000000135 1.5000000000000002 0.48913043478260876 4.5000000000000009 1066.2500000000002 0.93333333333333346 0.5634920634920636 3505.2950000000005 0.56832298136645976 0 0.027750565512655156 110.26000000000001 6870.9750566893426 34.495000000000012 1 147.07500000000002 101.36500000000001 965.00000000000011 5519.2794897959193 -304.76000000000016 1.6215607859408837e-05 273.23500000000007 71.314557823129135 0.044446883230904254 1608.1500000000003 145.14500000000001 2.5000000000000004
decision_type=2 2 2 2 2 2 2 2 2 2 2 2 9 2 2 2 2 1 2 2 2 2 2 2 2 2 2 2 2 2
left_child=1 -1 5 29 23 7 8 25 24 10 11 15 16 17 27 -3 -6 20 -19 22 -9 28 -20 -5 -7 -2 -8 -15 -18 -4
right_child=2 9 3 4 12 6 26 13 -10 -11 -12 -13 -14 14 -16 -17 21 18 19 -21 -22 -23 -24 -25 -26 -27 -28 -29 -30 -31
leaf_value=5.9684294257741373 -0.42548357854845026 -2.6654252323286203 -3.08020980007272 2.1656363299177657 -1.1286532463817529 5.050612799883992 -0.13369285071493878 -4.2054207737452165 -0.42315155114138697 -1.612185201358078 -1.8811818452984526 1.5739169467894714 -1.4574146286334668 0.52417759170809364 -0.9178775538301297 1.8439248658260396 0.20169592060702685 0.247043536682168 -1.363058228490845 -2.2835762553839745 0.29295232391500864 -3.6716854569920678 -0.070477490494329942 -2.0423979650206845 5.758709868060107 1.5664393921079549 2.0377526373526322 1.6590575064570772 1.8123916876045634 1.1221167140431021
leaf_weight=67.02124334871769 34.500671923160553 62.717569559812546 21.146986976265907 13.854202479124067 117.46268628537655 233.23942866921425 268.35188227891922 31.400748953223228 43.827166825532913 214.08957023918629 98.289525896310806 115.28829103708267 722.71169403195381 112.0367963463068 23.102411270141602 22.492956548929214 318.22075745463371 343.72635450959206 126.37237498164177 90.917490020394325 620.19314204156399 23.432806491851807 276.8235932290554 142.90322993695736 28.880469560623169 156.83995619416237 31.236820623278618 152.46500439941883 115.75705026090145 112.88111354410648
leaf_count=132 50 147 56 32 260 714 525 77 89 502 248 224 1720 216 36 44 607 607 242 168 958 50 481 386 80 222 69 276 229 198
internal_value=-0.000691899 -0.0194441 0.0019207 -0.00602387 -0.00938933 0.00682332 0.0177339 0.00346689 0.0367701 -0.0264938 -0.0161181 -0.00255399 -0.00638447 0.00095416 0.0150489 -0.0266766 0.00195773 -0.00176748 -0.00725847 -0.0153418 0.00529301 0.00713586 -0.00927714 -0.0342625 0.0433994 0.0268033 -0.0017064 0.0199853 0.00969598 0.0304948
internal_weight=4742.18 579.899 4162.28 1588.37 1454.34 2573.91 605.536 1968.38 305.947 512.878 298.788 200.499 1297.58 1777.04 287.604 85.2105 574.873 1489.43 837.84 494.113 651.594 457.411 403.196 156.757 262.12 191.341 299.589 264.502 433.978 134.028
internal_count=9645 1297 8348 3538 3284 4810 1477 3333 883 1165 663 415 2866 3061 528 191 1146 2533 1498 891 1035 886 723 418 794 272 594 492 836 254
cat_boundaries=0 1 2
cat_threshold=452 2
is_linear=0
shrinkage=0.05


Tree=30
num_leaves=31
num_cat=4
split_feature=101 28 23 3 23 8 10 43 3 77 61 34 42 5 74 73 82 5 25 30 37 26 72 87 65 33 73 37 9 37
split_gain=88.7127 70.0283 67.5208 53.9819 47.1357 44.1967 43.73 33.0372 32.5197 36.902 31.5703 30.7229 30.3899 29.5901 27.2013 25.6902 24.9282 28.6857 43.4407 24.944 23.3121 21.8424 21.6626 20.502 19.9756 19.4925 18.6325 18.5052 18.0652 17.4142
threshold=0.72700007344782003 83.715000000000018 3063.3200000000002 0 1106.7500000000002 1.5000000000000002 1.0000000180025095e-35 -114.44000000000004 1 0.76542356325868022 2 2005.0000000000002 3095.0000000000005 0.04880952380952381 2476.7250000000004 4573.5900000000011 2269.7250000000008 0.42582417582417581 2343.7850000000003 0.42892750763957527 2025.0000000000002 18.105000000000004 109.33000000000001 0.58452886180786157 3 324.99999999999983 2947.3050000000007 3705.0000000000005 4.5000000000000009 2835.0000000000005
decision_type=2 2 2 9 2 2 2 2 9 2 1 2 2 2 2 2 2 2 2 2 2 2 2 2 9 2 2 2 2 2
left_child=4 5 3 6 -1 11 -3 -5 9 13 21 -2 20 -6 15 -7 17 18 19 -8 -10 25 -16 -15 29 -9 -24 -28 -26 -4
right_child=1 2 24 7 8 14 16 10 12 -11 -12 -13 -14 23 22 -17 -18 -19 -20 -21 -22 -23 26 -25 28 -27 27 -29 -30 -31
leaf_value=0.82847919257073821 0.75645940311318116 -0.24159097591830234 0.22163318065556439 1.5988310810241697 -0.51442606740948205 8.172562569795728 6.5491057001554331 -0.30255049165578357 -0.13940864580757975 0.029384843444098863 -2.1024145023133127 -1.5315759412901742 -1.9756557038377567 0.98955292165802544 -1.3245710247770306 -3.2248283281767685 0.22591489578499094 4.4075849437962402 -1.681737033302813 -2.5716700047666858 0.98605056183958839 -1.1728991151944528 5.8542369634902922 1.3694906405932381 -2.0122205351549893 0.55698089116928606 -3.1317006060380539 2.348092788114994 2.885434228148978 -1.5988892778990917
leaf_weight=189.28689064085484 37.908044502139091 213.05908876657486 184.45686776936054 56.025797739624977 45.630471765995026 84.873747959733009 76.040795519948006 64.606523215770721 404.04205296933651 718.60663416981697 250.24114973843098 285.39011618494987 173.1689276099205 200.43112710118294 87.728946551680565 18.465163975954056 189.41069523990154 191.54914431273937 53.696664571762085 19.142476856708527 118.88069115579128 134.375528216362 38.125051647424698 312.65522700548172 316.4100182056427 82.954740464687347 54.658389091491699 26.139849424362183 33.841477409005165 88.404059424996376
leaf_count=260 74 416 387 95 88 187 155 105 713 1354 510 672 422 523 199 41 345 542 94 36 197 254 71 580 773 109 118 41 79 198
internal_value=-0.000388142 -0.00663504 -0.0019525 0.00440637 0.00708578 -0.0210845 0.0132623 -0.00688701 0.00479967 0.00949444 -0.0108489 -0.0340186 -0.00389563 0.0192069 -0.00759514 0.0133497 0.0211334 0.0292231 0.01276 0.0330459 0.00206039 0.000624298 -0.0180689 0.0226384 -0.0155364 0.0139049 -0.00416477 -0.0177597 -0.0232191 -0.00465322
internal_weight=4750.21 2587.5 1954.22 1331.1 2162.7 633.289 742.899 588.204 1973.42 1277.32 532.178 323.298 696.092 558.717 309.991 103.339 529.84 340.429 148.88 95.1833 522.923 281.937 206.652 513.086 623.112 147.561 118.923 80.7982 350.251 272.861
internal_count=9638 5501 4098 2661 4137 1403 1588 1073 3877 2545 978 746 1332 1191 657 228 1172 827 285 191 910 468 429 1103 1437 214 230 159 852 585
cat_boundaries=0 1 2 3 4
cat_threshold=1108 86 2 1079320
is_linear=0
shrinkage=0.05


Tree=31
num_leaves=31
num_cat=2
split_feature=29 94 37 71 3 23 101 13 76 5 50 6 71 32 72 34 22 31 36 72 44 2 28 16 74 58 74 25 14 104
split_gain=95.8363 87.9488 69.2007 67.1817 52.8726 45.7279 39.4058 33.7384 36.4845 51.2496 40.5995 38.1509 30.2315 33.1951 25.1697 44.1384 31.1313 29.0721 23.7944 20.7831 20.6951 20.0148 19.4938 19.3343 34.5066 20.3373 23.9915 18.5097 18.4747 18.4726
threshold=12.000000000000016 1310.7420634920638 2725.0000000000005 52.570000000000007 0 1086.6050000000002 0.88984753231451708 0.95238095238095244 3497.4050000000002 0.42582417582417581 0.071330533957302808 14.000000000000002 81.950000000000003 2545.0000000000005 143.14000000000001 1895.0000000000002 6030.7029478458053 2105.0000000000005 190.00000000000026 179.45000000000002 -23.114999999999892 1 146.17000000000004 0.5634920634920636 2239.1650000000004 0.025551566793001104 3505.2950000000005 4329.5850000000009 0.25657894736842107 0.76946906752340405
decision_type=2 2 2 2 9 2 2 2 2 2 2 2 2 2 2 2 2 2 2 2 2 9 2 2 2 2 2 2 2 2
left_child=1 -1 4 -4 5 29 20 8 9 14 19 -11 -3 -14 15 -6 17 -17 -8 27 -7 -5 -12 24 -15 26 -26 -10 -13 -2
right_child=2 12 3 21 7 6 18 -9 10 11 22 28 13 23 -16 16 -18 -19 -20 -21 -22 -23 -24 -25 25 -27 -28 -29 -30 -31
leaf_value=6.1261801762594841 0.22525086598882355 -1.4549971442256648 -2.1590139332921767 -1.956569283332857 3.1131801101405472 0.99984783245583064 0.4078878886311017 -0.16736784125224188 -0.11030049005559182 4.6298671684466202 0.91746528690739371 0.94664131904588256 0.7781594052953601 9.4764270589780857 -0.35414596463549164 0.22148719496628821 4.1932124521551195 -2.8738005610524748 -1.6698887679593655 9.72162663071372 -0.01383774179352102 0.30877019763132857 0.014299405226662999 -1.6340096424821624 1.3660335136352224 -1.7222504541402472 -1.3739292401507186 -2.6313469760273187 -0.66483203850847028 1.9974591318503674
leaf_weight=47.607960119843483 106.9502387046814 133.83078852295876 199.41392968595028 81.878763481974602 128.38939754664898 114.37529736757278 112.14644247293472 277.24461476504803 271.65029312670231 291.40434882044792 111.13123989105225 56.177465662360191 80.435009807348251 35.609576880931854 112.58654204010963 183.00695362687111 85.1242945343256 37.982033252716064 372.94886936247349 49.926984235644341 1083.6847374886274 268.72749689221382 65.709812000393867 102.48537255823612 48.246620550751686 101.94857607781887 37.522052928805351 64.019913986325264 19.16259990632534 111.45496121048927
leaf_count=95 154 320 542 214 232 195 249 547 538 833 184 131 155 80 182 245 189 71 798 127 1994 479 117 248 95 225 92 174 34 171
internal_value=0.000396703 -0.0185161 0.00303988 -0.0134948 0.00552804 -0.00027561 -0.00307008 0.0117562 0.0148288 0.0209954 0.0048095 0.0354574 -0.0242589 -0.0174692 0.0113007 0.0167599 0.00643925 -0.00345696 -0.0150931 -0.0042879 0.00179805 -0.00031607 0.0246461 -0.0245707 -0.0163196 -0.0248798 -0.00693692 -0.00876472 0.00374162 0.0212476
internal_weight=4792.78 587.686 4205.1 550.02 3655.08 1901.56 1683.16 1753.52 1476.27 913.834 562.438 366.744 540.078 406.247 547.089 434.503 306.113 220.989 485.095 385.597 1198.06 350.606 176.841 325.812 223.327 187.717 85.7687 335.67 75.3401 218.405
internal_count=9710 1310 8400 1235 7165 3561 3236 3604 3057 1917 1140 998 1215 895 919 737 505 316 1047 839 2189 693 301 740 492 412 187 712 165 325
cat_boundaries=0 1 2
cat_threshold=3210 36
is_linear=0
shrinkage=0.05


Tree=32
num_leaves=31
num_cat=8
split_feature=29 25 37 44 22 4 73 25 65 3 34 4 65 72 71 17 3 18 28 105 2 24 74 27 4 69 22 61 65 4
split_gain=113.869 77.9183 72.1233 75.9345 46.0818 40.3712 37.744 29.8321 27.1473 30.9023 77.5772 32.0123 23.9173 23.4423 23.2306 22.9074 22.9256 24.1297 22.3149 26.8759 21.5017 20.4244 19.6433 19.2167 22.111 30.3683 18.553 20.3618 18.2971 25.2952
threshold=12.000000000000016 2123.2300000000005 1195.0000000000002 -21.109999999999669 6870.9750566893426 1.5000000000000002 4090.1700000000005 3307.1050000000005 0 1 1895.0000000000002 1.5000000000000002 2 144.57500000000002 81.950000000000003 0.3539297207670441 3 0.63290879785340959 163.50500000000002 0.7350000000000001 4 174.49500000000003 3046.5400000000004 90.00500000000001 1.5000000000000002 5 5827.5963718820867 6 7 3.5000000000000004
decision_type=2 2 2 2 2 2 2 2 9 9 2 2 9 2 2 2 9 2 2 2 9 2 2 2 2 9 2 1 9 2
left_child=1 -1 8 -4 5 -5 12 -7 15 10 -10 13 -6 -11 -3 18 26 21 -2 -20 -8 -18 -9 24 -16 -26 27 -17 29 -12
right_child=2 14 3 4 6 7 20 22 9 11 28 -13 -14 -15 23 16 17 -19 19 -21 -22 -23 -24 -25 25 -27 -28 -29 -30 -31
leaf_value=4.9758073543467143 0.23137672664495812 -1.3822472870143814 1.0688953595585029 -3.4170750599589157 -0.17561884918149531 1.5198762249361069 -0.18846744128320553 -0.2291016720643036 6.7161883130550697 0.72121264506081639 -0.45409144311237953 4.2412350062180977 0.50903647266386898 -0.88243111895226434 -1.6386787925995721 1.1077174723218335 1.4223162521293724 1.4262046200230458 -0.87394135933018191 0.47747883736780994 -1.8281150699992708 -3.8810339615468084 -2.4487641972617427 -1.4939051144904327 -1.4939051144904327 3.8739981681296052 -0.67967585115013029 0.28724152973713507 -0.96267229671133636 3.8384219168059204
leaf_weight=93.255502671003342 218.86861705780029 112.89355173707008 178.00566078722477 155.24745817482471 651.22573041915894 118.38151636719704 157.04285384714603 76.495273694396019 110.85221864283085 260.00976668298244 67.974318832159042 218.53902055323124 587.5159502774477 53.906103894114494 32.800036400556564 189.14493262767792 46.808389708399773 18.812739506363869 197.13888908922672 30.805183187127113 182.10329711437225 85.624281644821167 129.28717088699341 179.87204077839851 88.563844293355942 76.027675747871399 39.676748603582382 149.62819615006447 207.88231256604195 40.109833255410194
leaf_count=192 401 283 308 392 1257 267 327 187 258 385 95 584 1258 87 85 270 89 38 332 48 429 196 319 412 202 143 59 281 391 110
internal_value=-0.000579946 -0.0212698 0.00231396 -0.00380451 -0.00651526 -0.0200912 -0.00239047 -0.0100501 0.00937914 0.0153019 0.00495211 0.0233541 0.00165584 0.0135635 -0.02924 0.00336969 0.0104377 -0.00607847 -0.00493396 -0.0158832 -0.0171697 -0.0140076 -0.0215546 -0.0232856 -0.0125133 -0.00504294 0.0167561 0.0209875 -0.0075579 0.00892705
internal_weight=4754.5 583.413 4171.09 2235.3 2057.3 479.411 1577.89 324.164 1935.78 959.274 426.819 532.455 1238.74 313.916 490.157 976.508 529.695 151.245 446.813 227.944 339.146 132.433 205.782 377.264 197.392 164.592 378.45 338.773 315.966 108.084
internal_count=9685 1317 8368 4744 4436 1165 3271 773 3624 1910 854 1056 2515 472 1125 1714 933 323 781 380 756 285 506 842 430 345 610 551 596 205
cat_boundaries=0 1 2 3 4 5 6 7 8
cat_threshold=88410 3204 284120 1052 66 68 2 270336
is_linear=0
shrinkage=0.05


Tree=33
num_leaves=31
num_cat=2
split_feature=29 23 50 94 65 4 54 27 4 24 23 101 30 15 65 16 5 76 30 34 22 74 28 33 18 13 43 29 16 104
split_gain=118.785 72.0239 67.1576 58.6379 55.9421 67.4065 55.7157 44.3491 40.1997 38.7116 39.7027 33.3817 33.0204 29.1825 27.4 26.4933 31.5194 33.0882 24.5752 23.9736 23.2451 21.9849 19.491 18.566 16.3505 16.3302 16.1844 15.5542 24.3131 23.7759
threshold=12.000000000000016 2887.6800000000003 0.073454577194188367 1605.4132653061226 0 2.5000000000000004 -31.726280678812557 11.095000000000001 1.5000000000000002 164.715 1086.6050000000002 0.91149562450633137 0.096485690469574864 4.5000000000000009 1 0.55050505050505061 0.56832298136645976 3617.7100000000005 0.5267016239377792 1895.0000000000002 5968.2086167800462 2998.3850000000007 112.37000000000002 145.00000000000003 0.40104166666666674 0.69210526315789489 -48.855000000000238 187.28000000000003 0.70714285714285718 0.68676888333385078
decision_type=2 2 2 2 9 2 2 2 2 2 2 2 2 2 9 2 2 2 2 2 2 2 2 2 2 2 2 2 2 2
left_child=3 4 8 -1 9 6 19 24 -3 -2 -11 12 -12 14 -10 16 25 -18 -9 -6 -21 27 -8 -15 -4 -5 -16 -14 29 -29
right_child=1 2 7 15 5 -7 22 18 13 10 11 -13 21 23 26 -17 17 -19 -20 20 -22 -23 -24 -25 -26 -27 -28 28 -30 -31
leaf_value=4.727016986629379 2.227611881142149 -1.6616921169922678 -2.0397850396360697 -1.7238950563705673 2.9024059015156762 4.0768729243579527 2.139528039914445 1.2151455592337581 0.08384011952012714 0.62920961348755289 -0.50520284151543604 -1.531767747527448 -0.13704405977147119 -0.019123321604936905 -0.60574181897328505 -1.3131349226636617 3.4533928815759753 -1.7555411691305722 0.49099998539740924 0.10717821223340558 4.2527344881899074 0.56619730173605787 -0.59747846465068266 8.1589241524731655 0.096969798652487074 2.8658495115010183 -1.764602161919214 -0.43360248137076385 0.76349343648379553 0.57801426946838175
leaf_weight=75.080454677343369 192.40450145304203 125.41667953133583 64.379006147384644 87.288000956177711 108.40541243553162 214.04199665784836 32.4658562541008 133.5949400216341 336.88654789328575 241.6162990629673 245.50101891160011 304.54099529981613 437.15750093758106 58.823924422264099 142.20113256573677 280.54610687494278 87.799168959259987 45.98093256354332 133.01336307823658 146.23812276124954 39.637021645903587 216.23534394800663 156.59337666630745 41.395812839269638 70.700353011488914 19.351570218801498 490.21419896185398 95.691694751381874 108.88604161143303 93.018409699201584
leaf_count=148 403 346 168 212 219 638 66 205 767 355 457 623 781 101 303 654 167 100 277 247 74 348 247 78 121 42 1168 147 147 138
internal_value=0.000137279 0.00308248 -0.00529597 -0.0207595 0.00816418 0.0202003 0.0101454 0.0123906 -0.0112415 0.00370292 0.00137217 -0.00165574 0.00210608 -0.00810101 -0.0107567 -0.0267131 -0.014533 0.00163061 0.0242163 0.0237521 0.0128535 0.0063264 -0.011034 0.0175846 -0.0109499 -0.0348103 -0.0167542 0.00220223 0.0110194 0.000163501
internal_weight=4825.11 4229.06 1596.63 596.046 2632.43 697.382 483.34 401.688 1194.94 1935.05 1742.65 1501.03 1196.49 1069.52 969.302 520.966 240.42 133.78 266.608 294.281 185.875 950.989 189.059 100.22 135.079 106.64 632.415 734.754 297.596 188.71
internal_count=9747 8424 3534 1323 4890 1491 853 771 2763 3399 2996 2641 2018 2417 2238 1175 521 267 482 540 321 1561 313 179 289 254 1471 1213 432 285
cat_boundaries=0 1 2
cat_threshold=7579 1064352
is_linear=0
shrinkage=0.05


Tree=34
num_leaves=31
num_cat=2
split_feature=29 31 44 42 75 5 3 70 28 49 63 38 15 14 33 15 17 25 28 58 28 74 72 102 34 101 72 17 24 13
split_gain=116.668 70.1741 64.6625 60.4906 34.9932 34.1264 77.2579 42.6936 32.1928 30.2633 29.7405 29.52 28.5721 28.5683 28.3641 28.0874 27.6551 27.2639 24.3659 22.9637 22.1852 20.7546 20.2463 19.0999 18.1583 16.2095 15.9771 26.8984 15.5349 15.1131
threshold=12.000000000000016 2915.0000000000005 -15.805000000000289 1995.0000000000002 2023.5700000000002 0.48913043478260876 0 1 174.69000000000003 0.099566376923972411 1.0000000180025095e-35 3255.0000000000005 0.19090909090909094 0.58333333333333337 360.00000000000017 0.26136363636363641 0.38445015790795045 1478.9150000000002 147.77500000000006 0.025551566793001104 92.52500000000002 3746.9550000000004 143.965 1.0000000180025095e-35 4145.0000000000009 0.88984753231451708 87.075000000000003 0.43186433016164577 220.95000000000002 0.76984126984126988
decision_type=2 2 2 2 2 2 9 9 2 2 2 2 2 2 2 2 2 2 2 2 2 2 2 2 2 2 2 2 2 2
left_child=3 5 -3 -1 -4 8 -7 20 17 13 -11 16 -5 26 23 25 -9 -2 -12 21 -8 28 -19 -10 -15 -16 27 29 -14 -6
right_child=1 2 4 12 9 6 7 11 14 10 18 -13 19 24 15 -17 -18 22 -20 -21 -22 -23 -24 -25 -26 -27 -28 -29 -30 -31
leaf_value=1.9162181764632287 0.9013439994862984 0.86501548557938657 -2.0838372941087515 -1.2474781765304783 -1.8571674409942589 4.5464610065854236 -0.081784343170333784 -1.5829283821260605 0.015682873536063371 -1.8414831560302263 1.5363001621969916 0.14533086423435079 3.2807232374971762 5.9705955746861159 0.57708542340261004 -0.68298249057959026 0.618172878636851 0.45433556561109062 0.041968824352582604 -1.4172604732505805 4.3569951023644924 -2.1142961886926614 -0.40519578579108195 -0.8640256333466958 -1.4407999373272613 -0.36588675803006582 -0.73935655076990092 2.5684420580018656 -1.5759335417851972 -0.84768635360335198
leaf_weight=99.62325482070446 249.92559972405434 136.44003430008888 51.369303688406944 195.93699556589127 286.06709489226341 208.25310225784779 31.838438346982002 89.778485536575317 191.26254639029503 106.41739419102669 103.05681988596916 186.7949096262455 66.52745732665062 64.282163679599762 125.85338312387466 83.503967508673668 23.605296462774277 851.92318475246429 177.41529001295567 156.86275228857994 80.42887806892395 26.702585130929947 191.93909642100334 244.71465109288692 27.462730646133423 33.066874489188194 444.46317827701569 30.441910266876221 36.254702731966972 165.05920389294624
leaf_count=200 368 253 157 466 696 628 79 179 327 250 182 337 122 117 165 135 46 1474 316 348 243 64 374 427 52 51 1037 61 90 420
internal_value=6.9988e-05 0.00298655 -0.00527473 -0.0209074 -0.00835895 0.00806039 0.0182852 0.00502705 0.00484236 -0.00687663 0.00502686 -0.00497612 -0.0282342 -0.0114015 -0.00397956 0.009731 -0.0252673 0.00946816 0.013566 -0.0181672 0.0299928 -0.00258259 0.00591663 -0.0116033 0.0152123 0.0220678 -0.0140383 -0.0203478 0.00762059 -0.0234174
internal_weight=4767.27 4185.36 1592.48 581.908 1456.04 2592.89 620.699 412.446 1972.19 1404.67 386.89 300.179 482.284 1017.78 678.401 242.424 113.384 1293.79 280.472 286.347 112.267 129.485 1043.86 435.977 91.7449 158.92 926.031 481.568 102.782 451.126
internal_count=9664 8374 3541 1290 3288 4833 1512 884 3321 3131 748 562 1090 2383 1105 351 225 2216 498 624 322 276 1848 754 169 216 2214 1177 212 1116
cat_boundaries=0 1 2
cat_threshold=80 96
is_linear=0
shrinkage=0.05


Tree=35
num_leaves=31
num_cat=3
split_feature=3 94 37 4 43 61 71 98 73 16 76 52 26 71 65 6 4 74 89 54 19 23 105 74 4 34 30 76 73 43
split_gain=90.4948 107.319 70.5793 66.402 46.1976 43.6836 39.539 36.4528 57.5609 34.9665 44.2893 34.2581 31.0022 28.3837 27.8768 27.7164 23.4263 23.3989 23.0102 22.7875 22.2937 22.2035 21.7418 21.0638 20.7184 21.6992 19.2495 18.0081 17.4353 16.8177
threshold=0 1591.2652721088436 2725.0000000000005 1.5000000000000002 -80.710000000000022 1 57.315000000000005 2846.031746031746 1127.2500000000002 0.5634920634920636 3885.6300000000006 366.3892176870749 3.9950000000000006 116.75000000000001 2 6.5000000000000009 4.5000000000000009 2516.0300000000002 0.86706827309236967 -35.411154198067102 550.71428571428589 1927.2500000000002 0.7350000000000001 2976.5050000000006 2.5000000000000004 1895.0000000000002 0.77292957030256815 2195.1350000000007 3845.8650000000002 -136.13499999999996
decision_type=9 2 2 2 2 1 2 2 2 2 2 2 2 2 9 2 2 2 2 2 2 2 2 2 2 2 2 2 2 2
left_child=1 -1 4 -4 26 14 -5 8 11 10 16 20 -10 24 19 -16 -3 18 -9 23 22 -11 -7 -6 25 -14 -2 -28 -18 -8
right_child=2 9 3 6 5 7 29 17 12 21 -12 -13 13 -15 15 -17 28 -19 -20 -21 -22 -23 -24 -25 -26 -27 27 -29 -30 -31
leaf_value=6.4444508461876779 0.98688697343134724 -2.6344459843005299 -1.5489022708449143 -1.9835336930883658 1.489989702393794 -0.82082435167936085 3.5964240880091474 0.88907028831497859 -0.6755752775932905 -0.11204793018606055 -1.6549435776108412 1.0484616301817635 1.6775853042503579 -0.10301981542659427 -0.11382960658353057 1.4594851540871419 7.7173354815349882 -1.5411254668679377 -3.0838158988846502 -0.053846133584589499 0.72992490465086002 -1.2976091969346442 0.27310223279221618 -2.3179140775337941 3.2528871753037336 -0.015424601266554561 2.835988139602148 -0.34316423443283561 -0.14933821568124586 0.054610018267427313
leaf_weight=84.412348821759224 501.32329653203487 92.654066726565361 141.61366736888885 129.52674655616283 129.78083798289299 402.06631490588188 32.768733203411102 85.657256588339806 60.556300595402718 37.695815682411194 76.131215795874596 32.862815648317337 86.74049124121666 110.75979493558407 156.10267561674118 430.47113630175591 78.388947829604149 456.53046880662441 24.265025839209557 491.72163569927216 51.52893728017807 277.58729901909828 34.650447249412537 27.707076147198677 165.82170094549656 113.03239317238331 44.495838850736618 110.81631575524807 23.974096208810806 289.82239167392254
leaf_count=194 858 198 380 343 218 701 64 191 132 61 196 40 169 217 299 819 171 1069 55 829 85 656 52 67 483 224 98 258 43 536
internal_value=-0.000310739 -0.0171965 0.00248078 -0.0134587 0.00517879 0.00243304 -0.00410053 -0.00295638 0.00252405 -0.0250402 -0.0118748 -0.00931383 0.0140135 0.0182973 0.00951758 0.0172965 0.000751038 -0.0131927 0.0075172 0.00218906 -0.0126398 -0.0363627 -0.0163098 0.0187752 0.0250152 0.0141709 0.017139 0.00175841 0.0172382 0.00526885
internal_weight=4781.47 670.844 4110.62 593.732 3516.89 2860.26 452.118 1624.47 1058.02 586.431 271.148 521.109 536.911 476.354 1235.78 586.574 195.017 566.453 109.922 649.21 488.246 315.283 436.717 157.488 365.595 199.773 656.635 155.312 102.363 322.591
internal_count=9706 1519 8187 1323 6864 5650 943 3418 2103 1325 608 878 1225 1093 2232 1118 412 1315 246 1114 838 717 753 285 876 393 1214 356 214 600
cat_boundaries=0 1 2 3
cat_threshold=1152 2 524763
is_linear=0
shrinkage=0.05


Tree=36
num_leaves=31
num_cat=3
split_feature=29 42 23 50 65 4 47 4 77 101 25 24 22 58 74 63 65 15 28 71 61 28 28 54 99 44 75 16 4 76
split_gain=115.807 61.2958 59.0024 56.492 47.9685 69.2518 55.9002 38.087 33.3575 28.7202 33.6172 38.6114 35.566 28.1726 26.2444 25.5739 24.6565 34.8922 23.358 22.9712 21.734 21.0924 20.4839 19.2602 19.1506 18.2416 18.0684 17.65 25.3299 22.5046
threshold=12.000000000000016 2035.0000000000002 2887.6800000000003 0.073454577194188367 0 2.5000000000000004 0.42401075773660662 1.5000000000000002 0.71411262827993294 0.5998545163801573 1611.3650000000002 179.10500000000005 5827.5963718820867 0.10605481141007712 2346.6200000000003 1.0000000180025095e-35 1 4.5000000000000009 116.52 85.64500000000001 2 212.19000000000003 166.28500000000003 -21.831512229323035 36.060317460317499 -3.6549999999999723 4283.4300000000012 0.55050505050505061 1.5000000000000002 3617.7100000000005
decision_type=2 2 2 2 9 2 2 2 2 2 2 2 2 2 2 2 9 2 2 2 1 2 2 2 2 2 2 2 2 2
left_child=1 -1 4 7 5 6 13 -4 -5 20 12 -12 21 -2 -13 -10 23 26 -8 -3 22 -11 -6 -9 -14 -16 -18 28 -21 -30
right_child=2 19 3 8 9 -7 18 16 15 10 11 14 24 -15 25 -17 17 -19 -20 27 -22 -23 -24 -25 -26 -27 -28 -29 29 -31
leaf_value=1.6217149040968595 1.6971939062694805 -1.1202238078572222 -1.5150283857601652 1.2797503001640744 0.33073584389819116 3.4087675745322019 1.8834856877268973 0.76984042720482226 -2.2484051907602605 0.68841660620788758 0.65811805999860629 -1.5345404653434855 -1.565052496371508 -0.86292179655539991 1.0489040142647419 0.18103329378302604 -0.9654525865951471 3.1872234389681919 -0.78979683881956364 -1.3503268880464163 0.98910124565972879 -0.059382841174601353 -0.40057166873545075 -1.4154942499488918 1.0345573636403012 -0.33287448572436173 -1.771879345132308 -1.2028090835662426 0.78106881265209227 -1.5399950109193086
leaf_weight=115.9641173183918 194.69259871542454 116.42706052958965 122.02177204191685 174.56469802558422 194.85186478495598 200.55695687234402 43.878069415688515 209.25196446478367 53.790054231882095 307.61807480454445 213.54664593935013 288.90571101009846 46.34550666809082 30.568661957979202 37.727680563926697 165.56000648438931 553.19055379927158 99.662320286035538 130.94036181271076 34.750919863581657 373.90420520305634 58.265267074108124 124.36440017819405 30.782763302326202 28.352142542600632 318.79438988864422 179.6029304265976 185.84359464049339 88.742187216877937 51.802191212773323
leaf_count=233 340 291 338 323 313 612 94 461 137 433 406 614 74 61 53 299 1253 183 209 91 670 83 220 66 59 610 470 425 168 117
internal_value=-0.000798918 -0.0214668 0.00213455 -0.00545419 0.00678273 0.0190452 0.00734173 -0.010869 0.0109658 0.00297603 -0.00139285 -0.00715224 0.00983588 0.0238064 -0.0132499 -0.00201418 -0.00785752 -0.0118459 -0.0138738 -0.0293847 0.0112103 0.0162547 0.00162798 0.0062092 -0.0216048 -0.00417375 -0.0157633 -0.0231583 -0.011777 -0.00232597
internal_weight=4775.27 593.53 4181.74 1588.43 2593.31 600.637 400.08 1194.51 393.915 1992.68 1299.56 858.974 440.581 225.261 645.428 219.35 1072.49 832.456 174.818 477.566 693.12 365.883 319.216 240.035 74.6976 356.522 732.793 361.139 175.295 140.544
internal_count=9706 1325 8381 3530 4851 1316 704 2771 759 3535 2332 1683 649 401 1277 436 2433 1906 303 1092 1203 516 533 527 133 663 1723 801 376 285
cat_boundaries=0 1 2 3
cat_threshold=2039904 14624 4
is_linear=0
shrinkage=0.05


Tree=37
num_leaves=31
num_cat=3
split_feature=29 37 44 42 6 5 37 24 75 69 4 23 5 24 23 31 3 31 89 33 24 27 42 96 30 23 49 3 39 74
split_gain=118.094 56.3772 56.2873 54.5347 35.2324 31.3454 51.5333 37.2317 29.2863 25.7275 25.667 24.4739 26.1297 43.4073 37.6556 37.4618 26.7786 38.9929 23.3711 23.1746 21.988 21.8061 21.7598 21.7056 21.2046 24.9093 20.0576 19.63 19.121 18.6389
threshold=12.000000000000016 1355.0000000000002 -17.204999999999924 2015.0000000000002 7.5000000000000009 0.66025641025641035 2015.0000000000002 212.88000000000002 4564.7650000000003 0 1.5000000000000002 3958.2300000000005 0.36181818181818187 215.67500000000004 2076.7050000000004 2815.0000000000005 1 1885.0000000000002 0.077524038461538464 180.00000000000014 193.50500000000002 91.125000000000014 4165.0000000000009 1898.1859410430845 0.65090470858806748 3137.3900000000003 0.22630321453608385 2 3375.0000000000005 3026.7500000000005
decision_type=2 2 2 2 2 2 2 2 2 9 2 2 2 2 2 2 9 2 2 2 2 2 2 2 2 2 2 9 2 2
left_child=3 11 -3 26 5 6 20 22 -6 10 -5 12 14 15 16 -14 17 -2 -18 -15 24 -12 29 -21 25 -4 -1 -10 -17 -7
right_child=1 2 4 9 8 7 -8 -9 27 -11 21 -13 13 19 -16 28 18 -19 -20 23 -22 -23 -24 -25 -26 -27 -28 -29 -30 -31
leaf_value=4.4178684610908325 3.7026109064877439 0.79811067566014937 0.45524948945093374 -1.2815899943111164 0.17678603809752902 8.1729580792439922 -2.0263788571472148 -1.4175487482937712 0.090407381736953604 -1.0710810994478153 3.0749031340763415 -1.445209888202605 3.979128151679828 1.9335981677422325 -1.6094642428922783 0.025165155797736816 0.51767440866613013 0.090598736883032688 -0.052072966212515587 6.9212199466679127 -1.439276966472157 -1.2320575885576561 -1.5031549731805998 -1.2157746646094096 -0.64835733668577267 -2.4266670604654923 -0.65235703243593479 -1.7700692347558615 3.0658685774262979 0.97600670406537982
leaf_weight=90.005019024014473 135.65591479837894 186.48011581599712 132.68965351581573 35.932779431343079 855.89363744854927 49.928479343652725 191.11526541411877 135.41875573992729 82.233834356069565 299.9949412047863 79.368187308311462 22.283226698637009 211.20185323059559 76.770421385765076 85.525805324316025 130.9709907323122 345.56113262474537 143.69835437834263 587.0015300065279 23.294057384133339 206.04851117730141 58.795455023646355 65.091660618782043 162.6774023771286 42.827306017279625 20.970069080591202 19.981344923377037 137.51422922313213 34.447303891181946 123.96927462518215
leaf_count=189 271 324 223 94 1692 132 538 323 167 712 146 46 645 163 160 233 544 201 913 68 466 133 141 346 83 60 28 313 65 266
internal_value=-0.00107192 0.00186463 -0.00357174 -0.0221342 -0.0059712 -0.0128913 -0.0200365 -0.00156215 0.000256815 -0.0294931 -0.0116833 0.00805328 0.00865271 0.0169257 0.00457588 0.0278073 0.00683871 0.0201238 0.00261526 0.00132789 -0.00988587 -0.00256379 0.0103066 -0.00821292 0.00208093 0.0107525 0.00958572 -0.0160255 0.00998886 0.019537
internal_weight=4773.35 4189.27 2230.18 584.078 2043.7 968.059 593.651 374.408 1075.64 474.091 174.096 1959.09 1936.8 639.362 1297.44 376.62 1211.92 279.354 932.563 262.742 402.536 138.164 238.989 185.971 196.487 153.66 109.986 219.748 165.418 173.898
internal_count=9685 8383 4728 1302 4404 2232 1370 862 2172 1085 373 3655 3609 1520 2089 943 1929 472 1457 577 832 279 539 414 366 283 217 480 298 398
cat_boundaries=0 1 2 3
cat_threshold=160 3108 2052
is_linear=0
shrinkage=0.05


Tree=38
num_leaves=31
num_cat=2
split_feature=29 23 37 71 3 56 34 17 27 61 6 28 29 5 24 44 16 76 26 10 58 6 30 36 45 71 36 26 71 6
split_gain=110.581 57.1211 54.2737 67.7687 46.4241 41.7804 38.2018 36.4688 30.54 31.4613 30.1948 28.1854 29.3711 26.3045 24.9043 24.8187 24.4699 32.7215 22.3356 21.8533 18.515 17.5106 34.5637 20.925 16.8349 16.296 16.2522 18.0588 21.4356 15.6496
threshold=12.000000000000016 1916.6250000000002 2605.0000000000005 52.570000000000007 0 0.98016813621364818 1545.0000000000002 0.27206144063689491 44.215000000000011 1 8.5000000000000018 140.29000000000005 114.48 0.66025641025641035 237.68500000000003 17.274999999999867 0.55050505050505061 2449.5200000000004 135.89500000000001 1.5000000000000002 0.025551566793001104 6.5000000000000009 0.86387850607733763 379.99999999999994 -27.980000000000015 144.59500000000003 379.99999999999994 113.02500000000002 105.09500000000001 5.5000000000000009
decision_type=2 2 2 2 9 2 2 2 2 1 2 2 2 2 2 2 2 2 2 2 2 2 2 2 2 2 2 2 2 2
left_child=1 25 4 -4 5 13 8 -7 9 14 21 -9 -13 29 19 -12 17 -3 -17 -6 -19 22 -8 -24 -11 -1 27 28 -5 -2
right_child=2 16 3 26 6 7 10 11 -10 24 15 12 -14 -15 -16 18 -18 20 -20 -21 -22 -23 23 -25 -26 -27 -28 -29 -30 -31
leaf_value=-0.12677963265828715 -0.50494097574406538 10.366752774818847 -1.7022337315719385 0.37079967999358454 0.17532770491133576 -0.48089011191885178 1.4818663213977132 1.1106390623035935 2.2803067418704117 -0.69646095568290112 0.47386540388746712 -0.48031915411642107 0.29470690831261809 5.3127178281458711 -0.30035629587883367 -1.0066148867779929 -1.0106585624919704 -0.70676155198738122 1.5034561927710988 1.2142309866370185 -1.3456905079880301 -1.4330917124127283 1.0684226618751127 -2.0021434045139159 0.18225375361032051 5.1933854484224753 -1.2048863437767552 2.5131100582576047 -1.6815657730180691 0.73765929050921097
leaf_weight=75.208294555544853 62.01544626057148 30.508749559521675 205.03693921864033 115.89548113942146 90.823217868804932 219.43490172922611 69.63283796608448 329.25513228774071 97.477860763669014 171.06002521514893 231.65478524565697 102.42559967935085 367.58872292935848 169.32223871350288 33.974747359752655 226.18655987083912 252.18479509651661 90.832335948944092 84.264230474829674 147.24979701638222 98.689908087253571 540.66872471570969 47.713958248496056 78.892236322164536 103.32086962461472 31.009734377264977 87.5414729565382 87.866911292076111 59.715706199407578 447.479552552104
leaf_count=129 117 73 559 210 124 448 146 690 193 284 370 183 682 450 46 501 604 189 189 195 224 1182 105 171 151 75 188 173 126 914
internal_value=-0.00116849 -0.0216573 0.00166916 -0.0128747 0.00390293 0.00989675 -0.00143234 0.00355179 0.0084927 0.00389353 -0.00644019 0.00850873 0.000650109 0.0195644 0.0159424 0.00251682 -0.0291093 -0.016924 -0.00672467 0.0216573 -0.0246602 -0.0130294 -0.00023597 -0.015798 -0.00805288 0.011472 0.000465896 0.00666737 -0.00259194 0.0138904
internal_weight=4754.93 578.434 4176.5 556.057 3620.44 1697.52 1922.92 1018.7 643.907 546.429 1279.01 799.269 470.014 678.817 272.048 542.106 472.216 220.031 310.451 238.073 189.522 736.908 196.239 126.606 274.381 106.218 351.02 263.478 175.611 509.495
internal_count=9691 1294 8397 1256 7141 3484 3657 2003 993 800 2664 1555 865 1481 365 1060 1090 486 690 319 413 1604 422 276 435 204 697 509 336 1031
cat_boundaries=0 1 2
cat_threshold=116 2
is_linear=0
shrinkage=0.05


Tree=39
num_leaves=31
num_cat=5
split_feature=34 4 65 3 4 5 13 43 74 23 95 5 3 47 34 75 65 74 89 34 22 22 32 6 38 28 19 101 61 106
split_gain=81.2418 67.0432 63.0072 60.62 58.7289 52.2936 72.3619 42.584 38.7737 36.0792 35.2383 34.433 38.083 33.5704 29.2116 24.9853 23.2725 24.2218 22.3888 20.7383 22.6257 19.7024 28.6289 18.7594 18.5743 17.3288 16.1768 16.0036 17.1452 22.0556
threshold=3015.0000000000005 1.5000000000000002 0 1 2.5000000000000004 0.82971014492753636 0.67543859649122817 -124.86499999999977 3026.7500000000005 1927.2500000000002 1364.4500000000003 0.63961038961038974 2 0.55009990537101716 2725.0000000000005 5594.7900000000009 3 3086.1050000000005 0.86984754376058737 4185.0000000000009 5968.2086167800462 6030.7029478458053 2085.0000000000005 8.5000000000000018 4685.0000000000009 235.48500000000004 242.50000000000006 0.89541384608163399 4 0.51000000000000012
decision_type=2 2 9 9 2 2 2 2 2 2 2 2 9 2 2 2 9 2 2 2 2 2 2 2 2 2 2 2 1 2
left_child=2 -2 5 -3 13 10 -7 26 -6 -8 -1 14 -13 21 25 16 19 18 -18 20 -9 22 -4 -15 -11 27 -5 28 29 -12
right_child=1 3 4 7 8 6 9 15 -10 24 11 12 -14 23 -16 -17 17 -19 -20 -21 -22 -23 -24 -25 -26 -27 -28 -29 -30 -31
leaf_value=2.5630461709457775 -1.1875926991939338 -1.1427780286612632 0.93310904822382601 8.8000422152992552 3.3870118427900766 5.8566429805777975 0.30370455691982629 -1.6022930092874248 0.011808367601430093 -0.96012563436737119 -0.12308856939758002 5.3809901622938181 -0.01489171584078619 -0.67135324688877207 -2.635335156257824 -2.8609504260493424 1.7393609376756132 -0.29919525562554983 -0.46012600530583403 -1.9975708783525861 0.42917121186338253 2.760779440283029 -0.33549604369792618 1.9544756397206986 0.075318152602682181 -0.5998750311383636 0.14297923643630606 -0.7690606529234032 -0.089940672939378893 0.67410426814676616
leaf_weight=92.401887729763985 181.35338042676449 237.31075422465801 189.23640263080597 67.408050268888474 225.82663518190384 42.80706299841404 55.203107744455338 132.23225937783718 75.787146791815758 197.76791678369045 142.06905843317509 97.539511606097221 110.59716910123825 211.32786023616791 74.662892013788223 51.437164708971977 181.90115503966808 449.48647911846638 46.889022752642632 80.77177420258522 123.00986117124557 57.331687241792679 97.752573743462563 24.989639133214951 27.116577282547951 34.865869253873825 78.695319563150406 278.14008255302906 765.35226202011108 328.33754162490368
leaf_count=167 485 573 313 147 672 120 94 311 144 460 219 261 193 350 183 135 403 931 104 214 272 105 186 56 47 60 152 533 1281 504
internal_value=-0.00144891 -0.0104984 0.00326655 -0.00691172 0.0145015 -0.00120414 -0.0198293 -0.00223401 0.0325648 -0.0290828 0.00191541 0.000395535 0.019542 0.00536821 -0.0020592 -0.00572284 -0.0039988 0.00141068 0.0146752 -0.014528 -0.0079727 0.0153283 0.00998247 -0.00914384 -0.0379738 -0.000586577 0.0230618 0.000216048 0.00265496 0.0101672
internal_weight=4759.61 1630.5 3129.11 1449.14 882.252 2246.86 322.895 1211.83 301.614 280.088 1923.97 1831.56 208.137 580.638 1623.43 1065.73 1014.29 678.277 228.79 336.014 255.242 344.321 286.989 236.317 224.884 1548.76 146.103 1513.9 1235.76 470.407
internal_count=9675 3727 5948 3242 1826 4122 721 2669 816 601 3401 3234 454 1010 2780 2370 2235 1438 507 797 583 604 499 406 507 2597 299 2537 2004 723
cat_boundaries=0 1 2 3 4 5
cat_threshold=7579 1032 2372 933984 2
is_linear=0
shrinkage=0.05


Tree=40
num_leaves=31
num_cat=4
split_feature=29 31 42 65 4 76 34 4 3 37 24 27 3 99 71 57 38 18 22 72 29 59 30 47 18 47 98 73 46 65
split_gain=109.16 63.9821 55.3316 45.7995 49.466 43.1352 35.2174 30.2019 50.1096 26.9746 32.955 27.1333 24.9154 25.8809 23.8417 23.0843 24.2891 22.8902 22.7243 30.5475 21.8075 22.2837 20.8494 20.0217 18.215 17.1903 17.0083 16.7167 15.4565 15.4393
threshold=12.000000000000016 3185.0000000000005 1995.0000000000002 0 2.5000000000000004 3251.8700000000003 1895.0000000000002 2.5000000000000004 1 2855.0000000000005 164.715 0.99500000000000011 2 76.661439909296988 81.950000000000003 0.87357613802480027 3285.0000000000005 0.21657408246032467 6870.9750566893426 169.10000000000005 180.13500000000002 0.020094300448054252 0.77312903640377606 0.38753993092490463 0.41259276340614653 0.94390332744819883 2741.2698412698414 1176.5500000000002 0.77430023620034183 3
decision_type=2 2 2 9 2 2 2 2 9 2 2 2 9 2 2 2 2 2 2 2 2 2 2 2 2 2 2 2 2 9
left_child=2 3 -1 9 6 -6 23 12 20 10 27 -12 13 -3 -4 16 -13 -17 -8 -20 21 -9 -18 -5 26 -26 -19 -2 -24 -10
right_child=1 7 14 4 5 -7 18 8 29 -11 11 15 -14 -15 -16 17 22 24 19 -21 -22 -23 28 -25 25 -27 -28 -29 -30 -31
leaf_value=1.4087696495084054 0.26766156293329901 1.1595862248846527 -0.91211935264900323 2.3961315919381865 3.1124434833747303 0.2295456730955813 -0.32808264489018202 -0.22209479975428012 0.072917641352646001 -1.0132135904269575 -0.56657072436084377 -0.084979013915430446 -1.7422046662344162 -1.8261920885465543 -0.97485012691832795 1.5307647119791654 0.56891205852533278 -0.44475838883738494 1.4764239276005497 -0.37474094064185626 1.9474524445797616 0.75918225883979462 -0.97160978167625489 0.87391091375911223 0.14481819123142686 -2.4888610426928626 -1.4215991332321112 3.2807345391654055 0.1004931767182356 -1.4479236482150939
leaf_weight=103.29849304258823 84.711065649986267 71.962003722786903 114.2151050567627 87.568025857210159 200.09509728848934 126.98939715325832 293.63069729506969 396.55574798583984 85.712427005171776 25.396334618330002 292.0741086602211 235.10964354872704 197.13368126749992 28.961627140641212 366.88355384767056 41.982441514730453 355.14871422946453 243.67354343831539 96.19045090675354 33.187215462327003 44.36971977353096 166.55449451506138 26.217828333377838 58.077168464660645 428.50551326572895 41.67964206635952 66.108342185616493 113.35705879330635 31.119046375155449 252.16843171417713
leaf_count=206 167 172 287 172 620 246 479 857 209 71 545 391 488 78 815 76 568 422 189 64 67 296 51 109 773 89 150 260 46 640
internal_value=-0.00148185 0.00138388 -0.0217061 0.00547534 0.0147862 0.0304439 0.00603999 -0.00809543 -0.00371991 0.00119347 0.001863 -0.000311149 -0.0219735 -0.00012631 -0.0288351 0.00245529 0.00951534 -0.00310717 -0.00126129 0.0161974 0.00491687 0.00233859 0.016826 0.0272456 -0.005043 0.00115912 -0.0144565 0.0211999 -0.011151 -0.0188361
internal_weight=4708.64 4124.24 584.397 2880.82 895.738 327.084 568.654 1243.42 945.361 1985.08 1959.69 1761.62 298.057 100.924 481.099 1469.54 647.595 821.949 423.008 129.378 607.48 563.11 412.486 145.645 779.967 470.185 309.782 198.068 57.3369 337.881
internal_count=9603 8295 1308 5488 1879 866 1013 2807 2069 3609 3538 3111 738 250 1102 2566 1056 1510 732 253 1220 1153 665 281 1434 862 572 427 97 849
cat_boundaries=0 1 2 3 4
cat_threshold=7579 2246 272 1060872
is_linear=0
shrinkage=0.05


Tree=41
num_leaves=31
num_cat=7
split_feature=29 23 4 5 4 23 24 50 39 16 74 58 74 72 28 13 44 65 74 86 22 94 3 65 65 39 71 65 61 60
split_gain=104.772 49.7879 53.0205 48.276 78.0778 46.3087 38.3529 35.8995 31.6333 26.3665 44.2507 26.399 28.0123 25.8301 25.5568 24.9118 22.9296 22.7839 20.3772 19.7614 19.5489 23.7801 17.6135 19.5829 17.5304 17.9534 17.4588 17.2183 16.9568 19.4623
threshold=12.000000000000016 2899.8000000000006 1.5000000000000002 0.48913043478260876 4.5000000000000009 1927.2500000000002 222.51000000000002 0.073454577194188367 1695.0000000000002 0.5634920634920636 2239.1650000000004 0.025551566793001104 3505.2950000000005 145.14500000000001 168.62500000000003 0.5277777777777779 104.91499999999998 0 3385.2500000000005 -81.598571975883786 7920.0000000000009 4094.1694671201813 1 2 3 1265.0000000000002 144.59500000000003 4 5 6
decision_type=2 2 2 2 2 2 2 2 2 2 2 2 2 2 2 2 2 9 2 2 2 2 9 9 9 2 2 9 1 1
left_child=5 3 19 13 6 26 -5 18 -6 10 -7 12 -12 14 -2 -9 24 -15 22 -3 -20 27 23 -4 -17 -26 -1 -22 29 -16
right_child=1 2 7 4 8 9 -8 15 -10 -11 11 -13 -14 17 28 16 -18 -19 20 -21 21 -23 -24 -25 25 -27 -28 -29 -30 -31
leaf_value=-0.4157778172614755 0.47647175704656242 2.7503110096322452 -1.1539316205531365 3.3131999748599172 -1.1385011053025538 9.6043254933949314 1.9200424769453477 5.4447928600642719 0.26214342303501464 -0.86651338501655317 0.75054731180196677 -1.3236890720926962 -1.2682217200226036 -1.2440454241727785 0.57840767706434126 -0.23159358647825312 2.0100756492439475 0.0074359821344096135 -1.3530268760090167 -1.3262586033007011 -0.8171945660793043 -1.3815747691051599 6.6478718151259741 0.080297232285697365 -1.8272175967471265 0.37346382945334544 4.761787740219928 1.542021594375278 -0.35855756914010722 -0.19205033023881626
leaf_weight=78.019150629639626 927.54313611984253 12.558669149875639 51.003289878368378 250.03025428950787 113.56223121285439 45.212467640638351 66.109660357236862 60.760137423872948 195.37290638685226 203.94794702529907 64.161583468317986 120.42184509336948 44.369427919387817 115.31461864709854 199.03336884081364 112.15126107633114 43.514966696500778 138.07951863110065 369.03840075433254 147.64700768887997 55.443362027406693 78.032988607883453 89.299610257148743 323.49737471342087 24.672757536172867 111.51034758985043 32.415904507040977 97.839145883917809 394.36268724501133 212.76075068116188
leaf_count=135 1564 32 117 742 245 104 160 132 372 493 119 275 111 219 292 217 71 264 850 401 130 190 195 699 55 187 80 220 702 322
internal_value=-0.00143148 0.00134384 -0.00567166 0.0055791 0.0176984 -0.0211855 0.0351672 -0.00258868 -0.000177719 -0.0279261 -0.017799 -0.0267255 -0.00884145 0.00176676 0.00394615 0.0112381 0.00517414 -0.0131445 -0.00717021 -0.0329357 -0.0132516 -0.00185537 0.000701666 -0.00417611 -0.0006925 0.0110426 0.00799695 0.00958309 -0.00256554 0.00453088
internal_weight=4777.69 4189.14 1576.97 2612.17 625.075 588.548 316.14 1416.76 308.935 478.113 274.165 228.953 108.531 1987.09 1733.7 352.609 291.849 253.394 1064.15 160.206 600.354 231.315 463.8 374.501 248.334 136.183 110.435 153.283 806.157 411.794
internal_count=9695 8378 3496 4882 1519 1317 902 3063 617 1102 609 505 230 3363 2880 662 530 483 2401 433 1390 540 1011 816 459 242 215 350 1316 614
cat_boundaries=0 1 2 3 4 5 6 7
cat_threshold=1248259 3100 35 1051985 475136 2 2
is_linear=0
shrinkage=0.05


Tree=42
num_leaves=31
num_cat=5
split_feature=29 31 94 5 3 24 37 3 4 76 76 95 13 15 28 72 101 4 72 94 101 39 71 76 22 96 65 61 35 61
split_gain=100.673 60.6698 59.8905 49.6321 78.284 40.962 40.0638 33.8056 42.7994 35.029 30.4272 28.8526 27.9005 25.395 22.9983 33.7077 22.4291 22.243 22.0757 21.8513 18.2533 17.5845 17.2308 16.2526 24.4065 34.0875 20.0212 18.2684 18.0604 16.1622
threshold=12.000000000000016 3185.0000000000005 1821.3333333333335 0.48913043478260876 0 224.89500000000001 2725.0000000000005 1 2.5000000000000004 3453.5300000000007 3519.5700000000002 2197.3750000000005 0.43088235294117655 0.19090909090909094 152.95000000000002 98.420000000000016 0.87248307320505802 1.5000000000000002 122.01500000000001 5519.2794897959193 0.86359354486283024 800.00000000000011 103.40500000000002 2195.1350000000007 5921.3378684807258 2072.7891156462588 2 3 2645.0000000000005 4
decision_type=2 2 2 2 9 2 2 9 2 2 2 2 2 2 2 2 2 2 2 2 2 2 2 2 2 2 9 1 2 1
left_child=2 3 22 6 11 10 14 8 18 -9 -6 -5 -10 -4 23 21 -13 -15 -3 29 -7 -16 -1 27 25 -25 28 -2 -26 -14
right_child=1 7 13 4 5 20 -8 9 12 -11 -12 16 19 17 15 -17 -18 -19 -20 -21 -22 -23 -24 24 26 -27 -28 -29 -30 -31
leaf_value=-0.39498892639840194 0.027561300072922637 -2.215439345458873 -0.82318771576572525 6.5064177194015294 3.5690646066124856 -0.6614821510829636 -1.1848883342329088 -0.10150560902695532 6.3154782243696763 -1.4043192465568894 0.44081607642608206 0.081478826960035639 -2.9226537844401976 -0.87666787566556936 -3.2841055929649685 -1.1506268290730504 -1.1263984914221439 -0.97984732369006056 0.0063431995702300853 -2.6391468209587119 1.8443106927992732 0.029668987366931 4.4558377143754315 0.014871618958626166 0.27393239397419505 -3.5481304114304408 0.86700683558461622 2.4708261147792383 -1.2728697394817901 0.27625307110491731
leaf_weight=51.929181143641472 97.37414088845253 56.314682498574257 202.43147891759872 25.350364968180656 314.76494641602039 57.651164680719376 37.770500153303146 302.8331632912159 69.776439338922501 427.89795982837677 147.05280908942223 123.15459647774696 28.151026263833046 52.828533127903938 35.478298962116241 124.81704467535019 137.47332915663719 228.86826992034912 37.290774881839752 22.970892921090126 31.504014536738396 977.47466637194157 43.183400094509125 222.88858838379383 86.082776740193367 56.792896926403046 227.33857323229313 163.8899482935667 54.749340578913689 309.35074560344219
leaf_count=90 155 152 480 69 912 89 106 670 138 1159 280 238 63 137 84 225 290 486 58 49 70 1591 96 380 135 144 389 292 98 543
internal_value=-0.00150236 0.00120702 -0.0210364 0.00515619 0.0154413 0.0261878 0.00102692 -0.00798957 0.00179861 -0.0148283 0.0326532 -0.0059703 0.00849908 -0.0281626 0.0019685 -0.00276904 -0.0111322 -0.018455 -0.0288073 0.0028972 -0.00436514 0.000251953 0.0152364 0.00789759 0.00365214 -0.00748252 0.0121106 0.018425 -0.0031482 0.00610881
internal_weight=4755.43 4176.19 579.241 2921.61 836.951 550.973 2084.66 1254.59 523.855 730.731 461.818 285.978 430.249 484.128 2046.89 1137.77 260.628 281.697 93.6055 360.473 89.1552 1012.95 95.1126 909.116 647.852 279.681 368.171 261.264 140.832 337.502
internal_count=9668 8379 1289 5547 1948 1351 3599 2832 1003 1829 1192 597 793 1103 3493 1900 528 623 210 655 159 1675 186 1593 1146 524 622 447 233 606
cat_boundaries=0 1 2 3 4 5
cat_threshold=3082 68 138497 4 1
is_linear=0
shrinkage=0.05


Tree=43
num_leaves=31
num_cat=3
split_feature=29 42 37 71 65 16 73 42 71 25 71 26 39 4 59 22 56 16 4 76 72 17 65 30 4 98 28 39 2 42
split_gain=114.384 58.0507 52.5002 49.4516 36.4585 27.7154 36.7285 26.8785 25.4841 26.2489 23.4006 22.083 21.538 28.1314 21.7784 25.1917 21.2939 18.0189 25.0081 22.5297 17.4847 17.3069 18.8606 17.2624 17.1765 32.5005 21.8136 16.9814 16.9328 23.8063
threshold=12.000000000000016 1995.0000000000002 2215.0000000000005 52.570000000000007 0 -0.74999999999999989 1393.8250000000003 4185.0000000000009 102.41500000000001 2123.2300000000005 81.950000000000003 65.685000000000016 2785.0000000000005 2.5000000000000004 0.021493873356252902 6030.7029478458053 0.93194326142320372 0.55050505050505061 1.5000000000000002 3617.7100000000005 144.61000000000004 0.21640607161063657 1 0.57873764434289598 2.5000000000000004 2641.4965986394564 111.86500000000004 1003.5050000000002 2 2995.0000000000005
decision_type=2 2 2 2 9 2 2 2 2 2 2 2 2 2 2 2 2 2 2 2 2 2 9 2 2 2 2 2 9 2
left_child=1 -1 4 -4 12 6 20 8 21 11 -3 -10 13 14 15 -2 -11 18 -12 -20 -6 -7 27 -18 26 -26 -24 -23 -5 -30
right_child=2 10 3 28 5 7 -8 -9 9 16 17 -13 -14 -15 -16 -17 23 -19 19 -21 -22 22 24 -25 25 -27 -28 -29 29 -31
leaf_value=1.2996743843351533 -0.78673735926881427 -0.78202832997743887 -1.2136027726164516 0.30297965433078278 1.2807860464036358 3.0852801476632545 5.922028324283751 -1.4237651559961932 -3.3924976295728215 0.18530544474871438 -0.93194806105544936 6.6555549251038775 0.045351205545725297 2.0267881626055302 1.9697978991281631 10.935558220089689 -0.96556900581407923 -0.87514923241715226 0.94825391296463202 -1.2288569115087213 -1.1825867339120708 -2.8812987896818445 1.0226528264370747 -0.51353863816947654 2.7131587560425547 0.15677501729743215 0.019751360905239324 0.003535595354363963 4.0903240082924262 -1.1503248045341636
leaf_weight=103.75602725148201 88.056265383958817 116.31863430142403 264.23529879748821 301.17602305114269 46.654103577136993 39.471745610237122 81.281613990664482 138.26556557416916 24.428594395518303 115.38659007847309 35.153074070811272 33.576388508081436 252.74724826216698 175.25346946716309 67.303534105420113 25.791740030050278 144.97038628160954 188.76079741120338 95.457231223583221 54.497794404625893 26.787693738937378 44.540991559624672 97.405980080366135 222.88269726932049 89.787884712219238 179.23834416270256 567.02379903197289 1005.2564915716648 19.351445108652115 124.42065204679966
leaf_count=207 142 291 701 529 79 82 201 345 53 224 92 90 497 491 124 59 286 429 181 122 42 105 172 508 266 354 955 1701 46 319
internal_value=-0.00149854 -0.022029 0.00142196 -0.0109731 0.00395805 0.00155507 0.0221413 0.000382103 0.00154011 -0.00809641 -0.0292207 0.0236853 0.0149571 0.02312 0.00930326 -0.00402637 -0.0119113 -0.0231272 -0.0120426 -0.00314449 -0.00348687 0.00411867 0.00346619 -0.0177896 0.00858653 0.0193375 0.00436269 -0.00115745 -0.000798406 -0.0143397
internal_weight=4769.24 593.944 4175.29 709.183 3466.11 2856.96 154.723 2702.24 2563.97 541.245 490.188 58.005 609.152 356.405 181.152 113.848 483.24 373.869 185.108 149.955 73.4418 2022.73 1983.25 367.853 933.456 269.026 664.43 1049.8 444.948 143.772
internal_count=9693 1322 8371 1595 6776 5463 322 5141 4796 1161 1115 143 1313 816 325 201 1018 824 395 303 121 3635 3553 794 1747 620 1127 1806 894 365
cat_boundaries=0 1 2 3
cat_threshold=1449984 2331 18
is_linear=0
shrinkage=0.05


Tree=44
num_leaves=31
num_cat=4
split_feature=29 31 42 5 3 13 19 37 71 50 61 28 39 25 27 64 76 72 47 22 17 46 73 29 15 103 65 75 72 5
split_gain=117.283 66.8837 56.5119 46.7767 70.9338 32.3171 36.6531 29.5037 25.8062 25.7506 23.9938 26.513 26.3207 23.9411 23.4641 23.4014 22.3376 27.7549 22.3326 19.4172 18.6289 19.8091 18.3543 17.9783 17.8943 19.9018 16.7088 15.9395 19.5001 15.8911
threshold=12.000000000000016 3185.0000000000005 1995.0000000000002 0.48913043478260876 0 0.76984126984126988 322.91666666666669 2725.0000000000005 81.950000000000003 0.073454577194188367 1 175.27500000000003 965.00000000000011 2178.8250000000003 11.095000000000001 2 3575.8050000000007 113.34500000000001 0.050370596593649113 5968.2086167800462 0.21640607161063657 0.55941652627942973 2037.2500000000002 140.91500000000002 0.19090909090909094 0.24404761904761904 3 3487.5300000000007 105.43500000000002 0.29705882352941176
decision_type=2 2 2 2 9 2 2 2 2 2 1 2 2 2 2 9 2 2 2 2 2 2 2 2 2 2 9 2 2 2
left_child=2 3 -1 7 13 6 -6 10 -4 16 12 20 -2 -5 -11 -15 26 -18 -14 -19 -12 -22 -7 -8 25 -13 -3 28 -10 -28
right_child=1 9 8 4 5 22 23 -9 27 14 11 24 18 15 -16 -17 17 19 -20 -21 21 -23 -24 -25 -26 -27 29 -29 -30 -31
leaf_value=1.2346906651183958 -3.1208878813619823 -1.4862729265457775 -0.7429269134785671 6.0412547832297205 2.6949127465066427 -1.2821920720725446 0.022601731873861299 -1.1420974258464327 -0.70219330681073877 -0.70741754528530554 5.4569515329877429 0.1163640152847762 1.4016177649787331 -1.0495796818109653 0.44594210897756109 0.021848063099059092 -1.3035054571450986 -1.797810442885249 0.22561043737226072 0.10575035801796986 0.89479680887701607 -0.033609183261764743 0.63824061683662459 4.4131700279458057 -1.5001412313088132 -1.8229482427252528 11.102310280507584 -0.95417886484417247 0.34766588311412383 -0.040675370809489131
leaf_weight=102.22528500854969 38.851164698600769 121.00666235387325 118.20142275094986 28.292435467243195 251.7082883566618 42.837455838918686 101.99711851775646 39.988534525036812 95.612495064735413 109.1336967498064 35.993136703968048 142.33554482460022 132.35577647387981 78.807566404342651 238.13811849057674 193.88314068317413 285.17873574793339 78.651805743575096 648.68084359169006 180.90239445865154 98.681705847382545 758.08269131183624 84.642336621880531 51.205784544348717 161.56272120773792 52.549606084823608 31.648258179426193 177.97343960404396 94.959366291761398 224.96924285590649
leaf_count=205 88 251 297 78 750 75 212 112 209 242 80 241 216 177 423 385 755 195 992 418 191 1288 164 113 306 108 76 428 177 498
internal_value=-0.00132258 0.00159967 -0.0222214 0.00573839 0.0157674 0.0264616 0.0338708 0.00177558 -0.0293191 -0.00799209 0.0025977 -0.00176434 0.00924384 -0.00389876 0.00361278 -0.00857054 -0.0123614 -0.0188399 0.0112419 -0.00700968 0.00283837 0.00135798 0.00500386 0.0145884 -0.0132923 -0.00309202 -0.00301592 -0.0227991 -0.0127504 0.00433533
internal_weight=4801.06 4212.08 588.972 2942.46 833.374 532.391 404.911 2109.08 486.747 1269.63 2069.09 1249.21 819.888 300.983 347.272 272.691 922.357 544.733 781.037 259.554 892.758 856.764 127.48 153.203 356.448 194.885 377.624 368.545 190.572 256.618
internal_count=9750 8434 1316 5576 1954 1314 1075 3622 1111 2858 3510 2214 1296 640 665 562 2193 1368 1208 613 1559 1479 239 325 655 349 825 814 386 574
cat_boundaries=0 1 2 3 4
cat_threshold=3210 2 8 803938
is_linear=0
shrinkage=0.05


Tree=45
num_leaves=31
num_cat=3
split_feature=29 25 42 65 4 82 59 3 65 71 26 101 25 24 5 74 78 102 47 58 24 94 5 104 46 4 45 35 71 34
split_gain=112.019 62.8711 54.6066 44.7624 51.9236 45.2121 41.0048 33.3255 26.8807 25.2396 24.4026 23.2655 31.8838 31.1705 23.9381 23.2482 21.8855 21.6568 19.7846 19.6754 21.5163 18.2762 22.2084 16.9613 21.8791 16.9385 19.8802 16.3591 16.1635 18.8554
threshold=12.000000000000016 3377.9200000000005 1995.0000000000002 0 2.5000000000000004 2291.4430000000007 0.025292744540564103 1 2 81.950000000000003 122.97000000000001 0.60457243502894498 1611.3650000000002 179.10500000000005 0.65301003344481623 2346.6200000000003 1.0000000180025095e-35 0.097619047619047619 0.6084014282397755 0.025551566793001104 166.33000000000001 1777.1500000000003 0.19139194139194138 0.99037237885533258 0.80699599631981089 2.5000000000000004 -3.1700000000000723 3415.0000000000005 103.84500000000001 1295.0000000000002
decision_type=2 2 2 9 2 2 2 9 9 2 2 2 2 2 2 2 2 2 2 2 2 2 2 2 2 2 2 2 2 2
left_child=2 3 28 4 6 -6 21 10 -9 -4 25 14 16 -14 17 -15 -13 -5 -12 20 -11 22 -2 24 -18 26 -3 -22 29 -1
right_child=1 7 9 11 5 -7 -8 8 -10 19 18 12 13 15 -16 -17 23 -19 -20 -21 27 -23 -24 -25 -26 -27 -28 -29 -30 -31
leaf_value=1.0504231745860779 -0.064649584882267061 -1.7055064384595555 -0.70578056780463927 0.43774930184225058 2.2973287671302898 0.16908562410066885 1.8327490820097063 0.29046299270496262 -1.0491966603594463 1.0411166485104251 2.2610768254331854 5.358630879588282 0.36009257757513924 -1.2227063951274588 4.7400739765616011 -0.193707696206981 -0.14089063463572701 -0.077885478794362237 -0.36670297737356461 -0.88042562139997793 -0.021550297264322185 -0.31582753541595388 7.480650427094611 -1.4575764151466819 0.42755652394876908 0.068585097188177721 0.45709193741967202 -0.88042562139997793 4.1063275761839817 -7.4394399884928681
leaf_weight=37.334946632385254 47.709437623620033 79.081908524036407 115.87200580537319 355.69532696902752 203.43684563040733 90.81589375436306 116.08941045403481 171.88784795999527 587.12832236289978 61.791619181632996 110.8387870490551 30.002574056386948 244.34824697673321 282.97409079968929 97.391130343079567 386.5286889821291 145.30764558911324 286.22899013757706 28.691351056098938 220.68227995932102 42.254825502634048 253.72585499286652 33.126004204154015 33.249336361885071 233.15584178268909 333.59293204545975 35.311533272266388 51.252490743994713 38.864946946501732 23.108246386051178
leaf_count=69 66 177 290 586 610 173 214 423 1470 119 211 71 485 614 251 740 222 446 53 491 85 426 89 49 306 637 61 134 90 40
internal_value=-0.00167684 0.00120024 -0.022051 0.00541959 0.0158543 0.0324038 0.00540018 -0.00769819 -0.0145162 -0.0288793 0.00133446 0.00162573 -0.00225786 -0.0075891 0.00876846 -0.0131678 0.00877178 0.00526402 0.0196162 -0.0225915 -0.00895672 -0.00348418 0.0172199 0.00576737 0.0087754 -0.00432979 -0.0209326 -0.0240858 0.0117683 -0.0044069
internal_weight=4777.48 4186.32 591.161 2839.79 744.903 294.253 450.651 1346.53 759.016 491.853 587.517 2094.88 1355.57 913.851 739.315 669.503 441.715 641.924 139.53 375.981 155.299 334.561 80.8354 411.713 378.463 447.986 114.393 93.5073 99.3081 60.4432
internal_count=9698 8380 1318 5348 1578 783 795 3032 1893 1119 1139 3770 2487 1839 1283 1354 648 1032 264 829 338 581 155 577 528 875 238 219 199 109
cat_boundaries=0 1 2 3
cat_threshold=2039904 324 1061024
is_linear=0
shrinkage=0.05


Tree=46
num_leaves=31
num_cat=2
split_feature=29 31 42 5 4 4 14 13 72 28 33 6 35 73 13 102 69 4 27 38 39 94 28 49 3 10 44 7 49 34
split_gain=99.5751 56.2048 55.9237 48.7319 81.4086 36.2208 41.4302 29.3867 24.4011 24.5083 23.7717 23.0652 29.6037 22.9434 21.9148 21.6007 20.7564 24.0963 23.8523 20.71 20.1031 17.1058 15.8036 14.5103 19.3484 16.6876 15.7998 13.8438 13.7358 13.3155
threshold=12.000000000000016 2645.0000000000005 2035.0000000000002 0.48913043478260876 4.5000000000000009 1.5000000000000002 0.58333333333333337 0.95238095238095244 106.88500000000001 144.13500000000005 59.999999999999893 8.5000000000000018 3655.0000000000005 5228.1650000000009 0.47500000000000003 0.70714285714285718 0 1.5000000000000002 91.125000000000014 3255.0000000000005 800.00000000000011 1950.7571088435377 235.48500000000004 0.057429598854854554 1 3.5000000000000004 124.18499999999996 1.0000000180025095e-35 0.055487712976447161 1895.0000000000002
decision_type=2 2 2 2 2 2 2 2 2 2 2 2 2 2 2 2 9 2 2 2 2 2 2 2 9 2 2 2 2 2
left_child=2 3 27 8 7 11 13 -5 14 -10 -8 -3 -13 15 -2 23 17 -4 -19 21 29 -6 -22 25 26 -7 -25 -1 -9 -16
right_child=1 5 16 4 19 6 10 28 9 -11 -12 12 -14 -15 20 -17 -18 18 -20 -21 22 -23 -24 24 -26 -27 -28 -29 -30 -31
leaf_value=5.6366487194328885 1.9233061518469339 -1.2734622982737165 -0.79375835313765331 2.4999588630928189 0.67800784219106314 -0.55644360623298328 -0.55501198804821006 5.7095362399294061 -0.010315797299145731 -1.4942344727578551 6.233574468654993 1.9604499940775151 -1.2452715519643449 -1.6795558753155249 0.99268181031473723 -1.0152129284659339 -0.67049153941440665 2.4565614566876657 -0.82826569197931554 0.32567102473542098 0.1480487476271449 -0.96746186777174614 -0.37787074324322278 0.10756247285580622 -1.3934593197109948 3.22338980489595 1.7530332160443252 0.32352388766581869 -1.2427203700341563 -3.0953526832046707
leaf_weight=23.817878693342209 73.224747210741043 111.15625168383121 34.785870790481567 235.88498292863369 27.313755571842194 623.21330326795578 35.792168915271759 22.454933926463127 248.32906284928322 110.52743953466415 99.61842206120491 26.526535540819168 54.183218613266945 81.033902391791344 21.186853915452957 209.54481081664562 301.58612859249115 77.839479878544807 56.155121669173241 145.43468995392323 1365.3143545389175 54.678549572825432 33.920839875936508 432.26145373284817 66.336080476641655 38.699847012758255 36.576807230710983 88.196739971637726 18.769767642021179 35.452368527650833
leaf_count=57 118 318 91 728 51 1492 69 57 457 202 201 56 135 202 41 494 715 142 130 284 2217 125 57 749 152 65 66 172 28 82
internal_value=-0.00197785 0.000704291 -0.021355 0.00573761 0.0195415 -0.00593072 -0.00350218 0.0377366 0.00204867 -0.00968506 0.0229758 -0.0264749 -0.00613004 -0.00591226 0.00480239 -0.00442191 -0.0289161 -0.0121984 -0.00329522 -0.00262841 0.00345998 -0.0227233 0.00464207 -0.00182958 0.00429249 -0.00677944 0.00787842 0.0103951 -0.00121195 -0.025743
internal_weight=4789.82 4207.44 582.381 2392.49 504.537 1814.94 1623.08 277.11 1887.96 358.857 135.411 191.866 80.7098 1487.67 1529.1 1406.63 470.367 168.78 133.995 227.427 1455.87 81.9923 1399.24 1197.09 535.174 661.913 468.838 112.015 41.2247 56.6392
internal_count=9753 8446 1307 4447 1273 3999 3490 813 3174 659 270 509 191 3220 2515 3018 1078 363 272 460 2397 176 2274 2524 967 1557 815 229 85 123
cat_boundaries=0 1 2
cat_threshold=160 2070
is_linear=0
shrinkage=0.05


Tree=47
num_leaves=31
num_cat=4
split_feature=29 94 31 65 4 34 76 13 72 61 71 101 15 22 37 54 36 3 30 72 76 65 4 89 14 45 54 71 35 32
split_gain=104.576 56.1232 52.1594 33.0816 46.0459 31.6762 26.2073 22.7746 42.0162 34.1391 32.1884 25.0712 22.0121 21.542 21.5349 21.6352 20.9998 20.8303 20.0078 23.7968 19.9168 19.5644 19.1078 18.8364 18.4341 17.6224 17.2627 16.6836 17.93 16.6707
threshold=12.000000000000016 1870.7328117913835 3615.0000000000005 0 2.5000000000000004 1895.0000000000002 3251.8700000000003 0.13392857142857142 96.690000000000012 1 133.83500000000004 0.76826827333343795 0.19090909090909094 6870.9750566893426 2605.0000000000005 -47.53550476359802 235.00000000000003 2 0.24719724629142106 179.45000000000002 3885.6300000000006 3 1.5000000000000002 0.56736587333602262 0.19090909090909094 -38.014999999999866 -46.321689637534568 103.40500000000002 1655.0000000000002 2155.0000000000005
decision_type=2 2 2 9 2 2 2 2 2 1 2 2 2 2 2 2 2 9 2 2 2 9 2 2 2 2 2 2 2 2
left_child=1 27 3 4 5 -2 -6 8 -5 14 -10 26 -3 29 15 -9 -12 18 19 -4 -19 -17 -14 -20 -13 -22 -11 28 -1 -7
right_child=2 12 17 7 6 13 -8 9 10 11 16 24 22 -15 -16 21 -18 20 23 -21 25 -23 -24 -25 -26 -27 -28 -29 -30 -31
leaf_value=0.86233533615274993 1.7337091905278634 -0.63696696244368667 -1.5783095116422325 4.9513285496832813 2.059900374272162 -0.09514084362310414 0.43474552484041384 1.8147334018440802 -0.45380328245060753 0.10909610498407646 5.142677879044812 -0.91810560992063162 -0.66741821476210106 0.46205952086033764 -0.67714279158096113 0.51329191898843196 -0.611874631123559 -0.34990065763271688 0.48632518273878989 0.66980861875043096 -1.3509323178091464 -0.0085690761789592781 -0.8016680036624465 -0.46683412962520454 0.065156802288496615 -0.57276523042103944 -0.14046002050679682 3.6338524705311559 -4.5775139830047973 -1.8914372351246316
leaf_weight=32.340335622429848 105.3476939201355 195.90716750919819 123.11532117426395 84.02882419526577 150.21696545183659 103.67967148125172 81.156794756650925 129.4921987503767 117.38725659251213 433.26176643371582 58.780272126197815 502.56397178769112 51.390685260295868 73.968520477414131 45.543012410402298 248.93604122102261 42.56616535782814 265.65272615849972 175.08319999277592 39.917630761861801 180.0433586537838 496.48608991503716 224.05133874714375 37.56636244058609 107.718775421381 127.13288208842278 385.66508106887341 51.425862058997154 22.808867990970612 68.826830506324768
leaf_count=55 203 468 323 200 448 141 162 239 227 794 145 1085 132 147 113 424 96 588 274 86 522 800 482 68 215 293 664 114 42 133
internal_value=-0.00190371 -0.0218405 0.000850007 0.00387257 0.0145459 0.00340192 0.0321199 0.00146543 0.014378 -0.000192152 0.00283324 -0.00502883 -0.0292495 -0.00640653 0.00731784 0.00906273 0.023476 -0.00946077 -0.00010086 -0.0132817 -0.01533 0.00578564 -0.020137 0.00999978 -0.0127001 -0.0242678 0.00068797 0.0109275 -0.00817581 -0.0160859
internal_weight=4762.06 577.924 4184.14 3235.63 583.196 351.823 231.374 2652.43 302.763 2349.67 218.734 1429.21 471.349 246.475 920.457 874.914 101.346 948.511 375.683 163.033 572.829 745.422 275.442 212.65 610.283 307.176 818.927 106.575 55.1492 172.507
internal_count=9683 1293 8390 6236 1234 624 610 5002 668 4334 468 2758 1082 421 1576 1463 241 2154 751 409 1403 1224 614 342 1300 815 1458 211 97 274
cat_boundaries=0 1 2 3 4
cat_threshold=925728 2 262 1135680
is_linear=0
shrinkage=0.05


Tree=48
num_leaves=31
num_cat=1
split_feature=29 37 42 65 71 7 82 13 26 71 71 5 23 5 17 71 72 16 28 43 26 71 4 101 75 72 24 72 5 51
split_gain=102.155 49.6685 47.4142 37.0292 32.8086 32.6303 30.6257 25.8532 25.8588 25.1403 21.6191 20.2482 27.0869 19.4304 22.4798 17.5275 17.3701 17.8773 17.1121 16.8219 30.2409 21.8661 16.5719 16.3543 16.1166 25.0587 16.8608 15.8739 15.5628 25.8678
threshold=12.000000000000016 2245.0000000000005 1995.0000000000002 0 52.570000000000007 4.5000000000000009 1374.3120000000001 0.13392857142857142 136.77000000000001 81.950000000000003 105.09500000000001 0.66025641025641035 1352.4050000000002 0.88348416289592768 0.38445015790795045 144.59500000000003 118.795 0.12916666666666668 116.52 -51.259999999999984 149.05000000000004 112.09000000000002 3.5000000000000004 0.40433616833514441 3436.8250000000003 105.43500000000002 159.33500000000004 8.5150000000000023 0.7947368421052633 0.43640254294626551
decision_type=2 2 2 9 2 2 2 2 2 2 2 2 2 2 2 2 2 2 2 2 2 2 2 2 2 2 2 2 2 2
left_child=2 3 15 5 22 18 -7 8 -5 -4 27 12 -10 19 -15 -1 -12 -18 -2 20 -9 -21 -3 -20 25 -11 -26 -6 29 -27
right_child=1 4 9 7 10 6 -8 13 11 24 16 -13 -14 14 -16 -17 17 -19 23 21 -22 -23 -24 -25 26 28 -28 -29 -30 -31
leaf_value=-0.43552862112189961 0.88087150709652495 -1.1570620295332106 -0.60511861432150205 4.3652805289406755 5.7134509982314166 1.7047152481525374 0.52672495092137328 0.67731048316518805 5.0039609353928585 -0.59749894012312843 -1.0607546094432478 3.9979013994307224 -1.0387192235372027 -0.88858092361576557 1.0612332185730196 4.0020143279310663 -0.7504065486303404 0.55878838441959766 0.46309351289437117 -0.011623573407594635 -0.29065889269577222 -0.57207633183049289 -0.39196272646357644 -0.73879054857780035 -0.72069952474266474 0.80547354828492468 -0.84479632918894509 0.18268045512840703 5.0452299088360819 -1.6323643061197985
leaf_weight=72.84677729010582 80.22204564511776 182.46747808158398 110.75776591897011 77.311335653066635 40.245188266038895 161.0801324993372 523.58015103638172 392.96513220667839 20.203767448663712 97.661305531859398 122.41715143620968 68.985983952879906 85.800548806786537 110.968949213624 38.11367504298687 31.996758833527565 37.931974425911903 60.914598315954208 24.135836750268936 1424.1913321614265 127.54924632608891 182.26388277113438 69.359141498804092 201.34401328861713 71.445931479334831 26.622630059719086 111.3579910248518 164.25714831054211 25.61351016163826 39.846843227744102
leaf_count=129 164 517 278 175 91 435 1100 643 44 211 263 165 162 245 75 81 91 101 52 2580 247 388 159 386 155 39 283 308 50 83
internal_value=-0.00170451 0.00103072 -0.0212197 0.00341781 -0.0113654 0.0115561 0.0177372 0.000183602 0.0153702 -0.0278318 -0.00290391 0.00473048 -0.00899018 -0.00149903 -0.0189487 0.0092607 -0.0137356 0.00185474 -0.00190952 -0.000275956 0.00753574 -0.00280706 -0.0256712 -0.00896564 -0.0216139 -0.0114063 -0.0322091 0.0088156 0.00730639 -0.00545353
internal_weight=4784.46 4196.31 588.15 3518.72 677.593 990.362 684.66 2528.35 252.302 483.306 425.766 174.99 106.004 2276.05 149.083 104.844 221.264 98.8466 305.702 2126.97 520.514 1606.46 251.827 225.48 372.548 189.744 182.804 204.502 92.083 66.4695
internal_count=9700 8391 1309 6861 1530 2137 1535 4724 546 1099 854 371 206 4178 320 210 455 192 602 3858 890 2968 676 438 821 383 438 399 172 122
cat_boundaries=0 1
cat_threshold=1978400
is_linear=0
shrinkage=0.05


Tree=49
num_leaves=31
num_cat=4
split_feature=29 31 37 22 4 34 65 17 71 26 5 97 72 34 31 13 57 65 7 34 75 74 17 13 23 61 74 72 61 72
split_gain=99.6463 51.9277 44.5319 45.8407 63.6732 27.9441 26.7424 26.4838 25.8793 25.4145 29.9166 31.3228 34.1834 25.1839 24.3499 23.685 21.5601 25.9251 24.7228 21.3019 20.7991 20.5156 18.6092 17.6194 23.58 19.0915 16.7954 19.7848 16.7329 16.5635
threshold=12.000000000000016 2015.0000000000002 1195.0000000000002 6870.9750566893426 2.5000000000000004 4195.0000000000009 0 0.36052993754997514 81.950000000000003 143.965 0.36602870813397131 2172.5623582766443 143.965 1635.0000000000002 2775.0000000000005 0.95238095238095244 0.12331013226922387 1 1.5000000000000002 2815.0000000000005 3834.2350000000006 3327.9100000000003 0.37582872662710348 0.21111111111111114 2526.9950000000003 2 3505.2950000000005 105.43500000000002 3 144.57500000000002
decision_type=2 2 2 2 2 2 9 2 2 2 2 2 2 2 2 2 2 9 2 2 2 2 2 2 2 1 2 2 1 2
left_child=1 -1 6 4 -4 16 7 -2 -3 10 11 12 -8 -11 15 -12 -5 23 -19 -15 21 -6 -7 -18 25 -25 27 -10 -16 -21
right_child=2 8 3 5 20 22 9 -9 26 13 14 -13 -14 19 28 -17 17 18 -20 29 -22 -23 -24 24 -26 -27 -28 -29 -30 -31
leaf_value=2.2655421233337592 -0.21641412016903205 -0.57486268360542714 -1.8339927857801783 0.68137718450304696 3.0609541137782017 -0.78682466904109427 0.58459058414861043 0.34975123752905724 -0.57598646529704356 3.9939175485115159 1.9313410324857259 -0.61639518226293755 -1.2365753240566144 -0.87183512772220273 -0.86931394648202986 -1.0984585035863668 1.0512059298049359 -0.39920437959110161 0.62676667303248801 4.3009229844895138 -1.4255315535164059 -1.0696616202316649 1.7163850925309523 1.8948813299967284 -0.49430825924316935 -0.040310514119139287 -0.8249503761393584 0.15520840646738901 1.4732465479052579 -1.8233440979108169
leaf_weight=104.96485295891762 458.6441513299942 116.01690578460693 296.31667444109917 125.09667563438416 105.01801720261574 369.26594160497189 332.72330629825592 558.51811155676842 177.1854691952467 44.905776172876358 190.82775117456913 32.23428238928318 41.980513423681259 105.4322659522295 42.81196466088295 19.250376552343369 63.34339813888073 51.318029776215553 439.14174754917622 29.470475047826767 39.008188456296921 58.463419437408447 31.633108496665955 54.846378356218338 370.2908651381731 255.22335247695446 92.487578332424164 102.55676856637001 54.778548702597618 18.7994294911623
leaf_count=215 784 293 709 235 262 846 546 948 388 99 589 54 67 210 85 35 131 104 922 54 96 137 75 98 770 397 229 206 92 57
internal_value=-0.00214533 -0.0213249 0.000570502 -0.00419489 -0.0175747 -0.000403222 0.00614706 0.000502431 -0.028184 0.0122941 0.016826 0.00793054 0.0119992 -0.00339323 0.0285916 0.0381788 0.00301819 0.00101334 0.00982059 -0.013017 0.00403549 0.0118632 -0.0120036 -0.00486157 -0.0072752 0.00289698 -0.0217574 -0.0156505 0.00795382 0.0144929
internal_weight=4782.55 593.212 4189.34 2258.97 498.806 1760.16 1930.38 1017.16 488.247 913.215 714.607 406.938 374.704 198.608 307.669 210.078 1359.26 1234.16 490.46 153.702 202.49 163.481 400.899 743.704 680.361 310.07 372.23 279.742 97.5905 48.2699
internal_count=9733 1331 8402 4782 1204 3578 3620 1732 1116 1888 1468 667 613 420 801 624 2657 2422 1026 321 495 399 921 1396 1265 495 823 594 177 111
cat_boundaries=0 1 2 3 4
cat_threshold=84442 1529 1 4
is_linear=0
shrinkage=0.05


Tree=50
num_leaves=31
num_cat=4
split_feature=29 95 34 65 4 34 76 3 4 6 24 71 65 71 50 75 6 17 30 57 18 17 13 74 16 4 73 96 29 64
split_gain=98.0581 46.9245 45.0887 35.1195 47.9357 38.9341 35.2815 28.7945 29.8809 32.043 27.5044 27.2278 25.7502 24.0806 22.9879 21.8549 21.6508 19.6403 18.9504 17.8771 27.3349 20.7023 17.3817 16.3579 26.5225 24.6197 16.229 23.188 15.5336 15.1764
threshold=12.000000000000016 2158.2750000000005 3185.0000000000005 0 2.5000000000000004 1895.0000000000002 3251.8700000000003 1 2.5000000000000004 6.5000000000000009 164.715 81.950000000000003 2 73.930000000000021 -0.11151243860044228 5594.7900000000009 1.5000000000000002 0.39899860644440438 0.47180126686701945 0.45346868351532921 0.43792711652219313 0.2907414928018503 0.39565217391304358 3505.2950000000005 0.5634920634920636 1.5000000000000002 1176.5500000000002 1539.0022675736964 195.65500000000003 3
decision_type=2 2 2 9 2 2 2 9 2 2 2 2 9 2 2 2 2 2 2 2 2 2 2 2 2 2 2 2 2 9
left_child=1 13 3 4 5 -2 -6 8 9 -4 26 -3 -9 18 -7 22 -12 -14 -1 20 21 -18 -10 24 25 -13 27 -5 -16 -21
right_child=2 11 7 10 6 14 -8 12 15 -11 16 23 17 -15 28 -17 19 -19 -20 29 -22 -23 -24 -25 -26 -27 -28 -29 -30 -31
leaf_value=0.96964133683165132 1.3911871612045403 -0.5461195494251555 0.048854091873238747 2.4885323130281436 1.9170572072700027 2.7193152722622504 0.23627332608144302 0.42175894844162304 4.8791819921948711 -1.8103485318541219 4.4757910098453708 -0.72458822810936574 -0.99695171760737944 3.2602173991481638 -0.46160529691677699 -2.5427259547025187 0.38263704156200551 0.18039861806119717 -3.7771385607436394 -0.74815814067768549 2.1450472448224907 -0.29361350993743651 0.10682445133161736 -0.78370285733239065 -0.6345707722261551 0.43467178004616208 1.8889601853733091 -1.1046596687763597 0.56660142413459347 -0.038871241976820153
leaf_weight=29.640769690275192 117.37100811302662 109.22451521456242 73.467511534690857 51.4620481133461 172.04976573586464 28.849229454994202 91.1373281031847 122.91882245242596 69.087033778429031 54.123890310525894 22.797205448150635 22.618060767650604 425.49050168693066 42.961516812443733 217.61525824666023 24.654410630464554 123.81076285243034 83.896074503660202 26.248537331819534 145.96351492404938 94.22461698949337 257.76394937932491 404.45401386916637 91.897458285093307 123.14914321899414 138.79865051805973 143.06482477486134 49.427805483341217 25.902310788631439 1397.3165769129992
leaf_count=56 229 275 134 91 537 54 183 316 141 164 55 59 1085 99 366 63 192 189 44 291 166 476 758 228 279 265 321 110 39 2436
internal_value=-0.00168237 -0.0208686 0.000989895 0.00438081 0.0145106 0.0035998 0.0312191 -0.00693088 0.000770217 -0.020807 0.00141765 -0.0272597 -0.014338 0.010533 -0.00677435 0.00631175 -0.000471934 -0.0193018 -0.0111036 -0.00101902 0.00745426 0.00149889 0.00870128 -0.020883 -0.0149601 -0.00162711 0.0172914 0.00193446 -0.0117741 -0.00363137
internal_weight=4781.39 584.539 4196.85 2938.76 652.925 389.738 263.187 1258.09 625.787 127.591 2285.83 485.688 632.305 98.8508 272.367 498.195 2041.88 509.387 55.8893 2019.08 475.799 381.575 473.541 376.463 284.566 161.417 243.955 100.89 243.518 1543.28
internal_count=9701 1305 8396 5546 1408 688 720 2850 1260 298 4138 1106 1590 199 459 962 3616 1274 100 3561 834 668 899 831 603 324 522 201 405 2727
cat_boundaries=0 1 2 3 4
cat_threshold=1974368 326 1060864 8
is_linear=0
shrinkage=0.05


Tree=51
num_leaves=31
num_cat=4
split_feature=29 23 35 5 4 24 75 72 3 15 65 4 65 96 91 39 73 71 17 75 23 50 39 82 23 5 74 61 22 48
split_gain=96.4135 57.5479 43.6651 51.0717 75.951 36.6724 26.3896 25.5452 25.4689 24.0406 22.7605 21.8066 21.5478 21.3832 20.7526 20.3878 20.1262 18.7104 17.8862 17.3377 16.5367 16.2097 16.0006 21.2904 15.8889 15.4058 15.2788 21.0417 27.3051 16.2004
threshold=12.000000000000016 1738.0200000000002 3205.0000000000005 0.36602870813397131 4.5000000000000009 244.23500000000004 5594.7900000000009 99.700000000000017 0 0.19090909090909094 1 1.5000000000000002 2 1898.1859410430845 0.044446883230904254 800.00000000000011 1125.7700000000002 73.930000000000021 0.26785168525582531 4193.630000000001 1877.9900000000002 -8.1777879367620659e-05 1305.0000000000002 1089.7250000000004 4238.4600000000009 0.23904761904761904 2137.2800000000002 3 5671.3605442176877 0.99999126710141051
decision_type=2 2 2 2 2 2 2 2 9 2 9 2 9 2 2 2 2 2 2 2 2 2 2 2 2 2 2 1 2 2
left_child=1 17 3 7 5 -5 8 10 26 -3 15 -11 -10 -7 -6 -2 -9 -1 -12 -13 25 -22 -14 -24 -25 -20 29 -28 -29 -4
right_child=2 9 6 4 14 13 -8 16 12 11 18 19 22 -15 -16 -17 -18 -19 20 -21 21 -23 23 24 -26 -27 27 28 -30 -31
leaf_value=-0.51641559954480198 -2.3497736169809982 -0.51881357195389766 -0.33821871669285886 2.1490455250309779 -0.34570561507939818 5.9967704747853041 -1.4362406189167487 -0.71564366644303468 0.24140365005420217 -0.65222413546136271 1.7358366680898525 -0.27937865740391693 -1.0230507057859655 -1.2601116961853647 1.038057655883414 0.0031108049518618233 0.029209240995916555 4.0747549824136104 0.34114994998199499 -1.3379612225291382 0.69958125912400559 -0.19579894547998294 0.17293324314997349 -0.36045788127260325 -1.3834860831407214 2.3191601158965485 0.37603003212686253 -1.7824740407182085 -0.0022101695962213341 6.7654744530626516
leaf_weight=45.091012209653854 36.727735862135887 205.69443099200726 16.966008424758911 298.19926364719868 231.24236036837101 16.097603231668472 72.564504191279411 228.60768359899521 231.48950225114822 52.000912547111511 74.510965242981911 161.53290238976479 108.34406179189682 34.43612352013588 42.523895084857941 866.23248516023159 159.31265851855278 32.743096232414246 204.45642893016338 75.447615057229996 78.340869173407555 169.90970230102539 60.968075662851334 481.15132097899914 113.00325831770897 59.413559377193451 186.35563650727272 60.125706717371941 299.77536988258362 57.633415952324867
leaf_count=78 87 486 32 845 453 57 185 400 548 133 151 324 293 67 86 1402 304 82 303 176 127 276 116 1053 316 118 328 126 579 145
internal_value=-0.00195903 -0.0212044 0.000671621 0.00486706 0.0172782 0.0327525 -0.00554064 0.000752083 -0.00421594 -0.0274925 0.00372834 -0.018193 -0.00912111 -0.00663477 -0.00243351 -0.00129616 -0.0106766 0.0187596 0.0112918 -0.011759 0.0081541 -0.00110904 -0.0131644 -0.0103932 -0.0132806 0.0168689 0.00373168 0.000893177 -0.00616824 0.0250169
internal_weight=4760.9 572.51 4188.39 2500.01 622.499 348.733 1688.38 1877.51 1615.81 494.676 1489.59 288.981 994.956 50.5337 273.766 902.96 387.92 77.8341 586.632 236.981 512.121 248.251 763.467 655.123 594.155 263.87 620.856 546.257 359.901 74.5994
internal_count=9676 1279 8397 4676 1508 969 3721 3168 3536 1119 2464 633 2326 124 539 1489 704 160 975 500 824 403 1778 1485 1369 421 1210 1033 705 177
cat_boundaries=0 1 2 3 4
cat_threshold=324 530714 1058992 2
is_linear=0
shrinkage=0.05


Tree=52
num_leaves=31
num_cat=5
split_feature=29 94 23 5 3 24 4 73 69 4 27 15 65 24 17 39 23 61 26 109 77 64 71 38 47 47 35 17 39 99
split_gain=105.185 44.7762 41.7272 44.2173 67.7655 28.4704 28.1293 30.8637 26.9259 25.6852 24.9874 24.3372 34.4314 27.5124 21.8404 27.3108 21.4052 20.2868 19.3399 21.8463 18.9195 18.7721 18.7386 18.6696 18.4832 17.5152 15.7823 15.5196 14.61 13.9812
threshold=12.000000000000016 1821.3333333333335 2887.6800000000003 0.48913043478260876 0 222.51000000000002 1.5000000000000002 5228.1650000000009 1 1.5000000000000002 91.125000000000014 4.5000000000000009 2 150.29500000000004 0.21918563347728245 945.00000000000011 1776.9750000000001 3 3.5100000000000002 1.0000000180025095e-35 0.79685248708710632 4 103.40500000000002 3635.0000000000005 0.0024885200318439005 0.22536929731282432 1925.0000000000002 0.32272672352048554 1495.0000000000002 -2.9740136054424506
decision_type=2 2 2 2 9 2 2 2 9 2 2 2 9 2 2 2 2 1 2 2 2 9 2 2 2 2 2 2 2 2
left_child=1 22 3 14 5 -5 24 11 9 -3 -11 12 -8 20 -2 26 -6 25 -19 28 -13 -18 -1 -14 -4 -17 -16 -12 -20 -27
right_child=2 8 6 4 16 -7 7 -9 -10 10 27 13 23 -15 15 17 21 18 19 -21 -22 -23 -24 -25 -26 29 -28 -29 -30 -31
leaf_value=-1.0350931835005106 2.2583799910306306 -0.61961292868829509 1.0913667543081729 2.1782486634515563 5.606834253996456 0.012680276105554378 -0.49369393185886357 -1.2954314407262388 -0.49287289335620277 3.0392625277176677 -0.68210553628504733 -1.4660322599758784 10.897590290229717 6.8121912658101254 -0.10703588422907871 1.2097477107892598 -0.77355018354823957 -0.70848930139653987 0.45163614300472016 -1.3674515475732334 3.4079628986568729 0.02063784198281482 2.8353360616231558 0.11536518704871029 -0.91723414774669443 -0.36363759958939429 -2.8777112907712081 1.7990839766559603 -0.036033815587598106 0.29642645333885087
leaf_weight=49.122222691774368 60.453853696584702 36.223811089992523 22.2997677475214 288.31873399019241 25.390965133905411 60.444540768861771 682.9840000718832 78.227842345833778 319.03828839957714 82.979278564453125 38.055720746517181 31.133272230625153 34.773121103644371 59.656317919492722 35.385773584246635 201.36386877298355 77.573500514030457 124.18706893920898 145.86607204377651 47.945087566971779 30.782328486442566 170.61061224341393 43.725648403167725 495.43399065732956 139.62825670838356 103.40963627398014 49.160940155386925 17.350158244371414 769.13247907161713 437.29597748816013
leaf_count=85 122 95 54 849 74 108 1532 197 758 150 91 56 94 138 68 317 166 235 252 85 45 329 97 1012 382 150 119 35 1303 675
internal_value=-0.00199576 -0.0218224 0.000791814 0.00468645 0.0163077 0.0304564 -0.00562921 -0.00336711 -0.0278139 -0.00984368 -0.000596042 -0.00157814 -0.00371539 0.0197499 0.00102304 8.83342e-05 -0.00274264 0.00137247 -0.00297791 -0.000582975 -0.00359789 -0.00731636 0.0100331 0.00582245 -0.0253684 0.00774578 -0.0276945 -0.0265972 0.00114096 0.00305802
internal_weight=4757.95 586.495 4171.46 2596.54 622.338 348.763 1574.92 1412.99 493.647 174.609 138.385 1334.76 1213.19 121.572 1974.2 1913.75 273.575 1829.2 1087.13 962.944 61.9156 248.184 92.8479 530.207 161.928 742.069 84.5467 55.4059 914.999 540.706
internal_count=9673 1311 8362 4852 1526 957 3510 3074 1129 371 276 2877 2638 239 3326 3204 569 3017 1875 1640 101 495 182 1106 436 1142 187 126 1555 825
cat_boundaries=0 1 2 3 4 5
cat_threshold=84 160 1000513 2 8
is_linear=0
shrinkage=0.05


Tree=53
num_leaves=31
num_cat=5
split_feature=29 31 25 65 70 15 24 4 76 71 25 22 59 74 61 59 28 89 65 13 43 75 101 28 101 37 75 42 101 65
split_gain=87.5126 44.8577 37.1463 28.3849 25.8723 25.6073 25.2239 23.6234 29.4563 23.5952 20.5966 40.7037 23.4931 22.9943 20.6357 19.4312 18.945 18.7948 22.349 35.1095 23.5205 18.2219 17.9602 18.5597 16.6554 15.8063 14.9986 16.9561 14.9534 13.9561
threshold=12.000000000000016 1765.0000000000002 3377.9200000000005 0 1 0.19090909090909094 163.54500000000004 2.5000000000000004 3662.9900000000002 73.930000000000021 1591.1000000000001 5827.5963718820867 0.020207364654446804 2338.6900000000005 2 0.025606660348765551 212.19000000000003 0.98560480530240269 3 0.6132478632478634 -121.28499999999984 3419.1900000000001 0.91666015579333637 177.98000000000005 0.67137399504380602 2855.0000000000005 1919.8100000000002 1525.0000000000002 0.51622620151197063 4
decision_type=2 2 2 9 9 2 2 2 2 2 2 2 2 2 1 2 2 2 9 2 2 2 2 2 2 2 2 2 2 9
left_child=1 9 3 7 -4 -3 25 15 -9 -1 11 12 16 29 -13 -2 -8 18 19 20 -6 -19 23 -15 -14 26 27 -5 -16 -12
right_child=2 5 4 6 17 -7 10 8 -10 -11 13 14 24 22 28 -17 -18 21 -20 -21 -22 -23 -24 -25 -26 -27 -28 -29 -30 -31
leaf_value=-0.81529682680915849 -0.01480619074923979 -0.46822924868839239 -1.0040191099416347 2.4426955590219999 5.4869492527609935 -0.58006159465459894 0.66677185665579553 1.9058713536555461 -0.1651211630881626 3.9642986351444893 0.10369367675829988 0.20745148809809777 0.4355010042495554 0.20131913734235668 -0.14050234136142398 1.2074714881288657 -0.10531063184630512 0.27850301209044021 0.23103907412665523 -0.76886971594286713 -0.13127519809709406 -1.3880340768141637 -1.3423811434963284 -0.10261204357245433 -0.67306483632671288 -0.61521999957667795 1.6076110425576502 -0.48832541769408105 -1.2085542542093473 -0.69886479470731189
leaf_weight=49.835230588912964 294.84865400195122 212.93204034864902 286.56023381650448 33.705167070031166 67.263333812355995 296.38783611357212 266.30166122317314 166.32057619094849 58.634403005242348 31.969693183898926 144.38616915047169 28.572579875588417 59.08746126294136 472.58060085773468 41.162508487701416 89.70167076587677 43.254040271043777 39.916400879621506 416.25141704082489 342.62803940474987 120.54788918793201 93.135120242834091 161.13785579800606 137.13673888146877 68.684527054429054 17.800548851490021 111.95678575336933 74.149439617991447 66.396700710058212 465.30137984454632
leaf_count=81 512 501 758 61 144 655 358 470 103 82 280 58 84 808 61 160 56 81 852 824 231 209 367 255 104 44 268 149 101 964
internal_value=-0.00242312 -0.0204268 0.000130606 0.00342748 -0.00662846 -0.0259469 0.00073836 0.0128735 0.0259548 0.0139412 -0.0011288 0.00683606 0.0142682 -0.00443731 -0.0170398 0.00555593 0.0217135 -0.00294574 -0.000499963 -0.00724165 0.00999644 -0.0205694 0.00130151 0.00522501 -0.00376981 0.0161241 0.0197939 0.00648698 -0.0270733 -0.0116932
internal_weight=4758.55 591.125 4167.42 2801.12 1366.3 509.32 2191.61 609.505 224.955 81.8049 1954 573.459 437.328 1380.54 136.132 384.55 309.556 1079.74 946.691 530.439 187.811 133.052 770.855 609.717 127.772 237.612 219.811 107.855 107.559 609.688
internal_count=9681 1319 8362 5263 3099 1156 4018 1245 573 163 3496 822 602 2674 220 672 414 2341 2051 1199 375 290 1430 1063 188 522 478 210 162 1244
cat_boundaries=0 1 2 3 4 5
cat_threshold=483424 136 1 673121 528512
is_linear=0
shrinkage=0.05


Tree=54
num_leaves=31
num_cat=2
split_feature=29 16 74 23 65 4 47 4 14 65 6 101 18 47 36 9 6 102 73 78 17 101 86 23 74 44 59 17 44 27
split_gain=79.6644 54.8986 45.8095 34.6881 38.1231 52.3034 27.7192 23.6716 27.2146 23.3804 22.2032 26.1964 22.1362 22.5458 21.8622 21.1768 19.3694 19.0116 18.902 17.8202 17.2503 17.0907 16.7951 19.5938 30.7518 20.0104 16.4991 16.3114 14.9828 14.3023
threshold=12.000000000000016 0.5634920634920636 2297.7450000000003 2887.6800000000003 0 2.5000000000000004 0.28420124604282426 1.5000000000000002 0.58333333333333337 1 1.5000000000000002 0.72700007344782003 0.45833764007345995 0.13276795373415226 139.9999999999998 3.5000000000000004 8.5000000000000018 0.73214285714285732 3626.9850000000001 1.0000000180025095e-35 0.41191251312586408 0.71693424941734352 -39.387767918647484 1178.0150000000001 2757.3350000000005 19.729999999999794 0.014842576300827852 0.30705182358994182 -31.450000000000042 4.7950000000000008
decision_type=2 2 2 2 9 2 2 2 2 9 2 2 2 2 2 2 2 2 2 2 2 2 2 2 2 2 2 2 2 2
left_child=1 2 19 4 10 6 21 -5 9 20 -2 12 -12 28 -10 -7 -8 -11 27 -1 -9 29 -13 -24 -25 -26 -15 -4 -14 -6
right_child=3 -3 18 7 5 15 16 8 14 17 11 22 13 26 -16 -17 -18 -19 -20 -21 -22 -23 23 24 25 -27 -28 -29 -30 -31
leaf_value=4.0490522936389963 4.0426350685968089 -0.44481778625397228 0.032939435876744486 -0.7556707461244585 -0.039416808646133283 1.7710554465916843 -0.39877592679082419 -0.70050194988718317 -0.032451856078807143 0.15008411829720958 -0.0005306019888728031 -0.74767717640802767 -0.16829034430771853 0.64352471539765654 6.0852103469295722 -0.81733739944487527 1.8980070383402965 -0.83152481422825564 -0.98999796043201094 -0.79428849199453644 1.4093680603087784 2.9082452249009267 0.32449590642922532 -0.75071729358152772 0.59436578309666577 -0.35139499246628392 -0.36495599475401586 -0.73633829230501391 2.0120016599490604 0.34777220521377822
leaf_weight=108.78356325626373 23.392293959856033 230.55846631526947 39.308808922767639 158.26947717368603 104.84024339914322 220.25106759369373 268.84284496307373 516.55528049170971 71.942659229040146 619.27242189645767 735.66803534328938 200.76848931610584 20.479196712374687 72.26547460258007 60.605271220207214 20.707404255867004 36.668902724981308 142.1324954777956 88.795617863535881 25.391353607177734 30.333923667669296 75.605738699436188 166.12006419897079 287.40252009034157 55.908325284719467 86.711371451616287 62.005369782447815 97.467681914567947 113.04290510714054 59.801035806536674
leaf_count=248 57 535 76 430 190 677 453 1209 120 1259 1190 371 41 139 140 43 76 337 216 33 58 148 235 610 82 175 98 204 192 105
internal_value=-0.00232781 -0.0195294 -0.0073225 8.43419e-05 0.00363672 0.0127536 0.00434939 -0.00571476 -0.00369856 -0.0058858 -0.000363982 -0.00099483 0.00438 0.0166887 0.0178903 0.0323181 -0.00564313 -0.000128101 -0.0210832 0.0158118 -0.01365 0.0170564 -0.00776275 -0.00355035 -0.00918439 0.00979644 0.00222136 -0.00942128 0.0312372 0.00801935
internal_weight=4799.9 590.305 359.747 4209.59 2610.48 786.717 545.759 1599.11 1440.84 1308.29 1823.76 1800.37 1003.46 267.793 132.548 240.958 305.512 761.405 225.572 134.175 546.889 240.247 796.911 596.142 430.022 142.62 134.271 136.776 133.522 164.641
internal_count=9747 1312 777 8435 4882 1692 972 3553 3123 2863 3190 3133 1660 470 260 720 529 1596 496 281 1267 443 1473 1102 867 257 237 280 233 295
cat_boundaries=0 1 2
cat_threshold=3483 409665
is_linear=0
shrinkage=0.05


Tree=55
num_leaves=31
num_cat=5
split_feature=3 94 31 73 74 34 53 16 76 75 29 22 6 44 13 23 70 37 65 8 96 3 65 35 4 24 59 22 43 38
split_gain=69.4952 107.205 29.4506 31.3357 40.1501 31.5859 29.0667 28.4521 31.4349 26.8166 24.6295 23.1604 22.5097 17.4386 16.7672 16.9612 16.5268 21.0783 19.3232 22.657 16.3401 15.3593 21.6242 14.9593 21.4615 14.8551 22.9566 27.8856 14.4614 17.0755
threshold=0 1591.2652721088436 3615.0000000000005 1157.2500000000002 2067.0350000000003 1545.0000000000002 -21.067076174612911 0.53588516746411485 2115.4600000000005 5594.7900000000009 195.65500000000003 6870.9750566893426 8.5000000000000018 15.490000000000125 0.76984126984126988 1927.2500000000002 1 2605.0000000000005 2 1.0000000180025095e-35 2232.4263038548756 3 4 3405.0000000000005 4.5000000000000009 179.10500000000005 0.019802887107514055 5827.5963718820867 -63.964999999999911 2655.0000000000005
decision_type=9 2 2 2 2 2 2 2 2 2 2 2 2 2 2 2 9 2 9 2 2 9 9 2 2 2 2 2 2 2
left_child=1 -1 3 5 -5 6 25 8 -3 11 16 -4 -7 -14 15 -9 18 -18 19 20 -6 22 -13 24 -10 -2 27 -27 -20 -30
right_child=2 7 9 4 10 12 -8 14 23 -11 -12 21 13 -15 -16 -17 17 -19 28 -21 -22 -23 -24 -25 -26 26 -28 -29 29 -31
leaf_value=3.7512006719291366 0.9537823460602024 7.3593450106126941 -1.6016984467197077 1.6220406012844819 1.9346595911356161 -0.84973472718319487 -1.0328552061689611 -0.066907519191556727 -2.4717505806662503 -1.5193049303632762 1.1737078863601613 0.38439352824642442 0.31626474316151204 -1.3244434619847347 0.074365712631451683 -0.42257689694127409 -0.048487118646851714 -1.2165574613959067 0.18639932441467746 5.5775676991130529 -0.060002593374748871 0.081093774935158069 -0.89600819448732105 -1.3958044992423795 7.0426275936096632 0.45512090860204002 -0.23391057069750343 -1.1163865177890393 1.2480288438454807 -0.16549796712501674
leaf_weight=88.130047738552094 99.971183627843857 43.198076471686363 112.4664598107338 336.28471633791924 37.740482553839684 446.02162249386311 28.744974285364151 45.907186642289162 61.394191116094589 67.221652254462242 117.83411771059036 110.36131539940834 111.97630578279495 31.666151732206345 32.573168113827705 304.62683314085007 511.88121922314167 38.619661211967468 170.68862891197205 71.508759558200836 104.40776386857033 393.93382704257965 270.05858647823334 74.925671026110649 19.954097598791122 298.73873171210289 194.62605331838131 91.41751454770565 54.31283412873745 407.84699626266956
leaf_count=203 161 97 274 782 109 898 42 77 125 175 204 278 166 60 69 723 969 114 337 218 200 761 693 185 40 389 292 148 145 777
internal_value=-0.00224533 -0.0170398 0.000210924 0.00253962 0.00672101 -0.00339998 0.00367659 -0.0250688 -0.0097555 -0.00748609 0.00325152 -0.00517815 -0.0119627 0.00525158 -0.033042 -0.0362306 0.00139991 -0.00529804 0.00575039 0.018429 0.00774318 -0.00209874 -0.00912573 -0.0201913 -0.00534477 0.00574428 0.00269932 0.00969626 0.00124984 -0.00332379
internal_weight=4779.04 670.709 4108.33 3154.29 1851.13 1303.16 713.498 582.579 199.472 954.042 1514.84 886.82 589.664 143.642 383.107 350.534 1397.01 550.501 846.505 213.657 142.148 774.354 380.42 156.274 81.3483 684.753 584.782 390.156 632.848 462.16
internal_count=9711 1519 8192 6011 3855 2156 1032 1316 447 2181 3073 2006 1124 226 869 800 2869 1083 1786 527 309 1732 971 350 165 990 829 537 1259 922
cat_boundaries=0 1 2 3 4 5
cat_threshold=1152 100 1734688 2074 1063072
is_linear=0
shrinkage=0.05


Tree=56
num_leaves=31
num_cat=2
split_feature=3 94 16 5 96 31 5 29 32 75 35 28 18 95 15 32 35 53 3 23 75 72 28 6 23 5 106 39 33 24
split_gain=68.9782 100.988 32.2447 35.7638 27.6427 26.8726 46.4466 28.9999 51.2561 26.8566 21.5758 21.1557 20.8147 20.5238 20.8857 20.3811 20.6836 19.7981 19.4639 18.8816 17.0591 17.0247 21.6556 19.1263 22.872 27.9004 23.5615 22.3871 21.4854 18.4044
threshold=0 1591.2652721088436 0.53588516746411485 0.66025641025641035 3604.3083900226761 3615.0000000000005 0.48913043478260876 114.48 3185.0000000000005 5594.7900000000009 3365.0000000000005 235.48500000000004 0.32176360225140715 2158.2750000000005 4.5000000000000009 4495.0000000000009 2925.0000000000005 -20.701486738061678 1 1927.2500000000002 1967.4850000000004 99.700000000000017 176.37000000000003 9.5000000000000018 1877.9900000000002 0.324561403508772 0.51000000000000012 1180.0000000000005 360.00000000000017 189.70500000000001
decision_type=9 2 2 2 2 2 2 2 2 2 2 2 2 2 2 2 2 2 9 2 2 2 2 2 2 2 2 2 2 2
left_child=1 -1 3 -3 -5 6 11 13 -9 12 -10 15 -7 -8 20 16 21 19 -14 -4 -15 23 -23 24 25 26 28 -26 -2 -29
right_child=5 2 17 4 -6 9 7 8 10 -11 -12 -13 18 14 -16 -17 -18 -19 -20 -21 -22 22 -24 -25 27 -27 -28 29 -30 -31
leaf_value=3.5350510579472485 -0.64549815561435686 -1.9364331694401031 -0.063562143231979465 7.3024264405512369 -0.85802034727855137 -1.1416475154868935 4.4238285266264628 2.1115171433665765 -1.0509974031754561 -1.4086689802235073 0.60163345044152727 -1.2419573834857396 0.086657538199465742 -1.3438345510932899 0.91911511777373256 4.2920671450071151 -0.41905174101278964 0.62761862651584299 -0.69034417085390487 -0.40144805209421008 -0.0097003159267288197 -0.050953347673070942 -2.0757787731859523 0.47745960592123265 -2.102959738506422 3.0933606643068345 0.2692459610720494 0.19532914124108844 0.23288806273528131 -0.30789590477797546
leaf_weight=86.633212015032768 152.73568399250507 99.258647978305817 44.866939857602119 66.841427862644196 43.018844395875931 81.054050862789154 23.885402664542198 210.36592924594879 62.393241822719574 66.619533076882362 190.71167010068893 35.507318586111069 419.43450140953064 21.450151607394218 83.474565416574478 26.961294144392014 319.02215479314327 23.806407362222672 385.35275816917419 306.82350453734398 389.02685604989529 288.77473986148834 47.336576819419861 155.44479086995125 59.425229460000992 81.17183655500412 538.92950867116451 196.08247867226601 85.138224720954895 183.8001394122839
leaf_count=198 238 224 75 147 95 233 82 591 121 174 376 64 800 34 146 58 726 52 964 733 862 501 94 260 118 168 852 318 109 300
internal_value=-0.00175356 -0.0164856 -0.0241968 -0.00846172 0.0111926 0.000694418 0.0029203 0.0119472 0.0210328 -0.0066636 0.00587382 -0.00116119 -0.00436113 0.00381553 0.00162662 -0.000524543 -0.00107707 -0.0329599 -0.00192879 -0.035947 -0.00300982 0.00101457 -0.00912629 0.00336081 0.00137488 0.00612552 0.00321087 -0.00790318 -0.00989629 -0.00343896
internal_weight=4775.35 671.249 584.616 209.119 109.86 4104.1 3151.64 981.308 463.471 952.461 253.105 2170.33 885.841 517.837 493.952 2134.82 2107.86 375.497 804.787 351.69 410.477 1788.84 336.111 1452.73 1297.28 857.975 776.803 439.308 237.874 379.883
internal_count=9713 1524 1326 466 242 8189 6018 2212 1088 2171 497 3806 1997 1124 1042 3742 3684 860 1764 808 896 2958 595 2363 2103 1367 1199 736 347 618
cat_boundaries=0 1 2
cat_threshold=1152 324
is_linear=0
shrinkage=0.05


Tree=57
num_leaves=31
num_cat=5
split_feature=2 94 16 76 69 74 74 30 73 72 71 4 72 29 61 73 36 50 71 33 109 69 58 95 38 71 47 61 101 33
split_gain=70.1086 105.877 33.6904 33.0854 41.0117 29.0388 25.6466 22.194 25.6227 32.5137 21.5436 20.676 19.5242 25.0242 17.0586 22.1433 17.3438 16.7548 19.4872 16.6796 15.5368 15.4134 15.7465 15.1563 14.8251 14.4301 14.0243 13.9188 13.1216 12.8699
threshold=0 1860.4491496598641 0.53588516746411485 3497.4050000000002 1 2312.5400000000004 1361.9400000000003 0.73165514244668739 1604.2550000000003 108.25000000000001 127.70500000000001 9.5000000000000018 49.775000000000013 206.52500000000006 2 2838.0500000000006 210.00000000000026 -0.026318203288820147 91.340000000000018 1120.0000000000005 1.0000000180025095e-35 3 0.051889202726301605 4110.1750000000002 2635.0000000000005 50.57500000000001 0.5185364553788977 4 0.93658256275401763 324.99999999999983
decision_type=9 2 2 2 9 2 2 2 2 2 2 2 2 2 1 2 2 2 2 2 2 9 2 2 2 2 2 1 2 2
left_child=1 6 5 4 27 -3 -1 8 9 20 -8 -10 -5 14 17 16 -16 -14 -19 21 29 23 24 28 -23 -17 -20 -2 -9 -6
right_child=3 2 -4 12 7 -7 10 19 11 -11 -12 -13 13 -15 15 25 -18 18 26 -21 -22 22 -24 -25 -26 -27 -28 -29 -30 -31
leaf_value=3.3016638054232246 3.8289995849860632 7.0342787774459854 -0.38137564948949887 -0.51778631264382402 0.0071846812028553593 -1.2318320677081873 -4.460437422313813 1.7793888485610105 0.75735838372585895 -0.97945653585665449 2.640482041740964 -0.2083330506934761 -0.95225447201686686 1.1433900081488908 0.34308936005209301 -1.0935495833775903 -0.11625424110871566 0.78837720110251652 0.70283130436869079 5.0216830586501571 -1.0144762371903264 0.44170303468077138 -1.997279946019324 -0.57757936836564028 -0.47511578017869172 -0.49937594884729131 -0.38315889124287494 -1.1113303837981812 -0.34999923376622349 0.26741203604398261
leaf_weight=69.779835313558578 202.83851625025272 47.48091933131218 328.47885413467884 380.90337432920933 754.38436125218868 85.721519768238068 26.071627289056778 91.322037070989609 536.71640819311142 151.29931432008743 24.345359846949577 150.8573841303587 42.466672480106354 64.033194810152054 110.68752929568291 101.66748824715614 144.35742869973183 162.82512784004211 20.143806129693985 30.552030995488167 53.20757757127285 38.383147180080414 94.242864683270454 52.548886954784393 217.84711667895317 311.45689144730568 46.03552833199501 28.511656060814857 36.596484363079071 323.16104912757874
leaf_count=149 461 107 767 869 1254 202 49 209 1261 255 57 306 108 103 235 272 272 297 41 77 87 69 192 126 395 672 101 61 84 482
internal_value=-0.00225495 -0.0183504 -0.0295483 4.7565e-05 0.00320944 -0.00833788 0.0231346 0.00131373 0.00381876 -0.000357597 -0.00403702 0.011606 -0.00626057 -0.00260285 -0.00466385 -0.00895802 0.00262656 0.00590536 0.0112545 -0.00745011 0.00255503 -0.00951733 -0.0153872 0.00259109 -0.00939867 -0.0161098 -0.0116238 0.0229029 0.0120218 0.00385741
internal_weight=4728.92 581.878 461.681 4147.05 2762.47 133.202 120.197 2531.12 1969.63 1282.05 50.417 687.574 1384.58 1003.67 939.64 668.169 255.045 271.471 229.004 561.493 1130.75 530.941 350.473 180.467 256.23 413.124 66.1793 231.35 127.919 1077.55
internal_count=9620 1331 1076 8289 5319 309 255 4797 3645 2078 106 1567 2970 2101 1998 1451 507 547 439 1152 1823 1075 656 419 464 944 142 522 293 1736
cat_boundaries=0 1 2 3 4 5
cat_threshold=32 32 2 72 1
is_linear=0
shrinkage=0.05


Tree=58
num_leaves=31
num_cat=7
split_feature=2 31 31 5 4 69 78 17 6 33 13 5 69 75 22 37 69 25 70 18 23 22 65 53 5 32 96 76 65 35
split_gain=72.9771 102.448 30.8263 41.8755 27.4474 42.614 33.7291 25.8891 22.6205 21.284 21.1811 28.4865 20.6256 18.6455 16.6126 62.077 19.9991 16.3275 20.4812 16.1877 16.2625 19.7712 25.0136 17.3816 16.1847 16.1185 15.4507 17.2214 15.2064 25.0494
threshold=0 1765.0000000000002 2565.0000000000005 0.36602870813397131 1.5000000000000002 1 1.0000000180025095e-35 0.32042188776959535 23.500000000000004 59.999999999999893 0.5277777777777779 0.82971014492753636 2 2196.2700000000009 6870.9750566893426 1505.0000000000002 3 2523.6400000000003 4 0.31363352095059421 5683.0000000000009 6870.9750566893426 5 -19.391353008985934 0.36181818181818187 4635.0000000000009 3459.6371882086173 3063.1800000000007 6 3635.0000000000005
decision_type=9 2 2 2 2 9 2 2 2 2 2 2 9 2 2 2 9 2 9 2 2 2 9 2 2 2 2 2 9 2
left_child=1 -1 3 14 28 8 -7 12 9 -6 11 -3 -5 -12 15 -2 -16 18 -18 -8 21 24 -23 -24 -21 -13 27 -26 29 -4
right_child=2 10 4 7 5 6 19 -9 -10 -11 13 25 -14 -15 16 -17 17 -19 -20 20 -22 22 23 -25 26 -27 -28 -29 -30 -31
leaf_value=3.2276696809223155 0.017912085081926678 -1.7512054354096194 2.8928346514604661 2.7360543629888725 -0.016746793574755971 -2.7756007858250005 -0.78942920185042886 1.6088690278851119 -3.0894222698079035 4.0450289276160207 0.18099828170347793 8.0715449800036918 -0.078077256976954806 -0.36230686701502468 1.2085770975930061 -3.0182720890227888 -0.033459071490207395 -0.65924471255012096 0.42288165120399235 -2.2844344220135184 -1.293186187304147 2.1044047369236485 0.042447874730137336 -0.51565838606762782 8.5208368359983151 -0.86284215518310114 -0.63938860434936517 -0.066294375058627966 -0.7211694629908465 -0.67643750973746819
leaf_weight=88.295654475688934 1286.0239403992891 76.054278954863548 19.870577365159988 65.483192697167397 72.327897995710373 90.096081599593163 114.28366757929325 215.43434526026249 26.454359203577042 184.23073168098927 29.983533576130867 26.145530611276627 158.19217278063297 336.42703679203987 82.178513035178185 122.2098683565855 167.98595263063908 56.557166025042534 121.23937427997589 24.073090925812721 26.25925187766552 129.29873552918434 572.74299740791321 63.207253009080887 25.395952612161636 19.430356532335281 139.80784684419632 207.92830775678158 187.1269209831953 29.706251114606857
leaf_count=200 2035 175 42 192 126 214 292 618 58 372 55 66 310 780 166 286 248 102 178 71 71 304 1170 125 69 38 306 390 519 73
internal_value=-0.00211725 -0.0186359 0.000199943 0.00413355 -0.00447807 -0.00222727 -0.00582443 0.0180044 0.0151498 0.0202242 -0.0279258 -0.0098466 0.00608949 -0.0339272 0.000816455 -0.00180531 0.00944356 0.00355361 0.00846094 -0.00382044 -0.00209244 -0.00121346 0.00348445 -0.000756216 -0.0102644 0.0214115 -0.00770077 0.000175109 -0.020416 0.00544572
internal_weight=4764.45 576.336 4188.11 2275.3 1912.81 1676.11 1393.09 439.11 283.013 256.559 488.041 121.63 223.675 366.411 1836.19 1408.23 427.961 345.782 289.225 1303 1188.71 1162.45 765.249 635.95 397.205 45.5759 373.132 233.324 236.704 49.5768
internal_count=9651 1314 8337 4135 4202 3568 3012 1120 556 498 1114 279 502 835 3015 2321 694 528 426 2798 2506 2435 1599 1295 836 104 765 459 634 115
cat_boundaries=0 1 2 3 4 5 6 7
cat_threshold=32 32 40 8 4 79872 483392
is_linear=0
shrinkage=0.05


Tree=59
num_leaves=31
num_cat=3
split_feature=29 94 73 27 3 69 34 23 72 23 73 50 30 89 30 69 89 74 74 33 37 49 94 71 33 14 28 43 17 17
split_gain=84.0729 46.4844 31.458 30.8587 27.0648 36.8522 28.8226 24.6126 23.0555 27.569 25.0563 20.9576 20.1076 19.9111 19.9814 19.3436 18.4583 18.2457 16.8618 16.3624 15.5918 15.5246 16.1211 18.6436 14.5905 14.6757 18.11 14.7612 16.0183 15.2497
threshold=12.000000000000016 1870.7328117913835 2976.5050000000006 93.890000000000015 0 1 2955.0000000000005 3958.2300000000005 92.905000000000015 1877.9900000000002 1577.0050000000003 -0.0063490470003363499 0.92975058001420041 0.081524147097917513 0.38371776649263839 2 0.96039215686274526 2757.3350000000005 2887.6200000000003 60.000000000000121 2135.0000000000005 0.24586808281339914 1310.7420634920638 103.84500000000001 30.000000000000345 0.58333333333333337 98.225000000000037 -18.340000000000028 0.27475154839419375 0.28962503888781316
decision_type=2 2 2 2 9 9 2 2 2 2 2 2 2 2 2 9 2 2 2 2 2 2 2 2 2 2 2 2 2 2
left_child=1 21 4 15 6 7 13 12 9 -7 -11 -4 -6 14 19 18 24 -8 -3 -2 -10 22 -1 -24 -13 26 -26 -28 -29 -30
right_child=2 3 11 -5 5 8 17 -9 20 10 -12 16 -14 -15 -16 -17 -18 -19 -20 -21 -22 -23 23 -25 25 -27 27 28 29 -31
leaf_value=3.0318318307326098 1.1481482427133558 5.7756036471083041 -0.63850150492062596 -0.34419152366427286 1.5998855486269647 1.0251494667848715 0.42208842692836018 -2.3039266124716322 -0.2849355171191123 -0.36545995929113179 0.21990669837584848 -0.74995774175790764 -1.1799649919079074 -0.13231736822574688 0.48515693396754483 -0.83154100822758181 -0.84304179842026206 -1.157213596542529 -0.12341996175268549 -0.10572811513419503 0.073083482618905654 -0.69210196286761994 -4.3987990352442381 2.1583019307785891 -0.471455854609377 4.9652010633002508 0.51674714664070476 -0.5675484525818647 0.95340364547551248 0.0078978283569007598
leaf_weight=31.906588777899742 59.370617121458054 39.50226865708828 312.00293383002281 223.35399977862835 430.11415477097034 178.47152814269066 27.308451488614082 20.516831338405609 228.87775218486786 148.7651731222868 372.84032967686653 99.765056192874908 21.232352256774902 777.90907046198845 294.23232261836529 124.13851815462112 105.31116941571236 107.39481298625469 97.942037314176559 268.20925512909889 105.09519289433956 20.159532785415649 21.078815639019012 30.568278685212135 134.24197170138359 42.924442529678345 121.29137642681599 109.29464760422707 50.333802431821823 137.42083258926868
leaf_count=75 102 86 727 542 1043 315 62 56 394 249 744 259 56 1358 519 280 230 291 201 480 177 28 41 65 297 92 213 265 94 300
internal_value=-0.00248887 -0.0201731 1.77462e-05 -0.0266709 0.00265022 0.00738386 -0.00203035 0.0188406 0.00202548 0.00720175 0.00139784 -0.00717595 0.0216745 8.22639e-05 0.00675235 -0.015016 -0.00289195 -0.0241336 -0.000919632 -0.00174219 -0.00876439 0.0102092 0.0197114 0.00244894 6.28061e-05 0.00302746 0.000839797 0.00596734 -3.42607e-05 0.00882439
internal_weight=4741.57 588.65 4152.92 484.937 3040.34 1505.91 1534.42 471.863 1034.05 700.077 521.606 1112.59 451.347 1399.72 621.812 261.583 800.583 134.703 137.444 327.58 333.973 103.713 83.5537 51.6471 695.272 595.507 552.583 418.341 297.049 187.755
internal_count=9641 1318 8323 1109 5846 3034 2812 1155 1879 1308 993 2477 1099 2459 1101 567 1750 353 287 582 571 209 181 106 1520 1261 1169 872 659 394
cat_boundaries=0 1 2 3
cat_threshold=3082 40 161
is_linear=0
shrinkage=0.05


Tree=60
num_leaves=31
num_cat=5
split_feature=29 16 74 31 7 65 74 5 5 12 39 56 31 35 75 23 3 70 65 96 46 37 3 28 17 36 37 85 30 75
split_gain=77.8465 47.4801 32.5293 29.8509 31.3642 23.429 21.8629 26.9193 20.9675 21.4215 20.9432 20.6716 19.6747 19.4067 17.7525 17.3333 17.2657 20.3345 15.918 15.225 14.8159 15.4346 14.5651 14.6585 16.9371 13.43 14.4788 12.8945 12.8586 12.6803
threshold=12.000000000000016 0.55050505050505061 2297.7450000000003 3615.0000000000005 1.0000000180025095e-35 0 1806.6200000000001 0.66025641025641035 0.56832298136645976 1.0000000180025095e-35 2155.0000000000005 0.66125035295494194 3205.0000000000005 1155.0000000000002 5594.7900000000009 1916.6250000000002 1 2 3 4312.6984126984144 0.7592493961057315 3705.0000000000005 4 139.50500000000002 0.35731329022796726 845 2215.0000000000005 -22.097439968381437 0.9374155125255198 3267.5800000000004
decision_type=2 2 2 2 2 9 2 2 2 2 2 2 2 2 2 2 9 9 9 2 2 2 9 2 2 2 2 2 2 2
left_child=1 2 8 4 6 10 28 -8 9 -1 22 -7 -9 -12 16 -3 17 27 29 -19 -20 -22 23 -6 -25 26 -13 -5 -2 -18
right_child=3 15 -4 14 5 11 7 12 -10 -11 13 25 -14 -15 -16 -17 18 19 20 -21 21 -23 -24 24 -26 -27 -28 -29 -30 -31
leaf_value=4.2421470444798386 3.3040324656457774 0.0083853902125717635 -0.54361218048114635 0.60444298348792391 0.87233788914005628 0.97740043691718947 -0.45713214274628627 3.9128791676308015 5.0721604947687187 -0.82553856224056554 1.1117132697203176 0.050510969118361976 -0.32372214119012455 -0.0040103053703340668 -1.0805253596096749 -0.32698194748105891 -1.3119674864611242 -2.1113680296537551 -1.0114896131245643 0.77464950764424145 -0.72474226431884581 0.45162386405886823 -0.57739232826809828 -0.71325341093724881 0.14381856549521962 1.668957920812983 -0.62163193178483878 -0.065443246573452074 -0.070065460101992022 0.58961552246100124
leaf_weight=23.924812823534012 100.00014011561871 29.143789991736412 195.31259226799011 145.54903028905392 98.072201773524284 252.54984727501869 104.96133930981159 50.803984299302101 40.551602199673653 48.173090249300003 26.449344426393509 973.51585273444653 27.022437900304794 938.12999248504639 63.226391956210136 251.66004380583763 16.463033348321915 32.651602134108543 158.19344757497311 23.998749762773514 242.58354319632053 55.812482446432114 323.71249930560589 106.78271570801735 91.983689948916435 69.305045291781425 68.946824565529823 98.017033413052559 17.281971871852875 111.94233827292919
leaf_count=56 236 52 417 262 182 559 218 126 104 79 41 1798 50 1636 165 604 39 94 414 43 568 122 721 182 145 152 167 165 45 270
internal_value=-0.00253761 -0.0195638 -0.00600545 -0.000149673 0.00212817 0.000561356 0.0175287 0.00671802 0.0153918 -0.000786012 -0.00356509 0.00534263 0.0290013 0.00102219 -0.00795399 -0.0344335 -0.0061258 0.00365388 -0.0110188 -0.0211007 -0.0153867 -0.00916569 -0.010753 -0.00231608 -0.0101988 0.00244843 0.00103148 0.0100166 0.0343776 0.00450226
internal_weight=4786.72 588.766 307.962 4197.96 3249.52 2949.45 300.07 182.788 112.65 72.0979 1585.13 1364.32 77.8264 964.579 948.438 280.804 885.211 300.216 584.995 56.6504 456.589 298.396 620.551 296.839 198.766 1111.77 1042.46 243.566 117.282 128.405
internal_count=9712 1312 656 8400 6258 5583 675 394 239 135 2907 2676 176 1677 2142 656 1977 564 1413 137 1104 690 1230 509 327 2117 1965 427 281 309
cat_boundaries=0 1 2 3 4 5
cat_threshold=1067403 260 36 1061024 2060
is_linear=0
shrinkage=0.05


Tree=61
num_leaves=31
num_cat=2
split_feature=29 16 74 34 5 14 64 17 4 6 53 29 38 33 94 74 72 34 10 13 89 45 33 65 73 47 25 23 5 94
split_gain=80.533 45.4366 24.955 23.1671 44.9096 32.7446 26.4937 25.2656 23.9867 35.2875 29.366 27.0113 25.1362 23.8857 20.2652 19.1273 22.4155 19.0784 19.0033 18.9268 16.7365 15.1706 17.2543 14.756 15.5453 14.5818 14.2447 13.7139 13.5693 13.4272
threshold=12.000000000000016 0.55050505050505061 2297.7450000000003 1985.0000000000002 0.324561403508772 0.58333333333333337 0 0.24173598872256988 2.5000000000000004 9.5000000000000018 -19.391353008985934 198.25000000000003 2950.0000000000005 139.99999999999969 1870.7328117913835 3535.3850000000007 46.540000000000006 4085.0000000000005 3.5000000000000004 0.64102564102564108 0.081524147097917513 -107.96500000000013 69.999999999999901 1 4242.0350000000008 0.49028385811579855 2254.6200000000003 1940.5900000000004 0.48913043478260876 2000.0754195011341
decision_type=2 2 2 2 2 2 9 2 2 2 2 2 2 2 2 2 2 2 2 2 2 2 2 9 2 2 2 2 2 2
left_child=1 2 18 4 7 6 19 -2 9 11 12 -8 25 17 -3 -11 -17 -7 -1 -5 21 22 -9 -14 -25 -10 -6 -28 -20 -21
right_child=3 14 -4 5 26 13 8 20 10 15 -12 -13 23 -15 -16 16 -18 -19 28 29 -22 -23 -24 24 -26 -27 27 -29 -30 -31
leaf_value=5.3226221358779302 2.9077004420051993 0.18057303591057236 -0.52679224866443519 1.4914323039570367 3.4918812610214092 0.29971076377266143 -0.85505123540787487 0.7058749205680297 1.8522976972145302 0.98899094758608619 -0.54345739034901042 0.036430662962625961 -0.11267741624878697 3.445393179160877 -0.3106328501070067 -1.0631158034994599 0.55446986918438912 -1.1190733023825998 -0.69536108897593185 -0.032183994004074637 -0.10648469586820469 0.37768023721393224 -0.16083912380470708 0.30831316127645825 -0.56207638756999356 0.27303955657332607 -0.42961259200164686 0.45102593157164961 1.6185245635967833 -0.75743818905553584
leaf_weight=32.115239694714546 39.785396814346313 27.398249819874763 192.31084279716015 37.88691321015358 177.87819610536098 85.653100535273552 611.31230595707893 58.006038516759872 57.011549323797226 139.6268767118454 114.91215178370476 130.36676155030727 446.47371046245098 104.96958141028881 255.25245395302773 37.54646897315979 51.34236079454422 31.043089658021927 52.325173228979111 24.905403822660446 640.96944873034954 211.84995545446873 128.36122730374336 638.83369709551334 151.61728112399578 97.825206324458122 30.244901314377785 54.5694430321455 24.303446918725967 92.051741749048233
leaf_count=81 86 52 420 79 416 184 1331 94 177 289 241 214 907 225 607 90 96 62 88 44 1008 320 223 1328 352 304 44 89 57 223
internal_value=-0.00258671 -0.0199876 -0.00647065 -0.000165526 0.00525317 -0.00271341 -0.00426791 0.000739433 -0.00294548 -0.00908911 0.000991053 -0.0143821 0.00299683 0.0157423 -0.0343846 0.00809001 -0.0100401 0.000175692 0.012673 -0.0237005 -0.000757647 0.00729269 -0.00311227 0.00061943 0.0047011 0.0219889 0.0237927 0.00693109 -0.000858362 -0.0351804
internal_weight=4778.75 583.705 301.055 4195.04 1341.66 2853.38 2631.71 1078.97 2476.87 970.195 1506.67 741.679 1391.76 221.666 282.651 228.516 88.8888 116.696 108.744 154.844 1039.19 398.217 186.367 1236.92 790.451 154.837 262.693 84.8143 76.6286 116.957
internal_count=9731 1305 646 8426 2280 6146 5675 1731 5329 2020 3309 1545 3068 471 659 475 186 246 226 346 1645 637 317 2587 1680 481 549 133 145 267
cat_boundaries=0 1 2
cat_threshold=8 328792
is_linear=0
shrinkage=0.05


Tree=62
num_leaves=31
num_cat=2
split_feature=29 16 74 18 57 6 94 35 72 65 74 44 65 4 31 76 5 72 59 99 73 14 39 89 85 99 46 85 59 95
split_gain=68.0754 50.7611 24.7924 24.5219 24.1097 23.5062 18.3597 18.1685 26.4798 24.4285 19.9714 17.4731 17.114 16.6481 15.6853 15.4701 14.8644 14.7675 18.8927 15.242 14.6185 14.1015 15.6557 13.4927 12.9226 15.2271 12.7269 12.3011 11.9842 11.9613
threshold=12.000000000000016 0.55050505050505061 1153.1350000000004 0.41259276340614653 0.84394589137272125 1.5000000000000002 1870.7328117913835 3095.0000000000005 147.47000000000003 0 2338.6900000000005 9.1100000000000154 1 2.5000000000000004 4145.0000000000009 2695.5050000000006 0.65301003344481623 170.38500000000002 0.0097230986605517013 -6.7333673469386204 5166.0150000000003 0.13484848484848483 3505.0000000000005 0.79626426841923215 -23.840342580480705 76.120464852607725 0.81248579850875058 -39.766919059979763 0.013766604911492201 2867.5260317460325
decision_type=2 2 2 2 2 2 2 2 2 9 2 2 9 2 2 2 2 2 2 2 2 2 2 2 2 2 2 2 2 2
left_child=1 2 -1 5 16 -2 -3 9 12 11 27 -7 14 17 -9 -12 21 19 -19 -6 -15 22 26 -13 25 -10 -5 -11 -4 -21
right_child=3 6 28 4 13 7 -8 8 24 10 15 23 -14 20 -16 -17 -18 18 -20 29 -22 -23 -24 -25 -26 -27 -28 -29 -30 -31
leaf_value=5.0564910290840333 2.7911965272424255 0.17154438411504316 0.017413541684492984 -0.031128938838596201 -0.45924334065788219 -0.1168079900810709 -0.29510120760165676 0.60800220471770883 1.0527120100300935 0.47708047492160405 0.89933125320730056 2.4459482508289838 -0.52629920972815969 0.33359207773533645 -1.0934066946106078 0.034609129814494821 3.4130120815695335 -1.9744471629649027 0.014759762148883483 0.17968540827353224 -0.54200601343500809 -0.075314186004322187 1.2042370150024568 -0.053609351864525936 -0.19358460933443722 -1.5612460364125071 0.77234897749138087 -0.24479225139678037 -0.64031511130980479 -0.21542546556414666
leaf_weight=24.914869993925095 28.83728763461113 27.617461755871773 162.15775656700134 84.498610854148865 108.65824063122272 43.09954646229744 256.79466268420219 110.65412341058254 81.637338846921921 33.182210713624954 34.163052275776863 109.11509937047958 562.37476179003716 721.88522930443287 41.288994565606117 420.72840921580791 70.842043682932854 60.753814071416855 47.47879584133625 452.78147283196449 59.88847827911377 93.697675883769989 45.102181613445282 27.650635302066803 70.313858211040497 26.204611837863922 117.74841640889645 576.66433748602867 112.10741835832596 175.5113530755043
leaf_count=60 66 53 355 151 167 76 609 242 167 70 66 254 1291 1531 119 765 184 155 97 767 125 149 67 60 146 70 174 1081 227 384
internal_value=-0.00232912 -0.0183316 -0.00395396 -0.000108083 0.00382746 -0.00381274 -0.0334558 -0.00441782 -0.00986205 -0.000513893 -0.00342676 0.0160286 -0.0141632 0.00109172 0.00121314 0.00446989 0.0146336 -0.00377268 -0.0210187 -0.00123984 0.00635067 0.0103046 0.0165622 0.0256682 0.00738343 0.018257 0.0106218 -0.00937316 -0.00829213 0.0017505
internal_weight=4788.35 583.592 299.18 4204.76 2038.85 2165.91 284.412 2137.08 892.474 1244.6 1064.74 179.865 714.318 1626.96 151.943 454.891 411.889 845.184 108.233 736.951 781.774 341.047 247.349 136.766 178.156 107.842 202.247 609.847 274.265 628.293
internal_count=9728 1304 642 8424 3951 4473 662 4407 2035 2372 1982 390 1652 3226 361 831 725 1570 252 1318 1656 541 392 314 383 237 325 1151 582 1151
cat_boundaries=0 1 2
cat_threshold=458816 548896
is_linear=0
shrinkage=0.05


Tree=63
num_leaves=31
num_cat=4
split_feature=29 16 95 74 89 94 18 69 82 65 35 72 65 26 75 69 37 36 24 50 43 17 38 59 75 18 37 29 43 35
split_gain=69.2524 51.3359 25.6142 22.5424 21.4482 20.409 20.0296 18.069 20.6163 20.1122 16.7094 21.3396 19.7817 15.4577 14.936 17.7493 14.8468 19.1235 13.5905 13.4674 13.3996 12.3954 12.2469 12.0995 12.0169 11.8821 11.8562 14.307 12.561 11.8459
threshold=12.000000000000016 0.55050505050505061 1364.4500000000003 1187.0350000000001 0.98560480530240269 1885.0958049886624 0.41259276340614653 0 3203.3300000000004 1 3165.0000000000005 147.47000000000003 2 3.5100000000000002 3709.5000000000005 3 2415.0000000000005 60.000000000000121 174.465 0.062433883854160356 -168.66499999999994 0.29859297372524179 5805.0000000000009 0.013766604911492201 2006.6600000000003 0.43393232381399494 1035.0000000000002 81.095000000000013 -71.954999999999913 3385.0000000000005
decision_type=2 2 2 2 2 2 2 9 2 9 2 2 9 2 2 9 2 2 2 2 2 2 2 2 2 2 2 2 2 2
left_child=1 3 19 -1 6 -3 10 8 22 16 12 29 24 -14 15 -6 17 -9 -13 -2 -15 -17 -8 25 -4 -5 28 -28 -19 -12
right_child=2 5 4 23 14 -7 7 9 -10 -11 11 18 13 20 -16 21 -18 26 -20 -21 -22 -23 -24 -25 -26 -27 27 -29 -30 -31
leaf_value=3.7777794729176537 2.1435235164613631 0.16296716490929131 0.054199663289523303 0.10062944603380118 0.049369527993245302 -0.28034614722157442 1.3040140375422959 1.1317816225910924 3.2423614774910563 0.20412395035639508 -1.1333121697695816 12.954372272957452 -0.58713407066892853 -0.28071230929587143 -1.2479362015527771 -0.1690031910865919 -1.1656940061642047 0.67040147543546458 0.026990070732417566 -0.021347688863825456 0.041050484803225235 -0.71256537760495897 -1.0523483639852624 -0.68357490830221657 2.9542804733445318 -0.68944621842849618 -0.33026283070792994 0.074562689907785182 -0.50132256730547842 -0.31106915133088869
leaf_weight=32.444075554609299 57.74207392334938 30.483250349760056 51.879465892910957 81.122416749596596 157.83393420279026 246.52501314878464 110.58384175598621 109.30037412047386 49.527289792895317 915.4790114313364 86.96198682487011 22.803387016057968 128.96994666755199 61.193928673863411 84.465786129236221 41.221520990133286 62.132869333028793 29.926829397678375 135.01025660336018 25.270717233419418 874.64745131134987 65.887802004814148 28.403143107891083 114.76371657848358 61.642425760626793 80.891476720571518 130.42641155421734 275.30866922438145 57.451150894165039 552.59554687142372
leaf_count=73 100 60 100 172 365 588 223 226 120 1692 194 66 245 101 200 77 146 47 271 38 1629 150 59 235 147 182 284 489 99 1290
internal_value=-0.00227754 -0.0183704 -1.8778e-05 -0.0043662 -0.000576364 -0.0340031 0.000529228 0.00439448 0.0186284 0.0025621 -0.00293073 -0.00852049 0.000851828 -0.00134051 -0.0124238 -0.0065869 -0.00402867 -0.00168915 0.00794599 0.0274778 0.000883307 -0.0211989 0.0097461 -0.00898828 0.0197902 -0.00018967 -0.0058833 -0.0022854 -0.0225899 -0.0125837
internal_weight=4762.9 586.23 4176.67 309.222 4093.65 277.008 3744.24 1768.54 188.514 1580.03 1975.7 797.371 1178.33 1064.81 349.409 264.943 664.546 602.413 157.814 83.0128 935.841 107.109 138.987 276.778 113.522 162.014 493.113 405.735 87.378 639.558
internal_count=9668 1310 8358 662 8220 648 7428 3385 402 2983 4043 1821 2222 1975 792 592 1291 1145 337 138 1730 227 282 589 247 354 919 773 146 1484
cat_boundaries=0 1 2 3 4
cat_threshold=32 1196195 196704 140
is_linear=0
shrinkage=0.05


Tree=64
num_leaves=31
num_cat=3
split_feature=2 94 16 74 23 71 16 4 37 61 47 23 5 7 34 43 74 29 71 47 27 74 28 42 65 47 45 73 23 24
split_gain=59.1687 95.8124 26.3124 30.5789 24.0745 24.8386 21.584 26.7696 26.0493 24.2331 26.7306 20.6376 21.1512 22.4621 23.1226 22.6805 20.2692 20.0927 19.0666 17.995 16.7694 16.6054 19.9262 18.3142 15.0981 17.077 16.4784 14.6815 14.6747 16.5395
threshold=0 1913.8117913832202 0.5634920634920636 1982.1050000000002 1282.9100000000001 118.10000000000001 -0.74999999999999989 1.5000000000000002 2845.0000000000005 1 0.22536929731282432 2526.9950000000003 0.36602870813397131 6.5000000000000009 1995.0000000000002 -131.01499999999996 1806.6200000000001 75.075000000000017 103.40500000000002 0.49028385811579855 51.900000000000006 2586.5050000000006 81.655000000000015 5535.0000000000009 2 0.020588739618701904 60.019999999999989 3816.8700000000003 1026.6150000000002 237.68500000000003
decision_type=9 2 2 2 2 2 2 2 2 1 2 2 2 2 2 2 2 2 2 2 2 2 2 2 9 2 2 2 2 2
left_child=1 4 3 27 -1 -6 7 16 -9 10 -8 12 13 14 20 -16 -2 -14 -10 -18 24 23 -23 -13 -11 26 -26 -3 -12 -30
right_child=6 2 -4 -5 5 -7 9 8 18 11 28 21 17 -15 15 -17 19 -19 -20 -21 -22 22 -24 -25 25 -27 -28 -29 29 -31
leaf_value=2.6732672116726648 4.2443595943089241 6.9927603049950795 -0.28867952266287206 -0.66340901421988152 -2.0893964272816041 1.2716968513931122 1.0499994508530475 3.4025286454593928 1.1888293569060118 0.28208380782664266 1.4188580328250726 0.1820352445284501 -0.016310493412385087 0.15349095598184886 0.092231554553855899 -1.1722964112710621 -1.1281567337127498 1.2939781507095631 -1.5096452167504626 0.024243732933166486 0.75173421880465263 -2.403737510931629 -0.30232419595373267 -2.6321165863512039 -0.11834999189245893 -0.65602908920238512 0.44192550671495034 -0.065157636333171357 0.030307378991514613 -0.54503187214316928
leaf_weight=44.02290703356266 20.649979397654533 32.153008610010147 253.40697358548641 128.29035110771656 29.629427850246429 75.668740555644035 348.27412177622318 85.907207876443863 67.055559068918228 74.133862808346748 28.434413254261017 215.70185701549053 130.00799049437046 141.65424782037735 33.685907766222954 151.77835774421692 72.033919841051102 118.35269163548946 47.747536897659302 62.071764677762985 72.542860478162766 98.086098670959473 665.35226599872112 21.438379302620888 305.15479676425457 232.27569296956062 31.12347985804081 20.720744699239731 959.26314388215542 190.66255638003349
leaf_count=108 42 73 608 310 60 151 713 213 107 125 36 486 311 229 56 294 138 339 88 144 121 239 1560 48 521 400 45 31 1688 408
internal_value=-0.00224758 -0.0170117 -0.0291756 -0.0146246 0.0172499 0.00426861 -0.000140859 0.0116432 0.0236916 -0.00123838 0.00364177 -0.00448991 -0.000311882 -0.00343622 -0.00634704 -0.0220794 -0.00398304 0.0128007 0.00810969 -0.0110837 -0.00226754 -0.00987941 -0.0134693 0.00167781 -0.00483973 -0.00758893 -0.000520583 0.0173734 4.48694e-05 -0.000832541
internal_weight=4757.28 583.892 434.571 181.164 149.321 105.298 4173.39 355.466 200.71 3817.92 1526.63 2291.29 1290.71 1042.35 900.695 185.464 154.756 248.361 114.803 134.106 715.231 1000.58 763.438 237.14 642.688 568.554 336.278 52.8738 1178.36 1149.93
internal_count=9692 1341 1022 414 319 211 8351 732 408 7619 2845 4774 2441 1791 1562 350 324 650 195 282 1212 2333 1799 534 1091 966 566 104 2132 2096
cat_boundaries=0 1 2 3
cat_threshold=32 2 1441792
is_linear=0
shrinkage=0.05


Tree=65
num_leaves=31
num_cat=5
split_feature=29 16 74 16 4 37 34 67 64 4 42 4 6 24 65 71 17 38 108 36 69 94 52 24 35 94 17 54 45 61
split_gain=53.0293 52.4498 24.9263 18.7678 24.8351 21.9804 20.3472 30.7245 27.6276 22.4723 24.0747 20.3364 34.5525 24.1586 27.6546 19.0698 19.0027 17.91 17.0169 16.8707 16.8171 16.5244 15.7533 15.5447 17.3171 14.8045 13.7418 13.2848 13.1432 20.3771
threshold=12.000000000000016 0.5634920634920636 1255.8850000000002 -0.74999999999999989 1.5000000000000002 2845.0000000000005 2015.0000000000002 0 1 1.5000000000000002 1845.0000000000002 2.5000000000000004 8.5000000000000018 184.94500000000002 2 103.40500000000002 0.38823811191540092 2735.0000000000005 1.0000000180025095e-35 59.999999999999893 3 1870.7328117913835 331.17874149659912 165.62500000000003 2545.0000000000005 3697.2500000000005 0.30921269173953275 -20.601515170199985 -143.25999999999996 4
decision_type=2 2 2 2 2 2 2 1 9 2 2 2 2 2 9 2 2 2 2 2 9 2 2 2 2 2 2 2 2 1
left_child=1 2 -1 4 -2 -6 7 9 16 18 -11 12 13 14 -10 -7 -8 -13 -5 -20 23 -3 -21 -4 -25 26 -14 28 29 -19
right_child=3 21 20 6 5 15 8 -9 11 10 -12 17 25 -15 -16 -17 -18 27 19 22 -22 -23 -24 24 -26 -27 -28 -29 -30 -31
leaf_value=1.4719443235536289 -0.25781779002395311 0.091657183190842775 0.094385787085452935 -0.20471130424307094 3.0420704400652188 1.9241165555991082 -0.59801955410867869 3.4084058123984082 0.37481922903529186 4.4662881924785713 0.16260254422713383 0.70373889678404145 0.74380764133177524 -1.0751468911355488 -1.3258547533538634 -2.7605643426138187 1.1090910915623835 -0.56293838737794921 1.0246752243275894 -0.059035821266961365 -2.6843307104166727 -0.25189486372735248 0.75035259354066752 1.9072347645615411 -0.47724704401969831 -0.46778960423629173 -0.019700310621338701 -0.91901458320374729 0.087152629284562272 0.071318406716554247
leaf_weight=51.051419615745544 106.28221240639687 21.927840352058411 104.75062063336372 342.80257968604565 81.974164068698883 52.365438729524612 119.35729776322842 78.580910742282867 133.83945509791374 66.644647002220154 159.89807049930096 145.41800425946712 141.24221368134022 349.32582598924637 112.05160258710384 40.209515482187271 27.245677292346954 206.49114449322224 69.630447834730148 543.13498497009277 57.466212034225464 209.12433648109436 108.35590204596519 43.59820818901062 103.55859999358654 61.704849824309349 81.935815960168839 77.337913706898689 669.36309719085693 387.71026614308357
leaf_count=108 196 37 224 510 208 89 285 211 257 169 276 442 271 799 242 76 48 490 115 879 117 499 155 90 243 160 135 175 1356 798
internal_value=-0.00209086 -0.0161 -0.00417874 -0.000100406 0.0123817 0.0239842 -0.00100337 0.00390096 -0.00367515 0.00190024 0.0162138 -0.00230306 -0.00833632 -0.0151902 -0.00318386 0.00728789 -0.0240271 0.00125394 -0.00112971 0.00323015 -0.00952012 -0.0346962 0.00072993 -0.00309293 -0.0136949 0.00598384 0.0119772 -0.000553533 0.000677717 -0.00473463
internal_weight=4754.38 591.477 360.425 4162.9 280.831 174.549 3882.07 1369.05 2513.02 1290.47 226.543 2366.42 880.1 595.217 245.891 92.575 146.603 1486.32 1063.92 721.121 309.374 231.052 651.491 251.907 147.157 284.883 223.178 1340.9 1263.56 594.201
internal_count=9660 1318 782 8342 569 373 7773 2315 5458 2104 445 5125 1864 1298 499 165 333 3261 1659 1149 674 536 1034 557 333 566 406 2819 2644 1288
cat_boundaries=0 1 2 3 4 5
cat_threshold=1 8 545802 225 4
is_linear=0
shrinkage=0.05


Tree=66
num_leaves=31
num_cat=5
split_feature=2 23 71 79 16 23 5 73 75 70 30 31 5 44 22 25 23 32 39 61 91 69 28 15 43 65 97 45 73 101
split_gain=46.307 62.7514 28.5084 23.8988 23.8895 23.3514 23.1506 43.4525 22.9933 17.6031 28.1089 24.9917 28.4953 21.7572 21.4876 17.0205 16.9742 16.7832 16.6704 19.1445 21.511 19.849 16.9675 16.055 18.2371 15.9899 15.9547 18.5767 16.4981 23.9777
threshold=0 1566.7450000000001 89.850000000000009 1.0000000180025095e-35 0.5634920634920636 2016.4750000000001 0.7947368421052633 3816.8700000000003 5594.7900000000009 1 0.72306165882154938 3615.0000000000005 0.66025641025641035 42.679999999999843 7920.0000000000009 2710.8050000000007 2812.3750000000005 4805.0000000000009 755.00000000000011 2 0.041381278538812759 3 108.43000000000002 0.19090909090909094 -65.694999999999922 4 2686.3945578231296 -307.88500000000039 1106.7500000000002 0.8855727912533512
decision_type=9 2 2 2 2 2 2 2 2 9 2 2 2 2 2 2 2 2 2 1 2 9 2 2 2 9 2 2 2 2
left_child=1 3 -3 -1 6 -6 -4 -8 9 10 -2 12 15 -14 -13 -12 -10 -16 -11 20 23 22 -21 24 -20 -25 27 -23 29 -29
right_child=8 2 4 -5 5 -7 7 -9 16 18 11 14 13 -15 17 -17 -18 -19 19 21 -22 26 -24 25 -26 -27 -28 28 -30 -31
leaf_value=2.0314065334437901 1.2438883485978245 -0.23930012054098457 -1.6219426525140563 -0.43980600263765446 -0.12333896341701377 -0.38875028548855683 3.711768510742667 -0.59794110459509253 0.011923741640924135 -1.0123583435530237 0.14017676180322303 -2.0834402633865339 2.7658533419671771 0.072907139729657192 0.14542691416199746 -0.60992767951818516 -1.235005651207338 -1.0159838412640496 1.7259202291183868 5.5336555207927596 1.6121251693649883 -0.38681099893194359 -0.12328377919447675 -0.52472971908011645 0.17964930947133731 0.026943171434811203 -0.46652352775349615 0.0064250143668722615 0.2797333497007583 -1.8471234018359894
leaf_weight=95.885877445340157 281.03700990974903 106.60548482835293 76.214512214064598 31.341958999633789 70.347598612308502 152.40750648081303 71.89546824991703 37.051851749420166 45.669495940208435 120.79134748876095 80.818541765213013 108.35376274585724 107.09394288063049 82.086391419172287 64.074998170137405 55.772976994514465 78.32517683506012 40.698376640677452 39.89297217130661 56.942582339048386 72.162221342325211 249.71546621620655 20.662900000810623 127.21217902004719 517.99631597101688 476.7678931504488 643.42905016243458 395.8504154831171 384.13362434506416 70.704073324799538
leaf_count=201 613 261 173 36 121 372 161 76 75 307 142 242 257 167 143 147 202 84 59 128 127 482 32 267 923 810 1441 648 867 129
internal_value=-0.001912 -0.014294 -0.0222915 0.0169252 -0.0162748 -0.0273067 -0.00300318 0.011784 5.11619e-05 0.000709232 0.00719241 0.000594684 0.00930385 0.0218692 -0.0127176 -0.00809921 -0.0211535 0.00342755 -0.000983914 -0.000266795 0.00454157 -0.00352448 0.019798 0.00289639 0.00901192 -0.00275245 -0.00464927 -0.00101884 0.00250095 -0.00381723
internal_weight=4761.94 641.75 514.522 127.228 407.917 222.755 185.162 108.947 4120.19 3996.2 819.936 538.899 325.772 189.18 213.127 136.592 123.995 104.773 3176.26 3055.47 1234.03 1821.44 77.6055 1161.87 557.889 603.98 1743.83 1100.4 850.688 466.554
internal_count=9693 1401 1164 237 903 493 410 237 8292 8015 1795 1182 713 424 469 289 277 227 6220 5913 2186 3727 160 2059 982 1077 3567 2126 1644 777
cat_boundaries=0 1 2 3 4 5
cat_threshold=40 49 2 32 1312865
is_linear=0
shrinkage=0.05


Tree=67
num_leaves=31
num_cat=4
split_feature=29 15 50 53 49 18 75 6 69 35 24 78 17 50 70 27 37 65 90 25 28 37 22 74 75 25 19 3 47 74
split_gain=59.8268 39.6849 19.5454 20.5826 19.094 19.1202 18.1438 16.5582 15.0901 17.0964 23.2123 18.869 14.6163 17.2215 15.0129 18.9449 29.6292 15.4467 14.6085 13.8052 19.1561 16.3323 13.656 13.648 17.0121 22.2628 17.7429 17.0491 15.9479 15.8802
threshold=12.000000000000016 0.19090909090909094 0.52835851888273466 -26.551155774599358 0.64013120360908926 0.45760247320130548 2303.5500000000006 1.5000000000000002 0 2545.0000000000005 165.62500000000003 1.0000000180025095e-35 0.26930281870743611 0.37462306411946378 1 69.820000000000007 2825.0000000000005 2 0.24305019305019301 1836.3950000000002 128.54500000000004 1885.0000000000002 5530.7482993197291 3086.1050000000005 1627.7200000000003 2156.6850000000009 107.99999999999997 3 0.5003990722342383 1626.9700000000003
decision_type=2 2 2 2 2 2 2 2 9 2 2 2 2 2 9 2 2 9 2 2 2 2 2 2 2 2 2 9 2 2
left_child=1 6 4 -4 7 -6 -1 -2 9 11 22 -3 18 14 15 -14 -17 19 -9 20 -16 -21 -11 24 26 -26 -19 -27 -29 -28
right_child=2 8 3 -5 5 -7 -8 12 -10 10 -12 -13 13 -15 17 16 -18 23 -20 21 -22 -23 -24 -25 25 27 29 28 -30 -31
leaf_value=-0.16582876420973491 2.1388065471814941 2.8212872563741942 1.1780412701692728 -0.15811891393651367 0.031456081576040872 1.1069570311280788 -0.22733511451393584 -0.2943475842292283 -2.3367452874505221 -0.43563289870482014 -0.54062659866474128 -0.58271131968438472 1.8363185533505089 -0.40751135930008736 1.4740612113631204 1.3225243833097551 -0.94125135411884175 -2.2521838451688709 1.9552341994063398 -0.58838601013754188 -0.036011389217490121 -0.064456583422253286 0.1694126907134498 -0.10085024986691665 2.9918988264382507 1.0136835546112337 0.22256028095089278 0.59946677332660547 -0.23319428150290555 -0.20192637488091025
leaf_weight=43.951144158840179 25.922873347997665 61.349573209881783 158.93663544952869 53.419073447585106 280.4074079990387 106.49671947956085 174.48350867629051 581.01615005731583 67.152579426765442 45.419448882341385 111.69126063585281 21.369371354579926 105.98784758150578 85.260265603661537 37.365740209817886 108.42203725874424 59.720014229416847 32.463637709617615 48.586778298020363 276.96029342710972 98.426384076476097 371.39592958986759 59.787101894617081 510.45979331433773 58.194139078259468 175.6147263199091 243.19558700919151 191.89138734340668 252.8263119161129 315.44034641981125
leaf_count=88 58 138 298 88 458 167 419 1248 140 82 266 27 244 154 65 240 122 69 157 651 138 809 142 1010 141 485 363 363 489 546
internal_value=-0.00182375 -0.0167965 0.000273248 0.0150519 -0.000518048 0.0100338 -0.0336684 -0.00165869 -0.00674817 -0.00141303 -0.00883608 0.0178802 -0.00194917 -0.000461014 0.000204082 0.0111099 0.0010793 -0.00100122 -0.00885959 -0.0068026 0.00760709 -0.00992549 0.00801742 0.00157807 0.00436298 0.00976503 -0.00183805 0.00699104 0.00150252 0.000250217
internal_weight=4763.61 585.204 4178.41 212.356 3966.05 386.904 218.435 3579.15 366.769 299.617 216.898 82.7189 3553.23 2923.62 2838.36 274.13 168.142 2564.23 629.603 784.148 135.792 648.356 105.207 1780.09 1269.63 678.527 591.1 620.332 444.718 558.636
internal_count=9665 1302 8363 386 7977 625 507 7352 795 655 490 165 7294 5889 5735 606 362 5129 1405 1663 203 1460 224 3466 2456 1478 978 1337 852 909
cat_boundaries=0 1 2 3 4
cat_threshold=225 32 1049921 16
is_linear=0
shrinkage=0.05


Tree=68
num_leaves=31
num_cat=5
split_feature=2 23 16 5 73 42 23 29 33 76 4 25 69 16 29 77 37 2 106 72 53 45 5 42 65 65 28 28 24 37
split_gain=56.9409 69.934 21.5585 25.5141 24.3683 18.062 17.0831 16.4609 18.0753 17.5562 27.5242 38.9796 41.56 22.8465 19.4511 19.4634 17.2305 17.2634 17.0935 22.6407 17.8683 15.5189 15.4287 16.9615 14.946 14.5637 14.3305 23.9159 16.2375 13.9053
threshold=0 1566.7450000000001 0.53588516746411485 0.82971014492753636 3497.2500000000005 5675.0000000000009 1968.3950000000002 208.04500000000004 1075.0000000000002 3575.8050000000007 1.5000000000000002 2156.6850000000009 1 0.73703703703703705 90.775000000000034 0.86568807796795844 3595.0000000000005 2 0.51000000000000012 17.685000000000006 -38.923421654128262 191.44499999999999 0.29705882352941176 4660.0000000000009 3 4 122.33999999999999 138.64000000000004 181.06500000000003 3725.0000000000005
decision_type=9 2 2 2 2 2 2 2 2 2 2 2 9 2 2 2 2 9 2 2 2 2 2 2 9 9 2 2 2 2
left_child=1 -1 3 -3 -5 7 -4 8 9 10 18 -12 14 16 22 -16 17 -14 -2 -20 -21 -22 -13 24 -24 -9 29 -28 -29 -11
right_child=5 2 6 4 -6 -7 -8 25 -10 26 11 12 13 -15 15 -17 -18 -19 19 20 21 -23 23 -25 -26 -27 27 28 -30 -31
leaf_value=2.0318662198224189 -0.52244903669840426 -1.6739717625002002 -0.16692233745300344 8.7550590372439245 -0.67564490302112157 -0.80884850537667818 -0.21596835878823839 -0.058756248557855884 0.6361362451453304 -0.57661031747393865 3.9550861744343706 10.909615562960736 0.75486261180163583 -1.0203087643211497 3.9281458327472452 0.4411540266355598 0.26349656108299513 -0.23966740926408991 0.40652099714524043 2.3578534464444387 -0.23301763182393245 0.87686482008439981 0.98338593306246624 -1.877958116660956 -0.27879147008888056 0.46556452864934672 0.51861284188014245 0.090584329596608629 -0.38960225386517494 0.019001445765616156
leaf_weight=71.386904299259186 425.52921855449677 83.520151615142822 77.636133074760437 31.334732383489609 30.776125997304916 48.57041098177433 282.38201063871384 163.56355682015419 176.93782834708691 390.96079245209694 69.923613056540489 29.14060777425766 112.94994227588177 79.81362484395504 74.679215058684349 113.73709985613823 23.487892389297485 431.26689948141575 192.88149103522301 23.557590305805206 492.35223381221294 24.523444414138794 179.28404724597931 18.952856063842773 49.075101286172867 320.16226904094219 108.01386266946793 188.51416298747063 385.14432954788208 70.335426494479179
leaf_count=169 741 198 145 75 64 107 675 245 385 876 187 70 310 150 217 260 33 748 318 44 903 44 415 42 126 520 208 363 892 147
internal_value=-0.00220975 -0.0167924 -0.0236237 -0.00739102 0.0168776 -0.000162639 -0.03019 0.0001922 -0.000953161 -0.00174488 0.000735052 0.00610239 0.00382621 -0.00439298 0.0150456 0.027758 -0.000939299 -0.00274895 -0.00474098 -0.000115118 -0.00536372 -0.00730467 0.0069257 0.00287107 0.00664338 0.00886082 -0.00682456 -0.00221897 -0.00628282 -0.0136304
internal_weight=4770.39 577.036 505.649 145.631 62.1109 4193.36 360.018 4144.79 3661.06 3484.12 2341.15 1182.31 1112.39 647.518 464.869 188.416 567.705 544.217 1158.84 733.315 540.433 516.876 276.453 247.312 228.359 483.726 1142.97 681.672 573.658 461.296
internal_count=9677 1326 1157 337 139 8351 820 8244 7479 7094 4608 2558 2371 1241 1130 477 1091 1058 2050 1309 991 947 653 583 541 765 2486 1463 1255 1023
cat_boundaries=0 1 2 3 4 5
cat_threshold=32 40 4 30721 149634
is_linear=0
shrinkage=0.05


Tree=69
num_leaves=31
num_cat=3
split_feature=29 16 23 3 6 5 29 16 37 65 38 23 42 38 28 101 42 59 75 29 76 22 59 37 45 65 50 101 39 27
split_gain=56.4339 45.505 22.3956 18.8912 21.5027 19.3198 23.8816 26.0261 19.811 18.1784 19.8844 17.9558 17.9268 20.7946 16.2967 16.1718 20.6525 19.0756 17.1918 16.0528 15.715 15.1141 14.5416 14.4523 14.2775 14.9237 13.607 13.2029 22.0508 12.8032
threshold=12.000000000000016 0.55050505050505061 4376.1150000000007 0 1.5000000000000002 0.36602870813397131 114.48 0.37980769230769235 2465.0000000000005 1 6625.0000000000009 1968.3950000000002 3205.0000000000005 4475.0000000000009 124.41500000000001 0.90468015086926401 2955.0000000000005 0.0050878952435270504 2934.5500000000006 57.735000000000021 1351.7 5530.7482993197291 0.0039648872178786512 2105.0000000000005 -257.79000000000013 2 -0.0010457362070866998 0.33654906757571951 3105.0000000000005 95.145000000000024
decision_type=2 2 2 9 2 2 2 2 2 9 2 2 2 2 2 2 2 2 2 2 2 2 2 2 2 9 2 2 2 2
left_child=1 20 3 5 -5 8 24 -8 23 -4 -11 -3 -9 -14 -15 16 17 -6 -18 -19 -1 -13 -22 26 -7 -26 -2 28 -21 -27
right_child=2 11 9 4 15 6 7 12 -10 10 -12 21 13 14 -16 -17 18 19 -20 27 22 -23 -24 -25 25 29 -28 -29 -30 -31
leaf_value=5.152918905914003 0.23947294389690585 -0.13975206229119549 0.81499997130113833 2.0572505160176435 0.75509209967538249 -0.42926311913984994 2.7201842036074839 0.73182942307612686 -0.52140919835658939 -0.94154156466249794 1.0933116012606861 -0.20516994084882612 -0.54160408908001878 -0.62846998315316105 2.0191351436342631 -0.35833390008983912 -0.98267345184575139 0.49753287200745239 -0.33300445113321048 -0.0066625766744067508 0.095600394439044584 -0.51738060220387183 -0.51975685044349829 0.53223756840093461 0.66599604063168349 -0.14081038714732008 -0.058807124004580658 -0.062711477277947833 1.1670670220135897 4.4077557918337495
leaf_weight=22.13031131029129 188.66275669634342 53.222204938530922 48.000816911458969 24.578360021114349 81.27100470662117 41.438185080885887 80.469389766454697 253.02884542942047 97.514838948845863 220.19201649725437 24.335721224546432 129.90429332852364 94.58653099834919 17.878047734498978 74.949022591114044 510.3794106990099 58.47300024330616 192.87629598379135 185.4482354670763 72.725458383560181 69.906866207718849 101.84317100048065 215.53211885690689 102.53906206786633 108.79900750517845 349.38144631683826 469.13508182764053 860.76291750371456 37.343965977430344 26.422447115182877
leaf_count=54 338 103 84 60 161 97 206 621 255 536 47 326 201 40 181 1106 165 328 439 130 155 234 452 213 222 734 797 1393 56 61
internal_value=-0.00193117 -0.0163809 9.71667e-05 0.00109096 -0.00227106 0.00465062 0.00923319 0.0168219 -0.000887897 -0.0132495 -0.0183625 -0.0307759 0.0120448 0.000323886 0.017136 -0.00285372 -0.000220863 0.0023857 -0.0135248 0.000750109 -0.00304353 -0.0367906 -0.0061905 0.00183324 0.00171851 0.00412727 -0.000888425 -0.00186742 0.0144383 -0.00082871
internal_weight=4813.73 592.539 4221.19 3928.66 2023.86 1904.8 1046.95 520.912 857.852 292.529 244.528 284.97 440.442 187.414 92.8271 1999.28 1488.9 1244.98 243.921 1163.71 307.569 231.747 285.439 760.337 526.041 484.603 657.798 970.832 110.069 375.804
internal_count=9795 1324 8471 7804 3838 3966 2363 1249 1603 667 583 663 1043 422 221 3778 2672 2068 604 1907 661 560 607 1348 1114 1017 1135 1579 186 795
cat_boundaries=0 1 2 3
cat_threshold=84 1336 792586
is_linear=0
shrinkage=0.05


Tree=70
num_leaves=31
num_cat=3
split_feature=29 15 6 61 47 7 5 24 49 76 23 101 65 49 45 56 26 97 34 29 50 30 28 43 96 15 95 65 28 101
split_gain=50.4573 47.176 18.8264 17.8081 23.9746 19.2591 23.3298 27.1368 16.3951 15.7025 15.5145 15.1179 14.9832 13.6715 13.6652 14.8023 14.4713 13.4815 13.3364 13.2378 16.3039 17.4282 12.8202 14.9452 17.8149 15.531 13.3888 13.054 12.1282 11.5391
threshold=12.000000000000016 0.19090909090909094 1.5000000000000002 0 0.22536929731282432 1.0000000180025095e-35 0.66025641025641035 149.10500000000005 0.39608524285573971 2195.1350000000007 1968.3950000000002 0.94932284847025017 1 0.016378672389556152 354.91500000000008 0.99958044060078477 177.18500000000003 3394.7845804988669 1445.0000000000002 137.44500000000002 0.013877053694821303 0.26104826138951703 172.43500000000003 -160.15000000000006 2481.8594104308395 0.19090909090909094 1415.3956916099776 2 148.78000000000003 0.92612073582247534
decision_type=2 2 2 1 2 2 2 2 2 2 2 2 9 2 2 2 2 2 2 2 2 2 2 2 2 2 2 9 2 2
left_child=1 10 -2 4 28 6 9 11 18 -5 29 17 13 -6 15 22 -17 -8 -3 -14 -21 -22 23 24 -7 27 -27 -25 -4 -1
right_child=2 8 3 5 12 14 7 -9 -10 -11 -12 -13 19 -15 -16 16 -18 -19 -20 20 21 -23 -24 25 -26 26 -28 -29 -30 -31
leaf_value=0.1243979414553408 1.8205155319907989 1.3990114724391078 1.6222503668725823 3.9937128402874773 -0.068313019802400995 -0.40388726063036756 0.24631898912558228 3.2517217475455258 -0.49376900792132405 -0.47746775204480657 -0.19491144380638448 3.2951595089635846 -0.20013739594767108 0.35507719517463138 0.27363443498171164 -0.43353432406208159 0.31506060418527826 -1.2948463053585466 -0.21187884050414996 0.25626384034681532 -1.0106662637703452 0.25324019797040659 -0.26849456038499897 0.31967234257356747 0.0014029565667540989 -0.093790136004890459 0.17345788129169792 -0.49046323886742771 0.43973198647619932 -0.20370995631623856
leaf_weight=24.035084396600723 25.859083041548729 42.386186271905899 134.87772408127785 25.595814272761345 261.23613940179348 52.353367567062378 22.132272243499756 111.94270667433739 30.292935103178024 113.1367367208004 169.60754989087582 23.843176752328873 361.46944354474545 295.34282693266869 157.27740067243576 799.77864140272141 81.201263278722763 32.916826993227005 300.37555393576622 148.66092799603939 62.591063857078552 42.296850681304932 386.92589397728443 148.4948386400938 59.304884225130081 20.371234819293022 412.63371956348419 191.63751792907715 224.017931625247 22.281711786985397
leaf_count=43 57 91 277 53 523 79 49 270 66 224 414 43 698 492 305 1782 184 53 651 240 117 55 809 281 95 27 812 432 447 50
internal_value=-0.00230132 -0.0160057 -0.000377631 -0.000641372 0.00364963 -0.00312943 0.00817779 0.0195204 -0.00523993 -0.00742467 -0.0346058 -0.00293916 0.000186049 0.00607173 -0.00474264 -0.00578212 -0.0107636 -0.0173439 -0.00212379 -0.00515528 0.0035196 -0.0115749 -0.00233124 0.000988575 -0.0161109 0.00345812 0.00973898 -0.00453772 0.0149563 -0.0089585
internal_weight=4784.88 588.979 4195.9 4170.04 1530.49 2639.55 329.568 190.835 373.055 138.733 215.924 78.8923 1171.6 556.579 2309.98 2152.7 880.98 55.0491 342.762 615.018 253.549 104.888 1271.72 884.796 111.658 773.137 433.005 340.132 358.896 46.3168
internal_count=9719 1315 8404 8347 2849 5498 692 415 808 277 507 145 2125 1015 4806 4501 1966 102 742 1110 412 172 2535 1726 174 1552 839 713 724 93
cat_boundaries=0 1 2 3
cat_threshold=2 618704 268562
is_linear=0
shrinkage=0.05


Tree=71
num_leaves=31
num_cat=2
split_feature=29 15 76 23 102 65 6 6 43 26 45 73 29 94 101 51 4 59 50 53 101 33 24 31 65 19 30 56 82 54
split_gain=54.3626 52.5991 19.2446 17.2007 15.3151 14.757 17.606 16.9607 15.6134 33.1142 16.8832 14.5226 16.6568 15.4079 14.5055 13.9881 14.8392 13.9399 13.5586 15.002 13.0434 14.8362 12.7051 12.5089 12.4884 12.1037 12.0692 11.9577 11.926 11.8778
threshold=12.000000000000016 0.19090909090909094 3662.9900000000002 1968.3950000000002 0.60952380952380969 0 1.5000000000000002 16.500000000000004 -47.304999999999943 146.95500000000001 -60.500000000000107 1066.2500000000002 53.839999999999996 3590.8270294784584 0.92612073582247534 0.070425643787944414 6.5000000000000009 0.0027640628728271507 0.56525010658420616 -29.381901302495269 0.63854874563129593 705.00000000000011 242.03000000000003 3795.0000000000005 1 564.50000000000023 0.86933009518703963 0.99753242864131342 3459.2530000000002 -46.321689637534568
decision_type=2 2 2 2 2 9 2 2 2 2 2 2 2 2 2 2 2 2 2 2 2 2 2 2 9 2 2 2 2 2
left_child=1 3 5 14 18 7 -7 25 9 10 11 22 13 -13 -1 -11 -17 -3 19 23 21 -10 29 28 27 -2 -26 -22 -4 -8
right_child=2 17 4 -5 -6 6 8 -9 20 15 -12 12 -14 -15 -16 16 -18 -19 -20 -21 24 -23 -24 -25 26 -27 -28 -29 -30 -31
leaf_value=0.1181780443825744 0.075743581816037422 0.078788367502383494 -0.39503707678824757 -0.18516587161606568 -0.56245020023323211 1.8651912930463057 0.10337602849819127 9.5786935340656303 0.017988419949010393 -0.43313716392350027 1.7257469942922421 0.21412388142862249 1.287327479078447 -2.2733345775951448 -0.19352445850042699 -0.20872826450671883 1.1621614450900863 -0.35713009482818592 1.0161215266808306 -0.012586743128206025 0.27021370014872875 1.4600584757555195 0.93954337562391754 -1.5559624867927782 -0.32942748145412681 3.3248710823636802 1.0208921614389206 -0.16982972537770849 0.92281011458425688 -0.34867116594141695
leaf_weight=27.880049645900726 415.27307356894016 61.703873932361603 126.31553162634373 172.70402085781097 171.55214931070805 23.319857656955719 70.821161434054375 55.387615844607353 510.63102008402348 26.618849068880081 115.60693691670895 37.361172378063202 143.49704544246197 21.928007543087006 24.591899365186691 203.42256407439709 30.983642280101776 305.23225304484367 40.320065781474113 757.63340705633163 182.27537234127522 38.685414284467697 32.210964441299438 68.990770325064659 676.18910525739193 21.529476195573807 29.544121637940407 250.00845342874527 15.853680506348608 122.463962033391
leaf_count=48 883 137 301 423 419 57 121 147 929 45 222 79 280 40 55 412 48 659 78 1517 342 71 43 207 1296 54 66 506 34 199
internal_value=-0.00191351 -0.0160945 9.123e-05 -0.035118 -0.00531827 0.00221467 0.00064144 0.0100384 0.000239368 0.0059693 0.012995 0.00841809 0.0181272 -0.00416642 -0.0100471 -0.00866987 -0.00476938 -0.00442038 -0.00297029 -0.00415266 -0.002494 0.00383345 -0.000313168 -0.0159383 -0.00554823 0.00693726 -0.00957346 0.00121655 -0.00746082 -0.00515816
internal_weight=4780.54 592.112 4188.42 225.176 1180.67 3007.76 2515.57 492.19 2492.25 804.914 543.889 428.282 202.786 59.2892 52.4719 261.025 234.406 366.936 1009.11 968.793 1687.33 549.316 225.496 211.16 1138.02 436.803 705.733 432.284 142.169 193.285
internal_count=9718 1322 8396 526 2556 5840 4756 1084 4699 1489 984 762 399 119 103 505 460 796 2137 2059 3210 1000 363 542 2210 937 1362 848 335 320
cat_boundaries=0 1 2
cat_threshold=208896 804880
is_linear=0
shrinkage=0.05


Tree=72
num_leaves=31
num_cat=2
split_feature=2 94 71 74 13 5 96 73 24 5 42 23 29 74 17 54 18 6 34 104 27 69 74 5 72 49 24 6 57 28
split_gain=48.7286 47.7183 25.529 24.2228 16.8928 16.5198 18.8794 14.9872 17.2058 16.1313 32.8365 22.1325 19.5966 20.8825 20.0978 17.7369 17.3809 14.6687 32.7286 24.6437 17.2297 13.8133 13.5857 18.0394 16.731 13.3371 13.2008 14.9155 14.4086 13.0828
threshold=0 1860.4491496598641 139.28000000000003 1153.1350000000004 0.5277777777777779 0.71130952380952395 3604.3083900226761 5296.9000000000005 218.43000000000004 0.48913043478260876 1995.0000000000002 4376.1150000000007 118.22500000000001 3327.9100000000003 0.30921269173953275 -29.631546075026879 0.40715676961101216 9.5000000000000018 2095.0000000000005 0.84764841667514934 138.48000000000005 1 2993.3250000000003 0.29705882352941176 42.63000000000001 0.24586808281339914 174.49500000000003 8.5000000000000018 0.95839240411745819 65.665000000000035
decision_type=9 2 2 2 2 2 2 2 2 2 2 2 2 2 2 2 2 2 2 2 2 9 2 2 2 2 2 2 2 2
left_child=1 3 -3 -1 5 -4 -7 9 -9 17 -11 12 16 -14 -15 -16 21 18 20 -20 -2 -12 23 -19 -24 -5 28 -28 -21 -26
right_child=7 2 4 25 -6 6 -8 8 -10 10 11 -13 13 14 15 -17 -18 22 19 26 -22 -23 24 -25 29 -27 27 -29 -30 -31
leaf_value=1.6362301907389438 -0.011474192322966559 -0.17590757803526175 -1.3756773125413149 0.39374738054711433 -0.23363242388083877 6.6168009309064679 -0.46508225716992513 -1.2661249835129298 0.32294115001425716 3.4230322141652665 0.0094044059862007159 -0.75775560382332829 1.0000948787752719 0.7815529988220975 -0.98574922111205154 0.35639029981709602 0.12740648147780434 1.1517070419738191 -1.0932755945717432 -0.8327548137603572 4.7411823629692433 -0.60188761719422823 -0.47850601032834705 -0.17177089218965591 -1.9592776191157784 -0.36288448831479914 -0.96533520290232255 0.74717867341594213 0.10552744807275048 0.094448217683280697
leaf_weight=63.323256313800812 1355.2749597877264 143.77346223592758 44.41028593480587 80.065112352371216 203.85580864548683 35.356367766857147 29.284952506422997 91.634868875145912 38.028750941157341 54.872467994689941 229.50910645723343 153.64946618676186 266.18315646052361 128.61077558994293 104.6440315246582 45.698864385485649 432.83123783767223 177.49770751595497 187.18945202231407 21.730271905660629 27.797119647264481 143.36499281227589 68.270405456423759 70.113845810294151 30.688033878803253 27.997072666883469 178.55047386884689 28.133854925632477 79.870793491601944 247.07419574260712
leaf_count=132 2183 359 104 156 454 80 64 213 71 179 519 356 663 320 230 76 907 362 470 51 77 286 147 114 73 32 405 48 159 432
internal_value=-0.00186728 -0.0147315 -0.0234089 0.00753123 -0.0153956 0.000488367 0.0166187 0.000109487 -0.0166222 0.000647886 0.0046302 0.00324454 0.00528982 0.0126112 0.00305177 -0.00936119 0.0003362 -0.001864 -0.0040291 -0.0150555 -7.89733e-05 -0.00757598 0.00498729 0.013929 -0.00141115 -0.00685808 -0.00636637 -0.0136206 0.00839062 0.00403954
internal_weight=4789.29 628.066 456.681 171.385 312.907 109.052 64.6413 4161.22 129.664 4031.56 1559.36 1504.49 1350.84 545.137 278.954 150.343 805.705 2472.19 1878.55 495.475 1383.07 372.874 593.644 247.612 346.033 108.062 308.285 206.684 101.601 277.762
internal_count=9722 1381 1061 320 702 248 144 8341 284 8057 3536 3357 3001 1289 626 306 1712 4521 3393 1133 2260 805 1128 476 652 188 663 453 210 505
cat_boundaries=0 1 2
cat_threshold=40 168
is_linear=0
shrinkage=0.05


Tree=73
num_leaves=31
num_cat=6
split_feature=2 94 71 31 94 16 4 5 31 18 33 57 3 76 73 23 5 3 28 6 45 34 65 58 70 50 69 98 74 4
split_gain=40.7535 72.5879 33.6411 28.1975 18.5593 15.7746 20.3976 18.0635 14.9558 13.828 19.5011 17.7125 16.9561 17.2438 13.51 21.3287 13.4923 13.284 16.5735 15.9948 13.7915 21.0749 21.2925 14.1741 13.7637 13.1028 14.9332 29.4972 17.7215 14.9568
threshold=0 1310.7420634920638 111.90500000000002 1765.0000000000002 5519.2794897959193 0.55050505050505061 7.5000000000000009 0.98076923076923095 5485.0000000000009 0.41259276340614653 2440.0000000000005 0.83821401313397936 1 1931.8550000000002 4285.8500000000013 2026.6050000000002 0.57793522267206487 2 168.62500000000003 23.500000000000004 -131.82999999999967 3145.0000000000005 3 0.052336187891689208 4 -0.30433350316800506 5 2870.9750566893431 2019.7750000000003 1.5000000000000002
decision_type=9 2 2 2 2 2 2 2 2 2 2 2 9 2 2 2 2 9 2 2 2 2 9 2 9 2 9 2 2 2
left_child=1 -1 -3 -4 8 7 14 -5 9 17 11 16 -13 -14 15 -7 -11 20 19 25 21 22 -2 24 -22 -19 29 28 -28 -27
right_child=4 2 3 5 -6 6 -8 -9 -10 10 -12 12 13 -15 -16 -17 -18 18 -20 -21 23 -23 -24 -25 -26 26 27 -29 -30 -31
leaf_value=1.8632483455088007 1.6480821308500755 -0.16711219913349851 3.4160361746389061 -0.63522136649584704 -1.0633968825394149 -0.13995960343940084 0.019189161471362584 5.238701784296695 4.0897163382440462 0.25727672475744046 4.2453719360327646 -0.2572695657604232 2.0914841662617549 0.020809620863265366 0.022058506770166277 -0.33508019853472321 2.1380081026404016 -1.2151054631289484 -2.0067559375987734 -2.2673700752313821 5.2077077636017419 -0.52437123319830337 -0.078337658654231757 0.45836091573704607 -0.036304184675792328 -0.41576291523231107 -0.40883456680384855 -1.009303572619382 0.38532767052970274 3.1434948144321222
leaf_weight=49.44626297056675 108.93849208950996 120.81456643342972 24.236111253499985 87.420988470315933 55.014011919498444 75.939800798892975 26.4919413626194 32.805729299783707 21.012771382927895 349.9425423592329 29.708072558045387 459.8231312930584 88.947708159685135 982.20324601233006 30.259266316890717 125.82955130934715 67.819609373807907 31.422722995281219 70.556650131940842 37.089695513248444 57.525064393877983 236.09376038610935 454.65429206192493 216.36497031152248 485.96183875203133 31.637244045734406 99.668274372816086 122.60562053322792 109.44009399414062 98.355074942111969
leaf_count=122 250 291 59 204 125 136 45 72 36 549 78 955 192 1878 78 314 181 57 166 80 157 593 851 405 919 74 173 304 187 204
internal_value=-0.00173309 -0.0141188 -0.0198317 -0.0128936 -1.50032e-05 -0.0162393 -0.023198 -0.00127623 0.000366523 0.000152901 0.00317293 0.00256002 6.99403e-05 0.00351535 -0.0279437 -0.032616 0.0116854 -0.00261289 -0.00885799 -0.00597599 -0.000149352 -0.00473366 0.000519889 0.00467332 0.000364558 -0.00359433 -0.0014681 -0.00704503 0.00415949 0.0123546
internal_weight=4788.03 573.244 523.798 402.983 4214.78 378.747 258.521 120.227 4159.77 4138.76 1978.44 1948.74 1530.97 1071.15 232.029 201.769 417.762 2160.31 600.775 530.219 1559.54 799.687 563.593 759.852 543.487 493.129 461.706 331.714 209.108 129.992
internal_count=9735 1321 1199 908 8414 849 573 276 8289 8253 3833 3755 3025 2070 528 450 730 4420 1245 1079 3175 1694 1101 1481 1076 999 942 664 360 278
cat_boundaries=0 1 2 3 4 5 6
cat_threshold=32 2088 540 200769 33 32
is_linear=0
shrinkage=0.05


Tree=74
num_leaves=31
num_cat=4
split_feature=29 16 6 109 59 42 28 97 18 22 53 33 65 44 5 72 42 34 13 39 29 34 3 31 61 94 104 25 29 65
split_gain=51.1229 42.5238 17.065 16.538 16.0261 15.8862 15.8642 14.0492 13.5659 13.0604 18.3287 16.8451 16.1161 15.8124 20.7637 25.7025 25.1947 22.125 20.795 20.7761 19.2481 18.8521 18.3493 17.063 14.0316 13.8064 15.0793 12.9837 12.7692 12.4852
threshold=12.000000000000016 0.70714285714285718 1.5000000000000002 1.0000000180025095e-35 0.0081634412149899516 4085.0000000000005 250.59000000000003 4113.1519274376433 0.40201319301776312 7800.0000000000009 -20.294790357102904 2170.0000000000005 0 121.15000000000033 0.3550420168067227 144.61000000000004 1995.0000000000002 1995.0000000000002 0.69210526315789489 2285.0000000000005 52.845000000000006 3185.0000000000005 1 1865.0000000000002 2 2197.9886621315195 0.69095381977905534 2167.3800000000006 172.78500000000005 3
decision_type=2 2 2 2 2 2 2 2 2 2 2 2 9 2 2 2 2 2 2 2 2 2 9 2 1 2 2 2 2 9
left_child=1 4 -2 5 -1 6 7 9 -7 10 11 13 25 14 15 17 -16 29 20 -19 -18 22 -20 -15 -23 26 -11 -3 -10 -4
right_child=2 27 3 -5 -6 8 -8 -9 28 12 -12 -13 -14 23 16 -17 18 19 21 -21 -22 24 -24 -25 -26 -27 -28 -29 -30 -31
leaf_value=0.065114683632803858 1.5628723496902119 -0.11457590786652219 0.30606106435438218 -0.66822237624497305 -0.29108283881909641 -0.42095910355602872 -1.4585409988323648 1.4199091349144182 -0.077569281781273966 -0.050873209299953717 -0.22183785577191203 3.1690388361841744 0.30945187291792564 3.5193283871964596 3.144980198324983 -0.78887258589734444 -0.11297131830959506 -0.66583055963864146 0.35331265986999938 0.032393139201766986 1.5992082515150061 0.12104319444655759 -0.23622478671112221 -0.48216365774864872 -1.0004106444767416 -0.24826574296698425 0.54811938387363035 -0.15875658917682359 1.3644821766076689 -0.023691466297708175
leaf_weight=141.83149290084839 27.87028169631958 27.250261008739471 389.66496935486794 118.45707167685032 259.26218055188656 242.72834332287312 28.181298866868019 32.551993027329445 243.54680648446083 55.092328131198883 161.28546641767025 28.876489132642746 453.01593407988548 29.077160283923149 41.302984416484833 144.6220892816782 65.382501944899559 197.90638592839241 321.23520745337009 219.23780466616154 143.27015313506126 81.367241784930229 64.765646368265152 203.43599803745747 118.18251276016235 159.81437180936337 88.3665432035923 155.45855922996998 23.147808998823166 500.74600890278816
leaf_count=320 63 52 622 237 558 579 53 64 531 89 302 69 942 74 128 281 141 437 717 386 295 155 123 505 278 341 131 372 38 801
internal_value=-0.00194391 -0.0158043 -9.53993e-06 -0.000271083 -0.00669659 0.000269266 0.00146126 0.00176218 -0.00798442 0.00145517 -0.000165981 0.000868275 0.007265 0.000433194 0.00169583 -0.00191735 0.00797583 0.000294901 0.00599579 -0.00920751 0.0195494 0.00116616 0.00761674 -0.0119898 -0.0113116 -0.00179165 0.00940923 -0.0357982 -0.000200329 0.00474664
internal_weight=4766.93 583.802 4183.13 4155.26 401.094 4036.8 3527.38 3499.2 509.423 3466.65 2710.36 2549.07 756.289 2520.2 2287.68 1452.18 835.506 1307.56 794.203 417.144 208.653 585.551 386.001 232.513 199.55 303.273 143.459 182.709 266.695 890.411
internal_count=9684 1302 8382 8319 878 8082 6934 6881 1148 6817 5314 5012 1503 4943 4364 2527 1837 2246 1709 823 436 1273 840 579 433 561 220 424 569 1423
cat_boundaries=0 1 2 3 4
cat_threshold=265528 28 2 1985552
is_linear=0
shrinkage=0.05


Tree=75
num_leaves=31
num_cat=1
split_feature=29 16 6 42 5 42 74 50 39 29 28 43 43 49 30 69 18 19 30 46 50 58 109 72 10 37 37 33 82 34
split_gain=44.5028 46.1911 18.8044 16.0162 19.4024 29.4411 27.1628 20.629 20.1777 19.1298 18.0956 17.5225 20.8825 15.0664 17.1215 15.1247 14.0538 15.8716 13.9783 13.5583 13.2901 15.0153 13.2377 13.7606 19.8828 17.4194 14.661 14.2729 14.7693 13.7401
threshold=12.000000000000016 0.70714285714285718 1.5000000000000002 4105.0000000000009 0.47722567287784684 2005.0000000000002 4183.4350000000004 -0.065609041010675592 800.00000000000011 118.22500000000001 57.320000000000014 -160.15000000000006 -84.635000000000204 0.39608524285573971 0.82387497855972447 0 0.4026076846249822 515.83333333333337 0.76516893090323623 0.90698558974263388 0.34916572089144632 0.016442329490016002 1.0000000180025095e-35 115.545 1.5000000000000002 2465.0000000000005 1035.0000000000002 625.00000000000011 3499.7760000000003 3785.0000000000005
decision_type=2 2 2 2 2 2 2 2 2 2 2 2 2 2 2 9 2 2 2 2 2 2 2 2 2 2 2 2 2 2
left_child=1 13 -2 4 8 -6 9 -8 -4 20 -11 -10 18 14 15 -1 -5 -18 19 -13 21 -7 23 25 27 26 -14 28 -25 -28
right_child=2 -3 3 16 5 6 7 -9 11 10 -12 12 22 -15 -16 -17 17 -19 -20 -21 -22 -23 -24 24 -26 -27 29 -29 -30 -31
leaf_value=-1.8860173165079617 1.4568381978925444 -0.1508187597179827 -1.224210521746393 -0.46470662171747679 2.936829783869594 2.4128158639820643 -0.4741324244171467 2.0546283766018494 -0.2629314406763727 1.8427380110720009 0.067503056870148723 0.35666845615426213 -0.082331675677938781 -0.40578040950870786 -0.075941854858150748 0.073546981113922535 0.15113318315289348 -1.0048103052097612 -0.27111377153446908 0.96609799923782735 1.4864428084835175 -0.18257874801657437 -0.90657536973181019 -0.43048267128517781 -2.2087304219515618 -0.4233924975490439 0.097031292206651909 0.4291404068908623 0.12833046061432327 -1.3144648004138788
leaf_weight=54.448378846049309 28.76589061319828 176.06655791401863 90.305499583482742 248.11206768453121 64.99405999481678 23.696276977658272 19.971373125910759 108.38616582751274 155.591747418046 52.135433077812195 460.62118619680405 194.2278468310833 235.51586712896824 30.538272008299828 38.494795948266983 285.50788947939873 213.20832554996014 51.33937768638134 43.954643592238426 70.447964459657669 24.325293585658073 590.9803970605135 66.67549455165863 112.54313908517361 75.490626707673073 94.59666545689106 1067.2363515943289 41.564177423715591 33.882876351475716 25.955147832632065
leaf_count=110 64 409 207 598 200 62 45 245 250 138 1034 321 391 65 93 620 430 117 106 117 47 1295 118 211 165 227 1787 89 55 67
internal_value=-0.00206609 -0.0149846 -0.000264207 -0.000542402 0.000619013 0.00539216 0.00372537 0.0255427 -0.00216281 0.00129394 0.00848744 -0.00121941 1.42949e-06 -0.00576665 -0.00304058 0.000538124 -0.00881838 -0.00080114 0.0119947 0.016331 -0.00447837 -0.00591283 -0.00210952 -0.00124579 -0.011742 0.000697267 0.00217318 -0.00303814 -0.0103784 0.00461099
internal_weight=4779.58 585.056 4194.52 4165.76 3653.1 1345.11 1280.12 128.358 2307.99 1151.76 512.757 2217.68 2062.09 408.989 378.451 339.956 512.66 264.548 308.63 264.676 639.002 614.677 1753.46 1686.78 263.481 1423.3 1328.71 187.99 146.426 1093.19
internal_count=9683 1297 8386 8322 7177 3066 2866 290 4111 2576 1172 3904 3654 888 823 730 1145 547 544 438 1404 1357 3110 2992 520 2472 2245 355 266 1854
cat_boundaries=0 1
cat_threshold=12
is_linear=0
shrinkage=0.05


Tree=76
num_leaves=31
num_cat=3
split_feature=29 15 30 109 49 89 70 28 38 82 33 9 44 69 35 26 94 37 25 26 65 76 37 23 74 26 5 5 45 18
split_gain=51.3237 45.9254 15.9624 15.8235 14.1987 14.1034 16.1449 20.6488 20.059 15.7164 21.1945 14.7878 19.4382 13.4733 13.8278 13.5679 13.1344 16.3892 12.5993 17.9143 15.1186 14.1716 12.3587 12.3187 11.9944 14.0689 11.8966 11.8012 11.8567 11.6232
threshold=12.000000000000016 0.19090909090909094 0.63956674590057438 1.0000000180025095e-35 0.39608524285573971 0.98560480530240269 0 81.655000000000015 5845.0000000000009 1599.6675000000002 59.999999999999893 2.0000000000000004 7.0000000000001146 1 2545.0000000000005 122.97000000000001 1923.6204535147394 1895.0000000000002 3982.6050000000005 63.765000000000008 2 5972.9600000000009 4765.0000000000009 1968.3950000000002 2636.1250000000005 149.05000000000004 0.66025641025641035 0.77097902097902116 130.15500000000023 0.3870778259814725
decision_type=2 2 2 2 2 2 9 2 2 2 2 2 2 9 2 2 2 2 2 2 9 2 2 2 2 2 2 2 2 2
left_child=1 2 23 5 13 6 18 8 9 16 -11 12 -9 14 -3 -16 -8 -18 -2 20 -20 22 -21 -1 25 -19 -12 28 -22 -28
right_child=3 4 -4 -5 -6 -7 7 11 -10 10 26 -13 -14 -15 15 -17 17 24 19 21 27 -23 -24 -25 -26 -27 29 -29 -30 -31
leaf_value=0.49687243729481739 0.0068013261603134369 1.5248271766445798 -0.14327782173208306 -0.58948248894613398 -0.38549138903327251 -0.24837802278564711 1.3171655875870358 -0.027358457593155451 -1.9989084691490959 -0.27265237127333786 0.058763039518507303 -0.13203703962433197 1.7675981101432741 -1.7917164506825629 0.13030328895131049 -0.42574063031506743 -0.61548541178409411 3.2480141768906594 0.35702688740812932 -0.16955113131220417 -1.0530298769801902 1.510664827250779 2.1223919001957738 -0.094456259964347575 -0.78520494875577784 -0.24838773008206944 0.062858778159514378 0.7272361233887481 0.0043540252578125665 3.02723842564752
leaf_weight=25.419434815645218 2515.6201983690262 69.190972730517387 150.21275761723518 117.99363753199577 29.146274223923683 347.51764969527721 28.951357424259186 63.110322952270508 47.091288805007935 49.330687448382378 48.241816997528076 64.802323147654533 184.99471390247345 60.90844039618969 106.20478722453117 100.33364249765873 43.115321710705757 25.169319421052933 38.937337636947632 179.88615396618843 168.1363607198 19.566041633486748 20.390226632356644 47.575346827507019 33.043125540018082 16.515566140413284 28.667884707450867 15.954825043678282 31.308361411094666 85.430544808506966
leaf_count=46 4625 146 372 241 65 791 55 123 101 96 76 162 461 124 221 242 98 58 96 408 468 30 33 108 60 38 67 31 77 197
internal_value=-0.0024901 -0.016307 -0.0341801 -0.000540301 -0.00540049 -1.51936e-05 0.000887411 0.00756088 0.000220572 0.00425095 0.0129696 0.0173162 0.0228713 -0.00250187 0.00248824 -0.00390233 -0.00832088 -0.015734 -0.000739075 -0.00821763 -0.0172531 0.00223553 -0.00173237 -0.014999 -0.00157055 0.0162643 0.0216912 -0.0218502 -0.0261748 0.0304923
internal_weight=4762.77 588.992 223.208 4173.78 365.784 4055.78 3708.26 718.464 405.557 358.466 211.671 312.907 248.105 336.638 275.729 206.538 146.795 117.843 2989.8 474.179 254.337 219.842 200.276 72.9948 74.728 41.6849 162.34 215.4 199.445 114.098
internal_count=9716 1324 526 8392 798 8151 7360 1592 846 745 436 746 584 733 609 463 309 254 5768 1143 672 471 441 154 156 96 340 576 545 264
cat_boundaries=0 1 2 3
cat_threshold=204 225 12456
is_linear=0
shrinkage=0.05


Tree=77
num_leaves=31
num_cat=7
split_feature=29 16 25 38 65 76 24 69 82 61 60 65 53 7 74 104 95 5 82 7 89 104 76 69 65 109 47 5 46 44
split_gain=52.8341 38.8955 18.127 15.3662 21.1959 15.285 19.7669 21.4405 14.1838 13.0876 26.1188 18.7785 18.0894 17.9352 26.7452 20.7128 18.0907 22.1183 24.1743 14.8935 13.7575 15.0214 13.365 12.9919 12.8425 13.8093 12.8762 14.008 13.6912 17.9599
threshold=12.000000000000016 0.70714285714285718 4735.3100000000013 6805.0000000000009 0 2569.7100000000005 170.97500000000002 1 3059.7300000000005 2 3 4 -20.376302238156764 1.0000000180025095e-35 1719.5750000000003 0.53688497930913026 4376.8900000000003 0.66025641025641035 1599.6675000000002 4.5000000000000009 0.79361054766734285 0.98066755133323291 2790.0300000000002 5 6 1.0000000180025095e-35 0.71305993929058153 0.84412955465587058 0.85076427119259102 4.6149999999997826
decision_type=2 2 2 2 9 2 2 9 2 1 1 9 2 2 2 2 2 2 2 2 2 2 2 9 9 2 2 2 2 2
left_child=1 5 9 4 8 6 -1 -8 -4 10 11 19 -12 14 15 -11 17 -16 -19 -2 21 -13 -22 -7 25 -15 27 28 29 -26
right_child=2 -3 3 -5 -6 23 7 -9 -10 13 12 20 -14 24 16 -17 -18 18 -20 -21 22 -23 -24 -25 26 -27 -28 -29 -30 -31
leaf_value=3.4182031932089019 -0.90738547528547153 -0.13611393064547883 0.76594456685686796 1.016808558441624 -0.77955685883196968 -0.042589690466189725 1.2662295714339606 -0.36621681958160901 -1.2166538000540272 -0.32766220308575245 0.53100092821033229 0.074212473442942448 -0.16042665259649669 -0.09056982179660765 -0.25901975270967093 3.0487095711961416 -1.2556926565270405 -0.26197459459107791 2.2020209297942275 -0.086098087045774471 -0.5006749856183873 1.0877813271430117 0.21317702618980264 -0.53359482398592917 -0.37950292454857459 -0.84420640496345678 -0.41199745401549137 7.7784012308466401 0.3392464799912549 0.052722973156086178
leaf_weight=38.167762488126755 93.800089821219444 178.60051237046719 74.312032982707024 21.09221750497818 157.13672928512096 119.46887493133545 51.989960253238678 81.758845657110214 21.461928889155388 20.675431877374649 586.27521821856499 333.48772037029266 67.487268462777138 1209.3350058346987 112.54479537904263 82.811234310269356 20.959660410881042 25.168311566114426 73.13480170071125 172.61054661870003 81.711192399263382 97.926651954650879 32.290165096521378 110.96451887488365 134.42861241102219 33.173167288303375 216.40441749989986 21.116550162434578 160.07203017175198 346.36117741465569
leaf_count=92 210 411 135 41 383 252 118 160 58 45 1020 660 129 2510 223 209 38 39 165 304 136 178 64 265 231 71 474 63 292 737
internal_value=-0.00204226 -0.0161741 -8.55503e-05 -0.012519 -0.0159384 -0.00755445 0.0037283 -0.00532869 0.00350716 0.000783136 0.00452238 -0.00151507 0.0118613 -0.00144804 0.00929774 0.0304327 -0.000137608 0.00426634 0.021594 -0.0121512 0.00380544 0.00795732 -0.0115727 -0.015972 -0.00314686 -0.00638883 0.00149476 0.00497303 0.00365275 -0.000564117
internal_weight=4776.73 580.95 4195.78 274.003 252.911 402.35 171.917 133.749 95.774 3921.77 1465.59 811.826 653.762 2456.19 335.294 103.487 231.808 210.848 98.3031 266.411 545.416 431.414 114.001 230.433 2120.89 1242.51 878.383 661.978 640.862 480.79
internal_count=9713 1298 8415 617 576 887 370 278 193 7798 2701 1552 1149 5097 719 254 465 427 204 514 1038 838 200 517 4378 2581 1797 1323 1260 968
cat_boundaries=0 1 2 3 4 5 6 7
cat_threshold=7544 192 2 9 1051939 161 1590489
is_linear=0
shrinkage=0.05


Tree=78
num_leaves=31
num_cat=2
split_feature=29 15 6 54 18 33 43 72 17 31 23 15 49 18 26 54 96 3 15 24 39 17 96 34 101 28 42 22 65 14
split_gain=55.5694 51.305 20.4249 18.3059 17.2662 14.9326 15.9828 29.0422 14.7877 18.7326 14.5966 19.6105 13.9293 12.7515 16.794 18.2579 11.7368 13.3621 15.33 13.0905 12.5226 11.3821 13.4033 11.1228 11.0901 11.041 11.0412 17.9191 18.285 16.5899
threshold=12.000000000000016 0.19090909090909094 1.5000000000000002 -20.769832864696181 0.41259276340614653 2440.0000000000005 -56.544999999999952 154.51500000000001 0.38558160278427417 1125.0000000000002 1968.3950000000002 0.14642857142857144 0.39608524285573971 0.54270463890576659 143.965 -28.395678972415485 4487.3015873015884 0 0.19090909090909094 218.43000000000004 1585.0000000000002 0.3897917418024574 1553.9682539682542 1135.0000000000002 0.91666015579333637 229.27000000000004 4105.0000000000009 6870.9750566893426 1 0.24404761904761904
decision_type=2 2 2 2 2 2 2 2 2 2 2 2 2 2 2 2 2 9 2 2 2 2 2 2 2 2 2 2 9 2
left_child=1 10 -2 4 25 6 7 8 9 -6 24 -12 -3 14 -11 -16 17 18 19 -8 21 22 -19 -22 -1 26 27 -4 29 -29
right_child=2 12 3 -5 5 -7 16 -9 -10 13 11 -13 -14 -15 15 -17 -18 20 -20 -21 23 -23 -24 -25 -26 -27 -28 28 -30 -31
leaf_value=0.40965494247453621 1.1935930643719146 -0.082010353567690694 -0.13793630826517431 -0.60551357489204072 -0.55057391401098288 3.4403055657120789 0.24448740338509936 -0.5107649034071694 1.1591587375180255 1.0111988611524978 0.042699174357971971 -0.12930823411320488 -0.35317689290177018 1.5317913297729122 -0.63937552291843669 0.26136592100008471 -0.67273416317661516 3.0369672274953601 -0.7058505622284571 -0.17864156318893409 -0.27240221783645174 -0.87319599674114845 -0.15519897207386038 0.17745876450155579 -0.166623183154789 -1.0788169043901652 -0.31695851626768673 -0.084491748099568303 0.75610979605466189 0.1583066563579415
leaf_weight=24.64264515042305 29.005152866244316 334.00017008185387 986.22313165664673 127.95598286390305 33.948732018470764 25.169126600027084 109.03883409500122 115.09025631844997 138.54718521237373 174.44094793498516 17.356969773769379 156.48022703826427 31.463013291358948 32.900502741336823 53.000990644097328 42.551943480968475 64.412865579128265 22.300917789340019 177.04756897687912 63.338524878025055 19.938820898532867 62.029785022139549 182.15838627517223 638.00098985433578 24.687315255403519 35.219267576932907 251.20780132710934 412.15049143135548 288.73638340830803 84.69719472527504
leaf_count=43 66 721 2029 288 47 66 163 286 214 354 35 389 66 67 94 78 143 39 331 100 31 133 407 1222 54 70 583 777 625 131
internal_value=-0.00232017 -0.0167011 -0.000289741 -0.000582668 1.10781e-05 0.00337754 0.00287822 0.00973038 0.0151864 0.00953078 -0.0355913 -0.0424031 -0.00516602 0.0134783 0.00989706 -0.00695188 -0.000145142 0.000907791 -0.00730106 0.00310375 0.00404587 -0.00505433 0.000637325 0.00779327 -0.0115865 -0.00318476 -0.00270157 -0.0013107 0.00432322 -0.00159031
internal_weight=4757.74 588.63 4169.11 4140.11 4012.15 1953.92 1928.75 590.481 475.39 336.843 223.167 173.837 365.463 302.894 269.994 95.5529 1338.27 1273.85 349.425 172.377 924.429 266.489 204.459 657.94 49.33 2058.23 2023.02 1771.81 785.584 496.848
internal_count=9652 1308 8344 8278 7990 3775 3709 1140 854 640 521 424 787 593 526 172 2569 2426 594 263 1832 579 446 1253 97 4215 4145 3562 1533 908
cat_boundaries=0 1 2
cat_threshold=1032 3513
is_linear=0
shrinkage=0.05


Tree=79
num_leaves=31
num_cat=2
split_feature=29 15 23 49 69 6 29 42 70 26 39 36 59 19 26 13 25 96 97 43 101 35 37 46 36 103 44 36 59 28
split_gain=51.6715 49.8298 19.6418 17.4686 16.4442 14.5612 14.9276 14.815 21.4539 22.1903 16.2882 14.4348 13.5509 13.0287 15.4007 15.5665 12.2863 12.0789 19.2645 10.9292 10.7228 10.3969 10.8591 10.2989 10.1897 14.2756 11.1031 13.5934 10.4846 10.2862
threshold=12.000000000000016 0.19090909090909094 1968.3950000000002 0.39608524285573971 0 1.5000000000000002 209.99500000000003 4085.0000000000005 1 49.775000000000013 1545.0000000000002 1120.0000000000005 0.026277446305622253 476.33333333333331 134.43500000000003 0.72474747474747481 4507.7450000000017 3878.6848072562366 3604.3083900226761 -166.62499999999986 0.92612073582247534 2225.0000000000005 1505.0000000000002 0.63311326030051973 805.00000000000011 0.04880952380952381 148.7950000000001 419.99999999999994 0.039077280549044108 95.945000000000007
decision_type=2 2 2 2 9 2 2 2 9 2 2 2 2 2 2 2 2 2 2 2 2 2 2 2 2 2 2 2 2 2
left_child=1 2 20 4 21 -2 7 8 9 -7 -11 12 -8 14 15 -9 -16 18 19 -12 -1 -3 -23 -15 26 -26 28 29 -10 -28
right_child=5 3 -4 -5 -6 6 11 13 24 10 17 -13 -14 23 16 -17 -18 -19 -20 -21 -22 22 -24 -25 25 -27 27 -29 -30 -31
leaf_value=0.30240585488637639 1.0885882496104287 1.3344038359539128 -0.12284282240754436 -0.3355180482566823 -1.8951029244243742 8.290400296328178 0.23040750014521638 -0.79496857614731631 -0.044090508659502349 -0.63223776314586366 -0.39858092058690087 -0.54346943633873934 -0.11423468008659299 -1.1314431645919059 -0.4476272892537046 -0.043656373500516425 1.4287730220380013 5.3309984190655095 -1.7154984243882823 1.3458360994014826 -0.15829202399704911 -0.52694053048967937 0.11356802223144342 -0.71802784370057682 0.60888681813597145 -0.14818073256169342 -0.45789662145936721 -1.1879351091667913 0.4340092239688339 0.26148394073371312
leaf_weight=26.299090534448624 26.68206062912941 55.834787681698799 171.1423607468605 31.09059377014637 58.646217852830887 59.619304940104485 388.863958761096 95.976746141910553 2382.5315975546837 45.606273710727692 33.971727535128593 26.792485415935516 83.079313173890114 32.765642628073692 20.915528252720833 194.07422699034214 61.851726338267326 28.025382369756699 20.108184397220612 89.502248868346214 22.882097780704498 61.569551840424538 157.13394810259342 81.623867899179459 210.28573006391525 21.212736785411835 39.024945139884949 61.976024523377419 144.27504496276379 53.859467968344688
leaf_count=47 60 124 422 67 123 178 628 218 4659 101 52 57 143 81 44 455 124 61 45 211 51 140 335 193 418 32 98 143 287 119
internal_value=-0.00207182 -0.0159997 -0.03477 -0.00464695 -0.00130225 -0.000134409 -0.000369665 -0.00147061 -0.000230316 0.0128204 0.00586714 0.00774764 0.0097744 -0.00959142 -0.00506236 -0.0104909 0.0139615 0.0129255 0.00706497 0.0144559 -0.00692097 0.00407279 -0.000695224 -0.0243525 -0.00150933 0.0085501 -0.00238335 -0.0153792 -0.00158687 -0.00327873
internal_weight=4787.22 584.599 220.324 364.275 333.185 4202.62 4175.94 3677.21 3190 276.833 217.214 498.736 471.943 487.208 372.818 290.051 82.7673 171.608 143.582 123.474 49.1812 274.538 218.703 114.39 2913.17 231.498 2681.67 154.86 2526.81 92.8844
internal_count=9716 1309 520 789 722 8407 8347 7519 6404 648 470 828 771 1115 841 673 168 369 308 263 98 599 475 274 5756 450 5306 360 4946 217
cat_boundaries=0 1 2
cat_threshold=225 32
is_linear=0
shrinkage=0.05


Tree=80
num_leaves=31
num_cat=2
split_feature=29 15 95 89 99 109 59 25 70 26 18 57 33 34 13 89 37 34 4 50 4 7 30 52 65 18 50 43 26 50
split_gain=48.8128 48.8778 15.0681 15.3391 15.2529 13.9916 13.4733 12.7586 12.1147 19.7077 23.2466 17.7487 16.5803 13.8303 14.2852 13.1137 11.9937 11.8881 18.9193 15.6658 16.823 14.1981 16.6933 12.7379 12.4689 20.4167 14.9703 16.376 14.1178 13.8771
threshold=12.000000000000016 0.19090909090909094 1364.4500000000003 0.98560480530240269 18.966383219954427 1.0000000180025095e-35 0.0081634412149899516 2167.3800000000006 0 98.470000000000013 0.54048331701622665 0.85004546856760854 49.999999999999893 4145.0000000000009 0.74342105263157909 0.24217986314760506 2260.0000000000005 3185.0000000000005 3.5000000000000004 0.0035990455208808505 6.5000000000000009 20.500000000000004 0.21964379291103617 8.3329705215421672 1 0.64630757419470319 0.019857612646770755 33.405000000000207 6.3550000000000013 0.54369085332854095
decision_type=2 2 2 2 2 2 2 2 9 2 2 2 2 2 2 2 2 2 2 2 2 2 2 2 9 2 2 2 2 2
left_child=1 7 -2 5 -5 8 -3 -1 17 13 11 12 -11 15 -15 -10 -13 24 23 -20 -21 22 -22 -19 28 26 -26 -28 -4 -30
right_child=2 6 3 4 -6 -7 -8 -9 9 10 -12 16 -14 14 -16 -17 -18 18 19 20 21 -23 -24 -25 25 -27 27 -29 29 -31
leaf_value=-0.12013684784606085 0.93749613463083969 0.10788962111987105 -0.273914029077309 0.47104483149517551 -0.32976985310489798 -0.52781788898693383 -0.28873872148452689 -0.11670068128716765 8.1431648074078122 -1.2853508836547445 1.4846170493829427 -0.057470028734151413 1.2992211630164414 -0.20726125150481176 0.46429285140616799 0.32089199520055589 -0.30007277678956118 0.1530911206455727 -0.70255588217812537 1.1427264775402033 -0.57885488272451513 0.60145981871162491 0.015888174429554699 -0.92836142343718109 0.2579479621320182 -1.6501565508179923 -0.030067252513365856 2.6276967285860593 -0.028955229958296514 0.65027630435509509
leaf_weight=32.298362866044044 76.817196249961853 133.07124651968479 171.5655220001936 31.873312011361122 317.11583076417446 109.23416177928448 237.77917160093784 183.29091060161591 72.176849007606506 24.995807111263275 63.238696396350861 203.87414735555649 117.03044004738331 37.024329096078873 33.641263693571091 61.281584113836288 105.51730838418007 68.545604661107063 166.46550858020782 73.213998407125473 42.440713331103325 40.000198811292648 119.58813406527042 185.5230802744627 717.4851583391428 21.684742987155914 433.24869614839554 32.38375523686409 814.63673110306263 47.142741695046425
leaf_count=64 128 300 293 51 747 214 496 440 203 56 139 419 263 73 71 133 220 168 397 129 102 66 216 537 1364 38 729 78 1469 74
internal_value=-0.00219189 -0.0157022 -0.000299948 -0.000709934 -0.0107376 0.000220317 -0.00469624 -0.0346344 0.000747631 0.00651625 0.00139283 -0.00258452 0.0120485 0.0197531 0.00186736 0.0292236 -0.0093018 -0.000685494 -0.00639618 -0.000143078 0.00717982 -0.000261567 -0.00684743 -0.0172675 0.00108674 0.00452166 0.00544037 -0.00154124 -0.00293349 -0.000354236
internal_weight=4774.19 586.44 4187.75 4110.93 348.989 3761.94 370.85 215.589 3652.71 718.78 514.656 451.418 142.026 204.124 70.6656 133.458 309.391 2933.92 695.777 441.709 275.243 202.029 162.029 254.069 2238.15 1204.8 1183.12 465.632 1033.34 861.779
internal_count=9677 1300 8377 8249 798 7451 796 504 7237 1577 1097 958 319 480 144 336 639 5660 1615 910 513 384 318 705 4045 2209 2171 807 1836 1543
cat_boundaries=0 1 2
cat_threshold=204 1055114
is_linear=0
shrinkage=0.05


Tree=81
num_leaves=31
num_cat=1
split_feature=29 16 6 23 101 59 54 39 82 61 68 25 75 71 89 72 7 59 89 28 47 46 99 54 47 52 72 49 57 5
split_gain=42.0339 45.8332 18.2305 17.2261 16.5667 15.3227 14.0008 11.3925 15.3049 12.6247 29.998 16.5564 21.3251 16.6124 14.389 17.6194 12.5717 13.5235 14.667 12.134 11.9416 13.8164 12.2137 11.5554 11.3794 12.5443 11.0922 10.3753 10.3414 16.7229
threshold=12.000000000000016 0.70714285714285718 1.5000000000000002 1968.3950000000002 0.92612073582247534 0.0081634412149899516 -20.769832864696181 800.00000000000011 469.65000000000015 0 1.0000000180025095e-35 2402.1800000000007 2331.1750000000006 108.57500000000002 0.49121725731895233 50.95000000000001 4.5000000000000009 0.004987018112541001 0.91564121571534474 180.22000000000003 0.023014613941527002 0.89921361993834403 75.440283446712343 -27.526797689902196 0.71618621248758296 255.63885487528344 39.620000000000012 0.82619885089633993 0.83821401313397936 0.48913043478260876
decision_type=2 2 2 2 2 2 2 2 2 1 2 2 2 2 2 2 2 2 2 2 2 2 2 2 2 2 2 2 2 2
left_child=1 5 -2 4 -3 -1 7 -4 -9 10 11 20 -13 14 15 -14 23 -18 -19 28 -10 22 -22 24 -12 -26 -23 -21 29 -11
right_child=2 3 6 -5 -6 -7 -8 8 9 19 16 12 13 -15 -16 -17 17 18 -20 27 21 26 -24 -25 25 -27 -28 -29 -30 -31
leaf_value=0.091053247962462086 1.0604002407340585 0.380058744998793 -0.65186501602881464 -0.11086564722280912 -0.11413000545375809 -0.20299827957958316 -0.39549704517698103 2.2002232870963088 1.4793135376169901 -0.0073123683596044492 -0.4578927186092443 -0.33199804501296343 -0.18079877260194693 -0.70963729362112249 0.5614872800278633 0.74507780306574378 0.45665504953552905 0.021748266538049777 -0.5193929313795439 -0.40798372633291324 -0.14995411236516532 0.8847646236606157 2.1461076554075142 -0.6577508876817959 0.60809302665180998 -0.37381016417554491 0.42786684967493582 0.17219734324593716 -0.075679411017372911 0.78234219811676131
leaf_weight=146.8647563457489 27.060902804136276 21.717462569475174 156.82807171344757 138.80535987019539 21.881888926029205 264.4664029031992 132.82662583887577 48.557363718748093 86.813566386699677 498.11359272897243 105.03338123857975 89.482670158147812 72.741892144083977 22.09892201423645 79.520794808864594 111.37263828516006 51.755785048007965 345.54918101429939 35.251384615898132 333.33802136778831 82.47994177043438 86.692488759756088 25.012050330638885 79.127759635448456 52.901836678385735 19.612287774682045 39.012158870697021 37.132884860038757 1363.2318066209555 237.9746175557375
leaf_count=330 59 36 398 341 50 571 291 112 140 835 197 164 157 49 141 218 94 615 65 722 126 120 43 154 108 34 63 59 2925 558
internal_value=-0.00241574 -0.0148719 -0.000663012 -0.0357332 -0.00831694 -0.00562099 -0.000927055 -0.000404404 0.000126553 -0.000224889 0.0035972 0.0109254 0.00379962 0.0104702 0.0139607 0.00628391 -0.00379471 0.00140711 -0.00185219 -0.00236739 0.0192804 0.0133872 0.000226047 -0.0125609 -0.0054786 0.00975576 0.0246415 -0.0107101 -0.000895145 0.00388059
internal_weight=4813.26 593.736 4219.52 182.405 43.5994 411.331 4192.46 4059.64 3902.81 3854.25 1384.46 695.227 375.217 285.734 263.635 184.115 689.232 432.556 380.801 2469.79 320.01 233.197 107.492 256.675 177.548 72.5141 125.705 370.471 2099.32 736.088
internal_count=9775 1328 8447 427 86 901 8388 8097 7699 7587 2488 1221 729 565 516 375 1267 774 680 5099 492 352 169 493 339 142 183 781 4318 1393
cat_boundaries=0 1
cat_threshold=2
is_linear=0
shrinkage=0.05


Tree=82
num_leaves=31
num_cat=6
split_feature=29 16 38 53 69 54 76 43 23 50 45 101 28 42 3 22 77 73 42 76 95 53 52 101 65 50 3 23 70 65
split_gain=42.5369 45.4687 13.5385 12.3055 12.2482 12.5194 11.5578 13.2862 11.0754 11.0297 10.9667 10.2976 9.98045 10.0707 21.2685 25.3002 21.5007 18.4911 40.1284 21.6867 25.7811 17.2114 16.0808 19.0169 15.9997 18.3522 15.1842 14.4213 20.4963 24.455
threshold=12.000000000000016 0.64102564102564108 1580.0000000000002 -18.980866786127848 0 -27.584401386266268 4357.9050000000007 -5.3450000000001401 1968.3950000000002 0.028100637037687202 -60.500000000000107 0.91666015579333637 250.59000000000003 1545.0000000000002 1 5827.5963718820867 0.67364633125376316 1157.2500000000002 1845.0000000000002 2397.5900000000006 2518.6150000000002 -31.270463500701876 271.27409297052151 0.88984753231451708 2 0.52835851888273466 3 2916.2700000000004 4 5
decision_type=2 2 2 2 9 2 2 2 2 2 2 2 2 2 9 2 2 2 2 2 2 2 2 2 9 2 9 2 9 9
left_child=1 4 -2 12 6 -6 7 10 11 -5 -1 -3 13 14 15 16 -4 19 -19 -15 -21 -17 23 -18 -20 26 -26 28 29 -28
right_child=2 8 3 9 5 -7 -8 -9 -10 -11 -12 -13 -14 17 -16 21 22 18 24 20 -22 -23 -24 -25 25 -27 27 -29 -30 -31
leaf_value=-0.14576940081653619 1.0034344818705876 0.077581416850532048 -0.54864441836163214 -0.17838074037513252 -2.5464225981040016 0.035726494188527629 -0.38880669894315789 2.9999017319972632 -0.10532236486166938 -1.2889181459640895 0.064122452849555603 -0.20036436167269081 -1.2757704442236559 -2.5569680424620476 1.9846819692220976 0.3786247421669181 0.20074291711916922 2.048135121193154 -0.11988883657474468 0.04100741188330162 -0.52444749896588838 -0.79215391440621874 0.69432016979695887 -0.35688229001069022 -0.25218159356599301 1.3366856089789083 0.006526427306043559 -0.034472856211322525 -0.01006482206330743 1.536284178339804
leaf_weight=86.481565028429031 21.140167221426964 21.993521839380264 43.633065164089203 98.557894736528397 40.359682321548462 24.341804474592209 24.181251525878906 47.997070774435997 138.4937587082386 36.782336622476578 178.70855829119682 22.331867665052414 29.569282397627831 167.79701390862465 78.182994201779366 39.87566140294075 246.89831885695457 104.08223283290863 612.20337079465389 337.38842934370041 87.946951568126678 121.14838403463364 99.837057858705521 78.48830059170723 337.91350457072258 75.605317652225494 128.92561040818691 905.92757095396519 296.47716327011585 190.02973131835461
leaf_count=191 47 34 74 214 84 53 61 118 338 69 380 49 56 361 166 69 329 240 1252 549 218 188 133 109 779 155 255 1993 547 500
internal_value=-0.00207252 -0.014694 -0.000288698 -0.00049362 -0.00529353 -0.0235694 -0.00105853 0.00148163 -0.0353682 -0.0153204 -0.00289962 -0.0136148 1.03223e-05 0.000226839 0.00562934 0.0022839 0.00819273 -0.000952251 0.000833201 -0.00893281 -0.00292775 -0.0147791 0.0116226 0.00623665 -0.000410294 0.00182568 0.000853155 0.00298672 0.00891261 0.017429
internal_weight=4723.3 584.889 4138.41 4117.27 402.07 64.7015 337.368 313.187 182.819 135.34 265.19 44.3254 3981.93 3952.36 708.064 629.881 468.857 3244.3 2651.16 593.132 425.335 161.024 425.224 325.387 2547.08 1934.88 1859.27 1521.36 615.433 318.955
internal_count=9611 1308 8303 8256 887 137 750 689 421 283 571 83 7973 7917 1068 902 645 6849 5721 1128 767 257 571 438 5481 4229 4074 3295 1302 755
cat_boundaries=0 1 2 3 4 5 6
cat_threshold=225 26 1311768 3200 100 8578
is_linear=0
shrinkage=0.05


Tree=83
num_leaves=31
num_cat=4
split_feature=3 16 23 82 49 31 53 70 32 94 71 16 19 45 101 43 43 65 13 98 70 34 22 36 101 59 34 39 37 22
split_gain=33.1016 41.9699 27.4561 23.5916 20.1245 17.6417 17.2244 16.806 19.3506 16.419 20.4295 12.1515 12.1197 14.3051 11.9756 11.5027 23.9935 15.85 23.7541 19.014 19.5836 15.0887 19.2076 14.0247 13.0393 14.079 15.4175 13.8145 14.2126 16.8343
threshold=0 0.64102564102564108 1968.3950000000002 389.65000000000015 0.30384351587891045 3455.0000000000005 -30.918360136857327 1 3435.0000000000005 1310.7420634920638 111.90500000000002 0.75500000000000012 193.66666666666677 -6.3700000000001173 0.91666015579333637 -160.15000000000006 -85.820000000000149 2 0.5277777777777779 3095.4648526077103 3 1855.0000000000002 6870.9750566893426 484.99999999999983 0.90978650257087812 0.0046838962724014008 1545.0000000000002 3065.0000000000005 1035.0000000000002 5530.7482993197291
decision_type=9 2 2 2 2 2 2 9 2 2 2 2 2 2 2 2 2 9 2 2 9 2 2 2 2 2 2 2 2 2
left_child=1 3 14 -1 9 7 11 15 12 -5 -11 -7 13 -9 -3 -2 -17 24 -19 20 21 -20 -23 -24 25 -18 27 28 -27 -30
right_child=5 2 -4 4 -6 6 -8 8 -10 10 -12 -13 -14 -15 -16 16 17 18 19 -21 -22 22 23 -25 -26 26 -28 -29 29 -31
leaf_value=0.8790052953700539 -0.099120928059778415 0.42618449806619624 -0.10005624661858548 0.81367278951775579 -0.16423590410587324 -1.050480105150571 -0.074239695657578916 -0.099427868379913784 3.4173803057215313 -2.2780145748649092 -0.0024201589191406472 0.261229431763708 0.95240478418626973 2.2604793550746662 -0.1903461435890563 0.47809699142930295 0.43349597569345061 -1.0473666382097633 1.4677267015424669 -0.082858840642530407 1.5318523784485578 -0.10665328495768014 2.6974401312055347 0.0011324964078568201 -0.52835988431359915 -0.20300645401730508 -0.17052778163249016 -0.10597809243215367 0.29119546953001285 -0.0078445081319713957
leaf_weight=42.37319153547287 101.03683526813984 31.637189835309982 153.71542915701866 48.193498432636261 41.943654119968414 142.18722108006477 931.70128545165062 171.78318566083908 71.824568420648575 41.893355652689934 242.71155397593975 39.674262836575508 171.44307579100132 27.95001807808876 42.428582429885864 280.24048326909542 58.36555702984333 82.704152643680573 82.212567731738091 224.58567348122597 167.27241158485413 288.80432851612568 38.528018683195114 36.129759952425957 244.41276164352894 69.789170742034912 550.6199264228344 98.272347867488861 168.76653108000755 87.900444507598877
leaf_count=95 164 51 381 92 69 378 2037 358 175 88 550 125 380 59 87 468 102 164 167 455 473 506 77 67 524 102 1018 154 217 133
internal_value=-0.00196781 -0.0124108 -0.0298641 -0.00317729 -0.00717582 -0.000308841 -0.0056895 0.00167241 0.0105521 -0.00306235 -0.00763245 -0.0197646 0.00619342 -0.00217725 -0.00485604 0.00010619 0.000780706 -0.000975715 0.00400764 0.00657555 0.0111358 0.00516535 0.000905759 0.0235127 -0.00455936 -0.00213935 -0.00356678 0.00359083 0.00853832 0.0139784
internal_weight=4781.1 644.896 227.781 417.115 374.742 4136.2 1113.56 3022.64 443.001 332.798 284.605 181.861 371.176 199.733 74.0658 2579.64 2478.6 2198.36 920.237 837.533 612.947 445.675 363.462 74.6578 1278.13 1033.71 975.348 424.728 326.456 256.667
internal_count=9716 1413 519 894 799 8303 2540 5763 972 730 638 503 797 417 138 4791 4627 4159 1909 1745 1290 817 650 144 2250 1726 1624 606 452 350
cat_boundaries=0 1 2 3 4
cat_threshold=1056 204 1058202 8
is_linear=0
shrinkage=0.05


Tree=84
num_leaves=31
num_cat=2
split_feature=29 16 6 59 104 59 4 76 34 72 73 38 96 8 69 47 2 25 25 22 77 43 45 5 43 101 82 24 72 33
split_gain=39.1172 41.1849 20.5807 15.0065 14.8406 13.9538 13.7359 12.2415 16.4246 18.6237 15.1118 11.6433 13.1591 14.6079 13.17 13.3475 12.9686 11.5835 11.2445 15.6285 11.2337 15.0342 16.2174 15.8993 20.8169 14.5303 11.7946 17.5318 14.9544 11.2483
threshold=12.000000000000016 0.70714285714285718 1.5000000000000002 0.0097230986605517013 0.90134465628071392 0.0081634412149899516 5.5000000000000009 1351.7 2925.0000000000005 86.405000000000015 1617.3550000000002 3085.0000000000005 2676.4172335600911 4.5000000000000009 0 0.88379542323912097 1 2178.8250000000003 2364.2700000000009 5921.3378684807258 0.55694804805379594 -115.54500000000006 -74.215000000000131 0.36602870813397131 -141.465 0.35166481229006324 1168.3890000000004 215.67500000000004 143.965 119.9999999999999
decision_type=2 2 2 2 2 2 2 2 2 2 2 2 2 2 9 2 9 2 2 2 2 2 2 2 2 2 2 2 2 2
left_child=1 5 -2 11 20 -1 7 -6 10 -10 -9 -4 14 16 15 -13 -14 -3 -16 -20 -5 23 -23 24 29 -24 27 -27 -28 -22
right_child=2 17 3 4 6 -7 -8 8 9 -11 -12 12 13 -15 18 -17 -18 -19 19 -21 21 22 25 -25 -26 26 28 -29 -30 -31
leaf_value=0.083415470867818448 0.84014202949963002 -0.039841958582748305 -0.23696383708462465 -0.36703769455829988 2.8838215829206635 -0.17734810035448306 -0.039645653952832309 0.2256300456190834 -1.0548787144903884 0.21284490308910797 1.4384256691411226 0.061771998776811193 -0.61971271151652518 -1.1812911922193394 2.9497522296682521 -1.3448906807201455 -0.028362250161580962 -0.095053434287656557 -0.76606049289963929 0.4547340740885204 -0.42028708415778226 -0.14358173768444901 0.66506750046413721 1.3520001251007085 0.80704181369328321 0.47095505664816106 -0.06778209356206269 -0.74198988847130498 0.45817637061356326 -0.0048193405774515814
leaf_weight=146.43685474991798 29.475796699523926 34.613523811101913 263.09308739006519 87.240273803472519 44.981877863407135 251.66597284376621 221.36611454188824 403.13813002407551 54.41841933131218 82.02392253279686 122.97537146508694 111.55099408328533 145.1781885176897 38.035462915897369 47.605025500059128 45.340186715126038 506.9728729724884 149.5301199555397 58.608856722712517 120.84538803994656 30.657577753067017 834.44879116117954 42.425830632448196 100.92797689139843 47.013122096657753 142.36636735498905 453.19401168823242 39.654957354068756 67.79424187541008 54.960741609334946
leaf_count=329 67 67 605 182 100 548 405 635 135 169 273 176 338 75 108 84 1146 359 151 238 54 1744 75 221 72 244 785 81 139 89
internal_value=-0.00244126 -0.0145859 -0.000756152 -0.00105066 0.0010121 -0.00554181 0.00619179 0.00959269 0.00787904 -0.00757961 0.0118881 -0.00541548 -0.00310644 -0.00723413 0.00431346 -0.00671771 -0.00547742 -0.0341386 0.0117156 0.00650067 -0.00151932 -0.000676212 -0.00242664 0.0111643 -0.000215651 0.00293309 0.0012182 0.012175 -0.00260985 -0.0148941
internal_weight=4778.54 582.246 4196.29 4166.82 2829.59 398.103 928.904 707.538 662.556 136.442 526.114 1337.23 1074.14 690.187 383.95 156.891 652.151 184.144 227.059 179.454 1900.68 1813.44 1579.88 233.559 132.631 745.435 703.01 182.021 520.988 85.6183
internal_count=9694 1303 8391 8324 5403 877 1717 1312 1212 304 908 2921 2316 1559 757 260 1484 426 497 389 3686 3504 3068 436 215 1324 1249 325 924 143
cat_boundaries=0 1 2
cat_threshold=17 64
is_linear=0
shrinkage=0.05


Tree=85
num_leaves=31
num_cat=6
split_feature=2 69 13 74 23 22 98 65 31 53 104 52 74 53 89 55 5 76 59 65 65 34 25 38 74 28 32 61 15 53
split_gain=27.8545 44.2044 22.6982 22.1116 21.8994 22.2007 17.0873 16.7 16.2918 17.3465 11.8907 11.4781 11.2118 11.924 11.1869 11.0757 11.7062 10.4872 12.8668 15.1155 12.6726 14.7255 18.2996 10.9574 10.2578 22.6858 16.4777 16.8986 15.3974 19.5813
threshold=0 1 0.67543859649122817 1153.1350000000004 1968.3950000000002 6870.9750566893426 4038.321995464853 2 3615.0000000000005 -31.785380681054683 0.95024512057281751 1.8651473922902826 3967.9000000000005 -24.513188273703744 0.98346090759978144 0.31467710371819962 0.48913043478260876 3964.1850000000004 0.0010378770022238502 3 4 5535.0000000000009 3910.2250000000004 6265.0000000000009 1614.0100000000002 116.52 3245.0000000000005 5 0.19090909090909094 -28.315495438478091
decision_type=9 9 2 2 2 2 2 9 2 2 2 2 2 2 2 2 2 2 2 9 9 2 2 2 2 2 2 1 2 2
left_child=1 2 3 6 10 -6 -1 -5 12 -10 -4 -11 15 -14 17 24 -17 20 -19 -20 23 22 -22 -13 25 26 27 -2 29 -27
right_child=8 -3 4 7 5 -7 -8 -9 9 11 -12 14 13 -15 -16 16 -18 18 19 -21 21 -23 -24 -25 -26 28 -28 -29 -30 -31
leaf_value=1.2719546191735613 1.6714322294840203 -0.090300762573274088 1.4803883879066775 -0.50770785931870677 -0.27554139511088493 -0.012016344608335318 -1.2346364907227612 0.022178787112292753 -0.7620199636725844 0.55029842952230867 -0.17883673848046622 -0.040153388689372349 0.93491187754348593 0.036938643979365797 -0.52774006110853833 0.72910995343322138 2.9550879052303558 0.18470799665368817 -0.38430313675634359 0.025643145630675691 -2.1541984924212985 -1.2226542162907308 0.83033802328006423 -1.311315379107147 -0.022834186556390537 -0.052405196901383636 2.741079544345479 0.12121213819623122 -0.075544208453767858 0.42592489723275123
leaf_weight=60.789356410503387 36.235182628035545 133.5812905728817 26.609108835458755 54.957243844866753 114.32033029198647 59.914384365081787 20.183434784412384 140.070188626647 129.636972412467 85.586419612169266 37.668621420860291 50.661589592695236 98.166350319981575 118.76521925628185 85.293572515249252 52.314530089497566 30.769071653485298 38.687889397144318 251.0048763602972 139.41639432311058 19.550190567970276 21.704888612031937 150.63674665987492 24.812380194664001 2272.8106758594513 134.83052334189415 43.769944235682487 96.669693320989609 201.22537378966808 81.286522686481476
leaf_count=137 59 315 42 103 276 145 34 302 365 178 68 104 201 212 208 141 111 79 593 324 46 42 298 54 4385 203 103 189 337 103
internal_value=-0.00222345 -0.0117815 -0.00479209 0.00487743 -0.0161823 -0.0253846 0.026841 -0.00424156 -0.000705763 -0.00628156 0.00876175 -0.00373182 0.00104739 0.0120182 -0.00563495 0.000240622 0.0182374 -0.00354184 -0.00838485 -0.0111103 0.00423095 0.0108042 0.0163137 -0.0122853 -0.000280942 0.00556938 0.0205872 0.0118243 -0.000788156 0.00847895
internal_weight=4811.93 648.094 514.513 276 238.512 174.235 80.9728 195.027 4163.84 996.992 64.2777 867.355 3166.84 216.932 781.769 2949.91 83.0836 696.475 429.109 390.421 267.366 191.892 170.187 75.474 2866.83 594.017 176.675 132.905 417.342 216.117
internal_count=9757 1422 1107 576 531 421 171 405 8335 2291 110 1926 6044 413 1748 5631 252 1540 996 917 544 386 344 158 5379 994 351 248 643 306
cat_boundaries=0 1 2 3 4 5 6
cat_threshold=40 225 1900584 1712537 24928 2
is_linear=0
shrinkage=0.05


Tree=86
num_leaves=31
num_cat=4
split_feature=29 16 6 50 53 23 59 30 50 94 56 3 24 70 75 28 28 65 53 99 57 82 53 7 33 54 29 65 33 37
split_gain=26.1229 45.6729 19.5043 14.5346 19.7623 13.1656 15.2041 12.7974 12.5967 11.9547 15.4136 12.5509 15.2659 14.2259 22.6801 21.8109 20.2913 18.2558 17.7296 11.6648 12.6172 12.2997 22.0666 11.482 10.8551 10.6257 10.2021 27.1551 25.895 13.1594
threshold=12.000000000000016 0.64102564102564108 1.5000000000000002 0.56525010658420616 -26.551155774599358 1013.8000000000001 0.024030722517487904 0.654533148643485 0.37462306411946378 1045.7981859410436 0.99892999475142419 0 139.00500000000002 1 3022.9650000000006 145.20000000000002 46.530000000000001 2 -28.429413410193813 78.103990929705347 0.9999463810422814 2599.6750000000006 -29.348152420845107 4.5000000000000009 59.999999999999893 -35.181338821191169 114.48 3 1075.0000000000002 3655.0000000000005
decision_type=2 2 2 2 2 2 2 2 2 2 2 9 2 9 2 2 2 9 2 2 2 2 2 2 2 2 2 9 2 2
left_child=1 25 -2 5 24 6 -4 -3 9 -7 11 12 -11 14 17 18 -15 23 -16 21 -21 -13 -23 -14 -5 -1 28 -28 29 -12
right_child=2 7 3 4 -6 8 -8 -9 -10 10 26 19 13 16 15 -17 -18 -19 -20 20 -22 22 -24 -25 -26 -27 27 -29 -30 -31
leaf_value=-0.25237748630925977 0.80370766057489651 -0.03043856852717397 0.58332648359892514 -0.8479738713748578 -0.26476563786526752 -0.35746417898852134 -0.076223736960163935 -0.085785724444610884 -0.12854439435806597 -1.0210215464264885 -0.26153369945358096 -0.56034428964348881 -1.2572835675064213 -0.075568234546911139 -0.25241786718814357 -0.86669136646581046 1.2593919558889939 0.30828306350040863 0.31674851116623731 1.2372876314526557 -0.1469185457021176 -0.48515566578954367 0.71818091332675837 0.0052006087370285673 1.0715411039595084 0.0072043169928804225 0.60418926424769459 -0.056781694024055446 1.3128211987495348 0.053361459512457549
leaf_weight=107.33959250152111 26.748087704181671 62.906598120927811 60.853005707263947 28.17138734459877 41.202715829014778 79.739220142364502 33.588254064321518 114.14566834270954 134.62000589072704 24.130321338772774 914.12765228748322 209.54664959013462 35.857654586434364 70.313327863812447 39.705956593155861 105.01832391321659 139.02304668724537 499.4759631305933 57.281080991029739 23.435418874025345 22.558521345257759 49.435129433870316 52.965443998575211 317.98363406956196 104.38232570886612 293.11566880345345 203.22004203498363 771.27968870103359 74.331137776374817 113.62559714913368
leaf_count=221 60 132 81 61 70 124 53 284 247 53 1975 453 67 151 88 294 340 944 102 36 54 93 99 533 192 659 380 1496 184 222
internal_value=-0.0021709 -0.0121463 -0.000809839 -0.00108051 0.0130787 -0.00169068 0.0167579 -0.0332932 -0.00213315 -0.00160108 -0.00119084 0.00242178 0.00470635 0.00549455 0.00300171 -0.012035 0.0171013 0.00659653 0.00506126 -0.00577415 0.0175713 -0.00940135 0.00480116 -0.00218829 0.02248 -0.00279663 -0.00405564 -0.000328666 -0.00735115 -0.00941231
internal_weight=4810.13 577.508 4232.62 4205.87 173.756 4032.12 94.4413 177.052 3937.67 3803.05 3723.31 1646.73 1288.79 1264.66 1055.32 202.005 209.336 853.317 96.987 357.941 45.9939 311.947 102.401 353.841 132.554 400.455 2076.58 974.5 1102.08 1027.75
internal_count=9748 1296 8452 8392 323 8069 134 416 7935 7688 7564 3307 2572 2519 2028 484 491 1544 190 735 90 645 192 600 253 880 4257 1876 2381 2197
cat_boundaries=0 1 2 3 4
cat_threshold=220 76 1060226 22624
is_linear=0
shrinkage=0.05


Tree=87
num_leaves=31
num_cat=1
split_feature=29 27 6 69 71 24 71 49 42 5 22 5 44 18 25 93 44 37 96 42 19 73 24 36 37 27 31 28 24 53
split_gain=28.5295 30.7678 22.4675 20.1821 18.1031 12.7271 13.0949 12.5884 12.1701 37.7808 15.3877 24.3328 20.1725 23.6021 20.703 22.2431 17.8266 14.0993 22.066 14.0062 14.2245 12.896 12.4031 12.2141 10.9722 10.6097 10.4353 15.3206 15.3572 13.0808
threshold=12.000000000000016 107.20500000000003 1.5000000000000002 0 118.10000000000001 165.62500000000003 138.48000000000005 0.91766541072603769 1985.0000000000002 0.23904761904761904 6870.9750566893426 0.36181818181818187 122.44999999999995 0.44871640048707345 3851.7050000000004 0.040768533440773504 24.724999999999913 1915.0000000000002 1598.8662131519275 1845.0000000000002 153.66666666666677 3059.7800000000002 204.13500000000002 284.99999999999983 1195.0000000000002 67.635000000000005 1135.0000000000002 152.95000000000002 204.85000000000005 -30.984444095318675
decision_type=2 2 2 9 2 2 2 2 2 2 2 2 2 2 2 2 2 2 2 2 2 2 2 2 2 2 2 2 2 2
left_child=1 3 -2 -1 -3 25 -7 8 9 17 11 16 13 14 15 22 23 18 24 -11 -21 -15 -13 -10 26 -5 -4 -28 29 -29
right_child=2 4 7 5 -6 6 -8 -9 10 19 -12 12 -14 21 -16 -17 -18 -19 -20 20 -22 -23 -24 -25 -26 -27 27 28 -30 -31
leaf_value=-1.6464886391859808 0.75192673514436736 -0.081496438222380618 -0.03110991046946765 2.9950076483494059 -0.11966556003524716 -0.3945541414624838 0.017208727787041769 0.71587559799528444 -0.66843566497444962 3.0465044524054705 0.001307703015430306 0.15370604246341132 -0.51323926687295085 0.78150014023540426 -0.991426156756539 1.6501281701285095 -1.4334354874089925 0.14588451902311947 -0.71282264372968251 2.2148777984405044 -0.12211717464016232 -0.095307035138987931 -0.26025175208910556 0.027178662314097581 -3.6928183367584086 0.11655134355311247 0.94164733084026886 0.17707342337191748 0.24103124969101941 -2.111968184212782
leaf_weight=55.893336206674576 25.987266078591347 95.11427703499794 401.72161339223385 23.761158913373947 134.47794042527676 66.077057540416718 112.58845093846321 72.386116951704025 162.0209883749485 131.53626027703285 1640.4899474680424 141.76542781293392 147.45688377320766 209.16562330722809 85.946694135665894 39.556108370423317 117.28246693313122 32.215380936861038 162.069908618927 29.438520878553391 69.285857558250427 85.403851374983788 163.25416451692581 98.599641337990761 28.359402656555176 96.691490456461906 125.47501684725285 38.261408999562263 113.13477101922035 76.527097225189209
leaf_count=120 60 235 555 51 304 129 256 131 337 323 3382 320 388 452 197 116 275 44 296 60 121 163 367 159 60 204 221 66 155 141
internal_value=-0.00207005 -0.0124184 -0.000628738 -0.00319386 -0.026682 0.00234209 -0.00604801 -0.000917475 -0.00128249 0.00293216 -0.00304364 -0.00722186 -0.0026317 0.000796697 -0.00666513 -0.00118916 -0.0178202 -0.00135885 -0.00246711 0.0211533 0.00691912 0.0117024 -0.00576392 -0.0105352 0.00100687 0.0149814 0.00215356 0.00842033 0.000696011 -0.0121889
internal_weight=4781.94 584.604 4197.34 355.011 229.592 299.118 178.666 4171.35 4098.97 1208.03 2890.94 1250.45 872.549 725.092 430.522 344.576 377.903 977.765 945.549 230.261 98.7244 294.569 305.02 260.621 783.479 120.453 755.12 353.398 227.923 114.789
internal_count=9688 1299 8389 760 539 640 385 8329 8198 2042 6156 2774 2003 1615 1000 803 771 1538 1494 504 181 615 687 496 1198 255 1138 583 362 207
cat_boundaries=0 1
cat_threshold=4
is_linear=0
shrinkage=0.05


Tree=88
num_leaves=31
num_cat=2
split_feature=29 69 38 44 35 109 44 33 33 50 30 76 31 5 82 73 65 45 5 38 50 46 7 99 24 59 18 77 58 56
split_gain=28.189 46.7386 19.1389 15.8559 14.1363 12.6354 12.4694 16.2843 20.4401 12.89 11.1723 10.6011 13.2927 20.1506 26.1323 16.0966 15.6918 17.1918 15.8976 15.4561 14.8048 14.1585 13.4337 15.0093 14.8449 13.0124 12.4312 15.6606 11.4695 13.1186
threshold=12.000000000000016 0 1690.0000000000002 -6.0799999999999264 2065.0000000000005 1.0000000180025095e-35 94.059999999999732 284.99999999999983 1065.0000000000002 -0.023665547295700147 0.61981346309813479 2181.3750000000005 3215.0000000000005 0.3550420168067227 2982.7680000000005 2026.6050000000002 1 60.019999999999989 0.324561403508772 2595.0000000000005 -0.14198957748088628 0.48628378770388309 4.5000000000000009 75.827573696145024 188.55000000000004 0.025059338186392104 0.45833764007345995 0.93133890313904788 0.022977099485414602 0.53016584599084282
decision_type=2 9 2 2 2 2 2 2 2 2 2 2 2 2 2 2 9 2 2 2 2 2 2 2 2 2 2 2 2 2
left_child=1 3 -2 -1 -5 6 11 9 -9 -8 -10 26 13 19 21 -14 18 20 -17 -13 -18 -15 24 -24 25 -21 28 -28 -4 -30
right_child=2 -3 5 4 -6 -7 7 8 10 -11 -12 12 15 14 -16 16 17 -19 -20 22 -22 -23 23 -25 -26 -27 27 -29 29 -31
leaf_value=-0.15962233733245024 0.74029236805478293 -0.18678140588559985 0.42544158422472339 1.1486103405657972 -0.025013243503775585 -0.63860954891033406 -0.32597288800830598 -0.41169111841216194 -0.29298174880371447 0.41816559846766199 4.7115826682451836 -0.46869281851327704 -0.49884094066701296 1.7433239318556433 1.3605967016918699 0.89442805325536634 -0.97003585425593541 0.34835286247322517 -0.015072025071011241 0.08271593696667523 -0.39796290133569007 0.021862169750063744 -0.015337490122372061 0.46913010853026338 -0.76187150933206738 -1.9017436179794893 1.2711674331740999 0.0051067578051235078 0.21215085367987713 -0.13396547638578513
leaf_weight=64.343856304883957 25.957784324884415 161.67059959471226 67.74217726290226 57.50010372698307 307.37596189975739 113.67201007902622 44.765412330627441 405.62074086070061 40.696485251188278 148.81167396903038 36.9683997631073 137.92684170603752 42.373866960406303 33.787594154477119 95.427842795848846 47.206526383757591 40.068771630525589 83.332261353731155 214.27352015674114 144.75389796495438 319.31905552744865 402.22951959073544 592.721126049757 187.77130657434464 130.48751004040241 28.139067530632019 162.2410444021225 146.94818064570427 132.14270097017288 366.51386933028698
leaf_count=144 57 373 134 127 677 233 102 929 82 338 106 245 118 106 222 114 94 185 410 260 774 829 990 340 250 57 319 204 246 655
internal_value=-0.00256155 -0.0127856 -0.00112037 -0.00360439 0.000347219 -0.00138706 -0.000925863 -0.00711966 -0.0120279 0.00513436 0.0114715 0.000316166 -0.00134219 0.00103704 0.00916466 -0.00692956 -0.00512861 -0.0107234 0.00457916 -0.00249822 -0.0157102 0.00397767 -0.000492105 0.00297837 -0.00942042 0.000188196 0.00505081 0.0131143 0.000649036 -0.00197344
internal_weight=4782.79 590.891 4191.9 429.22 364.876 4165.94 4052.27 676.863 483.286 193.577 77.6649 3375.41 2499.82 1753.24 531.445 746.574 704.2 442.72 261.48 1221.8 359.388 436.017 1083.87 780.492 303.38 172.893 875.588 309.189 566.399 498.657
internal_count=9720 1321 8399 948 804 8342 8109 1557 1117 440 188 6552 4994 3299 1157 1695 1577 1053 524 2142 868 935 1897 1330 567 317 1558 523 1035 901
cat_boundaries=0 1 2
cat_threshold=225 15546
is_linear=0
shrinkage=0.05


Tree=89
num_leaves=31
num_cat=2
split_feature=27 16 42 61 7 34 23 25 47 17 25 48 35 76 99 54 77 29 39 17 30 53 76 28 65 56 99 48 18 23
split_gain=26.5898 42.9928 25.9322 15.6231 26.3789 24.5371 22.7039 22.4058 15.8609 17.6418 15.0646 18.0522 15.0884 14.4066 15.8298 13.8792 12.7507 12.0817 12.0747 12.6187 11.5538 20.6718 11.3556 12.52 11.2731 13.1305 11.0607 10.8616 10.4227 10.3759
threshold=113.66500000000001 0.6132478632478634 1445.0000000000002 0 1.0000000180025095e-35 1445.0000000000002 1026.6150000000002 1453.3600000000004 0.25643479875628644 0.42702414643989356 3099.4000000000005 0.98764445076712237 3495.0000000000005 1920.3750000000002 6.1320861678004812 -29.719869857584836 0.62693858187406881 202.86500000000004 1615.0000000000002 0.3437699404110629 0.50525710596921602 -27.880853317758476 3867.8450000000003 43.72000000000002 1 0.93194326142320372 70.092210884353577 0.97414018021185023 0.42381887284739561 1964.5250000000003
decision_type=2 2 2 1 2 2 2 2 2 2 2 2 2 2 2 2 2 2 2 2 2 2 2 2 9 2 2 2 2 2
left_child=3 2 -2 6 5 -5 -1 -8 9 -9 16 12 -12 14 -10 24 -7 -6 -17 27 21 28 -13 -24 26 -26 -15 -20 -19 -3
right_child=1 29 -4 4 17 10 7 8 13 -11 11 22 -14 15 -16 18 -18 20 19 -21 -22 -23 23 -25 25 -27 -28 -29 -30 -31
leaf_value=1.2076090615153949 3.4433424068734695 -0.062640439694982328 -0.13770500713364697 0.97086688929689025 -0.098054319388612532 0.10795299872875574 -0.54949073352225075 0.75813697356275656 -0.52924419582209159 -0.23227613213372039 0.20486212509943016 1.0064732415678095 -1.4427677215447581 -0.097486532924956751 0.49174987345361321 -0.16645834722949646 -0.58140097448787742 -0.42581823211503117 -0.074175637779606521 0.50086752420226188 -0.076449697128694899 0.65242268520423374 0.079356533217914207 -0.18982704066124256 1.0919953521609294 -0.35997257390783094 0.75950962090940388 0.11161590943604788 0.2583119830901523 -0.071157863532189933
leaf_weight=41.341481953859329 22.962830528616905 40.002565652132034 466.71557420492172 39.970890045166016 2012.6621259152889 41.798009157180786 59.421843886375427 331.4256677031517 26.666498333215714 27.380682229995728 48.969620883464813 100.65566168725491 29.079549640417099 21.625517129898071 76.21623058617115 177.62753392755985 51.064029306173325 57.575892239809036 53.505390509963036 101.96874713897705 108.32534192502499 91.502982810139656 35.814361989498138 21.664576143026352 23.310531079769135 166.83245408535004 37.556848749518394 284.89205229282379 65.621387422084808 108.3249049782753
leaf_count=57 67 79 1089 99 4312 74 76 670 43 47 79 231 57 34 122 347 118 109 99 169 187 133 76 41 36 307 69 512 96 260
internal_value=-0.00184891 -0.0113495 -0.00420605 -0.000382828 -0.00261752 0.00980537 0.00384454 0.00275732 0.00410039 0.0130824 0.00531169 0.01202 -0.00765607 0.000778622 0.0184691 -0.00131984 -0.0117502 -0.00458022 0.00269764 0.00713644 0.00439599 0.0111128 0.0217314 0.00400069 -0.0112778 -0.0167008 0.00767103 0.00249032 -0.00225811 -0.0349326
internal_weight=4772.48 638.006 489.678 4134.48 2704.7 369.017 1429.77 1388.43 1329.01 358.806 329.046 236.184 78.0492 970.202 102.883 867.319 92.862 2335.69 617.994 440.366 323.026 214.7 158.135 57.4789 249.325 190.143 59.1824 338.397 123.197 148.327
internal_count=9695 1495 1156 8200 5612 775 2588 2531 2455 717 676 484 136 1738 165 1573 192 4837 1127 780 525 338 348 117 446 343 103 611 205 339
cat_boundaries=0 1 2
cat_threshold=2 536768
is_linear=0
shrinkage=0.05


Tree=90
num_leaves=31
num_cat=5
split_feature=29 16 30 38 23 19 26 65 27 26 94 70 26 5 29 50 24 65 61 7 39 45 23 37 28 15 37 61 33 96
split_gain=27.1143 28.505 17.3173 14.4478 11.3187 16.4259 13.0861 10.9502 13.8367 10.4008 12.4723 9.99116 11.7171 9.76453 21.4882 19.4428 17.7851 15.0892 13.4466 19.2874 16.5448 13.0832 12.8423 18.7019 16.6612 11.4485 12.2761 11.6937 13.5402 11.3974
threshold=12.000000000000016 0.70714285714285718 0.654533148643485 1690.0000000000002 4376.1150000000007 505.50000000000006 134.43500000000003 0 38.090000000000011 67.800000000000011 1310.7420634920638 1 146.95500000000001 0.6043478260869567 118.22500000000001 0.52835851888273466 188.55000000000004 2 3 2.5000000000000004 965.00000000000011 -178.87499999999997 1026.6150000000002 1035.0000000000002 160.71500000000003 0.17424242424242423 2835.0000000000005 4 145.00000000000003 3197.7324263038549
decision_type=2 2 2 2 2 2 2 9 2 2 2 9 2 2 2 2 2 9 1 2 2 2 2 2 2 2 2 1 2 2
left_child=1 9 -3 -2 13 6 7 8 -6 -1 -11 12 -12 18 15 17 -16 21 19 -5 -21 -15 -22 24 -24 -19 -27 28 -28 -25
right_child=3 2 -4 4 5 -7 -8 -9 -10 10 11 -13 -14 14 16 -17 -18 25 -20 20 22 -23 23 29 -26 26 27 -29 -30 -31
leaf_value=-0.42134528671253446 0.56611051551434455 -0.011394352055819469 -0.064524652840371746 -1.689700239503189 0.75552987396966387 -0.80175906320858703 1.1803514089898202 -0.5783830856478559 -0.91458558426644676 2.2169929254858034 9.4246251430479333 -0.2545786232512352 -0.046418355586772014 -0.13511099893709116 1.9037876533408575 2.5212848854621854 0.1359048805174243 -0.31260617227458171 -0.059550029386978842 -1.1348503869292415 1.1796733913319961 0.85255435785166489 0.62357260118263236 0.26397616090122744 -0.22066232552703441 0.076074162672750134 -0.37117950591222332 -1.132095384642696 1.8408146940759567 -0.097034908452988594
leaf_weight=20.528210520744324 29.51373216509819 67.905978620052338 114.07618586719036 33.844394892454147 34.740744799375534 58.561537399888039 49.414970204234123 113.66861052811146 26.624306589365005 26.877958580851555 31.806161910295486 279.25866214931011 42.872109740972519 56.875295922160149 131.7577396184206 20.841990202665329 267.69060999155045 135.20359373092651 1651.7432095110416 50.052311956882477 38.926577657461166 109.69896166026592 44.708215564489365 713.21772909164429 104.75059665739536 303.53989495337009 53.552837133407593 21.960870116949081 23.730994462966919 127.41430805623531
leaf_count=27 64 141 280 122 67 137 99 285 47 64 74 624 94 123 349 40 601 299 3198 121 53 261 77 1175 158 668 95 57 38 271
internal_value=-0.00185868 -0.0119602 -0.0283744 -0.00045639 -0.000702968 -0.0103572 -0.00420425 -0.0106191 0.00663212 -0.00451747 -0.00264866 -0.00514223 0.0103889 -5.0487e-07 0.00392704 -0.00120113 0.0132399 -0.00260902 -0.0015985 0.00264962 0.00381534 0.0101965 0.00518079 0.00407324 -0.0122242 -0.00664002 -0.00253759 -0.0178033 -0.00865435 0.00697081
internal_weight=4785.36 583.325 181.982 4202.03 4172.52 283.01 224.449 175.034 61.3651 401.343 380.815 353.937 74.6783 3889.51 1124.85 725.404 399.448 704.562 2764.66 1112.91 1079.07 166.574 1029.02 990.091 149.459 537.988 402.785 99.2447 77.2838 840.632
internal_count=9709 1304 421 8405 8341 635 498 399 114 883 856 792 168 7706 2531 1581 950 1541 5175 1977 1855 384 1734 1681 235 1157 858 190 133 1446
cat_boundaries=0 1 2 3 4 5
cat_threshold=524473 5 15618 2 1
is_linear=0
shrinkage=0.05


Tree=91
num_leaves=31
num_cat=2
split_feature=6 2 16 94 30 86 50 5 17 16 28 94 73 5 65 10 28 86 72 86 82 82 27 17 58 5 58 36 5 50
split_gain=20.9425 20.9616 26.2225 24.8907 15.3106 13.8939 13.1098 16.3331 13.0454 12.763 15.2285 13.393 26.2118 19.5112 27.2219 17.1782 16.7254 19.5228 16.7256 12.6325 13.0488 12.5979 12.0469 18.5822 13.5573 12.8345 16.4272 12.0409 14.3949 11.8872
threshold=1.5000000000000002 0 0.64102564102564108 1913.8117913832202 0.654533148643485 -19.431948453104262 0.48550712801453683 0.66025641025641035 0.40736172929424203 -0.74999999999999989 46.540000000000006 2488.1598639455788 2035.9950000000001 0.36602870813397131 1 1.5000000000000002 151.21000000000004 -23.650120843690001 95.240000000000023 -27.526797689902196 3141.0925000000007 1119.7250000000004 71.125000000000014 0.26471504746728441 0.038005731657593009 0.324561403508772 0.018121319465168251 154.9999999999998 0.66025641025641035 0.48550712801453683
decision_type=2 9 2 2 2 2 2 2 2 2 2 2 2 2 9 2 2 2 2 2 2 2 2 2 2 2 2 2 2 2
left_child=-1 2 6 -4 21 9 7 19 -9 10 27 13 -13 16 -15 -16 17 -11 -18 20 -2 -5 25 -24 -25 26 -14 -3 -29 -27
right_child=1 5 3 4 -6 -7 -8 8 -10 11 -12 12 22 14 15 -17 18 -19 -20 -21 -22 -23 23 24 -26 29 -28 28 -30 -31
leaf_value=0.60046690974384809 -1.4884887684801158 -0.037736586695132246 0.026775655689526445 -0.22334067323216972 -0.061298420198353659 -0.73496714806945751 0.59474572047533625 -0.057392388977804389 0.48245372346965215 0.041841815405455667 1.4237569747531396 -0.84856581510426077 -0.092861013624571248 -0.18289342833381 0.10223140583060797 1.3772570158895405 -0.026166704138900345 0.98254224660155909 -0.67607902090976502 0.82387803437970186 0.013846471243348547 0.0017965001264023785 -1.6144237816716513 0.041074680578471148 -1.0754906154105612 -0.020731059782655593 0.3819216043763447 -0.027546330741489558 2.2216974206501945 -0.20638440494085089
leaf_weight=29.914109617471695 94.102331265807152 204.73615553975105 47.474723815917969 52.330974578857422 82.515346616506577 58.47399528324604 27.89054898917675 136.27574481070042 94.324892997741699 562.16771969199181 43.620807141065598 179.96735516190529 62.685866758227348 119.32813903689384 131.70969259738922 132.51397840678692 943.85772542655468 51.845858156681061 109.35369277000427 20.866771757602692 32.82536107301712 39.477244704961777 73.460897460579872 196.75771348178387 69.66606704890728 895.19904026389122 135.51166135072708 57.765530526638031 58.674858972430229 40.297236293554306
leaf_count=67 184 409 89 121 212 131 44 311 215 928 100 411 138 295 307 395 1531 97 196 50 61 85 161 467 169 1942 301 91 140 81
internal_value=-0.00196737 -0.0022297 -0.0106636 -0.0246606 -0.0334017 -0.000918279 -0.00328488 -0.0057233 0.00259301 -0.000572755 0.00835054 -0.00145151 -0.00479967 0.00124812 0.0114162 0.0199294 -0.00109109 0.00546779 -0.00491486 -0.0186991 -0.0246261 -0.0193536 -0.00259968 -0.0108563 -0.00471737 -0.000124316 0.0114337 0.00458569 0.017423 -0.00257304
internal_weight=4785.59 4755.68 628.084 221.798 174.324 4127.59 406.286 378.395 230.601 4069.12 364.797 3704.32 1653.55 2050.78 383.552 264.224 1667.22 614.014 1053.21 147.794 126.928 91.8082 1473.58 339.885 266.424 1133.69 198.198 321.177 116.44 935.496
internal_count=9729 9662 1372 507 418 8290 865 821 526 8159 740 7419 3670 3749 997 702 2752 1025 1727 295 245 206 3259 797 636 2462 439 640 231 2023
cat_boundaries=0 1 2
cat_threshold=40 1057818
is_linear=0
shrinkage=0.05


Tree=92
num_leaves=31
num_cat=2
split_feature=6 2 69 33 18 34 56 82 31 32 4 16 32 19 4 56 54 97 35 54 91 5 74 45 43 39 45 72 16 18
split_gain=23.3514 20.9743 30.647 20.6402 17.5609 17.5368 13.4098 16.2566 13.3713 25.9246 15.4111 15.4726 15.9274 13.0895 11.7238 10.9745 10.0565 11.9471 15.0467 10.0415 9.81852 9.79663 9.78828 9.63706 11.3659 12.2854 12.2167 12.1777 11.0406 9.67689
threshold=1.5000000000000002 0 1 2405.0000000000005 0.41259276340614653 1525.0000000000002 0.99862635442040448 3203.3300000000004 1765.0000000000002 1235.0000000000002 3.5000000000000004 0.5634920634920636 3455.0000000000005 327.08333333333337 19.500000000000004 0.85615156396456971 -31.123930604565317 3813.8321995464858 3925.0000000000005 -30.836139031466406 0.0226053639846743 0.82971014492753636 2842.7350000000006 -369.29500000000013 -57.960000000000029 1535.0000000000002 -32.775000000000084 143.965 0.57738095238095244 0.43722330276928778
decision_type=2 9 9 2 2 2 2 2 2 2 2 2 2 2 2 2 2 2 2 2 2 2 2 2 2 2 2 2 2 2
left_child=-1 4 3 8 14 -4 7 15 9 -3 -10 12 21 -14 19 -6 -13 18 -18 -2 -17 -12 -7 29 26 -26 27 -25 -27 -8
right_child=1 2 5 -5 6 22 23 -9 10 -11 11 16 13 -15 -16 20 17 -19 -20 -21 -22 -23 -24 24 25 28 -28 -29 -30 -31
leaf_value=0.5704435642566551 -0.0066352278576260922 -0.12490353359889782 2.6020897013718995 3.5929299726995105 -0.088971908061176122 -0.058233499188436615 -0.014320341099119286 1.2300541606462789 -0.9456360047517649 1.3246678013263151 0.12905338106952088 -0.33734254338777564 -0.38188731384847902 0.023435067429745972 -2.2545296198384448 0.10914460758819189 -0.014030040088222506 0.10917975592405611 -0.26661568016335907 -0.10753055694139775 0.60235612271743166 5.7996777126338328 -0.027434760876502651 0.44122557297480675 -0.54061105474040549 -0.10885804587214594 0.41045337921210745 -0.60926435224233644 0.076520713304555704 0.65733580688916726
leaf_weight=28.319060027599335 1298.6086129099131 33.340672373771667 20.66908586025238 18.500526383519173 155.4430205821991 117.64662566781044 30.043296575546265 111.09976072609425 169.85124255716801 70.777578681707382 23.145692855119705 56.461825355887413 30.006482183933258 128.24837359786034 26.518632709980011 310.75741823017597 120.30446183681488 20.970667615532875 21.730878204107285 766.17565244436264 74.742673695087433 31.018782511353493 27.098586767911911 118.51154519617558 161.70514462888241 313.46809223294258 60.237647980451584 49.335852712392807 314.44905112683773 50.755259945988655
leaf_count=66 2671 39 40 58 344 286 62 233 400 170 53 138 61 294 56 508 248 52 54 1575 121 80 68 222 353 574 117 88 565 85
internal_value=-0.00171437 -0.00198531 -0.00885534 -0.00422718 -0.000370195 -0.0277259 0.00332367 0.00900379 -0.00565195 0.010892 -0.00851454 -0.00349652 0.00612303 -0.00188682 -0.00346395 0.00542589 -0.0128071 -0.00650796 -0.0117092 -0.00303969 0.0099482 0.0295258 -0.0355541 -4.78957e-05 -0.00136746 -0.00420733 0.00846407 0.00153179 -0.00104239 0.0165729
internal_weight=4759.94 4731.62 889.771 724.357 3841.85 165.414 1750.55 652.043 705.857 104.118 601.738 431.887 212.419 158.255 2091.3 540.943 219.468 163.006 142.035 2064.78 385.5 54.1645 144.745 1098.51 1017.71 789.622 228.085 167.847 627.917 80.7986
internal_count=9681 9615 2041 1647 7574 394 3272 1206 1589 209 1380 980 488 355 4302 973 492 354 302 4246 629 133 354 2066 1919 1492 427 310 1139 147
cat_boundaries=0 1 2
cat_threshold=22 225
is_linear=0
shrinkage=0.05


Tree=93
num_leaves=31
num_cat=4
split_feature=29 69 6 27 35 98 33 32 44 82 99 77 16 65 71 65 76 8 61 36 77 28 49 18 26 101 42 31 15 38
split_gain=23.5866 49.7308 16.4746 14.6249 10.6597 12.4123 10.4162 12.0134 11.4607 19.3728 14.9558 12.252 15.6327 14.4161 14.0097 13.64 17.8429 12.3539 14.8239 15.6673 12.1209 12.0546 11.845 11.5998 12.4963 11.179 10.4798 10.3965 10.2776 15.7542
threshold=12.000000000000016 0 1.5000000000000002 91.125000000000014 2185.0000000000005 4018.3673469387759 2440.0000000000005 6285.0000000000009 94.059999999999732 3671.1450000000004 8.6308843537416369 0.92253465902929788 0.55050505050505061 1 98.635000000000005 2 3916.0950000000007 1.0000000180025095e-35 3 54.999999999999893 0.86845068497969458 153.88000000000002 0.37716027722823237 0.54352614344134997 146.03000000000003 0.38407577472993726 3545.0000000000005 3235.0000000000005 0.19090909090909094 3085.0000000000005
decision_type=2 9 2 2 2 2 2 2 2 2 2 2 2 9 2 9 2 2 1 2 2 2 2 2 2 2 2 2 2 2
left_child=1 3 -2 -1 -5 -6 8 -8 11 10 26 15 25 17 21 -4 23 18 19 -14 27 -15 -20 24 -17 -13 -10 -18 -23 -30
right_child=2 -3 6 4 5 -7 7 -9 9 -11 -12 12 13 14 -16 16 20 -19 22 -21 -22 28 -24 -25 -26 -27 -28 -29 29 -31
leaf_value=0.040014034452218544 0.55351692844560607 -0.19548927640774708 0.26692833704321817 0.31354896847854835 -0.33354876971944097 0.0066527809905068125 3.6710308280923432 -0.16106951518182344 -0.10427703639792529 0.34855209264969889 -0.34715002425365643 0.045145049383410199 -0.14246996000027679 0.28594686872600122 -0.72326761560699004 0.16660053312680231 1.3202871533322185 0.26737730511891727 -0.68712211422004688 0.53096604453932128 1.7561036910005225 -0.0023537895336229299 0.35466354494248264 0.79443491687989365 -0.11618840661518721 -0.23648254709342426 0.73223586091026138 -0.8366651600911752 -0.63860328738194316 -0.046036340452103988
leaf_weight=232.48898506164551 27.675115630030632 162.8121470361948 565.82430675625801 35.262792259454727 114.49768204987049 44.120312884449959 26.815892204642296 16.887446522712708 72.933890029788017 55.141304329037666 496.59726792573929 31.817779421806335 48.079525411128998 165.18362662196159 81.121287688612938 415.37964195013046 31.929691910743713 240.02609705924988 144.86240921914577 148.37296161055565 26.392558768391609 505.53084072470665 25.462999686598778 61.229338794946671 163.03815387189388 282.5881766974926 34.028567463159561 135.71134607493877 90.339537844061852 260.80998858809471
leaf_count=503 62 376 1079 67 264 113 72 27 163 111 1186 44 69 307 159 938 71 501 306 232 62 875 40 124 320 529 60 334 163 494
internal_value=-0.00189125 -0.0112534 -0.000563302 -0.00180559 -0.0119884 -0.0175162 -0.00082119 0.0234592 -0.00108112 -0.00712091 -0.0097127 8.0904e-05 -0.00240616 -0.000521922 -0.00391416 0.0036781 -0.000438692 0.0056161 -6.26722e-05 0.009297 -0.0137251 -0.00236195 -0.0108581 0.00358481 0.0013941 -0.0126529 0.00724634 -0.0186836 -0.00474659 -0.0113176
internal_weight=4742.96 589.182 4153.78 426.37 193.881 158.618 4126.1 43.7033 4082.4 658.701 603.56 3423.7 2024.2 1709.79 1102.99 1399.51 833.681 606.804 366.778 196.452 194.034 1021.86 170.325 639.647 578.418 314.406 106.962 167.641 856.68 351.15
internal_count=9651 1323 8328 947 444 377 8266 99 8167 1520 1409 6647 3719 3146 1998 2928 1849 1148 647 301 467 1839 346 1382 1258 573 223 405 1532 657
cat_boundaries=0 1 2 3 4
cat_threshold=225 1643713 275890 2
is_linear=0
shrinkage=0.05


Tree=94
num_leaves=31
num_cat=4
split_feature=2 69 6 54 33 96 74 69 75 65 72 17 56 50 28 71 17 39 26 4 17 23 26 59 50 5 34 97 26 28
split_gain=17.7211 37.9487 15.0155 12.8668 13.2314 10.7585 10.6221 13.3187 16.4518 16.125 14.9297 18.3913 12.8707 13.7766 12.2194 12.7113 17.2681 15.7444 13.2972 12.052 11.8859 23.2601 11.8776 11.3417 10.1918 10.737 11.1358 10.0303 9.83844 19.4227
threshold=0 1 5.5000000000000009 -19.431948453104262 2440.0000000000005 2676.4172335600911 3403.9450000000002 2 3314.1250000000005 3 128.24000000000004 0.36757211420793456 0.61152570480928703 0.56525010658420616 116.52 118.10000000000001 0.32685938932895969 2645.0000000000005 114.95500000000001 5.5000000000000009 0.25015497327896297 4951.9900000000007 70.980000000000004 0.026277446305622253 0.47001447577711969 0.48913043478260876 1875.0000000000002 1663.7188208616783 23.245000000000005 176.88000000000002
decision_type=9 9 2 2 2 2 2 9 2 9 2 2 2 2 2 2 2 2 2 2 2 2 2 2 2 2 2 2 2 2
left_child=1 2 -1 4 6 -6 7 8 10 23 -2 -12 -8 28 22 18 -17 -18 20 -10 21 -16 -11 -9 25 -4 -27 -24 29 -14
right_child=3 -3 24 -5 5 -7 12 9 19 14 11 -13 13 -15 15 16 17 -19 -20 -21 -22 -23 27 -25 -26 26 -28 -29 -30 -31
leaf_value=0.51424553962154107 -0.44811325212244385 -0.045547360408626503 -0.42963847159172169 -0.87757789426135846 2.8015306632297086 -0.089061192735760394 -0.59904463973345945 -0.02560090041063745 2.9206177916683984 -0.06008816965615154 1.435593296108892 -0.36231529166613541 0.35821221307446083 0.77555336803136188 1.2879600702904843 -0.70657215680930363 -0.99977555969237109 1.48785672806236 -0.80381006409349431 1.1910893754787459 0.029966190205063015 -0.74016234681757131 0.99630233517571531 -0.71801687867401964 0.33728991646759854 1.13245440993973 -0.071109815766581624 0.29875397836151657 -0.099063184578029082 -0.15449012718418376
leaf_weight=32.225724220275879 95.937640368938446 124.81282487511635 62.470149397850037 59.042855605483055 24.009495943784714 18.662318497896194 89.564905524253845 722.98073410987854 74.633547127246857 107.64309625327587 68.672350466251373 22.866639479994774 176.8286691904068 41.135351300239563 62.439955800771713 66.89240688085556 23.221448600292206 26.130374863743782 40.651784256100655 50.109788984060287 1073.7299353182316 24.357574373483658 74.604996249079704 128.44885341823101 28.765081569552422 26.781900703907013 370.78439150750637 192.19793367385864 754.84362903237343 110.9077368080616
leaf_count=75 222 291 106 135 65 35 247 1365 157 239 155 58 318 77 138 134 51 55 71 113 1976 48 119 247 49 66 825 387 1633 257
internal_value=-0.0013817 -0.0090156 -0.0028145 -0.000165847 0.000169807 0.0278657 -0.000123539 0.00152214 0.0110971 0.000301884 0.00209024 0.0165351 -0.00412878 -0.00262328 0.00312218 0.000875242 -0.0149125 0.00752333 0.00240311 0.0255231 0.0033877 0.0211849 0.011111 -0.0052735 -0.00504795 -0.00685332 -0.00382538 0.0167674 -0.00374307 0.00412394
internal_weight=4776.35 645.84 521.027 4130.51 4071.47 42.6718 4028.8 2855.52 312.22 2543.3 187.477 91.539 1173.28 1083.72 1691.87 1317.42 116.244 49.3518 1201.18 124.743 1160.53 86.7975 374.446 851.43 488.802 460.036 397.566 266.803 1042.58 287.736
internal_count=9714 1412 1121 8302 8167 100 8067 5535 705 4830 435 213 2532 2285 3218 2473 240 106 2233 270 2162 186 745 1612 1046 997 891 506 2208 575
cat_boundaries=0 1 2 3 4
cat_threshold=40 225 96 1050921
is_linear=0
shrinkage=0.05


Tree=95
num_leaves=31
num_cat=3
split_feature=27 16 23 17 18 57 18 5 39 23 65 14 46 38 46 52 25 5 38 69 26 75 72 70 96 32 18 27 98 15
split_gain=20.1001 36.4899 24.1985 11.8288 12.9128 12.1259 15.7247 13.4628 12.8273 11.0277 10.9625 13.1597 13.3769 11.8501 11.7195 12.7203 11.9683 15.1145 10.5113 15.9782 9.94531 9.93719 9.89666 9.86795 14.1902 11.4345 11.3817 14.2132 10.2239 10.704
threshold=114.21500000000002 0.6132478632478634 1352.4050000000002 0.20484556081335417 0.40771473203506087 0.83821401313397936 0.65432383454688614 0.56832298136645976 3535.0000000000005 1977.2500000000002 0 0.093073593073593072 0.95510404735514431 5165.0000000000009 0.76335549308772621 1.7924943310658821 3318.3750000000005 0.36602870813397131 5443.505000000001 1 0.56000000000000016 4579.7000000000016 154.51500000000001 2 2052.8344671201817 2425.0000000000005 0.47642901332219983 12.890000000000002 5734.4671201814062 0.14642857142857144
decision_type=2 2 2 2 2 2 2 2 2 2 9 2 2 2 2 2 2 2 2 9 2 2 2 9 2 2 2 2 2 2
left_child=3 2 -2 -1 10 8 23 -8 -6 -3 20 12 14 -13 16 -16 17 -12 19 -4 -5 -22 -15 24 25 -7 27 -26 29 -25
right_child=1 9 18 4 5 6 7 -9 -10 -11 11 13 -14 22 15 -17 -18 -19 -20 -21 21 -23 -24 28 26 -27 -28 -29 -30 -31
leaf_value=0.43095834153332363 4.046469610870993 -0.04029098299562861 0.0059002525892907446 -1.0380403376420773 0.13370482231837286 -0.017680533956523272 -2.348035231765556 0.13130263206667223 0.5284157861987332 -0.043269992388195538 -0.11592271892090977 0.33882739318731936 0.42123044118281289 -0.10521452677926429 0.13297047945424795 -0.47338053331002261 -0.64801613729099472 1.4875473888752424 0.27551578904970597 -0.79931433550906661 -0.065339967907230095 -0.25137301537114637 1.6552206311933084 0.3627044253651569 -0.29343286122414586 0.44635802137266084 -0.41775057496553353 0.27400152088087498 -1.5861779331491392 0.025237853208908236
leaf_weight=42.331968396902084 20.067479267716408 40.002503022551537 170.66350334882736 73.253918647766113 367.20073518157005 132.36790457367897 31.963284820318222 23.038704931735992 92.032460585236549 104.18973875045776 102.18102058768272 267.09431166946888 80.865296795964241 161.44472494721413 22.751177459955215 175.8164279460907 51.037786573171616 40.968061894178391 121.77648232877254 171.05904380977154 1006.7869342416525 85.680024355649948 22.032642364501953 78.596681267023087 105.90985178947449 34.58923664689064 47.313733533024788 89.799476802349091 22.862971574068069 1002.5378600358963
leaf_count=93 60 82 384 159 650 206 65 53 156 251 191 548 165 312 40 338 157 104 298 403 2068 192 47 138 220 50 93 172 50 1981
internal_value=-0.00199728 -0.0103371 -0.00375441 -0.000738913 -0.00100922 0.00183288 -0.000258725 -0.0265205 0.00897887 -0.0324129 -0.00376741 0.000332207 -0.00548362 0.0064529 -0.0092965 -0.0178377 -0.000562617 0.00684926 -0.00608174 -0.0105766 -0.00696075 -0.00582456 -0.00333049 0.00069535 -0.00584631 0.00523397 -0.013699 -0.00837872 0.00314909 0.00387733
internal_weight=4788.22 627.759 483.567 4160.46 4118.13 2028.21 1568.98 55.002 459.233 144.192 2089.91 924.191 473.62 450.572 392.754 198.568 194.187 143.149 463.499 341.723 1165.72 1092.47 183.477 1513.98 409.98 166.957 243.023 195.709 1104 1081.13
internal_count=9726 1478 1145 8248 8155 3834 3028 118 806 333 4321 1902 995 907 830 378 452 295 1085 787 2419 2260 359 2910 741 256 485 392 2169 2119
cat_boundaries=0 1 2 3
cat_threshold=797721 96 136
is_linear=0
shrinkage=0.05


Tree=96
num_leaves=31
num_cat=6
split_feature=31 73 28 96 2 71 22 52 69 31 65 52 52 5 76 94 61 3 30 65 98 32 45 47 101 59 15 75 54 89
split_gain=19.7864 22.328 20.7934 19.069 18.368 29.567 18.5017 17.619 17.5655 23.7439 31.5537 19.6407 17.7579 19.6148 17.25 18.4882 17.389 16.6013 19.6852 18.6833 14.3266 14.0685 15.0713 13.2592 12.6499 12.7895 13.7377 12.9045 12.3969 12.076
threshold=1885.0000000000002 1207.1900000000003 120.67000000000003 1598.8662131519275 0 132.33500000000004 6870.9750566893426 1.066995464852653 1 4145.0000000000009 2 29.986916099773229 234.661530612245 0.34891304347826085 4156.3600000000015 5386.4050000000016 3 4 0.73165514244668739 5 2127.6643990929711 2655.0000000000005 -76.685000000000159 0.41283217330712768 0.18717343140176163 0.027202561670360653 0.19090909090909094 1501.3700000000001 -27.723439328143456 0.081524147097917513
decision_type=2 2 2 2 9 2 2 2 9 2 9 2 2 2 2 2 1 9 2 9 2 2 2 2 2 2 2 2 2 2
left_child=1 2 23 7 8 6 -6 -4 17 10 12 -12 13 -10 15 16 -11 28 19 -19 -3 22 -20 -1 -9 26 27 -26 -2 -23
right_child=4 20 3 -5 5 -7 -8 24 9 14 11 -13 -14 -15 -16 -17 -18 18 21 -21 -22 29 -24 -25 25 -27 -28 -29 -30 -31
leaf_value=0.036713892812145592 -0.084160060868497769 1.420969970163374 0.69759491504838711 -2.7733919027397733 -0.041106492768786043 -0.065878067091253462 -0.062615548043612537 1.5665107986988596 0.067477128518731888 -0.77067236801348438 0.0083209456260235019 0.62836537223071787 -0.7693473676235556 -0.51738948114056926 -0.90853724842514993 -2.405193329008283 4.5158048926434793 -0.20516758004929445 -1.3778552190216262 0.0091041510796241454 -0.62830870515314385 -1.6959231416255591 0.14589770160319446 0.58405675280849367 0.21425553711200396 -0.31464984666379137 -0.34575325926858158 -3.5661969529503725 0.81383155076843894 -0.14783933668729218
leaf_weight=197.46813409030437 22.652756705880165 197.99683260917664 47.143912076950073 58.773807793855667 130.85708765685558 557.25112794339657 62.503540471196175 48.706950277090073 84.395530894398689 36.303984269499779 314.00708566606045 522.09400674700737 59.352828279137611 33.970206663012505 120.16674008965492 21.307806953787804 67.121413841843605 394.3369173258543 39.994140803813934 808.3194514811039 18.152704894542694 78.228415280580521 52.25412729382515 116.02651233971119 237.4920913875103 58.433006808161736 231.23256883025169 32.45371600985527 53.813087895512581 74.926840484142303
leaf_count=328 47 444 61 123 340 1265 156 81 158 87 736 1195 121 63 279 51 159 801 79 1530 27 179 78 224 333 92 348 73 90 160
internal_value=-0.00134994 0.00407354 0.00100138 -0.00371042 -0.00325894 -0.0101449 -0.0271265 -0.001264 -0.00136053 0.00299901 0.00639801 0.0104096 -0.012365 -0.00186883 -0.0109495 0.00207535 0.0108127 -0.00495606 -0.00619377 -0.00360315 0.0186808 -0.0191421 -0.00371656 0.0117363 -0.0035461 -0.00567326 -0.00309227 0.00456929 0.0164884 -0.0284332
internal_weight=4777.74 1243.88 1027.73 714.236 3533.86 750.612 193.361 655.462 2783.25 1258.72 1013.82 836.101 177.719 118.366 244.9 124.733 103.425 1524.53 1448.06 1202.66 216.15 245.404 92.2483 313.495 608.318 559.611 501.178 269.946 76.4658 153.155
internal_count=9708 2134 1663 1111 7574 1761 496 988 5813 2849 2273 1931 342 221 576 297 246 2964 2827 2331 471 496 157 552 927 846 754 406 137 339
cat_boundaries=0 1 2 3 4 5 6
cat_threshold=22 149 1424 4 2 1452160
is_linear=0
shrinkage=0.05


Tree=97
num_leaves=31
num_cat=3
split_feature=27 16 23 23 58 17 61 51 15 35 27 28 65 36 45 86 72 15 37 34 43 48 15 28 65 105 75 37 5 50
split_gain=19.8064 27.672 23.2644 15.0422 14.1808 13.9233 12.7867 19.572 13.2596 16.6829 14.6702 14.2373 12.6422 12.4131 11.6382 11.3549 13.742 10.5162 10.1383 10.0483 9.82309 9.2004 9.13021 9.12888 10.2889 12.431 11.7381 11.6773 11.6094 8.99597
threshold=108.855 0.60555555555555574 1352.4050000000002 2006.5900000000004 0.047358721442108211 0.20484556081335417 0 0.21886629159972998 0.51470588235294124 4295.0000000000009 82.40000000000002 46.540000000000006 1 250.00000000000026 429.33500000000021 -57.394312132550873 137.30500000000004 0.3257575757575758 915.00000000000011 3855.0000000000005 6.4400000000000555 0.96060256322547011 0.34313725490196084 148.78000000000003 2 0.081666666666666665 2973.2150000000006 1085.0000000000002 0.6043478260869567 -0.059177157649297797
decision_type=2 2 2 2 2 2 1 2 2 2 2 2 9 2 2 2 2 2 2 2 2 2 2 2 9 2 2 2 2 2
left_child=5 2 -2 -3 13 -1 7 23 14 11 -11 15 17 21 18 -10 -17 20 -8 -6 -9 -4 -15 -7 25 27 -26 -25 -28 -14
right_child=1 3 4 -5 19 6 8 12 9 10 -12 -13 29 22 -16 16 -18 -19 -20 -21 -22 -23 -24 24 26 -27 28 -29 -30 -31
leaf_value=0.44633162643526814 2.9817079925536905 -0.034183883469836474 -0.33577407922060731 -0.09599736664697929 -0.96957025869323543 1.2290302131274062 -1.9322625365215851 0.16712448891333173 0.3804663435429248 -1.0885038333641561 2.5520636558481655 0.25364822224168648 0.35098533532211679 0.028485056522160337 0.32007676326297541 0.045423451924058611 -0.37687968835481062 0.28219740827380163 -0.058805965127267969 0.0095991226007171807 -0.27380431177133319 1.2805116028568877 -0.39733068977324709 -0.37666233201778249 1.1780838608026329 0.73216257576110755 -0.83052177555547224 0.023273297460566413 2.3363042769234257 -0.040884362035312455
leaf_weight=33.430790230631828 22.293288454413414 61.644796311855316 56.967232719063759 101.43286181986332 83.063227221369743 128.16052441298962 37.645017862319946 175.57900926470757 38.095861196517944 36.248970150947571 21.477300435304642 107.78971657156944 77.005190923810005 56.595156446099281 124.90969966351986 142.28603258728981 42.433028310537338 118.96336077153683 2051.7020744532347 26.828838407993317 47.975209623575211 107.08762069046497 190.0820891559124 29.237490504980087 90.650974735617638 35.379681333899498 16.069750264286995 35.189545512199402 16.907199963927269 664.48327834904194
leaf_count=76 63 120 151 244 192 255 90 298 91 72 50 203 128 143 237 300 71 212 4283 57 109 223 436 46 179 68 43 68 45 1137
internal_value=-0.000840493 -0.00857175 -0.0031465 -0.0266335 -0.00528827 0.000500063 0.000234028 0.00402231 -0.00185561 0.00666646 -0.0181348 0.010997 0.000697423 -0.0010199 -0.00335019 0.00378014 -0.0013458 0.00849803 -0.00423651 -0.0212417 0.00235506 0.00963873 -0.00810851 0.0142733 0.00817148 -0.00410648 0.0170377 -0.0175943 -0.00712834 -0.00298034
internal_weight=4777.61 705.995 542.917 163.078 520.624 4071.62 4038.19 1435.6 2602.59 388.331 57.7263 330.605 1084.01 410.732 2214.26 222.815 184.719 342.518 2089.35 109.892 223.554 164.055 246.677 351.595 223.435 99.8067 123.628 64.427 32.977 741.488
internal_count=9690 1629 1265 364 1202 8061 7985 2588 5397 787 122 665 1884 953 4610 462 371 619 4373 249 407 374 579 704 449 182 267 114 88 1265
cat_boundaries=0 1 2 3
cat_threshold=2 611392 544018
is_linear=0
shrinkage=0.05


Tree=98
num_leaves=31
num_cat=5
split_feature=33 85 22 35 5 29 65 74 45 13 46 18 3 70 96 32 104 65 6 19 50 54 71 70 42 28 59 24 52 89
split_gain=16.7513 18.1628 17.7117 27.0652 22.38 22.5912 18.8728 18.6253 16.6737 16.3549 16.1628 18.6308 15.4316 16.6016 14.4246 14.312 16.8433 14.8774 14.3731 16.6808 13.543 16.9666 13.5055 15.3271 13.0957 13.0836 17.5539 15.169 15.2578 14.7615
threshold=2440.0000000000005 -22.005149609291379 6870.9750566893426 2155.0000000000005 0.36181818181818187 53.330000000000005 0 3385.2500000000005 -12.629999999999994 0.71008403361344552 0.77430023620034183 0.43722330276928778 1 2 1618.8208616780046 2645.0000000000005 0.91437681396450798 3 18.500000000000004 279.00000000000017 0.085711805518781908 -29.257952179522089 179.53500000000003 4 3455.0000000000005 115.13500000000002 0.028870079557083202 164.715 1.0091609977324654 0.88621979286536257
decision_type=2 2 2 2 2 2 9 2 2 2 2 2 9 9 2 2 2 9 2 2 2 2 2 9 2 2 2 2 2 2
left_child=2 -2 3 12 6 8 -5 10 9 -6 -7 -12 14 20 25 16 -4 -17 19 -19 21 -14 23 -21 -10 -1 27 -27 -29 -30
right_child=1 -3 15 4 5 7 -8 -9 24 -11 11 -13 13 -15 -16 17 -18 18 -20 22 -22 -23 -24 -25 -26 26 -28 28 29 -31
leaf_value=0.34742276060145694 2.4741352832437573 -0.10189458680944058 0.010442239069562832 -0.33452191989013119 -0.12299176738786173 0.75376247202819402 -1.2336162377246027 -0.37435731040932779 0.016225155790731093 -0.074382513598915886 -0.32273529612060303 0.3713663521086133 0.53400409136710714 0.41546592660161114 -2.2989414080443638 0.13322926096723009 0.46338067567279922 0.12069089547113664 -0.16231202484094781 -0.53856469447498656 -0.67434642564862202 -0.041687548032817295 -0.47740739472130933 0.18232786470774373 -0.88567668883297024 1.2789776256642691 -0.36054942963173175 0.59717465146956528 -0.037994614216945881 -0.95592257844712669
leaf_weight=136.99567849934101 32.096587538719177 24.339856505393982 250.61992329359055 219.35787366330624 142.57463318109512 119.52813369035721 140.44813768565655 201.7184259146452 185.17948678135872 111.93255454301834 141.33992624282837 156.09439945220947 172.87748627364635 199.72472341358662 80.0401751101017 363.44847457110882 188.44707761704922 232.64066624641418 500.38168525695801 97.465307295322418 78.006417915225029 105.01245099306107 53.625376760959625 185.91614879667759 36.023817479610443 22.392990678548813 65.00697785615921 39.956131786108017 415.84749917685986 56.54491725564003
leaf_count=229 86 43 431 465 300 310 314 424 421 291 307 346 323 440 166 832 300 498 1047 206 144 218 113 424 81 34 103 56 632 84
internal_value=-0.0017792 0.0252992 -0.00210441 -0.00460288 -0.00935594 -0.00579933 -0.0201738 0.000499961 -0.0139918 -0.0227187 0.00653406 0.000293558 0.000433436 0.00679144 -0.0039267 0.00166703 0.00956533 -0.000752186 -0.00371687 0.00167959 0.000173708 0.00534626 -0.00542925 -0.00107508 -0.00395098 -0.00178468 -0.0049692 -0.0019867 -0.00374726 -0.00625668
internal_weight=4755.58 56.4364 4699.15 2826.6 1454.2 1094.39 359.806 618.681 475.71 254.507 416.962 297.434 1372.41 555.621 816.784 1872.54 439.067 1433.48 1070.03 569.647 355.896 277.89 337.007 283.381 221.203 736.744 599.749 534.742 512.349 472.392
internal_count=9668 129 9539 5688 3259 2480 779 1387 1093 591 963 653 2429 1125 1304 3851 731 3120 2288 1241 685 541 743 630 502 1138 909 806 772 716
cat_boundaries=0 1 2 3 4 5
cat_threshold=545945 170 72 211970 4
is_linear=0
shrinkage=0.05


Tree=99
num_leaves=31
num_cat=4
split_feature=42 33 27 16 17 69 34 94 59 89 53 26 35 82 19 94 29 65 59 75 29 35 13 3 56 65 25 35 31 13
split_gain=18.3412 19.8697 18.5741 25.618 18.5609 12.3981 17.5543 13.2083 12.9911 12.2687 12.0168 13.0497 14.2887 11.9794 11.9215 11.5373 11.339 11.753 10.8701 10.6694 16.3982 23.1899 15.5437 16.8969 16.0414 14.7393 11.6094 14.0962 13.8566 10.6564
threshold=1985.0000000000002 2440.0000000000005 111.43000000000002 0.60555555555555574 0.24288781115239283 0 1765.0000000000002 1125.2074829931973 0.026742879080035253 0.4966666666666667 -21.221985513893273 93.90000000000002 1565.0000000000002 3410.7380000000007 386.00000000000011 1937.9250000000002 227.94000000000003 1 0.041131589506735407 1954.7800000000002 114.48 3185.0000000000005 0.58578431372549034 2 0.90305275866130497 3 2478.4100000000003 3035.0000000000005 2025.0000000000002 0.73205741626794263
decision_type=2 2 2 2 2 9 2 2 2 2 2 2 2 2 2 2 2 9 2 2 2 2 2 9 2 9 2 2 2 2
left_child=1 4 16 13 -1 6 7 -6 10 -8 11 -7 -13 -4 -15 -5 17 29 -10 25 -21 -22 -23 24 -24 26 28 -28 -19 -2
right_child=2 -3 3 15 5 8 9 -9 18 -11 -12 12 -14 14 -16 -17 -18 19 -20 20 21 22 23 -25 -26 -27 27 -29 -30 -31
leaf_value=0.45467082341529735 -0.25476195695762982 2.5198972389284409 -0.18782058888245673 0.012873804841255776 -0.059009992213691125 0.0080710383421390471 -0.084587621376510214 3.7161701319478939 -0.3504156044388691 0.96827055240978455 -0.51343241128533179 1.0777464933425758 0.011348014980073984 4.6696329221136166 -0.28120588007869146 -0.03506255758753412 0.34373200420693195 -0.49392167487705196 0.22881126030205723 -0.025388164392605009 0.65624424559074201 1.7623872559575362 -0.76300437225600326 -0.65934870009551227 0.173931808866152 -0.39953643938851402 -1.4994234056239464 0.010194686155432465 1.0680370777072576 -0.00083408712888015661
leaf_weight=44.156554326415062 437.14190331101418 26.36447337269783 395.89674428105354 22.071812391281128 16.072783663868904 735.55721333622932 107.50859309732914 83.556827798485756 145.78882011771202 25.864463627338409 37.550483167171478 55.41466024518013 85.519688814878464 21.075175523757935 33.544327691197395 117.45803943276405 61.601739197969437 35.250466838479042 30.506048232316971 973.67213313281536 217.58780851960182 64.789783641695976 78.240742370486259 83.134382829070091 268.93962091207504 135.2471931129694 26.767458230257034 42.187318921089172 47.627431839704514 338.45125783979893
leaf_count=104 1012 73 922 47 37 1138 198 224 244 46 54 87 137 48 88 278 95 60 59 2050 475 147 207 209 559 258 59 104 74 645
internal_value=-0.00109915 0.00373126 -0.00307902 -0.0111439 0.00290236 0.0018383 0.0120433 0.0284391 -0.000448836 0.000698667 0.00194395 0.00313058 0.0170684 -0.00534595 0.0166048 -0.0298646 -0.00138592 -0.00186133 -0.0128802 0.000204584 0.00172251 0.00748549 0.00150637 -0.00193126 0.00310438 -0.00870487 0.00243746 -0.0125596 0.0152092 -0.00702989
internal_weight=4794.55 1393.86 3400.69 590.046 1367.5 1323.34 233.003 99.6296 1090.34 133.373 914.042 876.492 140.934 450.516 54.6195 139.53 2810.64 2749.04 176.295 1973.44 1686.36 712.692 495.105 430.315 347.18 287.08 151.833 68.9548 82.8779 775.593
internal_count=9738 2401 7337 1383 2328 2224 505 261 1719 244 1416 1362 224 1058 136 325 5954 5859 303 4202 3647 1597 1122 975 766 555 297 163 134 1657
cat_boundaries=0 1 2 3 4
cat_threshold=228 1843224 284 5377
is_linear=0
shrinkage=0.05


Tree=100
num_leaves=31
num_cat=4
split_feature=29 69 42 5 73 28 25 74 72 99 50 24 82 65 13 96 71 30 50 14 64 47 5 65 75 53 29 52 46 46
split_gain=17.8749 47.1667 11.535 31.0287 21.6007 16.3832 15.6659 16.4436 12.7471 12.7079 11.1575 10.738 10.7562 9.98341 17.7302 17.6451 13.0972 12.0252 15.1959 16.2886 21.5868 13.2829 12.7675 11.6364 13.532 12.3801 11.2056 10.8436 11.4866 12.0154
threshold=12.000000000000016 0 1985.0000000000002 0.36602870813397131 1592.6000000000001 150.85000000000005 2545.6300000000006 2186.5650000000005 95.240000000000023 -2.9740136054424506 0.23918410565976822 312.26500000000004 2825.1680000000006 1 0.95238095238095244 2935.8276643990935 103.84500000000001 0.18744250183692163 -0.019726581259528548 0.58333333333333337 2 0.94390332744819883 0.324561403508772 3 2901.4500000000003 -19.701213852342949 198.25000000000003 4.1509637188207771 0.91146575561287413 0.53945177009685263
decision_type=2 9 2 2 2 2 2 2 2 2 2 2 2 9 2 2 2 2 2 2 9 2 2 9 2 2 2 2 2 2
left_child=1 -1 3 5 6 9 7 -4 -9 -2 -7 12 -3 14 15 16 -6 26 -19 20 21 22 -20 24 -24 27 -15 -25 29 -29
right_child=2 11 4 -5 13 10 -8 8 -10 -11 -12 -13 -14 17 -16 -17 -18 18 19 -21 -22 -23 23 25 -26 -27 -28 28 -30 -31
leaf_value=-0.15169390493215218 -0.042399053024415073 -0.014835593950510885 -1.044385704700737 2.1889001962281811 1.0771045906404353 -0.012025283830693213 -0.58484966313596942 0.1074097638949752 -0.60420273742377906 0.3143841679936259 -0.60196622910855702 -0.16356292014478913 0.10265202024480402 -0.17843143121529723 -1.0520411172907786 0.052282870710063635 0.00027443199750862849 -0.12245115849708077 0.53325028121406981 1.3085972516313236 -0.45671505156489478 -0.30241677982635906 -0.1038578033142926 0.35662853592365951 0.59577905053148827 -0.63501737309054251 0.35268192294367684 1.2428119610134918 0.14921144687158333 -0.1457030829356171
leaf_weight=151.76587662100792 177.01774407923222 314.81936493515968 59.385839909315109 71.568882942199707 106.85554693639278 690.1589013338089 113.15931203961372 222.16735965013504 54.474936291575432 294.23771959543228 53.919563561677933 53.506149515509605 68.571351334452629 460.02158714830875 48.462036699056625 281.4477207660675 44.167103499174118 348.87800665199757 108.82174797356129 118.08257126808167 175.49040380120277 94.532904669642448 29.548068463802338 74.761794552206993 108.06480357050896 32.005500927567482 42.6410743445158 42.052226185798645 107.94560991227627 214.93778957426548
leaf_count=352 284 665 121 222 258 1106 295 348 87 496 85 128 160 1098 115 582 74 786 212 275 396 194 64 164 214 66 73 129 208 418
internal_value=-0.00123038 -0.0093871 -8.02591e-05 0.00385686 -0.00183471 0.00197281 -0.0119105 -0.00649185 -0.00136722 0.00926743 -0.00264717 -0.00064422 0.00226939 2.11473e-05 0.00639969 0.00974647 0.0235338 -0.00157042 0.000724713 0.00359414 0.00149682 0.00494267 0.00732273 0.00450529 0.0167269 0.000573044 -0.00824566 0.00277061 -0.000783347 -0.00653247
internal_weight=4763.47 588.663 4174.81 1286.9 2887.9 1215.33 449.187 336.028 276.642 471.255 744.078 436.897 383.391 2438.72 480.932 432.47 151.023 1957.78 1455.12 1106.24 988.161 812.67 718.138 609.316 137.613 471.703 502.663 439.697 364.936 256.99
internal_count=9675 1305 8370 2193 6177 1971 851 556 435 780 1191 953 825 5326 1029 914 332 4297 3126 2340 2065 1669 1475 1263 278 985 1171 919 755 547
cat_boundaries=0 1 2 3 4
cat_threshold=12 71714 4 1048833
is_linear=0
shrinkage=0.05


Tree=101
num_leaves=31
num_cat=2
split_feature=33 29 69 7 27 6 6 37 102 53 37 71 48 45 93 15 35 77 5 39 34 37 61 15 27 99 28 24 13 16
split_gain=18.1859 19.9805 40.462 13.886 12.4614 12.3252 11.9441 11.1009 10.7824 9.97999 10.429 9.52972 9.16222 13.6854 13.6464 12.6563 12.9607 11.7276 15.5047 10.865 9.78599 10.7455 10.0017 15.0433 12.1463 11.9422 18.313 14.4747 12.3383 11.5735
threshold=2440.0000000000005 12.000000000000016 0 11.500000000000002 91.125000000000014 1.5000000000000002 5.5000000000000009 2085.0000000000005 0.34166666666666673 -18.980866786127848 2125.0000000000005 202.46000000000004 0.93470159726035118 -60.500000000000107 0.024643359453486002 0.16228070175438594 3925.0000000000005 0.73417876385123793 0.36602870813397131 719.99999999999989 5685.0000000000009 3925.0000000000005 1 1.2500000000000002 165.39000000000001 3.5072562358276405 117.295 163.54500000000004 0.95238095238095244 0.68333333333333346
decision_type=2 2 9 2 2 2 2 2 2 2 2 2 2 2 2 2 2 2 2 2 2 2 1 2 2 2 2 2 2 2
left_child=1 2 4 -2 8 -3 -4 11 -1 12 -11 -6 13 15 -15 -7 17 18 -17 -14 21 22 23 25 -24 26 -21 -27 -28 -29
right_child=3 5 6 -5 7 9 -8 -9 -10 10 -12 -13 19 14 -16 16 -18 -19 -20 20 -22 -23 24 -25 -26 27 28 29 -30 -31
leaf_value=0.66569282886870629 2.3634727615344189 0.35623988070108514 0.044967316942619108 -0.063779580594810883 0.0032999619911407763 1.0006021354904793 -0.19991112650499476 -0.89883530468823247 -0.087185475745517493 -1.1180290649114426 0.0028391309770398722 -0.8162658917139014 -0.40273515049485681 -0.020639412013112948 0.25579463823000598 -1.5743544695799392 -1.3910783576873158 -0.14917343059279062 0.65670295459352568 0.88324334658511072 -0.90518461652734317 0.18759421908791724 -0.01183213656765787 -0.84759584012631073 3.7480454672001402 1.0964245635532137 -0.033503127853304449 -0.0044783480529545731 -0.612028350624096 0.31331825219951848
leaf_weight=124.70078790187836 38.903586074709892 26.436245515942574 21.140526592731476 19.090250372886658 128.44614405930042 41.99608226120472 181.46080335974693 29.931771904230118 63.825987339019775 68.827679261565208 63.032697349786758 24.571720719337463 99.13792185485363 284.57739442586899 40.950279980897903 46.686333432793617 88.975636288523674 108.564428165555 56.114134073257446 56.385872393846512 28.441754251718521 42.754879757761955 1975.9091136902571 28.519145146012306 29.889563232660294 104.89006765186787 215.15231800079346 272.07678356766701 46.079441845417023 429.23676547408104
leaf_count=267 104 59 52 30 282 98 396 78 144 144 133 53 229 621 89 107 255 209 167 95 68 87 3970 64 80 201 353 484 67 719
internal_value=-0.00103587 -0.00137717 -0.0101206 0.0267933 5.63383e-05 -0.000169022 -0.0274294 -0.00923839 0.0090791 -0.000386954 -0.013921 -0.00379112 5.96074e-05 -0.00528502 0.00205483 -0.0122645 -0.0158594 -0.00912044 0.0029829 0.00113202 0.00163254 0.001892 0.00155492 0.00526723 -0.000577814 0.00617729 -0.00203441 0.00941242 -0.0076123 0.00682145
internal_weight=4786.71 4728.71 574.078 57.9938 371.476 4154.63 202.601 182.95 188.527 4128.2 131.86 153.018 3996.34 667.864 325.528 342.337 300.341 211.365 102.8 3328.47 3229.34 3200.89 3158.14 1152.34 2005.8 1123.82 317.618 806.204 261.232 701.314
internal_count=9705 9571 1272 134 824 8299 448 413 411 8240 277 335 7963 1546 710 836 738 483 274 6417 6188 6120 6033 1983 4050 1919 515 1404 420 1203
cat_boundaries=0 1 2
cat_threshold=224 2
is_linear=0
shrinkage=0.05


Tree=102
num_leaves=31
num_cat=2
split_feature=29 69 49 103 72 46 26 44 38 24 37 71 89 50 53 89 104 109 99 98 44 82 90 50 29 3 94 59 22 94
split_gain=14.9416 40.5223 10.8965 14.4023 14.0675 12.5726 9.93196 11.3122 9.58958 9.22001 8.90783 8.82597 8.96401 8.79128 9.8098 10.1751 10.2186 8.88641 9.14145 8.88276 8.39918 15.4032 12.7991 10.19 17.6 9.77471 16.1923 13.8042 9.41377 16.4842
threshold=12.000000000000016 0 0.73854086891561688 1.0000000180025095e-35 48.510000000000005 0.80887840802990774 160.73000000000005 49.565000000000062 1580.0000000000002 146.03500000000003 1085.0000000000002 100.605 0.34307036247334755 0.56525010658420616 -26.551155774599358 0.18808962264150944 0.84998233600050599 1.0000000180025095e-35 58.378265306122337 1179.8185941043087 94.059999999999732 3671.1450000000004 0.10072463768115943 0.028100637037687202 227.94000000000003 1 1988.2267573696147 0.0104927680263936 6870.9750566893426 3929.1665419501137
decision_type=2 9 2 2 2 2 2 2 2 2 2 2 2 2 2 2 2 2 2 2 2 2 2 2 2 9 2 2 2 2
left_child=1 6 8 4 5 -4 7 9 -2 -1 -7 -9 -13 17 15 -15 -17 20 19 -19 23 22 25 28 -25 -22 -27 -28 29 -10
right_child=2 -3 3 -5 -6 10 -8 11 13 -11 -12 12 -14 14 -16 16 -18 18 -20 -21 21 -23 -24 24 -26 26 27 -29 -30 -31
leaf_value=0.085753012811667875 0.35002342906781508 -0.10066274140044272 -1.163492621638158 -0.19601804274729839 0.41813855097191638 0.86668763387736247 -0.092136359635884457 2.2705961378930568 0.011186974693702468 -0.057909308475066729 0.0096003199753845088 0.098580596419886035 -0.30994129399262821 0.8127541059792005 -0.17963004845264974 1.0851182928616439 -0.2537978424468193 0.029180157092507389 0.27916789386227947 -1.2039731845860837 -0.444767751265357 0.4695168482681169 -1.2125882341756977 -0.045454117468798037 0.35435022535434513 2.387898161013402 -0.27984043591828028 0.13393629065587193 0.12495424834962443 -4.9723091612763346
leaf_weight=44.308989867568016 21.484154611825943 157.87553845345974 27.977376386523247 53.448955118656158 61.297875642776489 40.313069403171539 142.9990511983633 24.846584975719452 1199.5641995966434 118.17700511217117 52.700607746839523 70.577560603618622 25.017567276954651 64.179487586021423 39.803923547267914 25.828162848949432 43.526647910475731 22.518252849578857 27.554495483636856 52.971556454896927 168.67339354753494 55.299923032522202 25.462553769350052 1052.5452086180449 34.934004187583923 31.509152442216873 216.70102819800377 155.78758491575718 660.91895788908005 23.050164490938187
leaf_count=104 47 366 53 99 104 55 320 58 2357 238 83 159 57 116 67 54 91 47 62 105 373 115 59 1912 47 91 540 349 1455 67
internal_value=-0.00113808 -0.00862851 -8.64007e-05 0.0103542 0.0170463 0.00715972 -0.000247635 0.00517466 -0.000713898 -0.00343304 0.0159994 0.0167872 0.00988671 -0.000897374 0.0101099 0.016604 0.00332692 -0.00140924 -0.0158881 -0.0248855 -0.000997602 -0.00612999 -0.00846418 0.000131195 -0.00372253 -0.00692191 -0.00239077 -0.00536132 0.00235619 -0.000242743
internal_weight=4741.85 583.802 4158.05 235.738 182.289 120.991 425.927 282.928 3922.31 162.486 93.0137 120.442 95.5951 3900.83 173.338 133.534 69.3548 3727.49 103.044 75.4898 3624.45 653.434 598.134 2971.01 1087.48 572.671 403.998 372.489 1883.53 1222.61
internal_count=9650 1302 8348 394 295 191 936 616 7954 342 138 274 216 7907 328 261 145 7579 214 152 7365 1527 1412 5838 1959 1353 980 889 3879 2424
cat_boundaries=0 1 2
cat_threshold=225 1098
is_linear=0
shrinkage=0.05


Tree=103
num_leaves=31
num_cat=3
split_feature=26 38 33 77 65 5 13 71 5 39 42 94 78 65 98 18 24 7 45 2 5 37 58 95 101 44 6 34 101 76
split_gain=13.2997 12.949 20.8077 13.2218 11.7779 11.3251 13.2019 10.5882 10.3375 19.1942 14.283 11.9045 11.3665 11.3362 22.6357 15.662 14.331 19.2921 12.6441 12.2024 11.8912 16.6568 11.2336 12.7717 10.9756 10.7765 10.5491 22.6248 20.791 27.543
threshold=156.51500000000001 5845.0000000000009 2415.0000000000005 0.57684376098443912 0 0.66025641025641035 0.73205741626794263 130.61500000000004 0.48913043478260876 3375.0000000000005 1985.0000000000002 3994.0478458049888 1.0000000180025095e-35 1 2641.4965986394564 0.38611334011512194 149.10500000000005 3.5000000000000004 -79.585000000000022 2 0.75595238095238104 2045.0000000000002 0.024700410873707754 3243.3200000000002 0.67137399504380602 119.41999999999986 9.5000000000000018 2095.0000000000005 0.68332110499438514 3010.0650000000005
decision_type=2 2 2 2 9 2 2 2 2 2 2 2 2 9 2 2 2 2 2 9 2 2 2 2 2 2 2 2 2 2
left_child=1 2 3 -1 -2 6 -3 -6 26 10 12 25 -10 14 -12 16 -15 -18 -16 -19 22 -22 24 -24 -17 -11 27 -5 -29 -30
right_child=4 5 -4 8 7 -7 -8 -9 9 11 13 -13 -14 15 18 20 17 19 -20 -21 21 -23 23 -25 -26 -27 -28 28 29 -31
leaf_value=-0.25591861069822297 0.12723947612307854 -0.33727456046435339 3.34060992201114 0.014846200012746636 -0.37166565725089384 -0.55387415169862353 0.054859624515250241 -0.06612347858127024 -0.12674641785945512 1.3705000305531343 1.1237496563321472 -0.061693206502808809 1.9357664982227718 -0.94827692573453148 -0.14023650043920241 0.3605765654907 2.2864112159394852 0.038089418116300067 0.17898029606442664 -0.10102702604784781 0.00034378451284737825 2.3670189301449369 0.016749441889450625 -0.37163972511606524 -0.0074127938065565507 -0.060291734850785872 0.12049985117563011 -0.81305829866786328 -1.6238849022209878 0.039136880245445128
leaf_weight=178.50515808165073 147.74827401340008 99.038300395011902 23.771525874733925 1372.9965766072273 156.95391376316547 142.20316906273365 193.10016317665577 450.81128042936325 13.715991616249083 105.12374426424503 60.349525719881058 27.047808036208153 31.570619240403175 51.333148092031479 145.73943398892879 37.260758578777313 20.951237320899963 125.64409840106964 87.919390141963959 131.10646639764309 99.993267312645912 76.374080270528793 96.957163721323013 82.157632097601891 70.218476504087448 16.939053237438202 315.94915455579758 134.38818152248859 53.149321883916855 216.84928391873837
leaf_count=412 322 214 61 2192 335 310 368 992 33 261 177 61 106 94 316 61 46 359 175 298 242 165 250 149 140 38 606 302 109 488
internal_value=-0.000916717 0.000229719 0.0012199 0.000907894 -0.00700213 -0.0079226 -0.00228966 -0.00998539 0.00160957 0.00514847 0.00292593 0.0220107 0.0304381 0.00177867 0.00997733 -0.00137351 -0.00973117 -0.00524479 0.00326597 -0.0090094 0.00453677 0.0147517 -0.00174939 -0.00941759 0.0110297 0.028661 -0.000555026 -0.00205153 -0.0124461 -0.00444763
internal_weight=4765.87 4010.35 3576.01 3552.24 755.513 434.342 292.138 607.765 3373.73 1280.4 1131.29 149.111 45.2866 1086 294.008 791.996 329.035 277.702 233.659 256.751 462.961 176.367 286.594 179.115 107.479 122.063 2093.33 1777.38 404.387 269.999
internal_count=9682 8033 7141 7080 1649 892 582 1327 6668 2971 2611 360 139 2472 668 1804 797 703 491 657 1007 407 600 399 201 299 3697 3091 899 597
cat_boundaries=0 1 2 3
cat_threshold=10544 71874 4
is_linear=0
shrinkage=0.05


Tree=104
num_leaves=31
num_cat=3
split_feature=95 48 65 32 28 29 49 24 53 28 65 47 23 69 27 91 19 25 36 25 22 77 35 26 28 104 101 42 47 33
split_gain=12.9031 12.1422 19.7973 12.4545 11.6823 10.6861 11.8504 11.9144 11.7624 11.4844 10.1201 13.0576 24.2501 13.7034 13.0545 12.3185 11.6449 11.6379 16.0843 11.1368 22.356 22.4955 16.6217 24.6743 16.3441 13.6478 11.667 10.7114 10.5007 10.442
threshold=1205.72 0.97414018021185023 0 1365.0000000000002 43.310000000000002 11.999999999999988 0.86990209325360168 160.57000000000002 -29.463344771158372 110.46500000000002 1 0.25643479875628644 2936.8500000000004 2 4.7950000000000008 0.093808925204274016 427.50000000000011 4587.9750000000013 465.00000000000028 1631.1500000000003 5827.5963718820867 0.67364633125376316 1515.0000000000002 104.76500000000001 178.59 0.83642499504828616 0.87933577758277437 1805.0000000000002 0.095113534622786017 35.000000000000121
decision_type=2 2 9 2 2 2 2 2 2 2 9 2 2 9 2 2 2 2 2 2 2 2 2 2 2 2 2 2 2 2
left_child=-1 2 -2 -4 -3 -6 7 9 -8 -7 17 12 14 -14 15 28 -13 19 -19 20 21 -9 23 26 25 -21 -23 -26 -12 -27
right_child=1 4 3 -5 5 6 8 10 -10 -11 11 16 13 -15 -16 -17 -18 18 -20 24 -22 22 -24 -25 27 29 -28 -29 -30 -31
leaf_value=1.0552610473992368 -0.22046263862588661 0.15168718647848609 -0.15161183434774517 0.061214154795349529 -0.22974865328164606 0.0061638760576435917 -0.30179907973741238 -0.30286106025822906 0.71886808479980935 0.64586574609515923 0.15827262363586314 -0.077154336340083784 -0.46547560249461362 0.33468370368880829 0.44317987852339108 -0.32526877110412866 0.18739114574914739 0.64348936733665318 -0.17191083349565731 0.0093540109238916536 -0.72046920650287027 0.049840332048218985 0.46247698733758402 0.4287086515211625 -3.1386346772963378 -0.39924160184519764 -0.27649557668150887 -0.28800965096011027 3.1140081253756335 -0.05007059616778891
leaf_weight=23.831051796674728 579.8416116386652 184.65439590811729 44.644376397132874 495.74026225507259 76.078166097402573 175.56082440912724 33.123373597860336 28.587288528680801 70.074073433876038 85.29235565662384 93.253507182002068 550.84406566619873 95.793445602059364 72.887344494462013 82.862431555986404 29.653807207942009 218.29928570985794 49.329044073820114 40.277235820889473 345.7052113711834 112.89284375309944 105.38403537869453 142.98646375536919 37.290304124355316 49.652264699339867 121.48377902805805 46.297167181968689 147.01272709667683 27.588723033666611 628.61941526830196
leaf_count=39 1340 396 64 1102 151 407 75 52 103 156 185 1154 221 161 193 60 420 99 92 675 182 142 188 60 119 273 68 286 45 1229
internal_value=-0.000995326 -0.00117861 -0.00573231 0.00123302 0.000218399 -0.000434301 -1.84899e-05 -0.000542194 0.0166651 0.00971093 -0.00142585 0.0022079 0.00952905 -0.00491442 0.0199694 0.0111942 -0.00159024 -0.00371133 0.0138475 -0.00462332 0.0019373 0.0080171 0.0116822 0.00194987 -0.0070265 -0.00464453 -0.00700845 -0.0202987 0.0182805 -0.00843267
internal_weight=4795.54 4771.71 1120.23 540.385 3651.48 3466.83 3390.75 3287.55 103.197 260.853 3026.7 1171.18 402.039 168.681 233.358 150.496 769.143 1855.52 89.6063 1765.91 473.438 360.545 331.958 188.972 1292.47 1095.81 151.681 196.665 120.842 750.103
internal_count=9737 9698 2506 1166 7192 6796 6645 6467 178 563 5904 2439 865 382 483 290 1574 3465 191 3274 692 510 458 270 2582 2177 210 405 230 1502
cat_boundaries=0 1 2 3
cat_threshold=1720329 3483 4
is_linear=0
shrinkage=0.05


Tree=105
num_leaves=31
num_cat=3
split_feature=73 33 5 72 6 31 38 43 70 98 5 65 58 65 29 44 89 45 53 99 44 46 24 54 29 53 32 5 45 53
split_gain=12.8139 17.4268 13.2468 20.3625 16.4609 17.4689 15.5728 15.2056 14.5775 20.16 15.1214 13.5325 14.4417 13.2292 17.15 19.1918 15.5084 15.4902 14.2027 12.912 12.7921 12.6081 14.2134 11.4631 10.9805 10.7459 10.5776 10.5573 18.0688 10.3416
threshold=2997.3600000000001 1980.0000000000002 0.48913043478260876 148.49000000000004 9.5000000000000018 1885.0000000000002 2595.0000000000005 -2.1949999999999359 0 2127.6643990929711 0.66025641025641035 1 0.10605481141007712 2 84.200000000000017 -3.6549999999999723 0.8310773733308946 -133.81999999999991 -34.814330791344723 22.883231292516715 26.500000000000117 0.81471019485820761 219.20500000000001 -28.2707444861292 80.655000000000015 -20.492014529069817 3225.0000000000005 0.66025641025641035 -240.67000000000004 -21.221985513893273
decision_type=2 2 2 2 2 2 2 2 9 2 2 9 2 9 2 2 2 2 2 2 2 2 2 2 2 2 2 2 2 2
left_child=1 2 3 4 5 21 -7 23 10 -10 -4 -8 20 16 18 -16 -2 -17 -15 -9 -13 22 -1 -5 -18 -3 -25 -11 -29 -23
right_child=13 25 8 7 -6 6 11 19 9 27 -12 12 -14 14 15 17 24 -19 -20 -21 -22 29 -24 26 -26 -27 -28 28 -30 -31
leaf_value=0.0071254150928961486 0.66175805184684156 1.6041876045347481 -0.98132079291394947 -1.8645963535645678 0.21761031923146421 -0.73761426573721744 -0.63652418733672322 0.080543770495649633 1.1424457017012259 0.063736050814909004 0.11140618859344897 0.092013190392918887 -1.6080350562511996 -1.1157992926071596 1.7017125050289978 -0.3025037498018861 0.28433026920798171 0.14628124494374362 -0.12563503764900191 -0.21456432736185749 -0.63372592045185605 0.14754563454291728 -0.28670912575054175 0.34149157159839805 -0.3148489020233296 -0.058557347109003649 -0.80312095998662447 -0.92220095842873784 -0.033315371115633499 -0.3152396293895649
leaf_weight=425.64730648696423 167.4092156291008 49.412356212735176 37.906122818589211 99.029881224036217 291.69411507248878 74.303177148103714 199.15590210258961 28.924998641014099 62.326519474387169 272.8223989456892 355.65502396225929 294.43040752410889 32.790045589208603 57.697258651256561 40.484793439507484 187.44421161711216 42.449600279331207 166.74688471853733 604.05544659495354 67.760841935873032 62.032840520143509 494.37369830906391 77.842242732644081 48.981919571757317 60.111990913748741 25.411117613315582 27.703340649604797 38.664651215076447 321.29089604318142 31.021569430828094
leaf_count=726 390 127 89 218 532 122 407 44 170 592 899 518 71 141 85 506 87 350 1306 134 128 758 132 84 111 47 70 83 667 45
internal_value=-0.000644816 0.000973422 0.000439497 -0.00174664 1.39427e-05 -0.00187761 -0.00820866 -0.014565 0.00496912 0.000513218 0.0125082 -0.00548499 0.00013877 -0.0048163 -0.0073017 0.000878343 0.00499483 -0.0028493 -0.0122907 0.00136034 0.0030633 0.00220026 -0.00345378 -0.0233279 -0.0101308 0.0248381 -0.00881531 -0.0021518 -0.00777438 0.00761857
internal_weight=4745.58 3419.18 3344.36 2255.69 1983.29 1691.6 662.712 272.401 1088.67 695.104 393.561 588.409 389.253 1326.4 1056.43 394.676 269.971 354.191 661.753 96.6858 356.463 1028.88 503.49 175.715 102.562 74.8235 76.6853 632.778 359.956 525.395
internal_count=9639 6663 6489 3989 3439 2907 1246 550 2500 1512 988 1124 717 2976 2388 941 588 856 1447 178 646 1661 858 372 198 174 154 1342 750 803
cat_boundaries=0 1 2 3
cat_threshold=96 265648 14466
is_linear=0
shrinkage=0.05


Tree=106
num_leaves=31
num_cat=4
split_feature=77 29 76 77 56 36 47 28 49 18 65 94 19 22 76 16 3 25 65 24 69 5 104 47 44 43 82 52 56 36
split_gain=10.0709 10.8639 13.9017 15.3271 14.5998 13.1305 12.9033 10.9558 10.3539 16.2901 11.4151 14.625 14.8249 12.2594 14.4833 18.9063 16.52 13.9414 13.3382 12.3325 12.1983 11.6407 10.9891 14.2465 10.6394 11.2702 10.2189 9.97084 9.68749 9.81768
threshold=0.55694804805379594 202.86500000000004 2462.8650000000002 0.71158436919607149 0.98734534267069163 350.00000000000028 0.43074114152474152 147.77500000000006 0.64899884801129704 0.45833764007345995 0 4338.5766893424052 507.50000000000006 5968.2086167800462 2218.9850000000006 0.12916666666666668 1 3910.2250000000004 2 174.465 3 0.12132352941176471 0.73514898463104783 0.83245141275747636 -14.074999999999816 -72.824999999999918 3372.431 52.789637188208879 0.44182645865909653 59.999999999999893
decision_type=2 2 2 2 2 2 2 2 2 2 9 2 2 2 2 2 9 2 9 2 9 2 2 2 2 2 2 2 2 2
left_child=-1 8 3 -3 5 7 -6 -5 10 -10 13 12 20 14 15 17 27 -2 26 -17 21 -12 -13 -24 -22 -26 -18 -16 -15 -30
right_child=1 2 -4 4 6 -7 -8 -9 9 -11 11 22 -14 28 16 19 18 -19 -20 -21 24 -23 23 -25 25 -27 -28 -29 29 -31
leaf_value=-0.19648735856681235 0.64061152139856858 -0.32484089474795524 0.17743944108916276 0.40796637188509383 -0.47702320394251035 0.56117925583283468 0.049328552791540407 -0.60672550928832647 0.0030558897104349114 0.67237143250807851 8.9570978634975997 -0.80904955407728218 0.3462583426484116 -1.1188351412701232 -0.061547518394630178 0.83315695888740571 -0.13790753747911424 -0.67673671283262848 -1.1215649139136745 -0.055913162147582796 0.3567688024620384 0.12169209669490062 0.193972837192527 -0.75670698012945659 -0.8602831942234298 -0.052058550361044814 0.26732807096309158 0.70440023840251742 0.08024086631385928 -0.012432338965551265
leaf_weight=195.85959149897099 105.83547587692738 66.169541507959366 288.4621027559042 28.236580148339272 36.010415881872177 92.096047580242157 62.28520280122757 23.416501849889755 211.65138141810894 65.569466710090637 39.406370908021927 51.948581144213676 194.10981845855713 23.742243438959122 70.349110245704651 28.534306898713112 350.48355183005333 18.494132667779922 176.24833166599274 395.6283200532198 68.320118889212608 552.09980791807175 51.517277538776398 32.560344606637955 39.966736763715744 483.19378983974457 18.729088976979256 45.862406358122826 261.40297730267048 696.63968576490879
leaf_count=434 233 127 458 41 54 126 103 43 360 111 107 141 375 65 179 69 734 36 399 764 105 1287 101 77 74 942 34 115 546 1434
internal_value=-0.00102963 -0.000554717 0.00573709 -0.00164625 0.00418356 0.0143381 -0.0106666 -0.00584002 -0.00149743 0.00782311 -0.00219481 0.00115052 0.00270306 -0.0044889 -0.0078774 -0.00186956 -0.0128576 0.0152766 -0.0163321 -0.0068954 0.000601616 0.00562697 -0.0144824 -0.00331154 -0.00444395 -0.00694243 -0.0102469 0.00447142 -0.000357901 0.000423971
internal_weight=4774.83 4578.97 596.676 308.214 242.045 143.749 98.2956 51.6531 3982.29 277.221 3705.07 1513.12 1377.1 2191.95 1210.16 548.492 661.672 124.33 545.461 424.163 1182.99 591.506 136.026 84.0776 591.481 523.161 369.213 116.212 981.785 958.043
internal_count=9674 9240 952 494 367 210 157 84 8288 471 7817 3209 2890 4608 2563 1102 1461 269 1167 833 2515 1394 319 178 1121 1016 768 294 2045 1980
cat_boundaries=0 1 2 3 4
cat_threshold=1377579 272 262179 200
is_linear=0
shrinkage=0.05


Tree=107
num_leaves=31
num_cat=3
split_feature=61 23 47 65 44 15 26 7 76 26 52 44 24 73 29 46 17 99 6 75 66 49 49 50 31 44 59 7 38 44
split_gain=16.8928 19.7541 16.4557 19.1024 19.1789 12.5786 12.116 11.9024 17.6133 15.9525 14.6489 14.2672 12.5268 12.3609 12.4428 11 10.9224 10.8794 12.9151 10.8211 10.5347 9.53721 9.30046 8.75775 8.71323 16.5812 8.55826 11.1214 9.49873 8.64784
threshold=0 1026.6150000000002 0.25643479875628644 1 114.25000000000001 0.19090909090909094 55.740000000000002 1.0000000180025095e-35 1931.8550000000002 98.470000000000013 227.52377551020393 -21.109999999999669 144.09000000000003 2947.3050000000007 15.60000000000001 0.97257277533757691 0.43108242073350284 8.6308843537416369 20.500000000000004 3518.1400000000003 2 0.41842986919355257 0.0074288577390185509 -0.14198957748088628 2755.0000000000005 48.924999999999962 0.0058583061129960012 2.5000000000000004 5575.0000000000009 3.2299999999999049
decision_type=1 2 2 9 2 2 2 2 2 2 2 2 2 2 2 2 2 2 2 2 1 2 2 2 2 2 2 2 2 2
left_child=1 -1 16 5 15 6 -4 8 12 -10 11 -11 -2 -13 -15 17 -3 21 -19 -6 -12 -5 -17 -9 25 -14 27 -7 -29 -28
right_child=7 2 3 4 19 26 -8 23 9 10 20 13 24 14 -16 22 -18 18 -20 -21 -22 -23 -24 -25 -26 -27 29 28 -30 -31
leaf_value=0.9979163714095084 -0.10875627399697781 0.61035303312057465 -0.042794803684295606 -0.36460669799435835 -0.0065605014592357239 -0.8172690345122583 0.3298632772674388 -0.1834478115257106 0.36674799790386514 -0.69792052018129247 0.69051009125231677 0.10216708527408827 -0.40903704775508631 -0.058937601106443083 -0.87666281876010432 -0.025381882570583516 -0.23566739440955012 0.27574381037989254 -0.20141692935505517 -0.68647067312808907 -1.0733093600072097 0.13770192517619437 0.49444306861738918 -0.021133015391383483 2.4075867474408286 0.64766650121961511 -0.34135580342678012 -0.049731340797637816 0.20064485048156089 -0.1834371216395482
leaf_weight=43.256199508905411 18.92413067817688 351.16288866102695 139.28803613781929 71.392102390527725 49.155514523386955 41.195081770420074 43.763225644826889 237.00262756645679 31.870450109243393 53.737168580293655 31.446090683341026 97.835039302706718 17.118927627801895 56.702548801898956 37.268485546112061 26.430543571710587 26.716332018375397 276.70554931461811 31.7747483253479 39.043637305498123 18.98446398973465 36.034784287214279 83.620037242770195 2533.2338749319315 50.341631054878235 35.348379716277122 41.116915583610535 65.660096526145935 21.943625867366791 148.04014405608177
leaf_count=60 42 720 244 111 113 101 91 506 53 90 72 236 42 104 70 62 47 486 59 86 35 52 119 5377 122 87 62 122 37 280
internal_value=-0.000517607 0.00379631 0.00283127 -0.000224349 0.0056485 -0.00738881 0.00290516 -0.00257595 0.00497025 -0.00106032 -0.00467957 -0.00972071 0.0212114 -0.00334127 -0.0162926 0.00935872 0.0118487 0.00563919 0.0104114 -0.0158362 0.0198654 -0.00806432 0.0234157 -0.00380061 0.0280928 0.0138347 -0.0135476 -0.00360646 0.00646879 -0.0203166
internal_weight=4756.11 1536.3 1493.04 1115.16 614.157 501.007 183.051 3219.81 449.577 327.844 295.974 245.543 121.733 191.806 93.971 525.958 377.879 415.907 308.48 88.1992 50.4306 107.427 110.051 2770.24 102.809 52.4673 317.956 128.799 87.6037 189.157
internal_count=9688 2852 2792 2025 1088 937 335 6836 953 660 607 500 293 410 174 889 767 708 545 199 107 163 181 5883 251 129 602 260 159 342
cat_boundaries=0 1 2 3
cat_threshold=2 1452329 2
is_linear=0
shrinkage=0.05


Tree=108
num_leaves=31
num_cat=6
split_feature=23 44 69 73 22 65 65 72 87 53 36 54 65 70 15 26 94 37 14 42 65 26 42 89 26 33 104 26 37 31
split_gain=11.3711 20.751 11.2657 17.2846 14.0784 15.8611 14.6078 12.8111 18.0392 16.0764 17.8851 11.7526 11.5574 13.4822 20.8511 18.8672 15.648 16.2188 15.3321 13.8921 14.5518 14.4219 13.9443 14.9015 11.2377 11.1733 11.0023 10.431 14.9014 14.9285
threshold=1013.8000000000001 -21.109999999999669 0 2986.5500000000006 5468.2539682539691 1 2 71.905000000000015 0.84334469940645562 -20.294790357102904 344.99999999999994 -45.817887221657791 3 4 0.67500000000000016 43.895000000000003 2417.6842290249438 3915.0000000000005 0.13961038961038957 3755.0000000000005 5 52.020000000000003 5570.0000000000009 0.031009615384615354 15.280000000000001 370.00000000000017 0.69095381977905534 156.51500000000001 1035.0000000000002 3235.0000000000005
decision_type=2 2 9 2 2 9 9 2 2 2 2 2 9 9 2 2 2 2 2 2 9 2 2 2 2 2 2 2 2 2
left_child=1 -1 7 4 6 -6 -4 8 11 10 -10 -2 -5 14 19 -15 -17 18 -18 20 -14 -21 23 -23 -22 -13 -16 28 -7 -30
right_child=2 -3 3 12 5 27 -8 -9 9 -11 -12 25 13 15 26 16 17 -19 -20 21 24 22 -24 -25 -26 -27 -28 -29 29 -31
leaf_value=-0.22051336351029305 -0.026157793049660684 0.37289362519588604 0.0072924127964810737 -0.35164991385983485 -0.046892837194198483 -0.062004612326163416 -0.49435556124898455 -0.30216532096841714 -0.030505875815171637 -0.45943879011770278 0.30218938884953844 -0.79010879593872019 -0.12589011667970026 0.23169247654173689 0.030774558920634121 1.2417161014374729 -0.011656319632316326 0.046819021807551667 -0.8286719999705241 -0.25206718469510181 -0.049496663133450629 1.2648384157039216 -1.4427346063344602 0.045087169074482604 0.56850228975950134 0.043276752199935944 2.6176966093006073 -0.028836343270739917 0.29726277433860704 -0.0023968220217336546
leaf_weight=28.239070534706116 232.22829684615135 80.772806376218796 405.66556660830975 232.43705172836781 439.55827510356903 121.2168190330267 228.89771449565887 299.04956749081612 105.41250927746296 36.590894371271133 225.03207242488861 66.27038861811161 198.18521921336651 72.600557446479797 20.184772849082947 30.098837643861771 115.93819381296635 30.543691635131836 200.54561445116997 114.96710133552551 21.208124622702599 107.60940954089165 26.501008301973343 85.898675858974457 53.454262107610703 30.160661220550537 41.77438959479332 225.83474183082581 741.90559485554695 162.68145667016506
leaf_count=44 369 115 837 580 898 263 509 549 197 55 304 109 408 162 41 66 284 57 420 304 48 214 55 178 112 45 98 480 1565 334
internal_value=-0.000413573 0.0155499 -0.000786013 0.000496406 0.00311117 0.00549406 -0.00323956 -0.00547722 -0.00181206 0.00580676 0.00928891 -0.0103205 -0.00399811 -0.00180215 0.00269053 -0.00840614 -0.0130865 -0.016086 -0.019444 -8.59366e-05 -0.00846146 0.00673617 0.0142358 0.0188941 0.0099118 -0.0249933 0.0303621 0.00832489 0.0105331 0.0127391
internal_weight=4781.46 109.012 4672.45 3677.71 2325.76 1691.2 634.563 994.744 695.695 367.035 330.445 328.659 1351.95 1119.51 669.783 449.727 377.126 347.027 316.484 607.824 272.848 334.976 220.009 193.508 74.6624 96.431 61.9592 1251.64 1025.8 904.587
internal_count=9700 159 9541 7913 4886 3540 1346 1628 1079 556 501 523 3027 2447 1458 989 827 761 704 1319 568 751 447 392 160 154 139 2642 2162 1899
cat_boundaries=0 1 2 3 4 5 6
cat_threshold=17 266520 809169 933952 13 1049753
is_linear=0
shrinkage=0.05


Tree=109
num_leaves=31
num_cat=3
split_feature=65 7 31 16 35 95 97 27 8 29 70 28 86 38 18 28 97 38 74 48 87 49 39 74 38 69 98 53 53 59
split_gain=9.59246 14.4354 15.7619 12.4784 11.3203 10.8826 15.2288 11.3803 14.4767 11.4163 10.972 11.6966 10.8706 13.0371 10.8391 11.781 11.8078 10.9992 10.3052 9.61344 12.108 10.3616 10.1513 11.1765 10.4308 9.30674 23.695 16.5815 12.723 10.9406
threshold=0 16.500000000000004 4465.0000000000009 -0.74999999999999989 1225.0000000000002 2394.1800000000003 1987.9818594104311 71.125000000000014 5.5000000000000009 221.92500000000004 1 87.950000000000003 -52.057075714387317 5443.505000000001 0.54270463890576659 46.540000000000006 2920.8616780045354 4385.0000000000009 2338.6900000000005 0.9625376199058191 0.76948457838223938 0.11022012394217116 1585.0000000000002 2524.3200000000002 4525.0000000000009 2 1673.6961451247166 -23.626514335975799 -21.36124373692078 0.026742879080035253
decision_type=9 2 2 2 2 2 2 2 2 2 9 2 2 2 2 2 2 2 2 2 2 2 2 2 2 9 2 2 2 2
left_child=1 4 -3 14 -1 18 -7 9 12 10 11 -8 -9 19 15 16 17 -2 25 -14 -21 22 -22 -24 -25 -5 28 -28 29 -27
right_child=3 2 -4 5 -6 6 7 8 -10 -11 -12 -13 13 -15 -16 -17 -18 -19 -20 20 21 -23 23 24 -26 26 27 -29 -30 -31
leaf_value=0.19885706848622295 0.22332306863455501 8.1631469293498693 -0.11502063115064516 0.034639299761799691 0.015857492516705918 -1.187590198605875 -0.55939320735283793 -0.69199024352341787 -1.9168868163566886 0.19488008394475856 -0.036109078118359859 1.1617070967843723 -0.33596991839647927 0.29640502799280738 0.52515460289249816 0.73970655367271121 0.033511609386593477 -0.66644157810808202 0.11509416944094314 0.12098602676392148 -0.14757744777229506 -0.65699875624664095 0.08317959730511007 -0.84413506434055563 0.00023631451741294997 0.075048995057803589 -1.5309507402076221 0.22354070716543362 -0.63900639675996307 -0.197313457649923
leaf_weight=33.559365212917328 37.587017357349396 63.13837967813015 24.995991870760918 336.62673266232014 931.04610136151314 72.42892424762249 21.183839470148087 51.816170945763588 30.903183698654175 58.823605492711067 1066.7225776016712 91.489430248737335 138.4158456325531 132.7092018276453 47.108825176954269 40.727341532707214 186.98848095536232 53.595721110701561 209.61695915460587 33.36635747551918 56.051203936338425 38.380464404821396 91.428382307291031 21.236384332180023 44.329391807317734 502.22945332527161 193.75315733253956 22.924113124608994 30.307720214128494 90.272754892706871
leaf_count=49 75 167 59 706 1918 198 52 126 70 90 2210 215 349 320 96 94 384 100 338 60 136 84 187 61 108 748 429 36 44 147
internal_value=-0.000435092 0.00375536 0.0231609 -0.00163278 0.00202124 -0.002599 -0.00500718 -0.004139 -0.0095603 -0.00134286 -0.00241507 0.0118228 -0.00786275 -0.00582116 0.00712661 0.00381952 0.000142283 -0.0146097 0.000788554 -0.0101089 -0.00485525 -0.00861096 -0.00430274 0.00221872 -0.013535 -0.00103176 -0.00383309 -0.0181205 0.00107598 0.00269226
internal_weight=4753.76 1052.74 88.1344 3701.02 964.605 3335.02 1949.28 1876.86 638.637 1238.22 1179.4 112.673 607.733 555.917 366.007 318.899 278.171 91.1827 1385.73 423.208 284.792 251.426 213.045 156.994 65.5658 1176.11 839.487 216.677 622.81 592.502
internal_count=9656 2193 226 7463 1967 6714 4266 4068 1501 2567 2477 267 1431 1305 749 653 559 175 2448 985 636 576 492 356 169 2110 1404 465 939 895
cat_boundaries=0 1 2 3
cat_threshold=209056 32 228
is_linear=0
shrinkage=0.05


Tree=110
num_leaves=31
num_cat=6
split_feature=91 95 2 76 75 26 43 17 65 61 75 26 22 65 65 31 19 59 17 29 55 65 57 49 5 87 27 8 35 38
split_gain=11.7425 10.5766 12.8894 8.46274 11.8084 8.49271 13.7208 14.1002 12.6085 11.0978 12.4878 22.7599 12.8282 14.6914 10.9949 12.0441 12.177 10.8108 10.5282 10.2919 16.3329 11.1971 10.2699 12.1739 10.1637 11.6623 9.47048 9.36786 9.72167 11.5548
threshold=0.26807491289198609 1205.72 0 6020.4000000000005 5785.9050000000007 156.51500000000001 -48.855000000000238 0.2094509805456107 1 2 1348.6250000000002 25.925000000000004 5468.2539682539691 3 4 3735.0000000000005 557.91666666666686 0.019802887107514055 0.40166924143131882 198.25000000000003 0.048583792289535757 5 0.93256641510110172 0.28561976319183352 0.78019323671497598 0.82283186421776977 21.560000000000006 5.5000000000000009 4645.0000000000009 5845.0000000000009
decision_type=2 2 9 2 2 2 2 2 9 1 2 2 2 9 9 2 2 2 2 2 2 9 2 2 2 2 2 2 2 2
left_child=1 -1 -3 4 5 6 27 -8 -7 10 11 17 13 -12 -14 16 26 18 22 21 -21 -11 -9 -24 25 -17 -16 28 29 -4
right_child=-2 2 3 -5 -6 8 7 9 -10 19 12 -13 14 -15 15 24 -18 -19 -20 20 -22 -23 23 -25 -26 -27 -28 -29 -30 -31
leaf_value=0.99093533335246242 -0.41028370032959682 -0.18318164466329565 0.057115304910195168 0.31415728793271513 -1.1896553450731149 0.085716265576014916 0.3254436505436239 0.12679053666543469 -0.11221673845710001 -0.0064973339871265525 0.41851666605192295 -1.5259483070755144 -0.0014465359550781542 -0.31401268139876426 0.49359332932416367 -1.1645062399902641 2.9329343709001083 -0.19242302564526206 0.34913576033713767 0.18803970907213313 -0.53006657434650184 -0.2198950271421225 0.019422681695488466 -0.67407962533267285 0.86020159649990124 0.086860722987655958 -0.063955222949609869 -0.38453872558478058 1.6752393404011856 -0.57861398069913006
leaf_weight=18.679101824760437 100.53642685711384 55.303678750991821 831.96327245235443 28.680505409836769 58.321910932660103 167.17144005000591 32.629854753613472 101.93087154626846 532.94454878568649 771.41156558692455 70.237274259328842 51.95737823843956 230.13817070424557 135.62579526007175 251.74063038825989 39.894480928778648 39.42890876531601 30.587387248873711 40.677950888872147 92.664273619651794 60.154174193739891 637.77688662707806 56.046306878328323 34.044497221708298 27.443388551473618 62.218105107545853 45.968457043170929 26.756816804409027 64.175718754529953 43.345054522156715
leaf_count=31 227 70 1609 56 138 362 77 133 1201 1797 125 93 426 265 468 108 90 45 49 153 106 1348 85 52 60 129 104 48 132 88
internal_value=-0.000107182 0.000259126 0.000107356 0.000421668 0.000251449 0.00054252 0.00147968 -0.000286247 -0.00451571 -0.000669795 0.00290787 -0.00565947 0.00589981 -0.00506643 0.00913953 0.0134076 0.0186742 0.000308688 0.00398199 -0.0034594 0.00886522 -0.00479593 -0.000913017 -0.0132126 0.00073752 -0.00652263 0.015216 0.00662001 0.00745085 0.00607364
internal_weight=4740.45 4639.92 4621.24 4565.94 4537.26 4478.93 3778.82 2812.58 700.116 2779.95 1217.94 315.244 902.695 205.863 696.832 466.694 337.138 263.287 232.7 1562.01 152.818 1409.19 192.022 90.0908 129.556 102.113 297.709 966.241 939.484 875.308
internal_count=9675 9448 9417 9347 9291 9153 7590 5713 1563 5636 2232 457 1775 390 1385 959 662 364 319 3404 259 3145 270 137 297 237 572 1877 1829 1697
cat_boundaries=0 1 2 3 4 5 6
cat_threshold=8 12720 2 268432 1311000 343137
is_linear=0
shrinkage=0.05


Tree=111
num_leaves=31
num_cat=2
split_feature=42 73 37 28 37 61 50 22 5 22 5 34 30 34 69 96 19 13 73 5 76 27 49 76 97 101 18 73 32 27
split_gain=9.86798 18.1246 17.7253 16.0992 14.931 13.6528 17.2887 13.9726 21.7891 12.2368 19.5652 41.4687 14.8116 14.5149 12.4091 16.0288 18.9471 13.8169 21.9817 13.6484 12.8514 14.7436 11.881 11.4037 16.3206 12.1696 11.402 11.1281 17.6913 10.889
threshold=1985.0000000000002 1701.3400000000004 1915.0000000000002 122.94500000000001 1035.0000000000002 0 0.00033254689022350008 5827.5963718820867 0.12132352941176471 5968.2086167800462 0.23904761904761904 2995.0000000000005 0.93794657367779088 3975.0000000000005 1 3459.6371882086173 413.66666666666674 0.71008403361344552 2524.9950000000003 0.62202380952380965 2140.5450000000005 8.8150000000000031 0.52232440843012351 2419.2950000000005 1229.7052154195014 0.86792595812473883 0.47061564607203554 5031.1650000000009 3205.0000000000005 93.890000000000015
decision_type=2 2 2 2 2 1 2 2 2 2 2 2 2 2 9 2 2 2 2 2 2 2 2 2 2 2 2 2 2 2
left_child=1 2 3 -1 -5 6 -6 23 -9 10 11 -2 13 14 15 20 -17 19 22 29 -12 -22 26 24 -7 -26 -19 -11 -29 -16
right_child=9 -3 -4 4 5 7 -8 8 -10 27 12 -13 -14 -15 17 16 -18 18 -20 -21 21 -23 -24 -25 25 -27 -28 28 -30 -31
leaf_value=0.22335842316426807 -2.3820181894107919 1.8160039908547505 0.25149829580855826 -0.20670154879355684 -0.88056710440242725 0.18729717459235254 0.062374465230930556 -0.6693469597543299 0.36836174182091386 0.016716791300246569 7.0621148070825344 0.22073498650887588 -0.92187585534997118 -2.4453131774909944 -0.0098585909527116669 -0.83818458920688499 0.12724305921008733 -0.10110252869762348 -0.61853798151145301 0.10751647128304853 0.73563381865805022 -0.011511300080825038 0.19714691326479894 0.52153802077537248 -1.1012211398435763 1.408495040018346 0.052287322832589217 0.0559423654511573 -0.40836532306987011 -1.5671536231985115
leaf_weight=385.4997256398201 73.241905689239502 69.783358871936798 37.161805540323257 215.89007706940174 83.355755776166916 203.27635930478573 59.188595399260521 126.03108271956444 40.86582139134407 1658.7247349768877 28.261379942297935 24.543946668505669 62.611796885728836 40.819051072001457 79.957278326153755 54.480586588382721 34.916449099779129 338.81943629682064 103.68521745502949 263.30910895764828 101.11971159279346 159.16901625692844 22.962598666548729 60.820840716362 94.868340164422989 22.206759765744209 108.10259035229683 50.368377149105072 141.28017887473106 41.11651611328125
leaf_count=723 215 187 53 365 152 272 88 199 76 3475 79 64 154 101 153 117 57 715 278 556 269 354 33 87 177 44 196 79 341 99
internal_value=-0.000289135 0.00324364 0.00193961 0.000960355 -0.00267937 0.000908435 -0.0128766 0.0044937 -0.0075713 -0.00174808 -0.00504525 -0.0266874 -0.00357491 -0.00249324 -0.00159581 0.00598941 -0.0123514 -0.00460293 -0.00956675 0.00268425 0.0118792 0.00840223 -0.00496873 0.00977638 0.00600807 -0.00886279 -0.0067709 0.000990893 -0.0104165 -0.01121
internal_weight=4786.44 1398.95 1329.17 1292 906.504 690.614 142.544 548.069 166.897 3387.49 1537.12 97.7859 1439.33 1376.72 1335.9 377.947 89.397 957.953 573.57 384.383 288.55 260.289 469.885 381.172 320.351 117.075 446.922 1850.37 191.649 121.074
internal_count=9758 2423 2236 2183 1460 1095 240 855 275 7335 3440 279 3161 3007 2906 876 174 2030 1222 808 702 623 944 580 493 221 911 3895 420 252
cat_boundaries=0 1 2
cat_threshold=1 136
is_linear=0
shrinkage=0.05


Tree=112
num_leaves=31
num_cat=4
split_feature=53 26 65 75 65 65 46 19 37 37 82 46 99 47 97 10 17 4 99 3 72 82 10 26 76 72 44 104 36 6
split_gain=9.30537 8.24036 13.6615 12.3695 14.3852 12.7353 11.6459 10.2179 16.4949 12.491 9.41326 13.1757 10.3732 13.6184 10.0511 9.72557 17.3824 16.0154 13.9471 13.1556 14.0888 9.80714 9.33273 11.3769 11.2769 20.328 19.3169 12.5104 13.1272 12.6212
threshold=-17.273550678185675 154.79000000000005 0 4579.7000000000016 1 2 0.97165524374611956 511.83333333333331 1965.0000000000002 3925.0000000000005 2734.306 0.43474643298077781 76.991065759637209 0.25643479875628644 3963.4920634920641 1.5000000000000002 0.30235106252434613 11.500000000000002 42.097120181405792 3 18.790000000000003 1168.3890000000004 2.5000000000000004 93.90000000000002 3497.4050000000002 145.67000000000004 25.035000000000085 0.89324848442756311 584.99999999999989 19.500000000000004
decision_type=2 2 9 2 9 9 2 2 2 2 2 2 2 2 2 2 2 2 2 9 2 2 2 2 2 2 2 2 2 2
left_child=1 3 6 5 -5 7 -3 9 -9 22 11 -7 15 -14 -12 16 17 -13 -18 20 -17 -20 24 -24 27 -26 -27 29 -29 -1
right_child=-2 2 -4 4 -6 10 -8 8 -10 -11 14 12 13 -15 -16 19 18 -19 21 -21 -22 -23 23 -25 25 26 -28 28 -30 -31
leaf_value=-0.00038456821069203788 -0.75117785901967693 0.23946840363613975 -0.11311240661746069 -0.72013082223077873 0.020687820795395596 0.94617265572220222 -0.82636327554510702 0.72122335741745758 -0.03896458507388019 0.066753704399456382 0.081727982116287026 0.019454694778393747 0.25936343915756199 -0.52918842693737111 -0.43256545479733433 0.17603917051701359 -0.47091964973322864 -0.4758744949005535 0.69885212772514793 0.1085624365188167 -3.2140957940517567 -0.50662313147055194 -0.37396247499396335 0.026648275688289404 -0.13603119004255435 3.8938319834786657 -0.25292450699082425 0.093338541251714438 -0.033645022298482277 4.7543759178817249
leaf_weight=604.56972108781338 28.35253880918026 110.39291422069073 628.65666361153126 136.64561972022057 88.633655190467834 43.629457488656044 28.572494849562645 155.28619971871376 100.90799298882484 28.487390443682671 332.96467636525631 269.65057818591595 64.854904308915138 131.55943787097931 46.259022325277328 46.449763715267181 119.31074960529804 37.774018108844757 29.441100016236305 417.07105274498463 69.462868764996529 37.010789543390274 95.641984343528748 64.278011277318001 468.26536114513874 47.282470062375069 29.057667717337608 429.68675512075424 40.963534519076347 47.389650955796242
leaf_count=1299 63 242 1370 315 185 127 60 325 203 56 549 457 143 288 113 89 182 70 53 693 167 81 149 146 1011 110 73 906 80 114
internal_value=-0.000455526 -0.000285062 -0.00502852 0.000629226 -0.0107507 0.00131155 0.00883207 0.0038704 0.0132489 0.00259644 -0.00198404 -0.00406573 -0.00502924 -0.0155564 0.00491433 -0.00301429 -0.0080745 -0.000777758 -0.0201501 0.00166809 -0.012607 -0.00179238 0.00208421 -0.00945387 0.00319095 -0.00271299 0.0212117 0.00605509 0.0122674 0.00157043
internal_weight=4778.51 4750.16 767.622 3982.53 225.279 3757.26 138.965 2111.82 256.194 1855.62 1645.44 1266.21 1222.59 196.414 379.224 1026.17 493.187 307.425 185.763 532.984 115.913 66.4519 1827.14 159.92 1667.22 544.605 76.3401 1122.61 470.65 651.959
internal_count=9719 9656 1672 7984 500 7484 302 4472 528 3944 3012 2350 2223 431 662 1792 843 527 316 949 256 134 3888 295 3593 1194 183 2399 986 1413
cat_boundaries=0 1 2 3 4
cat_threshold=139568 1648657 734401 2
is_linear=0
shrinkage=0.05


Tree=113
num_leaves=31
num_cat=2
split_feature=42 22 5 72 75 46 48 65 37 18 4 82 13 65 25 5 39 73 76 106 18 23 39 22 72 28 74 75 44 30
split_gain=13.8226 13.9112 21.6417 19.8625 16.6533 16.4898 15.2925 19.6565 16.0255 16.1861 14.4328 20.9374 18.6187 17.08 17.8892 14.9588 15.0471 13.8552 13.5817 12.8984 14.1396 13 18.0959 12.6712 12.5846 12.3675 12.3336 15.0513 12.0356 11.9336
threshold=1985.0000000000002 6870.9750566893426 0.48913043478260876 117.27500000000002 4168.6100000000015 0.40429647895823201 0.81169541376109178 0 2875.0000000000005 0.41259276340614653 5.5000000000000009 1836.0080000000003 0.73205741626794263 1 4507.7450000000017 0.22474747474747472 3675.0000000000005 1207.1900000000003 3617.7100000000005 0.51000000000000012 0.13187211303323973 1456.2350000000004 3135.0000000000005 5468.2539682539691 143.965 44.060000000000016 2016.2250000000001 1501.3700000000001 25.035000000000085 0.93794657367779088
decision_type=2 2 2 2 2 2 2 9 2 2 2 2 2 9 2 2 2 2 2 2 2 2 2 2 2 2 2 2 2 2
left_child=17 2 3 6 5 18 -2 8 9 -8 11 -3 13 14 -13 -15 -17 19 -4 21 -21 -1 -23 -19 -14 -12 27 -22 -18 -7
right_child=1 10 4 -5 -6 29 7 -9 -10 -11 25 12 24 15 -16 16 28 23 -20 20 26 22 -24 -25 -26 -27 -28 -29 -30 -31
leaf_value=-0.0044085063385427507 -1.2872099885559622 0.27646748778872593 1.864997003231565 -1.4833737556063284 -1.5264176566633012 -0.0050351782333887488 -0.38338214899309336 -0.70639317541248103 0.23218297948433531 0.15124474227533719 -1.5171339496578145 0.32314744418893754 0.13920991792989731 -0.73453734416700522 -0.94534648285273448 -0.25334811311697225 1.496020074870273 -0.0045249482414625678 -0.64818547035925844 0.33594751584719379 0.026052074860076147 -3.401920415608271 0.065754161876009937 0.9839784687040386 8.901737844091171 -0.021813401015119638 0.18695048006427087 -2.2058269179064416 -0.78159435381557785 -0.66710815739040297
leaf_weight=271.07429550588131 24.270748540759087 295.85979899764061 62.849568367004395 78.097915560007095 47.594769671559334 979.91727654635906 87.333525598049164 130.27489259839058 36.383489936590195 93.390893220901489 51.851531222462654 96.766543433070183 202.7949515581131 146.0716550797224 29.978965401649475 95.329036623239517 39.903122752904892 99.248113811016083 25.410001173615456 38.571804150938988 480.63338005542755 70.160563513636589 32.39395147562027 183.15757663547993 22.428137049078941 784.43418791890144 165.15086869895458 52.251775950193405 32.952618569135666 49.435149967670441
leaf_count=386 58 661 174 203 124 2170 164 277 97 147 110 201 424 305 67 219 81 194 54 74 763 155 45 415 44 1584 255 116 77 120
internal_value=-0.000550656 -0.00226345 -0.00563184 -0.0149483 -0.00203584 -0.000802305 -0.0101316 -0.00745068 0.00214096 -0.00385554 0.000761405 0.00493756 2.21818e-05 -0.0059512 0.0092442 -0.0119923 -0.00220759 0.00364736 0.0199388 0.00113209 0.00497032 -0.00643498 -0.0215981 0.0135358 0.0117185 -0.00404295 0.0033419 -0.000358079 0.0148998 -0.00258071
internal_weight=4805.97 3413.33 1614.96 449.751 1165.21 1117.61 371.654 347.383 217.108 180.724 1798.37 962.085 666.225 441.002 126.746 314.256 168.185 1392.64 88.2596 1110.24 736.608 373.629 102.555 282.406 225.223 836.286 698.036 532.885 72.8557 1029.35
internal_count=9764 7361 3588 946 2642 2518 743 685 408 311 3773 2079 1418 950 268 682 377 2403 228 1794 1208 586 200 609 468 1694 1134 879 158 2290
cat_boundaries=0 1 2
cat_threshold=611617 1064002
is_linear=0
shrinkage=0.05


Tree=114
num_leaves=31
num_cat=4
split_feature=23 22 5 34 34 34 3 23 32 101 65 28 14 65 23 73 34 73 72 22 59 18 37 43 46 65 42 74 15 59
split_gain=13.3504 14.9729 26.3615 27.4631 18.1016 17.9754 16.0149 16.9341 15.8874 15.8678 14.5714 13.938 13.8515 14.5332 15.1477 15.6199 13.7668 13.7143 13.4456 12.8448 19.0201 22.4548 13.8158 23.742 12.2169 12.1857 12.1534 12.0224 11.8371 11.861
threshold=1536.6450000000002 5968.2086167800462 0.23904761904761904 3005.0000000000005 1765.0000000000002 1765.0000000000002 0 2076.7050000000004 2655.0000000000005 0.64821454081058094 1 176.88000000000002 0.58333333333333337 2 4407.880000000001 2066.6750000000006 3975.0000000000005 1106.7500000000002 122.01500000000001 5827.5963718820867 0.020207364654446804 0.42381887284739561 1035.0000000000002 -65.694999999999922 0.87104620780895547 3 1225.0000000000002 2002.8950000000002 0.51470588235294124 0.0052443239237814502
decision_type=2 2 2 2 2 2 9 2 2 2 9 2 2 9 2 2 2 2 2 2 2 2 2 2 2 9 2 2 2 2
left_child=17 2 3 5 18 9 7 -6 11 27 -8 -3 13 14 15 -10 -12 19 -4 20 22 -22 23 -1 -25 -9 -24 -2 29 -15
right_child=1 8 4 -5 6 -7 10 25 12 -11 16 -13 -14 28 -16 -17 -18 -19 -20 -21 21 -23 26 24 -26 -27 -28 -29 -30 -31
leaf_value=0.32974208221053392 -3.8809891513972348 0.20942620214455956 3.3501780957983009 0.28349808131401061 1.1516393587293408 -2.723255460452255 -0.43390830908425643 -0.20570459173212044 -0.32210162924796037 -2.7208525742051393 -0.013430685927500009 -0.024296591666971068 0.13578547912833158 0.12651305395737042 -0.17001357202269604 1.3806534178938004 -4.4008325322447295 0.43006761105933261 -0.30568695214493363 -0.2552409015951142 -0.9020239103362635 0.17687672060612344 0.31197034926517592 0.037010181490650496 -0.46166462937341352 0.26280949431291134 -1.1262471265672767 0.86262387833932841 -0.30531714380295888 -0.060136442978676291
leaf_weight=32.368016645312309 47.507144406437874 360.5326988697052 36.135945975780487 20.820386484265327 64.360291108489037 88.41535259783268 201.93542644381523 140.04990154504776 30.980093762278557 66.978443488478661 947.77830129861832 126.24937076866627 89.808552831411362 202.08815315365791 88.390729382634163 151.85230953991413 26.460488349199295 129.54012316465378 26.762188404798508 181.05551712214947 99.108735203742981 125.55734300613403 231.52332633733749 29.314434677362442 45.703726798295975 201.38543230295181 28.509092673659325 22.439946740865707 116.4222603738308 818.32984258234501
leaf_count=46 101 583 89 54 171 250 424 302 72 158 1994 231 191 445 188 369 66 266 63 289 178 188 322 40 61 470 53 30 236 1778
internal_value=-0.000690268 -0.00196574 -0.00514952 -0.0204098 -0.00286576 -0.0254862 -0.00391164 0.00461284 0.00106785 -0.0141384 -0.00683381 0.00891523 -0.00148241 -0.00269672 0.0075471 0.0160413 -0.00418326 0.004786 0.0234396 0.00226331 0.00582715 -0.00563314 0.0128348 -0.00225267 -0.0176956 0.000291936 0.0190655 0.00251748 -0.00516164 -0.0034837
internal_weight=4778.36 3875.68 1891.03 246.161 1644.87 225.341 1581.97 405.796 1984.65 136.926 1176.17 486.782 1497.87 1408.06 271.223 182.832 974.239 902.68 62.8981 773.14 592.085 224.666 367.419 107.386 75.0182 341.435 260.032 69.9471 1136.84 1020.42
internal_count=9708 8265 4172 593 3579 539 3427 943 4093 289 2484 814 3279 3088 629 441 2060 1443 152 1177 888 366 522 147 101 772 375 131 2459 2223
cat_boundaries=0 1 2 3 4
cat_threshold=26 1318920 79874 462848
is_linear=0
shrinkage=0.05


Tree=115
num_leaves=31
num_cat=3
split_feature=76 4 33 23 4 35 7 37 97 37 30 74 69 34 72 34 24 46 54 65 32 29 49 72 43 46 46 54 65 98
split_gain=14.0526 11.76 20.2446 15.2787 12.1954 16.0528 12.735 18.3429 14.2801 14.1414 11.6575 11.6018 11.1714 19.5994 11.7716 14.1293 16.6014 17.5433 15.8634 10.7161 14.8077 14.0957 12.4388 10.937 10.7881 10.4511 11.9581 10.4237 10.4121 10.9644
threshold=6020.4000000000005 5.5000000000000009 2405.0000000000005 1738.0200000000002 2.5000000000000004 4485.0000000000009 13.500000000000002 1975.0000000000002 3803.8548752834472 2905.0000000000005 0.13722247106357302 2741.8700000000003 0 2365.0000000000005 92.905000000000015 1985.0000000000002 219.71500000000003 0.91146575561287413 -27.584401386266268 1 3485.0000000000005 112.91500000000001 0.8043086377398877 57.815000000000005 26.500000000000117 0.84334469940645562 0.87255509228097339 -24.117927279307967 2 2811.1111111111118
decision_type=2 2 2 2 2 2 2 2 2 2 2 2 9 2 2 2 2 2 2 9 2 2 2 2 2 2 2 2 9 2
left_child=1 2 4 -3 5 6 7 12 10 -9 11 -8 13 -1 19 16 17 -16 -17 22 21 -21 24 25 -14 -23 -27 -20 29 -6
right_child=-2 3 -4 -5 28 -7 8 9 -10 -11 -12 -13 14 -15 15 18 -18 -19 27 20 -22 23 -24 -25 -26 26 -28 -29 -30 -31
leaf_value=-0.3635415072470638 0.5765659220043603 2.2317178905592301 1.8585703276924823 -0.048720335262537481 1.6595008827545241 -0.43566953819395737 0.47008890910909218 -0.61510466254492047 -0.29587501380952264 -0.0018757136981676582 0.6708588732735411 -0.26253291497588904 0.097550967590636972 1.1203001738354501 -0.00091150825955803598 -1.0976371484472238 0.53462327248702601 -1.2163758820587802 0.6091581495985342 -0.11312154110823905 -1.1969037092355705 -0.08137151590960201 0.45962766579949843 0.38992196291978565 -0.6073403627020959 0.25319865408192166 0.013436012867843062 -1.2014583024665741 0.01705024026835673 0.27136382631126993
leaf_weight=38.902571991086006 30.649758026003838 21.811550259590149 32.513365134596825 1067.0872776955366 43.904566287994385 70.687820479273796 28.423139527440071 217.64846138656139 18.898227006196976 156.23447592556477 98.89565409719944 22.340697959065437 413.3943337649107 43.739569067955017 118.96845945715904 93.899282962083817 87.735979974269867 43.285507440567017 24.822481423616409 93.608616828918457 29.565020248293877 378.88497947156429 29.3222516477108 100.83409520983696 25.719378381967545 60.257096230983734 303.2514701038599 23.091610878705978 965.49366375803947 86.740282312035561
leaf_count=75 60 54 81 2203 119 185 49 486 48 362 199 44 689 112 195 217 181 70 42 153 66 642 38 164 45 88 448 47 2345 171
internal_value=-0.000795106 -0.00101332 0.000346776 -0.00557371 -6.14639e-06 -0.00191964 -0.00124235 -0.00222148 0.0120203 -0.012349 0.0171918 -0.00228566 -0.000238267 0.0167053 -0.00109033 -0.00877749 -0.00162605 -0.0111009 -0.0213841 0.00100117 -0.00201755 -0.000938937 0.00711998 0.00110453 0.00516653 -0.00099409 0.00506252 0.00202629 0.00439713 0.0171291
internal_weight=4770.61 4739.96 3651.06 1088.9 3618.55 2522.41 2451.72 2283.17 168.558 373.883 149.659 50.7638 1909.28 82.6421 1826.64 391.803 249.99 162.254 141.813 1434.84 966.401 936.836 468.436 843.228 439.114 742.394 363.509 47.9141 1096.14 130.645
internal_count=9678 9618 7361 2257 7280 4645 4460 4120 340 848 292 93 3272 187 3085 752 446 265 306 2333 1561 1495 772 1342 734 1178 536 89 2635 290
cat_boundaries=0 1 2 3
cat_threshold=32 545921 4512
is_linear=0
shrinkage=0.05


Tree=116
num_leaves=31
num_cat=4
split_feature=95 17 22 26 5 17 72 18 26 49 65 53 35 17 65 65 89 53 32 101 47 76 16 45 94 71 17 65 72 25
split_gain=10.7 9.17621 15.91 14.5912 11.1524 10.7306 9.99728 12.9253 12.3352 16.3286 15.0658 13.5597 11.9579 13.1344 11.3837 11.3245 11.1049 11.0554 13.511 12.9662 10.6774 9.45063 14.4059 14.2826 9.07562 8.9737 9.44936 10.2718 13.391 12.9316
threshold=1270.6550000000002 0.2700861957865115 7920.0000000000009 158.85000000000002 0.60990338164251223 0.28299649082303829 170.36500000000004 0.42381887284739561 73.135000000000019 0.64899884801129704 0 -31.785380681054683 1655.0000000000002 0.36587373423946618 1 2 0.88621979286536257 -27.222905436282684 1235.0000000000002 0.62935705477974269 0.30284598106740551 2695.5050000000006 0.70714285714285718 -329.11499999999995 1870.7328117913835 199.64500000000001 0.25755922348780746 3 187.83000000000004 2309.9650000000006
decision_type=2 2 2 2 2 2 2 2 2 2 9 2 2 2 9 9 2 2 2 2 2 2 2 2 2 2 2 9 2 2
left_child=-1 25 5 4 -4 -3 7 14 9 15 11 -10 -8 -14 16 -9 21 -16 -19 -20 -13 23 -23 -7 -25 26 27 -2 29 -29
right_child=1 2 3 -5 -6 6 12 8 10 -11 -12 20 13 -15 17 -17 -18 18 19 -21 -22 22 -24 24 -26 -27 -28 28 -30 -31
leaf_value=0.20041231017319028 0.042564087464761792 0.17114234030886377 0.076652996572133258 -0.10196754534202626 2.2097275460624459 -0.4581411144615764 0.052331041608611885 -0.11147280648068687 -0.21216222646599336 0.21569441126912281 0.60206840791106986 0.2951034466107153 0.0024582033661999961 -0.46391126153407503 -0.32373898050479899 0.0082026548182433604 -0.59704555464609121 0.32075659681449836 -0.20727386702021491 -0.0033542515696211696 0.021625514065415533 0.11807164489717122 -0.47219350400429722 0.10779605318159113 1.1719807826511328 -0.92398758910094925 -0.23841632327595477 0.29867407421204323 -0.43515607588812844 -0.089633689384474025
leaf_weight=46.085139483213425 147.9191400706768 172.80797883868217 293.44369661808014 128.16210845112801 106.04554875195026 35.643147945404053 25.311318069696426 322.84463489055634 79.105082958936691 99.226438134908676 201.74269896745682 78.216748014092445 113.08850011229515 203.80533213913441 437.47597694396973 479.91835115849972 32.385296016931534 33.738175451755524 58.646084368228912 310.73675037920475 357.44352529942989 35.927879199385643 110.40866933763027 111.21846185624599 46.610673889517784 23.001651972532272 179.17329628765583 56.63465328514576 21.624026328325272 428.69441577792168
leaf_count=73 281 352 552 296 235 72 47 586 187 142 380 156 290 487 916 878 69 39 101 639 749 67 231 204 109 46 413 116 43 943
internal_value=-0.000904249 -0.0011378 -0.000102062 0.00796725 0.0126767 -0.00137445 -0.00203516 -0.00105951 0.00186487 -0.00202556 0.00676241 0.00198289 -0.0101073 -0.0127489 -0.00496217 -0.00439073 0.00234691 -0.00812965 -0.00225295 -0.00501938 0.00547937 0.0050762 -0.00451154 0.0123281 0.018784 -0.00581946 -0.00496982 -0.00218604 -0.00553678 -0.00393069
internal_weight=4777.09 4731 3873.95 527.651 399.489 3346.3 3173.49 2831.29 1618.5 901.989 716.508 514.765 342.205 316.894 1212.79 802.763 372.194 840.597 403.121 369.383 435.66 339.809 146.337 193.472 157.829 857.047 834.046 654.872 506.953 485.329
internal_count=9699 9626 7784 1083 787 6701 6349 5525 3078 1606 1472 1092 824 777 2447 1464 752 1695 779 740 905 683 298 385 313 1842 1796 1383 1102 1059
cat_boundaries=0 1 2 3 4
cat_threshold=1444009 414728 1312074 917776
is_linear=0
shrinkage=0.05


Tree=117
num_leaves=31
num_cat=1
split_feature=76 42 73 37 33 26 17 53 5 82 73 52 46 5 23 72 53 24 65 47 57 4 71 72 4 82 37 82 43 44
split_gain=9.00191 9.30275 13.2578 15.1376 13.3545 10.4238 8.50225 10.6158 18.0677 11.5911 11.2677 13.4113 11.6122 11.6017 10.6233 10.9255 10.8958 10.1447 9.68734 9.27245 11.265 9.61739 10.878 10.206 10.9276 8.91361 8.70234 8.6523 10.3299 8.38643
threshold=6020.4000000000005 1985.0000000000002 1659.9250000000002 1915.0000000000002 1905.0000000000002 132.34000000000003 0.2700861957865115 -29.348152420845107 0.47213622291021667 560.01950000000011 2159.9150000000004 31.999024943310932 0.79954867826218246 0.63961038961038974 2776.2300000000005 71.180000000000021 -31.142677633873621 179.10500000000005 0 0.24399131065278959 0.87503515157636003 3.5000000000000004 48.555000000000007 9.4200000000000017 5.5000000000000009 2484.4920000000006 1055.0000000000002 2629.7250000000008 -106.34500000000003 74.780000000000214
decision_type=2 2 2 2 2 2 2 2 2 2 2 2 2 2 2 2 2 2 9 2 2 2 2 2 2 2 2 2 2 2
left_child=1 2 3 4 -1 -4 -3 8 14 29 12 25 27 -13 15 -8 -16 -15 19 20 -11 22 -21 -23 26 -12 -25 -10 -29 -9
right_child=-2 6 5 -5 -6 -7 7 9 10 18 11 13 -14 17 16 -17 -18 -19 -20 21 -22 23 -24 24 -26 -27 -28 28 -30 -31
leaf_value=0.00047836106678005312 0.3017339634781156 -0.077802838966837845 1.6467417205375214 0.32107055713300386 1.6244402493680612 0.1196563008215179 -0.37840551515061666 -0.61332347851293323 1.3904964824771229 -0.069669696055498873 -0.20679058886288965 -1.2154716063614288 -0.022486742984975196 2.1158020435424461 -0.58032433442538867 -1.3827050218802583 0.20784777064919099 0.021221960484035664 0.045649582559325809 -0.089288093487723333 1.0521312306822275 2.6805990011578391 -0.40878768401715748 -0.022512688317923593 -0.043186488551724272 -1.3458098036914479 1.3211207274765273 0.44247074801978958 -0.09252259956123865 0.022766109928205228
leaf_weight=1225.9897473305464 27.174642577767372 757.25226204097271 42.403675094246864 33.03567835688591 25.599278837442398 28.693368300795555 59.380080997943878 53.829541772603989 45.193844094872475 44.209419310092926 109.00939798355103 38.24914063513279 54.758647993206978 35.709499359130859 51.392237097024918 62.859264135360718 27.909124121069908 132.33222955465317 1218.8120679557323 224.61697289347649 43.40362237393856 21.701630383729935 90.947915598750114 19.752715542912483 85.514361307024956 35.567691743373871 49.608041688799858 21.288848266005516 25.661075323820114 41.875947862863541
leaf_count=2032 55 1654 126 47 72 64 114 120 126 70 248 107 133 76 140 132 70 308 2552 453 82 47 211 42 160 82 111 54 58 99
internal_value=-0.000352431 -0.000518109 0.00297663 0.00181342 0.000931622 0.0239942 -0.00193205 -0.000571141 -0.00583594 0.00137247 -0.000722029 -0.00558964 0.010904 0.00259394 -0.0184664 -0.0277124 -0.00421415 0.00825104 0.0022747 -0.00302906 0.0119054 -0.0057493 -0.0109778 0.00359467 -0.000905073 -0.0172664 0.0138419 0.0217409 0.00670861 -0.0155828
internal_weight=4733.73 4706.56 1355.72 1284.62 1251.59 71.097 3350.84 2593.58 699.311 1894.27 497.77 350.868 146.902 206.291 201.541 122.239 79.3014 168.042 1798.57 579.755 87.613 492.142 315.565 176.577 154.875 144.577 69.3608 92.1438 46.9499 95.7055
internal_count=9645 9590 2341 2151 2104 190 7249 5595 1648 3947 1192 821 371 491 456 246 210 384 3728 1176 152 1024 664 360 313 330 153 238 112 219
cat_boundaries=0 1
cat_threshold=1969416
is_linear=0
shrinkage=0.05


Tree=118
num_leaves=31
num_cat=2
split_feature=109 17 4 17 27 38 49 71 37 23 22 25 94 24 28 37 50 73 49 19 74 99 17 65 82 13 48 65 24 59
split_gain=10.1914 11.5458 10.7948 12.3305 15.0769 12.394 10.0639 9.90566 9.69231 12.5137 10.8019 11.9054 8.6845 8.28599 10.9636 12.6065 11.8759 10.745 8.1507 7.67795 7.63393 7.55551 7.36161 14.3582 13.02 16.0919 13.6548 13.4349 13.8395 13.6998
threshold=1.0000000180025095e-35 0.2700861957865115 16.500000000000004 0.25755922348780746 71.125000000000014 5655.0000000000009 0.82619885089633993 9.3600000000000012 1005.0000000000001 1026.6150000000002 5827.5963718820867 1513.9450000000002 1022.1265306122451 178.62500000000003 175.27500000000003 2145.0000000000005 0.15906969414677904 2206.7250000000004 0.050513990983182808 436 2516.0300000000002 75.296904761904457 0.29765146518449598 0 2780.6120000000005 0.87083333333333346 0.97649733210397205 1 198.16000000000003 0.026062640220887803
decision_type=2 2 2 2 2 2 2 2 2 2 2 2 2 2 2 2 2 2 2 2 2 2 2 9 2 2 2 9 2 2
left_child=1 2 3 4 6 -5 13 -6 9 -3 11 -11 -10 17 15 16 19 -1 -17 -15 -16 -19 23 -14 25 27 -26 28 -24 -30
right_child=-2 8 -4 5 7 -7 -8 -9 12 10 -12 -13 22 14 20 18 -18 21 -20 -21 -22 -23 24 -25 26 -27 -28 -29 29 -31
leaf_value=0.45023641404235165 -0.30169520319339682 0.20984396528559979 -0.53169757672060713 -0.46156865774625511 0.54428872965969077 0.09121308038545238 0.2247636741451885 -0.98428389423384532 0.37188422922344561 -1.0746118238180429 0.37671006558522113 -0.19539865972418655 0.00079171795775465634 0.066444427381840407 0.1830462398172962 0.03888115187205763 -0.071294841049824212 -0.43974294010939163 0.28907161850796037 0.19898937550709947 -0.32488346348600605 -0.13079384420494647 -0.31699766248694206 0.32580570427476946 -0.02729770305893453 -0.28468005505183247 0.16364442806923096 0.016788683605260247 0.080980389492412999 -0.99051966377130474
leaf_weight=26.444727316498756 131.41570721566677 47.556968569755554 74.834173455834389 138.11445380747318 30.018951654434204 28.454079359769821 22.893486201763153 102.90906977653503 36.082712590694427 26.39253294467926 26.231748163700104 201.12566247582436 400.44118033349514 86.257697105407715 18.498094841837883 73.753749340772629 48.961257129907608 38.120325863361359 63.883716717362404 25.374651789665222 46.705202639102936 31.630345866084099 290.6006183475256 243.61957171559334 254.54468461871147 189.90906032919884 560.60442854464054 1202.0813320875168 307.81138044595718 33.274401322007179
leaf_count=45 275 73 162 332 60 54 31 221 48 41 62 445 834 199 41 168 75 77 107 46 128 85 636 474 549 369 1046 2396 606 64
internal_value=-0.000327545 5.83013e-05 -0.0051872 -0.00345114 -0.000184874 -0.0155196 0.00392264 -0.015095 0.00123482 -0.00737193 -0.0117832 -0.0152861 0.00197176 0.00231108 0.00576492 0.00982554 0.000308657 -0.0107378 0.0209297 0.00931339 -0.0128078 -0.0210273 0.00171894 0.006545 0.000624025 -0.00152506 0.00595931 -9.02188e-05 -0.00593937 0.000797787
internal_weight=4808.55 4677.13 856.854 782.02 615.451 166.569 482.523 132.928 3820.28 301.307 253.75 227.518 3518.97 459.63 363.434 298.231 160.594 96.1954 137.637 111.632 65.2033 69.7507 3482.89 644.061 2838.83 2023.68 815.149 1833.77 631.686 341.086
internal_count=9749 9474 1831 1669 1283 386 1002 281 7643 621 548 486 7022 971 764 595 320 207 275 245 169 162 6974 1308 5666 4071 1595 3702 1306 670
cat_boundaries=0 1 2
cat_threshold=1969537 1319242
is_linear=0
shrinkage=0.05


Tree=119
num_leaves=31
num_cat=2
split_feature=61 47 7 23 38 76 52 25 76 76 72 75 5 24 22 39 101 4 97 71 25 50 102 49 17 5 24 60 89 53
split_gain=8.21626 19.0517 13.1753 11.4764 10.8413 9.8762 11.1237 10.4896 14.4596 9.87947 9.75771 11.0649 9.74345 8.97365 19.4513 10.6924 9.72768 11.0304 9.4989 12.1805 9.42287 11.3564 8.60294 8.51693 8.36029 8.33681 7.88444 7.84336 13.346 9.88451
threshold=0 0.25643479875628644 1.0000000180025095e-35 1026.6150000000002 5845.0000000000009 2072.2900000000004 12.485725623582882 4329.5850000000009 3150.8150000000005 2695.5050000000006 126.69000000000001 3142.6300000000006 0.7633053221288516 174.49500000000003 5827.5963718820867 2420.0000000000005 0.6739411852929903 6.5000000000000009 3699.0929705215426 139.87000000000003 1453.3600000000004 -0.083540324265507379 0.87857142857142867 0.052199634986376656 0.3254070362186019 0.17519181585677748 219.71500000000003 1 0.8546920821114371 -26.803599255166521
decision_type=1 2 2 2 2 2 2 2 2 2 2 2 2 2 2 2 2 2 2 2 2 2 2 2 2 2 2 1 2 2
left_child=1 12 4 -3 5 6 -2 8 9 24 11 -10 26 14 15 -5 -16 -18 20 25 -15 -22 23 -12 -7 -20 -1 29 -29 -23
right_child=2 3 -4 13 -6 7 -8 -9 10 -11 22 -13 -14 18 16 -17 17 -19 19 -21 21 27 -24 -25 -26 -27 -28 28 -30 -31
leaf_value=0.52839348877287229 -0.016496916643217931 0.73869345293983779 -0.030167209643317251 -0.58611804262198464 -1.0235335285808802 -1.4526276412038603 1.1130762736766955 -0.45642638937882796 0.060989531489754258 -1.1972213032192947 1.7906285227001946 -0.36540767914613215 2.4714054652139019 -0.42654427930549305 -0.036526421335194924 0.65240945664870775 0.93408144714522978 0.0028970280781116745 -0.34091508186552488 -0.48901043136165329 0.96427062949087672 0.6722236721948196 -0.072564080182874593 0.057065812873437462 0.17113529686545165 -0.0079848731527388146 -0.24444363668344665 -0.013315124404864776 -0.55960265632633366 -0.0015985617370546379
leaf_weight=314.89598269760609 29.223044902086258 31.551512479782104 2799.444183781743 62.186778664588928 23.046745702624321 21.892916679382324 103.16039125621319 19.509594112634659 38.061066418886185 23.101112559437752 61.436434358358383 43.626132220029831 20.767800256609917 33.782846689224243 46.048355609178543 25.216731309890747 79.250362426042557 39.827148228883743 26.919646322727203 36.142993435263634 38.341452226042747 55.245493829250336 22.505421653389931 35.011100545525551 35.480407297611237 108.98255556821823 52.310537338256836 333.53292725980282 84.772900223731995 137.11169835925102
leaf_count=636 66 40 5918 110 50 43 252 31 98 47 117 85 58 40 75 40 145 71 65 80 67 85 48 77 61 207 97 637 175 227
internal_value=-0.000690533 0.00233561 -0.00210985 -0.000924178 0.00577093 0.00754946 0.0189287 0.00253849 0.00499896 -0.0129065 0.0121806 -0.0011253 0.0119049 -0.00177139 0.00650983 -0.0125637 0.0166057 0.0241525 -0.00421778 -0.0147177 -0.00157205 -0.000231934 0.0213181 0.0278135 -0.00178998 -0.00785687 0.0100205 -0.00188923 -0.00566877 0.00629719
internal_weight=4782.39 1526.89 3255.5 1138.91 456.054 433.008 132.383 300.624 281.115 80.4744 200.64 81.6872 387.974 1107.36 252.529 87.4035 165.126 119.078 854.833 172.045 682.787 649.004 118.953 96.4475 57.3733 135.902 367.207 610.663 418.306 192.357
internal_count=9748 2855 6893 2064 975 925 318 607 576 151 425 183 791 2024 441 150 291 216 1583 352 1231 1191 242 194 104 272 733 1124 812 312
cat_boundaries=0 1 2
cat_threshold=2 2
is_linear=0
shrinkage=0.05


Tree=120
num_leaves=31
num_cat=6
split_feature=50 53 33 50 97 44 3 101 25 65 53 44 23 65 95 47 18 37 53 74 102 65 37 69 28 106 65 73 74 25
split_gain=11.7806 13.2914 9.19445 8.92692 13.2292 10.9556 16.2742 13.3273 13.9029 10.141 11.2525 9.98174 10.304 9.60448 13.707 13.7736 9.15405 9.96245 9.10663 8.2748 8.24438 11.2399 9.76363 9.62194 10.3331 8.07116 15.066 9.81336 11.2557 9.36795
threshold=0.52835851888273466 -26.264641549711872 49.999999999999666 0.032261659293997207 4217.9138321995479 82.854999999999919 0 0.77113136775183599 2538.5950000000003 1 -29.412198016767032 104.91499999999998 5188.9700000000003 2 1860.5900000000004 0.48137509973524323 0.41104593385965887 1055.0000000000002 -26.803599255166521 3810.6400000000008 0.65833333333333344 3 895.00000000000011 4 175.65000000000003 0.21000000000000005 5 1086.7500000000002 1586.7550000000003 1487.8900000000001
decision_type=2 2 2 2 2 2 9 2 2 9 2 2 2 9 2 2 2 2 2 2 2 9 2 9 2 2 9 2 2 2
left_child=3 2 -2 5 13 20 7 8 -7 -8 19 12 -6 14 15 -5 -16 -18 -10 -11 22 -22 -1 -23 -25 26 -24 28 -28 -27
right_child=1 -3 -4 4 11 6 9 -9 18 10 -12 -13 -14 -15 16 -17 17 -19 -20 -21 21 23 25 24 -26 29 27 -29 -30 -31
leaf_value=-2.1718422557711583 -0.41456730993984653 -0.16100815105357516 0.39258175766245479 -0.040819248634183937 0.070513029548646952 4.5872782033792303 -0.1659557988847169 -0.65520019657029427 -0.71192126791902555 -0.31703621720034225 0.0621463822758642 0.60418638801605418 -0.71557660545971236 -0.006204597457072936 -0.27968096282105587 0.49117181614506367 -0.46356638195141359 -0.02069347953382419 0.082508619146528878 0.061751436187232403 -0.09956786652209644 0.030738555166152537 -0.2258508767250593 0.61700493105049647 -0.17386387470182429 0.20086012750348559 -0.34835067820874244 0.23368928674612591 0.14024941413434391 0.017728601243276798
leaf_weight=23.660146668553352 28.227615013718605 46.207372382283211 159.49935452640057 66.111652210354805 90.046163737773895 21.620365738868713 118.73291099071503 208.68091352283955 34.042728766798973 60.597270265221596 273.24241216480732 33.386032313108444 29.540995448827744 591.93366748094559 274.65919226408005 30.89642858505249 61.132111415266991 193.9271572381258 19.346238151192665 20.117832884192467 122.28975282609463 202.5173946917057 301.06192456185818 134.09906168282032 22.588360801339149 121.12149980664253 29.757149994373322 207.4959203004837 45.806485444307327 1215.5016277134418
leaf_count=48 59 78 291 103 178 62 293 470 86 142 653 68 59 1042 560 45 120 389 39 44 286 414 595 292 60 175 50 437 68 2511
internal_value=-0.000165153 0.0107776 0.0166906 -0.000727285 -0.00409922 0.000726093 -0.00452786 -0.0137372 0.00385458 0.00126312 0.00550637 0.00976041 0.00301193 -0.00583896 -0.0100849 0.00703328 -0.0134102 -0.00658944 -0.00984385 -0.0107407 0.00236424 0.00822172 0.000913751 0.0124769 0.0217057 0.00130699 -0.00359594 0.00468497 -0.0105768 0.00344963
internal_weight=4787.85 233.934 187.727 4553.91 1371.63 3182.28 756.381 283.69 75.0093 472.69 353.958 152.973 119.587 1218.66 626.727 97.0081 529.718 255.059 53.389 80.7151 2425.9 481.495 1944.4 359.205 156.687 1920.74 584.121 283.06 75.5636 1336.62
internal_count=9717 428 350 9289 2564 6725 1789 657 187 1132 839 305 237 2259 1217 148 1069 509 125 186 4936 1052 3884 766 352 3836 1150 555 118 2686
cat_boundaries=0 1 2 3 4 5 6
cat_threshold=2370 1583146 535635 336128 97 1116459
is_linear=0
shrinkage=0.05


Tree=121
num_leaves=31
num_cat=2
split_feature=50 53 89 61 65 7 71 25 76 7 94 59 56 45 38 75 25 52 74 104 53 101 19 26 74 38 28 46 49 22
split_gain=10.1532 9.1778 8.03929 7.91483 16.5733 13.2494 12.8107 13.595 10.723 10.1646 8.7797 8.73419 13.0147 9.788 8.28081 8.2735 17.505 10.9136 10.3401 9.5541 13.4432 8.13617 8.4015 8.00379 11.6433 8.05541 7.95025 11.3937 10.898 7.92965
threshold=0.52835851888273466 -26.319724962822022 0.66894977168949776 0 1 1.0000000180025095e-35 95.115000000000023 3962.2700000000004 5972.9600000000009 2.5000000000000004 5519.2794897959193 0.016325484590990005 0.27386363636363642 -213.29000000000008 2775.0000000000005 2396.7800000000002 2478.4100000000003 1.9406802721089205 2914.6800000000003 0.87374345957820532 -24.959841711337813 0.6739411852929903 447.08333333333343 93.90000000000002 3535.3850000000007 5725.0000000000009 46.530000000000001 0.73178224005814552 0.18371166465600583 6030.7029478458053
decision_type=2 2 2 1 9 2 2 2 2 2 2 2 2 2 2 2 2 2 2 2 2 2 2 2 2 2 2 2 2 2
left_child=3 2 -2 4 9 23 11 21 10 -1 29 15 -13 -14 -15 16 17 -6 19 -19 -21 -8 -23 -5 26 -26 27 -25 -29 -7
right_child=1 -3 -4 5 6 8 7 -9 -10 -11 -12 12 13 14 -16 -17 -18 18 -20 20 -22 22 -24 24 25 -27 -28 28 -30 -31
leaf_value=-0.7425163305414032 0.52683801543562936 -0.072647654222838129 -0.023736875253349957 1.3744312785421755 0.4248703195779811 -0.049580946207649391 1.0292168871725778 -0.42896384639761892 0.27501676197866176 -0.009432858694130887 -1.3591356015369458 -0.077683237305414113 1.3870413134268604 1.0998788821034489 0.046762071361160201 0.25732670825788945 -0.38191352964949915 -0.084198993175658293 0.63696066513237926 0.30483140083326782 -0.16976530855898453 -0.47555409493022727 0.90369710885304999 -0.15869228902244892 -0.53204264566800819 6.409915326628379e-05 0.35247985760960038 0.16814405416944711 -0.14339213692553585 -0.006103140443777022
leaf_weight=53.902643740177155 155.40317749977112 45.265903905034065 26.703573495149612 24.878368824720383 25.783631145954132 1463.5932456701994 30.279762014746666 57.303415507078171 20.892721265554428 486.98301319777966 26.549588918685913 21.610616981983185 103.48008021712303 25.232402846217155 82.498323783278465 267.85647910833359 75.668599605560303 73.284269630908966 27.398153901100159 69.454902395606041 35.191402271389961 38.424982473254204 28.757390931248665 66.947771653532982 30.848276808857918 44.58053420484066 142.34961605072021 63.032119870185852 34.28333505988121 1129.441505163908
leaf_count=150 294 72 50 43 38 3097 70 119 45 837 62 35 182 47 149 571 149 111 39 106 61 85 55 127 71 98 319 141 71 2382
internal_value=-3.30865e-05 0.0102782 0.0152866 -0.000548307 0.00242083 -0.00201281 0.00632057 -0.00679148 -0.00330706 -0.00454948 -0.00359162 0.00891203 0.0170817 0.0208631 0.010314 0.00560197 -4.04358e-06 0.00683009 0.00297984 -0.00142311 0.00827268 0.00457158 -0.00512706 0.00638545 0.004596 -0.0130026 0.00892539 0.00143036 0.0123525 -0.00329872
internal_weight=4777.88 227.373 182.107 4550.51 1503.11 3047.4 962.224 154.766 2640.48 540.886 2619.58 807.459 232.821 211.211 107.731 574.637 306.781 231.112 205.329 177.931 104.646 97.4621 67.1824 406.92 382.042 75.4288 306.613 164.263 97.3155 2593.03
internal_count=9676 416 344 9260 2804 6456 1817 329 5586 987 5541 1488 413 378 196 1075 504 355 317 278 167 210 140 870 827 169 658 339 212 5479
cat_boundaries=0 1 2
cat_threshold=2 1310987
is_linear=0
shrinkage=0.05


Tree=122
num_leaves=31
num_cat=3
split_feature=76 95 34 53 104 17 26 76 18 28 43 71 82 32 38 31 74 29 65 76 34 4 65 43 46 82 74 72 5 65
split_gain=10.5829 8.87348 8.39756 8.0118 7.75823 10.7469 9.92007 10.0995 16.9007 13.286 13.4324 13.2835 12.5977 12.8773 11.3362 12.8991 10.7742 12.8799 10.3921 10.2301 9.68451 9.63542 11.5693 11.3073 10.8024 10.1365 14.7268 14.2143 11.4346 11.4489
threshold=6020.4000000000005 1205.72 5685.0000000000009 -17.273550678185675 0.88436042789339042 0.2094509805456107 153.65000000000001 3575.8050000000007 0.57370759492397039 161.39000000000001 -168.66499999999994 20.855000000000004 2028.7325000000003 2555.0000000000005 4245.0000000000009 4135.0000000000009 1927.6050000000002 112.91500000000001 0 2115.4600000000005 4485.0000000000009 2.5000000000000004 1 -200.46000000000012 0.65977674995216995 2404.1905000000002 4063.0000000000005 93.730000000000004 0.76696832579185525 2
decision_type=2 2 2 2 2 2 2 2 2 2 2 2 2 2 2 2 2 2 9 2 2 2 9 2 2 2 2 2 2 9
left_child=1 -1 3 4 5 -3 7 8 9 10 -6 -9 16 -14 -13 -16 17 19 -18 -12 -8 23 24 -7 -23 28 27 -27 29 -24
right_child=-2 2 -4 -5 6 21 20 11 -10 -11 12 14 13 -15 15 -17 18 -19 -20 -21 -22 22 25 -25 -26 26 -28 -29 -30 -31
leaf_value=0.72091047599757951 0.5872538436917083 0.90954557995607677 -0.55937727994737829 -0.56719111705685354 -0.2775507051514467 -0.59669517780511827 -0.053574906135007441 -0.13629691023399318 -0.49194287515365859 0.00082185017579980988 -0.0019767273837345556 -0.22828029196197691 0.63775852012159795 0.23111056315348011 0.24880492685900679 -0.10625401935504541 0.024423484252511687 1.0320947614595484 -0.24853510802368534 0.051859817899687147 0.17852542143481145 -0.33919118881093485 -0.032544651917501714 -0.038669542769633837 0.013354858246377433 0.036507362291838777 0.44352215898564257 -0.35516341376859245 6.3328912197032254 0.60652581883104162
leaf_weight=23.602377504110336 29.734890267252922 28.032796606421471 33.920219585299492 28.451682224869728 28.747084140777588 21.374629691243172 408.06318433582783 127.69496056437492 60.068828821182251 383.50065566599369 83.622081011533737 74.948847487568855 141.0171405673027 116.37094354629517 230.30735878646374 95.842943996191025 157.03768239915371 55.211747348308563 89.578927591443062 19.909189373254776 26.703407093882561 224.61493258178234 98.678058341145515 1441.1718987524509 400.22847673296928 66.391741022467613 43.413340792059898 85.21163846552372 44.257592648267746 124.33408646285534
leaf_count=40 56 60 74 61 50 46 824 281 110 692 179 155 212 240 453 217 359 96 200 45 61 560 200 2692 948 132 100 166 122 288
internal_value=-0.000583765 -0.000769433 -0.000921753 -0.000743032 -0.000582091 -0.00241968 0.00167499 0.00343223 0.00609108 0.00753331 0.0116728 -0.00227503 0.0131242 0.0217752 0.00219638 0.00622588 0.00763113 0.0177914 0.00109112 0.0073908 -0.00504997 -0.0027582 0.000806939 -0.00540822 -0.00361714 0.00671958 -0.00180263 -0.00915532 0.0131893 0.00858215
internal_weight=4792.04 4762.31 4738.71 4704.79 4676.33 2577.71 2098.62 1663.86 1135.06 1075 691.495 528.794 662.748 257.388 401.099 326.15 405.36 158.743 246.617 103.531 434.767 2549.68 1087.13 1462.55 624.843 462.286 195.017 151.603 267.27 223.012
internal_count=9719 9663 9623 9549 9488 5314 4174 3289 2183 2073 1381 1106 1331 452 825 670 879 320 559 224 885 5254 2516 2738 1508 1008 398 298 610 488
cat_boundaries=0 1 2 3
cat_threshold=742403 2048009 9520
is_linear=0
shrinkage=0.05


Tree=123
num_leaves=31
num_cat=3
split_feature=28 42 19 73 15 76 8 102 49 53 45 76 61 98 53 87 73 17 72 82 102 71 65 76 26 31 59 104 65 98
split_gain=11.6966 8.89997 14.8198 23.7017 13.6255 12.2316 11.3703 10.5643 12.9648 12.4755 9.55158 10.1568 9.38754 10.5999 10.0604 10.0938 9.13351 10.8053 12.4353 12.0486 10.8556 12.9202 9.85425 13.4445 11.625 11.396 9.02047 8.60906 8.55314 10.29
threshold=229.27000000000004 2465.0000000000005 257.50000000000006 1592.6000000000001 0.14642857142857144 4021.8950000000004 7.0000000000000009 0.19523809523809524 0.55001197984910177 -31.931721853536299 -345.32499999999987 3662.9900000000002 0 2461.9047619047619 -31.142677633873621 0.8953947116927542 2986.5500000000006 0.31829779527686536 63.445000000000007 2619.7250000000008 0.097619047619047619 103.84500000000001 1 3405.9900000000002 77.860000000000014 2955.0000000000005 0.0084100833679442519 0.99693498356511656 2 4302.7210884353753
decision_type=2 2 2 2 2 2 2 2 2 2 2 2 1 2 2 2 2 2 2 2 2 2 9 2 2 2 2 2 9 2
left_child=1 5 16 -4 -5 7 28 8 12 -10 -9 -12 14 -14 -1 -16 22 18 20 26 21 -18 -3 24 -24 -26 -20 -25 29 -6
right_child=-2 2 3 4 6 -7 -8 10 9 -11 11 -13 13 -15 15 -17 17 -19 19 -21 -22 -23 23 27 25 -27 -28 -29 -30 -31
leaf_value=1.5110656662280146 -0.12852497072839189 -0.12677654767387311 -1.187743446837392 0.28741248489342963 0.19927732764911213 0.60499482657642023 -0.68040268543315108 -0.6104017124706701 -0.14310095812464993 0.26000654481921404 -0.0025966378170188876 -0.24961311626832983 -0.033191073347090594 0.28630583649583824 -0.028417286831331268 0.21734985280444619 0.25678612018008951 -0.39007022717350426 0.17042329586754479 -1.0646024288680522 0.48991789469696984 -0.54293685005502046 1.0695913505670294 1.6028469673099739 -0.59834520855218898 0.070251256516408497 -0.036861871349431044 -0.0057114066464791337 -0.080570799669370252 -0.16136106800403099
leaf_weight=48.275886073708534 61.768624290823936 91.16786552965641 49.548050701618195 114.7156123816967 228.73464559018612 74.160032019019127 41.963911086320877 85.016899168491364 32.394488751888275 158.64457388222218 918.06903700530529 33.714698225259781 675.65040518343449 58.030258074402809 176.43510688841343 140.89386731386185 32.9916140884161 156.33823104202747 71.9353366792202 20.33290159702301 63.613322824239731 25.523645833134651 43.491281598806381 98.718919083476067 45.075027987360954 60.580918878316879 131.97702600061893 22.911640465259552 916.40731017291546 66.665195792913437
leaf_count=105 107 218 139 232 493 131 78 164 58 227 1735 51 1345 124 287 246 95 367 146 41 161 59 109 206 107 140 274 55 2003 141
internal_value=-0.000923 -0.000637948 -0.00287335 -0.00601926 -0.00478925 0.00148705 -0.00629838 0.000850013 0.00386981 0.0158924 -0.00290821 -0.00147389 0.00178047 -0.00148122 0.0083259 0.00509084 0.00228594 -0.00207449 0.00285031 -0.00414122 0.0156878 0.000144977 0.0083422 0.0128536 0.00326706 -0.00568892 -0.000481448 0.0256656 -0.00541231 0.00202923
internal_weight=4745.75 4683.98 2282.69 1418.03 1368.49 2401.29 1253.77 2327.13 1290.32 191.039 1036.8 951.784 1099.29 733.681 365.605 317.329 864.658 502.712 346.374 224.245 122.129 58.5153 361.946 270.778 149.147 105.656 203.912 121.631 1211.81 295.4
internal_count=9644 9537 5064 3086 2947 4473 2715 4342 2392 285 1950 1786 2107 1469 638 533 1978 1143 776 461 315 154 835 617 356 247 420 261 2637 634
cat_boundaries=0 1 2 3
cat_threshold=2 1187096 1077250
is_linear=0
shrinkage=0.05


Tree=124
num_leaves=31
num_cat=3
split_feature=101 65 17 45 31 103 22 89 27 89 71 19 5 42 33 18 79 46 35 6 65 29 34 52 5 59 52 28 44 65
split_gain=7.18055 14.4407 13.4518 12.9988 13.1718 10.4432 14.563 13.3302 9.80915 9.37951 9.107 9.66119 9.08738 16.9278 13.0896 16.6674 12.1827 12.0716 14.4645 15.9215 13.9114 14.358 13.7405 13.5254 11.5991 11.2109 10.7525 11.5545 10.1027 13.8173
threshold=0.45593465094567676 0 0.42495074455541054 -302.80999999999989 3635.0000000000005 0.43928571428571433 6030.7029478458053 0.074350469872857858 40.070000000000007 0.62838827838827849 15.660000000000002 246.00000000000009 0.23669467787114842 1765.0000000000002 1825.0000000000002 0.59564541680182759 1.0000000180025095e-35 0.81471019485820761 2635.0000000000005 11.000000000000002 1 52.850000000000016 2015.0000000000002 1.066995464852653 0.054093567251461951 0.025606660348765551 126.47234693877569 122.94500000000001 24.724999999999913 2
decision_type=2 9 2 2 2 2 2 2 2 2 2 2 2 2 2 2 2 2 2 2 9 2 2 2 2 2 2 2 2 9
left_child=1 9 3 -3 5 6 7 -5 -8 -1 -9 -12 14 16 15 17 26 25 19 22 24 -22 23 -19 -20 -2 27 -14 29 -15
right_child=12 2 -4 4 -6 -7 8 10 -10 -11 11 -13 13 28 -16 -17 -18 18 20 -21 21 -23 -24 -25 -26 -27 -28 -29 -30 -31
leaf_value=0.3333038856074152 -0.078867306152955063 -0.5751699252632676 0.10026785629517009 0.27847213273948146 -0.13842765228931184 -0.8151369188584634 0.96810558803035462 -0.64838318038555309 0.01674894161445728 -0.025699052361438393 1.045441094331983 -0.24558413799836531 0.41777245859379947 0.045774548453215408 1.0407043343620146 -0.99295783994122544 4.0908662445561275 0.69360663759866559 -0.7495801563335811 0.67181624953201369 -0.017654998675229194 -0.42932289976429844 -0.89306335833475714 0.0011781276156707322 0.60989913409898622 -0.68984016731251929 1.6258763704625723 -0.62135760745836288 -0.037584843946453367 -0.042395221179724989
leaf_weight=211.58289527893066 321.01932238042355 99.108214929699898 41.495663225650787 101.01895412802696 117.67050029337406 22.347120016813278 68.623939961194992 43.20489989221096 40.778783947229385 52.061108469963074 30.454887092113495 24.212026104331017 38.245882704854012 612.75366312265396 24.886649131774902 75.145516887307167 37.236615657806396 34.179794073104858 18.587326779961586 49.039349094033241 76.310774818062782 103.72379416227341 42.536052644252777 464.11332641541958 34.815241560339928 119.86294569075108 35.705356359481812 23.446808010339737 1423.1187066137791 351.94368880987167
leaf_count=444 575 210 64 228 278 47 138 84 65 84 84 49 91 1250 57 144 106 44 44 91 182 211 102 720 76 236 71 43 3174 640
internal_value=-0.00122261 0.00293288 -0.00149233 -0.0035982 2.44546e-05 0.00513725 0.00752966 -0.000530047 0.022182 0.0124038 -0.0136809 -0.000121724 -0.00213413 -0.000356133 -0.00542166 -0.00608928 0.0168935 -0.00472939 -0.00115397 0.00301519 -0.011689 -0.0177735 0.000541609 0.00287011 0.0102352 -0.0114061 0.00759375 -0.00504489 -0.00132874 0.00262141
internal_weight=4739.23 852.559 588.915 547.419 448.311 330.641 308.293 198.891 109.403 263.644 97.8718 54.6669 3886.67 2522.45 1364.22 1339.33 134.635 1264.19 823.306 589.869 233.437 180.035 540.829 498.293 53.4026 440.882 97.398 61.6927 2387.82 964.697
internal_count=9632 1775 1247 1183 973 695 648 445 203 528 217 133 7857 5375 2482 2425 311 2281 1470 957 513 393 866 764 120 811 205 134 5064 1890
cat_boundaries=0 1 2 3
cat_threshold=275498 97344 676169
is_linear=0
shrinkage=0.05


Tree=125
num_leaves=31
num_cat=2
split_feature=17 4 33 29 72 65 82 104 32 29 24 72 65 77 32 52 98 19 53 52 27 33 18 52 4 22 24 72 49 46
split_gain=8.62983 9.4742 15.639 12.6085 15.5304 12.7341 15.5607 12.6282 15.476 13.036 11.8855 11.3958 11.8961 12.1319 10.456 12.8894 10.4053 10.3338 10.1422 13.8001 9.6085 10.1753 9.47631 10.2182 9.47053 9.45541 14.0045 9.37888 8.78012 10.0267
threshold=0.2700861957865115 2.5000000000000004 2440.0000000000005 203.57000000000002 218.10500000000005 0 1787.7630000000001 0.84206362399758217 1565.0000000000002 118.66000000000004 145.13000000000002 9.4200000000000017 1 0.76542356325868022 2065.0000000000005 126.47234693877569 1933.1065759637193 592.00000000000023 -26.846229447453457 240.55113378684794 6.7600000000000007 69.999999999999901 0.27209944751381215 317.07376417233564 16.500000000000004 7920.0000000000009 189.10500000000005 36.445000000000007 0.4964837424153683 0.8909392548630849
decision_type=2 2 2 2 2 9 2 2 2 2 2 2 9 2 2 2 2 2 2 2 2 2 2 2 2 2 2 2 2 2
left_child=24 2 3 4 5 6 -2 10 9 20 -7 -5 13 -13 15 -3 18 22 19 -10 -9 -22 -18 -24 -1 -16 -27 -15 -12 -30
right_child=1 14 -4 11 -6 7 -8 8 16 -11 28 12 -14 27 25 -17 17 -19 -20 -21 21 -23 23 -25 -26 26 -28 -29 29 -31
leaf_value=-0.021674191538583899 -0.84971745669038379 -0.098977419742554681 1.7574833379887949 -0.46504179947794633 -1.43511761565874 0.2303215082710949 -0.018760666492612189 -0.34291121662865298 0.3090773454360573 1.2296858260747781 -0.21365366298215635 -0.51138060066735336 0.18631942936667692 0.10906158571533774 0.0048402140858897274 1.4920851939808075 -0.57345088373014053 -0.47450439287713381 -2.3946678831279384 -0.31606921150450629 0.015785310665772125 0.44077909835650042 0.15573523537827472 -0.064413829951078277 -0.44820122869542589 2.0680680862013929 0.036798254766249275 -0.010410099302387722 -0.014409705499381432 0.46295598748011424
leaf_weight=789.68291848897934 109.114586815238 33.517463892698288 24.255806043744087 65.835939139127731 23.206676721572876 50.765963301062584 128.9289028942585 31.718263894319534 56.808502569794655 29.145421236753464 514.25364378094673 48.869145035743713 258.27122721076012 30.096530705690384 1469.2341745048761 40.397575721144676 30.725800335407257 43.233373790979385 23.714570701122284 54.568196415901184 33.062790483236313 33.316811561584473 319.19806683063507 57.977809429168701 76.316231787204742 74.40139564871788 127.44699707627296 72.446428269147873 139.50777997076511 34.347653210163116
leaf_count=1700 234 78 59 105 64 106 241 47 116 41 1007 77 404 42 3252 121 60 88 45 93 43 46 583 87 160 179 311 106 228 47
internal_value=-0.000769423 0.000219703 -0.00195227 -0.00239467 -0.0043936 -0.00383587 -0.0143141 -0.00200609 0.00272475 0.0185309 -0.00660141 0.00480872 0.0079116 -0.00339527 0.00297465 0.0213776 -0.00070606 0.00293917 -0.0128792 -0.00655755 0.00980767 0.0206246 0.00540281 0.00757798 -0.00529059 0.00216065 0.0123078 0.00615103 -0.00832388 0.00138985
internal_weight=4824.37 3958.37 2213.37 2189.11 1713.59 1690.39 238.043 1452.34 713.47 127.243 738.875 475.519 409.683 151.412 1745 73.915 586.226 451.135 135.091 111.377 98.0979 66.3796 407.902 377.176 865.999 1671.08 201.848 102.543 688.109 173.855
internal_count=9770 7910 3969 3910 3176 3112 475 2637 1249 177 1388 734 629 225 3941 199 1072 818 254 209 136 89 730 670 1860 3742 490 148 1282 275
cat_boundaries=0 1 2
cat_threshold=1050664 674176
is_linear=0
shrinkage=0.05


Tree=126
num_leaves=31
num_cat=1
split_feature=17 39 101 59 16 17 30 42 90 3 42 42 27 26 58 36 77 59 59 17 35 73 23 58 52 29 4 39 32 54
split_gain=9.64429 9.78454 12.0455 12.7031 11.9101 11.2201 11.3789 10.0358 9.45683 9.46727 9.36923 8.8833 8.82249 10.8243 14.6682 10.1545 10.03 10.2362 9.98389 8.79572 9.61981 11.4211 27.7449 14.3413 12.7454 11.7242 10.8234 15.0703 11.575 10.7821
threshold=0.2700861957865115 3375.0000000000005 0.11469362928602037 0.042848933313881059 0.57738095238095244 0.33382280782193924 0.5430308795275719 1055.0000000000002 0.12792207792207788 0 3845.0000000000005 2495.0000000000005 89.065000000000012 136.77000000000001 0.086455350764681457 270.00000000000017 0.65792325352566394 0.022015365192932804 0.0070591721602333004 0.29964412579984828 2155.0000000000005 1226.7650000000001 1546.6400000000001 0.017792022252520603 1.0091609977324654 213.24500000000003 2.5000000000000004 3155.0000000000005 2385.0000000000005 -25.942933784439713
decision_type=2 2 2 2 2 2 2 2 2 9 2 2 2 2 2 2 2 2 2 2 2 2 2 2 2 2 2 2 2 2
left_child=8 7 -3 4 12 6 -6 -2 9 10 11 -1 16 -14 15 -15 -4 18 -18 -9 21 22 23 -21 -25 -24 -22 28 -28 -29
right_child=1 2 3 -5 5 -7 -8 19 -10 -11 -12 -13 13 14 -16 -17 17 -19 -20 20 26 -23 25 24 -26 -27 27 29 -30 -31
leaf_value=-0.043059599859272171 -0.32576565579722044 2.2435306274366371 -0.35390978243871313 0.4199874582754074 0.50248892473971096 0.50349396410830249 -1.0280300766729511 0.068600519941416846 0.1888058175581436 -0.023136374023196283 -0.0025352274916272677 -1.6006834348207519 1.9716758340694698 0.739691880916999 -0.42452235834307078 -0.002445141280719554 0.055181689551439206 0.11475481430342249 -0.15734020167533133 0.38382331508942968 -0.28598210552546277 0.21701354269043832 -2.7912465902029724 0.50878247098193319 -0.0081967502334467923 0.11898559912233708 -0.15601239916167631 -0.48948717880797976 0.010748127303857304 0.08518394670501267
leaf_weight=22.855683863162994 30.184345752000809 26.104938238859177 85.930088877677917 47.771824195981026 29.691006928682327 60.841501295566559 33.438224583864212 617.33657202124596 109.7217471152544 627.3095631301403 44.748736396431923 54.175489589571953 29.302714556455612 86.495038762688637 18.883632645010948 131.89037723839283 82.786875739693642 65.621338993310928 173.19509372115135 42.312427192926407 446.56580406427383 325.72967727482319 112.00661632418633 34.421577632427216 480.57846191525459 17.81214103102684 58.796062007546425 43.831072479486465 795.62361973524094 20.511366829276085
leaf_count=38 42 48 169 94 57 82 69 1224 297 1276 110 126 76 197 45 330 151 118 306 59 943 670 267 45 740 28 141 95 1778 46
internal_value=-0.000375449 0.000681391 0.00534804 0.00431564 0.00281649 0.0170598 0.00229273 -0.00066345 -0.00517185 -0.0071799 -0.0194489 -0.0316163 0.000197095 0.00726965 0.00372889 0.00738458 -0.00442913 -0.000374496 -0.00489095 -0.00037439 -0.0017548 0.00193731 -0.00171829 0.00313081 0.000831778 -0.0225355 -0.00449376 -0.0013901 0.000367191 -0.0247256
internal_weight=4756.47 3897.66 871.953 845.848 798.076 123.971 63.1292 3025.71 858.811 749.089 121.78 77.0312 674.105 266.572 237.269 218.385 407.533 321.603 255.982 2995.53 2378.19 1012.86 687.131 557.312 515 129.819 1365.33 918.762 854.42 64.3424
internal_count=9667 7820 1742 1694 1600 208 126 6078 1847 1550 274 164 1392 648 572 527 744 575 457 6036 4812 1809 1139 844 785 295 3003 2060 1919 141
cat_boundaries=0 1
cat_threshold=66
is_linear=0
shrinkage=0.05


Tree=127
num_leaves=31
num_cat=0
split_feature=77 38 95 26 59 37 54 38 74 58 77 43 5 54 58 42 97 50 29 13 75 42 5 22 43 5 18 26 25 31
split_gain=7.55574 9.71028 8.98777 9.25614 6.18287 5.97642 6.1767 9.68134 6.94585 7.52121 6.62944 9.02586 19.0311 10.5098 9.64509 8.2637 14.1372 15.4825 12.2884 10.1507 9.58872 10.2201 14.2911 10.5173 9.28421 12.1208 9.64408 9.24657 13.2406 18.8834
threshold=0.55997199860130664 4085.0000000000005 4520.7750000000005 115.05500000000002 0.0122786163250085 895.00000000000011 -20.769832864696181 6365.0000000000009 2466.2250000000004 0.034321379067977907 0.61369276232326297 -168.66499999999994 0.68301435406698574 -28.218046896260034 0.033177585880266008 3655.0000000000005 3888.6621315192747 -0.16631942679303871 94.005000000000024 0.73205741626794263 2535.6200000000003 4085.0000000000005 0.36181818181818187 6870.9750566893426 -86.92499999999994 0.72902097902097907 0.65432383454688614 160.73000000000005 3021.3250000000003 2265.0000000000005
decision_type=2 2 2 2 2 2 2 2 2 2 2 2 2 2 2 2 2 2 2 2 2 2 2 2 2 2 2 2 2 2
left_child=1 4 3 -3 -1 -2 10 8 9 -8 -7 12 13 -12 -14 24 18 -18 -17 -20 -19 22 -22 -24 -13 26 -26 28 29 -27
right_child=5 2 -4 -5 -6 6 7 -9 -10 -11 11 15 14 -15 -16 16 17 20 19 -21 21 -23 23 -25 25 27 -28 -29 -30 -31
leaf_value=2.5580945444368339 -1.3532141345239843 -0.61440057985105989 0.016350419616988375 -0.069551070861780459 -0.10222065030386035 0.099705058759265747 3.1715250710500218 0.16602190154957983 -0.62540334409175247 -0.3945913826476698 -1.1662162808145795 0.054462362641180567 0.12151870158200834 0.21104348037208923 -0.17942116882662448 -0.51778365282201688 -0.27832435349513956 -0.59222001279781444 -0.17577458428472995 0.83457370387255814 -0.50372581743077383 -0.0047128960121263219 0.0094376901498577585 2.5105544920940916 -0.0011888141304147838 0.052737943042713203 -0.8481557485155975 -0.065348441329132353 3.542390072575031 -0.28299018532174713
leaf_weight=18.546085774898529 40.947008609771729 52.982350200414658 28.726295113563538 81.22535303235054 27.479653403162956 353.6899029314518 21.978912800550461 35.56789955496788 69.840402141213417 17.501453161239624 66.700024157762527 509.31950394809246 43.678309217095375 24.343814581632614 54.445186644792557 129.82948186993599 38.439672142267227 27.014385640621185 54.004234328866005 33.919161111116409 25.497773259878159 347.96205867826939 41.064215824007988 73.166851565241814 2269.1817063689232 67.329527273774147 41.506584361195564 78.981761798262596 46.798619568347931 37.924216002225876
leaf_count=56 96 128 64 163 65 804 48 69 154 40 122 1019 96 47 110 283 90 79 138 72 70 766 89 172 4193 178 81 178 114 70
internal_value=-0.000444399 -0.00974109 -0.0154697 -0.0209027 0.0105385 -1.75063e-05 0.000155154 -0.0100012 -0.0173735 -0.000610755 0.000492294 -8.63423e-05 -0.0107474 -0.0272116 0.00452886 0.000441329 -0.00418398 6.4329e-05 -0.0149757 -0.00054226 0.00235036 0.00395655 0.0153787 0.0229334 0.00160999 0.000375327 -0.000716461 0.0112948 0.0185041 0.00866564
internal_weight=4759.59 208.96 162.934 134.208 46.0257 4550.63 4509.69 144.889 109.321 39.4804 4364.8 4011.11 189.167 91.0438 98.1235 3821.94 770.898 553.145 217.753 87.9234 514.705 487.691 139.729 114.231 3051.04 2541.72 2310.69 231.034 152.052 105.254
internal_count=9654 476 355 291 121 9178 9082 311 242 88 8771 7967 375 169 206 7592 1759 1266 493 210 1176 1097 331 261 5833 4814 4274 540 362 248
is_linear=0
shrinkage=0.05


Tree=128
num_leaves=31
num_cat=0
split_feature=4 18 92 33 73 33 101 48 17 26 28 31 38 32 89 77 49 46 43 44 94 23 22 101 47 26 94 94 29 29
split_gain=8.82328 8.91145 7.31009 7.0641 11.1774 8.15715 11.8152 10.9001 12.8651 11.5085 11.3419 13.3766 11.3554 16.2775 11.6764 11.288 11.2097 10.8996 10.7738 10.4805 9.88959 10.6789 10.7637 15.6026 11.7348 11.1141 10.191 11.5481 10.7207 12.1742
threshold=19.500000000000004 0.42857276351408663 0.055175038051750357 2235.0000000000005 2779.1100000000001 190.00000000000014 0.20447715298725475 0.97414018021185023 0.39728951389459205 115.05500000000002 161.39000000000001 1135.0000000000002 3555.0000000000005 1575.0000000000002 0.76533166458072599 0.55694804805379594 0.64899884801129704 0.80314205151866525 -112.09500000000001 141.86000000000016 1055.7868480725626 1352.4050000000002 5827.5963718820867 0.88984753231451708 0.027808951064163406 33.140000000000008 2896.4450113378689 2436.5665532879825 84.200000000000017 107.52000000000002
decision_type=2 2 2 2 2 2 2 2 2 2 2 2 2 2 2 2 2 2 2 2 2 2 2 2 2 2 2 2 2 2
left_child=2 -2 3 5 -5 7 -7 9 10 -1 11 -9 13 -13 19 -14 -12 -18 -10 -15 -8 22 23 24 -22 -24 27 -23 -28 -30
right_child=1 -3 -4 4 -6 6 20 8 18 -11 16 12 15 14 -16 -17 17 -19 -20 -21 21 26 25 -25 -26 -27 28 -29 29 -31
leaf_value=-0.13132342436079228 -0.84844821620017408 0.13671503529921553 0.324997997846522 0.78776920086437063 -0.12022249383316962 0.80682691815498453 -0.21051396689535942 -0.24699400778160419 0.4246025355796807 0.063841448301182879 -0.083621716142523186 0.98751721235181122 -0.26208819757710489 0.024763567673057454 -0.33776471323837431 0.13254651753528204 -0.41164683033928001 0.3583029983938435 0.030836108809781139 -0.24906419591592055 0.13595548788063214 -0.019695479064832003 -1.1741306023858293 -0.060163329908468559 0.46738220008721143 2.7100988444787975 -0.046986648334069514 -0.26884067605565959 0.79284501867892987 0.048914326031407995
leaf_weight=368.79902219772339 36.370284631848335 16.719404101371765 23.592972576618195 52.075991779565811 16.426218196749687 29.52847708761692 88.574995145201683 87.290620893239975 67.999319285154343 145.59566561877728 464.85461297631264 43.236505806446075 27.954336822032928 135.38651981949806 62.871950402855873 540.35811285674572 28.212960600852966 49.129773795604706 199.56980381906033 20.606112837791443 81.685787469148636 768.62052240967751 50.268592327833176 66.354497700929642 87.743176728487015 21.721294581890106 451.58749337494373 221.5415646135807 47.917816027998924 471.85411165654659
leaf_count=831 78 41 43 123 38 61 134 127 124 335 1003 77 57 276 143 1043 54 70 316 37 111 1577 79 105 114 58 1061 448 83 1044
internal_value=-0.000287807 -0.0205577 -5.98806e-05 -0.000199307 0.0157395 -0.000435164 -0.00246905 0.00173075 0.00363324 -0.00465831 0.00178599 0.00517348 0.00713065 -0.00147894 -0.00701712 0.0111013 -0.00394757 0.0136778 0.0137122 0.000314727 -0.00286267 -0.00222293 0.00643609 0.0116028 0.019652 -0.0104861 -0.00358157 -0.00715116 5.71122e-05 0.00495328
internal_weight=4774.45 53.0897 4721.36 4697.77 68.5022 4629.26 2387.4 2241.87 1727.47 514.395 1459.9 917.704 830.414 262.101 218.865 568.312 542.197 77.3427 267.569 155.993 2357.87 2269.29 307.773 235.783 169.429 71.9899 1961.52 990.162 971.359 519.772
internal_count=9691 119 9572 9529 161 9368 4875 4493 3327 1166 2887 1760 1633 533 456 1100 1127 124 440 313 4814 4680 467 330 225 137 4213 2025 2188 1127
is_linear=0
shrinkage=0.05


Tree=129
num_leaves=31
num_cat=3
split_feature=49 85 32 33 5 39 34 73 39 27 65 46 101 38 33 18 102 102 35 75 65 74 49 38 18 106 65 49 85 71
split_gain=9.53932 21.8239 7.62409 12.2999 9.23543 11.8325 13.2872 12.8561 12.7622 13.544 11.7139 10.1396 9.64352 13.3746 9.41633 9.04089 9.4577 9.67309 17.3094 11.8578 12.1993 17.4837 10.4052 10.3629 10.1171 16.1011 11.5038 9.42914 11.1727 9.4011
threshold=0.86990209325360168 -29.566028009725951 5955.0000000000009 2170.0000000000005 0.48913043478260876 3375.0000000000005 4045.0000000000005 3856.7100000000005 2655.0000000000005 12.470000000000002 0 0.52536266397220921 0.6739411852929903 2625.0000000000005 1155.0000000000002 0.65432383454688614 0.60952380952380969 1.0000000180025095e-35 2635.0000000000005 2006.6600000000003 1 2507.5650000000005 0.55001197984910177 6385.0000000000009 0.30300187617260793 0.51000000000000012 2 -0.16717607223217404 -28.275322652747811 139.87000000000003
decision_type=2 2 2 2 2 2 2 2 2 2 9 2 2 2 2 2 2 2 2 2 9 2 2 2 2 2 9 2 2 2
left_child=2 -2 3 4 14 8 7 11 10 -10 -6 -7 13 -12 15 16 17 18 22 -20 21 -21 24 -23 25 -1 -26 28 -19 -28
right_child=1 -3 -4 -5 5 6 -8 -9 9 -11 12 -13 -14 -15 -16 -17 -18 27 19 20 -22 23 -24 -25 26 -27 29 -29 -30 -31
leaf_value=-0.95173078536540301 -0.19613697431824237 0.43849822085674578 -0.15492680505513406 1.5012377964125745 0.21865089718213115 -0.081714550662395885 -0.020856556291454355 -0.020935340662273916 0.050967745754255139 -0.21787206223093192 1.6373720746210865 0.84407187292453478 -0.015797857759390865 0.053496020095410081 -0.167009662344206 -0.9004373750556447 0.040232108752331901 -0.091214900756844491 -0.43501190547861274 7.4609609991348584 0.090794410176611967 -0.25994122696706085 0.35675369926621309 0.11359609946564292 -0.074270951523901382 0.46003367813499668 0.11006128824801352 -0.075545122058933961 0.89367930542167984 -1.3196504885253015
leaf_weight=52.23517681658268 42.051798135042191 75.936535894870758 94.909296438097954 49.237370908260345 181.58410201966763 28.794038698077202 101.0165957659483 55.814236253499985 174.34904724359512 311.20328432321548 31.825236216187477 199.33935175836086 706.76563832163811 206.99964003264904 52.812184721231461 39.060648053884506 372.62336491048336 31.995723396539688 61.100441813468933 26.570949122309685 153.94188925623894 188.44385235011578 84.649005815386772 26.70681394636631 134.37309041619301 38.810887262225151 394.00856517255306 788.90848504006863 32.82567834854126 31.953003138303757
leaf_count=100 94 112 199 126 398 72 235 123 362 665 102 449 1658 477 104 78 764 64 142 57 337 397 118 62 232 73 660 1336 48 64
internal_value=-0.000488746 0.0135514 -0.000844779 -0.000552718 -0.000824147 0.00171293 0.00958907 0.0151296 -0.000167139 -0.00694402 0.00275213 0.020392 0.000436113 0.00912701 -0.00284257 -0.00239378 -0.00200847 -0.00334248 -0.000434295 -0.00808022 -0.00491441 -0.0116426 0.0043106 -0.0168499 0.00216751 -0.0132912 0.00467932 -0.00740566 0.0109259 0.0085988
internal_weight=4770.85 117.988 4652.86 4557.95 4508.71 1997.69 384.964 283.948 1612.73 485.552 1127.17 228.133 945.591 238.825 2511.02 2458.21 2419.15 2046.52 1192.79 456.764 395.664 241.722 736.03 215.151 651.381 91.0461 560.335 853.73 64.8214 425.962
internal_count=9708 206 9502 9303 9177 4541 879 644 3662 1027 2635 521 2237 579 4636 4532 4454 3690 2242 995 853 516 1247 459 1129 173 956 1448 112 724
cat_boundaries=0 1 2 3
cat_threshold=71986 1835417 264464
is_linear=0
shrinkage=0.05


Tree=130
num_leaves=31
num_cat=2
split_feature=4 3 70 5 73 98 17 4 22 94 36 74 72 36 30 18 47 103 45 72 43 23 5 98 89 35 19 54 53 75
split_gain=11.0103 10.2997 16.0802 10.4648 9.82763 16.2707 9.74135 9.5362 8.57829 17.6516 16.2877 19.181 11.9945 13.4036 13.2981 12.1516 11.2216 10.9251 11.1319 10.3868 11.6204 10.2052 10.3024 11.8177 9.60596 10.2164 9.46017 9.04561 11.557 8.73456
threshold=8.5000000000000018 0 1 0.78019323671497598 4573.5900000000011 4033.3333333333335 0.3001609137012155 16.500000000000004 6030.7029478458053 3929.1665419501137 284.99999999999983 2476.7250000000004 157.29000000000002 154.9999999999998 0.93794657367779088 0.42301786424272342 0.42401075773660662 0.14642857142857144 -425.21499999999986 37.210000000000001 -176.04500000000004 1352.4050000000002 0.66025641025641035 3664.1723356009074 0.40138888888888896 4275.0000000000009 416.33333333333343 -23.244311725390176 -21.433870531488406 4481.9400000000014
decision_type=2 9 9 2 2 2 2 2 2 2 2 2 2 2 2 2 2 2 2 2 2 2 2 2 2 2 2 2 2 2
left_child=8 3 -3 7 5 -4 -5 -2 9 12 11 26 14 16 15 17 -14 18 -1 29 -21 -15 -23 -24 -13 -26 -10 28 -17 -12
right_child=1 2 4 6 -6 -7 -8 -9 10 -11 19 24 13 21 -16 27 -18 -19 -20 20 -22 22 23 -25 25 -27 -28 -29 -30 -31
leaf_value=-1.7060140153080896 -0.023964738621750803 -1.0907962576811918 -0.036086907108274606 -0.0094197220520683481 -1.1079452821758538 3.0618801768814161 1.464202577335749 -0.90397552218500332 1.3626295699301325 -2.2514767914608469 -0.10300409747391655 -0.0036659385659047975 0.25941231465090592 0.62629870266958398 -0.77190573447883826 0.038181711800281452 -0.044356805020818513 -0.39745255647307476 0.0016475472484430043 -0.28103401865720284 0.056127765696685122 -2.1334412362398441 0.00076944284005691093 -0.11122629259767172 0.51981871399202828 -0.14311046444290057 0.15018346610171049 0.27237498129826893 -0.47618818477870523 0.072337494393495669
leaf_weight=18.36666813492775 276.69656980037689 82.390455901622772 44.27586817741394 59.263873502612114 22.165244624018669 36.269885748624802 54.039957940578461 38.859876424074173 101.60132704675198 38.169424444437027 177.82052794098854 304.87851437926292 50.447464898228645 24.957706168293953 40.50483550131321 1157.9018295556307 103.28565569221973 172.94817186892033 954.24140429496765 24.210523635149002 487.8349767178297 78.044907748699188 78.296208396553993 53.291158825159073 110.17520126700401 27.901820093393326 45.358672291040421 35.394561216235161 22.676055371761322 31.43582957983017
leaf_count=37 539 163 80 134 48 83 124 84 224 103 358 682 119 56 99 2164 243 363 1905 50 936 204 194 121 229 63 95 75 39 74
internal_value=-0.000721842 -0.00697025 -0.0164818 -0.00242409 -0.00217131 0.00573065 0.0105539 -0.00716078 0.000204853 -0.00134482 0.00354778 0.00970983 -0.000882858 -0.00903598 0.00043521 0.000922438 0.00243909 -0.00277281 -0.000713772 -0.00149185 0.00234378 -0.0165559 -0.0201542 -0.0116178 0.00451669 0.0154578 0.0253626 0.00440369 0.00365699 -0.0108776
internal_weight=4753.71 613.962 185.101 428.86 102.711 80.5458 113.304 315.556 4139.74 2828.53 1311.22 589.916 2790.36 388.323 2402.03 2361.53 153.733 1145.56 972.608 721.302 512.046 234.59 209.632 131.587 442.956 138.077 146.96 1215.97 1180.58 209.256
internal_count=9688 1255 374 881 211 163 258 623 8433 5722 2711 1293 5619 937 4682 4583 362 2305 1942 1418 986 575 519 315 974 292 319 2278 2203 432
cat_boundaries=0 1 2
cat_threshold=3100 100
is_linear=0
shrinkage=0.05


Tree=131
num_leaves=31
num_cat=4
split_feature=31 8 25 53 69 70 8 23 65 38 104 94 8 7 4 39 74 44 55 69 53 73 77 37 75 76 82 39 44 99
split_gain=9.68342 16.877 13.2552 10.7133 10.8567 12.5869 12.7764 12.3044 16.1081 15.8222 10.6532 10.6817 9.72049 11.0208 9.1848 10.4098 9.17069 10.6783 9.43397 8.25368 7.90135 7.92868 7.83308 7.62143 7.59687 11.6354 7.20192 10.5027 8.04033 7.19209
threshold=3615.0000000000005 7.0000000000000009 3874.3000000000006 -32.275315531060329 0 1 3.5000000000000004 4407.880000000001 2 4425.0000000000009 0.7855066451957442 3857.2500000000005 3.5000000000000004 4.5000000000000009 5.5000000000000009 2645.0000000000005 4032.9650000000006 151.22000000000006 0.31467710371819962 3 -18.809011772087981 2491.5800000000004 0.63590713232994778 895.00000000000011 4645.505000000001 5134.79 1028.2095000000002 2635.0000000000005 147.47000000000006 78.281609977324266
decision_type=2 2 2 2 9 9 2 2 9 2 2 2 2 2 2 2 2 2 2 9 2 2 2 2 2 2 2 2 2 2
left_child=16 2 -2 -4 5 6 26 8 9 -6 -7 -12 13 -11 -8 -16 18 29 20 -20 23 -22 -10 -1 -9 -26 -5 -28 -29 -18
right_child=1 -3 3 4 7 10 14 24 22 12 11 -13 -14 -15 15 -17 17 -19 19 -21 21 -23 -24 -25 25 -27 27 28 -30 -31
leaf_value=-1.4759353517051375 -1.3205554993140014 -0.6723087789917408 -0.43082695624021422 0.33668543424010128 -0.26472304880694469 -0.1538953262352365 2.9834609351913808 -0.72079935206500212 0.37925413722234258 0.34914044895171231 -0.36752477682127138 0.12894343787233425 -0.12109039458155878 11.874313931968221 0.58349213506835584 -0.098922990136439015 0.24567909574286714 -0.18128128034809557 4.4004686986765069 -0.028951161086007461 -0.039652348787207359 -3.3652347631275505 -0.30306201459247578 -0.0012790741612590752 0.25082965373339478 -0.74465537838330398 -0.10056706823680416 0.092760111096160364 -0.3639676416385399 1.0587196153791709
leaf_weight=41.398177057504654 40.640016600489616 54.907610923051834 115.63963532447815 23.81237468123436 23.102616712450981 68.927214384078979 45.435482561588287 37.664320752024651 17.904229626059532 24.703421279788017 41.918498694896698 117.13004118204117 20.801214814186096 47.844234645366669 36.234814077615738 40.22045587003231 114.44306868314743 23.129105925559998 36.299526184797287 48.623500660061836 37.405001312494278 21.197755008935928 97.702366054058075 3321.2952512204647 37.420399725437164 44.757455885410309 40.825952380895615 87.482417792081833 19.719724655151367 28.344933480024338
leaf_count=95 92 106 334 51 44 179 96 77 43 56 107 253 46 137 58 82 230 45 121 138 72 45 242 6407 76 120 68 176 42 53
internal_value=-0.00105412 -0.00520468 -0.00376467 -0.00261495 -0.00072184 0.00384194 0.0105489 -0.0073871 -0.000878147 0.0117913 -0.00487972 0.00202159 0.0219725 0.0306121 0.0232896 0.012709 0.000172009 0.0116585 -0.000371538 0.0160904 -0.000780154 -0.0189818 -0.013493 -0.000462949 -0.0206072 -0.0120846 0.00212552 -0.00197993 0.00623899 0.0167636
internal_weight=4756.93 1084.79 1029.89 989.247 873.607 521.707 293.731 351.9 232.058 116.451 227.976 159.049 93.3489 72.5477 121.891 76.4553 3672.14 165.917 3506.22 84.923 3421.3 58.6028 115.607 3362.69 119.842 82.1779 171.84 148.028 107.202 142.788
internal_count=9691 2485 2379 2287 1953 1112 573 841 568 283 539 360 239 193 236 140 7206 328 6878 259 6619 117 285 6502 273 196 337 286 218 283
cat_boundaries=0 1 2 3 4
cat_threshold=100 5 1128640 8
is_linear=0
shrinkage=0.05


Tree=132
num_leaves=31
num_cat=0
split_feature=23 89 24 49 49 73 71 42 5 49 76 72 52 5 32 5 31 48 38 32 14 14 50 24 54 35 45 7 36 14
split_gain=9.52414 10.0765 11.1737 9.84576 10.703 8.78115 14.204 14.1223 14.0328 19.5868 21.122 11.3853 10.2489 8.91737 15.4181 15.2099 16.7568 15.0078 14.3821 12.6098 12.145 10.6726 10.5352 10.2993 10.0355 9.32042 9.47998 13.2648 12.8868 13.6431
threshold=1527.2500000000002 0.064725596983661468 226.18000000000004 -0.025518017140972446 0.52232440843012351 1207.1900000000003 0.56000000000000016 1845.0000000000002 0.27888888888888896 0.64013120360908926 2443.0950000000007 157.29000000000002 11.317845804988567 0.13188405797101446 2775.0000000000005 0.48913043478260876 5185.0000000000009 0.69607928815935416 2595.0000000000005 2155.0000000000005 0.17424242424242423 0.11555555555555556 -0.25411668816801464 152.27000000000001 -20.769832864696181 1895.0000000000002 24.544999999999963 1.0000000180025095e-35 484.99999999999983 0.23268398268398263
decision_type=2 2 2 2 2 2 2 2 2 2 2 2 2 2 2 2 2 2 2 2 2 2 2 2 2 2 2 2 2 2
left_child=1 -1 3 -3 -5 8 -7 11 9 10 -2 12 -8 14 -9 16 17 -15 -19 -20 -16 -21 -17 -23 25 -24 28 -28 -27 -30
right_child=5 2 -4 4 -6 6 7 13 -10 -11 -12 -13 -14 15 20 22 -18 18 19 21 -22 23 24 -25 -26 26 27 -29 29 -31
leaf_value=0.17269440896129781 -2.4244186944999173 0.24423306733560113 0.25882018594141842 -0.11859846329810253 0.030736890945256334 0.22628807873520673 -0.022567442431157759 1.9787465725138018 0.53573735596408056 0.028588961787179557 -0.056421882754543164 -0.85954751865982082 2.2708505504497509 -1.5110002126478435 2.5939649749220366 -0.17684754151077692 0.64449822904321152 -0.73166640872400501 0.17723953051762217 -0.37068663597518603 -0.25372998119209245 0.14798970041240356 -0.89812511978481246 -0.063970357716372925 -0.38664194203092567 0.023989733048797035 1.909627935317612 0.064082614119011796 -0.017705175637209438 -0.23572646740785075
leaf_weight=316.93967418372631 112.35201223194599 65.929260477423668 121.01110592484474 260.39280720055103 109.30453857779503 169.31102494895458 23.437977015972137 38.188793167471886 64.515367224812508 135.67918983101845 313.11494241654873 22.259169727563858 52.809160009026527 45.194927394390106 40.040248110890388 100.23300106823444 51.35884265601635 52.794699475169182 90.093506008386612 246.0232570618391 58.855792105197906 62.773812651634216 15.179842427372931 321.25743223726749 91.105794176459312 1006.7596480846405 44.033169522881508 318.49858428537846 374.15570025146008 37.400868982076645
leaf_count=527 265 107 204 398 153 347 51 89 111 217 610 55 123 119 103 206 88 81 127 541 128 143 27 618 207 2343 90 683 832 63
internal_value=-0.000457033 0.00426049 0.000208423 -0.00352526 -0.0066996 -0.00151715 -0.000476371 -0.00124841 -0.00694304 -0.00948206 -0.0147572 0.0173793 0.0265638 -0.0018613 0.0105958 -0.00245904 -0.00797466 -0.00971377 -0.00807625 -0.00622957 0.000175756 -0.00873147 -4.58955e-05 -0.00352287 0.000793093 0.0016143 0.00194685 0.00916247 0.000102484 -0.00735177
internal_weight=4761 873.577 556.638 435.627 369.697 3887.43 3261.77 3092.45 625.662 561.146 425.467 98.5063 76.2471 2993.95 137.085 2856.86 869.496 818.138 772.943 720.148 98.896 630.055 1987.37 384.031 1887.13 1796.03 1780.85 362.532 1418.32 411.557
internal_count=9656 1389 862 658 551 8267 7064 6717 1203 1092 875 229 174 6488 320 6168 1717 1629 1510 1429 231 1302 4451 761 4245 4038 4011 773 3238 895
is_linear=0
shrinkage=0.05


Tree=133
num_leaves=31
num_cat=3
split_feature=17 69 72 65 49 72 37 65 42 7 37 49 75 49 33 74 29 74 75 104 37 38 39 38 28 44 97 52 39 68
split_gain=11.3291 17.9209 14.1148 14.276 12.4763 11.8508 10.8181 9.80082 17.3861 16.2157 18.1967 11.9437 11.7495 10.2962 9.63991 9.70705 9.22296 14.2782 15.3479 9.57496 11.9855 9.18824 9.11737 18.8154 12.114 11.9809 9.08144 8.74935 8.63492 8.56089
threshold=0.39899860644440438 0 64.565000000000012 1 -0.028255597536073096 177.28500000000003 1025.0000000000002 2 2885.0000000000005 10.500000000000002 2025.0000000000002 0.027499122749928651 2371.4750000000008 -0.073086956678019691 510.00000000000017 3657.2500000000005 130.09999999999999 1289.6000000000001 1929.8400000000004 0.88223301545456734 1035.0000000000002 4675.0000000000009 3725.0000000000005 5895.0000000000009 189.05500000000004 90.199999999999832 2486.848072562359 289.64111111111112 3215.0000000000005 1.0000000180025095e-35
decision_type=2 9 2 9 2 2 2 9 2 2 2 2 2 2 2 2 2 2 2 2 2 2 2 2 2 2 2 2 2 2
left_child=7 4 16 27 -2 29 -5 8 9 10 12 14 21 -9 15 -10 17 -3 -19 20 -18 -1 -15 24 25 -24 -25 -4 -17 -6
right_child=1 2 3 6 5 -7 -8 13 11 -11 -12 -13 -14 22 -16 28 19 18 -20 -21 -22 -23 23 26 -26 -27 -28 -29 -30 -31
leaf_value=0.23885720652367415 -1.5454178080462306 0.18719817621766649 0.15071380420392871 -1.1670031168134281 0.10924171326135249 -1.4273446668240297 -0.085045542826831882 0.035939187915229813 -1.0475193184289098 8.2437359467382691 -0.75978847015368656 0.067955006828677528 2.0622520279939751 -0.043185777876890798 0.24898065167771791 0.23331317107363106 -0.10043976564657076 -0.30889347302687542 0.094215362334659505 0.62477471203126067 0.44294349373879283 -0.1454232500530182 0.68448032570019279 0.025992856468585759 -0.4990233899703917 -0.42403042358921539 -0.093255198532986527 -0.15959892595587066 -0.57900993902866849 -0.56016912177021472
leaf_weight=176.5855674892664 34.727329328656197 108.1211501955986 152.2671257853508 31.043386250734329 90.971400067210197 32.67436857521534 157.74784119427204 335.01510514318943 93.226676717400551 27.088895618915558 29.38182407617569 166.64779701828957 37.861039578914642 2478.0485767424107 72.588546052575111 61.50521981716156 34.287178367376328 24.3557009100914 27.198742166161537 50.307352334260941 53.838106721639633 24.012163162231445 114.58803725242615 69.248610407114029 22.83658754825592 21.710452780127525 174.89330278337002 23.482099965214729 30.683758154511452 32.531013518571854
leaf_count=373 70 203 329 58 188 70 356 658 219 86 53 338 103 4961 157 175 50 35 58 70 70 45 236 113 44 54 366 41 73 70
internal_value=-0.00131649 0.00390544 0.00774288 0.0012607 -0.00933151 -0.00379289 -0.00812133 -0.00244894 0.00280971 0.0121746 0.0084461 -0.00362824 0.0130208 -0.00362291 -0.0103674 -0.0164146 0.0159293 0.00774056 -0.013912 0.0253747 0.0154393 0.00819901 -0.00459881 0.00237326 0.0157504 0.0213972 -0.00634615 0.0111657 -0.00491005 0.00329148
internal_weight=4789.47 853.553 662.649 364.54 190.904 156.177 188.791 3935.92 719.581 294.929 267.841 424.652 238.459 3216.34 258.004 185.416 298.108 159.676 51.5544 138.433 88.1253 200.598 2881.33 403.277 159.135 136.298 244.142 175.749 92.189 123.502
internal_count=9722 1668 1270 784 398 328 414 8054 1622 660 574 962 521 6432 624 467 486 296 93 190 120 418 5774 813 334 290 479 370 248 258
cat_boundaries=0 1 2 3
cat_threshold=24 536963 217152
is_linear=0
shrinkage=0.05


Tree=134
num_leaves=31
num_cat=4
split_feature=77 77 71 65 8 33 33 25 4 31 72 65 15 44 61 96 32 25 72 27 13 28 70 14 52 32 32 44 74 89
split_gain=9.51388 9.36782 22.9091 12.2336 15.2089 13.869 12.2843 11.7951 9.91235 20.4392 16.2271 13.9531 10.7336 14.4801 19.1394 12.612 10.8951 10.2121 10.0726 9.36398 9.2919 13.2798 10.6282 11.7657 11.6371 10.8743 10.4039 10.3522 10.5605 17.1874
threshold=0.55694804805379594 0.83650660464696236 133.25500000000002 0 5.5000000000000009 175.00000000000003 1055.0000000000002 1315.5300000000002 1.5000000000000002 1765.0000000000002 95.240000000000023 1 0.30614973262032091 19.139999999999876 2 2267.3469387755108 3065.0000000000005 4587.9750000000013 130.715 4.495000000000001 0.89974937343358408 102.84500000000001 3 0.20526315789473684 1.0091609977324654 3135.0000000000005 5065.0000000000009 -48.209999999999916 3505.2950000000005 0.059850746268656704
decision_type=2 2 2 9 2 2 2 2 2 2 2 9 2 2 1 2 2 2 2 2 2 2 9 2 2 2 2 2 2 2
left_child=-1 3 8 4 7 -5 -7 -2 10 -10 -3 12 13 -11 -15 -16 -14 -13 -18 -9 22 -22 23 25 -24 -21 -27 -26 -29 -30
right_child=1 2 -4 5 -6 6 -8 19 9 11 -12 17 16 14 15 -17 18 -19 -20 20 21 -23 24 -25 27 26 -28 28 29 -31
leaf_value=-0.12816440658781622 0.6929174973524298 -0.012090659079890287 -0.46013553619677766 0.39730253996655662 -0.93971451424606589 -0.029515662264517319 0.25013251335872161 -0.75852936844547836 4.0027428092726067 -0.10479329000079717 -0.26060679296157974 -0.013387686681947742 1.7956627358741089 0.54899191806813052 0.25033810866738693 -0.34870666059707389 0.0066103293740631848 -0.78368195047234934 2.5368348064230912 0.4740140672012963 -1.6975774104610666 0.0014137722563113408 -0.24893090850552399 8.5005094330427884 0.41383065933637603 -0.40306239590337611 0.31714971609131343 0.013380211484252414 -0.2784125362828121 0.041241709056397728
leaf_weight=197.59548054635525 15.068530961871145 972.98020897805691 125.76917241513729 329.24080617725849 41.001569002866745 303.41776876151562 63.210543513298035 54.248101606965065 28.891205325722694 67.19060330092907 161.2463693022728 647.56130424141884 31.611346259713173 64.012384235858917 29.435093715786934 92.759880200028419 93.849637880921364 68.373849585652351 55.172003909945488 116.35637575387955 31.654882520437241 45.801028952002525 51.996175110340118 30.064444124698639 25.076147735118866 83.061889991164207 22.011365458369255 746.34984551370144 99.187503442168236 73.959913656115532
leaf_count=447 39 1627 276 626 92 658 137 166 77 126 282 1237 67 114 73 202 181 157 118 255 68 87 116 70 41 208 48 1670 246 176
internal_value=-0.00094732 -0.000482936 -0.00259923 0.00193828 -0.000717198 0.0073226 0.000738666 0.000160083 -0.00146924 0.00174133 -0.00480614 0.00069778 0.0076685 0.00120653 0.0083863 -0.00321593 0.0171581 -0.00358521 0.0115024 -0.000320414 0.000512877 -0.0162914 0.00155577 0.0105202 -0.000803986 0.00695352 -0.00470655 0.000455615 -0.000408804 -0.0115338
internal_weight=4768.16 4570.56 2438.85 2131.71 1435.84 695.869 366.628 1394.84 2313.08 1178.86 1134.23 1149.97 434.031 253.398 186.207 122.195 180.633 715.935 149.022 1379.77 1325.52 77.4559 1248.06 251.494 996.57 221.43 105.073 944.573 919.497 173.147
internal_count=9687 9240 4537 4703 3282 1421 795 3190 4261 2352 1909 2275 881 515 389 275 366 1394 299 3151 2985 155 2830 581 2249 511 256 2133 2092 422
cat_boundaries=0 1 2 3 4
cat_threshold=2033737 71753 2 12
is_linear=0
shrinkage=0.05


Tree=135
num_leaves=31
num_cat=4
split_feature=76 42 17 65 53 101 28 69 17 76 29 65 76 27 6 28 50 4 45 43 30 59 49 30 23 58 70 29 99 97
split_gain=10.21 13.3965 8.66874 16.517 12.0729 12.376 11.0024 10.3551 14.1789 10.4548 9.54596 8.87184 16.186 17.8656 14.6101 10.1001 9.00542 8.70583 8.44253 9.13124 8.33916 8.23108 12.0949 8.76647 8.85464 8.90667 8.52354 8.08929 8.08028 9.61121
threshold=6020.4000000000005 5675.0000000000009 0.39728951389459205 0 -23.840342580480705 0.68332110499438514 250.59000000000003 1 0.41495885636717783 2115.4600000000005 12.000000000000016 2 3359.3750000000005 20.200000000000006 16.500000000000004 160.71500000000003 -0.020434486260464547 4.5000000000000009 -26.349999999999905 -5.7899999999999627 0.33615655124447275 0.026277446305622253 -0.060270522568494238 0.83743761103615844 1042.1300000000003 0.042449620452231357 3 12.23000000000002 77.628027210884525 1095.0113378684812
decision_type=2 2 2 9 2 2 2 9 2 2 2 9 2 2 2 2 2 2 2 2 2 2 2 2 2 2 9 2 2 2
left_child=1 2 6 4 5 10 11 8 -5 18 -4 12 14 15 -1 16 -14 -11 -9 -20 -17 22 -13 24 -23 -26 27 -27 29 -7
right_child=-2 -3 3 7 -6 28 -8 9 -10 17 -12 21 13 -15 -16 20 -18 -19 19 -21 -22 23 -24 -25 25 26 -28 -29 -30 -31
leaf_value=0.24742350833153212 0.21825459092533306 -0.74497481905598595 -0.08502596392891526 0.083914500599957087 0.74086818245802499 -0.14758041654756937 -1.0168579364108987 0.056536386397614893 -1.8257698539750735 -0.14340846664563692 0.51807402095766408 0.18468348145876379 -0.54100207519463772 -0.57815640381578814 7.2011962147961741 -0.2805491909305019 0.90561782426549442 0.69377569823919183 1.7389169785034853 -0.20813201238766085 0.057596916750287622 -0.41138971470222752 -0.018100041216460028 -0.22172177358962131 -0.12174155857099152 -0.31666185901555655 -0.062479756894981558 0.25087064245405344 -0.19293026922779788 0.10045414050491104
leaf_weight=195.89825189113617 30.453260287642479 34.714000806212425 29.563418835401535 30.014285996556282 26.831097334623337 33.248322546482086 21.822184130549431 58.256166696548462 64.213060662150383 186.55221721529961 107.31933210790157 219.68269546329975 20.430016845464706 62.541913896799088 29.876962274312973 64.06234222650528 48.878508031368256 27.95055490732193 29.709348499774933 22.113043576478958 21.995311543345451 31.092238157987595 2440.6418982893229 47.148713186383247 252.9211588203907 42.772984519600868 172.2069415897131 163.94140395522118 60.552286133170128 177.19164270162582
leaf_count=412 59 76 63 74 50 61 41 89 141 371 169 451 48 148 83 129 111 64 66 41 58 51 4970 100 505 93 325 328 138 349
internal_value=-0.00139223 -0.00157826 -0.00134917 0.00320822 0.00990261 0.00799328 -0.00236322 -0.00388399 -0.0176371 0.000516406 0.0202479 -0.00216067 0.00442962 -0.00519139 0.0139116 0.00389203 0.0180975 -0.00589606 0.0130589 -0.00162252 -0.00754867 -0.00303237 -0.0017648 -0.00782403 -0.00634244 -0.00506058 -0.000210584 0.00650165 0.00180324 0.00643457
internal_weight=4754.6 4724.14 4689.43 853.515 434.706 407.875 3835.91 418.809 94.2273 324.581 136.883 3814.09 443.683 217.908 225.775 155.366 69.3085 214.503 110.079 51.8224 86.0577 3370.41 2660.32 710.083 662.935 631.842 378.921 206.714 270.992 210.44
internal_count=9664 9605 9529 1676 830 780 7853 846 215 631 232 7812 989 494 495 346 159 435 196 107 187 6823 5421 1402 1302 1251 746 421 548 410
cat_boundaries=0 1 2 3 4
cat_threshold=270769 24 200704 41
is_linear=0
shrinkage=0.05


Tree=136
num_leaves=31
num_cat=1
split_feature=54 95 91 28 18 104 18 99 91 104 91 45 49 17 49 57 38 59 65 27 32 58 33 24 18 15 72 27 37 5
split_gain=9.33572 8.84606 7.87217 6.75738 10.0793 14.216 10.4779 8.92269 8.62925 12.7623 9.8687 12.0043 9.29658 7.82379 7.62071 9.16578 8.63206 7.22594 10.4631 11.6607 9.31861 10.0867 9.28355 8.6046 7.84136 6.48074 11.4371 12.0188 7.34874 13.7406
threshold=-19.431948453104262 1205.72 0.31542898341744779 180.22000000000003 0.45760247320130548 0.0045822089088914508 0.54821833699029632 15.817902494331067 0.041381278538812759 0.69795066122771898 0.093808925204274016 -300.96500000000009 -0.0072640348132088492 0.3897917418024574 0.75307098318803001 0.62648338403396453 3985.0000000000005 0.015803703179535052 0 4.7950000000000008 2105.0000000000005 0.051296512157003656 69.999999999999901 215.12500000000003 0.24384861440039365 0.14642857142857144 110.61000000000001 79.910000000000011 1995.0000000000002 0.65108695652173931
decision_type=2 2 2 2 2 2 2 2 2 2 2 2 2 2 2 2 2 2 9 2 2 2 2 2 2 2 2 2 2 2
left_child=1 -1 3 8 5 -5 7 13 14 12 -11 -12 -10 -6 25 16 -16 18 19 22 21 -20 -7 24 -19 26 -3 -28 29 -27
right_child=-2 2 -4 4 6 17 -8 -9 9 10 11 -13 -14 -15 15 -17 -18 23 20 -21 -22 -23 -24 -25 -26 28 27 -29 -30 -31
leaf_value=0.61977922817093334 -0.44029102168468698 0.64613204260076751 -0.44332846294525158 0.46586048447349104 -0.06621094238583751 0.13206129044387255 -0.25745673550470372 0.28523490367673787 -0.72883957956022594 0.71342194279575044 -0.25191885869019831 0.17216500163039186 0.073542977709739346 0.097181527382119992 -1.2322157149069639 0.44639598325960111 0.16606094359878371 -0.17329190774037384 -0.075882573936588926 0.38435744288294649 -0.45418893578725772 0.27746530437543626 -0.073595836021300445 -0.77764490193382307 -0.058328290824992024 -0.025560856302222847 -0.25365099359610915 0.52537216717855983 -0.039179574999046375 0.02559453713763702
leaf_weight=23.175012320280075 60.216111660003662 84.797490000724792 74.748702496290207 25.16091451048851 34.047676056623459 27.448968127369881 27.306416511535645 95.31466768682003 33.845317050814629 94.226661905646324 30.567940875887871 125.00208365917206 47.449171274900436 27.712466150522232 32.465341091156006 40.113627582788467 46.939389884471893 26.27819812297821 38.452181875705719 60.630704656243324 75.164385542273521 27.341668382287025 32.430765628814697 70.431456848978996 138.80674397945404 1211.3536397516727 36.493076711893082 42.905332937836647 1263.5436135530472 840.96533539891243
leaf_count=38 137 168 167 58 53 49 44 155 66 168 59 258 102 39 65 58 92 50 66 123 173 40 54 147 281 2230 62 98 2697 1961
internal_value=-0.000841066 -0.00059228 -0.000743842 -0.000484369 -0.00498632 -0.00853512 0.00506349 0.0100332 0.000324844 0.00804943 0.0136496 0.00591509 -0.00915831 -0.00477122 -0.000385668 0.0120285 0.00218704 -0.0103914 -0.00466947 0.00611021 -0.0133704 -0.000578042 -0.00903317 -0.0167439 -0.0105015 -0.000812018 0.00888429 -0.00475316 -0.00129216 0.00055477
internal_weight=4795.34 4735.12 4711.94 4637.2 706.527 522.146 184.381 157.075 3930.67 331.091 249.797 155.57 81.2945 61.7601 3599.58 119.518 79.4047 496.985 261.469 120.51 140.958 65.7939 59.8797 235.516 165.085 3480.06 164.196 79.3984 3315.86 2052.32
internal_count=9758 9621 9583 9416 1332 1041 291 247 8084 653 485 317 168 92 7431 215 157 983 505 226 279 106 103 478 331 7216 328 160 6888 4191
cat_boundaries=0 1
cat_threshold=1132881
is_linear=0
shrinkage=0.05


Tree=137
num_leaves=31
num_cat=4
split_feature=18 103 72 57 59 72 48 82 65 32 4 35 72 31 3 35 37 4 22 91 74 65 52 50 47 65 27 34 104 30
split_gain=9.50648 16.8586 13.2376 13.0156 10.7644 10.0923 11.8946 9.23118 14.4548 10.2282 9.09075 10.283 8.76285 8.48964 10.6383 8.68415 8.95409 8.23135 8.62387 10.2762 9.84179 14.7356 8.95867 11.0765 13.3839 14.8656 10.6818 10.6382 10.0082 8.19177
threshold=0.41259276340614653 0.097619047619047619 170.36500000000004 0.45070930480595478 0.015225709318911001 166.25000000000003 0.93798411769407919 3264.3485000000005 0 2725.0000000000005 3.5000000000000004 2125.0000000000005 146.16500000000002 3585.0000000000005 1 5433.505000000001 2155.0000000000005 11.500000000000002 5468.2539682539691 0.10212950890916991 2155.6600000000003 2 4.1509637188207771 -0.091471566027210682 0.88379542323912097 3 82.40000000000002 2905.0000000000005 0.86590633947161566 0.22969028663120364
decision_type=2 2 2 2 2 2 2 2 9 2 2 2 2 2 9 2 2 2 2 2 2 9 2 2 2 9 2 2 2 2
left_child=1 7 5 -3 10 6 13 17 9 -9 11 -4 -11 14 -2 16 -15 18 29 20 21 -20 26 28 25 27 -22 -25 -24 -1
right_child=2 3 4 -5 -6 -7 -8 8 -10 12 -12 -13 -14 15 -16 -17 -18 -19 19 -21 22 -23 23 24 -26 -27 -28 -29 -30 -31
leaf_value=0.025010168521953348 -0.03722059624909406 -0.064616263348266229 0.5125910713779519 -0.45566712537177384 0.029266803631377236 0.087666096241179048 0.040451130155587128 1.3788607903004904 -0.35111467521427037 -0.62641403653406802 -0.0038596269419515247 -1.1434932611450932 3.2856273526062285 -0.23741394083577894 0.48148717214846076 1.0440436154823935 -1.079573013181728 -0.11346990614969439 0.73002352166231355 -1.0660068407251402 0.10971047065663697 0.018958261047698956 0.0040624827798069422 0.20698203366500395 0.069433134834163468 -0.2178733243163066 -0.99336148232936949 -0.20220598578982846 2.7694221776529599 -0.090436302642208241
leaf_weight=93.092278003692627 184.75499559938908 224.55924820899963 22.868913576006889 129.34772263467312 71.87277464568615 67.056717529892921 1547.1414553970098 21.645693808794022 102.85120263695717 55.404912441968918 122.76461811363697 93.66241167485714 17.324147999286652 49.167061001062393 101.10704769194126 25.367887616157532 50.389126434922218 168.15201508998871 83.187953561544418 34.073528930544853 194.32926496863365 383.70610012114048 41.97173073887825 123.50408543646336 130.93772503733635 213.66202744841576 21.555263176560402 103.14633533358574 26.805138051509857 264.16976337134838
leaf_count=194 357 440 49 253 159 148 2873 44 210 126 284 246 38 113 223 50 125 370 161 90 410 783 102 217 286 471 47 242 50 524
internal_value=-0.000655795 -0.00284296 0.00162244 -0.012931 -0.00797902 0.00309785 0.0024446 -0.0011261 -0.0114176 0.00347737 -0.0130756 -0.0230783 -0.00513412 -0.00511857 -0.000366839 -0.0159919 -0.0226464 -4.77614e-05 0.000987833 0.00280762 0.00350598 0.00934532 0.000320651 -0.00265026 -0.00493259 -0.00910609 0.00912842 0.000209333 0.0163065 -0.00592371
internal_weight=4769.58 2433.43 2336.15 353.907 311.169 2024.98 1957.93 2079.52 197.226 94.3748 239.296 116.531 72.7291 410.786 285.862 124.924 99.5562 1882.29 1714.14 1356.88 1322.81 466.894 855.912 640.027 571.25 440.312 215.885 226.65 68.7769 357.262
internal_count=9685 5058 4627 693 738 3889 3741 4365 418 208 579 295 164 868 580 288 238 3947 3577 2859 2769 944 1825 1368 1216 930 457 459 152 718
cat_boundaries=0 1 2 3 4
cat_threshold=1066001 1100 1511426 1135026
is_linear=0
shrinkage=0.05


Tree=138
num_leaves=31
num_cat=3
split_feature=109 17 39 65 77 16 25 95 2 37 71 17 99 76 73 33 56 71 71 50 52 65 74 50 99 54 26 89 23 75
split_gain=9.39801 9.0298 10.4178 13.5466 9.24081 9.18498 7.96035 7.63203 8.67304 7.53895 7.3912 12.5353 11.3259 7.1449 7.4576 6.8159 7.90193 7.74192 8.24629 6.99678 7.60488 10.1245 11.1722 7.24514 6.45147 12.1374 12.7193 12.1371 11.8358 12.7883
threshold=1.0000000180025095e-35 0.2700861957865115 2615.0000000000005 0 0.5741560542250016 -0.74999999999999989 2272.9950000000003 1205.72 1 875.00000000000011 156.215 0.24825943361562683 16.485510204081496 6020.4000000000005 5331.8400000000011 109.9999999999999 0.76120076378313162 154.42500000000004 141.53500000000003 -0.077372257876077086 187.91036281179143 2 2457.7900000000004 0.076860322502543113 12.202108843537532 -79.762338701154292 31.210000000000004 0.94804318488529027 1536.6450000000002 1348.6250000000002
decision_type=2 2 2 9 2 2 2 2 9 2 2 2 2 2 2 2 2 2 2 2 2 9 2 2 2 2 2 2 2 2
left_child=1 2 3 10 -3 -5 -4 -6 -9 -10 11 -1 -13 14 24 -8 -17 18 19 -18 21 -21 -23 -24 25 -11 27 -27 29 -26
right_child=-2 4 6 5 7 -7 15 8 9 13 -12 12 -14 -15 -16 16 17 -19 -20 20 -22 22 23 -25 28 26 -28 -29 -30 -31
leaf_value=0.45566807323946412 -0.24493597929487729 -0.17169932429619877 0.10855765500267599 0.058358614434520464 0.71777262971848688 -0.10169751758530055 -0.19823017769737988 -0.13141348482854484 -1.1688881719700035 0.55396917624051911 -0.21713735666231077 -0.6015072473249401 0.36435750630487362 0.67470624029013548 -0.55039005480554126 0.060752466228526862 -0.60277140240270843 -0.44081030081642186 0.16027584070104128 0.42265753839868414 -1.1860883365279478 0.31816952300833706 -0.27290167400792104 -0.074226520524294418 0.12984390595116757 -0.077169508055708047 0.019143921440351975 0.21760600710823186 0.013719727023558904 1.1753327923625683
leaf_weight=115.2924399971962 136.58601498603821 236.01030378043652 23.463184982538223 34.198649913072586 18.585343331098557 194.91454187035561 110.98478657007217 54.690678954124451 23.364812731742859 45.261759161949158 30.846638515591621 21.756751671433449 27.052681744098663 20.072263836860657 59.663204148411751 23.747835144400597 25.206336200237274 19.604253724217415 22.480347841978073 46.001062422990799 53.513643950223923 20.965629667043686 56.06230154633522 18.75023777782917 253.76059839129448 402.13877736032009 602.22593565285206 49.908506289124489 1937.4594386518002 103.92595545947552
leaf_count=235 276 523 35 69 30 455 229 69 54 104 61 44 67 33 130 51 56 42 37 110 129 44 135 30 372 701 1127 76 4161 214
internal_value=-0.000367876 1.16799e-05 -0.00466461 0.000866126 0.00104941 -0.00725968 -0.0102385 0.00168269 0.0015155 0.00184193 0.010262 0.0150094 -0.00622939 0.00203756 0.00186472 -0.0119097 -0.00783251 -0.0103304 -0.00789179 -0.0108329 -0.00763307 -0.00157131 -0.010486 -0.0206209 0.00217271 -0.000976492 -0.00206497 -0.00840386 0.0036814 0.012038
internal_weight=4788.49 4651.91 844.841 424.062 3807.07 229.113 420.78 3571.06 3552.47 3497.78 194.949 164.102 48.8094 3474.42 3454.34 397.316 286.332 262.584 242.98 220.499 195.293 141.779 95.7782 74.8125 3394.68 1099.53 1054.27 452.047 2295.15 357.687
internal_count=9699 9423 1829 931 7594 524 898 7071 7041 6972 407 346 111 6918 6885 863 634 583 541 504 448 319 209 165 6755 2008 1904 777 4747 586
cat_boundaries=0 1 2 3
cat_threshold=729434 8 84168
is_linear=0
shrinkage=0.05


Tree=139
num_leaves=31
num_cat=4
split_feature=76 73 24 74 5 12 34 59 50 17 37 37 89 27 65 33 24 24 65 104 44 34 65 49 101 28 99 65 57 101
split_gain=7.95724 8.64955 11.0867 13.0184 10.8753 18.0469 17.0209 16.5403 15.591 14.3637 17.1267 13.9337 14.7571 13.4549 12.1316 11.9545 11.8096 11.1628 10.4649 10.911 10.2555 10.2383 16.6868 15.3928 13.4957 12.7292 14.2801 12.7207 17.4789 12.7202
threshold=6020.4000000000005 4257.2500000000009 186.59000000000003 4146.9100000000008 0.58957219251336912 1.0000000180025095e-35 1245.0000000000002 0.017121712054383904 0.52835851888273466 0.33771517618808272 1135.0000000000002 1955.0000000000002 0.99382716049382724 108.01000000000001 0 2405.0000000000005 209.89500000000001 155.86500000000004 1 0.23317952678709705 119.41999999999986 1985.0000000000002 2 -0.00040602179187044992 0.6739411852929903 133.39500000000001 -31.317528344671128 3 0.77261973618397373 0.88801760787694295
decision_type=2 2 2 2 2 2 2 2 2 2 2 2 2 2 9 2 2 2 9 2 2 2 9 2 2 2 2 9 2 2
left_child=1 4 -3 -4 5 15 7 -7 9 10 16 12 20 14 17 21 -6 -13 -11 -20 -12 22 23 24 -1 -24 -27 28 -23 -28
right_child=-2 2 3 -5 8 6 -8 -9 -10 18 11 13 -14 -15 -16 -17 -18 -19 19 -21 -22 27 25 -25 -26 26 29 -29 -30 -31
leaf_value=-0.16949559494848643 0.30881690866549438 -0.572632832282573 0.06331327225147447 -0.23386738765662918 -0.030011342573008904 0.3191543767419755 -2.4306942299703693 -0.10926531385443568 2.0817324076743744 0.53158151199541026 2.2814014768409239 -0.09535406958220527 -0.51299084881895851 -0.54751590863697286 -0.092467001168890478 1.4166218836568385 -0.34922699206054375 0.47318619539737522 -0.68405374213774484 0.020843283989202634 -0.042742844589606227 -0.23880515826767237 0.061334470253561695 0.69418695524433294 0.53578709939465063 -0.54484282091335345 0.0030591889408007945 0.00048651917180109194 -0.054812967825498049 -0.58362394894439618
leaf_weight=54.528095841407776 31.29129983484745 119.97504162788391 116.95502960681915 84.96053546667099 127.59088183939457 35.230642914772034 78.149547100067139 34.318596839904785 42.46990792453289 97.666816964745522 91.90283665060997 100.50507986545563 16.265600770711899 63.217705637216568 150.84184946119785 27.846873238682747 64.233835607767105 179.95929619669914 21.952236577868462 497.46087469160557 21.501080185174942 232.52948886156082 352.78519268333912 77.060151621699333 34.697654694318771 46.748193457722664 537.27327518165112 765.79839247465134 527.03017637133598 106.59661909937859
leaf_count=102 60 275 240 217 320 52 166 40 95 212 236 179 39 128 301 67 137 401 68 1138 52 460 608 160 70 78 837 1590 1147 174
internal_value=-0.000859507 -0.00102653 -0.00893758 -0.00178476 -0.000445958 -0.00221867 -0.0192471 -0.00125464 0.00305075 0.00216598 -0.00218699 0.0018286 0.0164174 -0.00199674 0.00116076 -0.00130836 -0.0152536 0.00721214 0.0079223 0.0047173 0.0228055 -0.00164023 0.00179495 0.0160145 0.00284016 -0.000618757 -0.00457182 -0.00436451 -0.00888962 -0.0026345
internal_weight=4739.34 4708.05 321.891 201.916 4386.16 2910.59 147.699 69.5492 1475.57 1433.1 816.018 624.193 129.67 494.524 431.306 2762.89 191.825 280.464 617.08 519.413 113.404 2735.05 1209.69 166.286 89.2258 1043.4 690.618 1525.36 759.56 643.87
internal_count=9649 9589 732 457 8857 5551 258 92 3306 3211 1793 1336 327 1009 881 5293 457 580 1418 1206 288 5226 2029 332 172 1697 1089 3197 1607 1011
cat_boundaries=0 1 2 3 4
cat_threshold=538625 6274 2035712 1313945
is_linear=0
shrinkage=0.05


Tree=140
num_leaves=31
num_cat=5
split_feature=42 69 97 38 65 70 73 97 108 48 5 77 26 7 36 97 82 82 101 3 5 65 29 30 22 23 36 23 43 59
split_gain=9.20454 16.5652 13.0605 11.0677 8.49904 12.3187 12.838 10.1105 11.2628 8.38741 11.4591 8.35913 9.11629 7.67681 7.50456 14.6718 13.5088 11.5851 9.62616 11.0369 8.99559 12.855 20.6414 13.49 11.5457 12.1564 15.2237 11.7785 11.5927 10.6367
threshold=4165.0000000000009 0 4217.9138321995479 4885.0000000000009 1 2 3660.7650000000008 5265.5328798185956 1.0000000180025095e-35 0.99213599748042702 0.73508771929824568 0.55694804805379594 140.01000000000002 16.500000000000004 410.00000000000017 1109.9773242630388 3264.3485000000005 3141.0925000000007 0.38011300917951085 3 0.58578431372549034 4 171.35500000000002 0.45549805532542303 7920.0000000000009 3530.0100000000007 60.000000000000121 3438.7750000000005 -2.1949999999999359 0.05271067283165546
decision_type=2 9 2 2 9 9 2 2 2 2 2 2 2 2 2 2 2 2 2 9 2 9 2 2 2 2 2 2 2 2
left_child=11 3 -3 13 5 -4 -7 8 -6 10 -8 12 -1 -2 20 -16 17 18 -17 -20 21 22 -13 -24 25 27 -27 29 -26 -22
right_child=1 2 4 -5 7 6 9 -9 -10 -11 -12 14 -14 -15 15 16 -18 -19 19 -21 24 -23 23 -25 28 26 -28 -29 -30 -31
leaf_value=-0.29678118323484554 -0.48272601466420045 -0.40985533871304941 -0.71168409244505293 -0.66614480072221183 0.51877881757667133 -0.13751732737841352 0.98266430179680953 0.97326700081767015 -0.19988359093189417 0.54974044436080194 -0.20285488628168766 -0.28696339186059899 0.0086145951320874669 11.161971528763836 -0.14598203304682117 0.23438743492878517 -0.42337438419632467 0.13925437833419638 0.0050431967873841195 -0.080629698201103397 0.035166354016632796 0.015653049515466932 -0.010299420860988208 0.36602591815378394 3.3104106161154281 0.041969521032035578 -0.81193645997462061 1.9776457872906563 -0.081123815164608717 -0.9605937093425756
leaf_weight=83.561146154999733 13.872410774230959 39.986292451620102 51.750071913003922 115.84759786725044 27.410227298736572 34.920314580202103 24.455225765705109 31.542599529027939 28.495823904871941 60.825638651847839 42.3485968708992 288.1650592982769 78.713752344250679 15.192787632346151 49.725425988435745 44.732230857014656 75.286207780241966 74.565478354692459 727.14186803996563 311.93593525886536 501.62639082968235 1651.0901450365782 92.279443204402924 40.761931449174881 63.512753024697304 80.363156348466873 49.443952292203903 26.749638393521309 30.804349720478058 19.610999062657356
leaf_count=198 46 95 133 277 54 74 42 51 73 138 93 629 162 47 73 75 136 144 1562 567 1138 3035 178 57 156 165 116 61 70 33
internal_value=-0.000318123 -0.00683488 -0.000500401 -0.0203351 0.00304322 -0.00252417 0.00445625 0.0152332 0.00420491 0.0120804 -0.000150277 0.00042111 -0.0107103 0.00584855 0.000858717 -0.00231516 -0.00124186 9.20155e-05 -0.00121954 -0.00219724 0.00229076 0.000574423 -0.007124 0.00899679 0.0068973 0.00461651 -0.00914165 0.00787554 0.0232879 0.00621491
internal_weight=4776.72 486.648 341.735 144.913 301.748 214.3 162.55 87.4487 55.9061 127.629 66.8038 4290.07 162.275 29.0652 4127.79 1283.39 1233.66 1158.38 1083.81 1039.08 2844.41 2072.3 421.206 133.041 772.111 677.794 129.807 547.987 94.3171 521.237
internal_count=9678 1123 753 370 658 480 347 178 127 273 135 8555 360 93 8195 2557 2484 2348 2204 2129 5638 3899 864 235 1739 1513 281 1232 226 1171
cat_boundaries=0 1 2 3 4 5
cat_threshold=8 1654873 160 3092 1579016
is_linear=0
shrinkage=0.05


Tree=141
num_leaves=31
num_cat=4
split_feature=3 77 95 18 109 89 44 49 53 8 65 73 99 37 53 70 65 44 18 97 29 86 26 71 26 37 94 76 30 35
split_gain=8.1631 8.54659 11.4897 8.33533 7.74987 8.88878 7.88067 7.54521 19.0612 7.70474 10.6101 7.1514 12.4427 8.41055 8.00474 6.61357 16.4821 9.86096 10.2665 7.8127 7.20876 10.8833 7.03858 19.0103 11.4485 14.2428 10.487 10.1776 12.435 11.405
threshold=0 0.57684376098443912 1270.6550000000002 0.3842543674581505 1.0000000180025095e-35 0.091966173361522172 46.535000000000089 0.89155812904271048 -29.566028009725951 5.5000000000000009 1 5331.8400000000011 76.956746031746107 5125.0000000000009 -17.273550678185675 2 3 181.17999999999998 0.54821833699029632 4148.0725623582775 215.83500000000006 -70.232421008664872 56.665000000000006 139.28000000000003 150.09000000000003 2095.0000000000005 1310.7420634920638 1870.4950000000001 0.27843653190336509 1805.0000000000002
decision_type=9 2 2 2 2 2 2 2 2 2 9 2 2 2 2 9 9 2 2 2 2 2 2 2 2 2 2 2 2 2
left_child=-1 3 -3 -2 7 -6 -7 9 -9 11 -11 13 -13 14 15 22 17 18 20 -18 21 -17 23 27 -24 26 -26 28 -4 -29
right_child=1 2 4 -5 5 6 -8 8 -10 10 -12 12 -14 -15 -16 16 19 -19 -20 -21 -22 -23 24 -25 25 -27 -28 29 -30 -31
leaf_value=-0.11595692331748141 -0.19047922737652401 0.5904659874966075 0.25521631888390744 -0.012949437106522766 0.08163013236213601 -0.73394433817904181 0.018042802088911004 -0.19515193905417774 0.46940810223956331 0.042370339527425221 -0.62590220443020006 -0.54036498729418414 0.20443371655848921 0.90467841537070925 -0.80753689794233885 1.595755045213771 1.6466885358236425 -0.36186251344906356 1.5843496170786766 0.01148425859801705 -0.5691578043070934 0.011743421696021984 0.040402990621313521 -0.83331071176410365 1.1148288299056162 0.23884890417461438 -0.32958770823330358 0.079025540226847824 -0.11706191266635245 -0.01341691141441359
leaf_weight=59.763464033603668 111.46493344008923 28.733506202697754 49.222820699214935 217.37831814587116 38.346885606646538 63.015261843800545 20.98960617184639 25.989869624376297 57.608398526906967 60.42711678147316 81.561405777931213 60.089913010597229 37.409077361226082 25.798360526561737 24.275868535041809 28.335421606898308 96.796481266617775 38.068558007478714 33.159851312637329 38.458935365080833 19.511722683906555 662.24778252840042 781.04005861282349 43.951717913150787 26.984519347548485 77.120545491576195 228.42336374521255 300.33664375543594 90.576917126774788 1310.4318581223488
leaf_count=76 269 51 86 476 75 127 53 61 85 86 159 141 85 47 50 88 256 86 64 80 40 1375 1612 107 65 155 508 466 126 2675
internal_value=-9.97703e-05 0.000153312 0.000741334 -0.00761855 0.000531741 -0.0118726 -0.020978 0.000893283 0.0157642 0.000591116 -0.0108534 0.0010002 -0.012374 0.00133673 0.00114602 0.00132768 0.00500483 0.00209237 0.00339039 0.0205268 0.00212052 0.00296732 0.000150975 -0.00178624 0.00327415 -0.00449563 -0.0101818 -0.000970803 -0.0139117 0.00015235
internal_weight=4737.52 4677.76 4348.91 328.843 4320.18 122.352 84.0049 4197.83 83.5983 4114.23 141.989 3972.24 97.499 3874.74 3848.94 3824.67 916.579 781.323 743.255 135.255 710.095 690.583 2908.09 1794.52 1113.57 332.528 255.408 1750.57 139.8 1610.77
internal_count=9630 9554 8809 745 8758 255 180 8503 146 8357 245 8112 226 7886 7839 7789 1989 1653 1567 336 1503 1463 5800 3460 2340 728 573 3353 212 3141
cat_boundaries=0 1 2 3 4
cat_threshold=32 66840 204 796673
is_linear=0
shrinkage=0.05


Tree=142
num_leaves=31
num_cat=7
split_feature=22 65 3 101 65 75 17 24 65 69 32 28 72 89 33 85 44 23 59 69 30 65 33 36 5 50 52 17 30 6
split_gain=7.04916 10.6877 12.4258 9.94455 13.0905 16.506 9.58349 13.1544 24.624 18.5974 14.4411 18.8523 12.2799 11.3596 11.0277 13.4823 12.5103 10.0353 9.76673 9.65424 9.7227 9.33106 11.9384 13.8532 9.2431 12.0681 9.41569 9.22084 9.14177 9.01709
threshold=5468.2539682539691 0 1 0.94590547548576775 2 2314.7550000000006 0.33771517618808272 190.10500000000005 3 4 2645.0000000000005 82.000000000000014 149.93000000000004 0.64956140350877212 189.99999999999991 -22.789570246468518 -40.384999999999756 5058.0200000000013 0.0051649772383593516 5 0.66486875611646779 6 825.00000000000011 655.00000000000011 0.84412955465587058 0.033571842337043807 4.2182539682539764 0.25104449903666209 0.82387497855972447 8.5000000000000018
decision_type=2 9 9 2 9 2 2 2 9 9 2 2 2 2 2 2 2 2 2 9 2 9 2 2 2 2 2 2 2 2
left_child=1 -1 -3 -4 -5 -6 7 8 9 10 13 -12 28 -2 15 16 -9 -10 -13 20 -16 -8 23 24 25 -23 -26 -17 -11 -18
right_child=6 2 3 4 5 -7 21 14 17 12 11 18 -14 -15 19 27 29 -19 -20 -21 -22 22 -24 -25 26 -27 -28 -29 -30 -31
leaf_value=0.04952584305597299 0.14705954609052105 0.024026951636808038 -0.17962813564669242 0.42197945067837567 -0.54966731079774289 0.0046255587512391118 -0.012746065843693088 -0.15321113997447081 0.2089602607654186 0.019056938186533048 -1.8331313666665849 0.1661026236771079 2.8402110131712792 -1.1932110166309571 0.014303931119160042 -0.023116493679476238 -0.11768359838727527 -0.32910451160316118 -0.12535059967279913 -0.2144393261117159 -0.10793293186529525 0.061016550724938327 0.57348007367518938 -0.69172776737625274 -0.044911426154580172 -0.10359750831168989 0.72932427461071259 0.36414543460176518 -0.62880635799945284 0.075734814419290142
leaf_weight=352.00899539887905 63.64554163813591 192.48536485433578 348.89956869184971 42.003137990832329 37.85158483684063 77.98929238319397 409.79389776289463 27.258570790290833 472.4397384673357 277.49310743808746 53.438893765211105 41.482792153954506 31.461037293076515 19.448268428444862 224.67221607267857 42.258001506328583 210.51698896288872 31.873589560389519 146.98395568132401 480.86599589884281 43.201910197734833 406.01833643019199 80.167863711714745 33.118868038058281 22.417534977197647 178.18498688936234 106.7644734531641 118.45510844886303 33.708718508481979 157.37955038249493
leaf_count=663 122 334 722 90 95 187 804 40 1033 563 125 88 73 41 457 68 450 78 300 1038 80 790 178 74 59 326 221 209 67 303
internal_value=-0.000418059 -0.00403261 -0.00754666 -0.0116304 -0.00144625 -0.0100089 0.000605293 -0.00118957 0.00265511 -0.00365718 -0.0120648 -0.0186132 0.00443306 0.00554718 -0.00464338 0.000691838 -0.00427417 0.010869 -0.0111806 -0.00860428 -0.000713893 0.00420032 0.0072082 0.00532633 0.00679392 0.00411762 0.0188971 0.0129021 0.00155289 -0.00185254
internal_weight=4764.29 1051.24 699.229 506.744 157.844 115.841 3713.05 2476.58 1171.98 667.662 324.999 241.906 342.663 83.0938 1304.61 555.868 395.155 504.313 188.467 748.74 267.874 1236.47 826.672 746.504 713.385 584.203 129.182 160.713 311.202 367.897
internal_count=9678 2091 1428 1094 372 282 7587 5135 2490 1379 676 513 703 163 2645 1070 793 1111 388 1575 537 2452 1648 1470 1396 1116 280 277 630 753
cat_boundaries=0 1 2 3 4 5 6 7
cat_threshold=283088 72 665608 1311153 12 4 476234
is_linear=0
shrinkage=0.05


Tree=143
num_leaves=31
num_cat=4
split_feature=76 94 37 33 49 25 76 69 3 34 70 36 33 76 28 5 75 52 39 50 5 8 42 47 104 104 49 44 60 25
split_gain=6.91564 9.18086 6.23548 11.3884 8.43377 7.42305 12.0421 9.80044 19.6809 17.2878 15.3625 14.1884 18.1485 13.3274 12.2847 16.7023 12.4856 10.4908 12.0647 10.1408 9.80075 14.4239 12.7716 11.0793 10.9837 10.7397 10.412 10.3524 10.4035 13.0794
threshold=6020.4000000000005 5519.2794897959193 1005.0000000000001 59.999999999999893 0.29590815184846042 2806.2450000000003 4021.8950000000004 0 1 4405.0000000000009 2 300.00000000000028 49.999999999999893 4098.9650000000011 122.33999999999999 0.10263157894736842 2901.4500000000003 4.3241496598641342 3825.0000000000005 -0.11151243860044228 0.52786377708978338 1.0000000180025095e-35 3165.0000000000005 0.82938690432154594 0.79250001881045939 0.94803424748491583 -0.06473682293950099 -2.0000000000002269 3 4421.1350000000011
decision_type=2 2 2 2 2 2 2 9 9 2 9 2 2 2 2 2 2 2 2 2 2 2 2 2 2 2 2 2 1 2
left_child=1 2 3 -1 -5 6 -4 10 17 14 11 12 -7 -12 15 -10 -16 18 -9 -14 21 23 25 -19 -24 -23 -22 -28 29 -29
right_child=-2 -3 5 4 -6 7 -8 8 9 -11 13 -13 19 -15 16 -17 -18 20 -20 -21 26 22 24 -25 -26 -27 27 28 -30 -31
leaf_value=0.017429675230328456 0.61762471653872208 -0.39553521984349232 0.0058601689221774228 -0.09284432697806988 -0.45613001290281857 -0.052149266966321765 0.33952576230323644 0.15109538901927239 0.0025597409257002825 0.63539108108364817 8.4752799974200261 -0.20967652431002223 -0.071633617161570129 0.00020447090889845755 -0.16639027667915798 -1.2932266917246054 -0.00074153038670630176 -0.72464027466679681 -0.778039134125595 1.1783749500447003 0.55649857033318795 0.54053945515250579 -0.21496833476114574 0.057458625820741821 -0.010123038021666276 0.0019428094623194171 -0.25743323475713425 0.01696116775601908 0.15039885388769914 -0.7623218684409836
leaf_weight=75.789696499705315 26.801270216703415 43.343994155526161 2214.4036032408476 181.34230418503284 41.237362995743752 103.11704722046852 87.325655445456505 203.82217884063721 40.58725006878376 27.621653273701668 46.485825091600418 183.34437270462513 31.549644380807877 31.005853459239006 108.24969865381718 126.08257973194122 158.10940267145634 116.26287336647511 17.841050371527672 152.52127334475517 62.840329825878143 31.482525229454041 67.027134820818901 26.766018137335777 108.93975491821766 61.503447353839874 50.628441944718361 174.01385150849819 93.549378633499146 58.384721517562866
leaf_count=155 51 97 4131 382 73 226 152 434 109 54 109 440 47 54 239 334 340 285 36 350 140 66 167 62 222 117 91 377 203 137
internal_value=-0.000755506 -0.000899159 -0.000687099 -0.00768114 -0.0133813 -0.000211036 0.00174573 -0.00237458 -0.00440946 -0.0129514 0.00333979 -0.000237826 0.00669447 0.0226075 -0.0156789 -0.0263252 -0.00901712 -0.000656824 0.00902613 0.0161021 -0.00318551 -0.00872581 -0.00190326 -0.021555 -0.00982368 0.0130854 0.00200887 -0.0011352 0.00213208 -0.00366764
internal_weight=4751.98 4725.18 4681.83 298.369 222.58 4383.47 2301.73 2081.74 1533.71 460.651 548.024 470.532 287.188 77.4917 433.029 166.67 266.359 1073.06 221.663 184.071 851.398 411.982 268.953 143.029 175.967 92.986 439.417 376.576 325.948 232.399
internal_count=9680 9629 9532 610 455 8922 4283 4639 3413 1076 1226 1063 623 163 1022 443 579 2337 470 397 1867 919 572 347 389 183 948 808 717 514
cat_boundaries=0 1 2 3 4
cat_threshold=160 1044 161 3
is_linear=0
shrinkage=0.05


Tree=144
num_leaves=31
num_cat=1
split_feature=92 77 53 49 38 22 94 23 72 30 18 65 91 95 59 44 39 18 30 59 33 71 77 35 42 71 74 101 71 52
split_gain=7.77294 8.76862 6.65351 6.49049 7.05755 6.39121 12.2117 11.6635 9.37491 11.6618 10.2532 11.9984 9.06772 8.86396 8.6468 10.3367 9.16475 14.2977 12.3421 10.1627 13.9055 9.00734 13.5203 11.8321 10.2287 8.87358 9.68627 10.3239 8.85639 8.76516
threshold=0.057777777777777754 0.55694804805379594 -22.65038150497012 -0.069808936895547444 3935.0000000000005 6870.9750566893426 3929.1665419501137 1877.9900000000002 159.76000000000002 0.93794657367779088 0.45594829332165249 0 0.15081416386663224 3867.1800000000007 0.0045632523151080007 77.924999999999969 2625.0000000000005 0.42301786424272342 0.22969028663120364 0.038156445885008605 420.00000000000017 93.27000000000001 0.76209222801447729 3165.0000000000005 2855.0000000000005 154.42500000000004 2360.0600000000009 0.51120405426059434 85.64500000000001 125.14705215419509
decision_type=2 2 2 2 2 2 2 2 2 2 2 9 2 2 2 2 2 2 2 2 2 2 2 2 2 2 2 2 2 2
left_child=1 2 3 -1 -5 6 8 -7 9 10 11 -3 -13 -12 15 -9 21 19 -19 20 -18 23 24 -16 -23 26 -22 -28 -25 -26
right_child=-2 5 -4 4 -6 7 -8 14 -10 -11 13 12 -14 -15 16 -17 17 18 -20 -21 25 22 -24 28 29 -27 27 -29 -30 -31
leaf_value=0.12052361074987511 0.395739945818951 0.031873245633952156 0.38140777389201413 0.0049498650186336592 -0.25219892180715181 1.1014461323789115 -1.6114850357045372 0.1146938190161535 -0.068769328335917743 -0.54142445080642043 0.023620977560489111 -0.030096608172672391 -0.60925185035137464 0.543958011603629 0.42109626693730678 -0.0091771592224191064 -0.16946681634163596 -0.061257120400259171 0.14880180563909504 0.1839754318943605 0.76358425017838982 -0.19928368412995212 -0.14501904163970389 -0.0047652727479189144 0.022607218118544381 -0.23818447528204972 0.69557838298693042 -0.0350533692731851 2.0385904696981059 1.0414427258656915
leaf_weight=23.483525335788727 20.178292170166969 401.57446268200874 32.049973532557487 26.934528440237045 96.249884635210037 28.889700517058372 36.534461110830307 192.55315534770489 357.15180617570877 39.044785887002945 837.70677155256271 971.98496301472187 65.046067327260971 40.891546547412872 115.95046943426132 123.88462400436401 354.99985453486443 79.11154118180275 229.65571528673172 64.028002366423607 24.428187966346741 34.781191617250443 105.11150334775448 157.95126557350159 52.641997665166855 23.43783301115036 24.646464318037033 137.82216909527779 16.857631757855415 38.954596370458603
leaf_count=54 36 827 76 71 205 47 98 415 868 93 1540 1867 155 73 216 282 707 169 455 128 48 55 194 383 109 52 44 296 31 71
internal_value=-0.000299934 -0.000431918 -0.0112961 -0.0158059 -0.0203983 -5.71716e-06 -0.00152329 0.00230541 -0.00113666 7.56615e-06 0.000464173 -0.00213505 -0.00495323 0.0047201 0.00179301 0.00928617 0.000169377 -0.00278595 0.0060267 -0.00710946 -0.00924769 0.00547811 -0.0018811 0.0113372 0.00913904 0.000939846 0.00457667 0.000162911 0.00312254 0.0179046
internal_weight=4754.54 4734.36 178.718 146.668 123.184 4555.64 2749.93 1805.71 2713.4 2356.25 2317.2 1438.61 1037.03 878.598 1776.82 316.438 1460.38 938.13 308.767 629.363 565.335 522.249 231.489 290.759 126.378 210.335 186.897 162.469 174.809 91.5966
internal_count=9665 9629 406 330 276 9223 5521 3702 5423 4555 4462 2849 2022 1613 3655 697 2958 1899 624 1275 1147 1059 429 630 235 440 388 340 414 180
cat_boundaries=0 1
cat_threshold=685088
is_linear=0
shrinkage=0.05


Tree=145
num_leaves=31
num_cat=6
split_feature=75 30 99 22 43 65 97 4 50 50 43 3 48 101 82 27 89 72 61 65 27 5 94 52 36 73 65 82 17 60
split_gain=6.3231 8.6416 6.72082 5.7784 10.2133 9.60656 10.5224 15.0568 10.0343 10.8624 9.46477 12.2174 11.4868 9.14802 12.4047 9.64662 9.52127 13.4937 8.73676 15.2634 11.9074 16.541 17.7072 9.41197 10.1744 12.7956 12.2138 11.8707 8.2596 11.6304
threshold=5785.9050000000007 0.44134564341091304 77.248809523809328 5468.2539682539691 -168.66499999999994 0 1249.6598639455785 1.5000000000000002 0.41776147626507093 0.13901664527895358 -115.54500000000006 1 0.95770070854908951 0.54318022027758917 2871.315000000001 40.980000000000011 0.76533166458072599 185.65500000000003 2 3 47.245000000000005 0.78416149068322993 4059.1491496598646 238.48383219954647 600.00000000000034 2738.3000000000006 4 2931.6165000000005 0.38282685682749046 5
decision_type=2 2 2 2 2 9 2 2 2 2 2 9 2 2 2 2 2 2 1 9 2 2 2 2 2 2 9 2 2 1
left_child=3 -2 -3 5 13 8 -7 -8 9 28 11 -6 -13 15 16 -5 17 -15 19 -12 21 22 -21 -20 26 -26 -25 -28 -1 -30
right_child=1 2 -4 4 10 6 7 -9 -10 -11 18 12 -14 14 -16 -17 -18 -19 23 20 -22 -23 -24 24 25 -27 27 -29 29 -31
leaf_value=-0.031964412735059969 0.13662989588145821 -0.86449057045623201 -0.007985926162497492 0.00047256345937043769 0.016897119439451557 0.0010321605194178573 -2.6654314755366189 -0.095808696643845795 0.61167103925610622 -0.43450456113570213 -0.015172455099198602 -0.036027069250997822 0.67717915667486117 0.093373576003997982 0.40722806471654122 -0.28950241471926097 -0.33204191048942705 -0.26296151482623159 0.0012360112496693889 0.3978306997669151 -0.17163466257019594 1.6548807456732222 -0.13574669535679648 0.039111486161198618 -0.010764038843322511 0.95281208870841039 -0.11132596570609046 -0.87473695764534565 0.59984841822554313 0.010406931980433499
leaf_weight=300.74798099696636 27.721248060464859 32.011626780033112 17.4396051466465 24.806969553232193 313.91559180617332 141.43197095394135 63.532962903380394 178.05654513835907 56.073467656970024 58.195366829633713 531.4400210082531 19.268002152442932 66.219167217612267 65.690180346369743 46.345825538039207 81.328959390521049 30.295680642127991 22.707376316189766 1509.095319762826 366.15054278075695 60.889209389686584 36.350966691970825 62.258614152669907 117.59686189889908 45.784062296152115 25.648906871676445 158.96638903021812 64.449861347675323 56.195396900177002 215.85371235013008
leaf_count=621 70 69 37 44 596 219 160 370 96 104 911 51 126 131 97 155 56 43 3337 710 141 81 146 242 73 41 333 138 86 459
internal_value=-0.000535466 -0.014732 -0.0272592 -0.000303317 0.000644109 -0.00353423 -0.00975226 -0.0163478 7.30391e-05 -0.00172718 0.00139357 0.0086212 0.0242878 -0.0086919 -0.00132735 -0.0201436 -0.00989302 -0.00160264 0.000424418 0.00407537 0.0100094 0.0129237 0.010176 -0.00158406 -0.00827767 0.00888073 -0.0118719 -0.0183041 0.000363873 0.00667674
internal_weight=4796.47 77.1725 49.4512 4719.3 3649.21 1070.09 383.021 241.59 687.066 630.992 3378.03 399.403 85.4872 271.175 165.039 106.136 118.693 88.3976 2978.63 1057.09 525.649 464.76 428.409 1921.54 412.446 71.433 341.013 223.416 572.797 272.049
internal_count=9743 176 106 9567 7452 2115 749 530 1366 1270 6926 773 177 526 327 199 230 174 6153 1989 1078 937 856 4164 827 114 713 471 1166 545
cat_boundaries=0 1 2 3 4 5 6
cat_threshold=808145 1116 2 265499 405800 2
is_linear=0
shrinkage=0.05


Tree=146
num_leaves=31
num_cat=1
split_feature=15 49 43 77 30 49 43 53 39 49 22 57 72 59 56 58 58 58 71 71 27 28 87 102 32 18 32 18 65 43
split_gain=6.03328 10.0845 7.76003 9.49359 7.95706 7.42539 10.4527 9.97765 8.52421 8.25677 8.10337 7.25741 6.976 7.58753 11.1553 6.96218 8.69393 7.54697 7.80639 6.79416 6.99401 6.66372 9.56103 10.0404 6.74658 9.99234 9.95064 8.96346 6.68276 8.82808
threshold=0.14642857142857144 0.39608524285573971 -59.149999999999856 0.61602250224950661 0.63956674590057438 -0.069808936895547444 -167.51999999999978 -27.0763998990471 3775.0000000000005 0.33388868964163121 5921.3378684807258 0.0083159776204179015 144.61000000000004 0.0056622386421880501 0.82941711630357207 0.039731631932385207 0.017197762897823207 0.099835491371671414 16.075000000000006 163.55500000000004 110.66500000000001 218.33000000000001 0.7592493961057315 0.19523809523809524 1135.0000000000002 0.46874757375022907 1165.0000000000002 0.41104593385965887 0 -114.44000000000004
decision_type=2 2 2 2 2 2 2 2 2 2 2 2 2 2 2 2 2 2 2 2 2 2 2 2 2 2 2 2 9 2
left_child=1 2 3 -1 -4 7 8 11 9 12 -9 -2 13 -7 -15 16 -13 -17 -19 20 -16 24 -23 -24 25 27 -26 -8 29 -28
right_child=5 -3 4 -5 -6 6 21 10 -10 -11 -12 15 -14 14 19 17 -18 18 -20 -21 -22 22 23 -25 26 -27 28 -29 -30 -31
leaf_value=-0.070925742036715519 -0.90737814408968664 0.46876799486171983 0.095882727217241392 0.78573736986150355 -0.37315113201830652 -0.17715272148243316 0.12909980865374351 0.00028716244097726218 0.59370363316438379 -0.08293120091739864 0.90245195459371264 0.90424057958038662 -0.2979944415546612 -0.46554943434229801 0.36568749942061191 0.21187689128114526 -0.1473567569454339 0.27432115687463909 -0.83100010976307837 0.73577284076500016 -0.27502729398329784 -1.1244938133030844 -0.097303699286072035 0.028382332093946163 -0.1298224861171704 0.2936467336745775 0.15194980730932445 -0.28998596343058269 0.0021853576797610688 -0.033121921526566921
leaf_weight=26.143722504377365 36.517536714673042 25.377428352832794 89.447123780846596 28.274507001042366 45.547795385122299 27.345582216978073 31.718607664108276 58.10402113199234 25.448533326387405 36.398464262485504 68.594001829624176 30.146382376551628 72.75825035572052 33.143328875303268 26.972619503736496 102.78147561848164 175.65796016156673 21.524179980158806 32.096176251769066 21.021215349435806 29.755401760339737 25.909539759159088 28.411015421152115 31.810304746031761 53.077751010656357 44.397166311740875 101.70956642925739 30.09331488609314 2114.2832768559456 1309.1608500778675
leaf_count=48 78 47 184 44 105 56 43 108 51 63 116 54 147 62 50 237 372 38 69 47 62 48 48 48 77 57 178 45 4520 2623
internal_value=-0.00121777 0.00697184 0.00300625 0.0189461 -0.00341929 -0.00160278 -0.0023294 0.00398896 -0.0117799 -0.0146144 0.0162121 0.000104962 -0.0108206 -0.00422483 0.00159217 0.00224685 -0.00379623 0.0101988 -0.0050077 0.0119462 0.00294875 -0.00164554 -0.0153933 -0.00446636 -0.00132416 0.0110946 -0.00169278 -0.001903 -0.00136924 -0.00401883
internal_weight=4783.63 214.791 189.413 54.4182 134.995 4568.84 4043.41 525.422 272.843 247.395 126.698 398.724 210.996 138.238 110.893 362.206 205.804 156.402 53.6204 77.7492 56.728 3770.57 86.1309 60.2213 3684.44 106.209 3578.23 61.8119 3525.15 1410.87
internal_count=9725 428 381 92 289 9297 8225 1072 538 487 224 848 424 277 221 770 426 344 107 159 112 7687 144 96 7543 145 7398 88 7321 2801
cat_boundaries=0 1
cat_threshold=1967242
is_linear=0
shrinkage=0.05


Tree=147
num_leaves=31
num_cat=3
split_feature=95 49 53 52 101 65 47 39 30 5 28 13 99 2 44 98 58 18 31 52 8 65 23 52 37 5 101 29 56 82
split_gain=8.45215 7.96105 15.1716 5.66672 9.63344 11.0261 8.53773 8.38958 7.60142 7.43233 11.1245 11.1547 14.8133 13.9286 11.5974 10.8334 10.7029 10.2051 10.9882 11.9777 11.3844 11.7885 17.4795 14.3309 9.92502 9.83963 11.769 9.40661 9.59336 9.30765
threshold=1205.72 0.86990209325360168 -30.09615078339403 3.1689682539679329 0.72700007344782003 0 0.76295294841263372 3485.0000000000005 0.95914562581676066 0.52786377708978338 169.51500000000001 0.64102564102564108 77.248809523809328 1 -19.700000000000042 3454.6485260770983 0.05097169076998951 0.65983606557377061 2495.0000000000005 3.8032539682537849 1.0000000180025095e-35 2 2946.8950000000004 79.055498866213057 2865.0000000000005 0.48913043478260876 0.74362802617259693 147.535 0.79316127396775782 2761.9095000000002
decision_type=2 2 2 2 2 9 2 2 2 2 2 2 2 9 2 2 2 2 2 2 2 9 2 2 2 2 2 2 2 2
left_child=-1 3 -3 4 7 6 -6 -2 9 17 11 12 -11 -13 -15 -14 -16 18 19 -5 27 22 -22 24 -23 -21 -27 -20 -29 -24
right_child=1 2 -4 8 5 -7 -8 -9 -10 10 -12 13 15 14 16 -17 -18 -19 20 25 21 23 29 -25 -26 26 -28 28 -30 -31
leaf_value=0.56378929211920692 0.15226334915572154 -0.18579629508894771 0.40240310234646376 -0.25146387518069985 -0.2275255464365441 0.17248884871615644 0.0080945543164105526 -0.091263828603730709 0.69447886943815296 0.19232526662851798 0.47520607036224338 -1.6794885280378509 1.1191338617965998 -0.12378168308008385 -0.010476730712417748 -0.18108994259951885 0.14412635894139073 -0.7719920252321284 -0.69007808189968645 -0.0055096428861347137 3.9530305921830085 -0.13936318478326798 0.34289674767922662 -0.10496179301812916 0.11283221064605442 1.2127653507137965 0.00024947609978340782 -0.34565256413815182 0.10122999089209253 -0.10360186339157523
leaf_weight=22.18000453710556 195.34015008807182 30.923212647438049 80.228633731603622 47.345753267407417 193.94441296160221 188.78227171301842 95.919022008776665 41.024513676762581 49.469760298728943 332.52546401321888 107.44785884022713 73.332258358597755 50.893070101737976 63.037754327058792 546.57958607375622 92.709640622138977 160.15384623408318 41.756901443004608 176.29132902622223 1436.4425676316023 30.084730803966522 64.080379903316498 58.924821302294731 301.22470720112324 75.412828847765923 35.774469792842865 46.447946608066559 24.012402072548866 37.69412362575531 60.193904966115952
leaf_count=37 344 69 126 84 408 414 222 80 118 717 246 165 118 111 1231 197 372 82 448 2386 74 151 145 642 173 109 137 66 63 137
internal_value=-0.0006895 -0.000833653 0.0123897 -0.00115132 0.00294155 -0.00113684 -0.00714754 0.0112004 -0.00189942 -0.00214886 0.000716985 -0.000543059 0.00557505 -0.00399816 -0.0018198 -0.00784534 -1.05243e-05 -0.00382751 -0.00340007 -0.000937007 -0.00805894 -0.00433485 0.00757524 -0.0083494 0.0047105 -0.000164914 0.0166571 -0.0172898 -0.000488229 -0.000517635
internal_weight=4760.18 4738 111.152 4626.85 715.01 478.646 289.863 236.365 3911.84 3862.37 1426.68 1319.23 476.128 843.103 769.771 143.603 706.733 2435.69 2393.93 1566.01 827.919 589.921 149.203 440.718 139.493 1518.66 82.2224 237.998 61.7065 119.119
internal_count=9672 9635 195 9440 1468 1044 630 424 7972 7854 3157 2911 1032 1879 1714 315 1603 4697 4615 2716 1899 1322 356 966 324 2632 246 577 129 282
cat_boundaries=0 1 2 3
cat_threshold=1900811 16 751616
is_linear=0
shrinkage=0.05


Tree=148
num_leaves=31
num_cat=3
split_feature=33 82 65 73 43 34 38 96 6 49 28 77 47 101 35 3 33 17 7 46 24 24 18 65 58 36 74 101 14 102
split_gain=7.06155 8.50344 11.5579 9.65044 7.99823 6.28974 6.90394 6.51082 6.17145 6.15722 6.3173 6.14657 9.15294 6.131 5.72343 6.44541 11.241 11.0324 9.93804 9.41187 12.1153 15.6579 11.9228 9.17836 11.4439 9.82796 9.33593 14.2249 11.4398 8.88877
threshold=725.00000000000011 2825.1680000000006 0 3751.8300000000004 -65.694999999999922 1295.0000000000002 4645.0000000000009 1134.9206349206349 19.500000000000004 0.043532292377834958 112.75000000000001 0.66297297977380276 0.74691795896776469 0.91666015579333637 5655.0000000000009 1 414.99999999999994 0.51363673209573413 1.0000000180025095e-35 0.82006726668607011 203.62500000000003 180.79000000000005 0.40446592264288644 2 0.093047397262393611 319.99999999999983 3490.1200000000003 0.48825452048553364 0.19090909090909094 0.39047619047619048
decision_type=2 2 9 2 2 2 2 2 2 2 2 2 2 2 2 9 2 2 2 2 2 2 2 9 2 2 2 2 2 2
left_child=14 2 -2 5 -3 7 13 -4 9 10 -6 -8 -13 -7 15 18 17 19 -1 23 21 22 -21 24 -17 -26 -25 -28 -29 -18
right_child=1 4 3 -5 8 6 11 -9 -10 -11 -12 12 -14 -15 -16 16 29 -19 -20 20 -22 -23 -24 26 25 -27 27 28 -30 -31
leaf_value=0.27131440757461578 0.74376482803003585 2.6249602548620787 -0.026711807569374815 -0.27767107131103047 0.98052456782792918 -2.1999701737093531 -0.35489830313321175 0.35386161397708238 -0.0067151177334324082 0.51672308241835485 -0.23985800111827515 -0.030322379593050643 0.63478557529284962 0.011180924260528968 -0.11619222506597851 -0.32495330220171043 -0.023751469254076341 -0.13805238575589485 0.00064295069153104129 -0.037942408072633785 0.1900030688591986 -0.32032759404811628 0.1954423762773761 0.0173555751128724 -0.040405224076828367 0.38118790882604686 -0.73509261731444586 0.7977633906279934 -0.16863284728464692 -0.38899594241211588
leaf_weight=58.391845420002937 54.192497611045837 17.830749362707138 25.890224188566208 69.382082208991051 24.171937689185143 27.035375893115997 23.731132328510284 52.354674682021141 34.505187943577766 17.73407082259655 17.219963282346725 40.749303445219994 42.312191054224968 18.406018301844597 67.174960151314735 213.70515184104443 257.7980053126812 27.897588014602661 2158.9415748715401 129.31293499469757 321.25422389805317 163.33149893581867 178.82520043849945 451.64107140898705 39.353932976722717 30.940053820610046 40.5738675147295 23.858951508998871 35.437631040811539 115.95682528614998
leaf_count=137 117 36 36 144 59 62 57 93 83 35 40 86 83 47 150 383 539 37 4596 255 527 303 333 856 70 46 95 62 75 255
internal_value=-0.000808931 0.00504171 0.00125005 -0.00281922 0.0170857 0.0020082 -0.00391345 0.0135294 0.0112408 0.0210471 0.0104858 0.00303228 0.00944401 -0.0202367 -0.0014402 -0.00121118 -0.00323788 -0.00148624 0.000655844 -0.000952066 0.00295063 -0.00215176 0.00448219 -0.0046549 -0.011769 0.00531691 -0.000764249 -0.0146122 0.000997187 -0.0110862
internal_weight=4779.91 465.515 354.053 299.861 111.462 230.479 152.234 78.2449 93.6312 59.126 41.3919 106.793 83.0615 45.4414 4314.4 4247.22 2029.89 1656.13 2217.33 1628.23 792.724 471.47 308.138 835.511 283.999 70.294 551.512 99.8705 59.2966 373.755
internal_count=9697 978 725 608 253 464 335 129 217 134 99 226 169 109 8719 8569 3836 3042 4733 3005 1418 891 588 1587 499 116 1088 232 137 794
cat_boundaries=0 1 2 3
cat_threshold=15424 1300 400
is_linear=0
shrinkage=0.05


Tree=149
num_leaves=31
num_cat=2
split_feature=95 37 75 44 24 3 22 101 27 43 22 37 37 5 69 22 26 101 48 104 74 24 17 71 30 101 73 94 17 55
split_gain=7.36555 15.2483 11.9524 11.1298 10.6925 13.1467 18.4932 19.6072 15.1719 12.5913 12.3384 18.7779 14.92 13.838 13.3826 14.9196 14.589 13.1096 11.7232 11.0221 13.8721 10.3461 10.3206 11.3708 9.65657 9.60913 9.77515 9.28749 8.92136 8.81033
threshold=2502.3650000000007 2105.0000000000005 2006.6600000000003 15.490000000000125 164.715 0 5827.5963718820867 0.73105553498860598 27.355000000000004 -5.7899999999999627 5827.5963718820867 1260.0000000000002 1065.0000000000002 0.23904761904761904 1 7720.0000000000009 158.06500000000003 0.92193407102633895 0.98942316891107451 0.68676888333385078 2372.5300000000002 196.35500000000005 0.22746555847088273 153.09000000000003 0.57873764434289598 0.39608000074230115 1659.9250000000002 2043.4643990929706 0.31130530554254199 0.16359986617597852
decision_type=2 2 2 2 2 9 2 2 2 2 2 2 2 2 9 2 2 2 2 2 2 2 2 2 2 2 2 2 2 2
left_child=1 4 -2 -3 9 6 7 8 -6 -1 11 12 18 -13 15 16 -12 27 -7 20 -17 -21 23 -4 -19 -16 -27 29 -20 -14
right_child=2 3 22 -5 5 10 -8 -9 -10 -11 14 13 17 -15 25 19 -18 24 28 21 -22 -23 -24 -25 -26 26 -28 -29 -30 -31
leaf_value=0.010909968096464696 -0.14216714435797401 0.33333115211353953 -0.069665518947296334 0.011842002595430046 0.049561080083054779 -0.085301638831028204 0.39383503418442978 -1.2793302308612711 -0.084903556431305205 0.83617105161688132 -0.96656289283269958 -2.6855285498265005 0.43219676291316383 -0.0032329678163549149 -0.060107135885771261 0.14378240294229203 0.020600999946793697 -0.096711683051992389 0.2577486871958854 0.3450947058276384 -1.2842864657292397 -0.023106365411859998 -0.0049264224558200455 -0.26003195594902451 0.03289577641434676 2.2722575497161883 0.022411750886198335 -0.030869650436454777 0.012683335738168468 0.081128371236899005
leaf_weight=115.26893955469131 177.24220409989357 46.514346837997437 127.5236933529377 45.925163298845291 112.26180788874626 92.622930645942688 42.774310797452927 100.89654496312141 24.721620202064514 89.043251574039459 190.85807353258133 39.098253130912781 214.10256449878216 50.672960996627808 36.485067740082741 28.177800178527832 52.954480782151222 79.384749576449394 40.017737254500389 62.893590360879898 33.247525230050087 60.356548726558685 2263.6023032218218 38.44764456152916 44.706078872084618 43.161965474486351 59.706471830606461 28.227355927228928 385.15222047269344 48.524645894765854
leaf_count=238 414 62 299 70 187 183 71 197 33 205 311 106 329 102 72 40 105 168 64 87 61 91 4969 77 93 111 133 51 703 79
internal_value=-0.000644402 0.00150915 -0.00243524 0.0213787 0.000624112 -0.000561866 -0.0103394 -0.0161503 -0.00383055 0.0114848 0.00122094 0.00451058 0.00661265 -0.0173303 -0.00468119 -0.0089526 -0.0172815 0.0136768 0.000951673 0.00155864 -0.0157442 0.010182 -0.00152079 -0.0135557 7.05464e-05 0.00848613 0.0169144 0.0194817 0.00446317 0.0224109
internal_weight=4774.57 2167.76 2606.82 92.4395 2075.32 1871.01 280.654 237.88 136.983 204.312 1590.35 1022.51 932.738 89.7712 567.842 428.488 243.813 414.945 517.793 184.675 61.4253 123.25 2429.57 165.971 124.091 139.354 102.868 290.855 425.17 262.627
internal_count=9711 3952 5759 132 3820 3377 488 417 220 443 2889 1878 1670 208 1011 695 416 720 950 279 101 178 5345 376 261 316 244 459 767 408
cat_boundaries=0 1 2
cat_threshold=34 33
is_linear=0
shrinkage=0.05


Tree=150
num_leaves=31
num_cat=3
split_feature=23 97 75 22 59 102 24 76 22 22 5 34 49 34 74 17 19 3 23 55 13 65 34 19 71 17 49 6 65 25
split_gain=7.34881 12.8894 13.111 16.1596 20.6091 17.4565 10.5695 9.73181 9.72303 9.51336 24.7512 21.0061 27.2315 17.6271 11.7504 11.5254 11.5067 10.558 19.2744 14.389 14.0352 12.2237 20.4957 11.123 10.1573 10.7571 10.1922 9.96663 9.4443 20.3232
threshold=1527.2500000000002 1095.0113378684812 1348.6250000000002 5827.5963718820867 0.019515969688837457 0.48809523809523808 180.33500000000004 1646.6400000000003 5827.5963718820867 5921.3378684807258 0.23904761904761904 2985.0000000000005 0.6152879576427287 1765.0000000000002 1626.9700000000003 0.33945552268762352 501.83333333333331 0 3567.0250000000005 0.43070362473347545 0.95238095238095244 1 3425.0000000000005 414.72222222222234 158.06500000000003 0.25015497327896297 -0.27909091656616486 7.5000000000000009 2 4433.6050000000005
decision_type=2 2 2 2 2 2 2 2 2 2 2 2 2 2 2 2 2 9 2 2 2 9 2 2 2 2 2 2 9 2
left_child=1 -1 3 4 5 7 -5 -3 -4 10 11 12 -2 14 -12 24 -17 18 20 -19 21 22 -15 -24 26 -26 -11 -27 29 -28
right_child=9 2 8 6 -6 -7 -8 -9 -10 15 13 -13 -14 17 -16 16 -18 19 -20 -21 -22 -23 23 -25 25 27 28 -29 -30 -31
leaf_value=-0.03386284370410033 -2.4321688659602319 0.017750153103003187 0.055512929430116743 0.043061836365230026 -0.0099627271586825838 -0.0031143269869641447 -0.64867982899603716 0.32425830522393684 1.7608887011748635 1.3566540741869497 -1.0228435290640163 0.1370480058061517 0.20194039942996656 0.98738094852513714 3.0880353666187972 0.20649090417028759 -0.0074107030182538839 -0.0027472091222207951 -1.5181237581724021 3.3268281167375338 -1.1710452266855167 -0.093727939646087333 -0.45284049737518189 0.5541785112171187 -0.552231641024585 -0.091005363990753096 0.53954029441693696 0.09584445187783075 -0.015174881034977262 -0.14075151815566508
leaf_weight=154.95053750276566 162.03264459967613 33.996891438961029 93.29664321243763 30.890159860253334 165.73773197829723 80.86148002743721 130.81916774809361 128.71474292874336 54.45816008746624 60.532053336501122 18.119258284568787 22.45490850508213 56.481093719601631 56.754202648997307 40.8925851136446 138.33306448161602 102.65978564321995 769.31019346415997 53.414467036724091 25.078811883926392 23.673383772373199 475.06846785545349 26.63818821310997 26.470430046319962 65.412166565656662 80.847348466515541 261.44285625219345 73.585193604230881 1243.3038986176252 92.258434638381004
leaf_count=233 413 62 187 47 246 116 203 166 130 129 40 59 105 156 98 272 222 1714 132 89 30 921 49 38 126 186 593 146 2506 211
internal_value=-0.00119491 0.00294733 0.00576701 0.00233193 0.00761882 0.0168737 -0.01105 0.0263098 0.0190424 -0.00212895 -0.00484981 -0.0197346 -0.024467 -0.00248295 0.0243066 0.000126965 0.0104206 -0.00356843 -0.00816799 0.000362942 -0.00576389 -0.00423637 0.0102827 -0.0111064 -0.0011944 -0.0112929 0.000144998 -0.00409475 -0.000618331 0.00648386
internal_weight=4748.49 873.726 718.775 571.02 409.311 243.573 161.709 162.712 147.755 3874.76 1756.39 240.969 218.514 1515.42 59.0118 2118.37 240.993 1456.41 662.019 794.389 608.605 584.931 109.863 53.1086 1877.38 219.845 1657.54 154.433 1597.01 353.701
internal_count=9625 1390 1157 840 590 344 250 228 317 8235 3844 577 518 3267 138 4391 494 3129 1326 1803 1194 1164 243 87 3897 458 3439 332 3310 804
cat_boundaries=0 1 2 3
cat_threshold=2116 6352 225282
is_linear=0
shrinkage=0.05


Tree=151
num_leaves=31
num_cat=2
split_feature=61 39 25 28 50 65 19 59 22 53 101 19 59 71 44 99 23 13 45 77 87 33 33 74 17 77 15 72 49 48
split_gain=9.66526 10.5179 11.1374 10.8379 11.5301 10.706 9.49197 12.9413 11.2535 9.81946 9.62313 9.46258 9.08331 8.86583 7.90361 7.76371 10.618 7.60267 9.37387 9.75969 8.4299 10.2517 9.41438 9.19883 10.7586 8.39109 11.9364 9.27819 8.96082 8.12424
threshold=0 3205.0000000000005 4507.7450000000017 116.13 0.37462306411946378 1 436 0.016475946866079554 5468.2539682539691 -23.999569137345404 0.75940981344559633 203.33333333333329 0.026062640220887803 91.340000000000018 24.724999999999913 76.884682539682458 2916.2700000000004 0.13392857142857142 -3.1700000000000723 0.84664473836448007 0.67781537669057135 264.99999999999994 675.00000000000011 1988.7250000000001 0.35731329022796726 0.64696689392212658 0.13961038961038957 272.72500000000008 0.86990209325360168 0.63190459948522226
decision_type=1 2 2 2 2 9 2 2 2 2 2 2 2 2 2 2 2 2 2 2 2 2 2 2 2 2 2 2 2 2
left_child=1 3 5 11 6 -3 7 13 10 -8 -9 -1 -10 -5 -13 16 -16 18 19 20 -2 23 -23 24 -22 29 -27 28 -28 -19
right_child=17 2 -4 4 -6 -7 9 8 12 -11 -12 14 -14 -15 15 -17 -18 25 -20 -21 21 22 -24 -25 -26 26 27 -29 -30 -31
leaf_value=-0.11899077842669109 -0.20292487999682793 -0.024252597900941454 -0.075906939558560538 -0.0066483944672299346 -0.45362032285033077 0.33127782537777223 -0.095574462503292781 -0.17241071890562801 0.89682749297466846 -0.58715561313278075 0.049929424691083572 0.52943639576703472 0.06380830276568332 -0.20730405063162183 -0.61364333220750644 0.16421594032467227 0.48373126959895746 0.34388030634027178 0.31603717125705799 -0.48492581382923849 1.5419364203259391 -0.21086096127283441 0.39993557389150852 0.018408572698170644 -0.005108725897040145 0.20400325806782149 -0.025358544392015861 2.2456457597249297 0.17870365984304826 -0.10130207301647204
leaf_weight=59.846351057291031 115.90192463994026 75.42834547162056 44.537218019366264 483.33288183808327 31.656989932060242 252.52798062562943 117.51395379006863 36.078345954418182 93.217989966273308 27.305235087871552 42.880982905626297 72.865616708993912 44.18966169655323 81.178019508719444 29.711654797196388 45.370604231953621 27.114304184913635 35.71442449092865 181.13935028016567 28.768274933099747 46.110194504261017 47.216609805822372 17.23424406349659 119.87460446357727 20.082020476460457 97.930814832448959 1995.4208517968655 20.547750264406204 55.784217834472656 468.57629516720772
leaf_count=137 228 135 101 890 52 437 219 58 153 50 75 113 86 164 68 109 54 115 386 47 98 106 46 244 44 201 4172 57 89 1019
internal_value=-0.00146261 0.001766 0.00909995 -0.00052532 -0.00288672 0.012286 -0.00187199 0.000308401 0.0107054 -0.0136289 -0.00433715 0.00909843 0.0193494 -0.00367658 0.0149659 0.00599509 -0.00631895 -0.00301692 0.00219185 -0.00212532 7.63589e-05 0.00523479 -0.011951 0.0111877 0.0261487 -0.00413957 -0.00278923 -0.00359554 -0.00393043 -0.00994934
internal_weight=4815.06 1564.76 372.494 1192.26 957.354 327.956 925.697 780.878 216.367 144.819 78.9593 234.909 137.408 564.511 175.062 102.197 56.826 3250.3 576.327 395.188 366.42 250.518 64.4509 186.067 66.1922 2673.97 2169.68 2071.75 2051.21 504.291
internal_count=9753 2901 673 2228 1747 572 1695 1426 372 269 133 481 239 1054 344 231 122 6852 1199 813 766 538 152 386 142 5653 4519 4318 4261 1134
cat_boundaries=0 1 2
cat_threshold=2 1314
is_linear=0
shrinkage=0.05


Tree=152
num_leaves=31
num_cat=2
split_feature=4 4 33 74 18 104 65 42 28 58 73 24 30 33 36 59 52 15 74 7 76 89 44 13 71 15 26 65 47 72
split_gain=6.05832 15.7167 17.8486 12.4281 12.2271 11.5878 12.7098 11.4703 11.9137 10.9195 13.5283 10.0189 9.70531 11.7379 12.6869 9.67394 10.8901 9.47115 10.5449 9.30735 12.0423 11.9875 9.29424 11.7124 8.97653 11.1752 8.90906 8.89958 10.0562 9.32789
threshold=5.5000000000000009 3.5000000000000004 2405.0000000000005 4358.3900000000012 0.65432383454688614 0.94501214866812377 0 1845.0000000000002 44.060000000000016 0.029772723006798753 2969.7900000000004 188.55000000000004 0.27321983173858838 1835.0000000000002 835.00000000000011 0.0037470272472550502 40.709569160998178 0.3550420168067227 3657.2500000000005 13.500000000000002 3485.8050000000007 0.20611577964519137 219.97000000000025 0.37980769230769235 68.625000000000014 0.20714285714285713 68.435000000000016 1 0.74050375769854593 177.28500000000003
decision_type=2 2 2 2 2 2 9 2 2 2 2 2 2 2 2 2 2 2 2 2 2 2 2 2 2 2 2 9 2 2
left_child=1 2 3 4 5 27 11 -2 -9 17 15 -7 -10 14 22 -11 -17 24 -19 20 21 -8 23 -14 26 -26 -3 28 -1 -29
right_child=7 9 -4 -5 -6 6 19 8 12 10 -12 -13 13 -15 -16 16 -18 18 -20 -21 -22 -23 -24 -25 25 -27 -28 29 -30 -31
leaf_value=2.2527278691657497 0.9534577942999789 1.4766633740849473 1.4589722914116707 -0.2931743963680532 -0.63456161689004631 0.43040597113110124 0.44560082598297585 -1.2607053361261862 -0.17658775294665718 -0.11499762440604117 -0.092511279018857806 0.033002892761155068 2.5057750635107174 -0.33108321915118766 0.50543815582715013 0.0091692458036561671 0.37356703616667347 0.49642947188920772 -0.46632590514689698 0.46357613491272787 -0.49876740357692811 -0.040483531083139471 -0.61301019904567233 -0.011286516216612343 0.025937875402389923 7.5351380129759171 -0.18485871351392691 -0.018837208716533382 -0.036235882127952833 -0.94844262970262339
leaf_weight=49.700144201517105 23.711215108633041 34.21040278673172 26.157204791903496 101.15547132492065 49.728313341736794 196.0507930368185 103.67425020039082 54.618820711970329 185.53653845191002 38.991962090134621 120.35168066620827 215.63697683811188 26.569474071264267 33.949756994843483 53.640538156032562 81.200558215379715 79.769110441207886 48.325028076767921 24.775938004255295 41.464740365743637 69.362526312470436 252.0895643979311 28.152024775743484 736.75943753123283 31.945198193192482 62.853153049945831 36.558522552251816 1862.9523165225983 22.611269503831863 54.613719880580902
leaf_count=129 62 82 66 281 99 392 203 117 434 104 256 431 60 70 109 223 212 102 59 73 156 440 62 1454 75 135 91 3528 46 133
internal_value=-0.00133506 -0.000329192 -0.00174381 -0.00210011 -0.00150281 -0.00107662 0.00370711 -0.00450698 -0.00523605 0.00737729 0.001345 0.00997406 -0.00406759 -0.00187437 -0.000716363 0.00931681 0.0147295 0.0154731 0.000483211 -0.00199347 -0.00424163 -0.00052587 -0.00231119 -0.00127066 0.0220915 0.0321505 0.00861687 -0.00318803 0.013017 -0.00384694
internal_weight=4747.12 3604.18 3045.2 3019.04 2917.88 2868.16 878.279 1142.94 1119.23 558.982 320.313 411.688 1064.61 879.071 845.121 199.962 160.97 238.668 73.101 466.591 425.126 355.764 791.481 763.329 165.567 94.7984 70.7689 1989.88 72.3114 1917.57
internal_count=9684 7316 5977 5911 5630 5531 1695 2368 2306 1339 795 823 2189 1755 1685 539 435 544 161 872 799 643 1576 1514 383 210 173 3836 175 3661
cat_boundaries=0 1 2
cat_threshold=1594499 8224
is_linear=0
shrinkage=0.05


Tree=153
num_leaves=31
num_cat=2
split_feature=28 50 33 74 43 3 74 26 99 17 29 57 17 42 72 17 30 89 49 69 23 77 53 38 7 7 74 97 46 25
split_gain=5.94684 5.32559 9.45592 8.89782 7.12488 6.19988 10.6952 10.2827 9.47629 8.45404 9.83608 8.41241 8.40369 8.0521 8.01233 17.7517 10.793 12.6626 9.15946 10.2061 25.2527 12.0113 8.83978 8.576 15.3877 8.22019 8.13553 14.491 11.8418 10.0156
threshold=250.59000000000003 0.56525010658420616 69.999999999999901 2155.6600000000003 -175.12000000000009 0 1668.2500000000002 176.26000000000002 -49.336870748299354 0.29964412579984828 54.95000000000001 0.45070930480595478 0.24825943361562683 1115.0000000000002 154.51500000000001 0.39728951389459205 0.080068644287588517 0.57863031071655058 0.86990209325360168 1 1776.9750000000001 0.67263529084082019 -24.449060241323316 4785.0000000000009 13.500000000000002 3.5000000000000004 1536.8950000000002 1229.7052154195014 0.67325721765002988 2334.8950000000004
decision_type=2 2 2 2 2 9 2 2 2 2 2 2 2 2 2 2 2 2 2 9 2 2 2 2 2 2 2 2 2 2
left_child=1 5 3 -3 -4 6 7 9 -8 10 -1 -11 -10 -14 15 18 17 -16 19 21 -21 22 -7 24 26 -22 -23 28 -28 -29
right_child=-2 2 4 -5 -6 14 8 -9 12 11 -12 -13 13 -15 16 -17 -18 -19 -20 20 25 23 -24 -25 -26 -27 27 29 -30 -31
leaf_value=0.06185864798928975 -0.95260825013224704 0.028369464907445786 -0.042155965875192436 -0.74023296633097857 0.47377057532650613 -0.28682815658073652 -1.041114593469008 -0.20645744122011714 -0.7142045461062736 -0.17356340014370064 1.2344631242283925 0.1136500169316122 -0.21272379059965943 -0.029432572354056677 3.1617207629030233 0.070293397889493292 -0.044358702571173581 -0.12929359174479346 0.075603438251038574 3.6800243617092776 2.1940519702971173 -0.069722641423379625 0.19805957331072249 -0.072653249823612501 0.32046885522579416 -0.0038535983485271431 -0.13073081716833598 -1.066192241146463 0.21386630406270657 0.2201220941494583
leaf_weight=27.02706116437912 28.828801706433296 43.092887043952942 39.567798376083374 30.080584406852722 84.404275387525558 76.67186826467514 37.165829703211784 41.886342883110046 49.891392469406128 32.943160593509674 29.165873050689697 113.26916359364986 28.420010954141617 869.00819313526154 40.977903202176094 402.98596668243408 464.93301904201508 32.232048615813255 48.135625451803207 38.542320489883423 20.420299291610718 221.85426138341427 22.522035360336304 166.5602935552597 30.713277041912079 1493.7345907837152 51.452932670712471 47.57627834379673 125.87751072645187 17.80229514837265
leaf_count=54 55 78 67 59 155 162 85 86 130 73 61 236 42 1827 106 743 994 66 64 102 44 385 44 285 44 3246 80 92 164 44
internal_value=-0.00142275 -0.00128473 0.00676003 -0.00749321 0.0151729 -0.0016347 -0.00465046 0.00467607 -0.007012 0.00934262 0.0258258 0.00300771 -0.00604035 -0.00492998 -0.0004972 0.000587743 -0.00608061 0.0117638 -0.00106716 -0.00151627 0.000821386 -0.00621482 -0.0225219 -0.00386467 -0.000564021 -0.00019066 -0.00283009 0.00349594 0.0109142 -0.0166251
internal_weight=4757.74 4728.92 197.146 73.1735 123.972 4531.77 1228.78 244.292 984.485 202.405 56.1929 146.212 947.32 897.428 3302.99 2764.85 538.143 73.21 2361.86 2313.73 1552.7 761.031 99.1939 661.837 495.277 1514.15 464.563 242.709 177.33 65.3786
internal_count=9673 9618 359 137 222 9259 2594 510 2084 424 115 309 1999 1869 6665 5499 1166 172 4756 4692 3392 1300 206 1094 809 3290 765 380 244 136
cat_boundaries=0 1 2
cat_threshold=2146 65
is_linear=0
shrinkage=0.05


Tree=154
num_leaves=31
num_cat=2
split_feature=2 23 97 27 27 102 19 102 15 82 47 57 19 19 58 73 6 95 29 65 72 74 58 23 72 26 89 103 19 49
split_gain=10.3824 11.3503 11.3868 11.7367 16.2125 11.9527 12.3483 10.5949 9.88822 10.2056 8.59338 8.34501 8.22182 14.0741 13.8338 8.07586 12.3734 13.0683 10.0214 10.7184 11.2709 9.95404 9.58661 8.12724 7.56932 8.10022 7.4856 7.27298 6.79799 6.84325
threshold=0 1536.6450000000002 1164.8526077097506 47.775000000000006 21.165000000000003 0.58571428571428574 124.99999999999999 0.34166666666666673 0.3257575757575758 2609.7250000000008 0.32266543505204298 0.014619763088814202 122.00000000000011 195.99999999999997 0.05538540435180745 1157.2500000000002 11.000000000000002 2518.6150000000002 206.52500000000006 1 12.605000000000002 2993.3250000000003 0.028667726027246702 1738.0200000000002 157.29000000000002 11.815000000000003 0.9034201321414691 0.43928571428571433 578.00000000000011 0.51585749662786218
decision_type=9 2 2 2 2 2 2 2 2 2 2 2 2 2 2 2 2 2 2 9 2 2 2 2 2 2 2 2 2 2
left_child=-1 2 3 4 5 6 -2 8 9 -8 -9 -4 -13 14 -14 16 18 21 19 -3 -21 -18 -20 24 25 -17 28 -25 29 -15
right_child=1 15 11 -5 -6 -7 7 10 -10 -11 -12 12 13 26 -16 23 17 -19 22 20 -22 -23 -24 27 -26 -27 -28 -29 -30 -31
leaf_value=-0.091153201591109234 -1.3550404284820248 -0.0096255351234816548 -0.18661775172139017 0.21287561591786341 -0.35003641600901281 0.30352236897300672 0.23563934533828501 -0.21501403989873893 -0.35580085541728934 -0.029963787852378677 0.0027099901189973964 0.89632040766625909 -0.20173975422669629 0.10476098649959376 0.091632161178727509 -0.12373463567998684 0.30444541246450429 -0.11943982850920208 -0.30276495850387947 -0.0025936315081324327 -1.0900738597470665 0.078947382597891649 0.26531655525551229 -0.011755662721699879 -0.80261911506088812 2.4349112203950285 -0.45619141968561988 -0.16488523013651532 0.57108780674988235 0.49184451920878119
leaf_weight=56.611599266529083 21.474960148334503 121.41456314921379 25.222294539213181 73.331085085868835 65.470477402210236 68.861466944217682 82.548673465847969 38.667087554931641 40.876532316207886 52.192432641983032 30.925496906042099 50.80786406993866 43.877582371234894 146.73920997977257 24.362411558628082 21.24220597743988 35.505972027778625 34.436926752328873 45.734763041138649 44.060711711645126 179.40501767396927 38.817766845226288 59.67159104347229 3144.7870572507381 19.89836573600769 40.406862676143646 28.933868736028671 83.494381159543991 29.548169776797295 42.449469313025475
leaf_count=72 40 259 50 121 108 96 108 60 61 77 38 97 73 266 37 42 48 68 77 93 396 53 93 6810 49 89 51 172 62 59
internal_value=-0.00167879 -0.00139634 0.00377401 -0.00143676 -0.00479999 -0.000359198 -0.00515449 -0.00197051 0.00457205 0.0111068 -0.0184807 0.0100804 0.0119937 0.00899132 -0.0111143 -0.00255765 -0.00811606 0.00701953 -0.0117719 -0.0158956 -0.0220032 0.0188171 0.00172058 -0.0016188 0.0139702 0.0226247 0.014531 -0.00201259 0.0176924 0.0142089
internal_weight=4791.78 4735.17 866.289 474.348 401.017 335.547 266.685 245.21 175.618 134.741 69.5926 391.941 366.719 315.911 68.24 3868.88 559.047 108.761 450.287 344.88 223.466 74.3237 105.406 3309.83 81.5474 61.6491 247.671 3228.28 218.737 189.189
internal_count=9725 9653 1404 709 588 480 384 344 246 185 98 695 645 548 110 8249 1087 169 918 748 489 101 170 7162 180 131 438 6982 387 325
cat_boundaries=0 1 2
cat_threshold=8 857089
is_linear=0
shrinkage=0.05


Tree=155
num_leaves=31
num_cat=2
split_feature=2 49 53 95 96 105 23 24 47 29 24 17 31 44 104 61 59 77 54 58 37 73 10 25 25 22 37 29 48 28
split_gain=9.52057 5.56131 12.314 5.73186 7.77908 9.71294 9.56569 11.6634 11.7269 10.5228 15.8763 10.9609 10.8197 9.73683 9.38118 10.1545 9.24804 8.88241 8.37067 7.62917 7.4915 7.36724 13.3 7.83899 11.4769 11.4716 15.2328 9.48213 7.83658 8.50731
threshold=0 0.86990209325360168 -29.566028009725951 1270.6550000000002 1119.9546485260773 0.69416666666666682 1527.2500000000002 165.62500000000003 2.7265688393662251e-05 171.27500000000003 214.72500000000002 0.37881391984084084 1135.0000000000002 3.7349999999999004 0.90479086362482497 1 0.017237374077543204 0.69665053403075172 -38.524394362867277 0.048489300973641708 1045.0000000000002 1117.1900000000003 1.5000000000000002 2478.4100000000003 3061.0050000000006 6870.9750566893426 1055.0000000000002 46.400000000000027 0.99916140395377429 36.820000000000014
decision_type=9 2 2 2 2 2 2 2 2 2 2 2 2 2 2 1 2 2 2 2 2 2 2 2 2 2 2 2 2 2
left_child=-1 3 -3 -2 5 14 7 19 -9 10 13 12 -11 -10 -5 -16 -15 -17 -14 -6 -12 22 23 25 -25 26 -8 -27 29 -23
right_child=1 2 -4 4 6 -7 21 8 9 11 20 -13 18 16 15 17 -18 -19 -20 -21 -22 28 -24 24 -26 27 -28 -29 -30 -31
leaf_value=-0.059724144841803911 0.4160172251575176 -0.15867733756614788 0.30499215077011999 -0.14671957435793301 3.4135536625446679 0.28487476462702549 0.21501733840419562 -0.75768181558623271 0.056317104101870546 -0.18376147198892243 -0.013202499230189525 0.39353315679041079 0.36276482197958765 -0.86628946290525877 0.48936414796351646 -1.0414318626668249 0.051371600180149461 0.0013453018890027481 -0.029961179870097967 0.37069968742512993 0.41348263600453949 -0.63160734900060622 -1.4075022533675019 -0.27831534891205367 0.010374716679490349 0.44846759117615154 -2.2327476213186528 0.02523934885981767 0.0063517081558529757 -0.023181333931314899
leaf_weight=57.799539268016815 27.648663803935051 38.980900943279266 71.016020685434341 242.53862921893597 27.628941938281059 33.155822843313217 22.284267619252205 35.517717361450195 42.24008110165596 52.511002078652382 20.045134097337723 93.424259439110756 44.226362094283104 56.184402853250504 48.178486958146095 21.816907420754433 26.835221827030182 53.597706750035286 31.998900890350342 27.203451812267303 83.148611769080162 37.27600109577179 116.24796243011951 50.644517883658409 51.896001935005188 28.070580154657364 29.434884920716286 143.20965333282948 2197.6124632209539 944.67641350626945
leaf_count=73 50 89 110 459 53 73 38 62 59 77 37 134 69 93 75 44 43 110 52 62 173 75 250 96 147 44 79 210 4579 2161
internal_value=-0.00110718 -0.000834582 0.0102739 -0.00110265 -0.00124022 -0.00790676 -0.000600709 0.00560101 0.00313531 0.00531556 -0.00221918 0.0130637 0.00360268 -0.0141829 -0.0102535 0.000958261 -0.0241266 -0.0104969 0.0156337 0.0274613 0.0123028 -0.00152713 -0.00757725 -0.00239309 -0.0138351 0.00286822 -0.0177693 0.00909986 -0.000686492 -0.00439996
internal_weight=4757.05 4699.25 109.997 4589.25 4561.6 399.288 4162.32 540.964 486.132 450.614 228.453 222.161 128.736 125.26 366.132 123.593 83.0196 75.4146 76.2253 54.8324 103.194 3621.35 441.788 325.54 102.541 222.999 51.7192 171.28 3179.56 981.952
internal_count=9676 9603 199 9404 9354 761 8593 914 799 737 405 332 198 195 688 229 136 154 121 115 210 7679 864 614 243 371 117 254 6815 2236
cat_boundaries=0 1 2
cat_threshold=8 2
is_linear=0
shrinkage=0.05


Tree=156
num_leaves=31
num_cat=5
split_feature=3 18 72 65 90 5 94 61 65 104 59 39 49 54 101 3 42 36 30 99 46 54 97 74 26 37 29 72 45 37
split_gain=9.43164 9.60389 16.0029 10.8423 9.61136 9.33414 8.54924 8.50414 8.0274 8.51491 11.185 10.8161 10.9889 10.4854 10.2843 10.0846 9.63671 8.68664 9.16388 8.63148 8.26021 9.29258 8.11372 14.7696 8.00681 7.91169 7.49558 6.93381 6.67466 6.51855
threshold=0 0.4548903878583474 173.96500000000003 1 0.12141687141687142 0.81534090909090928 3475.7374149659868 2 3 0.90662788061453858 0.016230307471551051 2285.0000000000005 -0.073086956678019691 -29.944256739127454 0.65985398323683719 4 2105.0000000000005 59.999999999999893 0.64282586308120238 76.162358276644014 0.53246314487853164 -31.315227154058153 2007.9365079365082 1566.7450000000001 18.725000000000005 895.00000000000011 118.22500000000001 194.49500000000003 12.129999999999884 5185.0000000000009
decision_type=9 2 2 9 2 2 2 1 9 2 2 2 2 2 2 9 2 2 2 2 2 2 2 2 2 2 2 2 2 2
left_child=-1 25 4 5 8 -4 27 -6 9 10 13 -12 -13 28 -14 -11 -17 -18 19 -19 -10 -22 23 -23 -24 -2 -15 -5 -3 -27
right_child=1 2 3 6 7 -7 -8 -9 20 15 11 12 14 26 -16 16 17 18 -20 -21 21 22 24 -25 -26 29 -28 -29 -30 -31
leaf_value=-0.10778129881516137 -1.4112672676593947 -0.53237728369202986 -1.0340951143830353 0.48607947982670796 0.93679940027753883 -0.012291114011819105 -0.081150837752383617 -0.41566317039714562 -0.071749213545868787 -0.17555753261638074 0.1410734506389005 0.84074701722558098 -0.37229856974926889 -0.17569826108555875 0.091297387328533125 0.36978118187870879 -0.066560039206265034 -0.081324181197243217 0.37048568376339119 0.060305021858587798 0.16511173792933179 0.46525922632588429 0.56912380054408729 -0.87001113721283341 0.17701988112177106 -0.011971290286279768 0.4163933998640259 -0.029792232288369292 0.034326713370192864 0.93929316986261857
leaf_weight=54.732047915458679 34.759501025080681 100.20999123156071 68.384056940674782 27.373506039381027 20.162596419453621 38.063025429844856 21.320795133709908 40.970233619213104 31.972488388419151 72.435288831591606 83.152704998850822 29.905878007411957 58.315768107771873 48.477057188749313 34.486840158700943 81.348621308803558 24.498706042766571 23.349901586771011 43.539709582924843 28.569207370281219 186.58567103743553 32.264641493558884 27.525982230901718 40.137588933110237 125.08936177194118 3255.1504852920771 29.047464430332184 37.393398106098175 34.48725588619709 23.172706261277199
leaf_count=70 87 207 179 63 51 93 52 87 65 127 144 52 122 118 69 143 47 52 92 60 310 56 43 73 283 6679 46 85 75 40
internal_value=-0.000876087 -0.000611934 0.00287656 -0.0105022 0.00502934 -0.0201439 0.00336836 -0.0142831 0.00606917 0.00255378 -0.00189781 0.00640575 -0.00302874 -0.0099525 -0.0115227 0.00944594 0.0147771 0.00650236 0.0133186 -0.000868071 0.011241 0.013396 0.00655489 -0.00722974 0.0130944 -0.00207639 0.00469713 0.0128 -0.018384 -0.0018248
internal_weight=4756.88 4702.15 1389.07 192.535 1196.53 106.447 86.0877 61.1328 1135.4 691.824 418.083 205.861 122.708 212.222 92.8026 273.741 201.306 119.958 95.4588 51.9191 443.576 411.603 225.018 72.4022 152.615 3313.08 77.5245 64.7669 134.697 3278.32
internal_count=9670 9600 2794 472 2322 272 200 138 2184 1354 833 387 243 446 191 521 394 251 204 112 830 765 455 129 326 6806 164 148 282 6719
cat_boundaries=0 1 2 3 4 5
cat_threshold=32 1131785 2 725019 2056
is_linear=0
shrinkage=0.05


Tree=157
num_leaves=31
num_cat=1
split_feature=53 51 29 27 49 59 94 28 17 57 27 30 28 104 26 29 104 51 30 58 72 65 26 56 26 39 89 89 28 75
split_gain=5.9471 13.9056 15.8828 14.709 11.357 10.8685 10.6974 10.2494 9.02852 11.0615 12.7772 11.913 9.07804 9.02425 8.90721 12.1777 8.6011 11.9116 9.24001 8.71719 7.96325 7.70572 12.8384 12.7196 8.82901 8.42277 7.67561 10.3303 10.1894 7.6423
threshold=-28.610746918312106 0.033189363349238207 58.980000000000011 6.3550000000000013 0.35158143079254284 0.039077280549044108 3955.2381972789121 174.69000000000003 0.22746555847088273 0.24959551138490246 48.640000000000008 0.5464984443389761 114.395 0.76154733729627122 23.195000000000004 58.980000000000011 0.93730408782149899 0.75505659425629978 0.28845898466476316 0.036293180932616458 218.10500000000005 0 167.33000000000001 0.99904164973040255 27.305000000000003 1003.5050000000002 0.94482496194824972 0.8310773733308946 161.66 2389.2700000000004
decision_type=2 2 2 2 2 2 2 2 2 2 2 2 2 2 2 2 2 2 2 2 2 9 2 2 2 2 2 2 2 2
left_child=6 2 -2 7 5 8 20 -4 12 10 13 -12 -3 -10 15 -11 17 -17 -18 -19 -1 25 23 -23 -25 -16 27 -6 -29 -5
right_child=1 4 3 29 26 -7 -8 -9 9 14 11 -13 -14 -15 21 16 18 19 -20 -21 -22 22 -24 24 -26 -27 -28 28 -30 -31
leaf_value=-0.010300693497084623 -0.082781004826998406 -0.016416182647833465 0.067922925309231635 0.19861535048095966 -0.014030304316125354 0.14450061825589397 -0.27597758228526031 -0.38757875047670254 0.0006052337826851329 -0.06323203724595175 0.56790577397296926 -0.11327440530689614 -0.73354472100940316 -0.36587321589704375 -0.78069763165904504 0.11416981560092127 0.2001321011142487 0.013461257552835094 0.50092163382552257 -0.081616492742732305 -0.44101531027712754 0.33383643329483165 0.86000174962372522 -1.3269379616118941 -0.0087629165948627016 -0.0093003914272756557 0.040346390747598805 -0.15213553650544112 -0.97986112321184293 0.31579294900310023
leaf_weight=1677.6981592923403 30.46140493452549 68.379024475812912 44.143656730651855 53.674761235713959 330.39902751147747 47.621552422642708 127.68588030338287 41.690433263778687 23.068578004837036 30.728811398148537 39.13238313794136 70.700747027993202 53.126591145992279 68.889971658587456 32.121765598654747 167.31657913327217 82.947874322533607 46.114622220396996 71.529293790459633 34.11564014852047 48.065673738718033 86.139225482940674 76.498022750020027 25.213346868753433 274.52048413455486 967.23250338435173 44.900323286652565 39.566281259059906 34.584046751260757 59.537985175848007
leaf_count=3486 54 145 79 74 530 87 335 76 43 59 71 151 122 122 79 312 150 85 122 65 118 159 178 51 588 2116 63 56 55 114
internal_value=-0.00143857 -4.18926e-05 0.0117761 0.0169217 -0.00104096 0.000399484 -0.00365731 0.00131167 -0.000108003 0.000660055 -0.0104687 0.0010437 -0.0133589 -0.0242188 0.00184544 0.00814643 0.0104653 0.00468803 0.0197233 -0.0111509 -0.00262407 -2.00073e-05 0.00525102 0.00165493 -0.00321157 -0.00248642 -0.00830137 -0.0104782 -0.0273439 0.0287566
internal_weight=4797.8 2944.35 229.508 199.047 2714.85 2265.4 1853.45 85.8341 2217.78 2096.27 201.792 109.833 121.506 91.9585 1894.48 432.753 402.024 247.547 154.477 80.2303 1725.76 1461.73 462.371 385.873 299.734 999.354 449.45 404.549 74.1503 113.213
internal_count=9745 5806 397 343 5409 4705 3939 155 4618 4351 387 222 267 165 3964 793 734 462 272 150 3604 3171 976 798 639 2195 704 641 111 188
cat_boundaries=0 1
cat_threshold=1983625
is_linear=0
shrinkage=0.05


Tree=158
num_leaves=31
num_cat=4
split_feature=2 95 43 17 46 7 43 76 65 19 19 50 4 101 74 96 53 61 46 65 27 44 5 26 57 97 96 47 55 5
split_gain=11.3035 7.38009 9.73109 13.8146 12.5543 9.29626 12.626 9.83769 9.48956 8.20297 7.96594 7.74072 14.23 11.7444 10.4649 13.5124 9.6587 9.0747 8.89955 8.51951 8.53118 10.2017 8.33822 8.19273 8.86913 8.1786 11.6441 13.6898 12.2753 8.58683
threshold=0 2581.9450000000006 -160.15000000000006 0.34011887717664324 0.79192700417190254 11.500000000000002 -79.200000000000031 3600.5650000000005 1 197.0833333333334 291.83333333333343 0.081144562688180114 2.5000000000000004 0.63854874563129593 2353.2100000000005 1598.8662131519275 -26.383931432266962 2 0.63795168593162088 3 96.115000000000023 4.6149999999997826 0.58957219251336912 20.855000000000004 0.82669518455554392 1109.9773242630388 1134.9206349206349 0.035992500645787358 0.012743506493506451 0.324561403508772
decision_type=9 2 2 2 2 2 2 2 9 2 2 2 2 2 2 2 2 1 2 9 2 2 2 2 2 2 2 2 2 2
left_child=-1 2 3 9 -5 7 -7 11 -8 -2 -11 13 25 14 15 16 -4 -14 -15 20 21 -20 -21 -17 -25 -13 -27 28 -28 -29
right_child=1 -3 5 4 -6 6 8 -9 -10 10 -12 12 17 18 -16 23 -18 -19 19 22 -22 -23 -24 24 -26 26 27 29 -30 -31
leaf_value=-0.11567757559548647 -0.24375925351306585 -0.01548920808999199 0.39595194926664629 -0.13826999645086815 0.25978402512421284 0.71324604532486824 -0.015046523734433492 0.8309879034414891 0.27055992865908324 0.0048146206367775338 -0.091494290601815936 -0.77837987541100917 -0.049845559368863236 -0.39918797827878055 0.28562216090069764 -0.46831147780793292 -0.05445501731596139 1.0039507770095484 0.074645898756019055 0.035934117362481824 0.020104567573639542 -0.075427381966508736 1.6858494914979674 0.57580201770253303 -0.07185490005872773 0.26399436511620922 0.22240239725153188 -0.55431642219563348 -0.17191397429277899 -0.037528876030328111
leaf_weight=57.034286677837372 35.12120333313942 2431.6952466964722 162.36647434532642 37.746130540966988 49.68046061694622 46.76430407166481 83.145502179861069 30.639666646718979 72.512586683034897 41.879297733306885 33.607807129621506 33.08659340441227 23.146239176392555 77.097376227378845 59.26375637948513 39.37636387348175 32.954907655715942 22.783774733543396 83.804530650377274 442.8724347949028 121.0363772213459 390.51178550720215 26.6027672290802 23.614149868488312 45.547453179955482 38.8636534512043 35.037144809961319 103.08171899616718 46.121524393558502 59.342085525393486
leaf_count=74 65 5400 276 62 82 73 119 68 126 66 49 52 59 158 96 77 48 73 142 771 295 840 72 47 88 53 52 175 89 86
internal_value=-0.0010737 -0.000780742 0.00124958 -0.00934557 0.00550833 0.00224894 0.0124344 0.00116217 0.00558982 -0.0210863 -0.0117986 0.000700858 -0.0058695 0.00227884 0.0101114 0.00636278 0.0142227 0.0201329 -0.000211844 0.00097588 -0.00298729 -0.00606097 0.0059388 -0.00778162 0.0025836 -0.0096545 -0.00689935 -0.0109545 0.00581434 -0.0193334
internal_weight=4786.34 4729.3 2297.61 198.035 87.4266 2099.57 202.422 1897.15 155.658 110.608 75.4871 1866.51 361.463 1505.05 363.123 303.859 195.321 45.93 1141.93 1064.83 595.353 474.316 469.475 108.538 69.1616 315.533 282.446 243.582 81.1587 162.424
internal_count=9733 9659 4259 324 144 3935 318 3617 245 180 115 3549 639 2910 632 536 324 132 2278 2120 1277 982 843 212 135 507 455 402 141 261
cat_boundaries=0 1 2 3 4
cat_threshold=8 1050 1 1127689
is_linear=0
shrinkage=0.05


Tree=159
num_leaves=31
num_cat=3
split_feature=31 19 43 43 12 103 18 15 99 65 30 71 28 4 18 15 65 53 45 77 96 37 37 82 65 26 26 22 52 35
split_gain=6.81007 11.148 9.83972 11.0569 12.7771 11.5074 9.48667 11.4422 9.47914 9.4533 9.2609 11.6811 8.99748 12.3798 10.6053 9.28007 10.0029 10.7469 10.1423 10.0968 8.59959 9.11345 9.8595 9.22907 10.4559 8.40997 9.12592 9.76721 8.15271 7.9926
threshold=2455.0000000000005 281.66666666666669 -161.99999999999986 -112.09500000000001 1.0000000180025095e-35 0.097619047619047619 0.3500064404185515 0.17424242424242423 68.437551020408037 0 0.13232148942218808 71.050000000000011 44.060000000000016 3.5000000000000004 0.44167360080657497 0.51470588235294124 1 -21.88533178333002 -146.8149999999998 0.58826712538678272 2905.8956916099778 1955.0000000000002 1570.0000000000002 2538.0590000000007 2 113.02500000000002 115.05500000000002 6870.9750566893426 166.98537414965998 1535.0000000000002
decision_type=2 2 2 2 2 2 2 2 2 9 2 2 2 2 2 2 9 2 2 2 2 2 2 2 9 2 2 2 2 2
left_child=2 9 6 25 5 -5 -1 -8 -7 20 11 -11 -3 -14 15 16 17 18 -15 -18 -2 22 -22 24 -23 -4 -27 29 -16 -28
right_child=1 12 3 4 -6 8 7 -9 -10 10 -12 -13 13 14 28 -17 19 -19 -20 -21 21 23 -24 -25 -26 26 27 -29 -30 -31
leaf_value=-0.21457933742207003 -0.19603254999970832 -1.075760553713863 0.40505486941412339 0.018526716882526273 -0.12382687456626869 -0.12669684712646756 0.076735323089779692 -0.083993901260528511 0.31727665713099285 0.22593104588949303 0.38322847832171902 -0.39000109469915928 -0.10881665966892413 -0.19507705323936772 0.0078881584245152677 -0.24886515400522941 -0.1415188043540194 -0.60990361198734466 0.434952894917012 0.039103531614718183 0.013974269490429948 -0.24411792248502026 1.1943300577600553 -1.3996299297281425 0.034345853596965979 -0.2129628138758336 0.5384786098275246 0.68876684380065356 0.26817010472541025 -9.1427299977908671e-06
leaf_weight=45.173987194895744 126.50623200833797 51.063229069113731 52.789279907941818 1612.8156159520149 123.00580877065659 250.92517179250717 40.491714596748352 123.15910153090954 34.313549175858498 52.792410299181938 180.76035572588444 22.83672034740448 573.96588777005672 49.451837837696075 155.6302243322134 44.627071261405945 60.382571876049042 30.883197352290154 25.227220639586449 280.45903842151165 31.072210595011711 57.197655439376831 28.26064744591713 39.78805485367775 361.53976699709892 21.887534767389297 34.987347990274429 38.576775431632996 91.695309519767761 137.67952170968056
leaf_count=75 282 114 91 3079 204 465 64 206 68 122 429 41 1280 93 350 79 133 60 57 602 79 149 70 87 789 36 54 57 181 300
internal_value=-0.000725888 -0.00271528 0.0010645 0.00200529 0.000703333 0.00171539 -0.00932881 -0.00372967 -0.00754209 0.00160113 0.00951515 -0.0048048 -0.00556703 -0.0047658 -0.000484104 -0.00473694 -0.00256361 -0.0152442 -0.00642896 0.00175934 -0.00166958 0.00115943 0.0195985 -0.00122658 0.000960038 0.0112083 0.00712778 0.0103121 0.00795932 0.00523024
internal_weight=4779.95 2264.14 2515.81 2306.98 2021.06 1898.05 208.825 163.651 285.239 900.754 256.389 75.6291 1363.39 1312.32 738.356 491.031 446.404 105.562 74.6791 340.842 644.365 517.858 59.3329 458.525 418.737 285.92 233.131 211.244 247.326 172.667
internal_count=9696 4997 4699 4354 3816 3612 345 270 533 2048 592 163 2949 2835 1555 1024 945 210 150 735 1456 1174 149 1025 938 538 447 411 531 354
cat_boundaries=0 1 2 3
cat_threshold=1201241 666720 1196032
is_linear=0
shrinkage=0.05


Tree=160
num_leaves=31
num_cat=0
split_feature=37 59 59 72 43 71 18 19 99 17 103 43 82 25 24 23 103 104 19 92 103 24 18 102 58 30 49 54 57 46
split_gain=7.39063 8.15543 10.897 12.0202 9.82511 10.993 10.7325 8.86605 11.8866 8.58618 7.66617 9.70435 7.38847 7.18226 8.80892 9.53901 6.51343 11.4649 9.14898 6.96765 6.8864 8.38264 11.2398 8.75159 9.09015 7.77905 6.35176 10.4724 10.82 8.16756
threshold=895.00000000000011 0.040631126625298754 0.047606461863501308 19.935000000000006 -161.99999999999986 132.33500000000004 0.31363352095059421 288.33333333333331 6.1320861678004812 0.54579771471560734 0.48809523809523808 -112.09500000000001 2871.315000000001 3807.3100000000004 206.39000000000001 2545.5000000000005 0.2678571428571429 0.5091370327060788 353.66666666666669 0.039230769230769208 0.097619047619047619 216.66500000000002 0.41104593385965887 0.29285714285714287 0.035159019028472155 0.24719724629142106 0.76679701961963642 -28.435222402109037 0.62648338403396453 0.84334469940645562
decision_type=2 2 2 2 2 2 2 2 2 2 2 2 2 2 2 2 2 2 2 2 2 2 2 2 2 2 2 2 2 2
left_child=-1 4 -3 -4 5 -2 -7 8 -8 10 16 -12 -9 14 15 -5 19 -18 -19 20 26 22 23 24 -22 -26 -6 28 29 -28
right_child=1 2 3 13 9 6 7 12 -10 -11 11 -13 -14 -15 -16 -17 17 18 -20 -21 21 -23 -24 -25 25 -27 27 -29 -30 -31
leaf_value=-1.1363880201430347 -0.17401681581057118 0.10630220575815506 1.4724932714245726 0.34132965407900717 -0.00054339213113223654 -0.2208423239663091 0.90308917715841663 -0.15434717996734745 0.013275556015908309 -0.24594829416685757 0.068168737115748099 -0.53625109326454623 0.12778795528238618 0.093788416896691734 -0.33215993945760158 -1.1405900473190371 -0.27797581915993136 0.062124875025904386 0.47449562115962185 0.24395609355020298 -0.094545704334026232 -0.7076479691647013 0.28840009529255611 -0.9223407472288323 -0.30866552123606539 0.29736585555717865 -0.027783121377399314 -0.014147007823274294 0.59697836647581004 0.44539369070239998
leaf_weight=42.471132263541222 150.09402395784855 120.37131798267365 26.959305122494698 25.240616455674171 3557.0493959933519 27.343157455325127 33.847212642431259 43.277454718947411 58.366633236408234 43.929286479949951 25.112622454762459 49.022247284650803 34.536596059799194 18.948067426681519 22.994635671377182 31.722041174769402 35.528893813490868 52.282932922244072 32.459283858537674 19.615919530391693 22.652675032615662 37.067917734384537 48.960821986198425 27.253010183572769 22.475461065769196 22.566716119647026 45.311027854681015 26.744128048419952 44.015681326389313 28.24918669462204
leaf_count=102 275 239 59 60 7371 52 69 94 110 83 42 113 71 41 42 64 62 102 50 41 40 66 83 53 48 36 86 40 65 43
internal_value=-0.000568265 -0.000381975 0.00847771 -0.00180856 -0.000868091 -0.00894386 -0.00118831 0.00348735 0.0139757 -0.000190351 4.54429e-05 -0.015887 -0.00894187 -0.00987568 -0.0164348 -0.00589041 0.000339098 0.0117996 0.0217953 -1.41509e-05 -0.000164337 -0.00968767 -0.00422626 -0.0142606 -0.00462892 0.00836463 0.000301302 0.0105842 0.0170079 0.00527502
internal_weight=4776.47 4734 246.236 125.865 4487.76 347.465 197.371 170.028 92.2138 4140.3 4096.37 74.1349 77.8141 98.9054 79.9573 56.9627 4022.23 120.271 84.7422 3901.96 3882.35 180.977 143.909 94.9479 67.6949 45.0422 3701.37 144.32 117.576 73.5602
internal_count=9702 9600 505 266 9095 671 396 344 179 8424 8341 155 165 207 166 124 8186 214 152 7972 7931 326 260 177 124 84 7605 234 194 129
is_linear=0
shrinkage=0.05


Tree=161
num_leaves=31
num_cat=3
split_feature=61 37 60 53 65 47 54 19 34 99 24 98 104 99 63 32 53 104 26 18 57 19 47 37 59 50 52 7 28 45
split_gain=5.93599 13.6939 8.58794 10.8778 10.4492 11.9659 11.0696 8.37875 15.0557 15.5924 12.772 10.3153 9.83049 8.12948 9.91038 7.89135 7.73217 8.17615 7.68369 7.61413 7.30046 10.0851 10.4297 9.02761 8.12367 7.09079 6.85399 7.37197 10.7633 10.3222
threshold=0 2175.0000000000005 1 -19.978962423914492 2 0.50881139985940893 -30.251884557763649 480.83333333333343 1105.0000000000002 -6.7333673469386204 209.89500000000001 2177.5510204081638 0.93632154641657184 19.551462585033963 1.0000000180025095e-35 2185.0000000000005 -20.492014529069817 0.96307457825082554 34.600000000000001 0.41536448692590394 0.11204410979487361 153.66666666666677 0.44122527976415615 1185.0000000000002 0.013766604911492201 -0.0096050601026453474 366.3892176870749 1.0000000180025095e-35 46.540000000000006 18.174999999999958
decision_type=1 2 1 2 9 2 2 2 2 2 2 2 2 2 2 2 2 2 2 2 2 2 2 2 2 2 2 2 2 2
left_child=1 2 3 7 5 -4 -7 8 -1 10 15 -11 18 -9 -15 -10 17 -3 -13 -8 -6 -22 23 -23 -24 -20 27 28 29 -2
right_child=26 16 4 -5 20 6 19 13 9 11 -12 12 -14 14 -16 -17 -18 -19 25 -21 21 22 24 -25 -26 -27 -28 -29 -30 -31
leaf_value=-0.052387970722187309 -0.029172630990036908 -0.049101610256613526 0.0097354383202002751 -0.25271417612293023 -1.1924606025919944 -0.91119666030858504 -0.12923528443306403 0.48874577639879535 -0.011849415875245484 0.50203962819915948 0.41707046039617834 -0.067099274209179785 0.43714325718201369 -0.019110630584269473 0.66881026457692849 -0.53153151789951392 0.038531837943356351 -0.16811206753060193 -0.16900918664132406 0.016012217277073758 0.86900457110142215 -0.13526356223129693 0.020141622246724469 0.78853934203184517 0.25613276598855955 0.40789013988325362 0.017177582642783306 -0.019825552888295041 0.38006452723782475 1.2665635727159512
leaf_weight=30.235767900943756 280.84743854403496 141.54502952098846 100.02542282640934 44.576871603727341 27.072474047541618 29.738929614424706 45.489114135503769 56.059286847710609 33.782378524541855 136.06456907093525 24.94056636095047 68.225036680698395 71.906151846051216 34.533032774925232 46.320029765367508 31.049849331378937 43.227761596441269 70.519858688116074 21.489148557186127 58.781291589140892 32.253763556480408 36.341279268264771 215.72157420217991 30.362530142068863 52.409906715154648 36.981036186218262 98.877637401223183 2708.3620250225067 134.02287532389164 37.018426775932312
leaf_count=36 568 347 197 89 54 57 76 92 58 220 36 133 126 59 88 52 84 159 50 123 49 60 378 62 83 74 146 5754 327 65
internal_value=-0.00101251 0.00156818 0.00370096 0.00773205 -0.00049644 -0.00865933 -0.018797 0.00964833 0.00638304 0.00881145 -0.00969197 0.0137749 0.00650908 0.0204921 0.010347 -0.0213893 -0.00899456 -0.0129233 -0.00187141 -0.0111225 0.00444464 0.00640533 0.00383317 -0.0138593 0.00823458 0.0114294 -0.00221583 -0.00262141 0.00329065 -0.00172001
internal_weight=4778.78 1519.65 1264.36 636.164 628.196 234.035 134.009 591.587 454.675 424.439 89.7728 334.666 198.601 136.912 80.8531 64.8322 255.293 212.065 126.695 104.27 394.162 367.089 334.835 66.7038 268.131 58.4702 3259.13 3160.25 451.889 317.866
internal_count=9702 2842 2252 1113 1139 453 256 1024 785 749 146 603 383 239 147 110 590 506 257 199 686 632 583 122 461 124 6860 6714 960 633
cat_boundaries=0 1 2 3
cat_threshold=2 3 210955
is_linear=0
shrinkage=0.05


Tree=162
num_leaves=31
num_cat=3
split_feature=43 49 65 17 104 104 104 58 48 59 35 19 65 28 94 24 19 54 59 22 82 30 75 45 65 45 39 49 27 30
split_gain=7.87059 9.76374 10.7214 8.62454 8.11471 10.846 9.43532 11.5055 9.19394 9.36888 7.72472 10.5269 15.6957 10.6248 11.5574 14.051 10.453 14.1389 10.4199 9.10892 15.8149 12.505 9.27304 8.86876 12.9039 9.76159 8.76148 7.9907 7.54473 10.5075
threshold=-158.12999999999985 0.64899884801129704 0 0.41707449033187977 0.84206362399758217 0.67713769061103368 0.99811275671237276 0.034024857124327908 0.94192576731019351 0.029901840799878055 3205.0000000000005 515.83333333333337 1 180.22000000000003 2449.9047619047619 186.08000000000001 571.83333333333348 -31.315227154058153 0.022419828086282154 7720.0000000000009 2825.1680000000006 0.49529353942105625 3277.4050000000007 -133.81999999999991 2 -967.14499999999987 3585.0000000000005 0.14118159974841307 4.495000000000001 0.53323668022240489
decision_type=2 2 9 2 2 2 2 2 2 2 2 2 9 2 2 2 2 2 2 2 2 2 2 2 9 2 2 2 2 2
left_child=1 2 -1 4 5 8 -6 -8 -4 -10 11 19 13 14 16 -16 -13 -18 26 -2 22 -22 -21 25 -25 -12 -14 -26 -27 -30
right_child=10 -3 3 -5 6 -7 7 -9 9 -11 23 12 18 -15 15 -17 17 -19 -20 20 21 -23 -24 24 27 28 -28 -29 29 -31
leaf_value=-0.085192326317206662 -0.0041967334033113706 -0.1127303853176827 -0.51413369412386911 0.43398685226013356 -0.11767376080973549 0.20715111098497219 0.65078874126547392 -0.068245474052356772 -0.21315834362375627 0.15831520239099747 0.18921568185005527 0.70100511367266205 0.64196601077952919 -0.62810900621039567 -0.95013501516723409 0.080895676241874839 -0.080754325042686412 0.3714794156669079 0.63536975134808216 0.45508243130639991 -0.21823945461961075 0.081321049268741785 -0.025402687664114867 -0.034602040943606485 0.026185758626012048 -0.16018168967117605 -0.0039558519699490089 0.21382118816326923 0.0069531780725711201 -0.10265923021875629
leaf_weight=66.069477677345276 1949.5850519090891 26.454373419284821 25.38839265704155 43.288917645812035 134.01952421665192 51.08331036567688 22.661188870668411 29.898772865533829 22.297165036201477 19.660145312547684 42.631813690066338 25.281489342451096 47.171849012374878 24.133391350507736 28.344512432813644 27.378521665930748 52.249809488654137 35.624814957380295 46.274037718772888 153.568324431777 49.95567475259304 52.631662219762802 41.092926219105721 695.98782822489738 313.56910052895546 187.81345514953136 45.443560764193535 84.305631890892982 218.85868427157402 192.00951908528805
leaf_count=115 3815 52 61 90 256 103 40 50 42 41 99 42 91 41 51 50 93 67 87 288 80 90 72 1481 736 446 86 144 505 446
internal_value=-0.000845842 -0.00720962 -0.00532942 -0.00142811 -0.00443323 0.00580331 -0.0109307 0.00702374 -0.00737501 0.00699574 -0.000195553 0.00154003 0.00985186 4.02293e-05 0.00447695 -0.0141626 0.0136559 0.00550466 0.0219068 0.000312202 0.00846542 -0.00742136 0.0168378 -0.00277489 -3.78308e-05 -0.00744337 0.0138036 0.00704312 -0.0090895 -0.00529455
internal_weight=4754.73 440.821 414.367 348.297 305.008 118.429 186.579 52.56 67.3457 41.9573 4313.91 2578.74 331.902 193.013 168.879 55.723 113.156 87.8746 138.889 2246.83 297.249 102.587 194.661 1735.18 1093.86 641.313 92.6154 397.875 598.682 410.868
internal_count=9660 850 798 683 593 247 346 90 144 83 8810 4953 608 344 303 101 202 160 264 4345 530 170 360 3857 2361 1496 177 880 1397 951
cat_boundaries=0 1 2 3
cat_threshold=1316104 8475 738561
is_linear=0
shrinkage=0.05


Tree=163
num_leaves=31
num_cat=4
split_feature=43 31 18 43 3 104 13 50 32 36 71 12 65 72 17 49 101 46 72 77 34 104 65 36 70 35 5 45 30 95
split_gain=6.49419 9.12716 8.29809 7.55619 14.1146 13.627 11.623 15.0963 11.0756 9.3303 8.78663 8.82132 9.1224 8.93239 8.65659 7.54923 7.34528 15.1726 18.2957 9.04196 8.51149 7.28847 6.97312 18.9021 13.539 14.4853 12.0392 15.5263 10.8321 10.2139
threshold=-161.99999999999986 2995.0000000000005 0.31737636437137856 -115.54500000000006 0 0.88223301545456734 0.64102564102564108 0.15480066965691122 1485.0000000000002 85.000000000000014 205.27500000000003 1.0000000180025095e-35 1 159.76000000000002 0.49066366184727367 0.090160358922018111 0.48390363791846819 0.93587304937578197 143.965 0.60113350541316479 2155.0000000000005 0.93521333594437717 2 920.00000000000023 3 2675.0000000000005 0.48913043478260876 -6.3700000000001173 0.95715073866050193 1270.6550000000002
decision_type=2 2 2 2 9 2 2 2 2 2 2 2 9 2 2 2 2 2 2 2 2 2 9 2 9 2 2 2 2 2
left_child=1 2 -1 4 6 8 9 -8 -6 -2 11 22 -13 -14 -12 -3 19 18 20 -4 -18 -11 23 24 -5 26 -26 -28 29 -24
right_child=3 15 16 10 5 -7 7 -9 -10 21 14 12 13 -15 -16 -17 17 -19 -20 -21 -22 -23 28 -25 25 -27 27 -29 -30 -31
leaf_value=-0.11102720924247676 -0.020637746145234816 0.073070401433351154 -0.021830311400047722 2.0509407688554235 -0.25921130099057965 0.61768048361832073 -0.0094794792120527667 -0.14411547629351051 0.41639930166832495 0.22444521655222474 -0.65262464040888801 -0.59385090883785951 0.028720170505629385 -1.481026193735967 0.1260891123469719 -0.035210834123161304 0.31699131348504184 -0.22745638398642712 -0.13352891960875421 -0.46551138316234247 0.022870718675287095 1.2037363702523707 0.8135719248502703 7.4751058117643545 0.019344377804553406 -0.13815459504141928 0.87705420904484022 -0.81710511221411941 0.46038139355641977 -0.011615892588445576
leaf_weight=39.475735366344452 41.417651608586311 82.69426004588604 37.420533865690231 64.523063227534294 33.324486017227173 83.117662891745567 148.88080424070358 35.211071819067001 44.903483390808105 41.944667130708694 64.370233833789825 59.564268857240677 66.878152787685394 31.266949355602264 17.964976280927658 60.701975867152214 31.184503555297852 47.837081372737885 40.926284715533257 32.69879674911499 23.842865884304047 31.46336767077446 18.778449594974518 24.896283879876137 217.2442836612463 360.36745396256447 67.900428712368011 14.175296530127524 40.359441533684731 2858.8788853287697
leaf_count=70 95 191 63 168 48 145 312 58 91 103 150 103 112 63 38 123 49 88 73 57 46 72 35 67 376 814 211 37 96 5722
internal_value=-0.00121378 -0.00733832 -0.0130431 -0.00065736 0.00540214 0.0167773 -0.00125703 -0.00908581 0.00283907 0.0111848 -0.00137117 -0.00102328 -0.0126021 -0.00155297 -0.017532 0.00274222 -0.00915609 -0.00268597 0.00878199 -0.0224241 0.0276109 0.0218906 -0.000525319 0.00374867 0.0023261 1.0389e-05 0.00814015 0.0244544 -0.00162979 -0.00199615
internal_weight=4764.21 396.782 253.386 4367.43 460.263 161.346 298.918 184.092 78.228 114.826 3907.17 3824.83 157.709 98.1451 82.3352 143.396 213.91 143.791 95.9537 70.1193 55.0274 73.408 3667.12 749.107 724.211 659.687 299.32 82.0757 2918.02 2877.66
internal_count=9676 760 446 8916 924 284 640 370 139 270 7992 7804 278 175 188 314 376 256 168 120 95 175 7526 1673 1606 1438 624 248 5853 5757
cat_boundaries=0 1 2 3 4
cat_threshold=1236 94248 284736 32
is_linear=0
shrinkage=0.05


Tree=164
num_leaves=31
num_cat=3
split_feature=8 27 76 4 24 37 46 45 28 24 17 72 5 30 95 97 65 49 72 65 33 30 72 5 97 48 89 22 65 98
split_gain=6.31237 11.0582 8.56898 7.06359 9.91184 5.0517 6.82362 5.41813 5.76667 5.26689 12.0536 15.6368 11.508 11.3648 10.776 13.5958 9.89348 11.0619 9.5268 9.47117 11.4419 11.033 8.9011 11.1484 9.35838 9.71987 8.0212 7.54957 16.1366 9.31381
threshold=5.5000000000000009 78.010000000000005 2760.7550000000006 16.500000000000004 179.10500000000005 895.00000000000011 0.80699599631981089 -967.14499999999987 129.66500000000005 180.79000000000005 0.40113617668836382 55.475000000000009 0.58957219251336912 0.44134564341091304 1583.7350000000004 1124.9433106575964 0 0.052199634986376656 192.65000000000003 1 154.9999999999998 0.38787731188332386 17.975000000000005 0.88348416289592768 1184.8072562358277 0.99999126710141051 0.21680376028202111 5530.7482993197291 2 3185.2607709750569
decision_type=2 2 2 2 2 2 2 2 2 2 2 2 2 2 2 2 9 2 2 9 2 2 2 2 2 2 2 2 9 2
left_child=5 2 -2 4 -4 6 -1 8 -7 18 -11 19 14 -14 15 -13 -16 26 22 -12 -21 -22 24 27 -9 -26 -18 28 29 -24
right_child=1 -3 3 -5 -6 7 -8 9 -10 10 11 12 13 -15 16 -17 17 -19 -20 20 21 -23 23 -25 25 -27 -28 -29 -30 -31
leaf_value=-1.5033724494862306 -0.45784667396323431 -1.3112884111853333 -0.030546410298278204 -0.094683645493001081 0.17907976628565403 3.0533907763894348 -0.04534769314449108 -0.28007224826338123 -0.066187428273102006 -0.01878293708068526 -0.0084911326116921867 -0.053667491648121769 1.8815691553494007 0.015605511649186577 -1.145840209167686 0.62490986359839495 -0.54582822218593352 0.25069975930115618 2.5230366348136841 0.39417338113996475 -0.59656626102686594 0.11978465672962316 0.072702996132402831 -0.58291406902866927 -0.13154199434878608 0.62000574436820099 0.075243031835788093 0.018859160748249337 -0.66912265081716527 -0.31704675034448243
leaf_weight=17.014182299375534 29.877296581864357 22.729285329580307 40.584254652261734 26.61910617351532 60.035250723361969 19.058975234627724 26.377034023404121 29.646340280771255 18.501409664750099 2523.0777171999216 59.940219789743423 33.903648227453232 28.235274955630302 103.33165444433689 54.597082540392876 43.062009185552597 65.184411182999611 28.341789811849594 36.982063382863998 68.053333014249802 29.824610903859138 77.775361016392708 187.50303176045418 31.624408602714539 70.886219337582588 179.93345236778259 42.696641519665718 632.77070361375809 138.54719848930836 56.752831786870956
leaf_count=36 53 54 54 49 92 44 64 62 44 5097 92 47 64 260 118 80 148 54 106 106 53 145 408 62 172 352 101 1328 281 102
internal_value=-0.000977859 -0.0101674 -0.00545173 0.000206567 0.00626596 -0.000618859 -0.0175986 -0.000457294 0.0184545 -0.000614355 -0.00173599 0.00442169 -0.001605 0.0105041 -0.00755439 0.00823872 -0.0139244 -0.00491031 0.0019813 0.0146375 0.0198734 0.0108562 0.00128406 -0.000834663 0.00919489 0.0123349 -0.0125738 7.57073e-05 -0.00546686 0.00250763
internal_weight=4783.47 179.845 157.116 127.239 100.62 4603.62 43.3912 4560.23 37.5604 4522.67 3158.02 634.946 399.353 131.567 267.786 76.9657 190.82 136.223 1364.65 235.594 175.653 107.6 1327.66 1047.2 280.466 250.82 107.881 1015.57 382.803 244.256
internal_count=9728 302 248 195 146 9426 100 9326 88 9238 6365 1268 872 324 548 127 421 303 2873 396 304 198 2767 2181 586 524 249 2119 791 510
cat_boundaries=0 1 2 3
cat_threshold=1249288 594946 1072273
is_linear=0
shrinkage=0.05


Tree=165
num_leaves=31
num_cat=1
split_feature=43 82 98 38 17 72 74 19 32 5 19 30 30 34 25 17 53 17 4 23 32 2 36 50 34 98 72 98 74 17
split_gain=7.35981 9.77348 10.325 9.66072 7.73072 7.14185 7.01517 6.23684 10.468 15.2912 11.9509 12.2643 10.2183 8.99584 15.665 15.2854 11.993 11.7029 14.0362 10.2746 11.693 9.76055 11.6809 9.95425 9.20035 8.98607 8.64414 8.41432 8.32991 11.8962
threshold=-168.66499999999994 2871.315000000001 2676.4172335600911 4785.0000000000009 0.33771517618808272 88.330000000000013 3565.1500000000001 281.66666666666669 2635.0000000000005 0.51000000000000012 311.6666666666668 0.50978838445045216 0.76110028067791602 1125.0000000000002 1611.3650000000002 0.35731329022796726 -25.452101363536972 0.29765146518449598 1.5000000000000002 1905.8750000000002 2185.0000000000005 0 264.99999999999994 -0.039414893602592795 1765.0000000000002 1339.4557823129255 157.29000000000002 1434.2403628117916 3026.7500000000005 0.32136565100407866
decision_type=2 2 2 2 2 2 2 2 2 2 2 2 2 2 2 2 2 2 2 2 2 9 2 2 2 2 2 2 2 2
left_child=1 3 4 5 -3 -1 -7 13 9 10 11 -9 -12 25 15 16 -15 19 28 -16 -21 23 -23 -22 26 -2 -20 -14 -19 -30
right_child=7 2 -4 -5 -6 6 -8 8 -10 -11 12 -13 27 14 17 -17 -18 18 24 20 21 22 -24 -25 -26 -27 -28 -29 29 -31
leaf_value=-0.007954527774766974 -0.055605002276105257 -0.38426118472219956 0.40248701847481305 -0.34222040281328958 0.011328874668921608 -0.34111899036955795 0.0030039964133923621 -0.15830862555528002 -0.038212804605411321 0.79512730457773984 0.046445296086081098 0.059080189205312196 -0.53317625002584279 0.13379428522238754 1.1969438743674665 0.45393524161481519 -0.26072098895177603 -0.74645844302470299 2.9941158986164598 -0.86603031491870996 -0.26071176653009193 0.021890000460121684 -0.14588980518472106 0.4845961921569375 0.0020089470560606059 0.20546988276545691 -0.0098517257951590952 -0.056717993989194859 -0.095837813047020867 0.25014382573791066
leaf_weight=103.86549462378025 131.25139334797859 30.345030635595322 61.528583094477654 36.543825909495354 35.019400909543037 52.795407563447952 21.848008424043655 49.351136088371277 1420.349909350276 72.619497045874596 631.33394125103951 26.500634878873825 33.489756271243095 74.835163727402687 35.808753579854965 84.189930245280266 28.302436709403992 226.79855692386627 24.908750250935555 30.449715092778206 34.494380488991737 258.28507834672928 92.990730419754982 133.97532434761524 889.15040788054466 26.545564353466034 15.899701118469237 53.525552779436111 28.226238563656807 40.54347650706768
leaf_count=201 193 48 140 74 54 105 40 77 3070 154 998 43 49 117 65 116 40 492 67 68 95 515 205 347 1975 44 38 96 70 100
internal_value=-0.000979003 -0.0080475 0.00295698 -0.0145408 -0.0108807 -0.00974586 -0.0215432 -0.000435093 -0.00225402 0.00207597 6.78576e-05 -0.0188073 0.00206091 0.00149391 0.00240122 0.0161659 0.00326176 0.000977841 -0.00180112 0.00678955 0.00510052 0.00686481 0.00179756 0.0163532 0.00121557 -0.00999932 0.0244297 -0.014002 -0.0112926 0.00395079
internal_weight=4785.77 341.946 126.893 215.053 65.3644 178.509 74.6434 4443.83 2287.17 866.821 794.201 75.8518 718.349 2156.66 1998.86 187.328 103.138 1811.53 1225.53 586.004 550.195 519.746 351.276 168.47 929.959 157.797 40.8085 87.0153 295.568 68.7697
internal_count=9696 662 242 420 102 346 145 9034 4487 1417 1263 120 1143 4547 4310 273 157 4037 2742 1295 1230 1162 720 442 2080 237 105 145 662 170
cat_boundaries=0 1
cat_threshold=4
is_linear=0
shrinkage=0.05


Tree=166
num_leaves=31
num_cat=1
split_feature=75 3 50 24 50 33 4 17 23 59 104 32 53 95 52 72 32 50 5 43 18 28 17 5 46 17 72 39 31 94
split_gain=7.94086 8.87071 9.79077 8.35495 10.043 8.75568 8.42019 10.7927 11.1951 10.8896 14.2317 10.3545 9.31956 8.66546 8.1438 10.2248 9.79509 9.66049 9.68412 9.81281 12.274 8.78841 8.71384 8.59692 8.4861 8.20802 10.7954 12.1653 9.28108 10.8159
threshold=4564.7650000000003 0 -0.075618097865789227 180.79000000000005 -0.098491337897959136 2440.0000000000005 2.5000000000000004 0.21640607161063657 1491.1150000000002 0.019352517933564153 0.88659519123074049 1515.0000000000002 -32.275315531060329 1519.9800000000002 277.92346938775478 17.975000000000005 1555.0000000000002 -0.025722257681595594 0.36181818181818187 -3.4999999999998859 0.39870396698280158 160.25000000000003 0.39224646544545105 0.88348416289592768 0.97554955247016184 0.37582872662710348 169.10000000000005 2595.0000000000005 3615.0000000000005 3640.4403401360546
decision_type=2 9 2 2 2 2 2 2 2 2 2 2 2 2 2 2 2 2 2 2 2 2 2 2 2 2 2 2 2 2
left_child=3 2 -2 14 -5 6 7 -6 9 10 11 12 -9 -13 15 -1 -17 -16 19 20 24 -20 -22 25 -19 26 28 -28 -18 -30
right_child=1 -3 -4 4 5 -7 -8 8 -10 -11 -12 13 -14 -15 17 16 23 18 21 -21 22 -23 -24 -25 -26 -27 27 -29 29 -31
leaf_value=0.39159508460583814 0.022517735679987539 0.0075465852534975404 -0.34732332011049466 -0.078213625871785555 0.17782847097519294 1.1872448638783553 0.0045908527681470541 0.25714882627173274 -0.11886898753398328 -0.019602265354391336 0.21609430403736563 -0.023867125191877392 -0.045258543918650501 0.37128652710266191 1.0848940229871062 0.3783096364111927 0.037001282366987812 -1.0276392645441406 1.0418431487492696 -0.68682049729476091 0.33619593111848795 -0.02745283837484962 -0.55862161023319856 -0.70677751027576086 -0.044582271142874323 -0.12823181202169706 0.011814432304836232 6.0804748701471789 -0.38511717508708188 -0.018088195052299482
leaf_weight=202.76698154211044 32.499247536063194 140.28455793857574 174.29268437623978 266.99540282785892 51.748199269175529 28.608257696032524 1264.1217120736837 37.782028287649155 881.67575226724148 239.11177203059196 98.495784938335419 31.38902622461319 115.81916895508766 71.084247142076492 28.122611001133919 71.798730954527855 439.21862597763538 32.415673434734344 30.607771709561348 24.498245805501938 50.126955404877663 23.092616707086563 23.658479273319244 21.616368621587753 22.062861680984497 105.02941125631332 26.676914140582085 25.243075653910637 23.284495458006859 183.47095271945
leaf_count=436 65 339 378 564 109 71 2760 54 1790 356 145 48 161 106 42 111 931 66 71 48 81 35 41 43 39 221 70 76 47 403
internal_value=-0.00146201 -0.00874448 -0.0149472 -0.000890233 -0.00231905 -0.00144147 -0.00172354 -0.00422212 -0.00500934 0.000298434 0.00585938 -0.000353208 -0.0085654 0.0119564 0.00241677 0.0042218 0.00192808 -0.00604041 -0.00978519 -0.0162056 -0.0106673 0.00847893 0.00262309 0.000385706 -0.0286677 0.00122341 0.00318457 0.0251194 0.00142156 -0.00731366
internal_weight=4767.6 347.076 206.792 4420.52 3086.83 2819.84 2791.23 1527.11 1475.36 593.682 354.57 256.074 153.601 102.473 1333.69 1099.11 896.339 234.585 206.463 152.762 128.264 53.7004 73.7854 824.54 54.4785 802.923 697.894 51.92 645.974 206.755
internal_count=9707 782 443 8925 6164 5600 5529 2769 2660 870 514 369 215 154 2761 2338 1902 423 381 275 227 106 122 1791 105 1748 1527 146 1381 450
cat_boundaries=0 1
cat_threshold=468
is_linear=0
shrinkage=0.05


Tree=167
num_leaves=31
num_cat=6
split_feature=2 31 74 65 4 34 98 7 74 33 35 17 65 65 70 2 73 47 39 50 19 13 33 23 37 58 35 24 5 17
split_gain=7.92914 7.2423 18.3318 11.5605 15.5359 15.7103 14.6256 13.0511 11.4151 15.7605 10.2937 10.2005 10.0689 10.0682 12.8051 10.3325 14.0824 11.7862 10.1239 10.029 9.65864 10.0527 9.55447 11.4473 16.5514 12.2893 12.1718 11.6783 9.55482 14.7738
threshold=0 3455.0000000000005 3967.9000000000005 1 3.5000000000000004 1765.0000000000002 1464.1723356009074 13.500000000000002 1361.9400000000003 49.999999999999893 1625.0000000000002 0.23807060978229203 2 3 4 5 3312.5900000000006 0.92207312000988151 2660.9950000000003 -0.055707973904242446 398.1666666666668 0.73205741626794263 199.9999999999998 1352.4050000000002 1005.0000000000001 0.050669182385446355 1585.0000000000002 215.67500000000004 0.77097902097902116 0.38167855237460546
decision_type=9 2 2 9 2 2 2 2 2 2 2 2 9 9 9 9 2 2 2 2 2 2 2 2 2 2 2 2 2 2
left_child=-1 2 3 22 5 6 8 12 -5 -10 -11 -4 19 -3 15 20 -17 -18 -16 -7 21 -15 -2 24 -24 26 -26 -27 29 -25
right_child=1 13 11 4 -6 7 -8 -9 9 10 -12 -13 -14 14 18 16 17 -19 -20 -21 -22 -23 23 28 25 27 -28 -29 -30 -31
leaf_value=-0.04722375368419094 0.0059010978349171243 -0.11545753784222512 -0.10721719204978607 0.25543207082018426 0.35790062644419013 0.046483697807526529 1.8733336497864874 5.7076418464023826 0.11598415468683357 -0.2541491425624775 0.15511473149497945 0.27129618275037615 0.0061683183238343993 -0.30217637864850533 0.075458417829179336 0.037482508132673335 -0.95144650745858717 -0.019967784723503714 -0.015360550132196239 -0.28483182382071565 0.073388309292460013 0.65128967250233627 -0.39906069871226713 -0.052930191091875224 -0.03346341124138448 0.46102232796882742 0.54203553310010377 -0.023183081569198905 -0.0028918219597670715 -1.4680226385455257
leaf_weight=61.656535267829895 1014.0265056192875 374.8183586448431 21.9895920753479 50.90645994246006 215.32298693060875 61.028955578804016 77.030924156308174 28.92746564745903 32.121159583330154 64.099699333310127 33.003129869699478 175.92688839137554 392.14109674096107 53.902947604656219 290.86821426451206 26.069791853427887 81.921073138713837 29.355163246393204 292.27688533067703 183.05630357563496 72.013977527618408 19.476174056529999 38.56546688079834 431.86440873146057 160.87699693441391 65.294707864522934 43.283729195594788 28.337342247366905 235.77959834039211 105.81565383076668
leaf_count=79 1908 866 46 82 565 110 178 79 49 96 51 325 779 108 650 61 185 66 676 388 176 44 61 802 241 84 67 50 558 261
internal_value=-0.000820835 -0.000566185 0.000608017 -0.000288597 0.00375999 0.000969835 0.0114648 -0.00308772 0.00366715 -0.00423292 -0.0142759 0.0153834 -0.00458114 -0.00384473 -0.000804942 -0.00935444 -0.0188479 -0.0279696 0.00342812 -0.012296 0.00024942 -0.0125001 -0.00246333 -0.00568054 0.00201988 0.00601132 -0.000867337 0.0210099 -0.00902925 -0.0127093
internal_weight=4761.76 4700.1 3459.4 3261.48 1137.64 922.315 257.161 665.154 180.13 129.224 97.1028 197.916 636.226 1240.7 865.884 282.739 137.346 111.276 583.145 244.085 145.393 73.3791 2123.84 1109.82 336.358 297.793 204.161 93.6321 773.46 537.68
internal_count=9691 9612 6780 6409 2377 1812 456 1356 278 196 147 371 1277 2832 1966 640 312 251 1326 498 328 152 4032 2124 503 442 308 134 1621 1063
cat_boundaries=0 1 2 3 4 5 6
cat_threshold=8 279835 1181824 2031712 96 38
is_linear=0
shrinkage=0.05


Tree=168
num_leaves=31
num_cat=1
split_feature=2 28 4 13 7 42 5 101 58 38 38 52 29 102 99 82 24 50 37 102 38 53 57 104 47 36 33 82 77 34
split_gain=7.50941 6.41342 8.74424 15.1002 12.0319 19.6087 23.6854 11.8519 10.9178 10.8905 9.27999 8.86046 9.11039 8.35587 8.10397 8.08032 10.3343 10.3737 10.2695 12.6281 10.6672 14.6975 10.1577 8.49759 7.99398 7.81909 7.50784 9.07749 7.4906 16.6082
threshold=0 180.22000000000003 5.5000000000000009 0.59411764705882364 13.500000000000002 2615.0000000000005 0.23669467787114842 0.96392891422558491 0.019855343262466553 6275.0000000000009 4795.0000000000009 13.491541950113517 114.59500000000001 0.04880952380952381 77.283242630385772 1109.6090000000002 202.73500000000004 -0.063715658290832741 1025.0000000000002 0.04880952380952381 4535.0000000000009 -23.094295503844066 0.95314700022181464 0.77224816762072479 3.5143511339172805e-05 579.99999999999989 60.000000000000121 3109.7535000000003 0.69095209905917521 4145.0000000000009
decision_type=9 2 2 2 2 2 2 2 2 2 2 2 2 2 2 2 2 2 2 2 2 2 2 2 2 2 2 2 2 2
left_child=-1 2 4 7 28 10 8 11 25 -10 -6 -4 13 -13 -9 23 17 -17 19 -18 22 -22 24 -3 -20 -7 27 -19 -2 -30
right_child=1 15 3 -5 5 6 -8 14 9 -11 -12 12 -14 -15 -16 16 18 26 20 -21 21 -23 -24 -25 -26 -27 -28 -29 29 -31
leaf_value=-0.044862565999981285 -0.025051798431072747 -0.014210723668459125 2.971426640858303 -0.033139072217014134 0.44014569313123997 -0.93954106421653172 8.1490351995310206 0.11624454899161521 0.20291344004997997 -0.26464035660455637 0.32949830381754203 -0.054441648752712624 0.87445976847181872 0.042320579671016392 -1.2387380024089567 0.45619758856722969 -0.25284812321835715 -0.16935273295962575 -0.24763349474969162 0.014194458952890799 -0.81421313377388183 0.14841053045840055 -0.0027558797573377092 -0.25485920148850527 0.25533464201026901 0.10616792505366704 -0.44019719193126722 0.25306628810544751 0.027268789333379576 -0.15412420073090374
leaf_weight=55.184142291545868 738.36579677462578 86.304252400994301 25.796761214733124 912.15020662546158 60.757888466119766 49.90435203909874 30.519672766327858 20.298044264316559 67.026217103004456 25.584057286381721 25.211756989359856 56.863101691007614 37.686328396201134 20.979349926114082 19.593244403600693 26.182957619428635 22.685771360993385 62.85804708302021 24.948603972792625 34.287106707692146 65.425137519836426 44.133694231510162 82.742743164300919 58.27104714512825 103.54070849716663 15.776618123054503 97.688477471470833 23.658233478665352 1780.6267731487751 111.42534443736076
leaf_count=71 1725 178 64 1838 110 122 64 41 143 60 49 129 78 50 46 52 38 124 46 63 143 89 149 123 156 32 184 40 3484 242
internal_value=-0.00058251 -0.000348315 0.000438981 -0.00337241 0.00187339 0.011829 0.00281621 0.00981054 -0.00495983 0.00609875 0.0316234 0.016604 0.0106881 0.000918463 -0.0142572 -0.00464942 -0.00204617 -0.0109273 0.00289997 -0.016662 0.0063742 -0.00628602 0.0129406 -0.0152398 0.0217393 -0.0205524 -0.0151131 -0.00438684 0.000833402 0.00250021
internal_weight=4786.48 4731.29 3998.57 1093.37 2905.2 274.781 188.811 181.217 158.291 92.6103 85.9696 141.326 115.529 77.8425 39.8913 732.727 588.151 210.388 377.764 56.9729 320.791 109.559 211.232 144.575 128.489 65.681 184.205 86.5163 2630.42 1892.05
internal_count=9733 9662 8277 2246 6031 580 421 408 357 203 159 321 257 179 87 1385 1084 400 684 101 583 232 351 301 202 154 348 164 5451 3726
cat_boundaries=0 1
cat_threshold=8
is_linear=0
shrinkage=0.05


Tree=169
num_leaves=31
num_cat=5
split_feature=35 33 5 56 56 37 103 48 45 65 69 58 101 71 71 35 76 72 43 99 45 65 14 45 3 37 82 17 65 74
split_gain=9.57305 7.29903 8.69584 6.4442 6.8441 7.15705 8.29016 6.31608 9.52218 8.05733 16.6449 9.31038 9.09318 11.4735 9.3297 8.147 7.30461 7.83996 7.02658 6.59119 6.44443 6.42792 8.26733 6.412 6.36153 8.91671 11.8036 8.63085 10.6575 11.8739
threshold=5955.0000000000009 2440.0000000000005 0.66025641025641035 1.0000000180025095e-35 0.08383306404763706 935.00000000000011 0.04880952380952381 0.98706359466211491 -79.585000000000022 0 1 0.017792022252520603 0.57057250130186865 144.59500000000003 49.57500000000001 2885.0000000000005 3497.4050000000002 111.57000000000001 26.499999999999776 77.389614512471567 239.62500000000003 2 0.21637426900584791 -233.87000000000009 3 2455.0000000000005 1018.8350000000002 0.40279900014318087 4 1536.8950000000002
decision_type=2 2 2 2 2 2 2 2 2 9 9 2 2 2 2 2 2 2 2 2 2 9 2 2 9 2 2 2 9 2
left_child=1 3 -3 -1 -5 6 -6 8 18 10 11 19 20 14 15 -14 17 -13 21 -10 -11 22 -7 -24 25 26 -9 28 29 -26
right_child=-2 2 -4 4 5 7 -8 24 9 12 -12 16 13 -15 -16 -17 -18 -19 -20 -21 -22 -23 23 -25 27 -27 -28 -29 -30 -31
leaf_value=-0.23492232909686167 -0.17224286593386751 1.8410467288616319 -0.099145104047362057 0.30563522954838906 -0.010505765715578264 0.046653872875853611 -1.0685806664746811 -0.32542022158612838 0.81032386924461408 0.24262179375129947 -0.24480528492221226 -0.0089272397052724273 -0.036085201878297828 0.22219202254940518 -0.25482574703848293 0.49907898645181775 -0.24022579443216474 1.5200029715557801 0.032071416929201749 -0.22936521664031917 0.0062820140889961358 -0.15417535576578986 -0.019487892536344021 -1.0078081290405585 -0.46329644701607953 0.19493419187046612 -0.023799208509519155 0.040270340012824236 0.010781896012819914 -0.019960300395170806
leaf_weight=74.435653254389763 90.074487462639809 22.9604681879282 15.089833140373228 76.485717728734016 46.942333996295929 130.65684728324413 39.444979310035706 84.418799012899399 39.941207244992256 45.234151408076286 164.60241121053696 65.412211537361145 26.023471608757973 54.103972971439362 33.210254356265068 18.864776223897934 76.69918404519558 23.753457486629486 73.257187709212303 21.784210234880447 23.048816710710526 229.49077531695366 21.359015822410583 22.493184432387352 47.247590810060501 41.307716459035873 492.50548715889454 316.00249521434307 1934.9661600887775 404.33903317153454
leaf_count=163 198 59 41 188 111 272 83 159 89 89 390 144 49 120 58 47 160 56 200 47 41 502 35 48 72 97 956 566 3936 697
internal_value=-0.00123761 -0.000925944 0.0208835 -0.00110525 -0.00086671 -0.00112007 -0.0153723 -0.000839661 -0.00418059 5.21913e-05 -0.00409756 0.00464988 0.00797652 0.000721543 -0.0115385 0.00332607 -0.00131505 0.00841663 -0.00943705 0.0214318 0.023191 -0.0120205 -0.00386246 -0.0228689 0.000236764 -0.00429854 -0.00597484 0.0012854 0.000261978 -0.00657051
internal_weight=4756.16 4666.08 38.0503 4628.03 4553.6 4477.11 86.3873 4390.72 1069.94 592.678 392.193 227.59 200.485 132.202 78.0985 44.8882 165.865 89.1657 477.257 61.7254 68.283 404 174.509 43.8522 3320.79 618.232 576.924 2702.56 2386.55 451.587
internal_count=9673 9475 100 9375 9212 9024 194 8830 2347 1290 886 496 404 274 154 96 360 200 1057 136 130 857 355 83 6483 1212 1115 5271 4705 769
cat_boundaries=0 1 2 3 4 5
cat_threshold=219209 41 672986 2082 496
is_linear=0
shrinkage=0.05


Tree=170
num_leaves=31
num_cat=2
split_feature=95 35 97 34 52 97 45 25 22 5 28 69 22 28 46 25 53 19 57 76 59 98 31 76 28 59 54 33 3 34
split_gain=7.28816 6.46031 8.87753 6.10522 8.84352 14.3225 7.61505 7.84042 20.3267 16.4613 15.0113 8.98004 14.0651 18.3656 15.024 11.0568 11.4709 10.002 12.927 8.71676 10.7527 8.90434 9.61691 8.36233 8.34557 7.93531 7.91348 7.28769 7.11264 18.211
threshold=1205.72 5955.0000000000009 5405.2154195011344 1105.0000000000002 201.08468253968275 1124.9433106575964 -967.14499999999987 1611.3650000000002 5827.5963718820867 0.12132352941176471 208.905 0 6870.9750566893426 42.955000000000005 0.66691828296591382 2501.3750000000005 -28.23428926375286 543.66666666666686 0.65912858631623894 1527.4200000000003 0.019352517933564153 1309.5238095238099 1115.0000000000002 2750.6550000000007 205.23500000000004 0.021077719653219504 -28.994763315235048 330.00000000000028 1 3205.0000000000005
decision_type=2 2 2 2 2 2 2 2 2 2 2 9 2 2 2 2 2 2 2 2 2 2 2 2 2 2 2 2 9 2
left_child=-1 2 3 4 -2 -6 -5 8 10 25 19 12 13 -9 -14 16 -16 18 -18 -8 -21 -22 -23 -20 -15 26 -10 -12 29 -13
right_child=1 -3 -4 6 5 -7 7 11 9 -11 27 28 14 24 15 -17 17 -19 23 20 21 22 -24 -25 -26 -27 -28 -29 -30 -31
leaf_value=0.32953038230943082 -0.096453363180103224 -0.09382625498704239 0.88652584811747581 1.7318500020386063 -0.11956148820090036 0.20019411021520953 -0.04995330253342161 0.038511222924144661 -1.0644579503909455 3.6704541121059933 0.020529278420339383 0.27703366522290906 0.085641242330770959 -2.1632475308884538 -0.85588353634657899 -0.15541927588225166 -0.014667594761164082 -0.35865096157527249 0.27773463999687353 0.28838960502152383 0.19980343113275012 -0.49802068607654104 0.24569138777377192 0.10492825317862967 0.057310169578784813 0.038256823012183007 -0.057781424649345325 -0.071690160126399158 -0.01182822014313274 -0.064029778757192443
leaf_weight=22.02454537153244 145.81170597672462 93.936434239149094 35.487898170948029 21.827038586139679 51.744849860668182 47.476001918315887 41.170492649078369 47.15350878238678 59.511633455753326 22.801903784275055 31.377863943576813 504.79049824178219 35.593892082571983 102.51165534555912 23.854986056685448 71.368519335985184 50.841874480247498 34.532638221979141 34.014134749770164 150.29348495602608 30.743986025452614 34.749002158641815 29.742919236421585 55.323192939162254 17.217281490564346 27.173820644617081 34.335649758577347 29.010145246982574 2516.8800375461578 380.62835459411144
leaf_count=36 241 199 66 53 76 63 73 96 98 67 45 1212 68 247 42 157 72 53 48 200 39 49 38 79 35 38 52 40 5180 978
internal_value=-0.000889744 -0.00102247 -0.000761216 -0.000952064 -0.00863289 0.00288215 -0.000523101 -0.000670391 0.00528259 -0.0105229 0.0118319 -0.00142461 -0.00780841 -0.0196472 -0.00159752 -0.00562371 0.000443036 0.00488366 0.0108214 0.0166042 0.0201742 0.00702963 -0.00352633 0.0222758 -0.0300566 -0.0178654 -0.0247549 -0.0108248 -0.000513757 0.00331749
internal_weight=4783.93 4761.91 4667.97 4632.48 245.033 99.2209 4387.45 4365.62 490.911 143.823 347.088 3874.71 472.412 166.882 305.529 269.935 198.567 174.712 140.179 286.7 245.529 95.2359 64.4919 89.3373 119.729 121.021 93.8473 60.388 3402.3 885.419
internal_count=9740 9704 9505 9439 380 139 9059 9006 739 255 484 8267 897 378 519 451 294 252 199 399 326 126 87 127 282 188 150 85 7370 2190
cat_boundaries=0 1 2
cat_threshold=17 408
is_linear=0
shrinkage=0.05


Tree=171
num_leaves=31
num_cat=4
split_feature=4 42 82 33 36 3 72 36 29 65 59 45 45 85 101 32 43 47 76 22 38 65 17 38 39 44 32 37 44 65
split_gain=8.24408 9.67502 11.2569 9.37892 11.2194 11.6982 8.99918 8.70705 8.86197 12.0489 11.1284 9.09343 10.1917 9.94316 9.28495 9.05845 8.52782 8.16348 8.14817 17.8509 21.9346 13.5198 12.8997 11.9264 11.8235 11.222 10.4536 12.2573 11.0441 12.4783
threshold=5.5000000000000009 1875.0000000000002 836.21050000000014 745.00000000000011 1075.0000000000002 0 164.36500000000004 1835.0000000000002 94.005000000000024 1 0.0094097923078659516 -260.57499999999999 -52.350000000000357 -22.097439968381437 0.99589259121552209 4175.0000000000009 -161.99999999999986 0.90160514251137613 3575.8050000000007 6870.9750566893426 4865.0000000000009 2 0.31444690747438897 5615.0000000000009 3305.0000000000005 6.4850000000000145 2875.0000000000005 3005.0000000000005 19.729999999999794 3
decision_type=2 2 2 2 2 9 2 2 2 9 2 2 2 2 2 2 2 2 2 2 2 9 2 2 2 2 2 2 2 9
left_child=3 -2 6 16 -5 -6 -3 8 11 15 -11 -4 -13 14 -14 -10 -1 -15 19 -18 -21 22 -22 24 -23 -20 -27 28 -28 -30
right_child=1 2 7 4 5 -7 -8 -9 9 10 -12 12 13 17 -16 -17 18 -19 25 20 21 23 -24 -25 -26 26 27 -29 29 -31
leaf_value=-0.097619043131211558 0.74889430486001063 -0.44741535711789598 -0.098181449012766472 0.21756409181561764 1.24398694892719 -0.38935849653208554 0.024123116455872663 -0.59156775759679481 0.026559275434242066 0.32985802307476036 0.025246802423691862 0.010776053427755984 -0.031220463671675705 -0.50304910594648367 0.21128076613356372 -0.079221084491281096 -0.00055205114313423571 -0.14729317632209346 -0.083238783831947674 0.86239061462218758 -0.24983866157348517 0.30073609127736844 0.058674109514221584 0.54975477542177986 -0.23781410679129067 0.84114773954336153 0.20731854062893973 0.14534566763984288 -0.017188692027305309 -0.81013476874221768
leaf_weight=229.47357465326786 25.408210411667824 107.90036642551422 45.608599439263344 155.78389154374599 45.80399951338768 63.517238765954971 20.63854917883873 20.296251103281975 23.455579161643982 74.863610923290253 137.55553731322289 301.0158116966486 209.39802378416061 62.004436939954758 18.992366790771484 25.38307723402977 1972.0063211321831 50.89762145280838 136.01302444934845 146.23647852241993 91.010245516896248 56.008893817663193 42.880042850971222 68.893925935029984 27.073016285896301 19.594236597418785 99.8041662722826 136.66170577704906 199.14449819922447 159.46438786387444
leaf_count=429 66 244 106 319 120 119 41 50 43 146 304 571 436 114 40 51 3878 108 291 309 167 90 78 120 43 44 209 313 438 397
internal_value=-0.000632187 -0.00437754 -0.00508339 0.000520779 0.00957728 -0.00270149 -0.018987 -0.00323996 -0.00254706 0.00529257 0.0102848 -0.0055244 -0.00399254 -0.00990752 -0.00390711 -0.0153777 -0.000188659 -0.0220458 0.000488262 0.00190819 0.0111123 0.00305506 -0.00832662 0.0127887 0.000875345 -0.00405914 -0.00118342 -0.00236663 -0.00628473 -0.010379
internal_weight=4772.79 1123.42 1098.01 3649.37 265.105 109.321 128.539 969.471 949.175 261.258 212.419 687.917 642.308 341.292 228.39 48.8387 3384.26 112.902 3154.79 2404.11 432.103 285.866 133.89 151.976 83.0819 750.682 614.669 595.075 458.413 358.609
internal_count=9684 2320 2254 7364 558 239 285 1969 1919 544 450 1375 1269 698 476 94 6806 222 6377 4685 807 498 245 253 133 1692 1401 1357 1044 835
cat_boundaries=0 1 2 3 4
cat_threshold=2068 1704962 1597656 1902755
is_linear=0
shrinkage=0.05


Tree=172
num_leaves=31
num_cat=0
split_feature=42 23 101 13 53 27 42 101 5 18 102 104 89 97 50 25 17 44 49 27 89 42 17 22 48 32 42 49 91 51
split_gain=9.37913 7.60291 11.1928 9.60694 13.0473 10.76 9.56962 13.013 10.1056 9.1369 8.4558 10.413 11.2209 9.16697 11.9186 9.03295 8.37198 7.62513 7.83025 6.55095 6.71837 5.5185 5.44166 5.31967 6.39636 5.57393 5.30861 12.0714 9.49351 7.97436
threshold=5685.0000000000009 1491.1150000000002 0.88984753231451708 0.95238095238095244 -25.667413729504208 48.640000000000008 1615.0000000000002 0.703531089761113 0.324561403508772 0.47642901332219983 0.60952380952380969 0.92236298326577859 0.8546920821114371 1174.8299319727894 0.11601186955559577 1521.3150000000003 0.39728951389459205 -1.0000000180025095e-35 0.47438676093936372 30.390000000000004 0.20991432068543447 1565.0000000000002 0.3530982151384473 5468.2539682539691 0.98641781706804299 1575.0000000000002 1985.0000000000002 -0.011373627074518698 0.013423423423423403 0.29611789528466825
decision_type=2 2 2 2 2 2 2 2 2 2 2 2 2 2 2 2 2 2 2 2 2 2 2 2 2 2 2 2 2 2
left_child=1 2 10 4 5 9 7 21 -9 22 11 12 13 14 16 -15 17 -1 -19 20 -13 -3 -4 -17 -25 -26 27 28 -8 -29
right_child=-2 6 3 -5 -6 -7 26 8 -10 -11 -12 19 -14 15 -16 23 -18 18 -20 -21 -22 -23 -24 24 25 -27 -28 29 -30 -31
leaf_value=-0.17180225446118486 -0.23734672849481059 1.118331678459908 -0.060407403562797418 -0.88891997524033894 0.39389521381559228 0.15292188325781739 -0.20214529176563334 -2.1904706527767419 1.6699145209073547 0.018264814049882717 0.39628257982879944 0.11978876699046621 -0.26696425953466124 0.19822654452416444 -0.31660847174727569 0.11533237039729904 0.065875203272654656 0.11929323257495367 -0.022745264156060686 0.23436204969699395 -0.0031922152562433581 -3.021525210096522 -0.72990503006994811 0.23340737785335863 -1.362238381504649 0.012563508395994917 -0.0069109317702029218 0.23100723568138479 0.036035789958124557 0.0079741278614520184
leaf_weight=41.208674520254135 41.602546587586403 36.784406632184982 28.558719962835312 36.317193150520325 31.704198241233826 32.651555404067039 56.680995658040047 49.84499529004097 16.130220785737038 36.092236012220383 76.788881823420525 29.858275726437569 45.554677993059158 45.228386387228966 46.789437353610992 30.211807548999786 57.693313717842102 49.65250526368618 54.662167429924011 40.738705679774284 43.657956883311272 40.430506199598312 29.012687757611275 27.790310174226761 24.232716113328934 30.822332084178925 3379.0023484230042 155.30973193049431 42.205539926886559 121.17693635821342
leaf_count=63 96 65 55 50 60 68 104 127 34 54 115 40 58 73 74 47 78 73 78 65 62 92 47 56 47 49 7282 307 87 219
internal_value=-0.000605612 -0.000398012 0.00391892 -0.00659985 -0.00127035 -0.00846825 -0.00132754 -0.0140138 -0.0303203 -0.0170844 0.00708873 0.00498378 0.00158732 0.00421342 -0.00174791 0.0136291 0.00349053 -0.00289947 0.00429417 0.0184753 0.00956287 -8.08797e-05 -0.0294492 0.00607435 -0.000475296 -0.0103461 -0.000843689 0.00479729 -0.0101956 0.0101596
internal_weight=4778.39 4736.79 839.227 194.337 158.019 126.315 3897.57 143.19 65.9752 93.6636 644.89 568.101 453.846 408.292 250.006 158.286 203.217 145.523 104.315 114.255 73.5162 77.2149 57.5714 113.057 82.8454 55.055 3754.38 375.373 98.8865 276.487
internal_count=9725 9629 1312 334 284 224 8317 318 161 156 978 863 696 638 366 272 292 214 151 167 102 157 102 199 152 96 7999 717 191 526
is_linear=0
shrinkage=0.05


Tree=173
num_leaves=31
num_cat=2
split_feature=94 42 2 25 3 91 82 22 101 24 32 46 37 45 59 46 59 46 51 98 29 5 72 5 12 36 45 101 24 39
split_gain=8.32457 7.78788 6.64698 8.0177 10.4576 8.13596 11.5286 12.5406 13.2271 13.199 12.8216 9.86328 8.10461 6.89474 6.68502 6.57755 6.37662 6.29259 7.431 7.5443 6.07329 5.90513 5.68612 5.39315 10.6611 10.1702 12.7636 10.4683 13.385 9.10987
threshold=5519.2794897959193 5405.0000000000009 0 1862.8300000000002 1 0.12318229715489987 3141.0925000000007 5827.5963718820867 0.83813600630830887 186.91000000000003 1115.0000000000002 0.61000674014294598 1025.0000000000002 -178.87499999999997 0.015513153887375352 0.83141910656183848 0.019352517933564153 0.88075082857654119 0.6871683774021734 1269.6145124716556 66.465000000000003 0.23904761904761904 40.940000000000005 0.63397129186602885 1.0000000180025095e-35 29.99999999999989 532.72000000000014 0.40433616833514441 185.14500000000001 3445.0000000000005
decision_type=2 2 9 2 9 2 2 2 2 2 2 2 2 2 2 2 2 2 2 2 2 2 2 2 2 2 2 2 2 2
left_child=1 2 -1 4 5 6 7 8 10 14 -4 -12 -13 -8 -9 -10 22 -17 -19 -20 -21 -6 -14 24 -5 -25 27 28 -27 -29
right_child=-2 -3 3 23 21 -7 13 9 15 -11 11 12 16 -15 -16 17 -18 18 19 20 -22 -23 -24 25 -26 26 -28 29 -30 -31
leaf_value=-0.061172153996454176 -0.24976397932808397 0.95137957322147637 -0.16321214173812565 -0.013268250676141236 0.075652135371002072 -0.15607585519504746 0.73002065275206984 -0.02515588832589799 -0.90055466282655139 -1.0293479477197038 -0.28481878342196437 -0.001368704969793555 0.22640050238402731 0.034143830731590441 0.16543268879338202 0.083700017676209632 0.075521386310778746 -0.097021547687337062 -0.051946125713919857 -0.024478830571160872 0.66986190060907946 3.2081078409305492 0.018522666430886403 -1.0586768390106316 -1.3947933774272414 1.0535977377969694 2.5890683341263951 -0.011462398326192159 -0.025583821995186717 0.065514630984012001
leaf_weight=61.109515368938446 54.7365363240242 26.377261504530907 28.020276367664337 2196.4614246934652 57.914922177791595 43.425788596272469 24.371328473091125 26.256242260336876 40.089263588190079 92.387724429368973 26.185521125793457 35.486716657876968 104.43802012503147 27.243045687675476 29.373203426599503 23.687445014715195 69.760000824928284 50.688427597284317 32.65585458278656 29.356762498617172 33.642937451601028 25.581635877490044 32.533084601163864 20.11405736207962 56.689569547772408 86.958188638091087 26.112682834267616 1062.4500919729471 80.219023019075394 244.52646167576313
leaf_count=78 125 52 42 4529 110 85 40 44 65 153 42 46 131 48 39 33 102 69 56 66 48 84 48 40 132 230 67 2338 196 561
internal_value=-0.000577164 -0.000351107 -0.000504203 -0.000268347 0.00417052 0.00211798 0.00343798 0.00164402 0.00538513 -0.0111588 0.0121877 0.0155476 0.0186991 0.0261885 0.0080827 -0.00421143 0.0224884 8.41038e-05 -0.00378573 0.00441601 0.0145256 0.019954 0.0287553 -0.00124905 -0.00280178 0.00105206 0.00152556 0.000911765 0.0126927 -0.000595157
internal_weight=4748.85 4694.12 4667.74 4606.63 833.098 749.602 706.176 654.561 506.544 148.017 296.424 268.403 242.218 51.6144 55.6294 210.121 206.731 170.031 146.344 95.6556 62.9997 83.4966 136.971 3773.53 2253.15 1520.38 1500.27 1474.15 167.177 1306.98
internal_count=9699 9574 9522 9444 1351 1157 1072 984 748 236 411 369 327 88 83 337 281 272 239 170 114 194 179 8093 4661 3432 3392 3325 426 2899
cat_boundaries=0 1 2
cat_threshold=8 1050
is_linear=0
shrinkage=0.05


Tree=174
num_leaves=31
num_cat=1
split_feature=34 7 26 26 77 36 58 82 18 5 77 43 28 14 104 93 2 56 105 39 62 97 56 98 24 98 18 26 98 18
split_gain=9.71283 7.6106 8.58433 9.80153 12.8562 10.1013 8.93847 9.11354 8.3471 12.1151 9.40502 8.31452 8.14981 7.66105 7.09577 7.04364 12.0772 8.27244 7.32317 14.2636 12.8354 7.72193 10.124 12.4596 12.3438 15.1761 13.9031 13.1141 10.8775 22.8111
threshold=5685.0000000000009 1.0000000180025095e-35 93.02500000000002 115.05500000000002 0.72687136515157114 409.99999999999994 0.06098654675856801 1836.0080000000003 0.54352614344134997 0.48913043478260876 0.68630257955988305 -136.13499999999996 44.060000000000016 0.4642857142857143 0.99480376329798692 0.16961538461538464 0 0.83428997106719349 0.46916666666666668 3235.0000000000005 1.0000000180025095e-35 1080.0453514739231 0.99920518131124514 3055.5555555555561 266.24000000000007 2412.0181405895696 0.4548903878583474 9.490000000000002 1284.5804988662132 0.21200475126729823
decision_type=2 2 2 2 2 2 2 2 2 2 2 2 2 2 2 2 9 2 2 2 2 2 2 2 2 2 2 2 2 2
left_child=1 2 -1 4 -4 8 7 14 9 11 -11 -5 -3 -7 -6 18 -17 -18 21 20 -20 -14 23 24 25 26 28 -28 29 -23
right_child=-2 12 3 5 6 13 -8 -9 -10 10 -12 -13 15 -15 -16 16 17 -19 19 -21 -22 22 -24 -25 -26 -27 27 -29 -30 -31
leaf_value=1.2217169990691403 -0.21299119310366593 -0.5485874300176391 -0.33254352496019668 -0.63125586477792428 0.14918674387902336 0.030381838340554169 -0.52688851497047262 -0.28962062794728782 1.6715007652563501 1.1963937664496356 0.70435373120979827 0.1599497005722057 -0.091671408027540133 -0.43317329632897383 -0.024771254741283145 1.3782208753015455 -0.55225164786528613 0.79225901579113445 -0.53567697749004428 -0.36527982971539646 0.07696282594670692 -0.0054028040775381926 -0.014159982799780835 -0.04188983822741861 -0.11065389412142082 0.14506609416060279 0.28264749880715956 0.036673323428085068 -0.0087633167091908607 0.50043815814078596
leaf_weight=21.656639188528061 39.08202962577343 84.060349062085152 34.670565977692604 60.710801750421524 78.309350371360779 85.748576089739799 21.607259720563889 20.496336296200752 47.849897176027298 50.628535807132721 35.735574543476105 25.799430906772614 188.37451560795307 21.809659361839294 25.312243759632111 81.895197033882141 55.775034800171852 19.522414326667786 83.623603701591492 22.864952385425568 94.894401550292969 38.695039182901382 2035.126592323184 388.2487455457449 96.672427609562874 174.54642951488495 35.574918121099472 166.35223713517189 583.14143428206444 39.302659749984741
leaf_count=39 91 188 82 100 155 200 41 40 111 130 86 64 362 53 58 249 173 43 196 38 161 47 4228 850 174 327 48 254 1059 51
internal_value=-0.000886754 -0.00068117 0.00496192 0.00364935 -0.00571345 0.00879435 0.000797226 0.00596397 0.0149169 0.00980139 0.0230489 -0.00342377 -0.00139565 -0.00376995 0.0119897 -0.00108003 0.00929939 -0.0056393 -0.00149336 -0.0107817 -0.00601938 -0.000994025 -0.000471658 0.00261207 0.00525833 0.00685042 0.00413106 0.015614 0.000623901 0.0181601
internal_weight=4758.09 4719.01 530.335 508.678 180.396 328.282 145.725 124.118 220.724 172.874 86.3641 86.5102 4188.67 107.558 103.622 4104.61 157.193 75.2974 3947.42 201.383 178.518 3746.03 3557.66 1522.53 1134.29 1037.61 863.066 201.927 661.139 77.9977
internal_count=9698 9607 1159 1120 376 744 294 253 491 380 216 164 8448 253 213 8260 465 216 7795 395 357 7400 7038 2810 1960 1786 1459 302 1157 98
cat_boundaries=0 1
cat_threshold=4
is_linear=0
shrinkage=0.05


Tree=175
num_leaves=31
num_cat=3
split_feature=32 7 36 47 18 101 45 19 65 46 34 24 19 26 72 36 28 59 82 28 3 22 101 75 72 96 46 45 32 65
split_gain=7.55008 10.271 11.7382 9.56083 9.72421 9.44347 9.80959 9.05728 9.66135 10.9803 9.04829 8.81612 8.559 8.24437 9.1302 10.3933 15.2172 8.74659 9.88839 8.19122 8.19681 16.7147 14.4177 14.5562 11.6953 10.6427 13.7917 10.1368 9.82337 9.78079
threshold=2645.0000000000005 10.500000000000002 360.00000000000017 0.89934767217454514 0.64490912006801715 0.95830152053083528 -279.78499999999991 273.66666666666669 0 0.47644104245675867 2195.0000000000005 233.22000000000003 578.00000000000011 23.195000000000004 179.45000000000002 399.99999999999994 177.26500000000004 0.0053173381876297004 2639.7975000000006 206.18000000000004 1 5827.5963718820867 0.73105553498860598 1474.5850000000003 11.340000000000002 1598.8662131519275 0.82006726668607011 -75.499999999999758 1555.0000000000002 2
decision_type=2 2 2 2 2 2 2 2 9 2 2 2 2 2 2 2 2 2 2 2 9 2 2 2 2 2 2 2 2 9
left_child=1 3 11 4 12 6 -5 8 9 -2 -4 -3 19 14 15 -9 17 -17 -19 20 21 22 24 28 -1 -23 -27 -22 -24 -26
right_child=7 2 10 5 -6 -7 -8 13 -10 -11 -12 -13 -14 -15 -16 16 -18 18 -20 -21 27 25 23 -25 29 26 -28 -29 -30 -31
leaf_value=0.24994597474743047 0.48749968564397222 0.6456725248098929 -0.26083464242884957 -0.0028640390190915357 -0.18711778211832097 -0.00063756243314685437 -0.40094701685125361 -0.060477875157809891 0.030345385392388381 -0.0829245276468491 0.076464128967283079 -0.030385583512549632 0.42975997225560009 -0.059641545327966131 1.5106882038608767 0.41979999859238859 -0.060956446886361704 0.11702632021878188 -0.054001422677875513 -0.016542429464358934 0.0019004258127267805 1.8257673781949706 -0.45906373271982021 -1.9366139823059811 0.56975204104910515 -0.1280197549469797 0.21934045870983604 0.077152613531009717 0.0625712825191755 -0.37699920815747068
leaf_weight=23.658057540655136 19.747608676552773 112.23750334978104 32.956914395093918 31.292888581752777 54.854647845029831 138.25620275735855 46.169798269867897 127.44304032623768 711.05974355340004 209.79696536064148 55.028991967439651 36.121372193098068 54.879618361592293 1224.8483267277479 28.494467720389366 31.180701211094856 40.562361970543861 36.262094363570213 33.291606247425079 149.10201905667782 808.20173393189907 26.546537488698959 25.10810786485672 48.722287505865097 53.637780904769897 25.777652740478516 23.795189052820206 471.04561367630959 26.093144506216049 61.056873992085457
leaf_count=34 62 223 50 49 96 323 86 291 1623 446 85 63 96 2709 62 51 78 56 55 240 1543 40 43 117 98 47 35 823 43 120
internal_value=-0.00063389 0.00142307 0.0112974 0.000294673 0.00145476 -0.00966751 -0.0236437 -0.00255876 0.00129851 -0.00743426 -0.00317193 0.0198785 0.00208757 -0.00494244 0.00252757 -0.000325908 0.00901249 0.0194247 0.00956004 0.00147533 0.00252385 -0.00463348 -0.011297 -0.0257692 -0.00084453 0.0156165 0.00193511 0.00428559 -0.00715332 -0.00744689
internal_weight=4767.23 2304.54 236.345 2068.2 1852.48 215.719 77.4627 2462.69 940.604 229.545 87.9859 148.359 1797.62 1522.08 297.234 268.74 141.297 100.734 69.5537 1742.74 1593.64 314.396 238.276 99.9235 138.353 76.1194 49.5728 1279.25 51.2013 114.695
internal_count=9687 4254 421 3833 3375 458 135 5433 2131 508 135 286 3279 3302 593 531 240 162 111 3183 2943 577 455 203 252 122 82 2366 86 218
cat_boundaries=0 1 2 3
cat_threshold=1331226 34 1296
is_linear=0
shrinkage=0.05


Tree=176
num_leaves=31
num_cat=3
split_feature=15 61 82 28 42 3 37 19 26 89 26 26 76 71 35 49 49 5 71 3 29 59 17 45 38 53 5 39 58 59
split_gain=9.75001 10.9495 14.3563 9.22811 10.401 19.0166 9.88092 9.55062 9.14114 10.452 8.86755 11.1512 10.2352 11.1811 10.9065 11.651 8.62452 8.4606 8.4447 8.44279 10.8469 13.9436 10.0411 9.8999 9.84812 9.57212 8.6259 8.04096 8.31594 8.55388
threshold=0.30614973262032091 0 2559.7060000000006 175.27500000000003 2025.0000000000002 1 1185.0000000000002 122.00000000000011 55.740000000000002 0.87585616438356173 18.725000000000005 14.115 2469.7450000000003 171.25500000000002 5030.0000000000009 0.024845054058057602 0.67842773309752114 0.88348416289592768 132.33500000000004 2 156.60000000000002 0.0099468577420528514 0.3530982151384473 -262.77999999999969 2715.0000000000005 -28.429413410193813 0.7633053221288516 1585.0000000000002 0.064174665542563056 0.017500475184439004
decision_type=2 1 2 2 2 9 2 2 2 2 2 2 2 2 2 2 2 2 2 9 2 2 2 2 2 2 2 2 2 2
left_child=1 2 16 4 5 -2 27 -7 9 -4 11 -8 13 14 15 -12 19 -14 -9 22 23 -22 -1 -21 -24 -23 -25 -6 29 -29
right_child=3 -3 8 -5 6 7 10 18 -10 -11 12 -13 17 -15 -16 -17 -18 -19 -20 20 21 25 24 26 -26 -27 -28 28 -30 -31
leaf_value=0.026669647209057869 -0.00540748295164093 -0.0047594485681884185 0.044484067029220857 -0.10836315851098065 -0.2507762325719668 2.2714446936729651 0.0066117193834287491 0.099574691164797724 0.64696033090423843 0.25705450830634929 0.87539321033903839 0.36751438966420125 -0.033552181738819416 -0.027263288498910757 -0.30729290875634807 2.4229493059218101 0.43361514267420986 -0.74880730522943395 1.8419724904368153 -0.12454342530077654 -0.020466864642064667 0.045179050614341069 -2.1349646654011183 -0.0083252138883898597 0.035933296907147395 0.40479640023972385 2.9513790468635861 -0.20845389594582714 -0.12505484856906293 0.12079164725216032
leaf_weight=47.381093204021454 323.57051303982735 1417.4553875625134 166.47740386426449 331.25502742826939 58.437880471348763 28.870973452925682 95.097163841128349 136.30567160248756 64.528200298547745 39.707497701048851 70.963142856955528 39.138003811240196 848.73442898690701 80.059587970376015 22.890137374401093 35.325708627700806 39.246760278940201 35.543561384081841 25.850585401058197 57.476391211152077 50.101006120443344 63.843408823013306 32.460974633693695 255.7432374805212 17.473150104284286 76.04981255531311 26.428063541650772 180.8825791478157 52.623885080218315 47.213671013712883
leaf_count=71 531 3023 292 666 135 62 164 258 109 55 164 73 1801 177 48 92 60 75 81 124 75 108 73 520 32 100 64 433 125 102
internal_value=-0.00087599 0.0014131 0.00560715 -0.00310969 -0.00187612 0.00429134 -0.00390162 0.0163236 0.0153165 0.0101765 -0.00181476 0.0103134 -0.00330356 0.00664084 0.01574 0.0224822 0.00166174 -0.00565661 0.0124607 0.00023837 0.00277821 0.0123977 -0.0125778 -0.002521 -0.0295152 0.0205038 0.00133165 -0.011456 -0.00794339 -0.00380986
internal_weight=4767.13 2354.37 936.917 2412.76 2081.51 514.598 1566.91 191.027 270.713 206.185 1227.75 134.235 1093.52 209.239 129.179 106.289 666.204 884.278 162.156 626.957 529.642 189.994 97.3152 339.648 49.9341 139.893 282.171 339.158 280.72 228.096
internal_count=9693 4706 1683 4987 4321 932 3389 401 456 347 2594 237 2357 481 304 256 1227 1876 339 1167 991 283 176 708 105 208 584 795 660 535
cat_boundaries=0 1 2 3
cat_threshold=2 1080 2
is_linear=0
shrinkage=0.05


Tree=177
num_leaves=31
num_cat=2
split_feature=49 97 25 65 54 44 3 23 46 19 14 58 32 102 76 29 7 97 101 58 50 35 19 30 24 54 29 101 32 49
split_gain=5.70788 11.0123 10.9523 9.94006 8.60876 7.4736 8.30927 7.70258 9.28356 7.52015 9.83495 7.32083 7.22658 11.9066 9.29121 10.277 15.5511 12.3256 12.4723 9.55198 11.0639 9.09238 8.99406 9.72952 8.97179 10.5178 13.5047 8.80719 8.76271 8.71517
threshold=-0.021695233546058297 1095.0113378684812 1662.2850000000001 0 -32.856462413313018 36.590000000000039 1 2757.0800000000004 0.66249776363146806 99.999999999999829 0.24404761904761904 0.018719689415732401 2775.0000000000005 1.0000000180025095e-35 3268.7750000000005 11.999999999999988 13.500000000000002 2122.675736961452 0.53870570918282035 0.018146590466308201 0.21918155970290878 1485.0000000000002 242.50000000000006 0.14260872106616787 227.08500000000001 -27.399997865466844 116.99999999999999 0.55483498894933392 1625.0000000000002 0.7155087736357767
decision_type=2 2 2 9 2 2 9 2 2 2 2 2 2 2 2 2 2 2 2 2 2 2 2 2 2 2 2 2 2 2
left_child=1 4 -3 -4 -1 7 9 -5 11 -7 -11 -9 13 14 15 -2 17 18 19 -17 -21 -20 23 -14 27 26 -26 -15 -23 -24
right_child=12 2 3 5 -6 6 -8 8 -10 10 -12 -13 22 24 -16 16 -18 -19 21 20 -22 28 29 -25 25 -27 -28 -29 -30 -31
leaf_value=-0.99397798275869398 -0.1706143676258467 0.51701304144145299 -0.19982517515775272 0.032499311080793181 0.0026321450616748621 0.56292115899846207 0.16494557282219235 0.21136570463059373 0.77912113404958916 -0.025729327976125663 -0.56194048517113093 -0.046317228685522599 -0.12671875220560622 -0.065660556740939402 0.093335285461395759 -0.15601045069400288 1.581526355499997 -0.18497450269633334 -0.17749151886482295 0.54150241142505995 0.019071974749788015 0.16656021396605769 -0.035617783639762736 0.030988740754318657 -0.10441896950141825 0.37788283413265378 0.1374771440103629 -0.010285014807081438 -0.023269145808963998 -0.19708060703802774
leaf_weight=24.000192657113075 28.670923441648483 76.216858834028244 169.91558764874935 187.56772701442242 19.003632336854935 20.28798708319664 89.07762511074543 22.723800912499428 77.892183944582939 118.37462663650513 28.625073134899139 45.507631406188011 95.376121133565903 193.15671031177044 123.86321450769901 19.999028295278549 55.117716953158379 116.98685629665852 60.389641955494881 109.49153611063957 71.235498875379562 106.74003905057907 1289.3370876014233 463.33890274167061 99.302919283509254 48.738767892122269 91.536628752946854 686.39151330292225 195.57691757380962 32.896986678242683
leaf_count=46 46 122 386 376 36 35 189 44 154 306 50 113 231 326 205 29 112 257 101 203 136 167 2784 1046 195 100 137 1292 382 68
internal_value=-0.000588924 0.00304938 0.0043184 0.00250623 -0.0216261 0.00554032 -0.000785726 0.0105665 0.0191731 -0.00721189 -0.0115813 0.00570764 -0.00141162 0.000675072 0.00499807 0.00293911 0.00408387 0.00201466 0.0050811 0.015081 0.0187094 -0.000452995 -0.00363837 0.00168049 -0.0027554 0.00582241 0.000528068 -0.00509189 0.00308519 -0.00588588
internal_weight=4767.34 879.193 836.189 759.972 43.0038 590.057 256.365 333.691 146.124 167.288 147 68.2314 3888.15 2007.2 888.071 764.208 735.537 680.42 563.433 200.726 180.727 362.707 1880.95 558.715 1119.13 239.578 190.84 879.548 302.317 1322.23
internal_count=9674 1857 1775 1653 82 1267 580 687 311 391 356 157 7817 3688 1638 1433 1387 1275 1018 368 339 650 4129 1277 2050 432 332 1618 549 2852
cat_boundaries=0 1 2
cat_threshold=5450 1234
is_linear=0
shrinkage=0.05


Tree=178
num_leaves=31
num_cat=4
split_feature=18 5 17 65 24 65 73 27 37 66 26 72 13 95 102 27 24 53 30 70 7 104 53 28 39 71 35 5 76 37
split_gain=7.73562 11.8401 6.58431 16.9226 13.6788 10.9512 13.5141 13.1566 11.703 11.1989 15 10.659 13.6768 13.4721 12.9714 15.2002 10.0544 9.90068 9.88001 14.4189 14.8216 18.4582 12.9668 11.7032 11.4275 9.52851 12.3869 12.5872 11.9514 9.5562
threshold=0.65201420966297341 0.56832298136645976 0.39728951389459205 0 214.00500000000002 1 2838.0500000000006 13.325000000000001 1490.0000000000002 2 156.51500000000001 110.61000000000001 0.83666666666666678 4433.9859863945585 0.21904761904761902 82.40000000000002 219.71500000000003 -23.700359526805386 0.72306165882154938 3 18.500000000000004 0.60090781750859368 -26.956145308859167 114.70000000000003 1435.0000000000002 49.900000000000013 3245.0000000000005 0.41885964912280704 2777.7800000000007 1135.0000000000002
decision_type=2 2 2 9 2 9 2 2 2 1 2 2 2 2 2 2 2 2 2 9 2 2 2 2 2 2 2 2 2 2
left_child=2 -2 5 4 -4 7 9 16 -8 10 11 13 -13 14 15 25 -1 -5 -10 20 21 -20 24 -23 -21 26 27 29 -27 -7
right_child=1 -3 3 17 -6 6 8 -9 18 -11 -12 12 -14 -15 -16 -17 -18 -19 19 22 -22 23 -24 -25 -26 28 -28 -29 -30 -31
leaf_value=-0.049683859399697466 -0.39252897828222261 0.30094434232984923 -0.08184177046375396 0.039484485461784402 0.012025798157449686 -0.065946038909403634 -0.32156374175351826 0.0020752003728610191 0.022202095276391276 -0.013682602164246306 -0.2555288871964706 0.17068924183221412 -0.57557428420558399 -0.80573776712816714 -0.026555131960618185 -0.72635737796374267 -0.29160193668304329 0.6047742640384336 -0.27630496995935588 0.26186658135812307 -0.90747140647233737 2.8104143773816901 -0.65636005973874778 -0.011965114511966135 -0.38880713765735636 -0.2009729506207556 -0.050947690421931792 0.90924900776961415 0.55826082587280379 1.9345041915165486
leaf_weight=842.21531209349632 52.892666980624199 33.211821615695953 100.26465675234795 465.54231378436089 162.89075519144535 85.157885506749153 95.909413233399391 637.82708004117012 439.00230900943279 466.7482141405344 59.431325405836105 231.15919107198715 25.34223660826683 20.835531890392303 213.6184383481741 21.039050921797752 72.286911219358444 30.143108829855919 37.748200997710228 32.156890347599983 32.890736162662506 58.292840838432312 109.47242873907089 26.311898022890091 75.08120384812355 24.141518160700798 93.629999577999115 44.647277966141701 106.19681297242641 36.383365526795387
leaf_count=1664 101 76 180 899 340 143 197 1160 1059 897 132 572 54 50 448 41 135 59 78 70 73 136 248 54 164 54 170 126 193 63
internal_value=-0.00128612 -0.0161358 -0.00101093 0.00324926 -0.00688652 -0.00184252 0.000330038 -0.00508014 -0.00444213 0.00336226 0.0064468 0.00804964 0.0166723 0.00462405 0.00594296 0.0111355 -0.00895709 0.00859579 -0.00248879 -0.00848447 0.00339225 0.0116209 -0.0163926 0.0245929 -0.00479177 0.0133679 0.00783357 0.0160281 0.0244001 0.00768803
internal_weight=4732.47 86.1045 4646.37 758.841 263.155 3887.53 2335.2 1552.33 906.866 1428.33 961.583 902.151 256.501 645.65 624.814 411.196 914.502 495.685 810.957 371.954 155.244 122.353 216.711 84.6047 107.238 390.157 259.819 166.189 130.338 121.541
internal_count=9636 177 9459 1478 520 7981 5022 2959 2079 2943 2046 1914 626 1288 1238 790 1799 958 1882 823 341 268 482 190 234 749 502 332 247 206
cat_boundaries=0 1 2 3 4
cat_threshold=1267722 1582520 2 5
is_linear=0
shrinkage=0.05


Tree=179
num_leaves=31
num_cat=1
split_feature=42 75 99 22 42 28 82 101 52 18 56 72 38 73 32 91 89 72 27 7 3 26 59 59 35 59 101 28 33 74
split_gain=8.59888 10.7439 12.1573 14.2832 11.4487 10.081 9.84558 9.78316 9.7532 9.36127 8.74427 7.51097 10.1942 7.44701 13.3767 9.20551 9.02439 12.1736 9.54762 10.9788 11.5103 7.81825 7.74243 12.2108 8.36167 8.26984 11.238 8.49401 10.1118 8.47651
threshold=1545.0000000000002 1382.3450000000003 77.860623582766507 5827.5963718820867 1125.0000000000002 207.43000000000004 1077.3855000000001 0.39608000074230115 56.742902494331254 0.3842543674581505 0.79075384120241299 211.24500000000003 5115.0000000000009 1592.6000000000001 2085.0000000000005 0.11715686274509801 0.93250835104767693 104.32000000000001 9.6550000000000029 12.500000000000002 0 29.060000000000006 0.054935396486397954 0.040631126625298754 3525.0000000000005 0.0019190157823930503 0.97314841064374291 37.850000000000023 35.000000000000121 4527.6200000000008
decision_type=2 2 2 2 2 2 2 2 2 2 2 2 2 2 2 2 2 2 2 2 9 2 2 2 2 2 2 2 2 2
left_child=1 2 3 4 5 6 -1 -5 -3 -9 -10 13 -13 16 15 -15 18 -18 -2 20 -20 -22 23 25 -24 26 -16 28 -27 -28
right_child=11 8 -4 7 -6 -7 -8 9 10 -11 -12 12 -14 14 22 -17 17 -19 19 -21 21 -23 24 -25 -26 27 29 -29 -30 -31
leaf_value=-0.018269601878930074 -0.16094247737513215 0.9980194684229311 -0.88037455925569219 0.27108938146656314 0.15056384835828213 -0.12656994934644228 0.022787618253365595 0.094600537987470548 -0.12793150916249374 -0.47547465190061899 1.0154135586988318 -0.27147661510304316 0.19121687961525424 0.68983734284512799 1.0676473148683741 -0.012087244652303753 0.2191667997660737 -0.14894511649139019 0.17138100519715921 0.11858905303471304 0.39928910954501906 -0.22994935087869026 -0.82148167692131902 0.083290132655583271 0.022377471100082858 -0.51282291976398831 0.030774428522107655 -0.0078019261481642845 0.066830367474268834 -0.31028952219974998
leaf_weight=46.706363439559937 479.8548392355442 46.497509017586708 35.183437943458557 31.206861525774002 269.75029814243317 41.692010909318924 144.64181192219257 31.203099474310875 26.303925439715385 99.099796742200851 52.747045353055 96.974735096096992 30.124228239059448 92.673757627606392 63.520782232284546 25.444763123989105 76.811031505465508 35.751893922686577 73.331096544861794 32.66969832777977 24.004673972725868 194.88014058768749 24.735471233725548 117.83106511831284 21.070607930421829 29.808151066303253 157.54862405359745 2313.1552929878235 27.291829645633698 22.533783748745918
leaf_count=76 914 91 64 46 380 60 198 50 53 154 113 238 76 203 180 64 133 90 100 51 40 393 45 234 46 64 344 5078 51 49
internal_value=-0.000967027 0.00367461 0.00125729 0.0027743 0.00692964 -0.00118781 0.00366644 -0.0101616 0.0171425 -0.0161838 0.00645443 -0.00193898 -0.0138961 -0.0015404 -0.000296692 0.0161827 -0.00546636 0.00779391 -0.00732114 -0.000702342 -0.00377563 -0.00935326 -0.000997511 -0.000655668 -0.0213837 -0.00136543 0.00740727 -0.00226705 -0.0213179 0.00102912
internal_weight=4765.05 825.032 699.484 664.3 502.79 233.04 191.348 161.51 125.548 130.303 79.051 3940.02 127.099 3812.92 2895.61 118.119 917.303 112.563 804.74 324.886 292.216 218.885 2777.5 2731.69 45.8061 2613.86 243.603 2370.26 57.1 180.082
internal_count=9678 1285 1028 964 714 334 274 250 257 204 166 8393 314 8079 6358 267 1721 223 1498 584 533 433 6091 6000 91 5766 573 5193 115 393
cat_boundaries=0 1
cat_threshold=134
is_linear=0
shrinkage=0.05


Tree=180
num_leaves=31
num_cat=2
split_feature=49 53 91 17 22 23 61 73 65 24 94 71 76 14 74 53 26 94 31 44 53 27 27 82 23 73 72 82 44 59
split_gain=7.40363 14.6808 7.93379 7.80489 10.0026 18.1637 15.2395 14.4057 14.3271 11.8089 10.9313 9.92199 9.76869 16.8192 9.22177 8.34891 8.26086 8.16114 8.36613 14.7168 12.7151 10.357 9.83925 7.63405 7.48166 9.73839 7.08671 7.02249 7.52019 7.79883
threshold=0.86990209325360168 -29.566028009725951 0.30414673046251994 0.26930281870743611 6870.9750566893426 2424.4000000000001 0 1963.8550000000002 1 179.10500000000005 3910.0842176870751 199.64500000000001 3683.8100000000004 0.20526315789473684 5571.2600000000011 -40.224952042333207 117.12500000000001 3910.0842176870751 3505.0000000000005 145.44499999999996 -24.877137327265665 68.125000000000014 11.830000000000002 3639.7000000000003 4324.9700000000003 3816.8700000000003 199.13500000000002 3620.3670000000006 125.88999999999987 0.020499030440330902
decision_type=2 2 2 2 2 2 1 2 9 2 2 2 2 2 2 2 2 2 2 2 2 2 2 2 2 2 2 2 2 2
left_child=2 -2 3 11 10 6 -6 -7 17 -8 23 15 13 -10 24 -1 -11 18 19 20 -9 22 -22 -5 25 -14 27 28 29 -17
right_child=1 -3 -4 4 5 7 9 8 12 16 -12 -13 14 -15 -16 26 -18 -19 -20 -21 21 -23 -24 -25 -26 -27 -28 -29 -30 -31
leaf_value=0.13703946770313422 -0.092817365070581567 0.14486405301605529 -0.23319423364168729 -0.0069071807739847562 0.4745113888008774 -0.28320539293841168 5.8264063954111371 1.1782537560851509 3.6498315742025742 -0.047838520371847437 -1.2704862658439895 -1.1192837188676545 -0.020755801008405989 0.0061264215048346671 0.6500300654112523 -0.082976199403005782 0.057665093288719049 0.029800479300742214 -0.54104563616562729 -0.96741138522870662 -0.0068068738110916632 -0.28907314772092152 0.33261493964534455 0.16281195493730127 -0.23763347208177132 3.7141161784671399 -0.49139353148270293 -0.15009702019704529 0.017600790427221114 0.011809141487054121
leaf_weight=58.527774319052696 42.627424761652946 73.376071810722351 82.063279554247856 2521.6390980631113 97.471575200557709 39.56229741871357 25.881422996520996 32.631557032465935 48.437347784638405 116.09917950630188 39.863738849759102 20.47280165553093 88.421809390187263 44.070813685655594 27.091316595673561 340.73327857255936 44.134696990251541 265.62321139872074 104.91617922484875 36.208059653639793 62.860651656985283 36.438140794634819 31.651418909430504 33.973208233714104 33.91284167766571 25.36409130692482 19.87131342291832 71.524358659982681 85.349198505282402 211.41163556277752
leaf_count=176 92 113 185 5031 164 96 49 82 113 200 105 43 177 90 45 786 69 572 244 76 97 72 56 71 82 65 36 148 182 379
internal_value=-0.000831324 0.0116454 -0.00114284 -0.000865787 9.31113e-05 0.0039513 0.0149515 0.000395033 0.00178757 0.00656347 -0.00163239 -0.00532414 0.011103 0.0246572 0.00456457 -0.00443068 0.00150173 -0.00272522 -0.00835738 -0.00235358 0.00403088 -0.00292781 0.0058033 -0.00122712 -0.000354077 0.00578946 -0.0058896 -0.00506423 -0.00339746 -0.00553257
internal_weight=4762.21 116.003 4646.21 4564.14 3756.25 1160.78 283.587 877.19 837.627 186.115 2595.48 807.89 267.298 92.5082 174.79 787.418 160.234 570.329 304.706 199.79 163.582 130.95 94.5121 2555.61 147.699 113.786 728.89 709.018 637.494 552.145
internal_count=9696 205 9491 9306 7556 2349 482 1867 1771 318 5207 1750 572 203 369 1707 269 1199 627 383 307 225 153 5102 324 242 1531 1495 1347 1165
cat_boundaries=0 1 2
cat_threshold=1 1704251
is_linear=0
shrinkage=0.05


Tree=181
num_leaves=31
num_cat=4
split_feature=35 61 53 50 28 91 45 65 52 59 87 98 71 54 29 38 27 28 74 44 56 17 65 61 95 14 28 75 56 29
split_gain=8.1527 14.7222 11.9214 11.2878 10.357 9.46488 9.19312 7.77713 8.653 8.59037 8.16988 7.73151 8.20208 6.65769 6.57955 6.46293 6.46237 14.2969 10.4037 10.5671 9.0304 8.34065 9.31115 9.355 8.08542 7.95949 12.486 9.17565 7.74704 6.75383
threshold=2185.0000000000005 0 -32.275315531060329 0.093025999971848614 178.59 0.0226053639846743 81.810000000000187 1 2.157414965986391 0.0077978661997327508 0.85076427119259102 2167.5736961451253 63.975000000000009 -28.496773768958853 209.99500000000003 2575.0000000000005 73.750000000000014 86.215000000000018 1536.8950000000002 -7.9999999999998854 0.36425633394044826 0.3200948861439602 2 3 1441.5150000000001 0.093073593073593072 163.50500000000002 2406.5350000000003 0.75502535047227526 59.960000000000001
decision_type=2 1 2 2 2 2 2 9 2 2 2 2 2 2 2 2 2 2 2 2 2 2 9 1 2 2 2 2 2 2
left_child=1 2 -1 5 -5 6 7 8 -4 -9 -10 12 13 -2 -12 -11 17 -3 19 -19 -20 25 28 -24 -18 -22 27 -27 -23 -21
right_child=11 16 3 4 -6 -7 -8 9 10 15 14 -13 -14 -15 -16 -17 24 18 20 29 21 22 23 -25 -26 26 -28 -29 -30 -31
leaf_value=2.2272217526418898 -0.70815663263293382 -0.47215434320709648 0.29284873060369598 0.04189480835859314 -0.36857987436449702 0.61773901078116289 -0.3536336811616842 -0.0092116804336257029 -0.12695597481912912 0.075206537405871646 -0.014627893563810624 -0.0097386132485155485 -0.0036164931622138853 0.0035010100217959918 0.25865501304104938 0.5452529425201299 0.93088609985996562 -0.24493155128551375 0.08774369423427722 0.018654782030419526 0.18024848798285051 -0.22001419078165654 -0.62696471485128746 -0.080487057788146646 0.010759510227877911 0.14282302868446947 -0.57644292038388589 -0.15429735188475974 0.14392576345120817 -0.24430516701540272
leaf_weight=34.131027832627296 114.67266434431076 30.666749343276024 24.375225692987442 67.34759995341301 35.022452473640442 34.519539654254913 26.130668967962265 37.695242777466774 34.549123182892799 40.584251791238785 85.550712257623672 2995.7815666943789 105.44955350458622 33.537453040480614 36.82531875371933 71.563016951084137 21.828012779355049 33.819415032863617 71.576233893632889 52.699533522129059 65.943780601024628 44.247563660144806 50.980929866433144 118.14009770750999 170.15088713169098 62.312022536993027 36.553098991513252 29.920111745595932 98.159745991230011 99.359981924295425
leaf_count=69 276 60 37 106 50 52 41 66 63 66 133 6422 244 57 47 106 46 48 148 96 120 98 102 243 355 105 67 44 169 163
internal_value=-0.00128646 0.0017431 0.00847874 0.0065048 -0.00827882 0.0103675 0.00795191 0.010205 0.00248657 0.0181655 -0.00168137 -0.00269861 -0.0110802 -0.0186641 0.00438043 0.0263186 -0.00186452 -0.0038541 -0.00250995 -0.0127992 0.000799925 -0.00155036 -0.00662437 -0.0140898 0.00636806 0.00656705 -0.000666491 0.00913448 0.00301887 -0.00717699
internal_weight=4764.09 1514.65 528.294 494.163 102.37 391.793 357.274 331.143 181.3 149.843 156.925 3249.44 253.66 148.21 122.376 112.147 986.358 794.379 763.713 185.879 577.834 506.257 311.528 169.121 191.979 194.729 128.785 92.2321 142.407 152.06
internal_count=9699 2700 836 767 156 611 559 518 280 238 243 6999 577 333 180 172 1864 1463 1403 307 1096 948 612 345 401 336 216 149 267 259
cat_boundaries=0 1 2 3 4
cat_threshold=2 74778 1317256 1
is_linear=0
shrinkage=0.05


Tree=182
num_leaves=31
num_cat=0
split_feature=75 15 32 99 47 102 44 18 5 18 13 5 33 82 90 38 45 68 50 85 82 7 28 29 26 71 34 96 59 90
split_gain=6.72964 8.18093 8.57667 6.91522 7.02566 6.70956 6.34922 5.44294 9.16817 5.81248 10.3774 9.9739 9.44004 8.10872 11.8119 11.5979 9.9241 11.3241 9.37606 10.2997 9.48003 7.84609 7.81888 8.71913 9.38367 14.8052 8.74991 9.3042 8.22194 7.70949
threshold=4564.7650000000003 0.095454545454545472 2595.0000000000005 77.248809523809328 0.5439176765965027 0.48809523809523808 -62.824999999999925 0.65201420966297341 0.7947368421052633 0.42381887284739561 0.82575757575757591 0.078461538461538458 109.9999999999999 3430.2265000000002 0.12141687141687142 5835.0000000000009 -325.40999999999991 1.0000000180025095e-35 0.014670891306765202 -27.722282052409881 1173.4675000000004 8.5000000000000018 38.000000000000014 118.45 136.77000000000001 145.99500000000003 1135.0000000000002 1499.0929705215424 0.0067617930393708515 0.24305019305019301
decision_type=2 2 2 2 2 2 2 2 2 2 2 2 2 2 2 2 2 2 2 2 2 2 2 2 2 2 2 2 2 2
left_child=6 -2 -3 5 -5 -4 -1 9 -9 29 13 -12 -13 14 15 16 18 22 20 -20 -11 -15 -18 -24 26 -26 -25 -28 -29 -8
right_child=1 2 3 4 -6 -7 7 8 -10 10 11 12 -14 21 -16 -17 17 -19 19 -21 -22 -23 23 24 25 -27 27 28 -30 -31
leaf_value=-0.1195789494776065 0.61801549280311541 0.31590814354036284 -0.16147109344850749 0.19429183289944946 -0.17784409879023572 0.0022006115557928752 -0.010253446524217016 -0.37360896109309183 0.40791855183704229 -0.017130246366539127 -0.045321557436048113 0.53792916355131926 0.18711456593026554 0.23348764105045561 -0.25723683174431394 -0.48254603314321404 0.15206168621305666 -0.088310876226516663 -0.24043051765800671 0.19873969906886871 0.49947215503867359 -0.016213084357319475 -0.014439171019893138 -0.020775064270033283 -0.4707556386212936 0.36611697398687826 0.51753601400389604 -0.12298813438209635 0.17001129548258689 0.28200991029182632
leaf_weight=18.65838149189949 17.855495736002922 28.732981115579605 168.58003968000412 40.958547845482826 49.41186960041523 39.170429408550262 2301.7050808519125 71.244615629315376 20.52397832274437 24.072859093546867 49.575742498040199 64.298024877905846 93.181353032588959 113.85804465413094 90.57125797867775 43.074073702096939 71.918032959103584 226.36538144946098 40.889779806137085 29.548244714736938 76.260839551687241 51.520388379693031 502.07439841330051 71.731447607278824 34.93596188724041 17.014117538928986 71.151164025068283 24.792016729712486 141.29609596729279 130.59930834174156
leaf_count=32 32 48 376 95 120 96 4615 148 40 50 87 111 182 233 195 95 135 455 70 42 123 105 1089 98 80 42 100 53 252 389
internal_value=-0.0010085 -0.00773504 -0.00953538 -0.0120499 -0.000503765 -0.0170723 -0.00047922 -0.00035473 -0.0124029 -9.58225e-05 0.00202613 0.0125705 0.0187277 0.000687584 -0.000496621 0.000655323 0.00148105 -0.000173938 0.0127353 -0.00124747 0.0225517 0.0111828 0.0022556 0.000935606 0.00686323 -0.0127982 0.0101691 0.0147958 0.00831489 -0.00169941
internal_weight=4725.57 344.709 326.854 298.121 90.3704 207.75 4380.86 4362.2 91.7686 4270.43 1838.13 207.055 157.479 1631.07 1465.7 1375.12 1332.05 1161.28 170.772 70.438 100.334 165.378 934.913 862.995 360.921 51.9501 308.971 237.239 166.088 2432.3
internal_count=9588 767 735 687 215 472 8821 8789 188 8601 3597 380 293 3217 2879 2684 2589 2304 285 112 173 338 1849 1714 625 122 503 405 305 5004
is_linear=0
shrinkage=0.05


Tree=183
num_leaves=31
num_cat=3
split_feature=7 48 82 45 76 76 52 73 28 19 28 61 23 65 24 52 42 30 58 52 37 65 38 37 23 29 19 82 17 18
split_gain=8.01953 8.09427 13.1808 7.82397 7.30265 10.8768 8.40586 8.16386 11.5715 9.9994 6.54385 6.19603 13.2651 12.225 14.6286 13.095 11.1771 11.8458 9.29523 12.0973 10.4516 8.87771 12.0505 16.575 8.86214 12.1387 8.45547 8.30051 8.06766 8.72374
threshold=1.0000000180025095e-35 0.98489934884914632 1374.3120000000001 -64.205000000000368 2256.3850000000007 3150.8150000000005 224.13803854875314 2947.3050000000007 39.975000000000001 402.91666666666674 36.820000000000014 0 1026.6150000000002 1 160.02000000000001 0.87905895691596936 4185.0000000000009 0.19886358261757917 0.052336187891689208 271.27409297052151 1045.0000000000002 2 3635.0000000000005 1145.0000000000002 3861.2450000000003 10.735000000000001 111.83333333333316 3499.7760000000003 0.29765146518449598 0.3500064404185515
decision_type=2 2 2 2 2 2 2 2 2 2 2 1 2 9 2 2 2 2 2 2 2 9 2 2 2 2 2 2 2 2
left_child=1 2 -1 10 6 -6 -3 9 -9 -7 -4 12 -2 16 -15 -16 26 -18 20 -20 -17 22 23 -13 25 -23 -14 -26 -25 -30
right_child=11 4 3 -5 5 7 -8 8 -10 -11 -12 21 13 14 15 18 17 -19 19 -21 -22 24 -24 28 27 -27 -28 -29 29 -31
leaf_value=0.41987456953361291 0.39618300261240513 0.67275743418373823 -1.0509262602630078 -0.01319737072631888 -0.35557401381458364 0.20314169718169239 -0.058495989297541941 0.15969650286677536 -0.50197507771911487 -0.26307912600459959 -0.2297781141033747 -0.0098216064188019203 -0.191595762889051 0.35696573863672043 0.34100743409289225 -0.10858665019527224 -1.178695256363109 0.0043576103549227696 0.09224571616099482 -0.83092159088224671 -0.021279423458053517 -0.50054104051692005 -0.11317688562151887 6.0582001022141752 0.063797280178899032 -0.0065710397534623158 0.071958882861788712 -0.24554480677823565 1.7545276647276069 -0.1085314978178019
leaf_weight=34.349667400121689 42.242797493934631 119.01651987433434 24.920539259910583 74.009680852293968 44.187155961990356 83.609010815620422 36.855263292789459 23.044581443071365 49.781356200575829 15.192498818039892 32.676572173833847 186.03736191987991 49.167812153697014 78.471897512674332 32.214568376541138 98.631567537784576 24.289038673043251 36.632459670305252 102.02807594835758 22.777083158493042 449.35603620111942 76.134045377373695 678.25408542156219 27.568145513534546 243.83018943667412 1451.0771306008101 518.94994488358498 51.759952366352081 20.593535289168358 20.602837815880775
leaf_count=86 58 269 55 146 85 203 76 40 96 42 71 452 112 143 49 153 65 83 184 48 803 159 1464 79 575 2871 956 120 53 59
internal_value=-0.00128278 0.00446768 -0.00471359 -0.0119125 0.00856709 0.00261094 0.0168138 0.00830647 -0.00439527 0.0176688 -0.0257319 -0.00201705 0.000622847 -0.000202828 -0.0043452 -0.00668005 0.004947 -0.0153274 -0.00817117 0.00414366 -0.0109759 -0.00341059 -0.00734842 0.00184356 -0.00134719 -0.00288837 0.00720818 0.00656997 0.0228191 0.00880916
internal_weight=4748.26 537.643 165.956 131.607 371.686 215.815 155.872 171.627 72.8259 98.8015 57.5971 4210.62 1454.76 1412.52 783.479 705.007 629.039 60.9215 672.793 124.805 547.988 2755.86 933.056 254.802 1822.8 1527.21 568.118 295.59 68.7645 41.1964
internal_count=9655 1169 358 272 811 466 345 381 136 245 126 8486 2654 2596 1380 1237 1216 148 1188 232 956 5832 2107 643 3725 3030 1068 695 191 112
cat_boundaries=0 1 2 3
cat_threshold=2 1921216 1798336
is_linear=0
shrinkage=0.05


Tree=184
num_leaves=31
num_cat=3
split_feature=18 37 19 65 30 58 19 65 59 26 82 18 53 53 33 89 75 74 74 4 26 49 52 50 19 3 50 36 18 93
split_gain=6.11257 12.6223 10.5691 11.4971 11.6679 12.3357 10.6004 10.8736 10.3436 12.306 10.133 9.87318 9.67405 10.1765 9.59216 10.8848 9.90952 9.56374 11.2543 9.33531 9.27893 9.20983 9.35333 11.1392 9.72434 9.1873 9.375 9.05631 8.70102 8.94449
threshold=0.45833764007345995 1085.0000000000002 254.00000000000009 0 0.71454464635095116 0.017866322577812052 216.33333333333329 1 0.0023480704554464508 120.02000000000002 3410.7380000000007 0.64490912006801715 -28.534170156278957 -29.178579771795288 35.000000000000121 0.82167318982387483 1482.3850000000002 2887.6200000000003 4310.7650000000003 5.5000000000000009 25.655000000000005 0.16758428234074299 2.9807482993198851 -0.0010457362070866998 140.00000000000017 2 0.022799495640551556 1015.0000000000001 0.44425578785038383 0.091344905905256263
decision_type=2 2 2 9 2 2 2 9 2 2 2 2 2 2 2 2 2 2 2 2 2 2 2 2 2 9 2 2 2 2
left_child=1 28 6 4 12 -6 7 -3 -5 -10 -2 -12 13 -4 21 16 -16 -14 27 -18 -7 22 -9 -24 -25 26 -21 -19 29 -1
right_child=10 2 3 8 5 20 -8 14 9 -11 11 -13 17 -15 15 -17 19 18 -20 25 -22 -23 23 24 -26 -27 -28 -29 -30 -31
leaf_value=-0.025159714238071729 0.0022128231524945366 -0.077499234456545815 -0.0017772198580892963 0.072827318655903639 0.089136209134817082 0.0054875719796406491 0.10858253188021649 -0.15964583536051011 -0.16177124925101793 0.015362631876844106 0.14819772188196936 -0.17818898376982625 0.11723128691602867 -0.27204851237774363 -0.06573891346251913 -0.058309080283589769 0.54058008091778054 -0.0049218464512456707 0.33642551561606598 0.0074298080637223768 -0.61151006620178772 -0.34267279637718107 0.28285898998699682 -0.10520496033778387 0.087633430352945046 0.1699267779220989 -0.37997036433511799 -0.15474481980094909 -0.22471096884034072 0.34387164224464328
leaf_weight=723.84403055906296 1198.1355420798063 250.0609862357378 144.46394440531731 67.327810034155846 83.006547346711159 53.955575034022331 197.89050254225731 26.059686183929443 369.69148409366608 94.940922111272812 134.06439724564552 19.660104840993881 232.07123646140099 23.699823409318924 52.314354777336121 80.670065253973007 220.40813571214676 148.3681880235672 74.467341542243958 29.010291069746017 114.24063356220722 34.251466855406761 61.916929394006729 89.280137792229652 45.394307211041451 59.376182273030281 19.793782070279121 27.260569185018539 63.333547905087471 41.933756411075592
leaf_count=1405 2372 528 295 145 168 89 405 60 755 175 284 35 426 48 102 190 470 289 157 62 272 71 146 227 111 122 43 50 129 99
internal_value=-0.00051454 -0.00163709 7.59969e-05 -0.00279968 0.00067696 -0.00846785 0.00361009 0.00145554 -0.00854378 -0.0113584 0.00233285 0.0144181 0.00421973 -0.00610645 0.0045617 0.00893528 0.0124688 0.00782115 0.00103783 0.0156867 -0.0162516 -0.00311868 0.000594438 0.00432559 -0.00374449 0.00365721 -0.0115244 -0.00586872 -0.007009 -0.00553596
internal_weight=4780.89 3429.03 2599.92 1433.49 901.534 251.203 1166.43 968.536 531.96 464.632 1351.86 153.725 650.331 168.164 718.475 461.573 380.903 482.167 250.096 328.588 168.196 256.903 222.651 196.591 134.674 108.18 48.8041 175.629 829.111 765.778
internal_count=9730 7039 5406 2869 1794 529 2537 2132 1075 930 2691 319 1265 343 1604 989 799 922 496 697 361 615 544 484 338 227 105 339 1633 1504
cat_boundaries=0 1 2 3
cat_threshold=1135643 1069082 1090
is_linear=0
shrinkage=0.05


Tree=185
num_leaves=31
num_cat=0
split_feature=18 22 39 29 32 33 38 59 102 72 36 72 24 99 99 24 59 82 51 38 104 91 36 53 28 59 33 74 59 75
split_gain=8.06156 9.54891 12.9837 11.5886 11.3324 10.8226 8.90848 11.2969 10.2771 12.6522 11.2658 8.90072 12.0261 8.7967 8.49723 8.4546 12.8879 8.62232 8.38908 16.0008 9.73522 9.58138 8.70661 7.90623 7.83773 10.9867 7.67779 7.66697 7.5456 7.50473
threshold=0.42381887284739561 5468.2539682539691 2645.0000000000005 211.49500000000003 2555.0000000000005 594.99999999999989 4085.0000000000005 0.009836083539301101 0.21904761904761902 71.040000000000006 360.00000000000017 149.37500000000003 188.13500000000002 -4.9114172335599724 71.228480725623641 189.10500000000005 0.0055471325453359506 2028.7325000000003 0.89934767217454514 4045.0000000000005 0.99991194514142212 0.26201372997711675 465.00000000000028 -28.394662864248911 87.950000000000003 0.028870079557083202 490.00000000000017 3182.7800000000002 0.019802887107514055 2308.7550000000006
decision_type=2 2 2 2 2 2 2 2 2 2 2 2 2 2 2 2 2 2 2 2 2 2 2 2 2 2 2 2 2 2
left_child=1 6 18 4 14 11 8 -8 10 28 13 24 -13 23 -4 17 -17 -7 20 29 21 22 -3 -1 -6 -26 -24 -22 -10 -20
right_child=-2 2 3 -5 5 15 7 -9 9 -11 -12 12 -14 -15 -16 16 -18 -19 19 -21 27 -23 26 -25 25 -27 -28 -29 -30 -31
leaf_value=-0.0080725403859581487 0.0055275512344518775 0.028398177024912742 0.0019096143729989024 -0.31811024966023888 -0.42129287874813603 -0.0038966000117561352 0.016467533375164579 -0.91506618239734516 -0.40110537776387079 0.0055933265140879485 0.071046109304108998 5.3917071612502188 -0.061962365384075263 -0.14251470264817173 0.72081955597960201 0.27274314504884528 -0.19397029973139013 1.1237078425863842 -0.023712899634354301 0.039728713881471839 0.48224934895796001 -0.68058768474520126 -0.23149563591558575 0.083251758835297812 -0.20491990524165971 0.22894140618724138 -0.0030203434209205684 -0.0005279942361710255 -0.30802174093376211 -0.22562081161520242
leaf_weight=27.253421947360039 2074.5098883062601 844.59305696189404 225.70124427974224 76.271659925580025 101.52145797014236 21.967052951455116 23.817590177059174 53.717449828982353 67.234473884105682 65.324992105364799 61.877653747797012 28.085461556911469 82.825380146503448 131.11573435366154 34.280266255140305 35.309057325124741 53.574976876378059 38.342048928141594 49.905298396945 65.343323931097984 54.281392365694046 33.681211903691292 28.622609406709671 29.481717526912689 251.01094451546669 36.819237321615219 84.472074121236801 20.932952523231506 28.230974689126015 56.353493824601173
leaf_count=53 4111 1796 347 141 226 41 52 122 123 140 113 74 153 283 68 69 120 89 104 145 94 82 64 49 569 66 186 43 57 128
internal_value=-0.000732846 -0.00252754 -0.00113764 -0.00541948 -0.00384946 -0.00738081 -0.00886083 -0.0244046 -0.00592507 -0.0157843 0.000422903 -0.0109056 0.00159027 -0.00567214 0.00497215 0.00443835 -0.00536607 0.0188882 0.0022711 -0.00798944 0.00392192 0.00260615 0.00352798 0.0107763 -0.0144652 -0.0102521 -0.00950025 0.0212645 -0.0273865 -0.0199623
internal_weight=4786.46 2711.95 2223.89 985.709 909.437 649.456 488.054 77.535 410.519 160.79 249.729 500.262 110.911 187.851 259.982 149.193 88.884 60.3091 1238.19 171.602 1066.58 991.369 957.688 56.7351 389.352 287.83 113.095 75.2143 95.4654 106.259
internal_count=9708 5597 4605 1963 1822 1407 992 174 818 320 498 1088 227 385 415 319 189 130 2642 377 2265 2128 2046 102 861 635 250 137 180 232
is_linear=0
shrinkage=0.05


Tree=186
num_leaves=31
num_cat=0
split_feature=76 31 37 75 26 38 101 38 99 38 27 14 96 26 36 107 98 13 24 76 22 19 49 98 27 5 59 17 17 101
split_gain=6.1268 8.64928 5.45264 8.31243 6.83712 5.64066 8.42434 5.84723 15.2058 11.325 9.16107 13.5859 9.34757 8.58515 8.74648 8.39906 7.1433 10.8862 7.83922 7.45609 6.48929 10.2103 8.45629 10.347 8.89965 10.0763 8.30426 7.38736 8.58775 6.25273
threshold=6020.4000000000005 5695.0000000000009 5125.0000000000009 5785.9050000000007 126.18000000000002 6335.0000000000009 0.95830152053083528 5615.0000000000009 75.108616780044954 5165.0000000000009 28.995000000000001 0.20526315789473684 2496.8253968253971 170.38500000000002 125.00000000000001 1.0000000180025095e-35 4272.7891156462601 0.72474747474747481 279.52500000000003 4372.0100000000011 7920.0000000000009 286.33333333333331 0.56295310511086305 2870.9750566893431 21.165000000000003 0.41885964912280704 0.007223993619969951 0.26560500535460269 0.22488846743898031 0.74362802617259693
decision_type=2 2 2 2 2 2 2 2 2 2 2 2 2 2 2 2 2 2 2 2 2 2 2 2 2 2 2 2 2 2
left_child=1 2 3 5 -5 7 -7 9 10 16 11 -9 -13 14 -12 29 20 18 -18 -19 -1 26 23 -23 25 -25 -22 28 -28 -11
right_child=-2 -3 -4 4 -6 6 -8 8 -10 15 13 12 -14 -15 -16 -17 17 19 -20 -21 21 22 -24 24 -26 -27 27 -29 -30 -31
leaf_value=-0.0062982031975845846 0.24170610846243934 -0.26016397708846456 0.25014855636136374 -0.91307040982701437 0.013930423884786693 -0.076618324636210808 0.47834747158867685 0.10261353081055802 -0.049266451702062855 -0.21972614311783298 0.0259838332441376 -0.6210620973379708 0.071256266644027733 -0.035211918020759063 0.57705829872542946 -0.36203882562444251 -0.54426236085512869 1.3960257378892853 0.055115139973636929 0.016615046861051041 -0.17694929287216363 0.29721490956010294 -0.28554534622509492 -0.1384084825635899 -0.26945438471779826 8.3430856654937706 0.74520091539768074 0.6054708334169675 -0.11304090039343535 0.00014992571703089654
leaf_weight=3271.4805076271296 29.63466802239418 22.949289858341217 34.440710127353668 31.198202833533287 17.130286902189255 177.97804084420204 36.471828386187553 72.391227543354034 221.04688261449337 88.687022835016251 37.804984539747238 28.229175120592117 31.493721231818199 23.358333334326744 99.234691590070724 21.508423998951912 37.836850062012672 57.111647605895996 18.615809187293053 47.618792533874512 24.358803331851959 55.821344509720802 31.608421519398689 25.732185572385788 38.98460665345192 19.158668920397758 21.378173172473907 49.244984492659569 20.015209928154945 87.400677293539047
leaf_count=6536 58 51 65 76 34 360 76 150 493 185 74 51 49 50 190 44 99 133 43 108 62 99 50 56 89 57 47 86 41 203
internal_value=-0.000795458 -0.000936847 -0.000788193 -0.000933666 -0.021563 -0.00071901 -0.00863868 -0.000335641 0.00468079 -0.00099342 0.0121599 0.00241008 -0.0152426 0.0201905 0.0249662 -0.0126577 -0.000373672 0.00992161 -0.00777711 0.0194617 -0.000840093 0.00637827 -0.00135805 0.00392619 -0.00717494 0.00800279 0.0179027 0.0248681 0.00929862 -0.00905496
internal_weight=4779.92 4750.29 4727.34 4692.9 48.3285 4644.57 214.45 4430.12 513.559 3916.56 292.512 132.114 59.7229 160.398 137.04 197.596 3718.97 161.183 56.4527 104.73 3557.78 286.302 171.305 139.697 83.8755 44.8909 114.997 90.6384 41.3934 176.088
internal_count=9715 9657 9606 9541 110 9431 436 8995 1057 7938 564 250 100 314 264 432 7506 383 142 241 7123 587 351 301 202 113 236 174 88 388
is_linear=0
shrinkage=0.05


Tree=187
num_leaves=31
num_cat=4
split_feature=65 70 36 15 25 44 19 71 52 5 30 52 5 93 90 97 99 31 17 82 99 65 36 73 69 23 58 35 52 102
split_gain=6.74284 12.3449 11.3366 9.41659 13.136 9.33744 8.60544 9.26892 8.96815 10.8685 9.14315 11.9244 8.39763 8.41635 10.5476 9.09149 12.7935 10.1581 18.235 9.53382 7.95985 7.88995 10.0543 10.7869 7.79329 9.06532 7.74683 12.0678 10.7316 10.0004
threshold=0 1 29.999999999999321 0.3257575757575758 3892.5600000000004 29.779999999999976 529.16666666666697 59.610000000000007 3.1689682539679329 0.54772727272727284 0.18240105758902753 342.32360544217698 0.70294117647058829 0.095729166666666657 0.074350469872857858 1184.8072562358277 33.816757369614386 1295.0000000000002 0.42204816877704437 3264.3485000000005 -6.7333673469386204 2 559.99999999999989 2056.5300000000002 3 1738.0200000000002 0.023536474575266253 2025.0000000000002 106.39426303854908 0.19523809523809524
decision_type=9 9 2 2 2 2 2 2 2 2 2 2 2 2 2 2 2 2 2 2 2 9 2 2 9 2 2 2 2 2
left_child=1 -1 -2 6 12 -4 8 -8 9 20 21 -12 13 14 15 16 -5 -17 19 24 -3 -10 23 -23 -19 -26 29 28 -28 -7
right_child=2 3 5 4 -6 26 7 -9 10 -11 11 -13 -14 -15 -16 17 -18 18 -20 -21 -22 22 -24 -25 25 -27 27 -29 -30 -31
leaf_value=0.069587656814668719 -0.1228978352621672 -0.055243406598837197 0.012126469919769534 -0.36505533707830895 -0.39780991032077417 0.01555936878633446 0.42986767758704619 -0.023406363759089291 -0.53635042413206546 -0.17374336250315059 -0.0047600430473778493 0.66950648710532656 1.2911888204804463 0.59545189645601804 -0.098802781457246885 0.072672266521874113 0.010634412263171101 0.06938478130106987 -1.4101553137351914 -0.11442221728564235 0.21536974770471781 -0.01110660638771499 2.4118085029077019 -0.79684948887222484 0.14569501331937432 -0.070721076183266715 -0.37882196744942292 -0.079485164068839265 0.63138506427812624 1.6715048859987611
leaf_weight=129.34671220183372 54.677957773208618 25.788788288831711 1620.1765103340149 57.449900716543198 138.90618433058262 343.93983216583729 51.751825511455536 48.454422235488892 61.104098334908485 23.043536305427551 394.98178265988827 29.571402341127396 35.519206076860428 38.663639202713966 55.372332528233528 46.232601493597031 27.075148910284042 184.56093993782997 54.459834605455399 81.387067392468452 112.11769631505013 188.52163308858871 19.534065157175064 58.234519675374031 23.163038313388824 74.284166887402534 30.058933526277542 667.08014817535877 56.880648612976074 20.420356079936028
leaf_count=292 121 45 3196 91 355 792 87 78 131 63 694 41 79 88 99 83 45 322 126 137 189 346 34 152 34 152 75 1529 137 42
internal_value=-0.000358876 -0.00259965 0.00121803 -0.00367545 -0.00768915 0.00167248 -0.000474653 0.0134343 -0.0020014 0.00871031 -0.00429418 0.000547479 -0.00481993 -0.00612798 -0.0075757 -0.00547653 -0.0205586 -0.0027296 -0.00519019 -0.00114667 0.0140215 -0.0105727 -0.00594238 -0.00889911 0.00320404 -0.00786934 -0.00184158 -0.00473433 0.0127872 0.00414478
internal_weight=4752.76 1959.52 2793.23 1830.18 817.074 2738.56 1013.1 100.206 912.898 160.95 751.948 424.553 678.168 642.649 603.985 548.613 84.525 464.088 417.855 363.395 137.906 327.394 266.29 246.756 282.008 97.4472 1118.38 754.02 86.9396 364.36
internal_count=9655 3763 5892 3471 1611 5771 1860 165 1695 297 1398 735 1256 1177 1089 990 136 854 771 645 234 663 532 498 508 186 2575 1741 212 834
cat_boundaries=0 1 2 3 4
cat_threshold=1638904 33 136 5
is_linear=0
shrinkage=0.05


Tree=188
num_leaves=31
num_cat=2
split_feature=49 46 8 34 94 96 75 49 72 74 65 30 28 28 82 28 4 58 34 82 75 73 47 74 104 52 75 3 18 36
split_gain=7.19052 14.2911 6.84078 6.72623 6.23484 8.34624 5.96558 8.32865 5.38158 4.81158 10.719 12.1383 10.6977 15.0887 11.5661 13.7924 10.7472 14.0264 10.8034 10.1425 9.79529 9.49852 16.0808 10.7484 10.4062 9.59589 9.5952 8.79331 14.9761 11.4597
threshold=0.91766541072603769 0.87466760435879898 7.0000000000000009 3675.0000000000005 5519.2794897959193 5345.351473922904 5785.9050000000007 0.043532292377834958 141.59500000000003 3101.6700000000005 0 0.95688542368689744 121.185 115.84000000000002 2750.4925000000007 109.51000000000001 2.5000000000000004 0.039994334285825509 3185.0000000000005 2237.1800000000007 3709.5000000000005 4106.7100000000009 0.8264410379150724 3472.5350000000003 0.9860297690297718 4.4058956916101133 2749.0950000000007 1 0.60699062233589096 30.000000000000117
decision_type=2 2 2 2 2 2 2 2 2 2 9 2 2 2 2 2 2 2 2 2 2 2 2 2 2 2 2 9 2 2
left_child=2 -2 4 -4 5 6 9 -8 -5 27 11 21 13 14 19 20 17 -14 -19 -12 -16 22 25 -24 -25 -11 -27 -1 29 -29
right_child=1 -3 3 8 -6 -7 7 -9 -10 10 12 -13 16 -15 15 -17 -18 18 -20 -21 -22 -23 23 24 -26 26 -28 28 -30 -31
leaf_value=-0.0066373850453913981 -0.0031536510561913644 0.42442943059355898 0.021651193998155301 -0.24186422747078196 -0.24776210173002938 1.2337516806841375 -0.00070659881087351559 -1.0709685704094511 -0.4784201047995808 0.0062925655378023755 -0.0088277350476877459 1.291659890908158 -0.10226945629678497 -0.60819548233258791 0.84435410380586584 -0.46226685828389835 0.13079254753371003 0.42515680863807614 -0.24268403745704986 -0.53866010097809613 0.015573051015398676 -0.34480890333848468 -0.13109979915244169 1.2528583276179193 0.0086788171180046444 -0.72039212374882711 -0.067185022374103384 -0.017221128319019032 -0.68048490298917985 0.068829981038318527
leaf_weight=1783.4987148940563 51.979254901409149 29.472678989171982 37.646475225687027 29.570820033550262 48.232318848371506 29.259618282318115 33.369862914085388 18.378266572952271 20.580809563398361 63.944428145885468 254.85718001425266 20.695984154939651 133.81604954600334 41.028721243143082 64.941549822688103 18.216353207826614 342.5298153758049 34.263312458992004 20.237050235271454 73.971915066242218 55.638607800006866 56.344575107097626 21.139215394854546 27.921711817383766 45.0650255382061 73.370558395981789 118.39971905946732 405.09911297261715 24.391397163271904 783.39172720909119
leaf_count=3329 104 40 56 60 112 57 70 42 38 128 516 61 303 95 146 44 696 65 62 169 146 131 46 46 99 143 283 909 40 1642
internal_value=-0.000624187 0.0141041 -0.000880533 -0.0147056 -0.000616201 -0.000426381 -0.000598899 -0.0174779 -0.026696 -0.000403179 -0.00275004 -0.00931233 3.40919e-05 -0.00514733 -0.00259651 0.00950698 0.00499954 -0.00459531 0.0167869 -0.00770531 0.0156332 -0.0114336 -0.00836514 0.00930387 0.0183969 -0.0148689 -0.0204619 0.000745337 0.00401056 0.00483957
internal_weight=4761.25 81.4519 4679.8 87.7981 4592 4543.77 4514.51 51.7481 50.1516 4462.76 1466.38 426.881 1039.5 508.654 467.626 138.797 530.846 188.316 54.5004 328.829 120.58 406.185 349.841 94.126 72.9867 255.715 191.77 2996.38 1212.88 1188.49
internal_count=9678 144 9534 154 9380 9268 9211 112 98 9099 3179 937 2242 1116 1021 336 1126 430 127 685 292 876 745 191 145 554 426 5920 2591 2551
cat_boundaries=0 1 2
cat_threshold=1777794 3114
is_linear=0
shrinkage=0.05


Tree=189
num_leaves=31
num_cat=1
split_feature=73 32 15 49 34 74 31 74 28 49 46 99 65 73 74 98 44 5 23 49 53 50 34 5 28 46 30 98 56 34
split_gain=8.4581 9.54627 8.42104 9.1105 6.94514 11.3874 10.4342 12.0717 12.9584 10.3126 9.96922 9.90573 15.5013 12.163 12.1614 10.6929 8.87767 10.5608 11.4071 17.2618 13.7839 10.3898 9.90325 13.1323 9.81332 10.1081 9.75643 9.47605 11.7006 9.77601
threshold=5031.1650000000009 3205.0000000000005 0.14642857142857144 0.39608524285573971 2095.0000000000005 2899.4600000000005 2995.0000000000005 2433.4650000000006 65.725000000000037 0.3111695795505332 0.61810248398145118 76.884682539682458 0 1824.2300000000002 2312.5400000000004 2900.9070294784583 90.199999999999832 0.27888888888888896 1491.1150000000002 0.082258304622336006 -23.626514335975799 0.54369085332854095 1765.0000000000002 0.44722222222222224 212.19000000000003 0.87466760435879898 0.90469686618959966 1903.1746031746036 0.38817598777817203 1915.0000000000002
decision_type=2 2 2 2 2 2 2 2 2 2 2 2 9 2 2 2 2 2 2 2 2 2 2 2 2 2 2 2 2 2
left_child=2 -2 3 -1 5 16 11 8 10 -7 -8 -6 -13 -14 -15 -16 17 18 24 21 -21 -20 23 -19 -4 -26 -18 28 -24 -29
right_child=1 -3 4 -5 6 9 7 -9 -10 -11 -12 12 13 14 15 -17 26 22 19 20 -22 -23 27 -25 25 -27 -28 29 -30 -31
leaf_value=0.0181760296803152 0.032271223126986825 -0.19301057626762061 0.016371641975887741 0.39949532438432628 -0.041094185229994196 0.40870616295996315 -0.0059368935728205232 -0.013129243910379174 0.010403828860768287 -0.0012013809548342637 2.040181274525628 -0.67758561203596546 -0.53150535199995375 -0.02076936040178623 0.44422833377836285 -0.048563956840919791 -0.12033102960205184 2.1116776925871306 -1.9849771053807204 -0.18882370251132521 0.13874213190567561 0.22559291001664514 0.033577653309116863 -0.02250954959697964 0.0031619183105792816 -0.11304317524215204 1.8431825057065581 0.71592479191559455 -0.23162426266733382 0.036002783649857407
leaf_weight=168.0256033539772 47.419984221458435 142.74047735333443 635.18438272178173 25.502207845449448 798.68082815408707 77.452723145484924 26.548632383346558 1133.0336806923151 235.00856107473373 42.909621000289917 69.445416048169136 62.730058237910271 22.964565128087997 96.675431117415428 107.97900892794132 44.326286658644676 132.15715311467648 72.608619958162308 88.622614681720734 212.72284540534019 35.714787572622299 20.938535943627357 29.871730029582977 36.593686610460281 43.767907649278641 29.714858293533325 21.511461690068245 21.866096884012222 47.059797540307045 220.60131460428238
leaf_count=334 75 343 925 47 1651 141 57 2569 509 61 171 133 64 248 227 90 294 152 212 392 47 35 62 98 66 40 62 46 84 403
internal_value=-0.000755574 -0.0110874 -0.00032474 0.00988147 -0.00077707 0.00163896 -0.00242283 0.000365458 0.00876556 0.016486 0.0242448 -0.00602465 0.00119647 0.00643985 0.00988807 0.0186921 0.000555219 0.00173134 -0.00093228 -0.00820712 -0.000916041 -0.0247401 0.00836032 0.0213585 0.00274276 -0.014556 -0.010889 0.00391624 -0.0113732 0.00876736
internal_weight=4750.38 190.16 4560.22 193.528 4366.69 1769.3 2597.39 1464.04 331.003 120.362 95.994 1133.36 334.675 271.945 248.981 152.305 1648.94 1495.27 1066.67 357.999 248.438 109.561 428.601 109.202 708.667 73.4828 153.669 319.399 76.9315 242.467
internal_count=9638 418 9220 381 8839 3120 5719 3306 737 202 228 2413 762 629 565 317 2918 2562 1717 686 439 247 845 250 1031 106 356 595 146 449
cat_boundaries=0 1
cat_threshold=5144
is_linear=0
shrinkage=0.05


Tree=190
num_leaves=31
num_cat=1
split_feature=39 3 50 50 29 43 17 72 13 19 38 28 58 59 26 58 44 58 93 19 82 71 32 85 72 48 74 31 63 44
split_gain=5.70146 6.80893 5.94699 5.61807 5.18093 5.02174 16.6245 12.4617 9.45909 9.4726 9.18695 11.4496 9.38054 8.76735 9.53626 8.33494 8.11334 7.42438 10.945 8.0816 7.49563 8.10977 9.40493 8.56637 7.34894 8.0323 7.24518 8.20113 7.87465 6.96502
threshold=800.00000000000011 0 0.055768954092059404 0.0090912099996806033 50.000000000000014 -116.22500000000001 0.38686203248398049 153.62500000000003 0.87083333333333346 480.83333333333343 4635.0000000000009 41.670000000000002 0.12772894811454491 0.026277446305622253 166.23500000000004 0.069180410603304612 21.039999999999967 0.062494693515463003 0.034829305715381613 72.250000000000099 836.21050000000014 19.780000000000005 2615.0000000000005 -31.142677633873621 143.965 0.95353522914758504 4924.255000000001 4225.0000000000009 1.0000000180025095e-35 48.174999999999962
decision_type=2 9 2 2 2 2 2 2 2 2 2 2 2 2 2 2 2 2 2 2 2 2 2 2 2 2 2 2 2 2
left_child=1 -1 3 4 -3 6 8 -8 9 10 12 -12 16 14 -13 -15 24 19 20 -7 -19 -22 -23 -24 25 -2 -21 28 -28 -25
right_child=5 2 -4 -5 -6 17 7 -9 -10 -11 11 13 -14 15 -16 -17 -18 18 -20 26 21 22 23 29 -26 -27 27 -29 -30 -31
leaf_value=0.19768692486456915 -0.31709092642571624 -0.24707047432820703 -0.32072988218412346 0.19840932123716898 -0.037890328524862585 0.76004047239124339 0.2143132645158129 0.002067341078182139 -0.07287615031731641 -0.10073752809640438 -0.43438495906857216 0.5982718057658597 -0.23497250656257018 -0.030547445502466599 0.016244720854985722 0.098563601496989867 -0.16263408807158586 0.37940874360793803 0.15009684003574222 -0.0055907357720155204 -0.29339878006970788 0.064823400244955212 -0.56711956720582468 -0.21257359377642615 -0.017547902673034698 0.07967941222928801 -0.076951948979694873 -0.03622322347551462 0.39415197183263617 0.0010868095656107358
leaf_weight=45.455118611454964 27.362641364336014 60.062339335680008 35.288205787539482 16.950848564505577 60.722354173660278 43.272922068834305 111.18493589758873 75.954869449138641 74.268130898475647 74.423236444592476 36.933458298444748 58.409873992204666 29.71162810921669 33.890249252319336 27.079221621155739 44.400903642177582 36.506840869784355 29.978091776371002 113.52286951243877 2897.6590453386307 166.39217312633991 89.207235798239708 44.373741164803505 34.270585179328918 56.533795818686485 134.93018302321434 25.989400520920753 82.826004877686501 81.51861084997654 91.493486553430557
leaf_count=120 55 137 72 41 169 96 201 178 118 155 76 106 56 66 63 81 74 57 293 5741 324 198 98 80 118 255 58 191 160 187
internal_value=-0.000909374 -0.0087982 -0.0129007 -0.00895435 -0.0127373 -0.000528236 0.00300791 0.0161037 -0.000854883 0.00136808 0.00391306 0.0121074 -0.00185696 0.0177783 0.028849 0.00568985 0.00123716 -0.00131333 -0.00656603 -0.000358437 -0.0100264 -0.011728 -0.0062005 -0.0130951 0.00487759 0.0102856 -0.000659134 0.00879065 0.0179005 -0.00643082
internal_weight=4740.57 218.479 173.024 137.736 120.785 4522.09 821.59 187.14 634.45 560.182 485.759 200.714 285.045 163.78 85.4891 78.2912 255.333 3700.5 569.238 3131.27 455.715 425.737 259.345 170.138 218.827 162.293 3087.99 190.334 107.508 125.764
internal_count=9624 539 419 347 306 9085 1602 379 1223 1105 950 392 558 316 169 147 502 7483 1237 6246 944 887 563 365 428 310 6150 409 218 267
cat_boundaries=0 1
cat_threshold=2570
is_linear=0
shrinkage=0.05


Tree=191
num_leaves=31
num_cat=0
split_feature=37 22 26 31 53 101 99 46 101 97 59 53 24 76 24 46 95 76 82 26 18 24 104 76 42 15 24 30 77 97
split_gain=6.79839 8.5375 9.88266 8.38127 11.4336 11.9185 10.1929 13.0168 8.80588 11.448 9.39062 8.68752 8.67266 10.0775 8.59973 8.06513 7.71956 7.00748 6.82539 6.72574 6.61006 6.56902 6.48994 6.48937 6.29027 6.74653 7.19927 10.3522 8.53756 6.26735
threshold=1025.0000000000002 5890.0907029478467 19.160000000000004 1415.0000000000002 -21.36124373692078 0.88127644103409075 15.293503401360569 0.56914098739344288 0.64135254223891458 1174.8299319727894 0.015935415435772201 -33.92345489979018 214.00500000000002 1965.6950000000004 205.38000000000002 0.90085240122360344 1397.6750000000004 2655.1150000000007 1168.3890000000004 48.425000000000004 0.40496674008931566 183.59500000000006 0.80981051699895867 6020.4000000000005 5570.0000000000009 0.14642857142857144 188.13500000000002 0.48453807473363492 0.63953308421675714 5764.3990929705224
decision_type=2 2 2 2 2 2 2 2 2 2 2 2 2 2 2 2 2 2 2 2 2 2 2 2 2 2 2 2 2 2
left_child=1 2 -1 4 5 6 8 -8 11 10 -10 -2 -7 -14 21 16 -4 18 -17 -3 -9 -13 -22 24 25 26 27 -5 -28 -26
right_child=3 19 15 23 -6 12 7 20 9 -11 -12 14 13 -15 -16 17 -18 -19 -20 -21 22 -23 -24 -25 29 -27 28 -29 -30 -31
leaf_value=-0.11667656988592939 0.14169397149659277 0.3912803264664817 0.19433259193638294 0.36788600235644753 -0.43842932704686161 -0.057869948926489202 -0.29434297541213644 0.35472732546514013 -0.00016774040680811453 0.098506601693680917 -0.29727881327812683 0.046400436428623952 0.28480877200081345 -0.223961907949494 0.075450651109797207 -0.0046352270050235237 -0.10506416374869759 -0.042398925719522397 0.066199488571767523 -0.004124740396089655 0.048864958814456828 -0.063423755306844506 0.61767268802386543 0.48734534436563026 -0.53833843564073336 -0.0081859892911467121 -0.014123073353325855 -0.84636305014724167 0.46654478288736884 0.0038987370406388779
leaf_weight=121.07589192688465 37.9913240224123 20.588082134723663 19.989824920892715 29.697668582201004 30.293822050094604 67.356634080410004 25.045654088258743 46.456808239221573 38.75380340218544 39.125668361783028 32.597371071577072 45.771242141723633 44.429659754037857 26.766724616289139 60.38037696480751 36.425317451357841 159.26355645060539 33.882792323827744 61.659982278943062 17.744916424155235 68.570762455463409 40.739968210458755 29.885635495185852 29.051097422838211 32.112325504422188 3427.4422776699066 37.201927840709686 21.803657054901123 107.53828302025795 18.986309215426445
leaf_count=211 55 42 32 68 45 119 53 59 53 54 47 62 78 41 79 82 334 66 120 41 110 61 46 58 70 7314 69 42 223 41
internal_value=-0.00105179 -0.00675957 -0.00876492 -0.00043255 0.0048788 0.00638251 0.0102155 0.019971 0.00460197 -0.0065665 -0.0184852 0.0112757 -0.00649039 0.00567705 0.00576364 -0.00404961 -0.0109559 0.00533119 0.012103 0.0158556 0.0257236 -0.00434344 0.0183882 -0.00134195 -0.00152804 -0.00128239 0.00773384 -0.00832094 0.0134464 -0.0189485
internal_weight=4808.63 470.63 432.297 4338 634.165 603.872 465.319 169.959 295.36 110.477 71.3512 184.883 138.553 71.1964 146.892 311.221 179.253 131.968 98.0853 38.333 144.913 86.5112 98.4564 3703.83 3674.78 3623.68 196.242 51.5013 144.74 51.0986
internal_count=9775 928 845 8847 962 917 679 268 411 154 100 257 238 119 202 634 366 268 202 83 215 123 156 7885 7827 7716 402 110 292 111
is_linear=0
shrinkage=0.05


Tree=192
num_leaves=31
num_cat=1
split_feature=91 39 49 56 28 56 33 91 97 75 23 28 82 28 50 56 49 7 26 17 82 82 25 49 98 65 23 24 72 26
split_gain=8.06714 9.65973 7.76294 11.1337 8.75842 8.75755 7.10922 6.94739 10.1198 8.28606 7.12598 11.1838 6.9025 8.05842 8.27066 6.58926 9.84098 6.39138 9.36815 8.31972 7.91477 7.82794 7.05087 11.338 8.64997 7.2817 14.3381 12.3484 12.8154 12.3673
threshold=0.17214439655172417 3525.0000000000005 0.76679701961963642 0.91437005064165133 174.69000000000003 0.99312372162710039 199.9999999999998 0.054424287300999609 2077.7777777777783 2997.2850000000003 1026.6150000000002 113.82000000000001 2724.1735000000003 108.43000000000002 -0.025722257681595594 0.79922988855365762 0.12999008620791222 1.0000000180025095e-35 93.02500000000002 0.44383682718236006 3499.7760000000003 3639.7000000000003 1461.9650000000004 0.19499510120125099 1314.5124716553289 0 1216.7650000000001 180.79000000000005 146.73500000000004 176.26000000000002
decision_type=2 2 2 2 2 2 2 2 2 2 2 2 2 2 2 2 2 2 2 2 2 2 2 2 2 9 2 2 2 2
left_child=2 12 7 6 -5 -6 -4 10 15 -10 11 -1 13 -2 -15 -9 -17 18 -12 -20 22 -22 23 24 -19 -24 -27 -28 -29 -30
right_child=1 -3 3 4 5 -7 -8 8 9 -11 17 -13 -14 14 -16 16 -18 20 19 -21 21 -23 25 -25 -26 26 27 28 29 -31
leaf_value=-0.021051741969493689 -0.32417719323573668 0.11589945055233529 0.14720701944481931 0.22126652583040693 -0.042761687836878795 0.14634291225190169 -0.31165283533089227 -0.17032199974197726 0.39990945363193781 0.02424149677666847 1.5117426586667719 0.14416813376356324 -0.90296114692989193 -0.17778120208748194 0.8295975283495679 0.47902209590053957 -0.21460191409448004 -0.22904055619523672 6.4763421518065911e-05 1.0707485629272619 -0.20163194016925809 -0.052356480138267616 -0.0092778787507072028 0.01410939209599036 -0.036677738914767131 0.11905943425551016 0.076551998926439074 0.0015792992423950382 -0.25166008698834474 0.10782459584268862
leaf_weight=38.429890096187592 52.853835910558701 43.083937928080559 52.365355104207993 49.488219529390335 26.764730289578438 36.359719485044479 29.869546964764595 61.71995522081852 43.278172731399536 46.997155651450157 21.485495030879974 45.014870494604111 26.650094404816628 23.395958349108696 37.470733270049095 57.100635021924973 25.408370569348335 53.535033136606216 409.24430407583714 43.703154593706131 61.714488282799721 207.49479819834232 1837.6435683816671 44.924234360456467 49.06992694735527 81.321556389331818 390.22047974169254 651.45653115212917 148.30790507793427 56.720256745815277
leaf_count=59 112 75 105 68 45 52 64 130 84 99 37 60 60 58 95 91 47 75 880 114 131 439 3738 60 74 119 879 1360 302 117
internal_value=-0.000790023 -0.0110706 -0.000377294 0.00938773 0.0196013 0.00725485 -0.00459873 -0.000812215 0.00756003 0.0206888 -0.00128642 0.013177 -0.017427 -0.0120596 0.000343365 -0.000657465 0.00858577 -0.00158391 0.00386956 0.00233933 -0.00230614 -0.0105509 -0.00163622 -0.0123209 -0.0214927 -0.00113828 0.00167992 0.000365686 -0.00299315 -0.0138953
internal_weight=4753.09 183.455 4569.64 194.848 112.613 63.1244 82.2349 4374.79 234.504 90.2753 4140.29 83.4448 140.371 113.721 60.8667 144.229 82.509 4056.84 474.433 452.947 3582.41 269.209 3313.2 147.529 102.605 3165.67 1328.03 1246.71 856.485 205.028
internal_count=9629 400 9229 334 165 97 169 8895 451 183 8444 119 325 265 153 268 138 8325 1031 994 7294 570 6724 209 149 6515 2777 2658 1779 419
cat_boundaries=0 1
cat_threshold=1442227
is_linear=0
shrinkage=0.05


Tree=193
num_leaves=31
num_cat=0
split_feature=91 59 48 56 50 5 36 77 57 42 52 63 19 56 45 52 43 49 50 33 71 50 76 25 18 59 59 17 75 72
split_gain=5.67403 7.25052 10.1165 7.82087 7.65356 10.1276 9.17593 9.75488 6.89518 6.63421 7.10232 6.59668 5.41386 8.58336 4.99692 7.7521 6.10994 4.78332 4.758 11.0944 7.9697 7.43974 7.42501 10.307 6.50182 6.26398 7.47842 8.02235 8.732 11.0649
threshold=0.31542898341744779 0.040631126625298754 0.9448622916191457 0.90198002934509935 -0.25411668816801464 0.68990384615384626 49.999999999999666 0.61369276232326297 0.14644251241757419 3295.0000000000005 143.78456916099768 1.0000000180025095e-35 447.08333333333343 0.20610153952582003 -93.06500000000004 157.74369614512469 -98.029999999999959 -1.0000000180025095e-35 0.54369085332854095 89.999999999999901 18.725000000000005 0.37462306411946378 2313.1950000000002 2449.5200000000004 0.40446592264288644 0.036983600519433911 0.018090108444757454 0.51363673209573413 4002.7100000000005 65.685000000000016
decision_type=2 2 2 2 2 2 2 2 2 2 2 2 2 2 2 2 2 2 2 2 2 2 2 2 2 2 2 2 2 2
left_child=1 4 -3 8 5 6 11 -8 9 10 -4 -1 13 -2 15 -10 -16 -9 21 24 -21 25 -23 -24 -20 26 -6 28 29 -28
right_child=12 2 3 -5 18 -7 7 17 14 -11 -12 -13 -14 -15 16 -17 -18 -19 19 20 -22 22 23 -25 -26 -27 27 -29 -30 -31
leaf_value=-0.065692808698201363 0.033482465666246242 -0.39090350183485612 -0.021240325341402619 0.25314485874165982 -0.0064083530532829296 -0.29858984255184567 0.03181693902864851 -0.803868713405133 0.68394615844839146 0.065419994334206422 0.076734068195366947 1.0071433957942943 0.11010447802471789 -0.41474462742758078 0.0062538255681488415 -0.028025855698607317 -0.68351451004866792 -0.15816551266563864 -0.30436305357247972 0.060043347334570778 0.6147209584442882 0.012063052169578281 -0.33362551391625184 -0.030358420801526426 0.3754122857749469 -0.065567379892881125 0.0037886758250948562 -0.10701936224944078 -0.095786059614081556 0.079759065877344965
leaf_weight=22.801505982875824 18.195388853549957 40.073772668838501 21.464068040251732 27.881856799125671 2861.2729506492615 34.341830164194107 22.626186609268188 37.393887907266617 20.107540220022202 21.168660581111908 31.252176687121391 30.72553089261055 24.136501103639603 38.855606481432915 24.959343314170837 23.078433215618134 18.839160189032555 17.86239530146122 28.281509503722191 49.361928403377533 47.633673042058945 32.486516922712326 31.515742361545563 40.116133004426956 34.829709708690643 41.02415643632412 562.5397107899189 22.682968497276306 131.93789303302765 402.98398877680302
leaf_count=45 43 87 43 49 5997 81 50 89 42 36 63 63 42 94 57 46 34 37 64 76 91 58 50 79 60 85 1029 36 295 749
internal_value=-0.000814736 -0.000587453 0.00809255 0.0129367 -0.00103355 -0.0115758 -0.00525765 -0.016211 0.00869954 0.0199313 0.0104371 0.0106797 -0.0139197 -0.0223179 -0.000840781 0.0112279 -0.0127406 -0.0275344 -0.000625913 0.00783099 0.0184478 -0.000954033 -0.0141498 -0.0231418 -0.00848596 -0.000612468 -0.000412181 0.00305119 0.00365952 0.00530819
internal_weight=4762.43 4681.24 228.825 188.751 4452.42 165.751 131.41 77.8825 160.869 73.8849 52.7162 53.527 81.1875 57.051 86.9845 43.186 43.7985 55.2563 4286.67 160.107 96.9956 4126.56 104.118 71.6319 63.1112 4022.44 3981.42 1120.14 1097.46 965.524
internal_count=9670 9491 457 370 9034 365 284 176 321 142 106 108 179 137 179 88 91 126 8669 291 167 8378 187 129 124 8191 8106 2109 2073 1778
is_linear=0
shrinkage=0.05


Tree=194
num_leaves=31
num_cat=3
split_feature=37 33 82 23 35 39 76 33 18 38 3 32 69 30 102 101 89 15 38 39 45 77 45 59 76 33 34 82 61 38
split_gain=6.7109 9.94085 9.77796 8.83126 6.93063 6.99154 9.73072 6.74992 5.25865 5.0888 12.126 13.1667 11.5156 10.3776 9.97693 9.64777 10.5844 11.7919 8.45496 11.1281 14.1783 11.939 10.3263 8.25403 8.03567 7.65085 7.21891 6.83604 6.73604 6.67086
threshold=1005.0000000000001 49.999999999999893 1549.6750000000004 999.18000000000018 1455.0000000000002 1735.0000000000002 1836.3950000000002 370.00000000000017 0.65983606557377061 3405.0000000000005 0 2155.0000000000005 1 0.77345825948731928 0.8047619047619049 0.89541384608163399 0.77849927849927869 0.3257575757575758 2595.0000000000005 1565.0000000000002 -318.88499999999993 0.98090589151148533 -327.18500000000057 0.028359256414077553 2195.1350000000007 360.00000000000017 1125.0000000000002 1317.3560000000002 2 3215.0000000000005
decision_type=2 2 2 2 2 2 2 2 2 2 9 2 9 2 2 2 2 2 2 2 2 2 2 2 2 2 2 2 1 2
left_child=1 2 -1 -2 -3 6 -6 -7 9 10 11 14 -13 15 18 16 25 -18 22 21 -21 -20 28 -14 -24 26 -12 -17 -5 -15
right_child=3 4 -4 8 5 7 -8 -9 -10 -11 13 12 23 29 -16 27 17 -19 19 20 -22 -23 24 -25 -26 -27 -28 -29 -30 -31
leaf_value=-0.093929421074907857 0.056111437905479046 -0.29654631223853656 0.098847775239207902 1.5712091379825777 -0.062730611014617563 -0.7265356850610929 0.057534671845613339 -0.044597221346204211 -0.41989395309520888 0.0023094966207303004 -0.22773855241120489 -0.019348004834828816 -1.0114851061420544 0.016423844325532854 1.8998597472224064 -0.031868976329968747 0.0022269810770225718 -0.41572354910431902 0.88586948340077931 0.075771112583477782 -0.27578388433895995 -0.0038469119999028582 -0.0030714784787519989 -0.39075676751738292 -0.40208828922398754 0.26392187807085732 0.030957668858125231 -0.17207488815987945 -0.19663714487008033 3.2665706957059002
leaf_weight=25.568337559700012 30.412274777889252 47.589522704482079 45.148398011922836 26.174549221992493 25.239765644073486 48.670975163578987 62.080344676971436 55.270532488822937 52.214395523071289 3190.8833579272032 23.756450057029724 68.489083021879196 75.224297657608986 128.65507946908474 29.910126507282257 193.18100988864899 48.507659986615181 24.943755656480789 35.367922693490982 28.980444371700287 32.004862576723099 51.945076078176498 37.928577855229378 28.666653707623482 65.198863074183464 94.719673544168472 161.9764956086874 31.15583935379982 26.266723722219467 17.566986367106438
leaf_count=54 44 79 90 40 50 98 155 110 111 6464 35 175 132 309 67 437 87 41 60 48 62 80 71 51 117 142 358 75 57 48
internal_value=-0.00108657 -0.00820769 0.008259 -0.000597138 -0.013083 -0.0088345 0.00159539 -0.0175965 -0.000779681 -0.000593394 -0.0033248 -0.00916565 -0.0205682 0.000870505 -0.00355136 -0.00212675 0.0030153 -0.0138809 -0.00626347 0.00227887 -0.0141096 0.0137257 -0.0144066 -0.0298444 -0.0235927 0.00744047 0.00154293 -0.0102386 0.00365814 0.0127828
internal_weight=4813.7 309.568 70.7167 4504.13 238.851 191.262 87.3201 103.942 4473.72 4421.5 1230.62 506.157 172.38 724.463 333.777 578.241 353.904 73.4514 303.867 148.298 60.9853 87.313 155.569 103.891 103.127 280.453 185.733 224.337 52.4413 146.222
internal_count=9747 636 144 9111 492 413 205 208 9067 8956 2492 960 358 1532 602 1175 663 128 535 250 110 140 285 183 188 535 393 512 97 357
cat_boundaries=0 1 2 3
cat_threshold=230 8 2
is_linear=0
shrinkage=0.05


Tree=195
num_leaves=31
num_cat=2
split_feature=91 18 28 36 52 91 19 22 74 30 65 47 54 17 17 82 72 31 87 26 47 38 59 54 26 24 35 52 28 70
split_gain=7.71061 10.5145 11.1342 11.9436 13.7311 8.2646 5.19014 8.82263 11.1707 8.83793 8.71335 16.8194 12.5007 11.5719 17.1473 14.4815 13.7568 12.0463 10.9643 10.1088 9.52354 8.77161 7.9315 7.85708 9.2513 9.42362 7.81235 8.40534 8.90867 7.61696
threshold=0.15438786565547127 0.46259349061942023 126.17500000000001 145.00000000000003 244.82668934240374 0.13597842835130966 230.00000000000009 7920.0000000000009 4358.3900000000012 0.76306671821102168 0 0.21886629159972998 -32.093582228421269 0.32122763610824673 0.30209568527936831 1739.7250000000001 170.36500000000004 4225.0000000000009 0.88728734885493987 168.37500000000003 0.9112123252310439 4685.0000000000009 0.0038633842043701004 -26.087896655808571 27.305000000000003 226.18000000000004 4005.0000000000005 210.75299319727881 160.71500000000003 1
decision_type=2 2 2 2 2 2 2 2 2 2 9 2 2 2 2 2 2 2 2 2 2 2 2 2 2 2 2 2 2 9
left_child=5 2 -2 4 -4 6 7 -1 9 -9 11 -8 19 14 17 -15 20 26 -18 -13 23 -20 29 24 -17 -26 27 -14 -29 -12
right_child=1 -3 3 -5 -6 -7 10 8 -10 -11 22 12 13 15 -16 16 18 -19 21 -21 -22 -23 -24 -25 25 -27 -28 28 -30 -31
leaf_value=0.0015540105545582606 -0.27331567260420825 0.12901924321577454 0.78298582937887318 -1.1538148781363688 -0.51600525013993781 0.1604140409152251 0.034851326924118096 0.025725911682102878 -0.16265993782764882 0.7625350404331912 -0.32217295930272344 -0.19848646403473613 0.51081604799058622 -0.038244111004792108 -0.4788483152820579 -0.010360574847096871 -0.91747651977526345 -0.1825133811090609 -0.33651030663156406 0.24772855737973104 -0.097646558182532317 0.17521372994017526 -0.022711482758328572 0.37238514690232094 1.2264823507657256 0.13716466989701245 0.43039487252704733 -0.23654746720208328 0.02625475767115262 0.045328186548755416
leaf_weight=1506.6314567029476 94.266839548945427 31.597197026014328 41.872668370604515 23.147151231765747 25.591306045651436 23.738610908389091 345.12942361831665 96.870513126254082 18.475596323609352 51.977665632963181 60.639500305056572 90.910648375749588 60.635750949382782 51.967039942741394 77.868766084313393 49.549717515707016 39.440553545951843 57.815298333764076 19.43621352314949 28.406487092375755 39.951424822211266 22.268234506249428 1558.0380505919456 39.061132982373238 48.265766620635986 34.944972276687622 48.53988079726696 37.250737085938454 31.852689668536186 148.91933387517929
leaf_count=3174 202 54 98 62 66 49 628 200 45 116 147 167 111 121 151 72 92 132 44 67 76 46 3049 68 74 76 113 62 55 340
internal_value=-0.0010998 -0.0103213 -0.0148768 -0.00236139 0.00827168 -0.000664756 -0.000817779 0.00139782 0.0122902 0.0168417 -0.00210071 0.00134667 -0.00271593 -1.90532e-05 -0.00696414 0.00630335 0.0106188 -0.00025345 -0.00688608 -0.0176076 0.0173262 0.0109874 -0.00427492 0.022439 0.0166394 0.0268246 0.00617823 -0.000223901 -0.0121453 0.00483344
internal_weight=4805.06 216.475 184.878 90.6111 67.464 4588.59 4564.85 1673.96 167.324 148.848 2890.89 1123.29 778.165 658.848 313.963 344.885 292.918 236.094 81.145 119.317 211.773 41.7044 1767.6 171.822 132.76 83.2107 178.279 129.739 69.1034 209.559
internal_count=9757 482 428 226 164 9275 9226 3535 361 316 5691 2155 1527 1293 624 669 548 473 182 234 366 90 3536 290 222 150 341 228 117 487
cat_boundaries=0 1 2
cat_threshold=1341450 132
is_linear=0
shrinkage=0.05


Tree=196
num_leaves=31
num_cat=2
split_feature=91 39 50 50 33 17 49 46 58 99 99 65 19 16 49 50 27 27 2 72 58 46 38 89 4 27 104 49 50 17
split_gain=5.16508 9.11758 10.3652 10.3302 6.94116 5.25788 5.22184 10.5714 5.18959 5.12916 14.2032 14.0019 9.87704 12.4592 8.74012 8.31379 8.06196 7.34221 10.5421 10.2045 10.1336 8.61618 8.06826 7.82057 11.5942 7.33409 12.1132 9.46582 10.9609 9.41309
threshold=0.14941653982749872 3775.0000000000005 -0.028231255036756848 0.024672460144670054 154.9999999999998 0.32393751652146224 0.91766541072603769 0.7976513360069919 0.28410758378653894 14.183628117913715 8.1158616780045367 0 511.83333333333331 0.71714285714285719 0.76679701961963642 0.48550712801453683 39.315000000000005 11.830000000000002 1 39.750000000000007 0.054439771398924704 0.96462100379762805 5625.0000000000009 0.72551369863013704 1.5000000000000002 50.755000000000003 0.9667179136466818 -1.0000000180025095e-35 0.0068157747196264011 0.33945552268762352
decision_type=2 2 2 2 2 2 2 2 2 2 2 9 2 2 2 2 2 2 9 2 2 2 2 2 2 2 2 2 2 2
left_child=6 2 -2 -4 5 -5 8 -8 9 10 11 25 13 17 15 -11 -14 19 22 -13 -20 23 -19 24 -21 27 29 -1 -29 -27
right_child=1 -3 3 4 -6 -7 7 -9 -10 14 -12 12 16 -15 -16 -17 -18 18 20 21 -22 -23 -24 -25 -26 26 -28 28 -30 -31
leaf_value=-0.31929327750658132 -0.62786148502150785 0.69050000573796444 0.46535620908131148 0.12107258261155725 -0.34565322996322578 -0.15226988313375359 -0.19414930664879934 0.22454812943287178 0.1529039892594313 -0.0030610250536156516 -0.033864849277240698 0.051148218978088522 1.146541685350688 -0.081135247480927583 0.37390822296101833 0.48865244459756624 -0.0099712354259992256 -0.022265978841568314 0.25990995659442861 -0.91296646388553171 0.037180946625511267 0.14642609973820556 0.14611703546896565 -0.91132513525879588 0.07977319413000572 0.24136374400768795 -0.11334436534155737 0.018233946748145158 -0.072252824725590165 0.0064050308456891974
leaf_weight=79.04128997027874 61.523351609706879 19.7074214220047 47.635709822177887 19.45578721165657 27.704678386449814 45.098809793591499 25.243757143616676 47.356294810771942 20.581747844815254 2897.6287903636694 200.55668984353542 100.76778256893158 45.19264067709446 87.745280891656876 24.376643478870392 44.210937142372131 23.745047867298126 196.57272231578827 61.460329055786133 23.645667180418968 83.881724044680595 22.172664493322372 41.94664740562439 39.62120421230793 37.999697878956795 24.269028753042221 40.592594295740128 137.0479833483696 189.07539261877537 32.887471720576286
leaf_count=172 139 38 117 43 62 101 59 73 39 6176 325 177 78 170 40 86 52 414 97 47 129 35 88 70 88 38 69 257 311 65
internal_value=-0.00127597 -0.00873761 -0.0119134 -0.00439151 -0.0141546 -0.00517005 -0.000911548 0.01239 -0.00112831 -0.00124457 -0.00366159 -0.00170552 0.00256676 0.000811755 -4.81969e-05 -0.000295258 0.020653 0.00335334 0.00755233 -0.00383568 0.0176041 -0.0134734 0.000661489 -0.0196547 -0.0085151 -0.00809226 0.00403978 -0.0112189 -0.0074565 0.0188729
internal_weight=4748.75 221.126 201.418 139.895 92.2593 64.5546 4527.62 72.6001 4455.02 4434.44 1468.22 1267.67 764.751 695.814 2966.22 2941.84 68.9377 608.068 383.861 224.207 145.342 123.439 238.519 101.267 61.6454 502.914 97.7491 405.165 326.123 57.1565
internal_count=9655 500 462 323 206 144 9155 132 9023 8984 2682 2357 1445 1315 6302 6262 130 1145 728 417 226 240 502 205 135 912 172 740 568 103
cat_boundaries=0 1 2
cat_threshold=1584400 56
is_linear=0
shrinkage=0.05


Tree=197
num_leaves=31
num_cat=2
split_feature=25 31 44 28 85 74 50 59 74 69 10 13 50 34 46 65 59 59 26 49 45 34 35 71 14 13 71 47 72 29
split_gain=5.56068 12.3298 8.86063 10.998 9.7863 9.54892 8.15547 8.51041 7.84656 7.81842 13.3857 9.06257 9.0478 10.8661 9.79405 9.18842 10.5317 12.5564 10.6705 10.405 10.1998 9.64036 9.64896 9.6 9.53453 8.98601 8.76041 10.2063 8.73347 8.10246
threshold=1611.3650000000002 1145.0000000000002 35.844999999999921 147.07500000000002 -23.840342580480705 1876.6250000000002 0.13540786195754936 0.028047852908337754 1074.7950000000003 0 1.5000000000000002 0.95238095238095244 0.52835851888273466 1225.0000000000002 0.64720556013045882 1 0.024030722517487904 0.0073140936849444014 18.985000000000003 0.021799440083342055 -406.18499999999989 1875.0000000000002 1965.0000000000002 26.910000000000004 0.08514492753623186 0.76984126984126988 109.56500000000001 0.56863918050326157 80.910000000000011 54.95000000000001
decision_type=2 2 2 2 2 2 2 2 2 9 2 2 2 2 2 9 2 2 2 2 2 2 2 2 2 2 2 2 2 2
left_child=1 2 4 -4 5 6 7 -1 -3 10 11 29 13 -11 -14 16 17 19 -18 24 -19 26 -23 -22 -15 -21 27 -17 -20 -2
right_child=9 8 3 -5 -6 -7 -8 -9 -10 12 -12 -13 14 15 -16 21 18 20 28 25 23 22 -24 -25 -26 -27 -28 -29 -30 -31
leaf_value=0.021814259104577439 0.021518265323756225 -0.051589169961215479 -0.010675635585656807 -1.2366835614591734 -0.090768233882509375 0.088968485906161743 -0.028039550815856452 -0.12114119262424648 0.15087515065854193 -0.22841661771244187 -1.1642300643237249 -0.63481120425098725 -0.029679447785845761 0.01181747686660657 0.26501980589397361 0.67933983400289577 0.39889051236558404 0.81964023684923581 -0.090388516059200452 0.009099324839067436 -0.032136081715581001 -0.19042118816427486 0.0015092859076830225 -0.2065184484151871 -0.30874916748175707 0.51526226792273988 2.0091184277343559 -2.3326314062687987 0.059336698143630164 -0.015856456754176664
leaf_weight=233.86606481671333 110.40295557677746 25.223565101623535 37.020995303988457 19.740886509418488 41.941368609666824 57.613428056240082 61.457720249891281 38.857618480920792 195.87890022993088 65.576102063059807 109.66370564699173 42.235601872205734 36.840708360075951 113.14596322178841 105.82083688676357 71.083151400089264 75.286307081580162 18.763322710990906 113.47614385187626 75.184184804558754 201.98063042759895 22.010870277881622 2192.7051472067833 252.33391092717648 69.372722625732422 29.903625994920731 46.889783620834351 25.284658163785934 59.518871903419495 222.99566920101643
leaf_count=321 211 54 79 29 53 76 86 54 313 111 231 103 72 294 209 141 144 36 256 137 423 31 4828 550 184 43 113 50 93 372
internal_value=-0.000941811 0.00313528 -0.00128355 -0.0198602 0.00114753 0.00360483 0.000363761 0.00407168 0.0129381 -0.00165632 -0.00754481 -0.00321349 -0.000833581 -0.0013487 0.0115021 -0.000956098 -0.00492207 -0.0078893 0.00397068 0.000349563 -0.0128981 0.000758579 -5.13097e-05 -0.0143901 -0.00686675 0.012883 0.0133321 0.0047074 -0.00286737 -0.000449284
internal_weight=4772.08 711.601 490.498 56.7619 433.736 391.795 334.181 272.724 221.102 4060.47 485.298 375.634 3575.18 3432.52 142.662 3366.94 1008.97 760.684 248.281 287.606 473.078 2357.97 2214.72 454.315 182.519 105.088 143.258 96.3678 172.995 333.399
internal_count=9697 1065 698 108 590 537 461 375 367 8632 917 686 7715 7434 281 7323 2160 1667 493 658 1009 5163 4859 973 478 180 304 191 349 583
cat_boundaries=0 1 2
cat_threshold=17 1442842
is_linear=0
shrinkage=0.05


Tree=198
num_leaves=31
num_cat=3
split_feature=49 29 53 19 65 53 22 23 43 82 17 14 58 53 65 57 39 6 65 17 44 82 104 75 29 52 49 38 104 24
split_gain=7.37562 8.69238 10.9292 6.36989 9.91246 11.4517 8.86672 16.0987 11.6562 9.72272 8.30931 8.22574 8.50903 8.36584 11.1239 10.5114 9.74455 14.3732 10.1944 11.494 14.2744 9.94737 10.3738 9.57782 10.1564 9.43274 15.1654 11.6391 9.12993 9.16205
threshold=0.86990209325360168 118.45 -29.566028009725951 233.99999999999991 0 -40.224952042333207 6030.7029478458053 3605.2150000000006 11.429999999999838 1018.8350000000002 0.34011887717664324 0.27863777089783287 0.016728947756556155 -27.638842562220564 1 0.23926751699173873 3375.0000000000005 5.5000000000000009 2 0.31284718639173265 44.395000000000216 2609.7250000000008 0.15047789443937312 4168.6100000000015 105.97500000000004 56.742902494331254 0.62631962825438892 4225.0000000000009 0.94161063582389515 195.79500000000004
decision_type=2 2 2 2 9 2 2 2 2 2 2 2 2 2 9 2 2 2 9 2 2 2 2 2 2 2 2 2 2 2
left_child=3 -2 -3 4 5 -1 7 -6 9 -8 -9 13 -13 16 15 -15 21 -18 23 -20 -21 22 -5 24 -19 -17 27 -27 -23 -30
right_child=1 2 -4 11 6 -7 8 10 -10 -11 -12 12 -14 14 -16 25 17 18 19 20 -22 28 -24 -25 -26 26 -28 -29 29 -31
leaf_value=0.38046282681124483 -0.0088331698572989836 -0.18451730561174318 0.28191044082012617 0.079321722121734703 0.0094207884081399136 -0.038447925740046948 -0.16044436225363087 -3.4039443900258419 1.3841162538822431 0.093486835345012412 -0.025539375995377613 0.017843303278667833 -0.17843566913485631 0.11394304021479158 -0.016317142371573112 0.056660769139341483 0.893826645932289 0.028151371577829567 -0.17024289289563505 0.045087703477779684 -0.16793700522261973 -0.34496144378602589 -0.032322734410657715 -0.16699158327425823 1.3372342628962421 0.18858770130273683 -0.30171689504966043 -0.0025462076242462623 0.27051613157669591 -0.91851677013214261
leaf_weight=57.90918904542923 33.306542113423347 25.445953816175461 57.894675433635712 95.167139649391174 762.74007515609264 607.1299816519022 48.833340302109718 29.795912832021713 46.160337254405022 189.35663640499115 17.999681949615479 41.240808397531509 125.80969953536987 52.336563557386398 786.24259394407272 186.23583972454071 33.539430812001228 57.724454641342163 53.972673609852791 113.48089094460011 54.612705305218697 225.14595203101635 526.60675971210003 36.275831148028374 26.365597188472748 67.783673882484436 28.860062330961227 318.34394125640392 34.51228004693985 23.472299724817276
leaf_count=160 57 57 88 217 1601 1275 111 66 100 383 45 70 271 81 1602 359 71 128 112 175 127 448 1050 85 61 108 39 594 70 49
internal_value=-0.00109865 0.0113193 0.0199478 -0.00141032 0.000960785 -0.00382546 0.00386759 0.00123785 0.0114996 0.00704314 -0.0269119 -0.00285538 -0.0136248 -0.00219414 0.000420963 0.00519666 -0.00513371 0.00163213 -0.00142744 -0.00763852 -0.00153672 -0.00794479 -0.00440726 0.00984799 0.0199299 0.0034053 -0.000790212 0.00182292 -0.0157134 0.00197894
internal_weight=4764.3 116.647 83.3406 4647.65 1759.93 665.039 1094.89 810.536 284.35 238.19 47.7956 2887.73 167.051 2720.68 1439.8 653.56 1280.88 375.972 342.432 222.066 168.094 904.904 621.774 120.366 84.0901 601.224 414.988 386.128 283.131 57.9846
internal_count=9660 202 145 9458 3741 1435 2306 1712 594 494 111 5717 341 5376 2783 1181 2593 759 688 414 302 1834 1267 274 189 1100 741 702 567 119
cat_boundaries=0 1 2 3
cat_threshold=1258522 1266834 57
is_linear=0
shrinkage=0.05


Tree=199
num_leaves=31
num_cat=4
split_feature=95 91 50 68 65 61 85 104 42 65 35 4 27 73 97 43 38 35 99 76 76 35 101 62 60 76 31 46 31 104
split_gain=9.82063 6.32537 7.59878 6.07018 10.919 8.72502 21.6028 9.88068 10.9633 9.11173 11.5869 8.15653 9.29694 8.12949 8.44721 8.08933 8.9227 7.99917 10.5148 7.96026 7.78103 7.65669 7.22295 6.80308 9.74275 15.0395 13.3981 11.3563 9.77134 9.69666
threshold=1205.72 0.31542898341744779 0.030508468556490104 1.0000000180025095e-35 0 1 -22.202570998681356 0.25164491109273274 1095.0000000000002 2 1155.0000000000002 12.500000000000002 13.325000000000001 3074.1850000000009 1987.9818594104311 -3.6099999999998995 2645.0000000000005 1955.0000000000002 -10.603163265306192 4004.5000000000005 1976.7900000000002 3545.0000000000005 0.95996257356901993 1.0000000180025095e-35 3 1976.7900000000002 1085.0000000000002 0.49360635427555061 2455.0000000000005 0.97284977428887098
decision_type=2 2 2 2 9 1 2 2 2 9 2 2 2 2 2 2 2 2 2 2 2 2 2 2 1 2 2 2 2 2
left_child=-1 3 -3 5 13 6 7 -2 -9 11 -11 12 15 14 -5 16 -7 20 -19 -8 -10 -21 -16 24 26 -26 -12 -27 29 -29
right_child=1 2 -4 4 -6 9 19 8 17 10 23 -13 -14 -15 22 -17 -18 18 -20 21 -22 -23 -24 -25 25 27 -28 28 -30 -31
leaf_value=0.14459409585790653 -0.29887038508279179 -0.05069936404531266 -0.38152372855268801 -0.042118901117616049 -0.031681045394147019 -0.11611307446244981 -0.097553369667864681 -0.086040970297436917 0.084370947393721363 -0.10305982689820184 0.62876014098561228 -0.16173074825085329 0.011353913404488481 -0.087259324451154405 0.62817612994221017 -0.06125859493411312 -0.34078794870404289 -0.15359170628205554 0.14095172674291342 0.11415081970482817 1.0715234096520205 -0.13051572319233459 -0.0044422121873033404 0.031821636140556823 -0.97474515082401403 1.7652163749803451 0.0028513106353926787 0.015936390628695209 -0.65738939998556134 -0.59636411513691745
leaf_weight=24.700135052204132 33.963700369000435 41.604317486286163 28.581309929490089 41.021659135818481 590.025051176548 21.759752601385117 97.655165135860443 26.277218103408813 55.17735181748867 43.10806767642498 32.166860729455948 57.757088974118233 389.77007015049458 59.390228748321533 85.725085437297821 377.0676686167717 26.659058511257172 66.379288196563721 339.17181144654751 25.05920022726059 66.91302216053009 24.312747687101364 20.827005639672279 402.81135140359402 55.516120985150337 23.464654564857483 1518.0506312549114 86.28632940351963 89.075134187936783 26.224367633461952
leaf_count=40 99 94 65 63 1127 44 171 35 78 85 48 120 747 116 155 840 50 117 643 40 101 51 42 769 102 69 3330 170 217 52
internal_value=-0.000632611 -0.000796069 -0.0156951 -0.000572707 -0.00454756 0.000242794 0.00514845 0.00943553 0.0110406 -0.000901821 0.000770322 -0.00521167 -0.003985 0.0052472 0.0117872 -0.00909539 -0.0283345 0.0126104 0.00923255 -0.0119933 0.0238307 0.00436897 0.0192097 0.00126924 -2.51094e-05 -0.00843109 0.0015407 -0.002982 -0.00681399 0.00298087
internal_weight=4776.5 4751.8 70.1856 4681.62 796.989 3884.63 734.91 587.882 553.919 3149.72 2276.7 873.014 815.257 206.964 147.574 425.486 48.4188 527.641 405.551 147.027 122.09 49.3719 106.552 2233.6 1830.78 280.567 1550.22 225.05 201.586 112.511
internal_count=9680 9640 159 9481 1503 7978 1335 1073 974 6643 4842 1801 1681 376 260 934 94 939 760 262 179 91 197 4757 3988 610 3378 508 439 222
cat_boundaries=0 1 2 3 4
cat_threshold=540752 2 1835224 5
is_linear=0
shrinkage=0.05


Tree=200
num_leaves=31
num_cat=2
split_feature=73 24 104 45 37 65 82 36 46 32 46 71 39 46 76 5 49 26 82 42 73 19 104 98 22 69 76 28 98 74
split_gain=5.48961 13.0695 8.38427 7.60479 7.31154 6.59653 7.2774 7.96078 9.51181 11.1878 10.134 8.85583 9.37612 11.0668 10.885 8.35655 8.15452 7.86395 7.57677 7.80818 7.81526 7.47437 7.35042 7.02872 6.90832 9.80175 16.991 11.7581 11.6219 11.1298
threshold=4207.2350000000015 196.61500000000004 0.94307623404001328 -200.89999999999995 5125.0000000000009 0 1159.7250000000004 300.00000000000028 0.68786850837665914 2805.0000000000005 0.75047861464773458 107.61000000000001 3255.0000000000005 0.96096353716244198 1870.4950000000001 0.68990384615384626 0.057429598854854554 62.085000000000008 1138.5690000000002 1125.0000000000002 1050.0700000000004 153.66666666666677 0.75024835814193414 1359.4104308390026 6870.9750566893426 1 3453.5300000000007 75.450000000000003 4696.8253968253985 5146.295000000001
decision_type=2 2 2 2 2 9 2 2 2 2 2 2 2 2 2 2 2 2 2 2 2 2 2 2 2 9 2 2 2 2
left_child=4 -2 3 -3 5 6 18 8 9 -8 -10 12 13 14 -9 -13 -11 21 19 -1 23 -12 -14 -21 -7 27 28 -26 -27 -28
right_child=1 2 -4 -5 -6 24 7 11 10 16 17 15 22 -15 -16 -17 -18 -19 -20 20 -22 -23 -24 -25 25 26 29 -29 -30 -31
leaf_value=-0.034725538864978665 -0.18628177728169534 -0.036453115532611949 -0.088684212800981765 0.12434624874514384 0.17531514459419456 -0.0037269545033602469 0.19668913199534332 -0.087000089592869409 -0.89606533408540656 -1.3164525519866714 0.0056389935471912629 -0.68825018081592759 -0.0018160993943162397 -0.18996219642166212 0.064148390993615578 0.0023759244044740061 0.16652186972720529 0.022536115329388907 0.3111102344103378 0.42919369786334638 -0.0043405422533012942 -0.66096271717589949 0.80020441330283143 0.17859062056737562 -0.12920304746148475 2.5441692581736763 0.020618576922325139 0.0056676515190008242 -0.12928742097655288 -0.45910256356395679
leaf_weight=29.263779908418655 169.92011924088001 35.252668499946594 64.087019145488739 97.996450990438461 25.269482851028442 2214.3279005736113 49.278178811073303 27.113980889320374 37.608605802059174 35.189536735415459 24.25813227891922 60.288580223917961 27.067176684737206 53.297266125679016 215.67650036513805 35.059762597084045 20.326413199305534 51.6613390147686 23.495644837617874 26.046650052070618 163.36585998535156 114.14193685352802 43.14484815299511 39.630747437477112 69.701591521501541 226.43316756188869 255.7074312120676 495.63478636741638 30.351156428456306 22.14071848988533
leaf_count=38 384 89 140 210 40 4471 104 39 89 112 50 141 43 96 371 69 36 98 41 31 360 226 69 67 144 552 579 920 58 50
internal_value=-0.000520452 -0.00639408 0.00235845 0.00950591 -3.19146e-05 -0.000186277 -0.00356888 -0.00605168 -0.0119508 0.000514771 -0.0176886 -0.00180329 0.0017299 -0.00216556 0.0023635 -0.0153768 -0.0148771 -0.0129961 0.00330094 0.000828281 0.00393558 -0.0192099 0.0181573 0.0185021 0.000919804 0.00416143 0.00892797 -0.00049539 0.0183669 0.000525928
internal_weight=4782.74 367.256 197.336 133.249 4415.48 4390.21 1075.91 794.112 332.464 104.794 227.67 461.648 366.3 296.088 242.79 95.3483 55.5159 190.061 281.803 258.307 229.043 138.4 70.212 65.6774 3314.3 1099.97 534.632 565.336 256.784 277.848
internal_count=9717 823 439 299 8894 8854 2080 1543 715 252 463 828 618 506 410 210 148 374 537 496 458 276 112 98 6774 2303 1239 1064 610 629
cat_boundaries=0 1 2
cat_threshold=1049688 5
is_linear=0
shrinkage=0.05


Tree=201
num_leaves=31
num_cat=3
split_feature=3 37 44 65 38 26 23 50 47 50 36 82 46 45 49 75 45 24 103 24 47 46 29 36 50 39 65 17 54 23
split_gain=8.68699 10.7886 10.2406 9.80457 10.7899 13.9575 12.0178 9.13112 8.82095 11.917 13.7618 10.7866 10.2289 8.61989 8.52699 8.47711 8.29319 8.38983 11.5001 11.5828 8.10741 11.2906 7.92247 7.57649 8.00943 7.57131 7.37252 11.0367 10.5463 13.0423
threshold=0 3915.0000000000005 -30.804999999999833 1 4755.0000000000009 79.070000000000007 4166.6750000000011 0.085711805518781908 0.13276795373415226 -0.049417039184366893 49.999999999999666 2982.7680000000005 0.90085240122360344 94.460000000000051 0.32560386836804139 5250.1450000000013 -425.21499999999986 177.43500000000003 0.04880952380952381 206.65500000000003 0.81931081491668378 0.61000674014294598 118.45 379.99999999999994 0.059263706383942912 1515.0000000000005 2 0.27544952590594579 -23.007529215976167 1469.3350000000003
decision_type=9 2 2 9 2 2 2 2 2 2 2 2 2 2 2 2 2 2 2 2 2 2 2 2 2 2 9 2 2 2
left_child=1 2 -1 4 6 7 16 13 9 10 -5 12 14 -6 -10 -14 -2 -18 20 25 21 22 -19 24 -23 -20 28 -28 29 -4
right_child=3 -3 26 8 5 -7 -8 -9 11 -11 -12 -13 15 -15 -16 -17 17 18 19 -21 -22 23 -24 -25 -26 -27 27 -29 -30 -31
leaf_value=0.037829075032100243 -0.32359443970726787 0.087317157309610149 0.016162150416993627 0.8959323677579214 -0.15420179813750395 0.007806714827147232 0.92562973924996406 -0.72707451732977624 -0.025784511840367941 0.051746577191776312 -0.16010104912569148 0.041896098960799578 0.0096935538656680378 0.073254074699066155 -0.30066251835735686 -0.48729920880373501 -0.14694744038575608 0.18813793379575841 0.2374222128996859 -0.19247808155500012 -0.098781151239903414 0.079055973696040394 -0.30043586755271862 0.29489667287912485 -0.052628348175009526 -0.37077363561141397 -0.45092467697917088 -0.0088682781774068083 0.26896037482587903 -0.74481502706414782
leaf_weight=115.92294444143772 23.295427858829498 48.534318387508392 47.265262812376022 50.071683868765831 140.18076051771641 106.1386099755764 24.859983205795288 57.4260613322258 482.91065409779549 479.61085622012615 126.98207306861877 261.47495272755623 760.7799766510725 47.453701332211494 60.915386945009232 19.06268522143364 127.53949987888336 34.682492256164551 23.297805622220039 60.477793052792549 97.904509797692299 188.85114912688732 44.740671411156654 104.67852094769478 94.382158473134041 21.568870320916176 144.36314758658409 792.75321489572525 30.382870376110077 165.1715075224638
leaf_count=221 43 92 72 115 315 183 58 113 997 949 267 541 1562 84 102 44 253 95 46 110 219 339 103 180 155 41 340 1621 70 394
internal_value=-0.000557971 -0.00394933 -0.00484554 0.000776914 -0.00286133 -0.0102528 0.000172263 -0.0168127 0.00272439 0.00760948 -0.00347648 0.000717867 -0.00111531 -0.0114733 -0.00637874 0.00255516 -0.000864295 -5.97613e-06 0.00222969 -0.0129375 0.00505642 0.00779725 -0.00937818 0.0113138 0.00706574 0.00631143 -0.00623873 -0.00406823 -0.0138764 -0.0183886
internal_weight=4783.68 1344.39 1295.86 3439.29 1197.48 351.199 846.279 245.061 2241.81 656.665 177.054 1585.14 1323.67 187.634 543.826 779.843 821.419 798.123 670.584 105.344 565.24 467.335 79.4232 387.912 283.233 44.8667 1179.94 937.116 242.82 212.437
internal_count=9724 2810 2718 6914 2337 695 1642 512 4577 1331 382 3246 2705 399 1099 1606 1584 1541 1288 197 1091 872 198 674 494 87 2497 1961 536 466
cat_boundaries=0 1 2 3
cat_threshold=2146 795856 153610
is_linear=0
shrinkage=0.05


Tree=202
num_leaves=31
num_cat=5
split_feature=5 3 88 61 58 24 59 15 95 25 48 99 14 97 12 23 95 104 5 50 97 26 42 5 22 65 42 44 3 70
split_gain=6.36951 11.9645 11.2078 10.9866 9.75114 9.74806 10.7608 11.8476 11.9465 9.03194 14.0176 9.37081 9.03738 10.1162 8.65357 10.2877 8.7462 8.57026 8.23713 8.12523 16.9323 7.10404 9.09888 12.1697 14.0945 8.99034 16.7032 17.7665 13.0527 12.5309
threshold=0.7947368421052633 0 0.13079116179615108 1 0.038005731657593009 144.09000000000003 0.040631126625298754 0.48076923076923078 2374.3200000000002 3773.0700000000002 0.81387716886753025 77.389614512471567 0.4642857142857143 3100.4535147392294 1.0000000180025095e-35 1171.7950000000003 1270.6550000000002 0.89091773943623276 0.56832298136645976 0.00033254689022350008 4217.9138321995479 183.97000000000003 4185.0000000000009 0.44722222222222224 7720.0000000000009 2 3755.0000000000005 19.564999999999831 3 4
decision_type=2 9 2 1 2 2 2 2 2 2 2 2 2 2 2 2 2 2 2 2 2 2 2 2 2 9 2 2 9 9
left_child=14 3 5 4 -2 -3 7 8 17 12 -11 -12 -9 -14 16 -16 -1 -7 -17 -10 -21 22 25 24 -24 26 27 -18 -29 -27
right_child=1 2 -4 -5 -6 6 -8 9 19 10 11 -13 13 -15 15 18 21 -19 -20 20 -22 -23 23 -25 -26 29 -28 28 -30 -31
leaf_value=0.10850955751954104 -0.59492884047374306 -0.40728988827895735 -0.41816153629615799 0.85856182082002663 0.39092720572013634 0.042402373617852623 0.057965623060357532 3.6655430506778988 -0.0084727127373966492 -0.23024387022451834 0.45740230100087303 -0.24305332258063075 -0.40752771861059078 1.0526443890039461 0.021983680641562132 -1.6144213361906932 -0.0013470355257053869 0.00019465319575289188 0.044961803807558459 -0.36644980931001214 0.034638871107964778 0.060741229738035231 0.31053293379142988 -0.27595236261586964 -0.11881633828948042 2.4674868206039875 0.12319312583218363 0.10114988328610793 -0.1137210871995805 0.0051209616742198712
leaf_weight=34.681483298540115 17.793905481696129 38.408371955156326 15.937818959355353 76.649491652846336 17.40404349565506 39.345694482326508 50.845047682523727 67.44641600549221 154.49136385321617 29.684795737266541 59.476636350154877 33.66036331653595 19.432191625237465 16.563557177782059 68.276012629270554 79.77825665473938 1263.2065303474665 110.89181296527386 31.400793999433517 74.231006011366844 34.616251066327095 68.800625145435333 43.450465574860573 171.69643852114677 91.475594714283943 60.117041021585464 159.02583962678909 61.104568228125572 655.76195402443409 1139.3530876338482
leaf_count=61 41 89 38 178 45 83 113 180 376 60 121 69 48 42 92 157 2119 240 77 160 74 144 94 409 201 151 377 167 1316 2380
internal_value=-0.000630195 0.00327565 0.000846487 0.0177904 -0.00374422 0.00176455 0.00312791 0.00136861 -0.00366383 0.0105671 0.00139937 0.0109356 0.0214525 0.00122246 -0.00148221 -0.0122082 -0.000968744 0.0075869 -0.0215897 -0.0100825 -0.0205459 -0.00120213 -0.00150255 -0.00974549 0.00149128 -0.000745502 -0.0026822 -0.00394687 -0.0102339 0.00270814
internal_weight=4785.01 856.879 745.031 111.847 35.1979 729.094 690.685 639.84 413.576 226.264 122.822 93.137 103.442 35.9957 3928.13 179.455 3748.67 150.238 111.179 263.339 108.847 3713.99 3645.19 306.622 134.926 3338.57 2139.1 1980.07 716.867 1199.47
internal_count=9702 1957 1693 264 86 1655 1566 1453 933 520 250 190 270 90 7745 326 7419 323 234 610 234 7358 7214 704 295 6510 3979 3602 1483 2531
cat_boundaries=0 1 2 3 4 5
cat_threshold=26 4 1058203 144 32
is_linear=0
shrinkage=0.05


Tree=203
num_leaves=31
num_cat=2
split_feature=15 24 42 5 37 106 42 25 22 86 24 96 36 37 101 44 104 74 45 65 53 59 39 101 65 39 72 53 53 86
split_gain=6.53406 9.67732 7.62296 11.9834 12.8301 12.6101 18.6058 23.6255 13.8089 12.6712 12.5548 10.1121 11.9356 12.2948 9.6163 13.7889 13.0115 12.7259 8.63248 16.1991 10.9038 9.50004 8.6491 10.1882 9.85491 8.93684 8.52389 8.41074 8.2765 8.39964
threshold=0.14642857142857144 194.51000000000002 2095.0000000000005 0.23904761904761904 1085.0000000000002 1.0000000180025095e-35 1245.0000000000002 1441.9900000000002 5827.5963718820867 -26.90998771311347 190.10500000000005 1598.8662131519275 59.999999999999893 935.00000000000011 0.88984753231451708 1.8149999999999411 0.93730408782149899 1536.8950000000002 -264.11999999999983 0 -28.195499980661648 0.0068420161299886512 2675.0000000000005 0.24227034098831104 1 2902.2350000000001 19.935000000000006 -19.511168116215625 -28.534170156278957 -34.984408481000905
decision_type=2 2 2 2 2 2 2 2 2 2 2 2 2 2 2 2 2 2 2 9 2 2 2 2 9 2 2 2 2 2
left_child=1 -1 3 5 -5 6 7 -2 -8 11 -10 12 -7 -14 16 -16 17 -15 19 26 -21 27 24 -24 -20 -25 -4 -22 -13 -30
right_child=2 -3 18 4 -6 9 8 -9 10 -11 -12 28 13 14 15 -17 -18 -19 22 20 21 -23 23 25 -26 -27 -28 -29 29 -31
leaf_value=-0.021232026057461439 -0.051170540533543377 0.14212130950865146 0.034453093506588671 0.00895643908313133 0.37655932613834014 0.40070439592988411 -2.0191177297109961 0.030902728179998909 0.041430161294871939 0.25557970786087053 -1.7902254776051849 -1.272889591039398 -1.0973846549579691 -0.063172923067263839 0.069099404374802373 -0.20189627243425079 0.22707948730350724 0.066100790245122817 -0.0077383066642980232 -0.2320657843268947 -0.087470948626435077 0.055397852795660188 0.13623006469806739 -0.27654694408209174 0.042197961223887151 -0.022085537862938764 -0.17750670747953806 0.15775495580454335 0.027892292756337159 -0.79700577587211685
leaf_weight=67.871680989861488 81.043059289455414 146.25418680906296 22.419181555509567 367.79647982120514 196.63840815424919 61.286335751414299 88.244727522134781 143.46402990818024 38.179911866784096 66.971252053976059 24.645723968744278 66.711985319852829 26.976529628038406 103.24694657325745 29.135445758700371 44.824307531118393 56.166399464011192 242.04092164337635 738.28949512541294 158.34303319454193 74.198274612426758 160.85383738577366 49.474968403577805 161.04343591630459 489.46989589929581 843.45883475244045 106.93851988017559 18.247138231992722 63.672760218381882 37.79195374250412
leaf_count=131 111 293 49 754 408 100 198 189 56 104 50 151 58 155 47 78 82 378 1694 420 170 336 109 350 1040 1788 211 43 96 70
internal_value=-0.000463948 0.00807228 -0.000864649 0.00173959 0.00772689 -0.001138 -0.0086941 0.000434804 -0.0222606 0.00241459 -0.00434487 0.00050964 0.00371994 0.00117874 0.00304198 -0.0135256 0.00609421 0.00246373 -0.00246889 -0.00814743 -0.00289577 0.00346788 -0.0011225 -0.00444499 0.00172971 -0.00553598 -0.0228676 -0.009305 -0.0102503 -0.00125628
internal_weight=4775.7 214.126 4561.57 1738.84 564.435 1174.4 375.577 224.507 151.07 798.825 62.8256 731.854 563.677 502.391 475.414 73.9598 401.454 345.288 2822.74 541 411.642 253.299 2281.74 1053.98 1227.76 1004.5 129.358 92.4454 168.177 101.465
internal_count=9719 424 9295 3085 1162 1923 604 300 304 1319 106 1215 898 798 740 125 615 533 6210 1229 969 549 4981 2247 2734 2138 260 213 317 166
cat_boundaries=0 1 2
cat_threshold=524442 1462273
is_linear=0
shrinkage=0.05


Tree=204
num_leaves=31
num_cat=2
split_feature=65 14 75 45 43 56 101 49 38 34 18 46 61 46 30 53 49 56 36 33 17 33 18 72 97 19 22 49 82 23
split_gain=5.54964 11.0013 9.75778 7.91722 9.57464 10.178 7.41957 9.93521 12.1948 8.75115 7.04849 7.68087 10.2201 7.94323 8.20618 6.92836 6.91529 7.06052 6.74638 6.62731 6.49126 8.99515 8.02276 10.4001 7.33264 6.64558 6.42604 10.8439 11.5153 11.4091
threshold=0 0.081666666666666665 3978.0150000000008 -264.11999999999983 -3.4999999999998859 0.90743901305879693 0.9280737436928389 0.27194892986804009 5135.0000000000009 2015.0000000000002 0.65432383454688614 0.88075082857654119 1 0.85988865392906255 0.8094421068398765 -23.448465120509688 0.86990209325360168 0.87987643561333917 205.00000000000003 139.99999999999969 0.32685938932895969 154.9999999999998 0.28655346353697037 28.305000000000003 1279.5918367346942 198.33333333333337 5468.2539682539691 -0.22594688237557461 2520.1355000000008 1042.1300000000003
decision_type=9 2 2 2 2 2 2 2 2 2 2 2 1 2 2 2 2 2 2 2 2 2 2 2 2 2 2 2 2 2
left_child=1 10 3 4 5 -3 7 9 -9 -5 11 13 19 14 20 -8 26 -18 -15 -13 24 22 -22 -24 -1 -23 -2 28 -28 -29
right_child=16 2 -4 6 -6 -7 15 8 -10 -11 -12 12 -14 18 -16 -17 17 -19 -20 -21 21 25 23 -25 -26 -27 27 29 -30 -31
leaf_value=0.23364863487136633 -0.021000690351309005 -0.85143505247924378 -0.14410441707056379 0.30142182713836657 -0.2790685996893032 0.084598197131798267 -0.54225626706023611 -0.034372250703471253 0.43380349953030772 0.021127895911800466 -0.33251023398838414 -0.40594967727529935 0.00058678399080347031 0.09560195765974723 1.8807814870930188 0.0048588086587841419 -0.004865001595422188 0.17949892224875708 0.43143357602278631 0.043204409619660572 0.15385903509801688 -0.74338888063039477 -0.30663185867393566 0.12218714801673976 0.028617733800588852 -0.003520289942760968 0.76015410313219245 0.12811865856831481 -0.1505132477546115 0.00047998606420094351
leaf_weight=25.570446863770485 732.8441466987133 32.277787789702415 111.34561197459698 41.92863418161869 54.277530953288078 63.087344750761986 29.906493932008743 74.34092216193676 25.384012252092361 81.889089718461037 26.894933104515076 37.505346089601517 242.50443783402443 22.57652348279953 41.523668751120567 28.189419195055962 31.535570472478867 49.14963635802269 28.378715932369232 18.588562458753586 36.426898121833801 30.291542813181877 35.048741474747658 66.791476741433144 42.362155959010124 31.345532581210136 74.922407820820808 41.758786112070084 43.899257987737656 2547.6224193423986
leaf_count=39 1491 72 234 71 109 110 65 115 42 164 50 80 418 41 135 71 76 69 45 42 74 62 67 127 89 68 146 64 97 5313
internal_value=-0.000530663 -0.00340902 -0.00875622 -0.00534938 -0.0146432 -0.00510166 -0.000411306 0.00372589 -0.00801951 0.0131858 0.000772087 0.00179617 -0.00413388 0.00671049 0.00369756 -0.0163305 0.000481666 0.0149523 0.0250026 -0.0233672 0.000491133 -0.00404648 0.00303501 -0.00416816 0.0138439 -0.019932 0.000143761 0.00126775 0.0160375 0.000589995
internal_weight=4750.17 1228.44 542.627 431.281 149.643 95.3651 281.639 223.543 99.7249 123.818 685.809 658.914 298.598 360.316 309.36 58.0959 3521.73 80.6852 50.9552 56.0939 267.837 199.904 138.267 101.84 67.9326 61.6371 3441.05 2708.2 118.822 2589.38
internal_count=9646 2390 1053 819 291 182 528 392 157 235 1337 1287 540 747 661 136 7256 145 86 122 526 398 268 194 128 130 7111 5620 243 5377
cat_boundaries=0 1 2
cat_threshold=794648 4
is_linear=0
shrinkage=0.05


Tree=205
num_leaves=31
num_cat=3
split_feature=18 5 91 59 89 47 43 38 19 94 19 33 94 39 99 65 26 101 74 89 35 46 13 49 45 65 74 18 18 65
split_gain=5.65206 6.55287 5.77751 8.60343 7.89541 6.15423 11.6157 5.56818 9.30135 9.71053 13.7062 12.0095 10.1283 10.0421 9.77345 8.43798 8.68443 10.4808 8.50366 8.43161 8.42272 8.36011 8.2333 8.80948 11.6489 10.2332 9.7548 8.16084 9.94701 11.0802
threshold=0.65983606557377061 0.56832298136645976 0.17214439655172417 0.040631126625298754 0.077524038461538464 0.39724359620061694 -2.1949999999999359 2595.0000000000005 282.91666666666669 2406.8950000000004 353.66666666666669 60.000000000000121 2618.2250000000004 2635.0000000000005 -0.77947845804976612 0 2.0550000000000002 0.79982436528253364 1719.5750000000003 0.81509971509971513 1545.0000000000002 0.67325721765002988 0.13392857142857142 1.0000000180025095e-35 -264.11999999999983 1 1586.7550000000003 0.54821833699029632 0.40771473203506087 2
decision_type=2 2 2 2 2 2 2 2 2 2 2 2 2 2 2 9 2 2 2 2 2 2 2 2 2 9 2 2 2 9
left_child=2 -2 7 5 -5 6 -4 22 15 10 13 14 -11 -10 -12 18 17 -17 -9 21 -16 -20 -1 24 -24 -25 -26 28 -13 -30
right_child=1 -3 3 4 -6 -7 -8 8 9 12 11 27 -14 -15 20 16 -18 -19 19 -21 -22 -23 23 25 26 -27 -28 -29 29 -31
leaf_value=0.052894891912604082 -0.59981946122651952 0.054232813335718791 -0.67411024840094036 0.078568305393436344 -0.30432408882625633 0.0042058063874286233 0.17082490567415365 0.22196620312779808 -0.16245406932524775 -0.1323262425479701 -0.043349471979047399 -0.0052663765264962083 -0.01384360230752364 0.0037091721618807585 0.59402531030989147 -0.15649089734950439 0.029595050663401779 0.38707907256331142 0.034329533570569913 0.047538224872101867 0.16713711786790456 -0.19378512371084045 -0.19548708748563046 -0.023272660434535908 -0.14181994947049753 0.048019538679137955 0.026214461684956804 -0.087401589956166786 0.0027848093573652477 0.3311625277191752
leaf_weight=64.548796474933624 40.08502222597599 25.883765533566475 65.028511986136436 48.414327174425125 23.725093275308609 34.932368770241737 25.801439806818962 50.486434102058411 76.974796235561371 123.94915859401226 39.656612396240234 230.33231058716774 1159.9328891485929 84.609820902347565 26.405208185315132 46.096180260181427 1192.4315311014652 18.951393082737923 50.634921208024025 70.452067792415619 95.121799230575562 188.62198875844479 103.1253636777401 115.03242744505405 80.018912926316261 177.47665394842625 90.460188075900078 97.272033527493477 196.03417429327965 133.08554165065289
leaf_count=144 82 57 144 92 51 79 67 74 136 228 64 377 2553 146 44 85 2549 42 136 151 156 367 225 230 150 331 217 192 309 234
internal_value=-0.000724274 -0.0152582 -0.000520693 -0.00888238 0.00488243 -0.0167781 -0.0236374 -0.000153916 0.00055416 -0.0015152 0.00223432 0.00486323 -0.00437576 -0.0110727 0.0170928 0.00344951 0.0053578 -0.0123902 -0.00327047 -0.00646307 0.0241261 -0.0109398 -0.00451136 -0.00644044 -0.0128896 -0.000408112 -0.00486544 0.00186165 0.00418577 0.00976322
internal_weight=4775.58 65.9688 4709.61 197.902 72.1394 125.762 90.83 4511.71 3881.05 2263.37 979.492 817.908 1283.88 161.585 161.184 1617.67 1257.48 65.0476 360.195 309.709 121.527 239.257 630.662 566.114 273.604 292.509 170.479 656.724 559.452 329.12
internal_count=9712 139 9573 433 143 290 211 9140 7843 4439 1658 1376 2781 282 264 3404 2676 127 728 654 200 503 1297 1153 592 561 367 1112 920 543
cat_boundaries=0 1 2 3
cat_threshold=1314840 1065219 151706
is_linear=0
shrinkage=0.05


Tree=206
num_leaves=31
num_cat=2
split_feature=15 54 76 53 28 37 94 65 99 74 43 72 46 37 33 75 3 17 55 53 33 74 97 104 89 58 75 18 104 89
split_gain=5.57722 8.88883 8.36501 8.50697 5.55721 5.10666 5.60593 15.7425 11.5415 9.92518 11.8742 9.32568 7.00239 7.38259 6.90808 6.52142 6.07189 15.5423 11.417 9.55089 8.9526 12.189 13.574 12.0119 9.72495 9.10865 10.4828 8.34956 7.62636 12.9138
threshold=0.14642857142857144 -20.409732430105251 4888.3850000000011 -21.826888136002918 250.59000000000003 5175.0000000000009 4338.5766893424052 0 78.633786848072546 4774.1350000000011 -59.149999999999856 172.42000000000004 0.55094410723136933 2155.0000000000005 210.00000000000026 5785.9050000000007 1 0.47107353861305373 0.43070362473347545 -29.612457368786888 69.999999999999901 3101.6700000000005 2950.7936507936515 0.92099673738001264 0.87585616438356173 0.033177585880266008 3987.6750000000006 0.40104166666666674 0.077469377423170768 0.62038866930171288
decision_type=2 2 2 2 2 2 2 9 2 2 2 2 2 2 2 2 9 2 2 2 2 2 2 2 2 2 2 2 2 2
left_child=1 2 -1 -4 5 6 9 -8 12 15 -11 -12 -9 -14 -15 16 17 18 19 -2 23 24 -23 -21 -22 26 -24 -26 29 -18
right_child=4 -3 3 -5 -6 -7 7 8 -10 10 11 -13 13 14 -16 -17 28 -19 -20 20 21 22 25 -25 27 -27 -28 -29 -30 -31
leaf_value=0.16735469196944736 -0.083727341299456276 -0.066346508323847128 0.2452164939285055 -0.41246111129418139 -0.76045371759717928 0.25378114966865301 -0.36750317810624439 -0.75976498126296266 1.0179043987313052 -0.12355590087274743 0.064161937121438944 9.6407328184885834 -0.11110306366969334 0.4207600258817154 -0.0031316133024738239 -0.75741132094168373 -0.38220375533442874 -0.72853966838731887 5.2852532102002563 -0.45107436020353903 0.94131888632341121 -0.86779587423487292 0.046978126492524558 0.020760452087396433 0.5524730458063275 0.28704291589682446 -0.53956840900577563 -0.078148075589436428 -0.0045599926400022644 0.19118963769639452
leaf_weight=138.45618832111359 179.03608736395836 26.724816262722015 20.702986657619476 25.21619114279747 27.715158715844154 26.178279012441635 89.610837027430534 22.679534703493118 22.839399248361588 34.693341657519341 95.259402707219124 20.76500041782856 42.762468054890633 24.949462339282036 41.726361349225044 31.397645026445389 134.29654912650585 17.788765788078308 29.154965817928314 52.817669451236725 154.11345921456814 32.174964383244514 75.456021666526794 125.94526751339436 21.602301269769669 65.285093724727631 18.061906144022942 33.716672375798225 3058.3844701945782 60.527719751000404
leaf_count=266 450 49 43 60 52 46 231 56 49 64 172 63 101 47 86 69 310 30 104 136 361 57 163 260 55 121 39 90 5914 100
internal_value=-0.000700293 0.00724414 0.0111503 -0.00734281 -0.00106978 -0.000932648 -0.00106117 -0.00842185 0.00184918 -0.000636646 0.0119642 0.0196385 -0.00370506 0.0015351 0.0119352 -0.00110102 -0.0009254 0.00294135 0.00402205 0.00284141 0.00596147 0.0101151 0.000979605 -0.0033422 0.0184456 0.00697975 -0.00302548 0.000462056 -0.00188565 -0.0114832
internal_weight=4750.04 211.1 184.375 45.9192 4538.94 4511.22 4485.05 244.568 154.957 4240.48 150.718 116.024 132.118 109.438 66.6758 4089.76 4058.36 805.153 787.364 758.209 579.173 400.41 190.978 178.763 209.432 158.803 93.5179 55.319 3253.21 194.824
internal_count=9644 418 369 103 9226 9174 9128 570 339 8558 299 235 290 234 133 8259 8190 1866 1836 1732 1282 886 380 396 506 323 202 145 6324 410
cat_boundaries=0 1 2
cat_threshold=1601600 912
is_linear=0
shrinkage=0.05


Tree=207
num_leaves=31
num_cat=0
split_feature=59 25 23 104 19 50 97 29 49 104 23 96 55 74 50 50 16 71 53 19 50 22 17 30 18 82 50 15 47 59
split_gain=7.82357 12.6369 10.9194 9.57342 8.60767 8.53437 6.7252 13.9876 10.1481 9.56625 9.17328 8.64551 8.21895 8.61479 6.43181 12.8199 10.618 9.89817 14.2041 7.59797 10.1353 6.59866 15.7363 9.24438 9.56933 8.84433 12.0848 9.0072 8.42482 7.78353
threshold=0.040631126625298754 3793.8200000000002 2545.5000000000005 0.74022752046845841 240.00000000000009 0.54369085332854095 1095.0113378684812 202.43500000000003 -0.031565716818596996 0.81280854352208964 1042.1300000000003 1090.0226757369617 0.078745039682539666 2934.5250000000005 0.52835851888273466 0.37462306411946378 0.51190476190476197 18.725000000000005 -26.748758766875991 560.8333333333336 0.030508468556490104 5921.3378684807258 0.34224372399632097 0.93939726707725979 0.54821833699029632 3282.3235000000004 0.14657917044203264 3.0000000000000004 2.503946264536938e-06 0.016475946866079554
decision_type=2 2 2 2 2 2 2 2 2 2 2 2 2 2 2 2 2 2 2 2 2 2 2 2 2 2 2 2 2 2
left_child=6 2 5 -3 -4 -2 7 8 -1 -10 -11 -8 -12 -14 15 19 -17 18 -16 21 -21 23 25 28 -25 29 27 -27 -13 -23
right_child=1 3 4 -5 -6 -7 11 -9 9 10 12 14 13 -15 17 16 -18 -19 -20 20 -22 22 -24 24 -26 26 -28 -29 -30 -31
leaf_value=-0.68198279938269302 0.089604045545318922 -0.021361414914817092 0.054225389786137335 0.26436367203508382 -0.87694653660704214 -0.011407858856080587 0.16028293999065701 -0.092890781533495934 0.047856438723327704 0.011893928587198489 -0.55567853889443453 -0.27251118031413119 1.8500777905917247 -1.7830206725766431 0.098811641802038261 0.0035182864189597044 -0.099466593261549482 0.27269077010198334 -0.42352894875177044 -0.013468500718413878 -0.063936751475874506 -0.0022409551135872618 0.063146870930324187 -1.0400871659152884 0.10067493911679862 -0.30469646608061574 0.10330054261543253 0.58400704072878262 -0.00070391633520046077 0.029868766340892569
leaf_weight=24.235962405800819 100.07717572152615 19.550845801830292 36.205486297607422 42.35424017906189 26.553559616208076 21.295168548822403 21.454115360975266 53.360272109508514 114.07401429116726 23.080354034900665 44.807619139552116 108.11349113285542 18.611392304301262 15.964675083756445 54.800893127918243 32.305266991257668 59.026454135775566 85.08099839091301 27.762705221772194 282.18801456689835 134.63361443579197 812.65654188394547 180.15683203935623 27.803337693214417 19.530382946133614 135.25144480168819 26.619192749261856 23.864031910896301 1735.3464837968349 456.0402048677206
leaf_count=55 203 44 74 81 66 36 27 77 258 36 94 259 43 49 95 60 104 163 47 620 238 1746 350 61 60 290 45 46 3433 919
internal_value=-0.000436101 0.00824661 0.00167624 0.0277896 -0.0152565 0.0104318 -0.000909064 -0.00821923 -0.00308621 0.000347956 -0.0107408 -0.000399862 -0.0188076 -0.00049284 -0.000561537 -0.000960381 -0.0194798 0.00903466 -0.00329851 -0.000531329 -0.0069151 0.000223453 0.00255 -0.00178785 -0.023606 0.000823385 -0.00936695 -0.0145835 -0.00122763 0.00231523
internal_weight=4762.8 246.036 184.131 61.9051 62.759 121.372 4516.77 294.134 240.774 216.538 102.464 4222.63 79.3837 34.5761 4201.18 4033.54 91.3317 167.645 82.5636 3942.2 416.822 3525.38 1634.59 1890.79 47.3337 1454.43 185.735 159.115 1843.46 1268.7
internal_count=9679 504 379 125 140 239 9175 612 535 480 222 8563 186 92 8536 8231 164 305 142 8067 858 7209 3396 3813 121 3046 381 336 3692 2665
is_linear=0
shrinkage=0.05


Tree=208
num_leaves=31
num_cat=1
split_feature=56 57 39 77 33 77 22 65 101 105 35 82 102 98 97 34 17 19 44 31 53 25 24 36 54 30 23 31 22 75
split_gain=4.74251 12.385 10.3704 6.3732 6.36534 6.27831 5.71405 8.63201 9.02397 10.829 10.0847 8.94266 9.08195 8.94072 8.60313 9.60676 8.03625 9.51256 7.65086 9.44898 17.5508 11.1725 10.7467 9.24069 7.95111 7.97635 7.62549 7.98791 12.5105 7.54122
threshold=0.12419201083089432 0.19501964502118593 1485.0000000000002 0.64093616836629741 165.00000000000003 0.71810030111808842 5968.2086167800462 0 0.60983099041311906 0.040833333333333312 5433.505000000001 3264.3485000000005 0.68333333333333346 5330.3854875283459 3963.4920634920641 3905.0000000000005 0.30837123978477193 511.83333333333331 121.15000000000033 3635.0000000000005 -28.23428926375286 3874.3000000000006 179.10500000000005 125.00000000000001 -31.042769873223442 0.5464984443389761 3585.5750000000003 3715.0000000000005 5468.2539682539691 4283.4300000000012
decision_type=2 2 2 2 2 2 2 9 2 2 2 2 2 2 2 2 2 2 2 2 2 2 2 2 2 2 2 2 2 2
left_child=1 2 3 -1 -5 -4 14 11 9 10 18 12 -8 -10 15 26 -13 -18 19 20 -9 -21 -22 29 25 -24 -2 -28 -29 -23
right_child=6 -3 5 4 -6 -7 7 8 13 -11 -12 16 -14 -15 -16 -17 17 -19 -20 21 22 23 24 -25 -26 -27 27 28 -30 -31
leaf_value=-0.77789308763718601 -0.0069919583234444365 1.0074278970906541 -0.002022665242940036 0.93586841630713313 -0.34825444461930888 -1.314761090689978 -0.0085810190332750846 0.68421366680491824 0.0072448014815280799 0.074431443238948708 0.12445880292143557 -0.22157169776325675 0.29767026075736069 -0.4538318908538031 -1.0855993808010695 0.30544057348954401 0.059989527383807945 -0.47495212358862632 0.26909100113454953 -0.83309920977668961 -0.080397423543763585 -0.61284431237982773 0.034051511874183781 0.044741267923578222 0.042675193656437217 -0.035969985259629314 -0.90040298186332279 -0.062492833998754806 0.033869854389798351 0.020707761025494167
leaf_weight=21.828442275524139 2447.8605937510729 40.999516174197197 30.156904667615891 50.557587236166 19.047396689653397 18.749219954013824 261.33604025840759 67.830240204930305 1010.2731300741434 84.368981868028641 52.766999408602715 51.771789371967316 25.79097031056881 66.684645354747772 45.382149249315262 30.361805692315102 20.54265558719635 25.976513653993607 41.731039270758629 17.197465866804123 24.91017958521843 40.437916561961174 49.426949143409729 55.188686445355415 45.279902905225754 31.589884519577026 32.754979714751244 24.657618835568428 21.904772117733955 30.43645741045475
leaf_count=65 4825 92 82 111 42 39 462 146 2177 172 96 100 48 157 108 64 38 53 82 41 40 103 74 117 70 47 74 54 42 77
internal_value=-0.000486781 0.00744451 0.000381802 0.0103223 0.0177147 -0.0182026 -0.000799006 0.00120819 0.00280669 0.00809146 0.00505176 -0.00543471 -0.00111959 0.000177192 -0.002344 -0.00196109 -0.0185929 -0.00351051 0.00236694 3.1784e-05 0.0065621 -0.00995269 -0.00291741 -0.00479543 0.00300248 -0.00637645 -0.00229697 -0.0175549 -0.00424656 -0.0167411
internal_weight=4787.8 181.339 140.34 91.4334 69.605 48.9061 4606.46 2003.54 1618.12 541.165 456.796 385.418 287.127 1076.96 2602.92 2557.54 98.291 46.5192 404.029 362.298 219.037 143.261 151.207 126.063 126.297 81.0168 2527.18 79.3174 46.5624 70.8744
internal_count=9698 431 339 218 153 121 9267 4100 3399 1065 893 701 510 2334 5167 5059 191 91 797 715 377 338 231 297 191 121 4995 170 96 180
cat_boundaries=0 1
cat_threshold=524432
is_linear=0
shrinkage=0.05


Tree=209
num_leaves=31
num_cat=2
split_feature=17 49 5 76 35 104 65 85 72 57 33 19 45 22 77 104 96 98 17 104 44 52 72 52 98 49 65 54 102 85
split_gain=5.96799 7.66552 8.76846 9.70173 5.0802 4.91801 9.03597 8.42365 7.36899 10.1135 8.61299 7.8532 6.82993 6.40926 6.30236 6.26563 12.2772 13.3002 8.79336 7.52318 10.7271 8.94869 9.36295 8.46421 12.9981 9.83068 8.18788 12.1209 10.6555 9.52192
threshold=0.21793354727278827 0.50582017261895629 0.29705882352941176 4098.9650000000011 1455.0000000000002 0.99842217283415347 0 -24.959841711337813 39.040000000000013 0.87919762088713904 274.99999999999983 130.83333333333334 43.064999999999607 5468.2539682539691 0.72314588794720869 0.98965777232876728 3878.6848072562366 4442.4036281179151 0.42204816877704437 0.94501214866812377 20.269999999999985 24.122369614512539 15.635000000000002 173.57484126984107 3170.2947845804997 0.023518166945513955 1 -36.344607717022534 0.60952380952380969 -22.789570246468518
decision_type=2 2 2 2 2 2 9 2 2 2 2 2 2 2 2 2 2 2 2 2 2 2 2 2 2 2 9 2 2 2
left_child=1 2 4 -4 -1 15 7 -7 12 -10 11 -11 13 -8 -9 19 18 -18 -17 26 21 -21 -23 24 -22 -26 27 28 -2 -29
right_child=5 -3 3 -5 -6 6 8 14 9 10 -12 -13 -14 -15 -16 16 17 -19 -20 20 23 22 -24 -25 25 -27 -28 29 -30 -31
leaf_value=-0.022798004119559324 -0.023116169437046353 0.57761644320745809 -0.64229922599064881 0.011770556380778886 0.28816635831588189 0.51308257143145652 -0.11884029615699561 0.14834126349153962 -0.2830471823978527 -0.20236180415734284 -0.16946399096189424 0.066692337940497684 0.54866999464695854 0.11715256701858011 -0.030662942979784537 -0.06674151136447648 1.0541588342313788 -0.34289698750895642 0.029519752499714971 0.25774815214327379 -0.19915225840699124 -0.066844744296030004 0.046741602555583128 0.056990051014617654 0.23812770995686208 -0.20234860388363674 -0.0017677977833855608 -0.2463890097419956 0.22100344742377731 0.0076604683411520824
leaf_weight=19.497822731733322 208.69169922173023 18.065874963998795 36.636384293437004 26.614060774445534 37.46399287879467 51.918775975704193 23.833958387374878 29.495662480592728 57.540792971849442 28.425706803798676 105.08126318454742 74.340983629226685 20.515888780355453 103.58382904529572 40.392236053943634 215.08417664468288 38.293198704719543 23.456002920866013 21.707860812544823 28.845174387097359 124.17598466575146 85.611342072486877 238.64895758032799 143.00006943941116 48.600703477859497 21.035910531878471 2600.585370272398 195.0798602104187 49.906891420483589 52.312268912792206
leaf_count=41 385 32 76 61 87 90 47 57 109 62 241 134 38 199 94 432 71 53 41 51 271 162 398 296 113 58 5402 401 89 88
internal_value=-0.000328784 0.0099069 0.00534318 -0.00747178 0.0195729 -0.000634469 0.00387334 0.0152389 0.000151544 -0.00482929 0.000306338 0.0105986 0.00909727 0.0047863 0.00515693 -0.00122354 -0.00819803 0.0116576 -0.0133759 -0.000675092 0.00404795 0.0101371 0.00776304 -0.00233573 -0.00914415 0.00814682 -0.001724 -0.00747659 -5.52105e-05 -0.0155364
internal_weight=4768.44 138.278 120.212 63.2504 56.9618 4630.16 535.129 121.807 413.322 265.389 207.848 102.767 147.934 127.418 69.8879 4095.04 298.541 61.7492 236.792 3796.49 689.918 353.105 324.26 336.813 193.813 69.6366 3106.58 505.991 258.599 247.392
internal_count=9679 297 265 137 128 9382 1071 241 830 546 437 196 284 246 151 8311 597 124 473 7714 1349 611 560 738 442 171 6365 963 474 489
cat_boundaries=0 1 2
cat_threshold=610562 524298
is_linear=0
shrinkage=0.05


Tree=210
num_leaves=31
num_cat=1
split_feature=17 13 30 3 50 48 101 82 45 13 17 102 92 6 50 98 36 82 72 44 36 7 76 23 24 45 98 18 93 29
split_gain=8.40005 10.9642 9.18172 6.76809 10.064 8.49113 10.3623 9.64965 12.3293 14.1769 9.0983 8.48228 7.70593 10.0579 7.55196 8.70836 7.48139 9.65722 7.86517 9.37174 8.81378 7.45944 11.2781 7.91847 13.4224 13.1702 11.2083 9.93207 8.30995 9.62759
threshold=0.21793354727278827 0.76984126984126988 0.41833577093265156 0 0.37462306411946378 0.98627262237033431 0.50571907987229137 3190.3115000000003 -112.35499999999976 0.15476190476190474 0.22746555847088273 0.097619047619047619 0.013423423423423403 24.500000000000004 0.52835851888273466 3095.4648526077103 344.99999999999994 1559.9730000000002 152.86500000000004 91.109999999999914 594.99999999999989 16.500000000000004 2593.7950000000005 3751.8400000000006 149.10500000000005 -34.374999999999766 3873.6961451247171 0.42683101964099762 0.086555312157721762 239.24500000000003
decision_type=2 2 2 9 2 2 2 2 2 2 2 2 2 2 2 2 2 2 2 2 2 2 2 2 2 2 2 2 2 2
left_child=1 2 -1 4 5 6 -2 10 -9 -10 -7 14 13 -12 -6 -16 17 -8 20 -20 -18 23 -23 26 25 -25 28 -26 29 -5
right_child=3 -3 -4 21 11 7 16 8 9 -11 12 -13 -14 -15 15 -17 18 -19 19 -21 -22 22 -24 24 27 -27 -28 -29 -30 -31
leaf_value=-0.03320825106769263 0.1109943791898732 0.10684622666344411 0.064717094074330822 -0.012671034514744051 -0.20196698184905959 -0.24223061313087479 -0.048066487237134942 0.29320428416602129 0.52673670779822712 -0.045885119082689496 0.0098293110049780807 -0.093280780772773991 -0.16691926364601051 0.069738224775305474 0.16369773304744975 -0.041821069491521035 0.051190405522268639 -0.48960008647246839 -0.22845943788630479 0.006970951296620953 -0.15908945809758848 -0.55988620552446666 -0.032026050900886109 -0.69779196796788767 0.17011699071038039 0.087821098306295656 -0.73397209714359668 0.0011820760789120754 0.21309480008699069 -0.087808254651479706
leaf_weight=27.212585091590881 135.46650588512421 76.977190524339676 31.575224965810776 1594.929421544075 44.76219667494297 43.753971725702286 142.51416462659836 77.094001159071922 27.882396191358566 77.18229778110981 1350.238828882575 42.198249399662018 33.855844646692276 42.232768282294273 29.641752079129219 26.097044333815575 129.86136923730373 106.66969202458858 40.289294391870499 29.541795685887337 47.709921777248383 23.517950594425201 137.55399118363857 43.035569757223129 111.71440286934376 37.344081819057465 38.097956746816635 86.973210006952286 81.555341303348541 28.212140381336212
leaf_count=66 351 157 71 2890 90 84 355 149 53 153 2812 77 80 71 68 49 283 251 94 66 106 45 270 95 270 83 90 227 154 42
internal_value=-0.000406976 0.0118509 -0.00440843 -0.000767976 0.0010494 0.00185847 -0.00307028 0.00374393 0.0145991 0.00345621 0.00239886 -0.0118284 0.0030878 0.00366085 -0.00392926 0.00835337 -0.00641408 -0.0125292 -0.000254914 -0.0144711 0.00533571 -0.00278061 -0.0131488 -0.00196839 0.0058512 -0.011389 -0.00322051 0.0128258 -0.00262107 -0.00340359
internal_weight=4745.69 135.765 58.7878 4609.93 2426.99 2284.29 632.053 1652.24 182.159 105.065 1470.08 142.699 1426.33 1392.47 100.501 55.7388 496.586 249.184 247.402 69.8311 177.571 2182.93 161.072 2021.86 279.067 80.3797 1742.79 198.688 1704.7 1623.14
internal_count=9652 294 137 9358 5192 4908 1506 3402 355 206 3047 284 2963 2883 207 117 1155 606 549 160 389 4166 315 3851 675 178 3176 497 3086 2932
cat_boundaries=0 1
cat_threshold=1428
is_linear=0
shrinkage=0.05


Tree=211
num_leaves=31
num_cat=0
split_feature=17 72 17 73 29 91 29 91 28 18 4 39 39 74 50 54 97 33 32 73 44 18 38 74 99 101 72 28 50 6
split_gain=6.11956 12.5765 9.27412 7.49123 7.65461 6.01375 8.46187 6.29716 6.87312 9.15732 5.72909 8.32847 10.6637 9.09303 8.72717 8.36152 13.0802 10.2808 8.13003 8.81728 9.33634 17.3673 12.5715 9.62308 8.48287 8.11475 7.91393 10.0336 9.79473 10.0156
threshold=0.21793354727278827 178.52000000000004 0.22746555847088273 2356.2850000000003 78.320000000000007 0.14941653982749872 185.73500000000004 0.19227595312757884 119.61000000000003 0.42170344876168625 1.5000000000000002 3615.0000000000005 3095.0000000000005 1187.0350000000001 0.033571842337043807 -27.207867823743243 1663.7188208616783 109.9999999999999 2115.0000000000005 1393.8250000000003 14.21499999999992 0.37763415670705797 2195.0000000000005 2176.5450000000005 -66.441428571428432 0.55089220758580837 39.750000000000007 147.07500000000002 0.23241374665399522 11.000000000000002
decision_type=2 2 2 2 2 2 2 2 2 2 2 2 2 2 2 2 2 2 2 2 2 2 2 2 2 2 2 2 2 2
left_child=1 -1 3 4 -2 10 7 -7 9 -9 11 12 13 -4 25 16 -13 -17 19 -12 23 22 -22 -21 -20 -14 28 -28 29 -15
right_child=2 -3 5 -5 -6 6 -8 8 -10 -11 18 15 14 26 -16 17 -18 -19 24 20 21 -23 -24 -25 -26 -27 27 -29 -30 -31
leaf_value=0.048857905326861233 0.065109828186407981 -0.073915561632934251 -0.1252073974917618 -0.41378544085760327 -0.044901626912461273 -0.1585733004637099 -1.3400020483683073 -0.22906287973261641 0.1571111296492988 0.073228159797535858 0.85599210089356681 0.0067421720494314392 0.13796260349138825 0.012055364862293062 -0.0050010934302839871 -0.11892822516458637 -0.28724860934350577 0.20568660479767439 -0.77322736070986986 0.30909899758071618 0.00044786913410348466 -0.17126467106465598 1.6998343152352042 -0.072656883272371076 0.0030357358961532149 0.064097877131506928 -0.003267083711691399 -0.11560664398128609 -0.13298144656928984 0.84169373265921343
leaf_weight=116.16944392025471 20.913476020097733 19.68458180129528 42.896365135908127 81.390824660658836 23.837025851011276 41.199595049023628 23.425898939371109 55.825812593102455 66.554081678390503 23.568042114377022 39.39693221449852 47.161267504096031 30.873579204082489 463.92928892374039 145.57359813153744 23.793226942420006 104.54338923096657 41.052288979291916 29.562730148434639 68.324560761451721 66.664919346570969 64.778916597366333 25.370843887329102 28.278753697872162 2388.6864341497421 174.54339453577995 262.52929490804672 177.43186149001122 43.661307275295258 26.816034853458405
leaf_count=260 43 33 70 171 44 103 58 117 152 48 80 73 48 767 228 37 179 85 58 124 154 128 53 42 5226 296 565 337 71 61
internal_value=-0.000330653 0.010129 -0.00063739 -0.014009 0.00242364 -0.000263102 -0.00851302 -0.00496686 -9.38464e-05 -0.0100282 0.00014129 -0.0022469 -0.000804918 -0.00339773 0.00670975 -0.011358 -0.0177815 0.00366975 0.00153735 0.009406 0.005985 -0.00154756 0.0124123 0.0182125 0.000584575 0.0133469 -0.00240586 -0.00737217 0.00168275 0.00370182
internal_weight=4768.44 135.854 4632.58 126.141 44.7505 4506.44 210.573 187.148 145.948 79.3939 4295.87 1584.8 1368.25 1017.26 350.991 216.55 151.705 64.8455 2711.06 292.815 253.418 156.815 92.0358 96.6033 2418.25 205.417 974.368 439.961 534.407 490.745
internal_count=9711 293 9418 258 87 9160 478 420 317 165 8682 2817 2443 1871 572 374 252 122 5865 581 501 335 207 166 5284 344 1801 902 899 828
is_linear=0
shrinkage=0.05


Tree=212
num_leaves=31
num_cat=5
split_feature=2 38 38 59 73 46 50 59 58 99 49 65 46 58 58 102 59 57 29 104 30 34 70 89 65 44 45 82 28 65
split_gain=7.48375 4.77348 11.1345 8.55993 7.67973 9.24597 8.67921 7.03383 9.05236 10.1323 8.94324 11.2275 10.0192 7.12899 6.69129 7.27724 6.23359 6.06666 6.58177 5.77489 5.60464 10.2753 9.75833 15.4786 18.3901 13.8427 9.43861 8.96336 8.91477 8.89144
threshold=0 2595.0000000000005 2605.0000000000005 0.014009204499492502 2304.9150000000004 0.52536266397220921 -0.21589175401334743 0.028600943943168002 0.047358721442108211 -1.0000000180025095e-35 0.0011734452027139001 1 0.97619374617344079 0.038005731657593009 0.026645138070727603 0.19523809523809524 0.012738147207391101 0.81527999849710431 171.35500000000002 0.32020085290759387 0.72959226530129395 1185.0000000000002 2 0.57863031071655058 3 174.5450000000001 -248.02999999999994 1401.8575000000003 67.25500000000001 4
decision_type=9 2 2 2 2 2 2 2 2 2 2 9 2 2 2 2 2 2 2 2 2 2 9 2 9 2 2 2 2 9
left_child=-1 4 3 -3 5 19 -7 10 -9 -10 11 -8 14 16 -12 -16 -13 -17 -19 -2 22 -22 23 24 25 26 -4 -28 -24 -23
right_child=1 2 20 -5 -6 6 7 8 9 -11 12 13 -14 -15 15 17 -18 18 -20 -21 21 29 28 -25 -26 -27 27 -29 -30 -31
leaf_value=-0.024639117938051316 -0.30825227647630843 -0.016384242998739751 -0.054682031694505896 0.62522125588354671 -0.31982237967155247 -0.14353247599669991 -0.39263729869955455 0.65204290726507141 0.58940755153784108 -0.27148170217200696 -0.048711404482929765 -0.0096650433689617898 -0.090338901486503434 0.023930468991672171 0.23639572061240699 -0.028301394976723772 -0.23343471901711582 -0.0046123847579565341 0.34548431342837738 1.2989581346378047 -0.27519909084486471 -0.15830775858329391 1.5256575485179371 -0.026359429462809204 2.5675072728999808 -0.35018024534372216 -0.045517782836430425 0.087848643191043158 -0.00044176667099033313 0.0033968219622252608
leaf_weight=56.270760416984558 14.435101434588431 23.658151015639305 22.228222578763962 45.757660046219826 18.419354349374771 20.860966295003891 93.961745843291283 23.885598406195641 18.954022586345673 29.247805759310722 46.677333980798721 37.034551218152046 26.127751111984253 102.11352987587452 71.844846814870834 42.99374295771122 21.415061846375465 33.500296771526337 21.340177088975906 27.859538152813911 59.305587023496628 291.98261238634586 27.806291967630386 169.99577885866165 87.96662400662899 24.645725846290588 48.087039455771446 123.95058685541153 2312.3161004185677 818.48945017158985
leaf_count=72 40 56 54 80 46 36 197 47 39 64 84 85 51 228 138 76 41 80 36 68 96 671 58 365 208 56 112 256 4467 1777
internal_value=-0.000256668 -2.11589e-05 0.000616536 0.0204696 -0.00399678 -0.00306962 -0.00468857 -0.00352746 0.0110683 -0.00140436 -0.00564446 -0.012191 0.00122716 -0.00303007 0.00475908 0.00937097 -0.0171443 0.000497534 0.0115218 0.0195127 0.000270864 -0.00263834 0.00147893 0.0079169 0.0147875 0.00578524 0.0105279 0.0144894 0.000132595 -0.00155539
internal_weight=4763.13 4706.86 4056.19 69.4158 650.671 632.252 589.957 569.096 72.0874 48.2018 497.009 254.525 242.484 160.563 216.356 169.679 58.4496 97.8342 54.8405 42.2946 3986.77 1169.78 2817 476.874 306.878 218.912 194.266 172.038 2340.12 1110.47
internal_count=9684 9612 8256 136 1356 1310 1202 1166 150 103 1016 551 465 354 414 330 126 192 116 108 8120 2544 5576 1051 686 478 422 368 4525 2448
cat_boundaries=0 1 2 3 4 5
cat_threshold=8 860306 49 1572865 613480
is_linear=0
shrinkage=0.05


Tree=213
num_leaves=31
num_cat=2
split_feature=15 49 27 27 58 24 43 103 30 18 52 30 52 43 48 56 45 27 30 28 97 3 37 49 18 69 19 98 85 17
split_gain=6.18385 9.27214 5.59491 9.75329 10.0517 7.97334 7.0674 4.56281 10.2666 7.86598 7.99092 8.25938 7.08387 6.8962 8.25011 5.99837 5.45686 4.9031 5.10192 10.2756 7.27454 6.05168 10.0833 10.7789 9.79919 8.58274 9.65588 12.1308 15.3752 10.2321
threshold=0.14642857142857144 0.39608524285573971 79.910000000000011 45.160000000000004 0.042738343196434457 194.51000000000002 -59.149999999999856 0.31666666666666671 0.68910316054234777 0.45669971985770935 15.349240362811658 0.16709104333718997 218.53687074829958 -235.2049999999999 0.99715316756046979 0.72237104497506688 -97.014999999999858 182.23500000000004 0.95619397973514342 115.13500000000002 2741.2698412698414 0 2785.0000000000005 0.67842773309752114 0.40496674008931566 1 625.8333333333336 2696.3718820861682 -24.877137327265665 0.2894166521946907
decision_type=2 2 2 2 2 2 2 2 2 2 2 2 2 2 2 2 2 2 2 2 2 9 2 2 2 9 2 2 2 2
left_child=1 2 3 4 5 -1 -4 13 9 10 -9 15 -10 14 -2 -12 -13 18 21 -20 -21 22 23 25 -25 -15 27 28 29 -27
right_child=7 -3 6 -5 -6 -7 -8 8 12 -11 11 16 -14 17 -16 -17 -18 -19 19 20 -22 -23 -24 24 -26 26 -28 -29 -30 -31
leaf_value=0.011626715684553113 -0.016043652639943673 0.44176756787936028 2.7014974116910908 -0.22785191279515848 -0.12733077401155626 0.91405989034915547 -0.00010942134332623255 -2.0318771654507715 -0.59845595540934582 0.337992462254395 -0.01179176945153794 0.031237864048245002 -0.015145773405953378 0.02376595989859567 0.078325554558390867 -0.25790761706340676 -0.022473994999106673 -0.50636064623792687 0.37060617207449842 0.0766379491352744 -0.95544550610921564 0.00033514065155202392 0.15390712371482779 -0.2398351483682184 0.13108656165036833 0.1802167457131362 0.14475092781011228 -0.58445762499624443 0.1681547570073775 -0.13542095611365704
leaf_weight=46.758446589112282 24.06657911837101 25.658645242452621 25.186028718948364 28.569963037967682 23.5970688611269 34.742151886224747 25.651368826627731 23.437514200806618 37.944664910435677 35.890404611825943 20.235531821846962 58.091871872544289 19.470560342073441 119.33077144622803 38.59530508518219 21.215994015336037 27.671294152736664 30.614835128188133 46.767268747091293 22.525942981243134 24.452928826212883 3459.3247622549534 38.165008291602135 28.162072241306305 45.652960911393166 34.003169566392899 39.986859917640686 90.166322648525238 46.859712243080139 223.93431429564953
leaf_count=90 63 47 51 45 52 66 69 53 79 53 46 107 41 265 75 49 52 81 120 47 52 7020 87 54 68 62 89 206 79 413
internal_value=-0.000392215 0.00799329 0.00407683 -0.00129276 0.00574915 0.0140695 0.0181952 -0.000778982 -0.00743141 -0.00174091 -0.00675231 -0.00180957 -0.0259199 -0.000402664 0.0160636 -0.020135 0.0070476 -0.000645445 -0.000500782 0.0110333 -0.00548322 -0.000762871 -0.00508778 -0.00668039 0.0112684 -0.00907068 -0.01217 -0.0148203 -0.0100543 -0.0148408
internal_weight=4766.73 210.164 184.505 133.668 105.098 81.5006 50.8374 4556.57 243.958 186.543 150.652 127.215 57.4152 4312.61 62.6619 41.4515 85.7632 4249.95 4219.33 93.7461 46.9789 4125.59 666.261 628.096 73.815 554.281 434.95 394.964 304.797 257.937
internal_count=9681 420 373 253 208 156 120 9261 480 360 307 254 120 8781 138 95 159 8643 8562 219 99 8343 1323 1236 122 1114 849 760 554 475
cat_boundaries=0 1 2
cat_threshold=2082 132
is_linear=0
shrinkage=0.05


Tree=214
num_leaves=31
num_cat=2
split_feature=95 37 71 31 97 38 63 52 53 46 52 77 38 59 30 71 43 65 35 28 56 99 104 101 17 36 71 52 65 10
split_gain=10.8461 7.80552 6.29397 6.13315 8.07561 6.75079 12.0625 8.34299 6.95895 6.7239 8.61505 6.10709 8.39345 12.3659 7.00368 13.5438 12.1355 11.5792 11.9877 11.6437 10.1689 8.33419 8.53713 8.11966 8.11276 7.76422 7.66775 7.41092 8.17869 7.36164
threshold=1205.72 945.00000000000011 0.56000000000000016 5565.0000000000009 5405.2154195011344 6335.0000000000009 1.0000000180025095e-35 231.38164399092946 -17.273550678185675 0.77669535947306845 181.52394557823118 0.55997199860130664 4095.0000000000005 0.030825950780756853 0.10485162981686287 124.57500000000002 -19.199999999999928 0 1875.0000000000002 158.25500000000002 0.99083436555851756 78.787959183673607 0.088996845382230613 0.0075713676541676505 0.30458067058125887 59.999999999999893 14.180000000000001 305.02285714285716 1 1.5000000000000002
decision_type=2 2 2 2 2 2 2 2 2 2 2 2 2 2 2 2 2 9 2 2 2 2 2 2 2 2 2 2 9 2
left_child=-1 2 -2 4 5 8 7 -7 11 -8 -11 12 -3 -14 15 16 -13 19 26 -18 24 22 -21 -16 25 -20 -19 -25 -29 -24
right_child=1 3 -4 -5 -6 6 9 -9 -10 10 -12 14 13 -15 23 -17 17 18 20 21 -22 -23 29 27 -26 -27 -28 28 -30 -31
leaf_value=0.17932309330992524 -0.56719373654475047 0.075189512999412511 -0.026039146191818931 -0.18646559064411578 0.86835689583169773 0.051941654462125092 -0.69882655837579755 -0.082234606118300496 -0.80863262983179574 0.018878913683309406 -0.084060873111758388 -1.0027880004611192 -0.19073097284938711 0.021194632865824306 2.6735654326450233 -0.93382647248628814 0.58371473591426837 -0.015136441343339158 0.54150969434274998 -0.83247292977580123 -0.018524825730355587 -0.15285315736915167 -0.019818125325956261 0.0016171670239828019 -0.447731139058547 -0.063633384980999005 0.93459708718859891 -0.0089680913484932578 0.064601011572564468 0.075562540402221684
leaf_weight=23.462015718221664 34.724784642457962 47.946177661418915 70.714668080210686 50.494227036833763 26.012039452791214 93.401797488331795 37.660767614841461 36.862289696931839 21.312537163496017 28.072071209549904 25.554833889007568 46.825551927089691 102.04524767398834 43.423960089683533 40.959411472082138 26.580087319016457 101.41863876581192 58.431596949696541 20.466024294495583 24.811234250664711 212.78377948701382 24.590752124786377 108.42545542120934 2856.6752177476883 66.327065989375114 20.272156298160553 25.348339051008224 162.05306629836559 200.33577160537243 139.52605028450489
leaf_count=39 66 125 169 117 46 195 86 67 50 57 47 101 229 88 120 61 251 86 61 71 383 41 210 5861 147 48 49 254 337 257
internal_value=-0.000563009 -0.00073037 -0.0141827 -0.000425245 -0.000234926 -0.000392977 -0.00890678 0.000859863 4.05877e-05 -0.0228434 -0.0114717 0.000180895 -0.00850305 -0.0144828 0.000587007 -0.0033827 -0.00228267 -0.000838787 -0.00671775 0.00515106 -0.0112942 0.000290524 0.00280391 0.00165347 -0.0238626 -0.00630057 0.0099522 0.00137199 0.00810772 0.00560208
internal_weight=4777.52 4754.06 105.439 4648.62 4598.12 4572.11 221.552 130.264 4350.56 91.2877 53.6269 4329.25 193.415 145.469 4135.83 875.807 849.227 802.401 403.629 398.772 319.849 297.353 272.763 3260.02 107.065 40.7382 83.7799 3219.06 362.389 247.952
internal_count=9719 9680 235 9445 9328 9282 452 262 8830 190 104 8780 442 317 8338 1766 1705 1604 774 830 639 579 538 6572 256 109 135 6452 591 467
cat_boundaries=0 1 2
cat_threshold=465016 203138
is_linear=0
shrinkage=0.05


Tree=215
num_leaves=31
num_cat=0
split_feature=54 42 34 27 23 45 71 98 17 46 19 17 45 26 37 50 45 102 103 29 75 33 23 31 27 23 23 89 94 18
split_gain=5.509 7.34679 6.31983 10.6261 7.48631 11.4728 5.57682 5.40882 5.20461 12.8812 6.09037 6.03563 6.45364 12.19 8.2201 6.77661 10.9137 12.6379 10.007 8.31009 7.7812 7.56701 7.39817 8.10788 10.2928 9.19715 8.82345 8.51068 8.25995 7.21656
threshold=-19.431948453104262 5570.0000000000009 5245.0000000000009 47.775000000000006 5188.9700000000003 -1823.29 115.00000000000001 5310.4308390022679 0.21918563347728245 0.80699599631981089 203.33333333333329 0.22746555847088273 -425.21499999999986 0.56000000000000016 2125.0000000000005 0.25958085781488743 -257.79000000000013 0.29285714285714287 0.39047619047619048 13.999999999999988 1548.5300000000002 244.99999999999991 1013.8000000000001 1135.0000000000002 9.6550000000000029 1137.0350000000001 1051.9700000000003 0.80576285240464351 1036.0595238095241 0.52715192731226801
decision_type=2 2 2 2 2 2 2 2 2 2 2 2 2 2 2 2 2 2 2 2 2 2 2 2 2 2 2 2 2 2
left_child=1 2 4 -4 5 -1 -2 8 9 -7 -11 -10 13 -13 -15 22 -17 18 19 -18 21 -21 -14 24 27 -25 -26 28 -24 -27
right_child=6 -3 3 -5 -6 7 -8 -9 11 10 -12 12 15 14 -16 16 17 -19 -20 20 -22 -23 23 25 26 29 -28 -29 -30 -31
leaf_value=2.5663416827553371 -0.51402960045285651 -0.17714231111190984 -0.037883702133451894 2.4356555654667371 -0.64512320240576604 0.098985493013701395 0.017777370575838346 -0.1098072868434592 -0.074666976049439879 0.031661384999497243 -0.12975954218691896 0.035551595485643621 0.05146552226099637 -0.40689432365473055 0.41644913890676405 -0.080568608586680135 -0.028399330136974044 -0.16720118676971085 -0.45899199762187781 0.019331681620016639 0.17486120653031778 -0.27315363535821863 -0.096202342511156766 0.81822573283465028 -0.011496262973936668 0.0062371878575838485 -0.22792424930100666 -0.032769652774484119 0.025630182658098733 -0.036003333620110926
leaf_weight=20.467599600553513 43.44221056997776 52.650901526212692 26.091898202896118 24.298025250434875 19.903278455138206 67.660174265503883 19.725538998842239 20.237064599990845 90.811632364988327 24.43222051858902 43.214138984680176 21.100642412900925 73.129429370164871 50.49676550924778 19.29220387339592 140.30048702657223 27.770511820912361 52.032296404242516 29.43822255730629 44.697670444846153 138.89112050831318 23.779326587915421 30.598299324512482 56.79818631708622 46.183923423290253 2938.2815715670586 69.515328645706177 43.523882061243057 118.13654807209969 404.1070344299078
leaf_count=43 98 115 57 40 44 155 42 47 180 53 91 28 103 110 44 264 55 94 55 84 271 36 51 101 66 6173 101 57 162 900
internal_value=-0.000449002 -0.000252611 -4.29991e-05 0.0175683 -0.000235301 -0.000102759 -0.015117 -0.000269881 -0.000155271 0.00950424 -0.00592461 -0.000451046 -0.000183377 -0.0133661 -0.0234347 9.93996e-05 -0.00565214 -0.000508057 0.00392197 0.00736262 0.0108024 -0.0029915 0.00079457 0.000483902 -0.00728475 0.00118772 -0.0190681 -0.000193654 0.00549706 0.000848685
internal_weight=4781.01 4717.84 4665.19 50.3899 4614.8 4594.9 63.1677 4574.43 4554.19 135.307 67.6464 4418.89 4328.07 90.8896 69.789 4237.18 456.91 316.609 264.577 235.139 207.368 68.477 3780.27 3707.14 307.958 3399.19 115.699 192.259 148.735 3342.39
internal_count=9720 9580 9465 97 9368 9324 140 9281 9234 299 144 8935 8755 182 154 8573 859 595 501 446 391 120 7714 7611 437 7174 167 270 213 7073
is_linear=0
shrinkage=0.05


Tree=216
num_leaves=31
num_cat=6
split_feature=95 25 27 19 49 64 69 27 104 65 99 89 89 104 65 5 65 72 61 46 45 82 104 30 50 52 4 14 102 82
split_gain=4.74208 6.65983 13.9187 8.75719 5.94916 11.1596 19.7434 10.1124 15.0873 11.1687 10.7401 10.6232 11.111 10.0989 12.2602 11.057 13.3518 9.35906 9.07487 8.78756 8.75307 10.8791 15.3651 9.22722 10.7492 8.61152 8.21628 10.2647 8.20058 8.03634
threshold=1205.72 1423.8700000000001 47.775000000000006 249.99999999999997 0.065121798619271559 0 1 13.325000000000001 0.48454793991739165 2 -2.9740136054424506 0.90553289138194815 0.79361054766734285 0.31069820248484109 3 0.36602870813397131 4 65.685000000000016 5 0.53945177009685263 -325.40999999999991 1168.3890000000004 0.92099673738001264 0.38952376723676213 0.00075027187536660012 371.67137188208636 3.5000000000000004 0.13961038961038957 0.48809523809523808 2639.7975000000006
decision_type=2 2 2 2 2 9 9 2 2 9 2 2 2 2 9 2 9 2 1 2 2 2 2 2 2 2 2 2 2 2
left_child=-1 2 -2 -4 13 7 -7 11 -9 10 17 12 19 15 -15 -3 -17 -10 -13 -6 -11 -22 -23 -24 -25 -16 28 -28 -18 -21
right_child=1 4 3 -5 5 6 -8 8 9 20 -12 18 -14 14 25 16 26 -19 -20 29 21 22 23 24 -26 -27 27 -29 -30 -31
leaf_value=0.13873856872291521 -0.040988270196051252 -0.66126154383560953 0.54326176238457025 -0.01729055831068136 0.7121495842641089 -1.0364001910794727 0.0051577824709809761 0.20505900925019277 -0.18394996027566535 0.078682430253970995 0.15391337148965079 -0.012728736996788115 -0.11047540574595729 0.010916812250425779 -0.034183091066260829 0.69784993022411046 0.12548274330558679 0.064606484860664212 0.080860974781835182 0.0096620601530212017 0.13582907745769487 -0.41472336900088891 0.025753123774929401 0.041778757098044399 -0.13570525381355553 0.63615135347639418 -0.5480915607893494 -0.041501684894599579 -0.26540381477565378 -0.024714432215793638
leaf_weight=23.947219640016556 123.43063342571259 109.46198399364948 29.984163999557495 34.848777920007706 28.67673060297966 74.614810615777969 192.59680683910847 73.195554345846176 27.208444148302078 27.959524810314178 153.17146913707256 31.330175086855888 103.32185688614845 1155.4117174297571 1184.3355715870857 41.658072754740715 63.659400790929794 49.04019170999527 100.59048591554165 469.68549798429012 35.253888979554176 61.937756508588791 29.642416417598724 34.770805552601814 58.418698132038116 27.149386495351791 58.621959254145622 51.633489668369293 20.828653454780579 274.81173294782639
leaf_count=40 179 265 55 70 64 154 452 113 44 37 245 64 168 2464 2680 106 156 75 148 838 64 112 47 60 102 35 157 135 61 478
internal_value=-0.000421803 -0.000534231 -0.0097492 0.00900936 -0.000152022 0.00205419 -0.00723015 0.00366835 0.00914159 0.00590075 0.0135334 0.000716316 -0.00127462 -0.00163724 -0.000471067 -0.00961788 -0.00353453 -0.00120987 0.0139443 0.000783303 -0.00164012 -0.00505491 -0.00991138 0.000327298 -0.0074017 -0.0039676 -0.00900974 -0.0184627 0.00225979 -0.000262858
internal_weight=4751.2 4727.25 188.264 64.8329 4538.99 1826.23 267.212 1559.02 550.599 477.403 229.42 1008.42 876.496 2712.76 2366.9 345.864 236.402 76.2486 131.921 773.174 247.983 220.024 184.77 122.832 93.1895 1211.48 194.744 110.255 84.4881 744.497
internal_count=9668 9628 304 125 9324 3265 606 2659 899 786 364 1760 1548 6059 5179 880 615 119 212 1380 422 385 321 209 162 2715 509 292 217 1316
cat_boundaries=0 1 2 3 4 5 6
cat_threshold=4 5 267691 198705 22786 4
is_linear=0
shrinkage=0.05


Tree=217
num_leaves=31
num_cat=1
split_feature=28 32 50 32 73 52 16 52 18 49 44 89 48 25 50 65 38 33 8 71 71 52 72 52 59 56 58 58 58 53
split_gain=6.62677 6.29271 5.24915 8.18511 5.5724 6.79982 5.92371 5.91502 5.35841 5.28718 4.67932 7.93372 8.04346 8.34154 7.22514 14.3657 11.2982 6.89782 8.59621 6.59587 8.95604 6.58649 6.55798 7.02545 5.91491 5.8396 4.72046 5.7274 4.6081 4.52801
threshold=250.59000000000003 6435.0000000000009 -0.25411668816801464 4365.0000000000009 3751.8300000000004 222.31623582766454 0.51190476190476197 4.1509637188207771 0.40104166666666674 -0.053159902347448544 -37.714999999999911 0.66894977168949776 0.96060256322547011 3925.6050000000005 0.25259753757416908 0 4815.0000000000009 500.00000000000017 1.5000000000000002 202.46000000000004 228.95000000000002 198.76218820861644 43.895000000000003 287.89235827664396 0.028047852908337754 0.79316127396775782 0.045169044889912212 0.0213849535533869 0.049339564647457007 -26.264641549711872
decision_type=2 2 2 2 2 2 2 2 2 2 2 2 2 2 2 9 2 2 2 2 2 2 2 2 2 2 2 2 2 2
left_child=1 2 3 4 5 6 7 -1 9 -8 11 12 -4 29 19 16 21 18 22 -12 -21 -16 -17 -24 -20 -26 27 -22 -18 -14
right_child=-2 -3 10 -5 -6 -7 8 -9 -10 -11 14 -13 13 -15 15 17 28 -19 24 20 26 -23 23 -25 25 -27 -28 -29 -30 -31
leaf_value=-0.40078399136902765 -0.79025051057973883 -0.091571575240428166 -0.099936253807949335 -0.37208020615483833 0.13519888378856706 0.20562235781018218 0.020801202968613097 0.1226009280386382 -0.37428957391174295 -0.2297014598554995 0.0051984962280698715 -0.036891211484930589 0.067615608921387613 0.083456148314270714 0.047968835959409262 -0.63854743117195989 0.46303099906618289 0.1944040771101001 0.030005413026254479 -0.4555174677873251 1.1030761507484996 -0.035609509619642668 -0.6806886823812619 0.017860340103451479 -0.0065584695457504118 -0.30490189359897429 1.4214019622780427 -0.53566495229149214 0.036085142963601768 -0.058364886279675281
leaf_weight=24.234726697206497 29.004530861973763 21.691322684288025 29.537240728735924 21.911714240908623 27.763546139001846 36.092466741800308 23.305289313197136 21.271665722131729 34.466227829456329 18.334891065955162 3822.3633837103844 31.293061420321465 86.097579270601273 32.809922099113464 34.677064344286919 45.46821554005146 23.375541135668755 19.538859128952026 38.302958160638809 48.72770893573761 21.288339495658875 92.63351571559906 24.179886877536774 24.085820600390434 50.241185218095779 21.522439062595367 17.472346007823944 23.039785370230675 25.234909847378731 23.02718485891819
leaf_count=43 57 43 47 52 55 62 60 39 79 44 7844 53 159 59 61 85 38 35 76 104 50 165 55 44 98 40 39 61 45 37
internal_value=0.000233734 0.0003788 0.0005017 -0.00727725 -0.00386295 -0.00749934 -0.0131554 0.00111551 -0.0216884 -0.00961813 0.00085743 0.00828133 0.0125065 0.0174465 0.000509956 -0.00589873 0.00484651 -0.0139548 -0.0173004 0.00116056 -0.0108809 -0.00270773 -0.0284279 -0.0155916 -0.007824 -0.016292 0.00175724 -0.00691841 0.0256281 0.0108001
internal_weight=4792.99 4763.99 4742.3 207.381 185.469 157.705 121.613 45.5064 76.1064 41.6402 4534.92 202.765 171.472 141.935 4332.15 399.26 175.921 223.339 203.801 3932.89 110.528 127.311 93.7339 48.2657 110.067 71.7636 61.8005 44.3281 48.6105 109.125
internal_count=9729 9672 9629 434 382 327 265 82 183 104 9195 355 302 255 8840 742 309 433 398 8098 254 226 184 99 214 138 150 111 83 196
cat_boundaries=0 1
cat_threshold=1471506
is_linear=0
shrinkage=0.05


Tree=218
num_leaves=31
num_cat=1
split_feature=32 95 43 24 24 18 13 15 47 18 33 58 16 46 4 101 29 35 57 29 4 74 15 76 25 3 25 24 35 38
split_gain=7.06553 5.86403 5.49995 7.39466 7.91616 9.36325 12.4195 7.58962 7.24588 7.18013 10.5701 9.00115 12.7141 7.29866 6.73504 8.45042 6.84402 11.6084 10.8111 9.04389 11.6675 9.50923 9.14943 8.93693 9.79545 12.4006 10.179 8.87599 10.7953 12.5713
threshold=6415.0000000000009 1205.72 -244.35500000000002 261.48500000000007 256.99000000000007 0.62431112459722293 0.13392857142857142 0.13961038961038957 0.33137751970355556 0.42857276351408663 165.00000000000003 0.15664870995180039 0.55050505050505061 0.92010327273993631 15.500000000000002 0.78450498453839146 215.83500000000006 2595.0000000000005 0.47075088406642079 202.86500000000004 2.5000000000000004 4358.3900000000012 0.15394736842105264 4444.3050000000012 2144.4000000000001 0 2002.5400000000002 184.20500000000001 3595.0000000000005 2625.0000000000005
decision_type=2 2 2 2 2 2 2 2 2 2 2 2 2 2 2 2 2 2 2 2 2 2 2 2 2 9 2 2 2 2
left_child=1 -1 -3 4 5 7 -7 8 -4 11 -11 12 13 -5 16 -16 19 18 -18 20 21 22 -9 24 25 -24 -27 28 29 -26
right_child=-2 2 3 9 -6 6 -8 14 -10 10 -12 -13 -14 -15 15 -17 17 -19 -20 -21 -22 -23 23 -25 27 26 -28 -29 -30 -31
leaf_value=0.1574659536491641 -0.16199746224098066 0.024635219548809317 0.71736540453213637 0.1164708816367063 0.20124348203487161 0.0113637835414238 -0.16229774127783791 0.26471889501232088 0.016082736623121718 0.54832529095142069 -0.053761652294041264 0.020781321446099101 -0.2868183394938072 -0.3215500643944047 -0.28905734385979825 0.013393679223868561 -0.24035180251572827 -0.1092255684667066 0.026942225398441266 0.076035146598596282 0.010989487650824969 -0.1758400275348791 1.459273974133799 0.42751966434147737 -0.52283035634061148 -0.0091319611268406934 0.51570387398789852 -0.059314345382918889 -0.093935659385738293 0.02416172615607657
leaf_weight=24.868226498365402 26.748548895120621 65.386736482381821 38.103602677583694 83.394556403160095 38.128313034772873 45.552579626441002 49.468062236905098 43.45663295686245 92.062755972146988 74.519595295190811 261.34874601662159 46.030672609806061 121.97455787658691 58.507175832986832 74.172932028770447 88.404557704925537 37.290109440684319 68.89492928981781 104.24941176176071 304.18466445803642 1425.5401853471994 59.698645919561386 74.458479955792427 54.646995469927788 43.989702507853508 535.83664205670357 35.290302231907845 417.03896161913872 72.412272334098816 326.01929548382759
leaf_count=41 57 138 79 179 67 84 80 92 177 158 641 66 233 118 146 199 68 129 159 482 3294 156 167 106 75 861 65 809 172 630
internal_value=3.59821e-05 0.000179836 5.27869e-05 -0.000148644 0.000647517 0.000430881 -0.0150766 0.000809122 0.0126791 -0.00511578 -5.13945e-05 -0.0106044 -0.0141634 -0.00398797 0.000398807 -0.00955585 0.000847988 -0.00790183 0.000291359 0.00139072 0.000580534 -0.00226495 -0.0015353 -0.00216581 -0.002887 0.00176718 -0.000890269 -0.006383 -0.00144972 0.00200545
internal_weight=4791.68 4764.93 4740.06 4674.68 4028.9 3990.77 95.0206 3895.75 130.166 645.775 335.868 309.907 263.876 141.902 3765.58 162.577 3603.01 210.434 141.54 3392.57 3088.39 1662.85 1603.15 1559.69 1505.05 645.585 571.127 859.46 442.421 370.009
internal_count=9728 9671 9630 9492 8097 8030 164 7866 256 1395 799 596 530 297 7610 345 7265 356 227 6909 6427 3133 2977 2885 2779 1093 926 1686 877 705
cat_boundaries=0 1
cat_threshold=68
is_linear=0
shrinkage=0.05


Tree=219
num_leaves=31
num_cat=4
split_feature=3 48 65 45 102 72 101 34 65 104 17 65 71 33 99 26 104 44 35 74 50 19 18 32 99 50 74 99 37 46
split_gain=4.87811 5.06476 9.38384 11.5674 7.98529 6.97967 6.64494 10.347 10.1876 9.09074 8.61091 13.2463 14.5546 10.4486 11.9762 10.4655 18.0656 10.4311 9.68586 16.6869 11.7312 9.57673 10.151 9.04998 10.1787 9.12585 9.04852 8.15192 9.30266 7.73325
threshold=0 0.94567713395326369 1 -204.98499999999984 0.12142857142857141 71.180000000000021 0.89172310602166271 1095.0000000000002 2 0.98965777232876728 0.39728951389459205 3 86.710000000000022 30.000000000000117 14.183628117913715 13.000000000000002 0.98965777232876728 6.9700000000000282 2275.0000000000005 1566.7450000000001 -0.019726581259528548 478.28571428571439 0.39699622346839708 1545.0000000000002 79.367460317460214 0.24684924712261277 3589.3900000000008 78.145158730158769 3705.0000000000005 0.94565302179456323
decision_type=9 2 9 2 2 2 2 2 9 2 2 9 2 2 2 2 2 2 2 2 2 2 2 2 2 2 2 2 2 2
left_child=-1 2 3 4 5 -2 10 -8 -9 -10 11 12 18 17 15 16 -15 26 19 -3 -21 23 -23 -16 25 -25 -13 28 -11 -12
right_child=1 6 -4 -5 -6 -7 7 8 9 27 29 13 -14 14 21 -17 -18 -19 -20 20 -22 22 -24 24 -26 -27 -28 -29 -30 -31
leaf_value=-0.021033977724290765 0.23455443935008022 -0.28213876646850261 -0.045249504780268526 0.079906459053140477 -0.82076648201046298 -0.048867478001946553 -0.20322705464147078 -0.096254389593033812 0.021787276620943888 -0.14048436657449664 0.035212401426537102 0.078881514169132319 0.0091219210409080407 -0.11168299399616739 0.38505646325841936 0.01107871307725521 0.062602259257900528 -0.11059766279339769 -0.19620193941288236 -0.055225669976567818 0.11034424886659809 0.079530489618320321 -0.21038058929514325 0.041440992534263123 -0.20638272944037223 0.68605213562191136 -0.18750098527936246 0.079760618416592877 0.042947252632987445 0.023697744858683034
leaf_weight=57.243217289447784 30.315902292728424 41.0522790402174 661.93434172868729 206.72615407407284 20.590561404824257 29.796777337789536 48.542876094579697 250.91293431818485 851.92483489215374 233.05466954410076 233.77559947967529 74.612379863858223 61.698345348238945 216.28380237519741 68.486987411975861 566.89906042814255 33.130647882819176 198.58895538747311 116.37058179080486 28.093649476766586 55.813550591468811 55.262697726488113 59.306848183274269 360.46680781245232 25.499383747577667 40.430128633975983 27.212901204824448 58.641837745904922 26.891149535775185 54.089461281895638
leaf_count=74 69 64 1563 428 41 65 91 565 1920 525 407 145 107 364 93 1056 55 407 218 46 92 92 122 678 45 68 53 141 56 74
internal_value=0.000439947 0.000627602 -0.00263664 0.00483334 -0.0110522 -0.00184725 0.00144756 -0.00118199 -0.000406769 0.00157516 0.00311577 0.00196773 -0.00752981 0.00365744 0.00546427 0.0015047 -0.0070305 -0.00479599 -0.0133189 -0.00365239 0.00912795 0.0107678 -0.00225865 0.0137835 0.0110737 0.013022 0.00821541 -0.00561694 -0.00941575 0.0112085
internal_weight=4793.65 4736.41 949.364 287.429 80.7032 60.1127 3787.04 1469.97 1421.43 1170.51 2317.07 2029.21 303.028 1726.18 1425.77 816.314 249.414 300.414 241.33 124.959 83.9072 609.453 114.57 494.883 426.396 400.897 101.825 318.588 259.946 287.865
internal_count=9724 9650 2166 603 175 134 7484 3298 3207 2642 4186 3705 527 3178 2573 1475 419 605 420 202 138 1098 214 884 791 746 198 722 581 481
cat_boundaries=0 1 2 3 4
cat_threshold=32 13714 267272 448
is_linear=0
shrinkage=0.05


Tree=220
num_leaves=31
num_cat=0
split_feature=29 34 94 82 27 73 58 30 59 91 18 82 90 29 91 104 28 44 19 59 71 33 14 4 58 75 24 45 28 49
split_gain=5.57006 11.3518 9.95352 8.79619 8.29844 10.5655 7.71146 6.10948 5.87412 9.3235 7.69968 10.3814 7.6937 7.1088 6.03545 7.33464 8.02447 9.21806 7.10448 6.93784 11.7375 6.46061 10.2987 6.02401 5.58292 5.50553 5.40457 5.53995 7.7686 5.37474
threshold=10.735000000000001 3025.0000000000005 2385.2750000000005 2049.1720000000005 67.635000000000005 2938.0500000000006 0.017866322577812052 0.75981319901500954 0.040631126625298754 0.14389233954451344 0.28038674033149175 1119.7250000000004 0.041381278538812759 185.73500000000004 0.041960093896713561 0.78910868463129191 166.69500000000002 14.21499999999992 322.91666666666669 0.03279197353854401 145.99500000000003 129.99999999999991 0.08514492753623186 7.5000000000000009 0.17572448568272467 3933.2450000000003 225.33000000000001 -286.24999999999972 128.54500000000004 0.76679701961963642
decision_type=2 2 2 2 2 2 2 2 2 2 2 2 2 2 2 2 2 2 2 2 2 2 2 2 2 2 2 2 2 2
left_child=1 2 3 -1 -3 -6 -7 -8 9 14 -10 -12 23 25 19 18 -17 -18 -16 24 21 22 -21 -13 29 26 27 -11 -29 -2
right_child=8 4 -4 -5 5 6 7 -9 10 13 11 12 -14 -15 15 16 17 -19 -20 20 -22 -23 -24 -25 -26 -27 -28 28 -30 -31
leaf_value=-0.019982278838076441 0.00092314783807267986 0.0952563830549778 -1.4471068292072766 0.033120776306713749 0.06932770815936351 0.78645094608476573 0.025136965459459759 -0.34078585070571138 0.68910451343242585 -0.10506777965372774 -1.4320690908031111 0.035202053761240748 -0.13933581487784111 -0.86100202200791642 0.083227330552194723 0.28975273626061671 0.20311967666847153 -0.16117359942178064 -0.41343597619486161 -0.4080862194423478 0.13991494796925111 -0.24082911600917464 0.14071788483773792 0.1256972060112318 -0.10764442614652002 0.023066859931188333 -0.30208849337596533 -0.2102954861841255 0.47728065897279692 0.05861043225341192
leaf_weight=22.434421807527542 3671.2838346213102 19.626664012670517 32.192902356386185 27.219894558191299 23.178774058818817 25.941988587379456 21.047130465507507 46.697379022836685 26.622444778680801 22.273723796010017 19.669654548168182 102.83242681622505 27.446561187505722 21.82929003238678 49.946703985333443 89.623591035604477 20.133936300873756 24.893978029489517 27.544192939996719 28.793701007962227 24.263872683048248 57.988651260733604 30.098736867308617 26.397872641682625 23.708647474646568 20.110980167984962 31.302333906292915 21.421617567539215 34.164259716868401 158.73925137519836
leaf_count=37 7520 41 64 53 60 57 38 105 56 50 42 203 63 51 92 165 39 53 51 56 46 117 59 44 56 45 62 49 89 257
internal_value=0.000152136 -0.00764941 -0.0223721 -0.0083324 0.00117904 -0.00387333 -0.0113512 -0.0202282 0.000525595 0.000138362 0.00884021 0.00505637 0.00935481 -0.0120645 0.000576649 0.00879483 0.0158477 -0.00137269 -0.00346052 0.000140234 -0.0107475 -0.017317 -0.00565226 0.014461 0.000539004 -0.00760795 -0.0120369 -0.00498267 0.00346002 0.000688735
internal_weight=4779.43 218.339 81.8472 49.6543 136.492 116.865 93.6865 67.7445 4561.09 4358.12 202.969 176.347 156.677 151.102 4207.02 212.142 134.652 45.0279 77.4909 3994.88 141.145 116.881 58.8924 129.23 3853.73 129.273 109.162 77.8596 55.5859 3830.02
internal_count=9720 455 154 90 301 260 200 143 9265 8857 408 352 310 346 8511 400 257 92 143 8111 278 232 115 247 7833 295 250 188 138 7777
is_linear=0
shrinkage=0.05


Tree=221
num_leaves=31
num_cat=3
split_feature=37 43 59 71 71 32 109 89 45 56 38 42 65 70 38 30 101 28 39 45 98 72 18 38 52 65 17 35 23 47
split_gain=7.47009 5.42395 6.11851 10.6791 4.94039 7.68608 5.08853 8.40111 7.77578 8.42051 5.58332 5.30403 19.5917 11.1888 10.3254 8.06431 7.96951 8.43952 9.68023 7.68054 6.37473 12.8979 11.6067 7.70491 6.37275 5.82146 11.172 9.33433 6.487 7.934
threshold=895.00000000000011 -235.2049999999999 0.040631126625298754 159.01000000000002 205.27500000000003 2635.0000000000005 1.0000000180025095e-35 0.091966173361522172 -215.48999999999998 0.75015880956574532 2785.0000000000005 4085.0000000000005 0 1 6625.0000000000009 0.41337835392011618 0.39141494115371273 65.725000000000037 3905.0000000000005 -93.06500000000004 4113.1519274376433 111.57000000000001 0.44167360080657497 5615.0000000000009 274.4926870748298 2 0.25829970408822422 1565.0000000000002 3692.3850000000007 0.65057842661763454
decision_type=2 2 2 2 2 2 2 2 2 2 2 2 9 9 2 2 2 2 2 2 2 2 2 2 2 9 2 2 2 2
left_child=-1 2 3 -2 6 -6 11 10 -9 -10 -8 20 14 15 -13 -14 19 -18 24 -15 25 23 -23 -22 -19 26 -3 -28 29 -29
right_child=1 4 -4 -5 5 -7 7 8 9 -11 -12 12 13 16 -16 -17 17 18 -20 -21 21 22 -24 -25 -26 -27 27 28 -30 -31
leaf_value=-0.87400695663008188 -0.1131987820366156 0.96033592644226362 0.070960243240941176 0.021913516934628775 0.31567315352962172 -0.29157208939750667 0.31089379616750823 -0.12116319642117333 -0.46030194343748865 0.057009951084197041 -0.44419133332253441 -0.14372885716778114 0.0033757490809078307 0.015148486375662174 0.074269741069620282 -0.21230505305996986 5.3467220615810014 0.048240523725363006 -0.82810916329718798 -0.39276417738511782 -0.26386030140401856 3.7197794881340971 0.029679766291808109 0.081529127650868824 1.1112280942287016 0.00093601354102155207 0.022466700223845226 0.039615950606717125 -0.26456052301350752 -0.086700476583556008
leaf_weight=40.912281662225723 18.72878585755825 29.881882056593895 22.412654221057892 27.926365032792091 20.641052633523941 91.862913191318512 20.160372465848923 30.233845010399818 25.615533500909805 33.421425476670265 19.090324148535728 180.3196754604578 25.822031036019325 27.482349589467049 17.976302295923233 59.792584210634232 50.287150412797928 118.56353469192982 19.046728312969208 20.579306051135063 71.726920068264008 33.446517676115036 31.500909760594368 23.607281938195229 20.267060458660126 3231.5603582859039 24.351695626974106 241.56399658322334 20.171745583415031 146.37555035948753
leaf_count=96 45 71 39 60 52 200 38 61 54 73 43 438 51 61 35 126 111 266 52 45 171 83 83 54 39 6307 39 481 51 307
internal_value=0.000380901 0.000565902 0.0144743 0.00415975 0.000358663 -0.00999113 0.000616109 -0.00919049 -0.0176671 -0.00710686 0.0100884 0.000902925 -0.00373732 0.00361081 -0.0157905 -0.0112285 0.00880468 0.0133854 0.00770351 -0.00920347 0.00155322 0.0113151 0.0284994 -0.000391824 0.0122894 0.00112964 0.00631391 0.00440741 0.00261304 0.00405048
internal_weight=4745.33 4704.42 69.0678 46.6552 4635.35 112.504 4522.85 128.522 89.2708 59.037 39.2507 4394.32 540.137 341.841 198.296 85.6146 256.226 208.164 157.877 48.0617 3854.19 160.282 64.9474 95.3342 138.831 3693.91 462.345 432.463 408.111 387.94
internal_count=9632 9536 144 105 9392 252 9140 269 188 127 81 8871 1224 751 473 177 574 468 357 106 7647 391 166 225 305 7256 949 878 839 788
cat_boundaries=0 1 2 3
cat_threshold=2048200 32 917504
is_linear=0
shrinkage=0.05


Tree=222
num_leaves=31
num_cat=4
split_feature=49 65 49 65 45 69 51 72 5 52 42 49 73 46 36 65 49 38 13 102 26 17 36 30 26 46 32 24 58 19
split_gain=4.77544 11.0356 12.5465 9.60653 9.82591 10.6833 10.5306 10.8695 12.9735 9.98974 15.9812 9.82209 8.78271 8.71263 10.1382 8.49496 14.1823 11.4682 8.44359 8.28679 7.96964 9.01783 8.14284 7.74183 13.0554 9.988 9.16984 7.70209 7.65735 7.48393
threshold=0.068992236249123165 0 0.30384351587891045 1 -79.585000000000022 2 0.74410084994163717 30.015000000000004 0.56832298136645976 112.45630385487517 3975.0000000000005 0.042121841828960456 5166.0150000000003 0.71556392449235517 30.000000000000117 3 0.013218900544523451 2645.0000000000005 0.74342105263157909 0.17023809523809522 160.73000000000005 0.41587227599231491 29.999999999999321 0.50525710596921602 71.180000000000021 0.69459610574726682 2405.0000000000005 155.86500000000004 0.052630778198100407 216.33333333333329
decision_type=2 9 2 9 2 9 2 2 2 2 2 2 2 2 2 9 2 2 2 2 2 2 2 2 2 2 2 2 2 2
left_child=3 2 13 11 9 -6 7 -7 -9 12 -11 20 15 -2 29 16 17 -5 -13 -16 22 -22 -1 24 28 -25 -27 -3 -4 -15
right_child=1 27 23 4 5 6 -8 8 -10 10 -12 18 -14 14 19 -17 -18 -19 -20 -21 21 -23 -24 25 -26 26 -28 -29 -30 -31
leaf_value=-0.12184909435499379 0.21577718007962987 -0.21985129766669476 0.016020915295859341 -0.097439296121436314 0.070237013673666845 0.21387784529478965 -0.16644487960543186 -0.13776400855801629 1.0611475499510916 0.0028463052331439091 -0.25816980837734199 -0.022131813629407304 0.10235723278221087 -0.36721455375838447 0.037118602997696828 -0.50262296740848034 -0.47367588922542581 0.26223491555248163 -0.79447126287209791 0.10828862171228551 -0.040373460823351338 0.68114354283526957 0.030897195467748873 0.19442269726564165 0.41312477039993567 -0.22878161312499082 0.023026367251079451 0.0014725150409976352 -0.11060506098877952 0.055474903173435314
leaf_weight=22.788441583514214 46.882429018616676 98.823730751872063 115.26476527750492 57.425835788249969 155.42532341182232 113.97888939082623 248.77272228896618 133.61942452192307 45.472872272133827 474.99631072580814 90.211605370044708 59.49624690413475 18.404754742980003 23.710421055555344 121.29633688926697 207.27017019689083 40.12677089869976 78.81595154106617 23.979797229170799 68.703915446996689 189.47629100084305 32.713088974356651 860.96804942190647 26.875194609165192 49.198925077915192 67.584293782711029 27.334630072116852 1207.2150857746601 55.826405599713326 22.055150061845779
leaf_count=56 91 208 190 152 300 224 568 289 122 984 230 130 42 49 213 527 84 194 50 103 417 71 1903 40 68 95 41 2124 115 42
internal_value=0.00058849 0.00250895 0.00791051 -0.000710756 -0.00315288 0.00135279 -0.00202814 0.00435648 -0.00332529 -0.00643351 -0.00214792 0.00271055 -0.0124583 0.0158323 0.0119177 -0.014077 -0.00488133 0.00253666 -0.0138049 0.0170064 0.00398164 -0.00448336 0.00610987 0.00159632 0.00718927 -0.0085197 -0.0161387 -0.000134376 0.000661984 -0.00920824
internal_weight=4784.71 1930.77 624.732 2853.94 1664.52 697.269 541.844 293.071 179.092 967.251 565.208 1189.42 402.043 282.648 235.766 383.639 176.369 136.242 83.476 190 1105.95 222.189 883.756 342.084 220.29 121.794 94.9189 1306.04 171.091 45.7656
internal_count=9722 3379 1047 6343 3716 1503 1203 635 411 2213 1214 2627 999 498 407 957 430 346 180 316 2447 488 1959 549 373 176 136 2332 305 91
cat_boundaries=0 1 2 3 4
cat_threshold=921706 149505 4 1061264
is_linear=0
shrinkage=0.05


Tree=223
num_leaves=31
num_cat=5
split_feature=44 48 29 58 5 44 65 73 23 77 58 58 27 52 59 3 37 58 24 58 69 28 89 70 24 74 76 73 35 3
split_gain=6.69924 10.4983 9.217 9.76346 8.85864 8.4979 8.08828 11.2408 10.8516 7.28567 6.74553 9.84996 6.70685 10.679 15.4285 8.50643 8.92492 8.21929 7.60351 7.74484 6.52697 9.51867 8.81912 10.5848 7.21751 7.17545 6.65114 6.89916 6.48812 6.35021
threshold=21.974999999999913 0.97143300184192205 193.33500000000006 0.069180410603304612 0.38278388278388281 -6.9999999999998854 0 1102.4900000000002 2155.4250000000006 0.98665151912426097 0.019855343262466553 0.032927848001303002 12.470000000000002 320.50388888888898 0.011494009376641452 1 2465.0000000000005 0.024418176530453205 149.10500000000005 0.05614500321046751 2 66.705000000000013 0.014599317988064752 3 194.51000000000002 3986.7800000000002 4600.3650000000007 2691.8450000000007 3165.0000000000005 4
decision_type=2 2 2 2 2 2 9 2 2 2 2 2 2 2 2 9 2 2 2 2 9 2 2 9 2 2 2 2 2 9
left_child=1 2 3 4 -1 -6 7 9 -9 -2 -7 -12 13 15 -15 -8 -17 20 19 -19 22 25 23 26 -25 -22 27 -14 -23 -3
right_child=6 29 -4 -5 5 10 12 8 -10 -11 11 -13 17 14 -16 16 -18 18 -20 -21 21 28 -24 24 -26 -27 -28 -29 -30 -31
leaf_value=-0.22220046359931445 -0.78842706671752161 -0.0039564637514708069 0.022958616585819415 0.14993860712532767 -0.17248752544457063 0.12447021068476261 -0.15768708314848681 0.12650683242184754 -0.034341008656861051 -0.0042937222940572896 -0.22980895368974574 0.12698357886613679 -0.075859242417250533 0.09077284011592468 -0.67283883592665861 0.33709115079642804 -0.1415864526990461 -0.200563260653459 -0.020065744540212906 -1.11965949815175 2.4903083829273971 0.062438046845407769 0.201463729116586 -0.2498754107178229 0.44590341326087785 -0.0060824228565312666 0.097989453353848441 -1.0135551485428167 -0.027216818322443714 0.011512026377407381
leaf_weight=153.239098072052 56.425680458545685 365.92597189545631 82.521957650780678 42.475890725851059 37.861247703433037 39.711113914847374 51.031526669859886 96.619231879711151 453.80057416856289 44.985202088952065 39.270032718777657 38.784513905644417 44.850875571370125 35.101728305220604 47.540684029459953 254.76349967718124 41.44679357111454 32.682296857237816 750.75750704109669 22.801723450422287 72.943158105015755 56.188566148281097 25.270467877388 19.862903416156769 30.997572839260101 20.419660776853561 18.569670975208282 50.635792821645737 100.07986676692963 1637.8532622158527
leaf_count=307 115 647 123 106 78 87 130 227 1085 78 94 106 88 64 89 616 99 66 1655 34 150 122 53 38 57 34 35 116 236 2936
internal_value=0.000335825 0.00216779 -0.00488388 -0.00841578 -0.0115067 -0.00310419 -0.00158261 -0.00625889 -0.00353655 -0.0216519 0.00352059 -0.00501484 0.000271875 0.00565859 -0.0104952 0.00950314 0.0125167 -0.00158433 -0.00458365 -0.0224448 0.00391378 0.00902116 -0.00310121 -0.00747896 0.0107281 0.0220141 -0.0152054 -0.0218631 0.00183579 0.00369464
internal_weight=4765.42 2437.64 433.864 351.342 308.866 155.627 2327.77 651.831 550.42 101.411 117.766 78.0545 1675.94 429.884 82.6424 347.242 296.21 1246.06 806.242 55.484 439.819 249.631 190.187 164.917 50.8605 93.3628 114.056 95.4867 156.268 2003.78
internal_count=9671 4484 901 778 672 365 5187 1505 1312 193 287 200 3682 998 153 845 715 2684 1755 100 929 542 387 334 95 184 239 204 358 3583
cat_boundaries=0 1 2 3 4 5
cat_threshold=1574090 1026 12 100 34
is_linear=0
shrinkage=0.05


Tree=224
num_leaves=31
num_cat=3
split_feature=43 27 61 60 89 37 104 35 49 28 31 58 54 28 33 65 18 101 71 28 18 18 99 39 82 99 99 97 28 75
split_gain=6.42591 6.88302 6.80747 10.0192 9.67504 9.75508 8.54864 8.39803 12.475 9.70697 15.4458 9.10352 9.03194 10.9529 10.0306 8.19303 9.86294 7.69341 8.17299 7.61959 9.1469 7.28551 7.87058 8.02228 7.13347 7.08689 9.45773 8.20668 6.93125 9.14821
threshold=-244.35500000000002 161.72000000000003 0 1 0.013606071825249902 3905.0000000000005 0.30089635208961657 2655.0000000000005 -0.017542199001580144 44.920000000000002 2145.0000000000005 0.015629892785309255 -50.924804704933386 181.45500000000001 145.00000000000003 2 0.46062152180257426 0.95396891377863036 109.56500000000001 206.18000000000004 0.25227811690768337 0.51407302507150654 78.226031746031836 3415.0000000000005 4247.3565000000008 61.599863945578257 25.221247165532763 2097.7324263038554 102.02000000000001 5594.7900000000009
decision_type=2 2 1 1 2 2 2 2 2 2 2 2 2 2 2 9 2 2 2 2 2 2 2 2 2 2 2 2 2 2
left_child=1 -1 3 6 5 7 -2 8 -4 -10 12 -9 14 25 -11 -8 -17 18 -12 20 -5 22 -13 -24 -6 26 -14 -27 -22 -30
right_child=2 -3 4 19 24 -7 15 11 9 10 17 21 13 -15 -16 16 -18 -19 -20 -21 28 -23 23 -25 -26 27 -28 -29 29 -31
leaf_value=0.049262144911749323 -0.36214739677579078 0.0042400729024933527 -0.12862708510818963 -0.080830429132224074 0.0023542690134107148 0.18044094896410032 0.0029005122444727451 0.16050797124096211 -0.25320868884751635 -0.0053176922490074221 0.064174521805986734 -0.11765582067727678 0.0039971795134079004 -1.019558701618007 0.23579886325073929 0.057962690419439869 0.42898202821545584 1.3698239112325965 -0.002519053687593953 0.015566456261976926 0.20905578614335668 -0.16432261092897615 -0.082065637122563831 0.29578496937912746 0.13541346715766167 0.15038941519817328 -0.031572317476437205 -0.2538741390628147 -0.0052923636839715023 -0.27938822212953202
leaf_weight=29.528805702924728 34.261743411421776 33.897880017757416 120.27458025515079 51.437825217843056 1779.8771223127842 49.435046657919884 277.01744812726974 36.277918964624405 25.612830832600594 44.127245560288429 37.229189559817314 527.11977477371693 57.870645880699158 32.799430847167969 54.127608865499496 307.7172379642725 90.263585388660431 25.260501503944397 33.306133896112442 70.125898063182831 51.671696364879608 79.970203384757042 82.433124244213104 37.63408750295639 18.997652277350426 61.729950025677681 31.18020823597908 17.711312144994736 639.60476996004581 20.997615545988083
leaf_count=53 95 83 251 94 3724 97 462 90 54 84 72 1186 95 68 81 574 142 53 73 108 114 170 200 91 38 139 53 41 1241 43
internal_value=0.000243939 0.0160523 3.04258e-05 0.00275162 -0.00130135 -0.00449371 0.00706523 -0.0053198 -0.000555441 0.00350215 0.00543473 -0.00869745 -0.000154226 -0.00622009 0.0122727 0.00840156 0.0128631 0.022911 0.0144314 -0.000990388 -0.0024506 -0.00991698 -0.0081577 0.00339546 0.00110169 -0.00107415 -0.0107594 0.00978271 -0.00098012 -0.00235958
internal_weight=4759.5 63.4267 4696.07 1543.1 3152.97 1354.1 709.26 1304.66 541.23 420.955 395.342 763.435 299.546 201.292 98.2549 674.998 397.981 95.7958 70.5353 833.838 763.712 727.157 647.187 120.067 1798.87 168.492 89.0509 79.4413 712.274 660.602
internal_count=9669 136 9533 2873 6660 2898 1273 2801 1064 813 759 1737 561 396 165 1178 716 198 145 1600 1492 1647 1477 291 3762 328 148 180 1398 1284
cat_boundaries=0 1 2 3
cat_threshold=2 3 591114
is_linear=0
shrinkage=0.05


Tree=225
num_leaves=31
num_cat=2
split_feature=23 65 22 59 72 59 5 38 29 33 38 14 43 37 35 25 22 43 74 57 18 56 59 82 28 39 38 3 6 73
split_gain=7.40099 12.5274 13.4072 10.7909 9.58239 8.34778 7.49666 7.27861 6.69026 7.23922 6.66832 6.80224 6.65341 6.34254 12.6193 10.7094 8.00498 8.22993 7.64368 6.82471 8.08936 9.58348 6.66887 10.8418 7.32778 7.23349 10.4354 9.65447 11.0729 9.36652
threshold=4118.5650000000014 0 6870.9750566893426 0.013523949518943651 87.075000000000003 0.024604459322622105 0.28869047619047622 6425.0000000000009 114.48 625.00000000000011 5605.0000000000009 0.13961038961038957 23.920000000000076 1025.0000000000002 2675.0000000000005 2317.5700000000002 5530.7482993197291 -104.04999999999994 1479.0500000000004 0.96750088394520606 0.39508805506869021 0.20610153952582003 0.016230307471551051 4142.6940000000004 221.88000000000002 3375.0000000000005 4585.0000000000009 1 7.5000000000000009 2908.2600000000007
decision_type=2 9 2 2 2 2 2 2 2 2 2 2 2 2 2 2 2 2 2 2 2 2 2 2 2 2 2 9 2 2
left_child=13 3 -3 7 8 6 -6 10 9 -4 11 -2 -8 14 15 16 17 18 -1 20 21 -19 23 25 -24 27 -27 28 -15 -30
right_child=1 2 4 -5 5 -7 12 -9 -10 -11 -12 -13 -14 22 -16 -17 -18 19 -20 -21 -22 -23 24 -25 -26 26 -28 -29 29 -31
leaf_value=-0.014375772118278007 -0.034707134303044999 -4.167220215743126 0.61017028422608921 -0.37929507587865818 0.60933752556426757 -0.08728699539814358 -0.099124691529327444 0.087560545034975068 -0.014304443263760193 -0.080688763592085877 -0.32615984882457955 0.064405254804362502 0.071767936455010783 0.0025816973967124571 -0.1759867506324426 0.0541277077099096 0.23413495030605702 0.053096364548569856 0.047423115939944263 -0.19975684850699624 0.011310045965208191 -0.38305750993111048 0.011227440708599002 -0.24992219419804798 -0.67318957809340751 0.53963638950008919 0.0095987381568264155 -0.027422651851563274 4.52896832922836 -0.021884627656648094
leaf_weight=31.335873633623123 17.693221047520638 20.962118968367577 70.712380111217499 63.386670395731926 34.047496631741524 40.552677899599075 85.990616336464882 17.483525052666664 62.404447734355927 25.77975270152092 43.937398806214333 21.58635139465332 24.083947092294693 485.88477070629597 92.919320002198219 85.156768903136253 41.517013266682625 17.137299418449402 48.354337453842163 87.71996209025383 59.651204988360405 26.416569352149963 1672.3160951882601 30.803752481937408 20.838209569454193 39.093249499797821 404.1832040399313 1047.519978120923 52.188879042863846 22.298143804073334
leaf_count=51 43 53 159 170 73 67 179 35 161 58 110 47 61 1144 192 216 77 38 79 151 102 58 3187 60 39 71 819 2068 128 52
internal_value=-0.00045109 -0.00603158 -0.00060324 -0.0170173 0.00174874 -0.0059968 -0.00035788 -0.00788144 0.0107509 0.0190017 -0.0140429 0.000926511 -0.00670005 0.000240524 -0.00511005 -0.00123036 -0.00551821 -0.00865451 0.00484198 -0.0142878 -0.00557257 -0.0219548 0.000935308 -0.000959832 0.00326565 -0.000517666 0.00513736 -0.00207669 0.00320115 0.0212093
internal_weight=4793.96 528.621 364.533 164.087 343.571 184.675 144.122 100.7 158.897 96.4921 83.217 39.2796 110.075 4265.33 490.208 397.289 312.132 270.615 79.6902 190.925 103.205 43.5539 3775.13 2081.97 1693.15 2051.17 443.276 1607.89 560.372 74.487
internal_count=9748 1216 811 405 758 380 313 235 378 217 200 90 240 8532 964 772 556 479 130 349 198 96 7568 4342 3226 4282 890 3392 1324 180
cat_boundaries=0 1 2
cat_threshold=1786050 1040
is_linear=0
shrinkage=0.05


Tree=226
num_leaves=31
num_cat=1
split_feature=25 31 53 52 101 36 27 54 102 24 48 25 101 29 50 12 5 101 29 48 28 18 33 29 22 3 96 52 38 28
split_gain=9.25583 11.6202 10.7637 8.82366 8.71412 12.2598 16.2254 9.29584 13.617 12.808 9.6918 8.25858 14.2558 13.4067 8.15297 7.39148 18.2673 7.27606 7.03494 6.7379 9.17612 9.09929 8.5408 7.00141 6.82422 11.0077 13.691 10.0246 9.94382 10.2458
threshold=1662.2850000000001 1215.0000000000002 -21.221985513893273 0.94049886621314738 0.84731894636848437 384.99999999999994 48.640000000000008 -30.836139031466406 0.60952380952380969 215.67500000000004 0.95834594283888574 1531.1550000000002 0.47607588951931484 187.28000000000003 0.11601186955559577 1.0000000180025095e-35 0.56832298136645976 0.54318022027758917 171.27500000000003 0.9448622916191457 36.820000000000014 0.54583121793634193 359.99999999999994 227.94000000000003 5468.2539682539691 0 4148.0725623582775 247.31854875283469 3255.0000000000005 145.20000000000002
decision_type=2 2 2 2 2 2 2 2 2 2 2 2 2 2 2 2 2 2 2 2 2 2 2 2 2 9 2 2 2 2
left_child=2 -2 3 -1 7 6 18 8 9 11 -9 12 14 -14 -5 19 -17 -11 -6 20 -3 23 -23 24 -21 26 -26 -28 29 -27
right_child=1 15 -4 4 5 -7 -8 10 -10 17 -12 -13 13 -15 -16 16 -18 -19 -20 21 -22 22 -24 -25 25 28 27 -29 -30 -31
leaf_value=0.13850892131037204 -0.4760696849399203 -0.40717238372535719 -0.36365566276119099 0.12049538088925189 -0.32917232332637419 0.02270706729162697 0.47174714881521229 -0.014700700094410026 0.39423277215459085 0.00089376326298413751 0.12348831973940406 0.082188037522205104 -0.18130023456990474 0.011659973358734988 0.012824598213892459 -1.8724045352487182 0.19699086570979463 -0.33157828591083388 -0.10447960138612018 -0.024616618855709052 -0.021215050277635331 0.095089572155104926 0.0074852875960981892 0.22344754805277278 0.019764042225455115 -0.020884945198297977 -0.0018291761386265649 -0.39018192783133832 -0.0035638110592856268 -1.7595146821433929
leaf_weight=36.711223587393761 19.430087208747864 37.204703778028488 28.428201854228973 30.023496195673943 54.931705981492996 81.836711943149567 35.097218334674835 27.994812771677971 40.567327529191971 28.283302515745163 68.300361067056656 75.301910236477852 39.324909642338753 49.246305018663406 52.623576149344444 62.56413821876049 75.022779047489166 54.579088747501373 38.10776698589325 533.14201393723488 744.53343179821968 55.9080870449543 73.290041089057922 60.118574202060699 1074.1874388158321 64.136756062507629 139.95043559372425 46.778278395533562 976.31357841193676 65.364728972315788
leaf_count=51 33 76 43 42 91 123 64 55 57 46 86 104 61 70 74 135 174 82 64 1149 1753 106 188 91 2216 126 313 104 1960 151
internal_value=0.00015622 -0.000788759 0.00529048 0.00649354 0.00519748 -0.00326043 -0.0129157 0.0090065 0.00540455 0.00203806 0.0228446 0.00775432 0.00168522 -0.0122514 0.0166209 -0.000601785 -0.0119902 -0.0149682 -0.0238436 -0.000197 -0.00434383 0.000852381 0.0138412 0.000285445 -6.46877e-05 0.00108652 0.00426044 -0.00820202 -0.00254805 -0.0155896
internal_weight=4769.3 4027.95 741.358 712.93 676.218 209.973 128.137 466.245 369.95 329.383 96.2952 246.52 171.218 88.5712 82.6471 4008.51 137.587 82.8624 93.0395 3870.93 781.738 3089.19 129.198 2959.99 2899.87 2366.73 1260.92 186.729 1105.82 129.501
internal_count=9688 8575 1113 1070 1019 342 219 677 536 479 141 351 247 131 116 8542 309 128 155 8233 1829 6404 294 6110 6019 4870 2633 417 2237 277
cat_boundaries=0 1
cat_threshold=1044
is_linear=0
shrinkage=0.05


Tree=227
num_leaves=31
num_cat=1
split_feature=22 18 58 58 58 74 96 59 56 26 36 101 85 58 49 26 99 49 52 77 49 49 54 33 38 75 31 69 5 31
split_gain=4.0945 7.23442 8.65136 12.1106 10.2637 9.12419 8.22814 8.21417 8.19904 7.5605 9.56912 8.30184 9.66133 8.24344 7.55405 8.27582 7.18579 6.92496 6.38696 6.32141 9.59236 6.10273 10.2491 5.79251 5.15659 6.17109 5.11515 10.6177 22.9702 10.5799
threshold=5468.2539682539691 0.43162328835855751 0.037714448510887753 0.027219885699462352 0.047051379020624305 1536.8950000000002 1499.0929705215424 0.019943762686163102 0.73616184232037363 49.405000000000008 559.99999999999989 0.5998545163801573 -27.806585570838568 0.049631314258596758 0.068992236249123165 13.000000000000002 18.966383219954427 -0.024085963402902946 3.8791269841267426 0.72687136515157114 0.022761580126742353 0.016378672389556152 -44.020374835929168 180.00000000000014 2235.0000000000005 1537.2100000000003 3395.0000000000005 0 0.093073593073593072 2985.0000000000005
decision_type=2 2 2 2 2 2 2 2 2 2 2 2 2 2 2 2 2 2 2 2 2 2 2 2 2 2 2 9 2 2
left_child=1 2 3 23 5 -4 -7 9 -9 11 17 -3 -13 -12 15 -6 24 -11 -17 20 -19 -10 -23 -1 -16 -26 27 28 -2 -29
right_child=26 7 4 -5 14 6 -8 8 21 10 13 12 -14 -15 16 18 -18 19 -20 -21 -22 22 -24 -25 25 -27 -28 29 -30 -31
leaf_value=0.055532128547535115 7.1655301985289785 0.20444103441670408 -0.085296585623914831 -0.32507581618638426 -0.69943899525954123 0.1614202484406711 0.0060506365423705693 -0.10143636237073964 0.53598263252355882 -0.10317759620307072 -0.38296078478437751 -0.13395647149258672 0.039415569303061559 0.057020924901709694 0.037214347529489093 -0.69217634461144117 0.072120570983121371 -0.043391347368438464 -0.0085969833159617176 0.27042450032274418 0.29867523700608561 0.42247103526031826 -0.11828987305519548 -0.23336298621057383 -0.26001235478435486 5.066591798799417e-05 -0.0092217129936344126 -0.012996236915519876 0.015963879504294454 0.11151703555759412
leaf_weight=26.1393733471632 29.335690453648567 28.461013182997704 24.776985675096512 64.568024680018425 36.234277918934822 37.411398470401764 31.457027435302734 20.187567830085754 71.261291116476059 24.429862022399902 36.835007682442665 100.65188634395599 40.80766949057579 22.402237430214882 24.219172820448875 30.712765008211136 25.257959514856339 37.922929093241692 126.96524676680565 75.120050325989723 25.18604139983654 40.6754040569067 21.537167727947235 25.431884765625 25.733041420578957 25.384959146380424 1196.2138869613409 967.65808217227459 1385.9858285337687 111.76005847752094
leaf_count=53 94 49 45 126 78 65 70 44 120 62 76 181 63 46 45 69 47 102 277 150 51 74 42 55 45 48 2717 1661 2838 256
internal_value=-0.000206302 -0.00296161 -0.00727852 -0.019251 -0.00369624 0.0107224 0.0200837 0.00102935 0.010827 -0.00281307 0.00326481 -0.0107501 -0.0157073 -0.0139409 -0.00828098 -0.0140486 0.00283701 0.0095308 -0.009097 0.0138679 0.00220224 0.0153187 0.0038762 -0.00118474 -0.00490072 -0.0139048 0.000577355 0.00186626 0.00469551 -0.0018696
internal_weight=4740.72 1049.77 504.292 116.139 388.153 93.6454 68.8684 545.478 153.661 391.817 221.896 169.921 141.46 59.2372 294.507 193.912 100.595 162.659 157.678 138.229 63.109 133.474 62.2126 51.5713 75.3372 51.118 3690.95 2494.74 1415.32 1079.42
internal_count=9649 2083 1023 234 789 180 135 1060 280 780 487 293 244 122 609 424 185 365 346 303 153 236 116 108 138 93 7566 4849 2932 1917
cat_boundaries=0 1
cat_threshold=76
is_linear=0
shrinkage=0.05


Tree=228
num_leaves=31
num_cat=2
split_feature=99 65 69 50 38 53 74 54 24 48 82 18 59 99 54 54 72 53 4 104 104 58 48 73 106 8 104 50 17 76
split_gain=5.87371 9.31819 9.05524 9.53817 8.12768 7.1252 7.56968 7.09739 6.23273 6.11882 6.69918 5.83054 5.80643 5.12248 5.87229 11.0034 6.11141 6.55253 5.69827 5.72102 6.07831 5.7881 6.46358 5.25982 5.19141 4.59084 5.64076 4.26018 5.42557 5.62325
threshold=78.787959183673607 0 1 -0.0030676859482598497 2755.0000000000005 -29.977725127572686 4146.9100000000008 -30.166292076351898 149.78500000000003 0.99916140395377429 2499.7250000000008 0.65432383454688614 0.016325484590990005 78.226031746031836 -20.859284622408861 -21.167067452204659 166.25000000000003 -19.391353008985934 1.5000000000000002 0.99931503397425947 0.98499965712376947 0.021257826590562651 0.91962289328560354 5555.7900000000009 1.0000000180025095e-35 1.5000000000000002 0.87652736836409606 -0.30433350316800506 0.28053075594168136 3773.8900000000008
decision_type=2 9 9 2 2 2 2 2 2 2 2 2 2 2 2 2 2 2 2 2 2 2 2 2 2 2 2 2 2 2
left_child=11 2 3 -2 -4 -6 12 -5 -3 10 -10 13 25 14 15 23 17 -16 -15 20 21 -20 -23 27 -24 26 -7 28 -1 -30
right_child=1 8 4 7 5 6 -8 -9 9 -11 -12 -13 -14 18 16 -17 -18 -19 19 -21 -22 22 24 -25 -26 -27 -28 -29 29 -31
leaf_value=0.015172025518280931 1.4409173700761444 0.53639966201656752 -0.12838540800663908 0.50918350089738096 -0.34130166812050505 0.30786720534913603 -0.14999169362549908 -0.13075202424321861 0.17626598581825023 -0.13030523227250157 -0.60419964464575393 -0.049481322689960909 -0.65597235452714253 -0.098570911358122265 -1.0125760041231018 0.84444115260177322 -0.41890326946669348 0.00092251563327163343 0.55277053803970055 0.9453528451627804 -0.3263505982824782 -0.3442763602380467 -0.024281356874112703 -0.203574624134572 0.19952366728188908 0.52798223782412679 -0.08201772494534848 0.0030435059286980696 -0.046464252786289253 -0.39742262277438134
leaf_weight=59.804519906640053 39.357328236103058 19.747276455163956 35.363985776901245 21.436029881238937 35.237769722938538 21.585715979337692 21.010969638824463 29.828626811504364 28.179546147584915 126.55284801125526 20.148544535040855 66.408499673008919 17.198280170559883 37.134859412908554 25.568784862756729 32.531451269984245 22.243540778756142 84.792769506573677 41.339504152536392 19.649088323116302 18.421297341585159 17.360147267580032 17.722369790077209 33.488570064306259 41.401079311966896 31.349190309643745 19.388391867280006 3715.6348733007908 58.380843549966812 18.144971862435341
leaf_count=114 86 42 93 44 82 50 49 62 75 256 49 136 36 89 62 65 43 191 82 38 41 46 42 76 100 76 45 7383 124 41
internal_value=7.54142e-05 -0.00525478 0.000925775 0.013039 -0.00549964 -0.000586527 0.00565503 0.000264753 -0.0132513 -0.0169389 -0.00180433 0.00065219 0.0119941 0.000882244 0.000503022 0.00085326 -0.00984521 -0.00502624 0.00884 0.0130328 0.00939532 0.0135712 0.00542375 0.000610804 0.0133 0.0182037 0.00718485 0.000782335 -0.00789853 -0.0167163
internal_weight=4776.41 466.385 271.756 90.622 181.134 145.77 110.533 51.2647 194.628 174.881 48.3281 4310.03 89.5216 4243.62 4050.59 3917.99 132.605 110.362 193.028 155.893 136.244 117.823 76.4836 3885.45 59.1234 72.3233 40.9741 3851.97 136.33 76.5258
internal_count=9718 1045 623 192 431 338 256 106 422 380 124 8673 207 8537 8099 7803 296 253 438 349 311 270 188 7738 142 171 95 7662 279 165
cat_boundaries=0 1 2
cat_threshold=1730849 4
is_linear=0
shrinkage=0.05


Tree=229
num_leaves=31
num_cat=2
split_feature=26 19 65 57 15 24 33 28 24 18 76 50 99 59 76 32 28 61 32 22 28 36 39 36 95 37 35 49 44 39
split_gain=6.57503 11.2933 9.31495 11.4471 11.5219 15.0788 10.1544 8.67833 10.6392 13.3227 7.98387 7.98241 8.31901 9.97061 7.74357 10.3694 7.60151 6.67429 6.38766 6.26036 7.90899 7.07115 5.83233 6.14615 5.38601 5.34162 6.64483 10.2882 8.69091 5.32901
threshold=18.725000000000005 91.8333333333333 0 0.76563736955976458 0.19090909090909094 208.52500000000003 35.000000000000121 174.69000000000003 202.27500000000003 0.48977606860641493 2153.7850000000003 0.16501424600563439 8.1158616780045367 0.015225709318911001 3341.8100000000009 1565.0000000000002 197.26500000000001 1 2285.0000000000005 5468.2539682539691 171.08000000000001 250.00000000000026 675.00000000000011 35.000000000000121 2394.1800000000003 1025.0000000000002 1505.0000000000002 1.0000000180025095e-35 -3.2300000000001314 3655.0000000000005
decision_type=2 2 9 2 2 2 2 2 2 2 2 2 2 2 2 2 2 1 2 2 2 2 2 2 2 2 2 2 2 2
left_child=1 22 3 4 5 -3 -5 17 9 10 -9 12 -12 24 15 -8 -10 -4 -15 21 29 -19 23 -1 -14 -18 -27 -28 -29 -21
right_child=-2 2 7 6 -6 -7 14 8 16 -11 11 -13 13 18 -16 -17 25 19 -20 20 -22 -23 -24 -25 -26 26 27 28 -30 -31
leaf_value=0.55885176361260136 -0.0030581408396784583 0.15266077395782532 -0.023460784395252433 -0.25790527865155471 -0.62388921043391443 -0.065641947568245845 0.061600758293748829 -0.80539961291593731 0.1833697875020775 0.21267427801866817 -0.27141565171146881 0.042958725678044374 0.0029637316680201312 0.10723730042209639 0.055264387843813982 -0.40037180997040739 -0.090288293048902804 0.068362367137530106 -0.0010669516991590911 0.087717549441558171 0.25276147360843026 -1.0622009737518459 -1.0766882725364426 -0.50250107574073721 -0.1921313889425548 0.036597995601235313 -0.075399397916371846 0.13280844118111476 0.0062699860155767343 -0.077140071138050825
leaf_weight=16.52788278460503 3569.7256915271282 39.454191356897354 37.946821630001068 39.796717926859856 37.116805016994476 22.504153490066528 30.975625991821289 40.097271174192429 37.309071555733681 36.747213035821915 54.677556276321411 29.379161342978477 21.921018540859222 24.333497226238251 46.190347507596016 31.441838592290878 40.160663887858391 22.919775247573853 32.770700186491013 179.23987613618374 64.572672575712204 20.842638716101646 24.775186836719513 13.426930904388426 35.276729017496109 42.989297807216644 29.804346114397049 32.759326249361038 115.17688247561455 37.921617671847343
leaf_count=51 7478 70 65 86 77 41 42 79 61 55 126 50 33 36 74 57 69 43 69 332 103 41 61 36 73 54 68 47 204 69
internal_value=6.17571e-05 0.0031999 0.00422606 -0.00433999 -0.0176764 -0.00447906 0.00427096 0.00646619 0.00270394 -0.00438566 -0.00870431 -0.00459087 -0.00877316 -0.00110014 0.0121881 0.000703027 0.00924681 0.0125798 0.0136794 0.0148933 0.0176262 -0.00270076 -0.0190054 -0.00416132 -0.0158555 0.00622794 0.00927967 0.00501321 0.0104127 0.013058
internal_weight=4808.78 1239.06 1184.33 247.48 99.0751 61.9583 148.405 936.846 573.403 275.203 238.456 198.359 168.98 114.302 108.608 62.4175 298.2 363.443 57.1042 325.497 281.734 43.7624 54.73 29.9548 57.1977 260.891 220.73 177.741 147.936 217.161
internal_count=9750 2272 2124 447 188 111 259 1677 1024 521 466 387 337 211 173 99 503 653 105 588 504 84 148 87 106 442 373 319 251 401
cat_boundaries=0 1 2
cat_threshold=526384 1
is_linear=0
shrinkage=0.05


Tree=230
num_leaves=31
num_cat=2
split_feature=99 72 77 65 99 53 71 93 42 56 77 38 24 72 28 37 33 65 58 18 29 102 24 104 49 45 37 17 33 89
split_gain=6.2181 10.4167 8.91567 7.4748 7.83656 7.96218 7.4748 6.56038 6.32662 6.24345 9.20106 7.55455 6.14529 7.41413 5.91303 5.60597 6.82643 6.1839 12.9713 9.01053 9.38005 10.4715 8.41033 8.17287 9.22462 15.067 7.95776 12.7361 10.1058 8.74182
threshold=76.63315192743768 170.36500000000004 0.70154918848657399 0 76.742823129251647 -29.135230114585571 145.99500000000003 0.0029631255487269008 5535.0000000000009 0.96164978192694828 0.86314526302157757 4485.0000000000009 150.29500000000004 23.225000000000005 133.39500000000001 935.00000000000011 99.999999999999901 1 0.037140487081578154 0.42381887284739561 217.02000000000004 0.04880952380952381 283.05500000000006 0.90134465628071392 1.0000000180025095e-35 -221.39499999999995 1125.0000000000002 0.36681854302906075 250.00000000000026 0.4388104407359863
decision_type=2 2 2 9 2 2 2 2 2 2 2 2 2 2 2 2 2 9 2 2 2 2 2 2 2 2 2 2 2 2
left_child=8 3 -3 12 -5 6 7 -6 15 -4 11 -11 -2 -14 -9 16 -1 19 -19 20 -17 -22 23 24 25 -20 -21 28 -28 -29
right_child=1 2 9 4 5 -7 -8 14 -10 10 -12 -13 13 -15 -16 17 -18 18 22 26 21 -23 -24 -25 -26 -27 27 29 -30 -31
leaf_value=0.089035868483401268 0.50973258595772319 -0.43524408531126541 3.2338417711664564 -0.33548961465851906 -0.10006828909256492 0.045876164780938214 0.17082207970219754 -0.55538597267198087 -0.17449727062100495 -0.21045808258502208 -0.17799237743376681 0.16107140963229086 -0.28685931312520019 -0.025779969316472775 1.5270549751069424 -0.004322556023772961 -0.64766602984211341 -0.0038157213838115214 -0.83744334018253574 -0.00046367549298977908 -0.26210581101685337 -0.0022569804036578489 -0.055518035467568574 0.084559024009210559 0.037935891866610665 0.054034824870117862 0.086978548874012074 0.4079763695536503 -0.015459767535653413 0.24772337296834479
leaf_weight=30.746966391801834 33.179813578724861 104.31319135427475 17.277878388762474 32.13019286096096 135.3704659640789 461.90584188699722 45.9500872194767 17.170769289135933 33.516201928257942 23.48384316265583 23.606633588671684 29.478054687380791 97.23356331884861 238.12487585842609 31.562715515494347 1216.902514860034 48.549582436680794 511.5004191249609 43.598328232765198 543.10938337445259 25.084401309490204 32.404723346233368 49.72599795460701 226.71768070757389 227.0937786847353 74.226474821567535 171.0031071305275 63.102972522377968 147.74126848578453 50.428322240710258
leaf_count=65 69 254 43 69 287 986 108 38 79 59 51 82 214 540 100 2422 109 1000 114 985 47 51 96 421 408 165 335 119 299 97
internal_value=0.000214495 -0.00275119 -0.0132984 -0.000838356 0.0021207 0.00327085 -0.00432904 -0.00883168 0.00130965 -0.00211686 -0.00824309 0.00332866 -0.00653248 -0.0087406 0.00689913 0.00151896 -0.0116223 0.00182702 0.00481999 0.000297172 -0.0024698 -0.0222057 0.00971682 0.0114325 0.0065854 -0.00476655 0.00391541 0.00897763 0.00385557 0.023358
internal_weight=4786.24 1290.79 198.16 1092.63 724.09 691.96 230.054 184.104 3495.45 93.8464 76.5685 52.9619 368.538 335.358 48.7335 3461.94 79.2965 3382.64 1132.86 2249.78 1274.39 57.4891 621.362 571.636 344.919 117.825 975.385 432.276 318.744 113.531
internal_count=9712 2900 489 2411 1588 1519 533 425 6812 235 192 141 823 754 138 6733 174 6559 2204 4355 2520 98 1204 1108 687 279 1835 850 634 216
cat_boundaries=0 1 2
cat_threshold=804954 1583507
is_linear=0
shrinkage=0.05


Tree=231
num_leaves=31
num_cat=4
split_feature=56 56 25 35 76 61 15 23 65 42 26 74 52 101 56 45 76 104 58 44 65 53 104 101 30 74 45 32 37 65
split_gain=6.05933 6.25112 6.32306 6.23499 5.61451 5.77183 13.0245 12.4084 11.2791 12.9503 10.9896 9.09746 9.7887 10.7507 8.7714 8.57132 8.38455 9.7693 8.19097 8.00195 11.0585 9.40785 8.79337 9.55128 7.91941 11.7719 8.45806 8.65535 7.86808 6.80563
threshold=1.0000000180025095e-35 0.13139386189258312 1505.5400000000002 1895.0000000000002 6020.4000000000005 0 0.26136363636363641 1026.6150000000002 1 1105.0000000000002 17.090000000000003 1598.2000000000003 137.38060090703007 0.8700801838415404 0.90904368084336729 -93.06500000000004 2507.6750000000006 0.64306966228388629 0.058369955580757908 56.509999999999998 2 -26.319724962822022 0.91584836051614849 0.78450498453839146 0.72306165882154938 2036.5500000000002 -302.80999999999989 2935.0000000000005 1665.0000000000002 3
decision_type=2 2 2 2 2 1 2 2 9 2 2 2 2 2 2 2 2 2 2 2 9 2 2 2 2 2 2 2 2 9
left_child=-1 2 -2 -4 5 6 7 -3 18 -10 -8 -11 16 14 28 -16 17 -13 24 20 21 -12 23 -22 25 -9 -27 -28 -14 -7
right_child=1 4 3 -5 -6 29 10 8 9 11 19 12 13 -15 15 -17 -18 -19 -20 -21 22 -23 -24 -25 -26 26 27 -29 -30 -31
leaf_value=-0.2560283892418852 -0.049846010773916663 0.35917643960507634 1.0085434369480408 0.03880250764528697 0.26342695708665265 -0.020042470175686413 0.028357667374783804 -0.14296259901089778 -0.24543607166375025 0.17574649700909487 -0.014482883307320726 0.12232422038520668 -0.3383206257900952 0.61663080883018184 0.095518816072675261 -0.0021322454209112608 0.035797629324873979 -0.13846723497269695 0.30846853498209054 -0.010215433607957892 -0.37885274220510479 -0.31386218786794129 0.51833291796105241 0.032379831664921713 -0.2311772716130861 -0.072927366262976537 0.47706865939076271 -0.0016875373293427033 0.46863761648490226 0.00026499216882626192
leaf_weight=67.735756322741508 16.895423159003258 29.45996943116188 34.022180914878845 70.950509831309319 31.262942552566528 1027.3224825710058 231.44499661028385 57.54836368560791 20.825777888298035 92.547150120139122 31.670452147722244 25.663810968399048 20.058869779109955 58.205976963043213 112.44474567472935 45.848063349723816 155.5757350474596 43.282593637704849 25.254039257764816 183.77789011597633 28.729486271739006 81.957116916775703 37.130057439208031 26.008958980441093 25.215620756149292 28.852342009544373 43.366543084383011 46.557120740413666 24.213423132896423 2057.1559393256903
leaf_count=151 31 38 61 202 62 2161 373 86 27 150 61 50 43 103 176 68 321 84 49 428 63 153 67 55 41 53 84 88 51 4330
internal_value=-4.65099e-05 0.000166879 0.0113436 0.0159128 -0.000129783 -0.000274554 0.00229726 0.00629989 0.00516191 0.00867499 -0.00321559 0.010216 0.00747627 0.0140654 0.00862342 0.0141259 -0.000176713 -0.014691 -0.00430424 -0.0083455 -0.0151248 -0.0245657 -0.000697879 -0.0135142 -0.00785764 -0.00410951 0.00488315 0.0124409 -0.0110503 -0.00150493
internal_weight=4780.98 4713.25 121.868 104.973 4591.38 4560.12 1475.64 854.92 825.46 598.666 620.719 577.84 485.293 260.771 202.565 158.293 224.522 68.9464 226.794 389.274 205.496 113.628 91.8685 54.7384 201.54 176.324 118.776 89.9237 44.2723 3084.48
internal_count=9710 9559 294 263 9265 9203 2712 1512 1474 1073 1200 1046 896 441 338 244 455 134 401 827 399 214 185 118 352 311 225 172 94 6491
cat_boundaries=0 1 2 3 4
cat_threshold=2 68610 1319337 1145040
is_linear=0
shrinkage=0.05


end of trees

feature_importances:
vowel_class=322
row_ratio_in_wav=206
base_cons_gap=179
base_offset=170
next_base_pre=151
next_base_offset=150
file_mean_energy=147
base_cut_gap=147
row_index_in_wav=146
syllable_start_ms=144
base_cons=136
onset_patch_energy_mean=134
energy_slope_pre=130
spectral_flux_mean=129
alias_group=127
file_voiced_ratio=119
energy_slope_post=119
wav_duration_ms=116
base_pre=116
prev_base_pre=114
next_base_cutoff_abs=114
curr_vowel_start_ms=113
base_pre_to_expected_ms=110
curr_phone_len_ms=109
prev_base_offset=107
curr_phone_start_ms=102
syllable_end_ms=101
db_mean=101
words_vs_alias_score_margin=98
base_cutoff_abs=95
valley_dist_from_cutoff_ms=93
base_ovl_ratio=91
expected_anchor_ms=91
base_ovl=90
base_cutoff_to_next_anchor_ms=90
voicing_class=89
prev_base_cutoff_abs=88
tail_patch_energy_mean=88
base_offset_to_expected_ms=86
curr_vowel_end_ms=83
syllable_len_ms=80
file_mean_syllable_dur_ms=79
energy_mean=79
zcr_mean=79
prev_alias_type=78
mel_offset_candidate_ms=78
file_cv_ratio=77
file_cv_vc_balance=75
curr_phone_end_ms=73
mel_voiced_onset_to_pre_ms=71
curr_vowel_len_ms=70
file_row_count=68
file_vc_cv_ratio=68
mel_voiced_formant_ratio=68
energy_min=65
mapping_confidence=64
db_min=56
mel_vowel_nucleus_start_ms=56
file_cv_count=55
mel_vowel_nucleus_end_ms=52
mel_cutoff_candidate_ms=50
f0_voicing_mean=46
next_alias_type=44
alias_type=43
mel_voiced_onset_ms=42
onset_patch_voiced_ratio=39
file_vc_ratio=38
f0_voicing_near_pre=37
energy_max=36
mel_unvoiced_diffuse_ratio=30
file_vc_count=23
local_peak_db=17
file_vcv_count=15
onset_patch_unvoiced_ratio=15
valley_energy=13
coda_type=13
syllable_mel_unvoiced_conf=13
onset_class=10
local_valley_db=10
mel_window_energy_mean=9
tail_patch_silence_ratio=9
syllable_blank_confidence=9
file_mono_count=8
db_silence_ratio=8
mel_silence_sparse_ratio=8
blank_span_confidence=8
used_alias_occurrence_mapping=7
is_diphthong=6
is_nasal_or_sonorant=4
mel_breath_like_ratio=4
file_vv_count=3
is_tense=2
mora_position=2
used_exact_vowel_fix=2
syllable_mel_silence_conf=2
bridge_type=1
mel_window_silence_ratio=1
syllable_mel_voiced_conf=1

parameters:
[boosting: gbdt]
[objective: regression_l1]
[metric: l1]
[tree_learner: serial]
[device_type: cpu]
[data_sample_strategy: bagging]
[data: ]
[valid: ]
[num_iterations: 500]
[learning_rate: 0.05]
[num_leaves: 31]
[num_threads: 0]
[seed: 0]
[deterministic: 0]
[force_col_wise: 0]
[force_row_wise: 0]
[histogram_pool_size: -1]
[max_depth: -1]
[min_data_in_leaf: 40]
[min_sum_hessian_in_leaf: 0.001]
[bagging_fraction: 0.85]
[pos_bagging_fraction: 1]
[neg_bagging_fraction: 1]
[bagging_freq: 1]
[bagging_seed: 3]
[bagging_by_query: 0]
[feature_fraction: 0.85]
[feature_fraction_bynode: 1]
[feature_fraction_seed: 2]
[extra_trees: 0]
[extra_seed: 6]
[early_stopping_round: 0]
[early_stopping_min_delta: 0]
[first_metric_only: 0]
[max_delta_step: 0]
[lambda_l1: 0]
[lambda_l2: 0]
[linear_lambda: 0]
[min_gain_to_split: 0]
[drop_rate: 0.1]
[max_drop: 50]
[skip_drop: 0.5]
[xgboost_dart_mode: 0]
[uniform_drop: 0]
[drop_seed: 4]
[top_rate: 0.2]
[other_rate: 0.1]
[min_data_per_group: 100]
[max_cat_threshold: 32]
[cat_l2: 10]
[cat_smooth: 10]
[max_cat_to_onehot: 4]
[top_k: 20]
[monotone_constraints: ]
[monotone_constraints_method: basic]
[monotone_penalty: 0]
[feature_contri: ]
[forcedsplits_filename: ]
[refit_decay_rate: 0.9]
[cegb_tradeoff: 1]
[cegb_penalty_split: 0]
[cegb_penalty_feature_lazy: ]
[cegb_penalty_feature_coupled: ]
[path_smooth: 0]
[interaction_constraints: ]
[verbosity: -1]
[saved_feature_importance_type: 0]
[use_quantized_grad: 0]
[num_grad_quant_bins: 4]
[quant_train_renew_leaf: 0]
[stochastic_rounding: 1]
[linear_tree: 0]
[max_bin: 255]
[max_bin_by_feature: ]
[min_data_in_bin: 3]
[bin_construct_sample_cnt: 200000]
[data_random_seed: 1]
[is_enable_sparse: 1]
[enable_bundle: 1]
[use_missing: 1]
[zero_as_missing: 0]
[feature_pre_filter: 1]
[pre_partition: 0]
[two_round: 0]
[header: 0]
[label_column: ]
[weight_column: ]
[group_column: ]
[ignore_column: ]
[categorical_feature: 0,1,2,3,60,61,64,65,66,67,69,70,84]
[forcedbins_filename: ]
[precise_float_parser: 0]
[parser_config_file: ]
[objective_seed: 5]
[num_class: 1]
[is_unbalance: 0]
[scale_pos_weight: 1]
[sigmoid: 1]
[boost_from_average: 1]
[reg_sqrt: 0]
[alpha: 0.9]
[fair_c: 1]
[poisson_max_delta_step: 0.7]
[tweedie_variance_power: 1.5]
[lambdarank_truncation_level: 30]
[lambdarank_norm: 1]
[label_gain: ]
[lambdarank_position_bias_regularization: 0]
[eval_at: ]
[multi_error_top_k: 1]
[auc_mu_weights: ]
[num_machines: 1]
[local_listen_port: 12400]
[time_out: 120]
[machine_list_filename: ]
[machines: ]
[gpu_platform_id: -1]
[gpu_device_id: -1]
[gpu_use_dp: 0]
[num_gpu: 1]

end of parameters

pandas_categorical:[["korean"], ["cvvc"], ["br", "cv", "cv_head", "mono", "vc", "vcv", "vv"], ["br_standalone", "cv", "cv_glide", "cv_head", "cv_head_glide", "mono", "vc_other", "vc_sonorant", "vc_stop", "vc_tail_breath", "vcv", "vv"], ["other", "plosive", "sibilant", "sonorant"], ["unknown", "voiced", "voiceless"], ["liquid", "nasal", "none", "other", "stop"], ["", "a", "ae", "e", "eo", "eu", "eui", "i", "o", "oe", "u", "wa", "we", "weo", "wi", "wo", "ya", "ye", "yeo", "yo", "yu"], ["head", "mid", "tail"], ["", "vc", "vcv", "vv"], ["", "br", "cv", "cv_head", "mono", "vc", "vcv", "vv"], ["", "br", "cv", "cv_head", "mono", "vc", "vcv", "vv"], ["unknown"]]
